storm_id,hurricane_name,season,DisNo.,Classification Key,ISO,Region,AID Contribution ('000 US$),Total Deaths,No. Injured,No. Affected,Total Affected,Insured Damage ('000 US$),"Insured Damage, Adjusted ('000 US$)",Total Damage ('000 US$),"Total Damage, Adjusted ('000 US$)",CPI,peak_category,peak_wind_kts,peak_wind_mph,min_pressure_mb,start_date,end_date,duration_days,landfall_status,landfall_category,landfall_lat,landfall_lon,landfall_wind_kts
2000299N08139,Xangsane (2000),2000.0,2000-0706-PHL,nat-met-sto-tro,PHL,Asia,0.0,154.0,314.0,2435942.0,2436256.0,1500.0,2804.0,17000.0,31783.0,53.4877366816787,Category 2,90.0,103.6,980.0,2000-10-24,2000-11-02,8.5,Landfall,Category 1,13.7106,122.979,70.0
2001303N13276,Michelle (2001),2001.0,2001-0671-BHS,nat-met-sto-tro,BHS,Americas,0.0,0.0,0.0,0.0,0.0,15000.0,27273.0,300000.0,545461.0,54.9993852662954,Category 4,120.0,138.1,933.0,2001-10-29,2001-11-06,8.0,Landfall,Tropical Depression,13.3,-83.6,30.0
2004247N10332,Ivan (2004),2004.0,2004-0462-BHS,nat-met-sto-tro,BHS,Americas,0.0,1.0,0.0,0.0,0.0,0.0,0.0,0.0,0.0,58.6698092933412,Category 5,145.0,166.9,910.0,2004-09-02,2004-09-24,21.5,Landfall,Category 2,30.7208,-87.8481,90.0
2004247N10332,Ivan (2004),2004.0,2004-0462-CUB,nat-met-sto-tro,CUB,Americas,1703.0,0.0,0.0,3245.0,3245.0,0.0,0.0,200000.0,340891.0,58.6698092933412,Category 5,145.0,166.9,910.0,2004-09-02,2004-09-24,21.5,Landfall,Category 2,30.7208,-87.8481,90.0
2004247N10332,Ivan (2004),2004.0,2004-0462-JAM,nat-met-sto-tro,JAM,Americas,3345.0,15.0,0.0,350000.0,350000.0,200000.0,340891.0,595000.0,1014150.0,58.6698092933412,Category 5,145.0,166.9,910.0,2004-09-02,2004-09-24,21.5,Landfall,Category 2,30.7208,-87.8481,90.0
2004247N10332,Ivan (2004),2004.0,2004-0462-LCA,nat-met-sto-tro,LCA,Americas,0.0,0.0,0.0,0.0,0.0,0.0,0.0,500.0,852.0,58.6698092933412,Category 5,145.0,166.9,910.0,2004-09-02,2004-09-24,21.5,Landfall,Category 2,30.7208,-87.8481,90.0
2004247N10332,Ivan (2004),2004.0,2004-0462-TTO,nat-met-sto-tro,TTO,Americas,0.0,1.0,0.0,560.0,560.0,0.0,0.0,1000.0,1704.0,58.6698092933412,Category 5,145.0,166.9,910.0,2004-09-02,2004-09-24,21.5,Landfall,Category 2,30.7208,-87.8481,90.0
2004247N10332,Ivan (2004),2004.0,2004-0462-USA,nat-met-sto-tro,USA,Americas,0.0,52.0,0.0,0.0,0.0,12000000.0,20453450.0,18000000.0,30680175.0,58.6698092933412,Category 5,145.0,166.9,910.0,2004-09-02,2004-09-24,21.5,Landfall,Category 2,30.7208,-87.8481,90.0
2007225N12331,Dean (2007),2007.0,2007-0360-HTI,nat-met-sto-tro,HTI,Americas,0.0,9.0,6.0,3960.0,3966.0,0.0,0.0,0.0,0.0,64.4034636847652,Category 5,150.0,172.6,905.0,2007-08-13,2007-08-23,9.8,Landfall,Category 5,18.7,-87.7,150.0
2000237N08138,Prapiroon (2000),2000.0,2000-0556-CHN,nat-met-sto-tro,CHN,Asia,0.0,4.0,80.0,0.0,37770.0,0.0,0.0,10.0,19.0,53.4877366816787,Category 1,75.0,86.3,995.0,2000-08-24,2000-09-04,11.2,Landfall,Tropical Storm,38.2851,125.887,55.0
2001303N13276,Michelle (2001),2001.0,2001-0611-CYM,nat-met-sto-tro,CYM,Americas,0.0,0.0,0.0,0.0,0.0,40000.0,72728.0,60000.0,109092.0,54.9993852662954,Category 4,120.0,138.1,933.0,2001-10-29,2001-11-06,8.0,Landfall,Tropical Depression,13.3,-83.6,30.0
2004247N10332,Ivan (2004),2004.0,2004-0462-VEN,nat-met-sto-tro,VEN,Americas,0.0,5.0,5.0,1645.0,1730.0,0.0,0.0,0.0,0.0,58.6698092933412,Category 5,145.0,166.9,910.0,2004-09-02,2004-09-24,21.5,Landfall,Category 2,30.7208,-87.8481,90.0
2007225N12331,Dean (2007),2007.0,2007-0360-LCA,nat-met-sto-tro,LCA,Americas,0.0,1.0,0.0,0.0,0.0,20000.0,31054.0,40000.0,62108.0,64.4034636847652,Category 5,150.0,172.6,905.0,2007-08-13,2007-08-23,9.8,Landfall,Category 5,18.7,-87.7,150.0
2010271N19276,Nicole (2010),2010.0,2010-0501-JAM,nat-met-sto-tro,JAM,Americas,68.0,15.0,26.0,2480.0,2506.0,0.0,0.0,240000.0,354342.0,67.7310945291778,Tropical Storm,40.0,46.0,994.0,2010-09-28,2010-09-30,2.5,Landfall,Tropical Storm,22.2,-80.5,40.0
2012296N14283,Sandy (2012),2012.0,2012-0410-CUB,nat-met-sto-tro,CUB,Americas,0.0,11.0,0.0,0.0,162605.0,0.0,0.0,2000000.0,2804456.0,71.3150877335761,Category 3,100.0,115.1,940.0,2012-10-21,2012-10-31,9.8,Landfall,Category 1,17.9,-76.6,75.0
2012296N14283,Sandy (2012),2012.0,2012-0410-USA,nat-met-sto-tro,USA,Americas,0.0,158.0,0.0,0.0,0.0,11000000.0,15424506.0,50000000.0,70111391.0,71.3150877335761,Category 3,100.0,115.1,940.0,2012-10-21,2012-10-31,9.8,Landfall,Category 1,17.9,-76.6,75.0
2000245N14157,Saomai (2000),2000.0,2000-0576-JPN,nat-met-sto-tro,JPN,Asia,0.0,9.0,41.0,180000.0,180041.0,1050000.0,1963067.0,1400000.0,2617422.0,53.4877366816787,Category 5,140.0,161.1,995.0,2000-08-31,2000-09-19,18.2,Landfall,Tropical Storm,35.2826,128.439,60.0
2000273N16277,Keith (2000),2000.0,2000-0642-BLZ,nat-met-sto-tro,BLZ,Americas,2628.0,14.0,570.0,62000.0,62570.0,0.0,0.0,277460.0,518736.0,53.4877366816787,Category 4,120.0,138.1,939.0,2000-09-28,2000-10-06,7.8,Landfall,Tropical Storm,17.9,-88.2,60.0
2000273N16277,Keith (2000),2000.0,2000-0643-MEX,nat-met-sto-tro,MEX,Americas,0.0,23.0,0.0,30000.0,30000.0,0.0,0.0,1000.0,1870.0,53.4877366816787,Category 4,120.0,138.1,939.0,2000-09-28,2000-10-06,7.8,Landfall,Tropical Storm,17.9,-88.2,60.0
2001303N13276,Michelle (2001),2001.0,2001-0603-HND,nat-met-sto-tro,HND,Americas,0.0,21.0,0.0,61051.0,86321.0,0.0,0.0,5000.0,9091.0,54.9993852662954,Category 4,120.0,138.1,933.0,2001-10-29,2001-11-06,8.0,Landfall,Tropical Depression,13.3,-83.6,30.0
2001303N13276,Michelle (2001),2001.0,2001-0671-USA,nat-met-sto-tro,USA,Americas,0.0,0.0,0.0,0.0,0.0,0.0,0.0,66.0,120.0,54.9993852662954,Category 4,120.0,138.1,933.0,2001-10-29,2001-11-06,8.0,Landfall,Tropical Depression,13.3,-83.6,30.0
2001227N13323,Chantal (2001),2001.0,2001-0736-TTO,nat-met-sto-tro,TTO,Americas,0.0,2.0,0.0,0.0,0.0,0.0,0.0,0.0,0.0,54.9993852662954,Tropical Storm,60.0,69.0,997.0,2001-08-14,2001-08-22,7.8,Landfall,Tropical Storm,18.2,-88.1,55.0
2004247N10332,Ivan (2004),2004.0,2004-0462-BLZ,nat-met-sto-tro,BLZ,Americas,0.0,0.0,0.0,0.0,0.0,0.0,0.0,97000.0,165332.0,58.6698092933412,Category 5,145.0,166.9,910.0,2004-09-02,2004-09-24,21.5,Landfall,Category 2,30.7208,-87.8481,90.0
2004247N10332,Ivan (2004),2004.0,2004-0462-CYM,nat-met-sto-tro,CYM,Americas,0.0,2.0,0.0,0.0,0.0,1500000.0,2556681.0,3430080.0,5846414.0,58.6698092933412,Category 5,145.0,166.9,910.0,2004-09-02,2004-09-24,21.5,Landfall,Category 2,30.7208,-87.8481,90.0
2007225N12331,Dean (2007),2007.0,2007-0360-MTQ,nat-met-sto-tro,MTQ,Americas,0.0,1.0,6.0,0.0,6.0,125000.0,194089.0,300000.0,465813.0,64.4034636847652,Category 5,150.0,172.6,905.0,2007-08-13,2007-08-23,9.8,Landfall,Category 5,18.7,-87.7,150.0
2012296N14283,Sandy (2012),2012.0,2012-0410-BHS,nat-met-sto-tro,BHS,Americas,0.0,2.0,0.0,0.0,0.0,0.0,0.0,700000.0,981559.0,71.3150877335761,Category 3,100.0,115.1,940.0,2012-10-21,2012-10-31,9.8,Landfall,Category 1,17.9,-76.6,75.0
2000237N08138,Prapiroon (2000),2000.0,2000-0550-KOR,nat-met-sto-tro,KOR,Asia,0.0,25.0,0.0,0.0,300.0,0.0,0.0,11300.0,21126.0,53.4877366816787,Category 1,75.0,86.3,995.0,2000-08-24,2000-09-04,11.2,Landfall,Tropical Storm,38.2851,125.887,55.0
2000273N16277,Keith (2000),2000.0,2000-0643-GTM,nat-met-sto-tro,GTM,Americas,0.0,1.0,0.0,0.0,0.0,0.0,0.0,0.0,0.0,53.4877366816787,Category 4,120.0,138.1,939.0,2000-09-28,2000-10-06,7.8,Landfall,Tropical Storm,17.9,-88.2,60.0
2000273N16277,Keith (2000),2000.0,2000-0643-HND,nat-met-sto-tro,HND,Americas,0.0,6.0,0.0,0.0,0.0,0.0,0.0,0.0,0.0,53.4877366816787,Category 4,120.0,138.1,939.0,2000-09-28,2000-10-06,7.8,Landfall,Tropical Storm,17.9,-88.2,60.0
2000273N16277,Keith (2000),2000.0,2000-0644-NIC,nat-met-sto-tro,NIC,Americas,0.0,12.0,0.0,2300.0,2300.0,0.0,0.0,1000.0,1870.0,53.4877366816787,Category 4,120.0,138.1,939.0,2000-09-28,2000-10-06,7.8,Landfall,Tropical Storm,17.9,-88.2,60.0
2001220N17118,Usagi (2001),2001.0,2001-0436-VNM,nat-met-sto-tro,VNM,Asia,0.0,3.0,3.0,0.0,10003.0,0.0,0.0,3200.0,5818.0,54.9993852662954,Tropical Storm,40.0,46.0,994.0,2001-08-08,2001-08-11,3.0,Landfall,Tropical Storm,18.3538,105.9,40.0
2001303N13276,Michelle (2001),2001.0,2001-0611-HTI,nat-met-sto-tro,HTI,Americas,0.0,0.0,0.0,0.0,0.0,0.0,0.0,20.0,36.0,54.9993852662954,Category 4,120.0,138.1,933.0,2001-10-29,2001-11-06,8.0,Landfall,Tropical Depression,13.3,-83.6,30.0
2001303N13276,Michelle (2001),2001.0,2001-0612-CUB,nat-met-sto-tro,CUB,Americas,0.0,5.0,12.0,5900000.0,5900012.0,20000.0,36364.0,100000.0,181820.0,54.9993852662954,Category 4,120.0,138.1,933.0,2001-10-29,2001-11-06,8.0,Landfall,Tropical Depression,13.3,-83.6,30.0
2004247N10332,Ivan (2004),2004.0,2004-0462-BRB,nat-met-sto-tro,BRB,Americas,0.0,1.0,0.0,0.0,880.0,0.0,0.0,5000.0,8522.0,58.6698092933412,Category 5,145.0,166.9,910.0,2004-09-02,2004-09-24,21.5,Landfall,Category 2,30.7208,-87.8481,90.0
2004247N10332,Ivan (2004),2004.0,2004-0462-HTI,nat-met-sto-tro,HTI,Americas,0.0,3.0,0.0,4000.0,6500.0,0.0,0.0,1000.0,1704.0,58.6698092933412,Category 5,145.0,166.9,910.0,2004-09-02,2004-09-24,21.5,Landfall,Category 2,30.7208,-87.8481,90.0
2007225N12331,Dean (2007),2007.0,2007-0360-CUB,nat-met-sto-tro,CUB,Americas,0.0,0.0,0.0,0.0,0.0,0.0,0.0,0.0,0.0,64.4034636847652,Category 5,150.0,172.6,905.0,2007-08-13,2007-08-23,9.8,Landfall,Category 5,18.7,-87.7,150.0
2000083S17102,Hudah (2000),2000.0,2000-0178-MDG,nat-met-sto-tro,MDG,Africa,0.0,23.0,1.0,369271.0,369272.0,0.0,0.0,0.0,0.0,53.4877366816787,Category 4,125.0,143.8,950.0,2000-03-22,2000-04-09,17.8,Landfall,Category 3,-14.9236,49.7874,107.0
2000185N15117,Kai-Tak (2000),2000.0,2000-0397-PHL,nat-met-sto-tro,PHL,Asia,29.0,75.0,11.0,1483310.0,1483321.0,0.0,0.0,25763.0,48166.0,53.4877366816787,Category 1,75.0,86.3,995.0,2000-07-02,2000-07-12,9.5,Landfall,Tropical Storm,24.525,121.55,55.0
2000245N14157,Saomai (2000),2000.0,2000-0576-RUS,nat-met-sto-tro,RUS,Europe,0.0,9.0,0.0,0.0,0.0,0.0,0.0,50.0,93.0,53.4877366816787,Category 5,140.0,161.1,995.0,2000-08-31,2000-09-19,18.2,Landfall,Tropical Storm,35.2826,128.439,60.0
2000273N16277,Keith (2000),2000.0,2000-0645-SLV,nat-met-sto-tro,SLV,Americas,0.0,1.0,0.0,100.0,100.0,0.0,0.0,0.0,0.0,53.4877366816787,Category 4,120.0,138.1,939.0,2000-09-28,2000-10-06,7.8,Landfall,Tropical Storm,17.9,-88.2,60.0
2000279N29279,Leslie (2000),2000.0,2000-0652-USA,nat-met-sto-tro,USA,Americas,0.0,2.0,0.0,14418.0,17433.0,0.0,0.0,219000.0,409440.0,53.4877366816787,Tropical Storm,60.0,69.0,973.0,2000-10-04,2000-10-10,6.2,Landfall,Tropical Depression,29.0,-81.4,30.0
2004247N10332,Ivan (2004),2004.0,2004-0462-GRD,nat-met-sto-tro,GRD,Americas,18254.0,39.0,700.0,60000.0,113700.0,0.0,0.0,889000.0,1515260.0,58.6698092933412,Category 5,145.0,166.9,910.0,2004-09-02,2004-09-24,21.5,Landfall,Category 2,30.7208,-87.8481,90.0
2007225N12331,Dean (2007),2007.0,2007-0360-DOM,nat-met-sto-tro,DOM,Americas,0.0,1.0,0.0,1600.0,1600.0,30000.0,46581.0,40000.0,62108.0,64.4034636847652,Category 5,150.0,172.6,905.0,2007-08-13,2007-08-23,9.8,Landfall,Category 5,18.7,-87.7,150.0
2007225N12331,Dean (2007),2007.0,2007-0360-GLP,nat-met-sto-tro,GLP,Americas,0.0,0.0,0.0,0.0,0.0,125000.0,194089.0,300000.0,465813.0,64.4034636847652,Category 5,150.0,172.6,905.0,2007-08-13,2007-08-23,9.8,Landfall,Category 5,18.7,-87.7,150.0
2007225N12331,Dean (2007),2007.0,2007-0360-JAM,nat-met-sto-tro,JAM,Americas,0.0,4.0,0.0,32000.0,33188.0,150000.0,232907.0,300000.0,465813.0,64.4034636847652,Category 5,150.0,172.6,905.0,2007-08-13,2007-08-23,9.8,Landfall,Category 5,18.7,-87.7,150.0
2012296N14283,Sandy (2012),2012.0,2012-0410-CAN,nat-met-sto-tro,CAN,Americas,0.0,2.0,0.0,0.0,0.0,0.0,0.0,100000.0,140223.0,71.3150877335761,Category 3,100.0,115.1,940.0,2012-10-21,2012-10-31,9.8,Landfall,Category 1,17.9,-76.6,75.0
2012296N14283,Sandy (2012),2012.0,2012-0410-DOM,nat-met-sto-tro,DOM,Americas,0.0,3.0,0.0,22000.0,22000.0,0.0,0.0,30000.0,42067.0,71.3150877335761,Category 3,100.0,115.1,940.0,2012-10-21,2012-10-31,9.8,Landfall,Category 1,17.9,-76.6,75.0
2012296N14283,Sandy (2012),2012.0,2012-0410-HTI,nat-met-sto-tro,HTI,Americas,0.0,75.0,20.0,168500.0,201850.0,0.0,0.0,254000.0,356166.0,71.3150877335761,Category 3,100.0,115.1,940.0,2012-10-21,2012-10-31,9.8,Landfall,Category 1,17.9,-76.6,75.0
2000083S17102,Hudah (2000),2000.0,2000-0178-MOZ,nat-met-sto-tro,MOZ,Africa,0.0,3.0,4.0,0.0,304.0,0.0,0.0,0.0,0.0,53.4877366816787,Category 4,125.0,143.8,950.0,2000-03-22,2000-04-09,17.8,Landfall,Category 3,-14.9236,49.7874,107.0
2001303N13276,Michelle (2001),2001.0,2001-0611-NIC,nat-met-sto-tro,NIC,Americas,0.0,16.0,0.0,24866.0,24866.0,0.0,0.0,1000.0,1818.0,54.9993852662954,Category 4,120.0,138.1,933.0,2001-10-29,2001-11-06,8.0,Landfall,Tropical Depression,13.3,-83.6,30.0
2001303N13276,Michelle (2001),2001.0,2001-0615-JAM,nat-met-sto-tro,JAM,Americas,0.0,1.0,0.0,0.0,200.0,15000.0,27273.0,55487.0,100887.0,54.9993852662954,Category 4,120.0,138.1,933.0,2001-10-29,2001-11-06,8.0,Landfall,Tropical Depression,13.3,-83.6,30.0
2000091S14156,Tessi (2000),2000.0,2000-0214-AUS,nat-met-sto-tro,AUS,Oceania,0.0,0.0,0.0,400.0,400.0,0.0,0.0,60000.0,112175.0,53.4877366816787,Tropical Storm,50.0,57.5,995.0,2000-03-31,2000-04-03,3.5,Landfall,Tropical Storm,-18.8211,146.32,40.0
2000184N13133,Kirogi (2000),2000.0,2000-0447-JPN,nat-met-sto-tro,JPN,Asia,0.0,4.0,0.0,900.0,900.0,200000.0,373917.0,300000.0,560876.0,53.4877366816787,Category 4,115.0,132.3,985.0,2000-07-02,2000-07-10,8.2,At Sea / Open Water,At Sea / Open Water,0.0,0.0,0.0
2000230N08139,Bilis (2000),2000.0,2000-0517-TWN,nat-met-sto-tro,TWN,Asia,0.0,14.0,100.0,0.0,2100.0,3000.0,5609.0,135000.0,252394.0,53.4877366816787,Category 5,140.0,161.1,935.0,2000-08-17,2000-08-27,10.0,Landfall,Category 4,23.0779,121.218,135.0
2001056S11163,Paula (2001),2001.0,2001-0093-VUT,nat-met-sto-tro,VUT,Oceania,0.0,1.0,0.0,500.0,500.0,0.0,0.0,1390.0,2527.0,54.9993852662954,Category 3,105.0,120.8,985.0,2001-02-25,2001-03-08,11.5,At Sea / Open Water,At Sea / Open Water,0.0,0.0,0.0
2001264N13269,Juliette (2001),2001.0,2001-0562-MEX,nat-met-sto-tro,MEX,Americas,0.0,3.0,0.0,3000.0,3800.0,150000.0,272730.0,400000.0,727281.0,54.9993852662954,Category 4,125.0,143.8,923.0,2001-09-21,2001-10-03,11.8,Landfall,Tropical Storm,25.0,-112.0,35.0
2001303N13276,Michelle (2001),2001.0,2001-0612-CRI,nat-met-sto-tro,CRI,Americas,0.0,0.0,0.0,0.0,0.0,0.0,0.0,1000.0,1818.0,54.9993852662954,Category 4,120.0,138.1,933.0,2001-10-29,2001-11-06,8.0,Landfall,Tropical Depression,13.3,-83.6,30.0
2001227N13323,Chantal (2001),2001.0,2001-0735-MEX,nat-met-sto-tro,MEX,Americas,0.0,0.0,0.0,2500.0,2500.0,0.0,0.0,0.0,0.0,54.9993852662954,Tropical Storm,60.0,69.0,997.0,2001-08-14,2001-08-22,7.8,Landfall,Tropical Storm,18.2,-88.1,55.0
2004247N10332,Ivan (2004),2004.0,2004-0462-DOM,nat-met-sto-tro,DOM,Americas,0.0,4.0,0.0,0.0,0.0,0.0,0.0,1000.0,1704.0,58.6698092933412,Category 5,145.0,166.9,910.0,2004-09-02,2004-09-24,21.5,Landfall,Category 2,30.7208,-87.8481,90.0
2004247N10332,Ivan (2004),2004.0,2004-0462-VCT,nat-met-sto-tro,VCT,Americas,0.0,0.0,4.0,1000.0,1004.0,0.0,0.0,40000.0,68178.0,58.6698092933412,Category 5,145.0,166.9,910.0,2004-09-02,2004-09-24,21.5,Landfall,Category 2,30.7208,-87.8481,90.0
2007225N12331,Dean (2007),2007.0,2007-0360-BLZ,nat-met-sto-tro,BLZ,Americas,0.0,0.0,0.0,20000.0,20000.0,0.0,0.0,14847.0,23053.0,64.4034636847652,Category 5,150.0,172.6,905.0,2007-08-13,2007-08-23,9.8,Landfall,Category 5,18.7,-87.7,150.0
2007225N12331,Dean (2007),2007.0,2007-0360-DMA,nat-met-sto-tro,DMA,Americas,0.0,2.0,30.0,7500.0,7530.0,10000.0,15527.0,20000.0,31054.0,64.4034636847652,Category 5,150.0,172.6,905.0,2007-08-13,2007-08-23,9.8,Landfall,Category 5,18.7,-87.7,150.0
2007225N12331,Dean (2007),2007.0,2007-0360-MEX,nat-met-sto-tro,MEX,Americas,0.0,9.0,0.0,140000.0,140000.0,475000.0,737538.0,600000.0,931627.0,64.4034636847652,Category 5,150.0,172.6,905.0,2007-08-13,2007-08-23,9.8,Landfall,Category 5,18.7,-87.7,150.0
2012296N14283,Sandy (2012),2012.0,2012-0410-JAM,nat-met-sto-tro,JAM,Americas,0.0,2.0,0.0,218850.0,218850.0,0.0,0.0,100000.0,140223.0,71.3150877335761,Category 3,100.0,115.1,940.0,2012-10-21,2012-10-31,9.8,Landfall,Category 1,17.9,-76.6,75.0
2000230N08139,Bilis (2000),2000.0,2000-0533-CHN,nat-met-sto-tro,CHN,Asia,0.0,11.0,47.0,0.0,4522.0,0.0,0.0,69443.0,129830.0,53.4877366816787,Category 5,140.0,161.1,935.0,2000-08-17,2000-08-27,10.0,Landfall,Category 4,23.0779,121.218,135.0
2000245N14157,Saomai (2000),2000.0,2000-0601-KOR,nat-met-sto-tro,KOR,Asia,0.0,8.0,0.0,0.0,411.0,0.0,0.0,71000.0,132741.0,53.4877366816787,Category 5,140.0,161.1,995.0,2000-08-31,2000-09-19,18.2,Landfall,Tropical Storm,35.2826,128.439,60.0
2000299N08139,Xangsane (2000),2000.0,2000-0706-TWN,nat-met-sto-tro,TWN,Asia,0.0,89.0,2.0,0.0,2.0,60000.0,112175.0,150000.0,280438.0,53.4877366816787,Category 2,90.0,103.6,980.0,2000-10-24,2000-11-02,8.5,Landfall,Category 1,13.7106,122.979,70.0
2001227N13323,Chantal (2001),2001.0,2001-0736-BLZ,nat-met-sto-tro,BLZ,Americas,0.0,0.0,0.0,0.0,0.0,0.0,0.0,4000.0,7273.0,54.9993852662954,Tropical Storm,60.0,69.0,997.0,2001-08-14,2001-08-22,7.8,Landfall,Tropical Storm,18.2,-88.1,55.0
2001170N11138,Chebi (2001),2001.0,2001-0293-PHL,nat-met-sto-tro,PHL,Asia,0.0,33.0,0.0,0.0,0.0,0.0,0.0,14000.0,25455.0,54.9993852662954,Category 3,100.0,115.1,944.0,2001-06-19,2001-06-25,6.5,Landfall,Category 2,25.5842,119.463,87.0
2001170N11138,Chebi (2001),2001.0,2001-0293-TWN,nat-met-sto-tro,TWN,Asia,0.0,9.0,116.0,0.0,116.0,0.0,0.0,5000.0,9091.0,54.9993852662954,Category 3,100.0,115.1,944.0,2001-06-19,2001-06-25,6.5,Landfall,Category 2,25.5842,119.463,87.0
2002234N14164,Rusa (2002),2002.0,2002-0557-RUS,nat-met-sto-tro,RUS,Europe,0.0,0.0,0.0,1050.0,1050.0,0.0,0.0,0.0,0.0,55.8716960740501,Category 4,115.0,132.3,927.0,2002-08-22,2002-09-03,12.8,Landfall,Tropical Storm,34.8418,127.37,62.0
2001094S12172,Sose (2001),2001.0,2001-0143-VUT,nat-met-sto-tro,VUT,Oceania,0.0,1.0,0.0,505.0,800.0,0.0,0.0,0.0,0.0,54.9993852662954,Category 1,70.0,80.6,985.0,2001-04-03,2001-04-12,8.6,At Sea / Open Water,At Sea / Open Water,0.0,0.0,0.0
2001180N15118,Durian (2001),2001.0,2001-0322-CHN,nat-met-sto-tro,CHN,Asia,0.0,33.0,8298.0,14990000.0,14998298.0,20000.0,36364.0,2743000.0,4987328.0,54.9993852662954,Category 1,75.0,86.3,967.0,2001-06-29,2001-07-03,4.5,Landfall,Category 1,21.108,110.319,75.0
2001278N12302,Iris (2001),2001.0,2001-0570-GTM,nat-met-sto-tro,GTM,Americas,0.0,8.0,11.0,6435.0,6446.0,0.0,0.0,100.0,182.0,54.9993852662954,Category 4,125.0,143.8,948.0,2001-10-04,2001-10-09,5.0,Landfall,Category 3,16.2424,-88.7091,108.0
2002234N14164,Rusa (2002),2002.0,2002-0561-PRK,nat-met-sto-tro,PRK,Asia,133.0,3.0,0.0,7401.0,7401.0,0.0,0.0,500.0,895.0,55.8716960740501,Category 4,115.0,132.3,927.0,2002-08-22,2002-09-03,12.8,Landfall,Tropical Storm,34.8418,127.37,62.0
2001157N28265,Allison (2001),2001.0,2001-0242-USA,nat-met-sto-tro,USA,Americas,0.0,41.0,0.0,102000.0,172000.0,3500000.0,6363707.0,6000000.0,10909213.0,54.9993852662954,Tropical Storm,50.0,57.5,1000.0,2001-06-05,2001-06-19,13.5,Landfall,Tropical Storm,29.3,-95.3,45.0
2001225N18146,Pabuk (2001),2001.0,2001-0454-JPN,nat-met-sto-tro,JPN,Asia,0.0,9.0,40.0,7000.0,7040.0,500000.0,909101.0,800000.0,1454562.0,54.9993852662954,Category 2,90.0,103.6,954.0,2001-08-13,2001-08-23,9.8,Landfall,Tropical Storm,33.7,135.75,55.0
2001248N23125,Nari (2001),2001.0,2001-0522-TWN,nat-met-sto-tro,TWN,Asia,0.0,80.0,200.0,650000.0,650200.0,500000.0,909101.0,800000.0,1454562.0,54.9993852662954,Category 3,100.0,115.1,944.0,2001-09-05,2001-09-21,16.0,Landfall,Category 1,24.625,121.625,65.0
2002187N11160,Halong (2002),2002.0,2002-0423-PHL,nat-met-sto-tro,PHL,Asia,0.0,62.0,0.0,11000.0,11000.0,0.0,0.0,5664.0,10138.0,55.8716960740501,Category 4,135.0,155.4,904.0,2002-07-05,2002-07-19,14.2,Landfall,Tropical Storm,35.5945,140.399,45.0
2002234N14164,Rusa (2002),2002.0,2002-0557-KOR,nat-met-sto-tro,KOR,Asia,190.0,184.0,0.0,88625.0,88625.0,170000.0,304269.0,4200000.0,7517223.0,55.8716960740501,Category 4,115.0,132.3,927.0,2002-08-22,2002-09-03,12.8,Landfall,Tropical Storm,34.8418,127.37,62.0
2002187N11160,Halong (2002),2002.0,2002-0430-JPN,nat-met-sto-tro,JPN,Asia,0.0,1.0,9.0,570.0,579.0,0.0,0.0,89800.0,160725.0,55.8716960740501,Category 4,135.0,155.4,904.0,2002-07-05,2002-07-19,14.2,Landfall,Tropical Storm,35.5945,140.399,45.0
2001278N12302,Iris (2001),2001.0,2001-0570-DOM,nat-met-sto-tro,DOM,Americas,0.0,3.0,0.0,175.0,175.0,0.0,0.0,10.0,18.0,54.9993852662954,Category 4,125.0,143.8,948.0,2001-10-04,2001-10-09,5.0,Landfall,Category 3,16.2424,-88.7091,108.0
2002234N14164,Rusa (2002),2002.0,2002-0557-JPN,nat-met-sto-tro,JPN,Asia,0.0,0.0,12.0,1236.0,1248.0,0.0,0.0,0.0,0.0,55.8716960740501,Category 4,115.0,132.3,927.0,2002-08-22,2002-09-03,12.8,Landfall,Tropical Storm,34.8418,127.37,62.0
2001278N12302,Iris (2001),2001.0,2001-0570-MEX,nat-met-sto-tro,MEX,Americas,0.0,2.0,0.0,0.0,0.0,0.0,0.0,1000.0,1818.0,54.9993852662954,Category 4,125.0,143.8,948.0,2001-10-04,2001-10-09,5.0,Landfall,Category 3,16.2424,-88.7091,108.0
2001278N12302,Iris (2001),2001.0,2001-0553-BLZ,nat-met-sto-tro,BLZ,Americas,0.0,30.0,0.0,20000.0,20000.0,0.0,0.0,250000.0,454551.0,54.9993852662954,Category 4,125.0,143.8,948.0,2001-10-04,2001-10-09,5.0,Landfall,Category 3,16.2424,-88.7091,108.0
2001246N19156,Danas (2001),2001.0,2001-0511-JPN,nat-met-sto-tro,JPN,Asia,0.0,7.0,15.0,1200.0,1215.0,300000.0,545461.0,500000.0,909101.0,54.9993852662954,Category 3,105.0,120.8,938.0,2001-09-03,2001-09-12,9.8,Landfall,Category 1,34.6969,138.972,72.0
2001206N14134,Toraji (2001),2001.0,2001-0405-CHN,nat-met-sto-tro,CHN,Asia,0.0,100.0,0.0,0.0,0.0,0.0,0.0,40000.0,72728.0,54.9993852662954,Category 3,100.0,115.1,944.0,2001-07-25,2001-08-02,8.5,Landfall,Category 3,23.75,121.3,100.0
2001181N08141,Utor (2001),2001.0,2001-0319-PHL,nat-met-sto-tro,PHL,Asia,0.0,232.0,241.0,1902413.0,1902654.0,0.0,0.0,68565.0,124665.0,54.9993852662954,Category 1,80.0,92.1,963.0,2001-06-30,2001-07-07,7.8,Landfall,Category 1,22.75,114.8,65.0
2001170N11138,Chebi (2001),2001.0,2001-0292-CHN,nat-met-sto-tro,CHN,Asia,0.0,125.0,0.0,2895000.0,3108000.0,120000.0,218184.0,470000.0,854555.0,54.9993852662954,Category 3,100.0,115.1,944.0,2001-06-19,2001-06-25,6.5,Landfall,Category 2,25.5842,119.463,87.0
2001206N14134,Toraji (2001),2001.0,2001-0405-TWN,nat-met-sto-tro,TWN,Asia,0.0,100.0,0.0,0.0,0.0,20000.0,36364.0,240000.0,436369.0,54.9993852662954,Category 3,100.0,115.1,944.0,2001-07-25,2001-08-02,8.5,Landfall,Category 3,23.75,121.3,100.0
2002122S07063,Kesiny (2002),2002.0,2002-0281-MDG,nat-met-sto-tro,MDG,Africa,205.0,20.0,1200.0,520000.0,526200.0,0.0,0.0,0.0,0.0,55.8716960740501,Category 1,65.0,74.8,976.0,2002-05-02,2002-05-11,9.5,Landfall,Tropical Storm,-12.7115,49.4724,60.0
2003212N09150,Etau (2003),2003.0,2003-0388-JPN,nat-met-sto-tro,JPN,Asia,0.0,20.0,93.0,6759.0,8976.0,47000.0,82254.0,55000.0,96255.0,57.1400352670416,Category 3,110.0,126.6,933.0,2003-07-31,2003-08-11,11.5,Landfall,Category 2,33.7313,134.388,85.0
2002268N15163,Higos (2002),2002.0,2002-0635-RUS,nat-met-sto-tro,RUS,Europe,0.0,6.0,0.0,0.0,0.0,0.0,0.0,0.0,0.0,55.8716960740501,Category 4,135.0,155.4,904.0,2002-09-25,2002-10-04,9.0,Landfall,Category 1,35.249,139.594,82.0
2003235N20253,Ignacio (2003),2003.0,2003-0688-MEX,nat-met-sto-tro,MEX,Americas,0.0,2.0,0.0,3000.0,3000.0,0.0,0.0,21200.0,37102.0,57.1400352670416,Category 2,90.0,103.6,970.0,2003-08-22,2003-08-27,5.2,Landfall,Category 1,24.15,-109.95,72.0
2002295N11261,Kenna (2002),2002.0,2002-0669-MEX,nat-met-sto-tro,MEX,Americas,450.0,3.0,200.0,8800.0,9000.0,0.0,0.0,200000.0,357963.0,55.8716960740501,Category 5,145.0,166.9,913.0,2002-10-22,2002-10-26,4.0,Landfall,Category 4,21.7,-105.4,120.0
2003240N20139,Dujuan (2003),2003.0,2003-0443-HKG,nat-met-sto-tro,HKG,Asia,0.0,4.0,22.0,0.0,22.0,0.0,0.0,0.0,0.0,57.1400352670416,Category 4,125.0,143.8,916.0,2003-08-27,2003-09-03,6.8,Landfall,Category 2,22.575,114.725,85.0
2003249N14329,Isabel (2003),2003.0,2003-0468-CAN,nat-met-sto-tro,CAN,Americas,0.0,1.0,0.0,0.0,0.0,0.0,0.0,0.0,0.0,57.1400352670416,Category 5,145.0,166.9,915.0,2003-09-06,2003-09-20,14.0,Landfall,Category 1,35.8281,-77.0428,75.0
2003339N13284,Odette (2003),2003.0,2003-0599-DOM,nat-met-sto-tro,DOM,Americas,0.0,8.0,14.0,10000.0,10014.0,0.0,0.0,8000.0,14001.0,57.1400352670416,Tropical Storm,55.0,63.3,993.0,2003-12-04,2003-12-09,5.2,Landfall,Tropical Storm,17.8,-71.5,50.0
2002258N10300,Isidore (2002),2002.0,2002-0609-MEX,nat-met-sto-tro,MEX,Americas,0.0,13.0,30.0,500000.0,500030.0,280000.0,501148.0,640000.0,1145482.0,55.8716960740501,Category 3,110.0,126.6,934.0,2002-09-14,2002-09-27,13.0,Landfall,Tropical Depression,10.0856,-61.4549,25.0
2002178N10139,Rammasun (2002),2002.0,2002-0528-PHL,nat-met-sto-tro,PHL,Asia,0.0,7.0,0.0,0.0,3000.0,0.0,0.0,0.0,0.0,55.8716960740501,Category 3,110.0,126.6,933.0,2002-06-26,2002-07-07,11.2,Landfall,Tropical Storm,36.5643,126.893,35.0
2003196N11137,Koni (2003),2003.0,2003-0822-VNM,nat-met-sto-tro,VNM,Asia,0.0,3.0,18.0,0.0,5018.0,0.0,0.0,0.0,0.0,57.1400352670416,Category 1,65.0,74.8,976.0,2003-07-14,2003-07-22,8.2,Landfall,Tropical Storm,11.25,124.5,40.0
2002258N10300,Isidore (2002),2002.0,2002-0652-USA,nat-met-sto-tro,USA,Americas,0.0,1.0,0.0,13200.0,13200.0,200000.0,357963.0,300000.0,536945.0,55.8716960740501,Category 3,110.0,126.6,934.0,2002-09-14,2002-09-27,13.0,Landfall,Tropical Depression,10.0856,-61.4549,25.0
2003011S09182,Ami (2003),2003.0,2003-0024-FJI,nat-met-sto-tro,FJI,Oceania,2254.0,17.0,0.0,30000.0,30000.0,0.0,0.0,30000.0,52503.0,57.1400352670416,Category 3,110.0,126.6,944.0,2003-01-10,2003-01-17,6.5,At Sea / Open Water,At Sea / Open Water,0.0,0.0,0.0
2003316N11141,Nepartak (2003),2003.0,2003-0594-CHN,nat-met-sto-tro,CHN,Asia,0.0,0.0,0.0,1720000.0,1720000.0,0.0,0.0,196938.0,344659.0,57.1400352670416,Category 1,75.0,86.3,967.0,2003-11-11,2003-11-19,8.0,Landfall,Tropical Storm,12.15,124.925,50.0
2003144N16119,Linfa (2003),2003.0,2003-0258-JPN,nat-met-sto-tro,JPN,Asia,0.0,0.0,2.0,0.0,2.0,0.0,0.0,28200.0,49352.0,57.1400352670416,Tropical Storm,55.0,63.3,984.0,2003-05-24,2003-06-04,11.0,Landfall,Tropical Storm,16.1,119.875,55.0
2003240N20139,Dujuan (2003),2003.0,2003-0443-CHN,nat-met-sto-tro,CHN,Asia,0.0,38.0,1000.0,0.0,69925.0,0.0,0.0,241000.0,421771.0,57.1400352670416,Category 4,125.0,143.8,916.0,2003-08-27,2003-09-03,6.8,Landfall,Category 2,22.575,114.725,85.0
2003240N20139,Dujuan (2003),2003.0,2003-0443-TWN,nat-met-sto-tro,TWN,Asia,0.0,3.0,0.0,0.0,0.0,0.0,0.0,115000.0,201260.0,57.1400352670416,Category 4,125.0,143.8,916.0,2003-08-27,2003-09-03,6.8,Landfall,Category 2,22.575,114.725,85.0
2003249N14329,Isabel (2003),2003.0,2003-0468-USA,nat-met-sto-tro,USA,Americas,0.0,16.0,0.0,225000.0,225000.0,1685000.0,2948896.0,3370000.0,5897791.0,57.1400352670416,Category 5,145.0,166.9,915.0,2003-09-06,2003-09-20,14.0,Landfall,Category 1,35.8281,-77.0428,75.0
2003196N11137,Koni (2003),2003.0,2003-0822-PHL,nat-met-sto-tro,PHL,Asia,0.0,8.0,1.0,116601.0,116602.0,0.0,0.0,1499.0,2623.0,57.1400352670416,Category 1,65.0,74.8,976.0,2003-07-14,2003-07-22,8.2,Landfall,Tropical Storm,11.25,124.5,40.0
2002268N15163,Higos (2002),2002.0,2002-0635-JPN,nat-met-sto-tro,JPN,Asia,0.0,5.0,108.0,8082.0,8226.0,2140000.0,3830204.0,0.0,0.0,55.8716960740501,Category 4,135.0,155.4,904.0,2002-09-25,2002-10-04,9.0,Landfall,Category 1,35.249,139.594,82.0
2003212N09150,Etau (2003),2003.0,2003-0388-RUS,nat-met-sto-tro,RUS,Europe,0.0,0.0,0.0,0.0,0.0,0.0,0.0,0.0,0.0,57.1400352670416,Category 3,110.0,126.6,933.0,2003-07-31,2003-08-11,11.5,Landfall,Category 2,33.7313,134.388,85.0
2003316N11141,Nepartak (2003),2003.0,2003-0594-PHL,nat-met-sto-tro,PHL,Asia,0.0,13.0,0.0,0.0,0.0,0.0,0.0,0.0,0.0,57.1400352670416,Category 1,75.0,86.3,967.0,2003-11-11,2003-11-19,8.0,Landfall,Tropical Storm,12.15,124.925,50.0
2003339N13284,Odette (2003),2003.0,2003-0599-PRI,nat-met-sto-tro,PRI,Americas,0.0,0.0,0.0,0.0,100.0,0.0,0.0,20.0,35.0,57.1400352670416,Tropical Storm,55.0,63.3,993.0,2003-12-04,2003-12-09,5.2,Landfall,Tropical Storm,17.8,-71.5,50.0
2002057N06156,Mitag (2002),2002.0,2002-0126-FSM,nat-met-sto-tro,FSM,Oceania,0.0,0.0,0.0,0.0,175.0,0.0,0.0,15000.0,26847.0,55.8716960740501,Category 5,140.0,161.1,898.0,2002-02-26,2002-03-09,10.8,At Sea / Open Water,At Sea / Open Water,0.0,0.0,0.0
2002258N10300,Isidore (2002),2002.0,2002-0604-CUB,nat-met-sto-tro,CUB,Americas,0.0,0.0,0.0,42500.0,42500.0,1000.0,1790.0,23000.0,41166.0,55.8716960740501,Category 3,110.0,126.6,934.0,2002-09-14,2002-09-27,13.0,Landfall,Tropical Depression,10.0856,-61.4549,25.0
2002258N10300,Isidore (2002),2002.0,2002-0849-GTM,nat-met-sto-tro,GTM,Americas,0.0,2.0,0.0,1500.0,1500.0,0.0,0.0,100.0,179.0,55.8716960740501,Category 3,110.0,126.6,934.0,2002-09-14,2002-09-27,13.0,Landfall,Tropical Depression,10.0856,-61.4549,25.0
2003144N16119,Linfa (2003),2003.0,2003-0258-PHL,nat-met-sto-tro,PHL,Asia,0.0,51.0,16.0,11345.0,13909.0,0.0,0.0,4000.0,7000.0,57.1400352670416,Tropical Storm,55.0,63.3,984.0,2003-05-24,2003-06-04,11.0,Landfall,Tropical Storm,16.1,119.875,55.0
2003179N20271,Bill (2003),2003.0,2003-0782-USA,nat-met-sto-tro,USA,Americas,0.0,4.0,4.0,0.0,4.0,22000.0,38502.0,50000.0,87504.0,57.1400352670416,Tropical Storm,50.0,57.5,997.0,2003-06-28,2003-07-03,4.8,Landfall,Tropical Depression,19.5,-89.0,20.0
2003196N11137,Koni (2003),2003.0,2003-0822-CHN,nat-met-sto-tro,CHN,Asia,0.0,0.0,0.0,7000.0,7000.0,0.0,0.0,16900.0,29576.0,57.1400352670416,Category 1,65.0,74.8,976.0,2003-07-14,2003-07-22,8.2,Landfall,Tropical Storm,11.25,124.5,40.0
2003212N09150,Etau (2003),2003.0,2003-0824-PHL,nat-met-sto-tro,PHL,Asia,0.0,0.0,0.0,155147.0,155147.0,0.0,0.0,661.0,1157.0,57.1400352670416,Category 3,110.0,126.6,933.0,2003-07-31,2003-08-11,11.5,Landfall,Category 2,33.7313,134.388,85.0
2017242N17253,Lidia (2017),2017.0,2017-0376-MEX,nat-met-sto-tro,MEX,Americas,0.0,20.0,0.0,0.0,1000.0,0.0,0.0,0.0,0.0,76.1376037057766,Tropical Storm,55.0,63.3,986.0,2017-08-29,2017-09-03,4.8,Landfall,Tropical Storm,24.0,-110.9,50.0
2003319N13172,Lupit (2003),2003.0,2003-0577-FSM,nat-met-sto-tro,FSM,Oceania,10.0,0.0,0.0,0.0,1000.0,0.0,0.0,1700.0,2975.0,57.1400352670416,Category 5,145.0,166.9,892.0,2003-11-14,2003-12-03,18.8,At Sea / Open Water,At Sea / Open Water,0.0,0.0,0.0
2015242N12343,Fred (2015),2015.0,2015-0473-CPV,nat-met-sto-tro,CPV,Africa,0.0,9.0,0.0,0.0,0.0,0.0,0.0,1100.0,1494.0,73.6208029365864,Category 1,75.0,86.3,986.0,2015-08-30,2015-09-06,7.5,At Sea / Open Water,At Sea / Open Water,0.0,0.0,0.0
2004025S16044,Elita (2004),2004.0,2004-0029-MDG,nat-met-sto-tro,MDG,Africa,428.0,32.0,100.0,0.0,44290.0,0.0,0.0,0.0,0.0,58.6698092933412,Category 1,65.0,74.8,976.0,2004-01-24,2004-02-13,19.5,Landfall,Tropical Storm,-15.8449,46.0309,55.0
2004258N16300,Jeanne (2004),2004.0,2004-0473-USA,nat-met-sto-tro,USA,Americas,0.0,6.0,0.0,40000.0,40000.0,4900000.0,8351825.0,8000000.0,13635633.0,58.6698092933412,Category 3,105.0,120.8,950.0,2004-09-13,2004-09-29,15.8,Landfall,Tropical Storm,18.0,-66.0,60.0
2004275N14139,Ma-On (2004),2004.0,2004-0511-JPN,nat-met-sto-tro,JPN,Asia,0.0,9.0,169.0,14388.0,14962.0,241000.0,410773.0,603000.0,1027786.0,58.6698092933412,Category 5,140.0,161.1,898.0,2004-10-01,2004-10-10,8.8,Landfall,Category 2,35.6229,139.825,95.0
2004258N16300,Jeanne (2004),2004.0,2004-0473-PRI,nat-met-sto-tro,PRI,Americas,0.0,2.0,0.0,3500.0,3500.0,30000.0,51134.0,100000.0,170445.0,58.6698092933412,Category 3,105.0,120.8,950.0,2004-09-13,2004-09-29,15.8,Landfall,Tropical Storm,18.0,-66.0,60.0
2004158N07142,Chanthu (2004),2004.0,2004-0258-VNM,nat-met-sto-tro,VNM,Asia,0.0,14.0,5.0,900.0,905.0,0.0,0.0,7000.0,11931.0,58.6698092933412,Category 1,75.0,86.3,967.0,2004-06-05,2004-06-15,10.0,Landfall,Tropical Storm,10.9,123.933,35.0
2004164N06139,Dianmu (2004),2004.0,2004-0276-KOR,nat-met-sto-tro,KOR,Asia,0.0,6.0,0.0,0.0,522.0,0.0,0.0,0.0,0.0,58.6698092933412,Category 5,155.0,178.4,879.0,2004-06-11,2004-06-28,16.8,At Sea / Open Water,At Sea / Open Water,0.0,0.0,0.0
2004333N06154,Nanmadol (2004),2004.0,2004-0618-PHL,nat-met-sto-tro,PHL,Asia,0.0,70.0,77.0,287175.0,339537.0,0.0,0.0,34000.0,57951.0,58.6698092933412,Category 4,130.0,149.6,910.0,2004-11-28,2004-12-04,6.2,Landfall,Category 3,16.5891,121.009,107.0
2006209N13130,Prapiroon (2006),2006.0,2006-0410-CHN,nat-met-sto-tro,CHN,Asia,0.0,89.0,0.0,10000000.0,10000000.0,0.0,0.0,900000.0,1437305.0,62.6171947810345,Category 1,70.0,80.6,972.0,2006-07-28,2006-08-05,8.2,Landfall,Tropical Depression,16.4564,121.88,30.0
2003196N05150,Imbudo (2003),2003.0,2003-0346-CHN,nat-met-sto-tro,CHN,Asia,0.0,20.0,20.0,7400000.0,7400020.0,0.0,0.0,100000.0,175009.0,57.1400352670416,Category 4,130.0,149.6,910.0,2003-07-15,2003-07-25,10.5,Landfall,Category 3,16.6566,122.202,102.0
2004174N14146,Mindulle (2004),2004.0,2004-0309-PHL,nat-met-sto-tro,PHL,Asia,0.0,28.0,12.0,385000.0,385012.0,0.0,0.0,19667.0,33521.0,58.6698092933412,Category 4,125.0,143.8,916.0,2004-06-21,2004-07-05,14.0,Landfall,Tropical Storm,23.6651,121.447,60.0
2004223N11301,Charley (2004),2004.0,2004-0415-JAM,nat-met-sto-tro,JAM,Americas,0.0,1.0,6.0,120.0,126.0,0.0,0.0,300000.0,511336.0,58.6698092933412,Category 4,130.0,149.6,941.0,2004-08-09,2004-08-15,6.0,Landfall,Category 3,22.7,-82.6,105.0
2004231N09147,Aere (2004),2004.0,2004-0435-PHL,nat-met-sto-tro,PHL,Asia,0.0,35.0,0.0,1058849.0,1058849.0,0.0,0.0,0.0,0.0,58.6698092933412,Category 2,90.0,103.6,954.0,2004-08-17,2004-08-31,13.2,Landfall,Category 1,24.7429,118.495,70.0
2004258N16300,Jeanne (2004),2004.0,2004-0473-VIR,nat-met-sto-tro,VIR,Americas,0.0,0.0,0.0,0.0,0.0,0.0,0.0,0.0,0.0,58.6698092933412,Category 3,105.0,120.8,950.0,2004-09-13,2004-09-29,15.8,Landfall,Tropical Storm,18.0,-66.0,60.0
2003196N05150,Imbudo (2003),2003.0,2003-0346-PHL,nat-met-sto-tro,PHL,Asia,0.0,21.0,0.0,14280.0,14280.0,0.0,0.0,26468.0,46321.0,57.1400352670416,Category 4,130.0,149.6,910.0,2003-07-15,2003-07-25,10.5,Landfall,Category 3,16.6566,122.202,102.0
2003268N28298,Juan (2003),2003.0,2003-0487-CAN,nat-met-sto-tro,CAN,Americas,0.0,2.0,0.0,200.0,200.0,0.0,0.0,110000.0,192510.0,57.1400352670416,Category 2,90.0,103.6,969.0,2003-09-24,2003-09-29,5.0,At Sea / Open Water,At Sea / Open Water,0.0,0.0,0.0
2004025S16044,Elita (2004),2004.0,2004-0029-MOZ,nat-met-sto-tro,MOZ,Africa,0.0,0.0,0.0,0.0,10000.0,0.0,0.0,0.0,0.0,58.6698092933412,Category 1,65.0,74.8,976.0,2004-01-24,2004-02-13,19.5,Landfall,Tropical Storm,-15.8449,46.0309,55.0
2004241N32282,Gaston (2004),2004.0,2004-0448-USA,nat-met-sto-tro,USA,Americas,0.0,7.0,0.0,0.0,0.0,62500.0,106528.0,62500.0,106528.0,58.6698092933412,Category 1,65.0,74.8,985.0,2004-08-27,2004-09-03,6.5,Landfall,Category 1,33.0,-79.6,65.0
2004258N16300,Jeanne (2004),2004.0,2004-0473-HTI,nat-met-sto-tro,HTI,Americas,40208.0,2754.0,2620.0,298926.0,315594.0,0.0,0.0,50000.0,85223.0,58.6698092933412,Category 3,105.0,120.8,950.0,2004-09-13,2004-09-29,15.8,Landfall,Tropical Storm,18.0,-66.0,60.0
2004288N09164,Nock-Ten (2004),2004.0,2004-0535-TWN,nat-met-sto-tro,TWN,Asia,0.0,7.0,100.0,1600.0,1700.0,0.0,0.0,0.0,0.0,58.6698092933412,Category 3,110.0,126.6,933.0,2004-10-13,2004-10-27,13.2,At Sea / Open Water,At Sea / Open Water,0.0,0.0,0.0
2004319N10134,Muifa (2004),2004.0,2004-0580-VNM,nat-met-sto-tro,VNM,Asia,0.0,56.0,0.0,500000.0,500000.0,0.0,0.0,23000.0,39202.0,58.6698092933412,Category 4,115.0,132.3,927.0,2004-11-13,2004-11-26,12.2,Landfall,Category 1,13.9745,123.227,82.0
2004333N06154,Nanmadol (2004),2004.0,2004-0618-TWN,nat-met-sto-tro,TWN,Asia,0.0,3.0,0.0,0.0,0.0,0.0,0.0,20800.0,35453.0,58.6698092933412,Category 4,130.0,149.6,910.0,2004-11-28,2004-12-04,6.2,Landfall,Category 3,16.5891,121.009,107.0
2003056S21042,Japhet (2003),2003.0,2003-0114-MOZ,nat-met-sto-tro,MOZ,Africa,0.0,11.0,10.0,23000.0,23010.0,0.0,0.0,0.0,0.0,57.1400352670416,Category 4,115.0,132.3,927.0,2003-02-24,2003-03-05,8.8,Landfall,Category 2,-21.6667,35.1333,85.0
2003247N10153,Maemi (2003),2003.0,2003-0459-KOR,nat-met-sto-tro,KOR,Asia,230.0,130.0,0.0,65000.0,80000.0,504000.0,882044.0,4500000.0,7875389.0,57.1400352670416,Category 5,150.0,172.6,885.0,2003-09-04,2003-09-16,12.0,Landfall,Category 2,34.9,128.3,95.0
2004238N11325,Frances (2004),2004.0,2004-0455-BHS,nat-met-sto-tro,BHS,Americas,0.0,2.0,0.0,8000.0,8000.0,230000.0,392024.0,1000000.0,1704454.0,58.6698092933412,Category 4,125.0,143.8,935.0,2004-08-25,2004-09-10,16.8,Landfall,Category 2,27.2,-80.2,90.0
2004239N11171,Songda (2004),2004.0,2004-0459-RUS,nat-met-sto-tro,RUS,Europe,0.0,3.0,0.0,0.0,0.0,0.0,0.0,0.0,0.0,58.6698092933412,Category 4,125.0,143.8,916.0,2004-08-26,2004-09-10,15.8,Landfall,Category 2,33.8277,130.636,87.0
2005248N08142,Khanun (2005),2005.0,2005-0510-CHN,nat-met-sto-tro,CHN,Asia,0.0,25.0,8.0,1350000.0,1350008.0,78000.0,128585.0,1750000.0,2884917.0,60.6603317527392,Category 4,115.0,132.3,927.0,2005-09-05,2005-09-13,8.5,Landfall,Category 2,28.8138,121.372,92.0
2006209N13130,Prapiroon (2006),2006.0,2006-0410-PHL,nat-met-sto-tro,PHL,Asia,0.0,6.0,0.0,15000.0,15000.0,0.0,0.0,135000.0,215596.0,62.6171947810345,Category 1,70.0,80.6,972.0,2006-07-28,2006-08-05,8.2,Landfall,Tropical Depression,16.4564,121.88,30.0
2003122S11065,Manou (2003),2003.0,2003-0218-MDG,nat-met-sto-tro,MDG,Africa,1294.0,89.0,86.0,114500.0,162086.0,0.0,0.0,0.0,0.0,57.1400352670416,Category 1,75.0,86.3,967.0,2003-05-01,2003-05-13,11.5,At Sea / Open Water,At Sea / Open Water,0.0,0.0,0.0
2003240N15329,Fabian (2003),2003.0,2003-0448-BMU,nat-met-sto-tro,BMU,Americas,0.0,4.0,10.0,0.0,10.0,125000.0,218761.0,300000.0,525026.0,57.1400352670416,Category 4,125.0,143.8,939.0,2003-08-27,2003-09-09,13.0,At Sea / Open Water,At Sea / Open Water,0.0,0.0,0.0
2004164N06139,Dianmu (2004),2004.0,2004-0276-JPN,nat-met-sto-tro,JPN,Asia,0.0,6.0,56.0,700.0,756.0,0.0,0.0,68300.0,116414.0,58.6698092933412,Category 5,155.0,178.4,879.0,2004-06-11,2004-06-28,16.8,At Sea / Open Water,At Sea / Open Water,0.0,0.0,0.0
2004174N14146,Mindulle (2004),2004.0,2004-0309-TWN,nat-met-sto-tro,TWN,Asia,0.0,28.0,6.0,1165.0,1171.0,0.0,0.0,400000.0,681782.0,58.6698092933412,Category 4,125.0,143.8,916.0,2004-06-21,2004-07-05,14.0,Landfall,Tropical Storm,23.6651,121.447,60.0
2004231N09147,Aere (2004),2004.0,2004-0435-JPN,nat-met-sto-tro,JPN,Asia,0.0,2.0,2.0,0.0,2.0,0.0,0.0,500.0,852.0,58.6698092933412,Category 2,90.0,103.6,954.0,2004-08-17,2004-08-31,13.2,Landfall,Category 1,24.7429,118.495,70.0
2004239N11171,Songda (2004),2004.0,2004-0459-KOR,nat-met-sto-tro,KOR,Asia,0.0,0.0,0.0,0.0,0.0,0.0,0.0,250000.0,426114.0,58.6698092933412,Category 4,125.0,143.8,916.0,2004-08-26,2004-09-10,15.8,Landfall,Category 2,33.8277,130.636,87.0
2004258N16300,Jeanne (2004),2004.0,2004-0473-DOM,nat-met-sto-tro,DOM,Americas,79.0,11.0,9.0,14000.0,14009.0,0.0,0.0,296000.0,504518.0,58.6698092933412,Category 3,105.0,120.8,950.0,2004-09-13,2004-09-29,15.8,Landfall,Tropical Storm,18.0,-66.0,60.0
2005241N15155,Nabi (2005),2005.0,2005-0497-JPN,nat-met-sto-tro,JPN,Asia,0.0,32.0,140.0,270000.0,270140.0,550000.0,906688.0,1000000.0,1648524.0,60.6603317527392,Category 5,140.0,161.1,898.0,2005-08-28,2005-09-09,12.0,Landfall,Category 1,32.7495,130.137,82.0
2005241N15155,Nabi (2005),2005.0,2005-0497-KOR,nat-met-sto-tro,KOR,Asia,0.0,5.0,0.0,1100.0,1100.0,0.0,0.0,5000.0,8243.0,60.6603317527392,Category 5,140.0,161.1,898.0,2005-08-28,2005-09-09,12.0,Landfall,Category 1,32.7495,130.137,82.0
2004072S11146,Fay (2004),2004.0,2004-0165-AUS,nat-met-sto-tro,AUS,Oceania,0.0,0.0,0.0,250.0,250.0,0.0,0.0,0.0,0.0,58.6698092933412,Category 4,120.0,138.1,922.0,2004-03-12,2004-03-28,16.5,Landfall,Tropical Depression,-11.1015,142.698,0.0
2004219N15137,Rananim (2004),2004.0,2004-0412-CHN,nat-met-sto-tro,CHN,Asia,0.0,188.0,4000.0,8590000.0,9062000.0,0.0,0.0,2190000.0,3732755.0,58.6698092933412,Category 2,90.0,103.6,954.0,2004-08-06,2004-08-15,9.2,Landfall,Category 2,28.15,121.35,85.0
2004223N11301,Charley (2004),2004.0,2004-0415-CUB,nat-met-sto-tro,CUB,Americas,120.0,4.0,5.0,202500.0,244005.0,0.0,0.0,1000000.0,1704454.0,58.6698092933412,Category 4,130.0,149.6,941.0,2004-08-09,2004-08-15,6.0,Landfall,Category 3,22.7,-82.6,105.0
2004223N11301,Charley (2004),2004.0,2004-0415-CYM,nat-met-sto-tro,CYM,Americas,0.0,0.0,0.0,0.0,0.0,0.0,0.0,5000.0,8522.0,58.6698092933412,Category 4,130.0,149.6,941.0,2004-08-09,2004-08-15,6.0,Landfall,Category 3,22.7,-82.6,105.0
2004223N11301,Charley (2004),2004.0,2004-0415-USA,nat-met-sto-tro,USA,Americas,0.0,10.0,0.0,30000.0,30000.0,7600000.0,12953852.0,16000000.0,27271266.0,58.6698092933412,Category 4,130.0,149.6,941.0,2004-08-09,2004-08-15,6.0,Landfall,Category 3,22.7,-82.6,105.0
2004227N15141,Megi (2004),2004.0,2004-0428-JPN,nat-met-sto-tro,JPN,Asia,0.0,11.0,0.0,8502.0,8502.0,0.0,0.0,500000.0,852227.0,58.6698092933412,Category 1,65.0,74.8,976.0,2004-08-14,2004-08-22,8.2,Landfall,Tropical Depression,40.9459,140.51,0.0
2004238N11325,Frances (2004),2004.0,2004-0455-DOM,nat-met-sto-tro,DOM,Americas,0.0,0.0,0.0,250.0,250.0,0.0,0.0,0.0,0.0,58.6698092933412,Category 4,125.0,143.8,935.0,2004-08-25,2004-09-10,16.8,Landfall,Category 2,27.2,-80.2,90.0
2004238N11325,Frances (2004),2004.0,2004-0455-TCA,nat-met-sto-tro,TCA,Americas,0.0,0.0,0.0,200.0,200.0,0.0,0.0,0.0,0.0,58.6698092933412,Category 4,125.0,143.8,935.0,2004-08-25,2004-09-10,16.8,Landfall,Category 2,27.2,-80.2,90.0
2004284N07157,Tokage (2004),2004.0,2004-0524-JPN,nat-met-sto-tro,JPN,Asia,0.0,89.0,342.0,84450.0,84792.0,1100000.0,1874900.0,2300000.0,3920245.0,58.6698092933412,Category 4,125.0,143.8,916.0,2004-10-10,2004-10-23,12.8,Landfall,Tropical Storm,34.1498,134.578,53.0
2004319N10134,Muifa (2004),2004.0,2004-0580-PHL,nat-met-sto-tro,PHL,Asia,0.0,104.0,240.0,838434.0,838674.0,0.0,0.0,6000.0,10227.0,58.6698092933412,Category 4,115.0,132.3,927.0,2004-11-13,2004-11-26,12.2,Landfall,Category 1,13.9745,123.227,82.0
2003056S21042,Japhet (2003),2003.0,2003-0114-ZWE,nat-met-sto-tro,ZWE,Africa,0.0,8.0,0.0,0.0,0.0,0.0,0.0,0.0,0.0,57.1400352670416,Category 4,115.0,132.3,927.0,2003-02-24,2003-03-05,8.8,Landfall,Category 2,-21.6667,35.1333,85.0
2003061S21148,Erica (2003),2003.0,2003-0135-NCL,nat-met-sto-tro,NCL,Oceania,300.0,2.0,100.0,0.0,1100.0,0.0,0.0,40000.0,70003.0,57.1400352670416,Category 4,130.0,149.6,910.0,2003-03-01,2003-03-17,15.5,Landfall,Tropical Depression,-21.0,147.5,0.0
2004093N07154,Sudal (2004),2004.0,2004-0150-FSM,nat-met-sto-tro,FSM,Oceania,7494.0,1.0,8.0,6000.0,6008.0,0.0,0.0,14000.0,23862.0,58.6698092933412,Category 4,130.0,149.6,910.0,2004-04-02,2004-04-18,16.0,At Sea / Open Water,At Sea / Open Water,0.0,0.0,0.0
2004231N09147,Aere (2004),2004.0,2004-0435-CHN,nat-met-sto-tro,CHN,Asia,0.0,2.0,7.0,0.0,41357.0,0.0,0.0,5000.0,8522.0,58.6698092933412,Category 2,90.0,103.6,954.0,2004-08-17,2004-08-31,13.2,Landfall,Category 1,24.7429,118.495,70.0
2004231N09147,Aere (2004),2004.0,2004-0435-TWN,nat-met-sto-tro,TWN,Asia,0.0,32.0,2.0,0.0,2.0,0.0,0.0,5000.0,8522.0,58.6698092933412,Category 2,90.0,103.6,954.0,2004-08-17,2004-08-31,13.2,Landfall,Category 1,24.7429,118.495,70.0
2004238N11325,Frances (2004),2004.0,2004-0455-USA,nat-met-sto-tro,USA,Americas,0.0,47.0,0.0,0.0,0.0,5000000.0,8522271.0,11000000.0,18748996.0,58.6698092933412,Category 4,125.0,143.8,935.0,2004-08-25,2004-09-10,16.8,Landfall,Category 2,27.2,-80.2,90.0
2003196N05150,Imbudo (2003),2003.0,2003-0346-HKG,nat-met-sto-tro,HKG,Asia,0.0,1.0,11.0,3500.0,3511.0,0.0,0.0,0.0,0.0,57.1400352670416,Category 4,130.0,149.6,910.0,2003-07-15,2003-07-25,10.5,Landfall,Category 3,16.6566,122.202,102.0
2003247N10153,Maemi (2003),2003.0,2003-0459-JPN,nat-met-sto-tro,JPN,Asia,0.0,3.0,107.0,0.0,4601.0,0.0,0.0,50000.0,87504.0,57.1400352670416,Category 5,150.0,172.6,885.0,2003-09-04,2003-09-16,12.0,Landfall,Category 2,34.9,128.3,95.0
2004052S15172,Ivy (2004),2004.0,2004-0080-VUT,nat-met-sto-tro,VUT,Oceania,123.0,2.0,8.0,54000.0,54008.0,0.0,0.0,3800.0,6477.0,58.6698092933412,Category 3,105.0,120.8,938.0,2004-02-21,2004-03-02,10.0,Landfall,Category 3,-16.35,167.8,105.0
2004158N07142,Chanthu (2004),2004.0,2004-0258-THA,nat-met-sto-tro,THA,Asia,0.0,1.0,0.0,4000.0,4000.0,0.0,0.0,0.0,0.0,58.6698092933412,Category 1,75.0,86.3,967.0,2004-06-05,2004-06-15,10.0,Landfall,Tropical Storm,10.9,123.933,35.0
2004227N15141,Megi (2004),2004.0,2004-0428-KOR,nat-met-sto-tro,KOR,Asia,0.0,8.0,0.0,0.0,2400.0,0.0,0.0,1000.0,1704.0,58.6698092933412,Category 1,65.0,74.8,976.0,2004-08-14,2004-08-22,8.2,Landfall,Tropical Depression,40.9459,140.51,0.0
2004238N11325,Frances (2004),2004.0,2004-0455-PRI,nat-met-sto-tro,PRI,Americas,0.0,0.0,0.0,0.0,0.0,0.0,0.0,0.0,0.0,58.6698092933412,Category 4,125.0,143.8,935.0,2004-08-25,2004-09-10,16.8,Landfall,Category 2,27.2,-80.2,90.0
2004239N11171,Songda (2004),2004.0,2004-0459-JPN,nat-met-sto-tro,JPN,Asia,0.0,41.0,900.0,40000.0,40900.0,4700000.0,8010935.0,9000000.0,15340087.0,58.6698092933412,Category 4,125.0,143.8,916.0,2004-08-26,2004-09-10,15.8,Landfall,Category 2,33.8277,130.636,87.0
2004258N16300,Jeanne (2004),2004.0,2004-0473-BHS,nat-met-sto-tro,BHS,Americas,142.0,9.0,0.0,1000.0,1000.0,0.0,0.0,550000.0,937450.0,58.6698092933412,Category 3,105.0,120.8,950.0,2004-09-13,2004-09-29,15.8,Landfall,Tropical Storm,18.0,-66.0,60.0
2005261N21290,Rita (2005),2005.0,2005-0547-USA,nat-met-sto-tro,USA,Americas,0.0,10.0,0.0,300000.0,300000.0,11300000.0,18628319.0,16000000.0,26376381.0,60.6603317527392,Category 5,155.0,178.4,895.0,2005-09-18,2005-09-26,8.2,Landfall,Category 2,29.944,-93.8198,89.0
2022280N11294,Julia (2022),2022.0,2022-0647-COL,nat-met-sto-tro,COL,Americas,0.0,0.0,2.0,5000.0,5002.0,0.0,0.0,0.0,0.0,90.9026974595266,Category 1,75.0,86.3,982.0,2022-10-06,2022-10-10,4.0,Landfall,Tropical Depression,12.0,-69.8,30.0
2022280N11294,Julia (2022),2022.0,2022-0647-HND,nat-met-sto-tro,HND,Americas,0.0,5.0,0.0,144000.0,144000.0,0.0,0.0,0.0,0.0,90.9026974595266,Category 1,75.0,86.3,982.0,2022-10-06,2022-10-10,4.0,Landfall,Tropical Depression,12.0,-69.8,30.0
2020211N13306,Isaias (2020),2020.0,2020-0312-PRI,nat-met-sto-tro,PRI,Americas,0.0,1.0,0.0,0.0,0.0,0.0,0.0,59800.0,74387.0,80.3903830082114,Category 1,80.0,92.1,986.0,2020-07-28,2020-08-05,7.8,Landfall,Tropical Storm,18.9,-69.8,60.0
2020258N11127,Noul (2020),2020.0,2020-0462-VNM,nat-met-sto-tro,VNM,Asia,0.0,6.0,0.0,125000.0,125000.0,0.0,0.0,33000.0,41050.0,80.3903830082114,Tropical Storm,50.0,57.5,990.0,2020-09-14,2020-09-19,5.0,Landfall,Tropical Depression,12.5451,124.595,10.0
2019308N13114,Nakri (2019),2019.0,2019-0549-VNM,nat-met-sto-tro,VNM,Asia,0.0,3.0,0.0,2150.0,2150.0,0.0,0.0,4000.0,5037.0,79.4107846043372,Category 1,65.0,74.8,982.0,2019-11-04,2019-11-11,7.2,Landfall,Tropical Storm,12.8067,109.28,45.0
2019308N13114,Nakri (2019),2019.0,2019-0549-PHL,nat-met-sto-tro,PHL,Asia,0.0,19.0,3.0,670.0,673.0,0.0,0.0,36000.0,45334.0,79.4107846043372,Category 1,65.0,74.8,982.0,2019-11-04,2019-11-11,7.2,Landfall,Tropical Storm,12.8067,109.28,45.0
2019314N14136,Kalmaegi (2019),2019.0,2019-0541-PHL,nat-met-sto-tro,PHL,Asia,0.0,0.0,0.0,3000.0,3000.0,0.0,0.0,0.0,0.0,79.4107846043372,Category 2,90.0,103.6,963.0,2019-11-09,2019-11-22,12.8,Landfall,Tropical Storm,17.9949,121.928,55.0
2020233N14313,Laura (2020),2020.0,2020-0376-DOM,nat-met-sto-tro,DOM,Americas,0.0,4.0,0.0,10000.0,10000.0,0.0,0.0,0.0,0.0,80.3903830082114,Category 4,130.0,149.6,937.0,2020-08-20,2020-08-29,9.2,Landfall,Tropical Storm,18.2,-68.8,45.0
2020281N14126,Linfa (2020),2020.0,2020-0411-LAO,nat-met-sto-tro,LAO,Asia,0.0,2.0,0.0,69764.0,69764.0,0.0,0.0,0.0,0.0,80.3903830082114,Tropical Storm,40.0,46.0,999.0,2020-10-06,2020-10-12,5.5,Landfall,Tropical Depression,13.8,124.257,0.0
2020306N15288,Eta (2020),2020.0,2020-0474-MEX,nat-met-sto-tro,MEX,Americas,0.0,31.0,0.0,0.0,0.0,0.0,0.0,0.0,0.0,80.3903830082114,Category 4,130.0,149.6,922.0,2020-10-31,2020-11-14,13.2,Landfall,Category 4,13.8,-83.5,120.0
2020306N15288,Eta (2020),2020.0,2020-0474-NIC,nat-met-sto-tro,NIC,Americas,0.0,2.0,0.0,30000.0,30000.0,0.0,0.0,178000.0,221420.0,80.3903830082114,Category 4,130.0,149.6,922.0,2020-10-31,2020-11-14,13.2,Landfall,Category 4,13.8,-83.5,120.0
2020306N15288,Eta (2020),2020.0,2020-0474-USA,nat-met-sto-tro,USA,Americas,0.0,12.0,0.0,0.0,0.0,0.0,0.0,1500000.0,1865895.0,80.3903830082114,Category 4,130.0,149.6,922.0,2020-10-31,2020-11-14,13.2,Landfall,Category 4,13.8,-83.5,120.0
2020299N18277,Zeta (2020),2020.0,2020-0483-USA,nat-met-sto-tro,USA,Americas,0.0,6.0,0.0,0.0,0.0,0.0,0.0,3500000.0,4353755.0,80.3903830082114,Category 3,100.0,115.1,970.0,2020-10-24,2020-10-30,5.5,Landfall,Category 1,20.4,-87.4,75.0
2019260N20129,Tapah (2019),2019.0,2019-0443-JPN,nat-met-sto-tro,JPN,Asia,0.0,0.0,21.0,2000.0,2021.0,0.0,0.0,0.0,0.0,79.4107846043372,Category 1,65.0,74.8,967.0,2019-09-17,2019-09-23,6.5,At Sea / Open Water,At Sea / Open Water,0.0,0.0,0.0
2020318N16289,Iota (2020),2020.0,2020-0495-COL,nat-met-sto-tro,COL,Americas,0.0,23.0,0.0,228000.0,228000.0,0.0,0.0,100000.0,124393.0,80.3903830082114,Category 4,135.0,155.4,917.0,2020-11-12,2020-11-18,6.0,Landfall,Category 4,13.6,-83.5,125.0
2020318N16289,Iota (2020),2020.0,2020-0495-GTM,nat-met-sto-tro,GTM,Americas,0.0,2.0,0.0,131298.0,131298.0,0.0,0.0,0.0,0.0,80.3903830082114,Category 4,135.0,155.4,917.0,2020-11-12,2020-11-18,6.0,Landfall,Category 4,13.6,-83.5,125.0
2019243N06136,Lingling (2019),2019.0,2019-0424-CHN,nat-met-sto-tro,CHN,Asia,0.0,0.0,0.0,0.0,0.0,0.0,0.0,131000.0,164965.0,79.4107846043372,Category 4,120.0,138.1,928.0,2019-08-30,2019-09-12,12.5,Landfall,Category 1,37.9,125.225,65.0
2020312N10131,Etau (2020),2020.0,2020-0542-VNM,nat-met-sto-tro,VNM,Asia,0.0,2.0,0.0,5000.0,5000.0,0.0,0.0,5260.0,6543.0,80.3903830082114,Tropical Storm,45.0,51.8,995.0,2020-11-06,2020-11-11,4.8,Landfall,Tropical Depression,12.4055,125.039,17.0
2019236N10314,Dorian (2019),2019.0,2019-0412-BHS,nat-met-sto-tro,BHS,Americas,0.0,356.0,0.0,14940.0,14940.0,0.0,0.0,3400000.0,4281534.0,79.4107846043372,Category 5,160.0,184.1,910.0,2019-08-24,2019-09-09,15.8,Landfall,Category 1,45.2,-62.9,80.0
2021058S16149,Niran (2021),2021.0,2021-0125-NCL,nat-met-sto-tro,NCL,Oceania,0.0,0.0,0.0,0.0,0.0,0.0,0.0,0.0,0.0,84.1669829572524,Category 5,140.0,161.1,917.0,2021-02-27,2021-03-07,8.8,At Sea / Open Water,At Sea / Open Water,0.0,0.0,0.0
2021133N10071,Tauktae (2021),2021.0,2021-0252-MDV,nat-met-sto-tro,MDV,Asia,0.0,0.0,0.0,1320.0,1320.0,0.0,0.0,0.0,0.0,84.1669829572524,Category 4,120.0,138.1,931.0,2021-05-13,2021-05-19,6.0,Landfall,Category 3,20.9,71.2,110.0
2019112S10053,Kenneth (2019),2019.0,2019-0165-COM,nat-met-sto-tro,COM,Africa,0.0,8.0,180.0,345131.0,345311.0,0.0,0.0,0.0,0.0,79.4107846043372,Category 4,125.0,143.8,934.0,2019-04-21,2019-04-28,6.5,Landfall,Category 3,-12.1612,40.4524,97.0
2019116N02090,Fani (2019),2019.0,2019-0164-IND,nat-met-sto-tro,IND,Asia,0.0,50.0,0.0,20000000.0,20000000.0,0.0,0.0,1810000.0,2279287.0,79.4107846043372,Category 5,150.0,172.6,900.0,2019-04-25,2019-05-04,8.8,Landfall,Category 4,20.2,85.9,115.0
2019050N05163,Wutip (2019),2019.0,2019-0124-FSM,nat-met-sto-tro,FSM,Oceania,0.0,0.0,0.0,10000.0,10000.0,0.0,0.0,0.0,0.0,79.4107846043372,Category 5,145.0,166.9,895.0,2019-02-18,2019-03-02,11.8,At Sea / Open Water,At Sea / Open Water,0.0,0.0,0.0
2021169N14260,Dolores (2021),2021.0,2021-0325-MEX,nat-met-sto-tro,MEX,Americas,0.0,3.0,0.0,600.0,600.0,0.0,0.0,50000.0,59406.0,84.1669829572524,Tropical Storm,60.0,69.0,989.0,2021-06-17,2021-06-20,2.2,Landfall,Tropical Storm,19.4,-103.9,50.0
2021182N09317,Elsa (2021),2021.0,2021-0373-BRB,nat-met-sto-tro,BRB,Americas,0.0,0.0,0.0,3114.0,3300.0,0.0,0.0,0.0,0.0,84.1669829572524,Category 1,75.0,86.3,991.0,2021-06-30,2021-07-10,9.5,Landfall,Tropical Storm,22.2,-81.6,55.0
2021182N09317,Elsa (2021),2021.0,2021-0373-DOM,nat-met-sto-tro,DOM,Americas,0.0,2.0,0.0,153.0,153.0,0.0,0.0,0.0,0.0,84.1669829572524,Category 1,75.0,86.3,991.0,2021-06-30,2021-07-10,9.5,Landfall,Tropical Storm,22.2,-81.6,55.0
2021182N09317,Elsa (2021),2021.0,2021-0373-HTI,nat-met-sto-tro,HTI,Americas,0.0,0.0,3.0,0.0,3.0,0.0,0.0,0.0,0.0,84.1669829572524,Category 1,75.0,86.3,991.0,2021-06-30,2021-07-10,9.5,Landfall,Tropical Storm,22.2,-81.6,55.0
2019063S18038,Idai (2019),2019.0,2019-0110-ZWE,nat-met-sto-tro,ZWE,Africa,0.0,628.0,186.0,270000.0,270186.0,0.0,0.0,0.0,0.0,79.4107846043372,Category 4,115.0,132.3,947.0,2019-03-04,2019-03-16,12.5,Landfall,Tropical Depression,-17.5149,37.2701,0.0
2021182N09317,Elsa (2021),2021.0,2021-0373-VCT,nat-met-sto-tro,VCT,Americas,0.0,0.0,0.0,129.0,129.0,0.0,0.0,0.0,0.0,84.1669829572524,Category 1,75.0,86.3,991.0,2021-06-30,2021-07-10,9.5,Landfall,Tropical Storm,22.2,-81.6,55.0
2018294N08161,Yutu (2018),2018.0,2018-0399-PHL,nat-met-sto-tro,PHL,Asia,0.0,12.0,2.0,253298.0,253300.0,0.0,0.0,305000.0,391039.0,77.9972651879547,Category 5,150.0,172.6,904.0,2018-10-20,2018-11-03,13.5,Landfall,Category 3,16.7662,122.297,97.0
2018279N11069,Luban (2018),2018.0,2018-0394-YEM,nat-met-sto-tro,YEM,Asia,0.0,25.0,124.0,15000.0,15124.0,0.0,0.0,0.0,0.0,77.9972651879547,Category 2,85.0,97.8,959.0,2018-10-05,2018-10-15,9.2,Landfall,Tropical Storm,15.85,52.15,35.0
2018281N14088,Titli (2018),2018.0,2018-0385-IND,nat-met-sto-tro,IND,Asia,0.0,85.0,200.0,300000.0,300200.0,0.0,0.0,920000.0,1179529.0,77.9972651879547,Category 3,105.0,120.8,944.0,2018-10-08,2018-10-12,4.9,Landfall,Category 3,18.75,84.35,100.0
2021222N14301,Fred (2021),2021.0,2021-0510-DOM,nat-met-sto-tro,DOM,Americas,0.0,0.0,0.0,4025.0,4025.0,0.0,0.0,0.0,0.0,84.1669829572524,Tropical Storm,55.0,63.3,991.0,2021-08-09,2021-08-20,10.5,Landfall,Tropical Storm,18.4,-70.1,40.0
2021227N36297,Henri (2021),2021.0,2021-0531-USA,nat-met-sto-tro,USA,Americas,0.0,0.0,0.0,86.0,86.0,0.0,0.0,550000.0,653463.0,84.1669829572524,Category 1,65.0,74.8,986.0,2021-08-15,2021-08-24,9.8,Landfall,Tropical Storm,41.5,-72.0,40.0
2021222N14301,Fred (2021),2021.0,2021-0532-USA,nat-met-sto-tro,USA,Americas,0.0,7.0,0.0,105.0,105.0,0.0,0.0,1300000.0,1544549.0,84.1669829572524,Tropical Storm,55.0,63.3,991.0,2021-08-09,2021-08-20,10.5,Landfall,Tropical Storm,18.4,-70.1,40.0
2021236N12265,Nora (2021),2021.0,2021-0552-MEX,nat-met-sto-tro,MEX,Americas,0.0,2.0,3.0,1500.0,1503.0,0.0,0.0,100000.0,118811.0,84.1669829572524,Category 1,75.0,86.3,976.0,2021-08-24,2021-08-30,6.2,Landfall,Category 1,19.8,-105.3,75.0
2018218N18134,Yagi (2018),2018.0,2018-0347-PHL,nat-met-sto-tro,PHL,Asia,0.0,5.0,0.0,1709511.0,1709511.0,0.0,0.0,19000.0,24360.0,77.9972651879547,Tropical Storm,45.0,51.8,983.0,2018-08-06,2018-08-16,10.0,Landfall,Tropical Storm,28.3089,121.503,40.0
2021248N11131,Conson (2021),2021.0,2021-0595-VNM,nat-met-sto-tro,VNM,Asia,0.0,2.0,0.0,310.0,310.0,0.0,0.0,0.0,0.0,84.1669829572524,Category 1,65.0,74.8,980.0,2021-09-05,2021-09-13,8.5,Landfall,Tropical Storm,11.4426,125.495,60.0
2018227N11145,Soulik (2018),2018.0,2018-0309-PRK,nat-met-sto-tro,PRK,Asia,0.0,86.0,0.0,58143.0,58143.0,0.0,0.0,4640.0,5949.0,77.9972651879547,Category 3,105.0,120.8,942.0,2018-08-15,2018-08-30,15.2,Landfall,Tropical Storm,34.55,126.25,50.0
2021276N07131,Lionrock (2021),2021.0,2021-0664-PHL,nat-met-sto-tro,PHL,Asia,0.0,3.0,0.0,8048.0,8048.0,0.0,0.0,240.0,285.0,84.1669829572524,Tropical Storm,45.0,51.8,989.0,2021-10-02,2021-10-10,8.0,Landfall,Tropical Depression,10.0,125.0,15.0
2018096S15172,Keni (2018),2018.0,2018-0194-FJI,nat-met-sto-tro,FJI,Oceania,0.0,0.0,0.0,89250.0,89250.0,0.0,0.0,50000.0,64105.0,77.9972651879547,Category 2,90.0,103.6,968.0,2018-04-06,2018-04-12,6.2,At Sea / Open Water,At Sea / Open Water,0.0,0.0,0.0
2018146N19273,Alberto (2018),2018.0,2018-0170-USA,nat-met-sto-tro,USA,Americas,0.0,5.0,0.0,0.0,0.0,0.0,0.0,125000.0,160262.0,77.9972651879547,Tropical Storm,55.0,63.3,990.0,2018-05-25,2018-05-31,6.0,Landfall,Tropical Storm,30.3,-86.0,40.0
2021335N08096,Jawad (2021),2021.0,2021-0777-IND,nat-met-sto-tro,IND,Asia,0.0,5.0,400.0,1650.0,2050.0,0.0,0.0,0.0,0.0,84.1669829572524,Tropical Storm,35.0,40.3,1000.0,2021-11-30,2021-12-06,5.5,Landfall,Tropical Depression,22.3,88.5,10.0
2018038S15172,Gita (2018),2018.0,2018-0042-TON,nat-met-sto-tro,TON,Oceania,0.0,0.0,0.0,87000.0,87000.0,0.0,0.0,0.0,0.0,77.9972651879547,Category 4,125.0,143.8,929.0,2018-02-07,2018-02-22,15.5,Landfall,Tropical Depression,-42.0131,172.712,0.0
2018010S10069,Berguitta (2018),2018.0,2018-0029-REU,nat-met-sto-tro,REU,Africa,0.0,0.0,0.0,200.0,200.0,0.0,0.0,0.0,0.0,77.9972651879547,Category 3,105.0,120.8,950.0,2018-01-10,2018-01-24,14.2,At Sea / Open Water,At Sea / Open Water,0.0,0.0,0.0
2022009S18174,Cody (2022),2022.0,2022-0013-FJI,nat-met-sto-tro,FJI,Oceania,0.0,1.0,0.0,69564.0,69564.0,0.0,0.0,25000.0,27502.0,90.9026974595266,Tropical Storm,51.0,58.7,980.0,2022-01-08,2022-01-15,7.0,At Sea / Open Water,At Sea / Open Water,0.0,0.0,0.0
2017364S12065,Ava (2018),2018.0,2018-0008-MDG,nat-met-sto-tro,MDG,Africa,0.0,73.0,0.0,161318.0,161318.0,0.0,0.0,0.0,0.0,77.9972651879547,Category 2,95.0,109.3,958.0,2017-12-30,2018-01-09,10.5,Landfall,Category 1,-18.1,49.3,80.0
2022027S16084,Batsirai (2022),2022.0,2022-0061-MUS,nat-met-sto-tro,MUS,Africa,0.0,1.0,0.0,139.0,139.0,0.0,0.0,0.0,0.0,90.9026974595266,Category 4,124.0,142.7,932.0,2022-01-27,2022-02-08,12.5,Landfall,Category 3,-21.0,48.3,99.0
2022027S16084,Batsirai (2022),2022.0,2022-0061-REU,nat-met-sto-tro,REU,Africa,0.0,0.0,13.0,0.0,13.0,0.0,0.0,0.0,0.0,90.9026974595266,Category 4,124.0,142.7,932.0,2022-01-27,2022-02-08,12.5,Landfall,Category 3,-21.0,48.3,99.0
2017288N09138,Lan (2017),2017.0,2017-0432-PHL,nat-met-sto-tro,PHL,Asia,0.0,9.0,0.0,163349.0,163349.0,0.0,0.0,3400.0,4466.0,76.1376037057766,Category 4,135.0,155.4,922.0,2017-10-15,2017-10-23,8.8,Landfall,Category 1,34.6857,138.207,70.0
2022067S16050,Gombe (2022),2022.0,2022-0137-MDG,nat-met-sto-tro,MDG,Africa,0.0,2.0,0.0,900.0,900.0,0.0,0.0,0.0,0.0,90.9026974595266,Category 3,99.0,113.9,959.0,2022-03-08,2022-03-15,7.5,Landfall,Tropical Storm,-15.5,50.4,35.0
2022114S18040,Jasmine (2022),2022.0,2022-0239-MDG,nat-met-sto-tro,MDG,Africa,0.0,12.0,0.0,4800.0,4800.0,0.0,0.0,0.0,0.0,90.9026974595266,Tropical Storm,54.0,62.1,984.0,2022-04-24,2022-04-29,5.0,Landfall,Tropical Storm,-23.5,44.0,51.0
2017260N12310,Maria (2017),2017.0,2017-0383-VIR,nat-met-sto-tro,VIR,Americas,0.0,3.0,0.0,0.0,0.0,0.0,0.0,0.0,0.0,76.1376037057766,Category 5,150.0,172.6,908.0,2017-09-16,2017-10-02,16.0,Landfall,Category 4,18.0,-65.9,135.0
2017260N12310,Maria (2017),2017.0,2017-0383-VGB,nat-met-sto-tro,VGB,Americas,0.0,0.0,0.0,0.0,0.0,0.0,0.0,0.0,0.0,76.1376037057766,Category 5,150.0,172.6,908.0,2017-09-16,2017-10-02,16.0,Landfall,Category 4,18.0,-65.9,135.0
2017260N12310,Maria (2017),2017.0,2017-0383-PRI,nat-met-sto-tro,PRI,Americas,0.0,64.0,0.0,540000.0,750000.0,30000000.0,39402343.0,68000000.0,89311978.0,76.1376037057766,Category 5,150.0,172.6,908.0,2017-09-16,2017-10-02,16.0,Landfall,Category 4,18.0,-65.9,135.0
2017260N12310,Maria (2017),2017.0,2017-0383-GLP,nat-met-sto-tro,GLP,Americas,0.0,4.0,2.0,80000.0,80002.0,0.0,0.0,120000.0,157609.0,76.1376037057766,Category 5,150.0,172.6,908.0,2017-09-16,2017-10-02,16.0,Landfall,Category 4,18.0,-65.9,135.0
2017242N16333,Irma (2017),2017.0,2017-0381-VIR,nat-met-sto-tro,VIR,Americas,0.0,4.0,0.0,0.0,0.0,0.0,0.0,0.0,0.0,76.1376037057766,Category 5,155.0,178.4,914.0,2017-08-30,2017-09-13,14.5,Landfall,Category 3,25.9,-81.7,100.0
2017242N16333,Irma (2017),2017.0,2017-0381-DOM,nat-met-sto-tro,DOM,Americas,0.0,0.0,0.0,6300.0,6300.0,0.0,0.0,0.0,0.0,76.1376037057766,Category 5,155.0,178.4,914.0,2017-08-30,2017-09-13,14.5,Landfall,Category 3,25.9,-81.7,100.0
2017242N16333,Irma (2017),2017.0,2017-0381-BHS,nat-met-sto-tro,BHS,Americas,0.0,0.0,0.0,0.0,0.0,397.6,522.0,2000.0,2627.0,76.1376037057766,Category 5,155.0,178.4,914.0,2017-08-30,2017-09-13,14.5,Landfall,Category 3,25.9,-81.7,100.0
2017242N16333,Irma (2017),2017.0,2017-0381-ATG,nat-met-sto-tro,ATG,Americas,0.0,1.0,0.0,1800.0,1800.0,6800.0,8931.0,250000.0,328353.0,76.1376037057766,Category 5,155.0,178.4,914.0,2017-08-30,2017-09-13,14.5,Landfall,Category 3,25.9,-81.7,100.0
2017232N19130,Hato (2017),2017.0,2017-0352-MAC,nat-met-sto-tro,MAC,Asia,0.0,10.0,200.0,0.0,200.0,0.0,0.0,1420000.0,1865044.0,76.1376037057766,Category 3,100.0,115.1,948.0,2017-08-19,2017-08-25,5.5,Landfall,Category 2,22.175,112.85,85.0
2017219N16279,Franklin (2017),2017.0,2017-0334-MEX,nat-met-sto-tro,MEX,Americas,0.0,0.0,0.0,300.0,300.0,0.0,0.0,2000.0,2627.0,76.1376037057766,Category 1,75.0,86.3,981.0,2017-08-06,2017-08-10,3.8,Landfall,Tropical Storm,19.1,-87.6,50.0
2017200N26162,Noru (2017),2017.0,2017-0327-JPN,nat-met-sto-tro,JPN,Asia,0.0,2.0,51.0,1338.0,1389.0,0.0,0.0,2000.0,2627.0,76.1376037057766,Category 4,135.0,155.4,922.0,2017-07-19,2017-08-09,21.0,Landfall,Tropical Storm,34.559,135.69,60.0
2017195N16114,Talas (2017),2017.0,2017-0281-CHN,nat-met-sto-tro,CHN,Asia,0.0,0.0,0.0,30000.0,30000.0,0.0,0.0,3600.0,4728.0,76.1376037057766,Tropical Storm,50.0,57.5,985.0,2017-07-14,2017-07-17,3.8,Landfall,Tropical Storm,18.6,105.675,45.0
2017195N16114,Talas (2017),2017.0,2017-0281-THA,nat-met-sto-tro,THA,Asia,0.0,0.0,0.0,60.0,60.0,0.0,0.0,0.0,0.0,76.1376037057766,Tropical Storm,50.0,57.5,985.0,2017-07-14,2017-07-17,3.8,Landfall,Tropical Storm,18.6,105.675,45.0
2017122S13170,Donna (2017),2017.0,2017-0231-VUT,nat-met-sto-tro,VUT,Oceania,0.0,0.0,0.0,2564.0,2564.0,0.0,0.0,0.0,0.0,76.1376037057766,Category 4,125.0,143.8,929.0,2017-05-01,2017-05-10,8.9,At Sea / Open Water,At Sea / Open Water,0.0,0.0,0.0
2017152N14262,Beatriz (2017),2017.0,2017-0168-MEX,nat-met-sto-tro,MEX,Americas,0.0,6.0,0.0,0.0,600.0,0.0,0.0,0.0,0.0,76.1376037057766,Tropical Storm,40.0,46.0,1001.0,2017-05-31,2017-06-02,1.8,Landfall,Tropical Storm,15.7,-96.6,40.0
2017147N14087,Mora (2017),2017.0,2017-0152-IND,nat-met-sto-tro,IND,Asia,0.0,0.0,0.0,1970.0,1970.0,0.0,0.0,0.0,0.0,76.1376037057766,Category 1,80.0,92.1,963.0,2017-05-27,2017-05-30,3.5,Landfall,Category 1,21.8988,91.9716,67.0
2022234N16124,Ma-On (2022),2022.0,2022-0547-PHL,nat-met-sto-tro,PHL,Asia,0.0,0.0,0.0,7616.0,7616.0,0.0,0.0,0.0,0.0,90.9026974595266,Tropical Storm,60.0,69.0,985.0,2022-08-22,2022-08-25,3.2,Landfall,Tropical Storm,17.3124,122.24,57.0
2022257N16312,Fiona (2022),2022.0,2022-0603-PRI,nat-met-sto-tro,PRI,Americas,0.0,25.0,0.0,0.0,0.0,0.0,0.0,2500000.0,2750193.0,90.9026974595266,Category 4,120.0,138.1,931.0,2022-09-14,2022-09-27,13.5,Landfall,Category 1,18.0,-67.1,75.0
2022256N22139,Nanmadol (2022),2022.0,2022-0604-JPN,nat-met-sto-tro,JPN,Asia,0.0,5.0,140.0,1200.0,1340.0,0.0,0.0,2000000.0,2200155.0,90.9026974595266,Category 4,134.0,154.2,917.0,2022-09-12,2022-09-19,7.0,Landfall,Category 2,31.285,130.635,86.0
2017061S11063,Enawo (2017),2017.0,2017-0075-MDG,nat-met-sto-tro,MDG,Africa,0.0,81.0,253.0,434000.0,434253.0,0.0,0.0,20000.0,26268.0,76.1376037057766,Category 4,130.0,149.6,926.0,2017-03-02,2017-03-11,9.8,Landfall,Category 3,-14.6749,49.9962,102.0
2022266N12294,Ian (2022),2022.0,2022-0614-CUB,nat-met-sto-tro,CUB,Americas,0.0,3.0,0.0,3200000.0,3200000.0,0.0,0.0,25000.0,27502.0,90.9026974595266,Category 5,140.0,161.1,937.0,2022-09-22,2022-10-01,8.5,Landfall,Category 3,22.2,-83.7,110.0
2022280N11294,Julia (2022),2022.0,2022-0647-NIC,nat-met-sto-tro,NIC,Americas,0.0,1.0,0.0,45000.0,47100.0,0.0,0.0,180000.0,198014.0,90.9026974595266,Category 1,75.0,86.3,982.0,2022-10-06,2022-10-10,4.0,Landfall,Tropical Depression,12.0,-69.8,30.0
2022288N19128,Nesat (2022),2022.0,2022-0680-TWN,nat-met-sto-tro,TWN,Asia,0.0,0.0,0.0,100.0,100.0,0.0,0.0,400.0,440.0,90.9026974595266,Category 2,89.0,102.4,964.0,2022-10-14,2022-10-20,5.8,At Sea / Open Water,At Sea / Open Water,0.0,0.0,0.0
2022311N21293,Nicole (2022),2022.0,2022-0734-USA,nat-met-sto-tro,USA,Americas,0.0,5.0,0.0,1500.0,1500.0,0.0,0.0,1000000.0,1100077.0,90.9026974595266,Category 1,65.0,74.8,980.0,2022-11-06,2022-11-11,5.2,Landfall,Tropical Storm,27.7454,-80.6875,62.0
2016323N13279,Otto (2016),2016.0,2016-0433-PAN,nat-met-sto-tro,PAN,Americas,0.0,7.0,0.0,12000.0,12000.0,0.0,0.0,0.0,0.0,74.5496029864344,Category 3,100.0,115.1,975.0,2016-11-17,2016-11-26,8.8,Landfall,Category 3,11.0,-83.8,100.0
2016256N12146,Malakas (2016),2016.0,2016-0390-JPN,nat-met-sto-tro,JPN,Asia,0.0,1.0,0.0,6000.0,6000.0,0.0,0.0,0.0,0.0,74.5496029864344,Category 4,115.0,132.3,937.0,2016-09-11,2016-09-20,9.0,Landfall,Tropical Storm,34.2846,136.077,55.0
2016228N22117,Dianmu (2016),2016.0,2016-0379-VNM,nat-met-sto-tro,VNM,Asia,0.0,11.0,15.0,11075.0,11090.0,0.0,0.0,157.0,211.0,74.5496029864344,Tropical Storm,45.0,51.8,989.0,2016-08-15,2016-08-20,4.8,Landfall,Tropical Depression,20.6784,110.11,27.0
2016279N19130,Aere (2016),2016.0,2016-0362-VNM,nat-met-sto-tro,VNM,Asia,0.0,34.0,0.0,610000.0,610000.0,0.0,0.0,350000.0,469486.0,74.5496029864344,Tropical Storm,55.0,63.3,985.0,2016-10-04,2016-10-14,10.0,Landfall,Tropical Storm,16.4909,107.382,35.0
2016273N13300,Matthew (2016),2016.0,2016-0355-VCT,nat-met-sto-tro,VCT,Americas,0.0,1.0,0.0,0.0,0.0,0.0,0.0,0.0,0.0,74.5496029864344,Category 5,145.0,166.9,934.0,2016-09-28,2016-10-10,11.5,Landfall,Category 4,18.3,-74.3,130.0
2016273N13300,Matthew (2016),2016.0,2016-0355-USA,nat-met-sto-tro,USA,Americas,0.0,49.0,0.0,0.0,0.0,5000000.0,6706944.0,10000000.0,13413888.0,74.5496029864344,Category 5,145.0,166.9,934.0,2016-09-28,2016-10-10,11.5,Landfall,Category 4,18.3,-74.3,130.0
2016273N13300,Matthew (2016),2016.0,2016-0355-JAM,nat-met-sto-tro,JAM,Americas,0.0,0.0,0.0,125000.0,125000.0,0.0,0.0,0.0,0.0,74.5496029864344,Category 5,145.0,166.9,934.0,2016-09-28,2016-10-10,11.5,Landfall,Category 4,18.3,-74.3,130.0
2016273N13300,Matthew (2016),2016.0,2016-0355-CUB,nat-met-sto-tro,CUB,Americas,0.0,0.0,0.0,190000.0,190000.0,0.0,0.0,2600000.0,3487611.0,74.5496029864344,Category 5,145.0,166.9,934.0,2016-09-28,2016-10-10,11.5,Landfall,Category 4,18.3,-74.3,130.0
2016230N25160,Lionrock (2016),2016.0,2016-0324-JPN,nat-met-sto-tro,JPN,Asia,0.0,22.0,0.0,0.0,0.0,0.0,0.0,0.0,0.0,74.5496029864344,Category 4,120.0,138.1,933.0,2016-08-16,2016-08-30,14.0,Landfall,Tropical Storm,39.2776,141.476,60.0
2016095S13162,Zena (2016),2016.0,2016-0141-FJI,nat-met-sto-tro,FJI,Oceania,0.0,2.0,0.0,5000.0,5000.0,0.0,0.0,0.0,0.0,74.5496029864344,Category 2,90.0,103.6,956.0,2016-04-04,2016-04-07,3.2,Landfall,Tropical Storm,-15.0251,167.012,50.0
2023131N11088,Mocha (2023),2023.0,2023-0294-BGD,nat-met-sto-tro,BGD,Asia,0.0,3.0,12.0,750000.0,750012.0,0.0,0.0,1000.0,1057.0,94.6446220103845,Category 5,138.0,158.8,918.0,2023-05-11,2023-05-14,3.8,Landfall,Category 3,20.8,93.1,105.0
2023157N12066,Biparjoy (2023),2023.0,2023-0331-PAK,nat-met-sto-tro,PAK,Asia,0.0,1.0,0.0,0.0,0.0,0.0,0.0,0.0,0.0,94.6446220103845,Category 3,105.0,120.8,945.0,2023-06-06,2023-06-16,10.2,Landfall,Tropical Storm,23.4,68.7,54.0
2015256N16113,Vamco (2015),2015.0,2015-0620-VNM,nat-met-sto-tro,VNM,Asia,0.0,11.0,0.0,0.0,0.0,0.0,0.0,218.0,296.0,73.6208029365864,Tropical Storm,35.0,40.3,996.0,2015-09-13,2015-09-15,2.2,Landfall,Tropical Depression,15.6351,108.219,32.0
2015256N16113,Vamco (2015),2015.0,2015-0620-KHM,nat-met-sto-tro,KHM,Asia,0.0,0.0,0.0,6300.0,6300.0,0.0,0.0,0.0,0.0,73.6208029365864,Tropical Storm,35.0,40.3,996.0,2015-09-13,2015-09-15,2.2,Landfall,Tropical Depression,15.6351,108.219,32.0
2015237N14315,Erika (2015),2015.0,2015-0375-DOM,nat-met-sto-tro,DOM,Americas,1015.0,0.0,0.0,33.0,2133.0,0.0,0.0,0.0,0.0,73.6208029365864,Tropical Storm,45.0,51.8,1001.0,2015-08-24,2015-08-28,3.8,At Sea / Open Water,At Sea / Open Water,0.0,0.0,0.0
2015309N14067,Megh (2015),2015.0,2015-0494-YEM,nat-met-sto-tro,YEM,Asia,0.0,18.0,0.0,15000.0,15000.0,0.0,0.0,0.0,0.0,73.6208029365864,Category 3,110.0,126.6,941.0,2015-11-04,2015-11-10,6.0,Landfall,Tropical Depression,13.4541,46.5591,22.0
2015273N12130,Mujigae (2015),2015.0,2015-0490-PHL,nat-met-sto-tro,PHL,Asia,0.0,2.0,0.0,3500.0,3500.0,0.0,0.0,1300.0,1766.0,73.6208029365864,Category 4,115.0,132.3,937.0,2015-09-30,2015-10-05,5.2,Landfall,Tropical Depression,15.7,121.325,30.0
2015301N11065,Chapala (2015),2015.0,2015-0484-YEM,nat-met-sto-tro,YEM,Asia,0.0,8.0,65.0,110000.0,110065.0,0.0,0.0,200000.0,271662.0,73.6208029365864,Category 4,130.0,149.6,926.0,2015-10-27,2015-11-04,7.5,Landfall,Tropical Storm,14.1,48.4,60.0
2015270N27291,Joaquin (2015),2015.0,2015-0479-BHS,nat-met-sto-tro,BHS,Americas,0.0,33.0,0.0,6710.0,6710.0,61000.0,82857.0,90000.0,122248.0,73.6208029365864,Category 4,135.0,155.4,931.0,2015-09-26,2015-10-15,18.2,Landfall,Tropical Storm,39.5,-9.1,35.0
2015270N27291,Joaquin (2015),2015.0,2015-0459-USA,nat-met-sto-tro,USA,Americas,0.0,25.0,0.0,800.0,800.0,400000.0,543325.0,2000000.0,2716623.0,73.6208029365864,Category 4,135.0,155.4,931.0,2015-09-26,2015-10-15,18.2,Landfall,Tropical Storm,39.5,-9.1,35.0
2015263N14148,Dujuan (2015),2015.0,2015-0458-TWN,nat-met-sto-tro,TWN,Asia,0.0,3.0,376.0,0.0,376.0,0.0,0.0,26000.0,35316.0,73.6208029365864,Category 4,130.0,149.6,926.0,2015-09-19,2015-09-30,10.5,Landfall,Category 3,24.125,121.05,100.0
2015263N14148,Dujuan (2015),2015.0,2015-0458-CHN,nat-met-sto-tro,CHN,Asia,0.0,0.0,0.0,0.0,0.0,79000.0,107307.0,661000.0,897844.0,73.6208029365864,Category 4,130.0,149.6,926.0,2015-09-19,2015-09-30,10.5,Landfall,Category 3,24.125,121.05,100.0
2023220N24150,Lan (2023),2023.0,2023-0526-JPN,nat-met-sto-tro,JPN,Asia,0.0,0.0,66.0,600.0,666.0,0.0,0.0,0.0,0.0,94.6446220103845,Category 4,115.0,132.3,936.0,2023-08-07,2023-08-17,9.8,Landfall,Category 1,33.8201,135.75,70.0
2023236N20125,Saola (2023),2023.0,2023-0568-HKG,nat-met-sto-tro,HKG,Asia,0.0,0.0,86.0,0.0,86.0,0.0,0.0,0.0,0.0,94.6446220103845,Category 4,134.0,154.2,921.0,2023-08-23,2023-09-03,10.8,Landfall,Category 2,21.9572,113.035,91.0
2015237N14315,Erika (2015),2015.0,2015-0375-DMA,nat-met-sto-tro,DMA,Americas,0.0,30.0,20.0,28000.0,28594.0,0.0,0.0,482810.0,655806.0,73.6208029365864,Tropical Storm,45.0,51.8,1001.0,2015-08-24,2015-08-28,3.8,At Sea / Open Water,At Sea / Open Water,0.0,0.0,0.0
2023302N10267,Pilar (2023),2023.0,2023-0703-SLV,nat-met-sto-tro,SLV,Americas,0.0,3.0,0.0,500.0,500.0,0.0,0.0,0.0,0.0,94.6446220103845,Tropical Storm,55.0,63.3,995.0,2023-10-28,2023-11-07,10.0,At Sea / Open Water,At Sea / Open Water,0.0,0.0,0.0
2015211N13162,Soudelor (2015),2015.0,2015-0339-PHL,nat-met-sto-tro,PHL,Asia,0.0,0.0,0.0,3843.0,3843.0,0.0,0.0,0.0,0.0,73.6208029365864,Category 5,155.0,178.4,907.0,2015-07-29,2015-08-12,13.5,Landfall,Category 2,23.9,120.9,95.0
2015211N13162,Soudelor (2015),2015.0,2015-0339-CHN,nat-met-sto-tro,CHN,Asia,0.0,18.0,0.0,1580000.0,1580000.0,0.0,0.0,1282690.0,1742293.0,73.6208029365864,Category 5,155.0,178.4,907.0,2015-07-29,2015-08-12,13.5,Landfall,Category 2,23.9,120.9,95.0
2015207N22091,Komen (2015),2015.0,2015-0309-BGD,nat-met-sto-tro,BGD,Asia,0.0,45.0,0.0,2600000.0,2600000.0,0.0,0.0,40000.0,54332.0,73.6208029365864,Tropical Storm,45.0,51.8,989.0,2015-07-26,2015-08-02,7.4,Landfall,Tropical Depression,22.9392,91.0634,32.0
2024001S21041,Alvaro (2024),2024.0,2024-0002-MDG,nat-met-sto-tro,MDG,Africa,0.0,10.0,0.0,25837.0,25837.0,0.0,0.0,0.0,0.0,97.436175616134,Tropical Storm,60.0,69.0,989.0,2024-01-01,2024-01-04,3.5,Landfall,Tropical Storm,-21.4,43.8,54.0
2024013S13057,Belal (2024),2024.0,2024-0009-MUS,nat-met-sto-tro,MUS,Africa,0.0,2.0,0.0,100000.0,100000.0,0.0,0.0,0.0,0.0,97.436175616134,Category 2,89.0,102.4,968.0,2024-01-12,2024-01-19,7.0,At Sea / Open Water,At Sea / Open Water,0.0,0.0,0.0
2024013S13057,Belal (2024),2024.0,2024-0009-REU,nat-met-sto-tro,REU,Africa,0.0,4.0,0.0,700.0,700.0,0.0,0.0,0.0,0.0,97.436175616134,Category 2,89.0,102.4,968.0,2024-01-12,2024-01-19,7.0,At Sea / Open Water,At Sea / Open Water,0.0,0.0,0.0
2015066S08170,Pam (2015),2015.0,2015-0093-VUT,nat-met-sto-tro,VUT,Oceania,44127.0,11.0,0.0,188000.0,188000.0,0.0,0.0,449400.0,610425.0,73.6208029365864,Category 5,150.0,172.6,911.0,2015-03-07,2015-03-20,12.8,At Sea / Open Water,At Sea / Open Water,0.0,0.0,0.0
2015066S08170,Pam (2015),2015.0,2015-0093-KIR,nat-met-sto-tro,KIR,Oceania,0.0,0.0,0.0,1500.0,1500.0,0.0,0.0,0.0,0.0,73.6208029365864,Category 5,150.0,172.6,911.0,2015-03-07,2015-03-20,12.8,At Sea / Open Water,At Sea / Open Water,0.0,0.0,0.0
2024071S20039,Filipo (2024),2024.0,2024-0164-MOZ,nat-met-sto-tro,MOZ,Africa,0.0,2.0,85.0,93240.0,93325.0,0.0,0.0,0.0,0.0,97.436175616134,Tropical Storm,60.0,69.0,990.0,2024-03-10,2024-03-14,3.8,Landfall,Tropical Storm,-21.5,34.9,51.0
2024086S13051,Gamane (2024),2024.0,2024-0172-MDG,nat-met-sto-tro,MDG,Africa,0.0,22.0,4.0,89465.0,89469.0,0.0,0.0,50000.0,51316.0,97.436175616134,Category 2,89.0,102.4,970.0,2024-03-26,2024-03-29,3.5,Landfall,Category 2,-12.9425,49.8499,84.0
2015036S20038,Fundi (2015),2015.0,2015-0074-MDG,nat-met-sto-tro,MDG,Africa,0.0,6.0,0.0,28450.0,36880.0,0.0,0.0,10000.0,13583.0,73.6208029365864,Tropical Storm,55.0,63.3,982.0,2015-02-05,2015-02-11,6.5,At Sea / Open Water,At Sea / Open Water,0.0,0.0,0.0
2024146N11126,Ewiniar (2024),2024.0,2024-0337-PHL,nat-met-sto-tro,PHL,Asia,0.0,6.0,8.0,52000.0,52008.0,0.0,0.0,20000.0,20526.0,97.436175616134,Category 2,93.0,107.0,957.0,2024-05-24,2024-05-28,3.2,Landfall,Tropical Depression,11.2,125.5,25.0
2014362N07130,Jangmi (2014),2014.0,2014-0497-PHL,nat-met-sto-tro,PHL,Asia,0.0,72.0,0.0,578549.0,578549.0,0.0,0.0,17688.0,24054.0,73.5335770092672,Tropical Storm,45.0,51.8,989.0,2014-12-27,2015-01-01,5.0,Landfall,Tropical Storm,8.9,126.0,40.0
2014329N08131,Sinlaku (2014),2014.0,2014-0474-PHL,nat-met-sto-tro,PHL,Asia,0.0,12.0,0.0,4695.0,4695.0,0.0,0.0,0.0,0.0,73.5335770092672,Tropical Storm,55.0,63.3,982.0,2014-11-25,2014-11-30,5.0,Landfall,Tropical Depression,9.03835,126.158,27.0
2014271N10160,Phanfone (2014),2014.0,2014-0397-JPN,nat-met-sto-tro,JPN,Asia,0.0,7.0,60.0,8706.0,8766.0,0.0,0.0,100000.0,135992.0,73.5335770092672,Category 4,135.0,155.4,922.0,2014-09-27,2014-10-08,10.2,Landfall,Category 1,34.88,138.367,70.0
2014253N13260,Odile (2014),2014.0,2014-0333-MEX,nat-met-sto-tro,MEX,Americas,0.0,6.0,135.0,75000.0,75135.0,1200000.0,1631908.0,2500000.0,3399807.0,73.5335770092672,Category 4,120.0,138.1,918.0,2014-09-09,2014-09-18,8.5,Landfall,Category 3,22.9,-109.9,110.0
2014234N12261,Marie (2014),2014.0,2014-0325-MEX,nat-met-sto-tro,MEX,Americas,0.0,3.0,0.0,30000.0,30000.0,0.0,0.0,14000.0,19039.0,73.5335770092672,Category 5,140.0,161.1,918.0,2014-08-22,2014-09-02,11.2,At Sea / Open Water,At Sea / Open Water,0.0,0.0,0.0
2014209N12152,Halong (2014),2014.0,2014-0316-JPN,nat-met-sto-tro,JPN,Asia,0.0,10.0,96.0,21654.0,21750.0,0.0,0.0,200000.0,271985.0,73.5335770092672,Category 5,140.0,161.1,918.0,2014-07-27,2014-08-15,18.2,Landfall,Tropical Storm,34.125,134.3,55.0
2014153N12267,Boris (2014),2014.0,2014-0183-MEX,nat-met-sto-tro,MEX,Americas,0.0,0.0,0.0,0.0,0.0,0.0,0.0,0.0,0.0,73.5335770092672,Tropical Storm,40.0,46.0,998.0,2014-06-01,2014-06-04,3.2,At Sea / Open Water,At Sea / Open Water,0.0,0.0,0.0
2013210N13122,Jebi (2013),2013.0,2013-0341-VNM,nat-met-sto-tro,VNM,Asia,0.0,7.0,11.0,5000.0,5011.0,0.0,0.0,1000.0,1382.0,72.3597374789251,Tropical Storm,60.0,69.0,978.0,2013-07-28,2013-08-03,5.8,Landfall,Tropical Depression,12.8151,121.396,0.0
2013149N14264,Barbara (2013),2013.0,2013-0188-MEX,nat-met-sto-tro,MEX,Americas,0.0,4.0,0.0,12000.0,12000.0,0.0,0.0,0.0,0.0,72.3597374789251,Category 1,70.0,80.6,983.0,2013-05-28,2013-05-30,2.2,Landfall,Category 1,16.0,-94.0,70.0
2012254N09135,Sanba (2012),2012.0,2012-0588-KOR,nat-met-sto-tro,KOR,Asia,0.0,0.0,0.0,3120.0,3120.0,0.0,0.0,349000.0,489378.0,71.3150877335761,Category 5,155.0,178.4,907.0,2012-09-10,2012-09-18,8.8,Landfall,Category 1,35.0967,128.16,65.0
2012254N09135,Sanba (2012),2012.0,2012-0588-JPN,nat-met-sto-tro,JPN,Asia,0.0,0.0,0.0,25250.0,25250.0,0.0,0.0,31000.0,43469.0,71.3150877335761,Category 5,155.0,178.4,907.0,2012-09-10,2012-09-18,8.8,Landfall,Category 1,35.0967,128.16,65.0
2012230N21126,Tembin (2012),2012.0,2012-0585-KOR,nat-met-sto-tro,KOR,Asia,0.0,2.0,0.0,0.0,0.0,0.0,0.0,0.0,0.0,71.3150877335761,Category 4,120.0,138.1,933.0,2012-08-17,2012-09-01,14.8,Landfall,Category 3,22.2716,120.937,107.0
2012234N16315,Isaac (2012),2012.0,2012-0313-DOM,nat-met-sto-tro,DOM,Americas,0.0,5.0,0.0,20515.0,20515.0,0.0,0.0,0.0,0.0,71.3150877335761,Category 1,70.0,80.6,965.0,2012-08-20,2012-09-01,11.8,Landfall,Tropical Storm,18.3,-72.7,55.0
2012232N13141,Bolaven (2012),2012.0,2012-0414-JPN,nat-met-sto-tro,JPN,Asia,0.0,0.0,0.0,0.0,0.0,0.0,0.0,86000.0,120592.0,71.3150877335761,Category 4,125.0,143.8,929.0,2012-08-18,2012-09-01,14.2,Landfall,Tropical Storm,40.1763,125.098,40.0
2012234N16315,Isaac (2012),2012.0,2012-0313-HTI,nat-met-sto-tro,HTI,Americas,0.0,13.0,7.0,8000.0,8007.0,0.0,0.0,0.0,0.0,71.3150877335761,Category 1,70.0,80.6,965.0,2012-08-20,2012-09-01,11.8,Landfall,Tropical Storm,18.3,-72.7,55.0
2020092S09155,Harold (2020),2020.0,2020-0132-SLB,nat-met-sto-tro,SLB,Oceania,0.0,48.0,0.0,150000.0,150000.0,0.0,0.0,0.0,0.0,80.3903830082114,Category 5,145.0,166.9,909.0,2020-04-01,2020-04-11,10.0,Landfall,Category 4,-15.6,166.867,120.0
2020152N12269,Amanda (2020),2020.0,2020-0218-HND,nat-met-sto-tro,HND,Americas,0.0,5.0,0.0,1200.0,1200.0,0.0,0.0,0.0,0.0,80.3903830082114,Tropical Storm,35.0,40.3,1003.0,2020-05-30,2020-05-31,0.8,Landfall,Tropical Storm,14.1,-90.3,35.0
2020154N19269,Cristobal (2020),2020.0,2020-0219-USA,nat-met-sto-tro,USA,Americas,0.0,1.0,0.0,0.0,0.0,0.0,0.0,325000.0,404277.0,80.3903830082114,Tropical Storm,50.0,57.5,982.0,2020-06-01,2020-06-12,10.5,Landfall,Tropical Storm,18.5797,-91.9762,48.0
2023196N17119,Talim (2023),2023.0,2023-0450-VNM,nat-met-sto-tro,VNM,Asia,0.0,1.0,3.0,0.0,3.0,0.0,0.0,0.0,0.0,94.6446220103845,Category 1,70.0,80.6,971.0,2023-07-14,2023-07-18,3.8,Landfall,Category 1,21.2931,110.212,67.0
2023203N14132,Doksuri (2023),2023.0,2023-0464-PHL,nat-met-sto-tro,PHL,Asia,0.0,39.0,171.0,5385066.0,5385237.0,0.0,0.0,284256.0,300340.0,94.6446220103845,Category 4,128.0,147.3,926.0,2023-07-21,2023-07-28,6.8,Landfall,Category 2,24.7901,118.563,83.0
2023131N11088,Mocha (2023),2023.0,2023-0294-MMR,nat-met-sto-tro,MMR,Asia,0.0,148.0,132.0,1200000.0,1200132.0,0.0,0.0,2240000.0,2366748.0,94.6446220103845,Category 5,138.0,158.8,918.0,2023-05-11,2023-05-14,3.8,Landfall,Category 3,20.8,93.1,105.0
2023131N11088,Mocha (2023),2023.0,2023-0294-IND,nat-met-sto-tro,IND,Asia,0.0,0.0,0.0,1000.0,1000.0,0.0,0.0,0.0,0.0,94.6446220103845,Category 5,138.0,158.8,918.0,2023-05-11,2023-05-14,3.8,Landfall,Category 3,20.8,93.1,105.0
2024147N19089,Remal (2024),2024.0,2024-0320-BGD,nat-met-sto-tro,BGD,Asia,0.0,16.0,13.0,4590000.0,4590013.0,0.0,0.0,90700.0,93087.0,97.436175616134,Tropical Storm,54.0,62.1,978.0,2024-05-25,2024-05-27,2.2,Landfall,Tropical Storm,21.7,88.4,54.0
2023337N12083,Michaung (2023),2023.0,2023-0792-IND,nat-met-sto-tro,IND,Asia,0.0,20.0,0.0,4390000.0,4390000.0,0.0,0.0,125000.0,132073.0,94.6446220103845,Tropical Storm,60.0,69.0,987.0,2023-12-03,2023-12-05,2.0,Landfall,Tropical Storm,14.3,80.1,60.0
2023296N18087,Hamoon (2023),2023.0,2023-0686-BGD,nat-met-sto-tro,BGD,Asia,0.0,3.0,0.0,1500000.0,1500000.0,0.0,0.0,250000.0,264146.0,94.6446220103845,Category 1,80.0,92.1,978.0,2023-10-23,2023-10-25,1.8,Landfall,Category 1,21.6,92.1,74.0
2023294N09061,Tej (2023),2023.0,2023-0685-YEM,nat-met-sto-tro,YEM,Asia,0.0,7.0,150.0,0.0,150.0,0.0,0.0,0.0,0.0,94.6446220103845,Category 3,109.0,125.4,956.0,2023-10-20,2023-10-24,3.8,Landfall,Tropical Storm,15.5575,52.1575,62.0
2023273N16134,Koinu (2023),2023.0,2023-0623-TWN,nat-met-sto-tro,TWN,Asia,0.0,1.0,190.0,0.0,190.0,0.0,0.0,0.0,0.0,94.6446220103845,Category 4,119.0,136.9,940.0,2023-09-29,2023-10-10,10.5,Landfall,Category 3,22.0,120.8,109.0
2023273N16134,Koinu (2023),2023.0,2023-0623-CHN,nat-met-sto-tro,CHN,Asia,0.0,0.0,0.0,0.0,0.0,0.0,0.0,0.0,0.0,94.6446220103845,Category 4,119.0,136.9,940.0,2023-09-29,2023-10-10,10.5,Landfall,Category 3,22.0,120.8,109.0
2023249N24133,Yun-Yeung (2023),2023.0,2023-0609-JPN,nat-met-sto-tro,JPN,Asia,0.0,3.0,0.0,3600.0,3600.0,0.0,0.0,0.0,0.0,94.6446220103845,Tropical Storm,39.0,44.9,992.0,2023-09-05,2023-09-08,3.0,At Sea / Open Water,At Sea / Open Water,0.0,0.0,0.0
2023239N21274,Idalia (2023),2023.0,2023-0565-USA,nat-met-sto-tro,USA,Americas,0.0,5.0,0.0,0.0,0.0,0.0,0.0,3500000.0,3698044.0,94.6446220103845,Category 4,115.0,132.3,942.0,2023-08-26,2023-09-08,12.8,Landfall,Category 3,29.9155,-83.6226,100.0
2023239N21274,Idalia (2023),2023.0,2023-0565-CUB,nat-met-sto-tro,CUB,Americas,0.0,0.0,0.0,0.0,0.0,0.0,0.0,0.0,0.0,94.6446220103845,Category 4,115.0,132.3,942.0,2023-08-26,2023-09-08,12.8,Landfall,Category 3,29.9155,-83.6226,100.0
2023232N13300,Franklin (2023),2023.0,2023-0559-DOM,nat-met-sto-tro,DOM,Americas,0.0,3.0,0.0,289083.0,289083.0,0.0,0.0,0.0,0.0,94.6446220103845,Category 4,130.0,149.6,926.0,2023-08-19,2023-09-09,21.0,Landfall,Tropical Storm,18.3,-71.1,40.0
2002265N10315,Lili (2002),2002.0,2002-0636-GRD,nat-met-sto-tro,GRD,Americas,0.0,0.0,0.0,70.0,75.0,0.0,0.0,0.0,0.0,55.8716960740501,Category 4,125.0,143.8,938.0,2002-09-21,2002-10-04,12.8,Landfall,Category 2,22.1,-84.0,90.0
2002265N10315,Lili (2002),2002.0,2002-0653-VCT,nat-met-sto-tro,VCT,Americas,0.0,4.0,0.0,1000.0,1000.0,0.0,0.0,11000.0,19688.0,55.8716960740501,Category 4,125.0,143.8,938.0,2002-09-21,2002-10-04,12.8,Landfall,Category 2,22.1,-84.0,90.0
2003262N17254,Marty (2003),2003.0,2003-0474-MEX,nat-met-sto-tro,MEX,Americas,0.0,2.0,0.0,6000.0,6000.0,0.0,0.0,100000.0,175009.0,57.1400352670416,Category 2,85.0,97.8,970.0,2003-09-18,2003-09-26,7.2,Landfall,Category 2,23.0,-109.7,85.0
2004255N23120,Haima (2004),2004.0,2004-0468-TWN,nat-met-sto-tro,TWN,Asia,0.0,9.0,0.0,6000.0,6000.0,0.0,0.0,2710.0,4619.0,58.6698092933412,Tropical Storm,35.0,40.3,997.0,2004-09-10,2004-09-19,8.5,Landfall,Tropical Depression,22.8,120.233,25.0
2005054S09173,Percy (2005),2005.0,2005-0102-TKL,nat-met-sto-tro,TKL,Oceania,0.0,0.0,1.0,0.0,26.0,0.0,0.0,0.0,0.0,60.6603317527392,Category 5,140.0,161.1,898.0,2005-02-23,2005-03-05,10.5,At Sea / Open Water,At Sea / Open Water,0.0,0.0,0.0
2005041S13181,Olaf (2005),2005.0,2005-0151-ASM,nat-met-sto-tro,ASM,Oceania,0.0,0.0,0.0,0.0,0.0,0.0,0.0,0.0,0.0,60.6603317527392,Category 5,145.0,166.9,892.0,2005-02-10,2005-02-23,13.0,At Sea / Open Water,At Sea / Open Water,0.0,0.0,0.0
2005192N11318,Emily (2005),2005.0,2005-0382-GRD,nat-met-sto-tro,GRD,Americas,0.0,1.0,0.0,0.0,0.0,0.0,0.0,44900.0,74019.0,60.6603317527392,Category 5,140.0,161.1,929.0,2005-07-11,2005-07-21,10.5,Landfall,Category 2,20.6198,-88.0304,92.0
2005262N13127,Damrey (2005),2005.0,2005-0540-CHN,nat-met-sto-tro,CHN,Asia,0.0,25.0,0.0,5719000.0,5719000.0,0.0,0.0,1040000.0,1714465.0,60.6603317527392,Category 2,90.0,103.6,954.0,2005-09-19,2005-09-28,9.0,Landfall,Category 1,18.8617,110.331,75.0
2005275N19274,Stan (2005),2005.0,2005-0567-GTM,nat-met-sto-tro,GTM,Americas,25257.0,1513.0,386.0,474928.0,475314.0,0.0,0.0,988300.0,1629236.0,60.6603317527392,Category 1,70.0,80.6,977.0,2005-10-01,2005-10-05,3.8,Landfall,Tropical Storm,19.5456,-87.3758,36.0
2005296N16293,Alpha (2005),2005.0,2005-0597-HTI,nat-met-sto-tro,HTI,Americas,0.0,12.0,17.0,2175.0,2192.0,0.0,0.0,0.0,0.0,60.6603317527392,Tropical Storm,45.0,51.8,998.0,2005-10-22,2005-10-24,2.2,Landfall,Tropical Storm,18.3,-71.3,45.0
2006161N20275,Alberto (2006),2006.0,2006-0272-CUB,nat-met-sto-tro,CUB,Americas,0.0,0.0,8.0,260.0,268.0,0.0,0.0,0.0,0.0,62.6171947810345,Tropical Storm,60.0,69.0,969.0,2006-06-10,2006-06-19,9.0,Landfall,Tropical Storm,29.9,-83.7,40.0
2006198N08152,Kaemi (2006),2006.0,2006-0388-CHN,nat-met-sto-tro,CHN,Asia,0.0,109.0,0.0,6531000.0,6531000.0,0.0,0.0,367000.0,586101.0,62.6171947810345,Category 1,75.0,86.3,967.0,2006-07-17,2006-07-29,12.0,Landfall,Tropical Storm,23.05,120.725,55.0
2006198N08152,Kaemi (2006),2006.0,2006-0388-TWN,nat-met-sto-tro,TWN,Asia,0.0,0.0,0.0,800.0,800.0,0.0,0.0,0.0,0.0,62.6171947810345,Category 1,75.0,86.3,967.0,2006-07-17,2006-07-29,12.0,Landfall,Tropical Storm,23.05,120.725,55.0
2006237N13298,Ernesto (2006),2006.0,2006-0466-HTI,nat-met-sto-tro,HTI,Americas,0.0,5.0,0.0,15000.0,15000.0,0.0,0.0,0.0,0.0,62.6171947810345,Category 1,65.0,74.8,985.0,2006-08-24,2006-09-04,10.5,Landfall,Tropical Storm,19.9,-75.5,35.0
2006257N16259,Lane (2006),2006.0,2006-0505-MEX,nat-met-sto-tro,MEX,Americas,0.0,4.0,0.0,240700.0,240700.0,0.0,0.0,2700.0,4312.0,62.6171947810345,Category 3,110.0,126.6,952.0,2006-09-13,2006-09-17,3.8,Landfall,Category 3,24.1,-107.2,110.0
2006294N16254,Paul (2006),2006.0,2006-0604-MEX,nat-met-sto-tro,MEX,Americas,0.0,4.0,0.0,20000.0,20000.0,0.0,0.0,0.0,0.0,62.6171947810345,Category 2,90.0,103.6,970.0,2006-10-21,2006-10-26,5.0,At Sea / Open Water,At Sea / Open Water,0.0,0.0,0.0
2007151N14072,Gonu (2007),2007.0,2007-0164-IRN,nat-met-sto-tro,IRN,Asia,0.0,12.0,9.0,185000.0,185009.0,0.0,0.0,0.0,0.0,64.4034636847652,Category 5,145.0,166.9,898.0,2007-05-31,2007-06-08,7.8,Landfall,Tropical Depression,25.7051,57.9702,20.0
2007244N12303,Felix (2007),2007.0,2007-0439-MEX,nat-met-sto-tro,MEX,Americas,0.0,0.0,0.0,0.0,30000.0,0.0,0.0,0.0,0.0,64.4034636847652,Category 5,150.0,172.6,929.0,2007-08-31,2007-09-06,6.2,Landfall,Category 5,14.3,-83.2,140.0
2007297N18300,Noel (2007),2007.0,2007-0523-HTI,nat-met-sto-tro,HTI,Americas,0.0,90.0,133.0,108630.0,108763.0,0.0,0.0,0.0,0.0,64.4034636847652,Category 1,75.0,86.3,965.0,2007-10-24,2007-11-06,13.0,Landfall,Tropical Storm,19.7408,-73.2102,42.0
2007345N18298,Olga (2007),2007.0,2007-0612-PRI,nat-met-sto-tro,PRI,Americas,0.0,1.0,0.0,0.0,0.0,0.0,0.0,0.0,0.0,64.4034636847652,Tropical Storm,50.0,57.5,1003.0,2007-12-10,2007-12-16,5.8,Landfall,Tropical Storm,18.4,-66.5,40.0
2008117N11090,Nargis (2008),2008.0,2008-0184-MMR,nat-met-sto-tro,MMR,Asia,607329.0,138366.0,20000.0,2400000.0,2420000.0,0.0,0.0,4000000.0,5981221.0,66.8759741789087,Category 4,115.0,132.3,937.0,2008-04-25,2008-05-04,8.5,Landfall,Category 4,16.0,94.5,115.0
2008117N11090,Nargis (2008),2008.0,2008-0184-THA,nat-met-sto-tro,THA,Asia,0.0,0.0,0.0,0.0,1000.0,0.0,0.0,0.0,0.0,66.8759741789087,Category 4,115.0,132.3,937.0,2008-04-25,2008-05-04,8.5,Landfall,Category 4,16.0,94.5,115.0
2008152N18273,Arthur (2008),2008.0,2008-0233-BLZ,nat-met-sto-tro,BLZ,Americas,362.0,7.0,0.0,10000.0,10000.0,0.0,0.0,0.0,0.0,66.8759741789087,Tropical Storm,40.0,46.0,1004.0,2008-05-31,2008-06-02,2.0,Landfall,Tropical Storm,17.9,-88.2,40.0
2008150N10274,Alma (2008),2008.0,2008-0234-CRI,nat-met-sto-tro,CRI,Americas,0.0,4.0,0.0,55000.0,55000.0,0.0,0.0,0.0,0.0,66.8759741789087,Tropical Storm,55.0,63.3,994.0,2008-05-29,2008-05-30,1.5,Landfall,Tropical Storm,12.4446,-87.0324,52.0
2008150N10274,Alma (2008),2008.0,2008-0234-HND,nat-met-sto-tro,HND,Americas,0.0,0.0,0.0,0.0,0.0,0.0,0.0,0.0,0.0,66.8759741789087,Tropical Storm,55.0,63.3,994.0,2008-05-29,2008-05-30,1.5,Landfall,Tropical Storm,12.4446,-87.0324,52.0
2008203N18276,Dolly (2008),2008.0,2008-0304-MEX,nat-met-sto-tro,MEX,Americas,0.0,2.0,0.0,500000.0,500000.0,0.0,0.0,75000.0,112148.0,66.8759741789087,Category 2,85.0,97.8,963.0,2008-07-20,2008-07-27,6.5,Landfall,Tropical Storm,20.8,-87.0,45.0
2008203N18276,Dolly (2008),2008.0,2008-0304-USA,nat-met-sto-tro,USA,Americas,0.0,0.0,0.0,0.0,0.0,600000.0,897183.0,1200000.0,1794366.0,66.8759741789087,Category 2,85.0,97.8,963.0,2008-07-20,2008-07-27,6.5,Landfall,Tropical Storm,20.8,-87.0,45.0
2008241N19303,Hanna (2008),2008.0,2008-0378-DOM,nat-met-sto-tro,DOM,Americas,0.0,1.0,0.0,10745.0,10745.0,0.0,0.0,0.0,0.0,66.8759741789087,Category 1,75.0,86.3,977.0,2008-08-28,2008-09-08,11.5,Landfall,Tropical Storm,34.5805,-78.498,54.0
2008241N19303,Hanna (2008),2008.0,2008-0378-TCA,nat-met-sto-tro,TCA,Americas,0.0,0.0,0.0,750.0,750.0,0.0,0.0,0.0,0.0,66.8759741789087,Category 1,75.0,86.3,977.0,2008-08-28,2008-09-08,11.5,Landfall,Tropical Storm,34.5805,-78.498,54.0
2008245N17323,Ike (2008),2008.0,2008-0384-BHS,nat-met-sto-tro,BHS,Americas,0.0,0.0,0.0,3000.0,3000.0,0.0,0.0,0.0,0.0,66.8759741789087,Category 4,125.0,143.8,935.0,2008-09-01,2008-09-15,14.2,Landfall,Category 3,21.0,-73.2,110.0
2009227N12328,Bill (2009),2009.0,2009-0342-CAN,nat-met-sto-tro,CAN,Americas,0.0,0.0,3.0,0.0,3.0,0.0,0.0,0.0,0.0,66.6382010716644,Category 4,115.0,132.3,943.0,2009-08-15,2009-08-26,10.8,Landfall,Tropical Storm,48.0,-53.0,60.0
2009227N12328,Bill (2009),2009.0,2009-0342-USA,nat-met-sto-tro,USA,Americas,0.0,3.0,9.0,0.0,9.0,0.0,0.0,0.0,0.0,66.6382010716644,Category 4,115.0,132.3,943.0,2009-08-15,2009-08-26,10.8,Landfall,Tropical Storm,48.0,-53.0,60.0
2009239N12270,Jimena (2009),2009.0,2009-0384-MEX,nat-met-sto-tro,MEX,Americas,0.0,4.0,0.0,72000.0,72000.0,0.0,0.0,40000.0,60026.0,66.6382010716644,Category 4,135.0,155.4,931.0,2009-08-26,2009-09-05,9.8,Landfall,Category 2,24.8387,-112.121,90.0
2009313N11072,Phyan (2009),2009.0,2009-0609-IND,nat-met-sto-tro,IND,Asia,0.0,20.0,0.0,0.0,0.0,0.0,0.0,300000.0,450192.0,66.6382010716644,Tropical Storm,50.0,57.5,985.0,2009-11-09,2009-11-11,2.4,Landfall,Tropical Storm,18.75,73.3,45.0
2010198N15123,Chanthu (2010),2010.0,2010-0332-HKG,nat-met-sto-tro,HKG,Asia,0.0,1.0,0.0,15000.0,15000.0,0.0,0.0,0.0,0.0,67.7310945291778,Category 1,80.0,92.1,963.0,2010-07-17,2010-07-23,6.5,Landfall,Tropical Depression,15.2667,121.233,25.0
2010149N13266,Agatha (2010),2010.0,2010-0211-GTM,nat-met-sto-tro,GTM,Americas,0.0,174.0,154.0,397808.0,397962.0,0.0,0.0,650000.0,959677.0,67.7310945291778,Tropical Storm,40.0,46.0,1001.0,2010-05-28,2010-05-30,1.8,Landfall,Tropical Storm,14.6,-91.9,35.0
2010149N13266,Agatha (2010),2010.0,2010-0211-HND,nat-met-sto-tro,HND,Americas,0.0,18.0,4.0,16673.0,24675.0,0.0,0.0,90000.0,132878.0,67.7310945291778,Tropical Storm,40.0,46.0,1001.0,2010-05-28,2010-05-30,1.8,Landfall,Tropical Storm,14.6,-91.9,35.0
2010236N12341,Earl (2010),2010.0,2010-0468-USA,nat-met-sto-tro,USA,Americas,0.0,1.0,0.0,0.0,0.0,0.0,0.0,100000.0,147643.0,67.7310945291778,Category 4,125.0,143.8,927.0,2010-08-24,2010-09-06,13.0,Landfall,Category 1,44.3,-64.5,65.0
2010257N16282,Karl (2010),2010.0,2010-0494-MEX,nat-met-sto-tro,MEX,Americas,50.0,12.0,0.0,230000.0,230000.0,150000.0,221464.0,3900000.0,5758064.0,67.7310945291778,Category 3,110.0,126.6,956.0,2010-09-13,2010-09-18,4.5,Landfall,Tropical Storm,18.5,-87.8,55.0
2010267N14285,Matthew (2010),2010.0,2010-0503-BLZ,nat-met-sto-tro,BLZ,Americas,0.0,0.0,0.0,0.0,0.0,0.0,0.0,0.0,0.0,67.7310945291778,Tropical Storm,50.0,57.5,998.0,2010-09-23,2010-09-26,3.2,Landfall,Tropical Storm,14.7,-83.3,50.0
2010267N14285,Matthew (2010),2010.0,2010-0503-NIC,nat-met-sto-tro,NIC,Americas,0.0,0.0,0.0,0.0,0.0,0.0,0.0,0.0,0.0,67.7310945291778,Tropical Storm,50.0,57.5,998.0,2010-09-23,2010-09-26,3.2,Landfall,Tropical Storm,14.7,-83.3,50.0
2010267N14285,Matthew (2010),2010.0,2010-0503-VEN,nat-met-sto-tro,VEN,Americas,0.0,8.0,0.0,0.0,0.0,0.0,0.0,0.0,0.0,67.7310945291778,Tropical Storm,50.0,57.5,998.0,2010-09-23,2010-09-26,3.2,Landfall,Tropical Storm,14.7,-83.3,50.0
2010302N09306,Tomas (2010),2010.0,2010-0571-BRB,nat-met-sto-tro,BRB,Americas,0.0,0.0,0.0,2500.0,2500.0,0.0,0.0,0.0,0.0,67.7310945291778,Category 2,85.0,97.8,982.0,2010-10-29,2010-11-10,12.5,At Sea / Open Water,At Sea / Open Water,0.0,0.0,0.0
2010302N09306,Tomas (2010),2010.0,2010-0571-HTI,nat-met-sto-tro,HTI,Americas,0.0,21.0,0.0,5020.0,5020.0,0.0,0.0,0.0,0.0,67.7310945291778,Category 2,85.0,97.8,982.0,2010-10-29,2010-11-10,12.5,At Sea / Open Water,At Sea / Open Water,0.0,0.0,0.0
2011038S11062,Bingiza (2011),2011.0,2011-0057-MDG,nat-met-sto-tro,MDG,Africa,2091.0,35.0,73.0,89297.0,115215.0,0.0,0.0,0.0,0.0,69.869263508865,Category 3,100.0,115.1,948.0,2011-02-06,2011-02-21,15.0,Landfall,Category 2,-15.9,49.7,85.0
2011279N10257,Jova (2011),2011.0,2011-0385-MEX,nat-met-sto-tro,MEX,Americas,71.0,5.0,0.0,50000.0,50000.0,0.0,0.0,27700.0,39645.0,69.869263508865,Category 3,110.0,126.6,955.0,2011-10-05,2011-10-12,7.2,Landfall,Category 2,19.6,-105.1,85.0
2012018S16041,Funso (2012),2012.0,2012-0005-MOZ,nat-met-sto-tro,MOZ,Africa,0.0,10.0,0.0,65000.0,65000.0,0.0,0.0,0.0,0.0,71.3150877335761,Category 4,115.0,132.3,937.0,2012-01-17,2012-02-01,15.2,At Sea / Open Water,At Sea / Open Water,0.0,0.0,0.0
2012018S16041,Funso (2012),2012.0,2012-0005-MWI,nat-met-sto-tro,MWI,Africa,0.0,0.0,0.0,6000.0,6000.0,0.0,0.0,0.0,0.0,71.3150877335761,Category 4,115.0,132.3,937.0,2012-01-17,2012-02-01,15.2,At Sea / Open Water,At Sea / Open Water,0.0,0.0,0.0
2012201N15129,Vicente (2012),2012.0,2012-0259-VNM,nat-met-sto-tro,VNM,Asia,0.0,10.0,3.0,0.0,3.0,0.0,0.0,0.0,0.0,71.3150877335761,Category 4,115.0,132.3,937.0,2012-07-18,2012-07-25,6.8,Landfall,Category 3,22.0342,112.828,100.0
2012225N16133,Kai-Tak (2012),2012.0,2012-0294-PHL,nat-met-sto-tro,PHL,Asia,0.0,4.0,0.0,0.0,0.0,0.0,0.0,3000.0,4207.0,71.3150877335761,Category 1,65.0,74.8,974.0,2012-08-11,2012-08-18,7.0,Landfall,Tropical Storm,18.3933,121.531,55.0
2000232N12116,Kaemi (2000),2000.0,2000-0539-THA,nat-met-sto-tro,THA,Asia,0.0,2.0,0.0,41219.0,41219.0,0.0,0.0,0.0,0.0,53.4877366816787,Tropical Storm,45.0,51.8,995.0,2000-08-18,2000-08-23,5.2,Landfall,Tropical Storm,16.0121,107.79,40.0
2001189N13130,Trami (2001),2001.0,2001-0415-TWN,nat-met-sto-tro,TWN,Asia,0.0,5.0,17.0,0.0,2017.0,0.0,0.0,0.0,0.0,54.9993852662954,Tropical Storm,40.0,46.0,997.0,2001-07-07,2001-07-12,4.5,Landfall,Tropical Storm,22.7846,120.923,35.0
2000184N13133,Kirogi (2000),2000.0,2000-0396-PHL,nat-met-sto-tro,PHL,Asia,0.0,11.0,0.0,0.0,120000.0,0.0,0.0,7500.0,14022.0,53.4877366816787,Category 4,115.0,132.3,985.0,2000-07-02,2000-07-10,8.2,At Sea / Open Water,At Sea / Open Water,0.0,0.0,0.0
2000248N17117,Wukong (2000),2000.0,2000-0582-VNM,nat-met-sto-tro,VNM,Asia,0.0,5.0,29.0,0.0,6029.0,0.0,0.0,21000.0,39261.0,53.4877366816787,Category 2,95.0,109.3,980.0,2000-09-04,2000-09-10,6.5,Landfall,Category 1,18.2,109.675,75.0
2002178N04155,Chataan (2002),2002.0,2002-0408-PHL,nat-met-sto-tro,PHL,Asia,0.0,33.0,41.0,700000.0,700041.0,0.0,0.0,1000.0,1790.0,55.8716960740501,Category 4,130.0,149.6,910.0,2002-06-27,2002-07-13,15.8,Landfall,Tropical Storm,35.0259,139.925,50.0
2002252N20121,Hagupit (2002),2002.0,2002-0599-CHN,nat-met-sto-tro,CHN,Asia,0.0,25.0,0.0,180000.0,180000.0,0.0,0.0,0.0,0.0,55.8716960740501,Tropical Storm,45.0,51.8,991.0,2002-09-08,2002-09-15,7.0,Landfall,Tropical Depression,21.7512,111.597,25.0
2002265N10315,Lili (2002),2002.0,2002-0617-BRB,nat-met-sto-tro,BRB,Americas,0.0,0.0,0.0,0.0,2000.0,0.0,0.0,200.0,358.0,55.8716960740501,Category 4,125.0,143.8,938.0,2002-09-21,2002-10-04,12.8,Landfall,Category 2,22.1,-84.0,90.0
2002265N10315,Lili (2002),2002.0,2002-0626-CYM,nat-met-sto-tro,CYM,Americas,0.0,0.0,0.0,300.0,300.0,0.0,0.0,1000.0,1790.0,55.8716960740501,Category 4,125.0,143.8,938.0,2002-09-21,2002-10-04,12.8,Landfall,Category 2,22.1,-84.0,90.0
2002258N10300,Isidore (2002),2002.0,2002-0656-CYM,nat-met-sto-tro,CYM,Americas,0.0,0.0,0.0,0.0,0.0,0.0,0.0,500.0,895.0,55.8716960740501,Category 3,110.0,126.6,934.0,2002-09-14,2002-09-27,13.0,Landfall,Tropical Depression,10.0856,-61.4549,25.0
2002335N05166,Pongsona (2002),2002.0,2002-0826-MNP,nat-met-sto-tro,MNP,Oceania,0.0,0.0,0.0,0.0,300.0,0.0,0.0,0.0,0.0,55.8716960740501,Category 4,130.0,149.6,910.0,2002-12-01,2002-12-11,10.5,At Sea / Open Water,At Sea / Open Water,0.0,0.0,0.0
2003021S10163,Beni (2003),2003.0,2003-0057-SLB,nat-met-sto-tro,SLB,Oceania,0.0,0.0,0.0,275.0,275.0,0.0,0.0,0.0,0.0,57.1400352670416,Category 4,125.0,143.8,916.0,2003-01-20,2003-02-05,15.2,Landfall,Tropical Depression,-10.8,162.3,0.0
2003021S11081,Fari (2003),2003.0,2003-0065-MDG,nat-met-sto-tro,MDG,Africa,0.0,0.0,0.0,0.0,500.0,0.0,0.0,0.0,0.0,57.1400352670416,Tropical Storm,55.0,63.3,984.0,2003-01-21,2003-02-02,12.5,Landfall,Tropical Storm,-20.3,48.4667,55.0
2003359S15177,Heta (2004),2004.0,2004-0004-NIU,nat-met-sto-tro,NIU,Oceania,0.0,1.0,2.0,200.0,702.0,0.0,0.0,40000.0,68178.0,58.6698092933412,Category 5,140.0,161.1,898.0,2003-12-25,2004-01-12,17.8,At Sea / Open Water,At Sea / Open Water,0.0,0.0,0.0
2003359S15177,Heta (2004),2004.0,2004-0004-WSM,nat-met-sto-tro,WSM,Oceania,0.0,1.0,0.0,0.0,0.0,0.0,0.0,0.0,0.0,58.6698092933412,Category 5,140.0,161.1,898.0,2003-12-25,2004-01-12,17.8,At Sea / Open Water,At Sea / Open Water,0.0,0.0,0.0
2004177N12154,Tingting (2004),2004.0,2004-0312-MNP,nat-met-sto-tro,MNP,Oceania,0.0,3.0,0.0,200.0,200.0,0.0,0.0,0.0,0.0,58.6698092933412,Category 1,80.0,92.1,963.0,2004-06-24,2004-07-13,18.2,At Sea / Open Water,At Sea / Open Water,0.0,0.0,0.0
2005275N19274,Stan (2005),2005.0,2005-0567-MEX,nat-met-sto-tro,MEX,Americas,0.0,36.0,0.0,1954571.0,1954571.0,0.0,0.0,2500000.0,4121309.0,60.6603317527392,Category 1,70.0,80.6,977.0,2005-10-01,2005-10-05,3.8,Landfall,Tropical Storm,19.5456,-87.3758,36.0
2005275N19274,Stan (2005),2005.0,2005-0567-NIC,nat-met-sto-tro,NIC,Americas,0.0,3.0,0.0,7880.0,7880.0,0.0,0.0,0.0,0.0,60.6603317527392,Category 1,70.0,80.6,977.0,2005-10-01,2005-10-05,3.8,Landfall,Tropical Storm,19.5456,-87.3758,36.0
2005296N16293,Alpha (2005),2005.0,2005-0597-DOM,nat-met-sto-tro,DOM,Americas,0.0,9.0,0.0,1000.0,1000.0,0.0,0.0,0.0,0.0,60.6603317527392,Tropical Storm,45.0,51.8,998.0,2005-10-22,2005-10-24,2.2,Landfall,Tropical Storm,18.3,-71.3,45.0
2006025S18147,Jim (2006),2006.0,2006-0073-FJI,nat-met-sto-tro,FJI,Oceania,0.0,0.0,0.0,168.0,168.0,0.0,0.0,0.0,0.0,62.6171947810345,Category 1,80.0,92.1,963.0,2006-01-25,2006-02-03,9.0,At Sea / Open Water,At Sea / Open Water,0.0,0.0,0.0
2006021S11053,Boloetse (2006),2006.0,2006-0089-MDG,nat-met-sto-tro,MDG,Africa,0.0,3.0,0.0,6112.0,6212.0,0.0,0.0,0.0,0.0,62.6171947810345,Category 3,100.0,115.1,944.0,2006-01-20,2006-02-06,17.0,Landfall,Tropical Depression,-20.5,48.2,30.0
2006074S13158,Larry (2006),2006.0,2006-0139-AUS,nat-met-sto-tro,AUS,Oceania,0.0,0.0,30.0,0.0,7030.0,335000.0,534997.0,1180000.0,1884466.0,62.6171947810345,Category 4,115.0,132.3,937.0,2006-03-14,2006-03-21,7.0,Landfall,Category 3,-17.533,146.088,107.0
2006081S14129,Glenda (2006),2006.0,2006-0155-AUS,nat-met-sto-tro,AUS,Oceania,0.0,0.0,0.0,500.0,500.0,0.0,0.0,0.0,0.0,62.6171947810345,Category 4,120.0,138.1,922.0,2006-03-22,2006-03-31,9.2,Landfall,Tropical Depression,-15.0458,128.964,15.0
2006188N10143,Bilis (2006),2006.0,2006-0362-TWN,nat-met-sto-tro,TWN,Asia,0.0,3.0,0.0,0.0,0.0,0.0,0.0,0.0,0.0,62.6171947810345,Tropical Storm,50.0,57.5,987.0,2006-07-07,2006-07-17,10.5,Landfall,Tropical Storm,26.4267,119.487,40.0
2006198N08152,Kaemi (2006),2006.0,2006-0388-PHL,nat-met-sto-tro,PHL,Asia,0.0,4.0,0.0,200355.0,200355.0,0.0,0.0,471.0,752.0,62.6171947810345,Category 1,75.0,86.3,967.0,2006-07-17,2006-07-29,12.0,Landfall,Tropical Storm,23.05,120.725,55.0
2006216N07151,Saomai (2006),2006.0,2006-0437-CHN,nat-met-sto-tro,CHN,Asia,0.0,441.0,1350.0,5920000.0,5923350.0,0.0,0.0,2510000.0,4008484.0,62.6171947810345,Category 5,140.0,161.1,898.0,2006-08-04,2006-08-12,8.2,Landfall,Category 4,27.2,119.975,115.0
2007043S11071,Favio (2007),2007.0,2007-0080-ZWE,nat-met-sto-tro,ZWE,Africa,0.0,0.0,0.0,0.0,0.0,0.0,0.0,1200.0,1863.0,64.4034636847652,Category 4,120.0,138.1,922.0,2007-02-11,2007-02-23,12.0,Landfall,Category 2,-21.6667,35.1,90.0
2006364S12058,Clovis (2007),2007.0,2007-0032-MDG,nat-met-sto-tro,MDG,Africa,0.0,1.0,0.0,7313.0,7313.0,0.0,0.0,0.0,0.0,64.4034636847652,Category 1,65.0,74.8,976.0,2006-12-29,2007-01-04,6.2,Landfall,Tropical Storm,-20.7333,48.4333,60.0
2007084S12157,Becky (2007),2007.0,2007-0133-NZL,nat-met-sto-tro,NZL,Oceania,0.0,0.0,0.0,300.0,300.0,0.0,0.0,0.0,0.0,64.4034636847652,Category 1,70.0,80.6,970.0,2007-03-24,2007-03-29,5.0,At Sea / Open Water,At Sea / Open Water,0.0,0.0,0.0
2007188N04148,Man-Yi (2007),2007.0,2007-0262-JPN,nat-met-sto-tro,JPN,Asia,0.0,5.0,12.0,40000.0,40012.0,67000.0,104032.0,60000.0,93163.0,64.4034636847652,Category 4,125.0,143.8,929.0,2007-07-06,2007-07-23,16.5,Landfall,Category 1,31.4521,130.839,81.0
2007223N19136,Sepat (2007),2007.0,2007-0380-TWN,nat-met-sto-tro,TWN,Asia,0.0,0.0,12.0,0.0,1812.0,0.0,0.0,25000.0,38818.0,64.4034636847652,Category 5,140.0,161.1,918.0,2007-08-11,2007-08-24,13.2,Landfall,Category 3,23.55,121.025,100.0
2007244N12303,Felix (2007),2007.0,2007-0439-GTM,nat-met-sto-tro,GTM,Americas,0.0,0.0,0.0,3905.0,3905.0,0.0,0.0,0.0,0.0,64.4034636847652,Category 5,150.0,172.6,929.0,2007-08-31,2007-09-06,6.2,Landfall,Category 5,14.3,-83.2,140.0
2007244N12303,Felix (2007),2007.0,2007-0439-NIC,nat-met-sto-tro,NIC,Americas,0.0,177.0,0.0,188726.0,188726.0,0.0,0.0,0.0,0.0,64.4034636847652,Category 5,150.0,172.6,929.0,2007-08-31,2007-09-06,6.2,Landfall,Category 5,14.3,-83.2,140.0
2007274N18131,Krosa (2007),2007.0,2007-0552-CHN,nat-met-sto-tro,CHN,Asia,0.0,0.0,0.0,0.0,0.0,0.0,0.0,1077788.0,1673494.0,64.4034636847652,Category 4,130.0,149.6,926.0,2007-10-01,2007-10-14,12.8,Landfall,Category 3,24.9597,121.582,102.0
2007314N10093,Sidr (2007),2007.0,2007-0556-IND,nat-met-sto-tro,IND,Asia,0.0,0.0,0.0,0.0,0.0,0.0,0.0,0.0,0.0,64.4034636847652,Category 5,140.0,161.1,918.0,2007-11-10,2007-11-16,5.9,Landfall,Category 3,22.5429,90.3714,100.0
2007242N13264,Henriette (2007),2007.0,2007-0671-MEX,nat-met-sto-tro,MEX,Americas,0.0,6.0,0.0,0.0,0.0,0.0,0.0,0.0,0.0,64.4034636847652,Category 1,75.0,86.3,972.0,2007-08-30,2007-09-06,7.0,Landfall,Category 1,23.1,-109.6,70.0
2008150N10274,Alma (2008),2008.0,2008-0234-NIC,nat-met-sto-tro,NIC,Americas,0.0,13.0,0.0,25000.0,25000.0,0.0,0.0,0.0,0.0,66.8759741789087,Tropical Storm,55.0,63.3,994.0,2008-05-29,2008-05-30,1.5,Landfall,Tropical Storm,12.4446,-87.0324,52.0
2008203N18276,Dolly (2008),2008.0,2008-0304-GTM,nat-met-sto-tro,GTM,Americas,0.0,17.0,0.0,0.0,0.0,0.0,0.0,0.0,0.0,66.8759741789087,Category 2,85.0,97.8,963.0,2008-07-20,2008-07-27,6.5,Landfall,Tropical Storm,20.8,-87.0,45.0
2008245N17323,Ike (2008),2008.0,2008-0384-HTI,nat-met-sto-tro,HTI,Americas,0.0,74.0,50.0,125000.0,125050.0,0.0,0.0,0.0,0.0,66.8759741789087,Category 4,125.0,143.8,935.0,2008-09-01,2008-09-15,14.2,Landfall,Category 3,21.0,-73.2,110.0
2008241N19303,Hanna (2008),2008.0,2008-0378-HTI,nat-met-sto-tro,HTI,Americas,128898.0,529.0,0.0,48000.0,48000.0,0.0,0.0,0.0,0.0,66.8759741789087,Category 1,75.0,86.3,977.0,2008-08-28,2008-09-08,11.5,Landfall,Tropical Storm,34.5805,-78.498,54.0
2008245N17323,Ike (2008),2008.0,2008-0384-CUB,nat-met-sto-tro,CUB,Americas,0.0,7.0,0.0,0.0,0.0,0.0,0.0,1500000.0,2242958.0,66.8759741789087,Category 4,125.0,143.8,935.0,2008-09-01,2008-09-15,14.2,Landfall,Category 3,21.0,-73.2,110.0
2010240N15142,Kompasu (2010),2010.0,2010-0479-KOR,nat-met-sto-tro,KOR,Asia,0.0,12.0,0.0,41500.0,41500.0,0.0,0.0,0.0,0.0,67.7310945291778,Category 3,105.0,120.8,944.0,2010-08-27,2010-09-06,9.8,Landfall,Category 1,38.1,127.15,65.0
2010256N17137,Fanapi (2010),2010.0,2010-0484-CHN,nat-met-sto-tro,CHN,Asia,0.0,75.0,0.0,1000000.0,1000000.0,0.0,0.0,298285.0,440396.0,67.7310945291778,Category 3,105.0,120.8,944.0,2010-09-13,2010-09-21,8.5,Landfall,Category 2,23.3179,121.103,90.0
2010267N14285,Matthew (2010),2010.0,2010-0503-GTM,nat-met-sto-tro,GTM,Americas,0.0,0.0,0.0,0.0,0.0,0.0,0.0,0.0,0.0,67.7310945291778,Tropical Storm,50.0,57.5,998.0,2010-09-23,2010-09-26,3.2,Landfall,Tropical Storm,14.7,-83.3,50.0
2010247N15266,Hermine (2010),2010.0,2010-0522-USA,nat-met-sto-tro,USA,Americas,0.0,8.0,0.0,0.0,0.0,0.0,0.0,240000.0,354342.0,67.7310945291778,Tropical Storm,60.0,69.0,989.0,2010-09-03,2010-09-10,6.2,Landfall,Tropical Depression,16.2,-95.2,30.0
2011020S13182,Wilma (2011),2011.0,2011-0091-TON,nat-met-sto-tro,TON,Oceania,86.0,3.0,0.0,7600.0,7600.0,0.0,0.0,3000.0,4294.0,69.869263508865,Category 4,115.0,132.3,937.0,2011-01-20,2011-01-30,10.8,At Sea / Open Water,At Sea / Open Water,0.0,0.0,0.0
2011250N20266,Nate (2011),2011.0,2011-0460-MEX,nat-met-sto-tro,MEX,Americas,0.0,10.0,0.0,0.0,0.0,0.0,0.0,0.0,0.0,69.869263508865,Category 1,65.0,74.8,994.0,2011-09-06,2011-09-12,5.2,Landfall,Tropical Storm,20.5,-97.0,40.0
2011253N20145,Roke (2011),2011.0,2011-0352-JPN,nat-met-sto-tro,JPN,Asia,0.0,13.0,308.0,0.0,308.0,1210000.0,1731806.0,1820000.0,2604865.0,69.869263508865,Category 4,115.0,132.3,937.0,2011-09-09,2011-09-24,15.0,Landfall,Category 1,34.85,137.825,75.0
2011245N27269,Lee (2011),2011.0,2011-0456-USA,nat-met-sto-tro,USA,Americas,0.0,15.0,0.0,600.0,600.0,560000.0,801497.0,750000.0,1073433.0,69.869263508865,Tropical Storm,50.0,57.5,986.0,2011-09-02,2011-09-06,4.8,Landfall,Tropical Storm,29.6,-92.1,40.0
2011360N09088,Thane (2011),2011.0,2011-0566-IND,nat-met-sto-tro,IND,Asia,1350.0,47.0,0.0,0.0,250000.0,0.0,0.0,375625.0,537611.0,69.869263508865,Category 2,90.0,103.6,956.0,2011-12-25,2011-12-30,5.0,Landfall,Tropical Storm,11.5799,79.536,57.0
2012018S16041,Funso (2012),2012.0,2012-0005-MDG,nat-met-sto-tro,MDG,Africa,0.0,0.0,0.0,300.0,300.0,0.0,0.0,0.0,0.0,71.3150877335761,Category 4,115.0,132.3,937.0,2012-01-17,2012-02-01,15.2,At Sea / Open Water,At Sea / Open Water,0.0,0.0,0.0
2012176N26272,Debby (2012),2012.0,2012-0176-USA,nat-met-sto-tro,USA,Americas,0.0,9.0,1.0,17000.0,17001.0,200000.0,280446.0,210000.0,294468.0,71.3150877335761,Tropical Storm,55.0,63.3,990.0,2012-06-23,2012-06-27,4.0,Landfall,Tropical Depression,29.4,-82.7,30.0
2012201N15129,Vicente (2012),2012.0,2012-0259-CHN,nat-met-sto-tro,CHN,Asia,0.0,8.0,0.0,58500.0,58500.0,0.0,0.0,329000.0,461333.0,71.3150877335761,Category 4,115.0,132.3,937.0,2012-07-18,2012-07-25,6.8,Landfall,Category 3,22.0342,112.828,100.0
2012225N16133,Kai-Tak (2012),2012.0,2012-0294-VNM,nat-met-sto-tro,VNM,Asia,0.0,17.0,14.0,59320.0,60479.0,0.0,0.0,6800.0,9535.0,71.3150877335761,Category 1,65.0,74.8,974.0,2012-08-11,2012-08-18,7.0,Landfall,Tropical Storm,18.3933,121.531,55.0
2012301N11087,Nilam (2012),2012.0,2012-0425-IND,nat-met-sto-tro,IND,Asia,0.0,40.0,0.0,70000.0,70000.0,0.0,0.0,0.0,0.0,71.3150877335761,Tropical Storm,50.0,57.5,985.0,2012-10-27,2012-11-01,5.5,Landfall,Tropical Storm,12.7,79.8,50.0
2012263N15141,Jelawat (2012),2012.0,2012-0451-JPN,nat-met-sto-tro,JPN,Asia,0.0,2.0,180.0,18045.0,18225.0,0.0,0.0,27400.0,38421.0,71.3150877335761,Category 5,140.0,161.1,918.0,2012-09-19,2012-10-03,14.0,Landfall,Tropical Storm,33.45,135.8,60.0
2012331N03157,Bopha (2012),2012.0,2012-0500-PLW,nat-met-sto-tro,PLW,Oceania,0.0,0.0,0.0,0.0,1250.0,0.0,0.0,0.0,0.0,71.3150877335761,Category 5,150.0,172.6,911.0,2012-11-25,2012-12-09,13.8,Landfall,Category 4,7.63461,126.575,132.0
2013187N20156,Soulik (2013),2013.0,2013-0249-TWN,nat-met-sto-tro,TWN,Asia,0.0,3.0,54.0,0.0,54.0,0.0,0.0,43500.0,60116.0,72.3597374789251,Category 4,125.0,143.8,929.0,2013-07-06,2013-07-14,8.5,Landfall,Category 1,24.8148,121.461,78.0
2013238N19266,Fernand (2013),2013.0,2013-0335-MEX,nat-met-sto-tro,MEX,Americas,0.0,14.0,0.0,5000.0,5000.0,0.0,0.0,2000.0,2764.0,72.3597374789251,Tropical Storm,50.0,57.5,1001.0,2013-08-25,2013-08-26,1.2,Landfall,Tropical Storm,19.7,-96.6,45.0
2013210N13122,Jebi (2013),2013.0,2013-0341-CHN,nat-met-sto-tro,CHN,Asia,0.0,0.0,0.0,5000.0,5000.0,0.0,0.0,20000.0,27640.0,72.3597374789251,Tropical Storm,60.0,69.0,978.0,2013-07-28,2013-08-03,5.8,Landfall,Tropical Depression,12.8151,121.396,0.0
2013257N15259,Manuel (2013),2013.0,2013-0358-MEX,nat-met-sto-tro,MEX,Americas,0.0,169.0,0.0,105000.0,105000.0,685000.0,946659.0,4200000.0,5804333.0,72.3597374789251,Category 1,65.0,74.8,983.0,2013-09-13,2013-09-19,6.2,Landfall,Tropical Storm,18.2,-103.2,60.0
2013281N12098,Phailin (2013),2013.0,2013-0401-IND,nat-met-sto-tro,IND,Asia,0.0,47.0,0.0,13230000.0,13230000.0,0.0,0.0,633471.0,875447.0,72.3597374789251,Category 5,140.0,161.1,918.0,2013-10-07,2013-10-14,6.8,Landfall,Category 3,19.5,84.85,100.0
2013255N19268,Ingrid (2013),2013.0,2013-0406-MEX,nat-met-sto-tro,MEX,Americas,0.0,23.0,0.0,50000.0,50000.0,230000.0,317856.0,1500000.0,2072976.0,72.3597374789251,Category 1,75.0,86.3,983.0,2013-09-12,2013-09-17,5.0,Landfall,Tropical Storm,23.7,-97.8,55.0
2013243N26122,Toraji (2013),2013.0,2013-0413-JPN,nat-met-sto-tro,JPN,Asia,0.0,1.0,19.0,4317.0,4336.0,0.0,0.0,2000.0,2764.0,72.3597374789251,Tropical Storm,50.0,57.5,985.0,2013-08-31,2013-09-05,5.2,Landfall,Tropical Depression,25.14,121.688,0.0
2013269N15118,Wutip (2013),2013.0,2013-0419-VNM,nat-met-sto-tro,VNM,Asia,0.0,31.0,330.0,1835255.0,1835585.0,0.0,0.0,663230.0,916573.0,72.3597374789251,Category 3,100.0,115.1,948.0,2013-09-25,2013-10-01,5.2,Landfall,Category 1,17.8267,105.833,75.0
2013272N10135,Fitow (2013),2013.0,2013-0429-JPN,nat-met-sto-tro,JPN,Asia,0.0,0.0,0.0,4392.0,4392.0,0.0,0.0,0.0,0.0,72.3597374789251,Category 2,90.0,103.6,956.0,2013-09-29,2013-10-07,8.0,Landfall,Tropical Storm,27.1133,120.287,55.0
2018227N11145,Soulik (2018),2018.0,2018-0309-CHN,nat-met-sto-tro,CHN,Asia,0.0,0.0,0.0,0.0,0.0,0.0,0.0,79900.0,102439.0,77.9972651879547,Category 3,105.0,120.8,942.0,2018-08-15,2018-08-30,15.2,Landfall,Tropical Storm,34.55,126.25,50.0
2014275N06166,Vongfong (2014),2014.0,2014-0396-JPN,nat-met-sto-tro,JPN,Asia,0.0,9.0,94.0,1104.0,1198.0,0.0,0.0,100000.0,135992.0,73.5335770092672,Category 5,155.0,178.4,907.0,2014-10-01,2014-10-16,14.8,Landfall,Tropical Storm,31.375,130.35,50.0
2014334N02156,Hagupit (2014),2014.0,2014-0479-PHL,nat-met-sto-tro,PHL,Asia,8139.0,18.0,916.0,4149484.0,4150400.0,0.0,0.0,113878.0,154865.0,73.5335770092672,Category 5,155.0,178.4,907.0,2014-11-30,2014-12-12,12.2,Landfall,Category 3,11.9,125.325,100.0
2015171N15112,Kujira (2015),2015.0,2015-0252-VNM,nat-met-sto-tro,VNM,Asia,0.0,7.0,0.0,0.0,115.0,0.0,0.0,0.0,0.0,73.6208029365864,Tropical Storm,50.0,57.5,985.0,2015-06-19,2015-06-25,5.2,Landfall,Tropical Storm,18.9,110.35,40.0
2015066S08170,Pam (2015),2015.0,2015-0093-PNG,nat-met-sto-tro,PNG,Oceania,0.0,0.0,0.0,9199.0,9199.0,0.0,0.0,0.0,0.0,73.6208029365864,Category 5,150.0,172.6,911.0,2015-03-07,2015-03-20,12.8,At Sea / Open Water,At Sea / Open Water,0.0,0.0,0.0
2015066S08170,Pam (2015),2015.0,2015-0093-SLB,nat-met-sto-tro,SLB,Oceania,0.0,0.0,0.0,44096.0,44096.0,0.0,0.0,0.0,0.0,73.6208029365864,Category 5,150.0,172.6,911.0,2015-03-07,2015-03-20,12.8,At Sea / Open Water,At Sea / Open Water,0.0,0.0,0.0
2015085N06162,Maysak (2015),2015.0,2015-0105-CHN,nat-met-sto-tro,CHN,Asia,0.0,6.0,0.0,12000.0,12000.0,0.0,0.0,209000.0,283887.0,73.6208029365864,Category 5,150.0,172.6,911.0,2015-03-25,2015-04-07,12.2,Landfall,Tropical Depression,16.7863,121.977,25.0
2015068S14113,Olwyn (2015),2015.0,2015-0135-AUS,nat-met-sto-tro,AUS,Oceania,0.0,0.0,0.0,600.0,600.0,49000.0,66557.0,57000.0,77424.0,73.6208029365864,Category 2,90.0,103.6,956.0,2015-03-08,2015-03-14,6.1,Landfall,Category 1,-26.145,113.895,65.0
2015211N13162,Soudelor (2015),2015.0,2015-0339-MNP,nat-met-sto-tro,MNP,Oceania,0.0,0.0,10.0,350.0,360.0,0.0,0.0,0.0,0.0,73.6208029365864,Category 5,155.0,178.4,907.0,2015-07-29,2015-08-12,13.5,Landfall,Category 2,23.9,120.9,95.0
2015237N14315,Erika (2015),2015.0,2015-0375-HTI,nat-met-sto-tro,HTI,Americas,0.0,5.0,3.0,0.0,1969.0,0.0,0.0,0.0,0.0,73.6208029365864,Tropical Storm,45.0,51.8,1001.0,2015-08-24,2015-08-28,3.8,At Sea / Open Water,At Sea / Open Water,0.0,0.0,0.0
2015263N14148,Dujuan (2015),2015.0,2015-0458-JPN,nat-met-sto-tro,JPN,Asia,0.0,0.0,0.0,0.0,0.0,0.0,0.0,0.0,0.0,73.6208029365864,Category 4,130.0,149.6,926.0,2015-09-19,2015-09-30,10.5,Landfall,Category 3,24.125,121.05,100.0
2015301N11065,Chapala (2015),2015.0,2015-0484-SOM,nat-met-sto-tro,SOM,Africa,0.0,0.0,0.0,4000.0,4000.0,0.0,0.0,0.0,0.0,73.6208029365864,Category 4,130.0,149.6,926.0,2015-10-27,2015-11-04,7.5,Landfall,Tropical Storm,14.1,48.4,60.0
2016041S14170,Winston (2016),2016.0,2016-0041-TON,nat-met-sto-tro,TON,Oceania,0.0,0.0,0.0,0.0,0.0,0.0,0.0,0.0,0.0,74.5496029864344,Category 5,155.0,178.4,907.0,2016-02-09,2016-02-28,18.8,Landfall,Category 5,-17.4667,177.804,147.0
2016138N10081,Roanu (2016),2016.0,2016-0175-BGD,nat-met-sto-tro,BGD,Asia,0.0,28.0,0.0,1083855.0,1203555.0,0.0,0.0,600000.0,804833.0,74.5496029864344,Tropical Storm,60.0,69.0,978.0,2016-05-17,2016-05-22,5.0,Landfall,Tropical Storm,23.0,92.0,40.0
2016266N11144,Megi (2016),2016.0,2016-0350-TWN,nat-met-sto-tro,TWN,Asia,0.0,7.0,160.0,0.0,160.0,0.0,0.0,110000.0,147553.0,74.5496029864344,Category 4,120.0,138.1,933.0,2016-09-22,2016-09-29,7.8,Landfall,Category 2,23.8963,121.035,90.0
2016228N22117,Dianmu (2016),2016.0,2016-0379-CHN,nat-met-sto-tro,CHN,Asia,0.0,0.0,0.0,40000.0,40000.0,0.0,0.0,0.0,0.0,74.5496029864344,Tropical Storm,45.0,51.8,989.0,2016-08-15,2016-08-20,4.8,Landfall,Tropical Depression,20.6784,110.11,27.0
2023140N05149,Mawar (2023),2023.0,2023-0300-PHL,nat-met-sto-tro,PHL,Asia,0.0,1.0,1.0,30500.0,30501.0,0.0,0.0,0.0,0.0,94.6446220103845,Category 5,159.0,183.0,897.0,2023-05-20,2023-06-03,14.2,At Sea / Open Water,At Sea / Open Water,0.0,0.0,0.0
2016323N13279,Otto (2016),2016.0,2016-0433-NIC,nat-met-sto-tro,NIC,Americas,0.0,0.0,0.0,10570.0,10570.0,0.0,0.0,0.0,0.0,74.5496029864344,Category 3,100.0,115.1,975.0,2016-11-17,2016-11-26,8.8,Landfall,Category 3,11.0,-83.8,100.0
2017253N14130,Doksuri (2017),2017.0,2017-0406-PHL,nat-met-sto-tro,PHL,Asia,0.0,26.0,0.0,7465.0,9110.0,0.0,0.0,5300.0,6961.0,76.1376037057766,Category 2,95.0,109.3,960.0,2017-09-10,2017-09-16,6.2,Landfall,Tropical Depression,14.4994,121.278,30.0
2017082S14152,Debbie (2017),2017.0,2017-0105-AUS,nat-met-sto-tro,AUS,Oceania,0.0,12.0,0.0,45000.0,45000.0,1400000.0,1838776.0,2700000.0,3546211.0,76.1376037057766,Category 4,115.0,132.3,937.0,2017-03-23,2017-04-01,8.8,Landfall,Category 1,-20.375,148.45,80.0
2017147N14087,Mora (2017),2017.0,2017-0152-MMR,nat-met-sto-tro,MMR,Asia,0.0,0.0,0.0,107520.0,107520.0,0.0,0.0,0.0,0.0,76.1376037057766,Category 1,80.0,92.1,963.0,2017-05-27,2017-05-30,3.5,Landfall,Category 1,21.8988,91.9716,67.0
2017236N15129,Pakhar (2017),2017.0,2017-0485-MAC,nat-met-sto-tro,MAC,Asia,0.0,0.0,0.0,0.0,0.0,0.0,0.0,0.0,0.0,76.1376037057766,Tropical Storm,60.0,69.0,983.0,2017-08-24,2017-08-28,4.0,Landfall,Tropical Storm,16.3866,121.754,40.0
2017232N19130,Hato (2017),2017.0,2017-0352-CHN,nat-met-sto-tro,CHN,Asia,0.0,8.0,373.0,0.0,22273.0,250000.0,328353.0,3500000.0,4596940.0,76.1376037057766,Category 3,100.0,115.1,948.0,2017-08-19,2017-08-25,5.5,Landfall,Category 2,22.175,112.85,85.0
2017228N14314,Harvey (2017),2017.0,2017-0362-USA,nat-met-sto-tro,USA,Americas,0.0,88.0,24.0,555000.0,582024.0,30000000.0,39402343.0,95000000.0,124774087.0,76.1376037057766,Category 4,115.0,132.3,937.0,2017-08-16,2017-09-02,17.2,Landfall,Tropical Depression,18.6,-87.8,25.0
2017242N16333,Irma (2017),2017.0,2017-0381-AIA,nat-met-sto-tro,AIA,Americas,0.0,4.0,0.0,15000.0,15000.0,6700.0,8800.0,200000.0,262682.0,76.1376037057766,Category 5,155.0,178.4,914.0,2017-08-30,2017-09-13,14.5,Landfall,Category 3,25.9,-81.7,100.0
2017242N16333,Irma (2017),2017.0,2017-0381-CUB,nat-met-sto-tro,CUB,Americas,0.0,10.0,0.0,10000000.0,10000000.0,200000.0,262682.0,540000.0,709242.0,76.1376037057766,Category 5,155.0,178.4,914.0,2017-08-30,2017-09-13,14.5,Landfall,Category 3,25.9,-81.7,100.0
2017242N16333,Irma (2017),2017.0,2017-0381-SXM,nat-met-sto-tro,SXM,Americas,0.0,4.0,40.0,5000.0,5040.0,500000.0,656706.0,2500000.0,3283529.0,76.1376037057766,Category 5,155.0,178.4,914.0,2017-08-30,2017-09-13,14.5,Landfall,Category 3,25.9,-81.7,100.0
2017260N12310,Maria (2017),2017.0,2017-0383-DOM,nat-met-sto-tro,DOM,Americas,0.0,5.0,0.0,26000.0,26000.0,0.0,0.0,63000.0,82745.0,76.1376037057766,Category 5,150.0,172.6,908.0,2017-09-16,2017-10-02,16.0,Landfall,Category 4,18.0,-65.9,135.0
2017249N22263,Katia (2017),2017.0,2017-0392-MEX,nat-met-sto-tro,MEX,Americas,0.0,3.0,0.0,1110.0,1110.0,0.0,0.0,0.0,0.0,76.1376037057766,Category 2,90.0,103.6,972.0,2017-09-05,2017-09-09,4.0,Landfall,Category 1,20.6,-97.1,65.0
2017253N14130,Doksuri (2017),2017.0,2017-0406-THA,nat-met-sto-tro,THA,Asia,0.0,0.0,0.0,28500.0,28500.0,0.0,0.0,0.0,0.0,76.1376037057766,Category 2,95.0,109.3,960.0,2017-09-10,2017-09-16,6.2,Landfall,Tropical Depression,14.4994,121.278,30.0
2017236N15129,Pakhar (2017),2017.0,2017-0485-PHL,nat-met-sto-tro,PHL,Asia,0.0,0.0,0.0,3400.0,3400.0,0.0,0.0,0.0,0.0,76.1376037057766,Tropical Storm,60.0,69.0,983.0,2017-08-24,2017-08-28,4.0,Landfall,Tropical Storm,16.3866,121.754,40.0
2017333N06082,Ockhi (2017),2017.0,2017-0508-IND,nat-met-sto-tro,IND,Asia,0.0,884.0,0.0,60000.0,60000.0,0.0,0.0,0.0,0.0,76.1376037057766,Category 3,100.0,115.1,948.0,2017-11-28,2017-12-05,7.0,Landfall,Tropical Depression,6.1,80.6667,30.0
2018010S10069,Berguitta (2018),2018.0,2018-0029-MUS,nat-met-sto-tro,MUS,Africa,0.0,0.0,0.0,30000.0,30000.0,0.0,0.0,0.0,0.0,77.9972651879547,Category 3,105.0,120.8,950.0,2018-01-10,2018-01-24,14.2,At Sea / Open Water,At Sea / Open Water,0.0,0.0,0.0
2018146N19273,Alberto (2018),2018.0,2018-0170-CUB,nat-met-sto-tro,CUB,Americas,0.0,9.0,0.0,40000.0,40000.0,0.0,0.0,0.0,0.0,77.9972651879547,Tropical Storm,55.0,63.3,990.0,2018-05-25,2018-05-31,6.0,Landfall,Tropical Storm,30.3,-86.0,40.0
2018199N18128,Ampil (2018),2018.0,2018-0287-CHN,nat-met-sto-tro,CHN,Asia,0.0,1.0,0.0,18000.0,18000.0,0.0,0.0,240000.0,307703.0,77.9972651879547,Tropical Storm,55.0,63.3,982.0,2018-07-17,2018-07-26,8.8,Landfall,Tropical Storm,31.825,121.825,55.0
2018221N17112,Bebinca (2018),2018.0,2018-0305-CHN,nat-met-sto-tro,CHN,Asia,0.0,2.0,0.0,0.0,300.0,0.0,0.0,188000.0,241034.0,77.9972651879547,Tropical Storm,60.0,69.0,979.0,2018-08-09,2018-08-17,8.8,Landfall,Tropical Depression,21.6512,112.222,20.0
2018239N11161,Jebi (2018),2018.0,2018-0326-JPN,nat-met-sto-tro,JPN,Asia,0.0,17.0,600.0,3300.0,3900.0,9000000.0,11538866.0,12500000.0,16026203.0,77.9972651879547,Category 5,155.0,178.4,907.0,2018-08-26,2018-09-07,11.5,Landfall,Category 2,33.7833,134.593,90.0
2018362S13147,Penny (2019),2019.0,2018-0469-MHL,nat-met-sto-tro,MHL,Oceania,0.0,0.0,0.0,0.0,0.0,0.0,0.0,0.0,0.0,79.4107846043372,Tropical Storm,55.0,63.3,987.0,2018-12-28,2019-01-09,12.5,Landfall,Tropical Depression,-13.2863,143.334,25.0
2018279N11069,Luban (2018),2018.0,2018-0394-OMN,nat-met-sto-tro,OMN,Asia,0.0,0.0,0.0,0.0,0.0,0.0,0.0,0.0,0.0,77.9972651879547,Category 2,85.0,97.8,959.0,2018-10-05,2018-10-15,9.2,Landfall,Tropical Storm,15.85,52.15,35.0
2018271N06154,Kong-Rey (2018),2018.0,2018-0424-JPN,nat-met-sto-tro,JPN,Asia,0.0,3.0,0.0,4200.0,4200.0,0.0,0.0,0.0,0.0,77.9972651879547,Category 5,150.0,172.6,906.0,2018-09-27,2018-10-07,10.0,Landfall,Tropical Storm,34.775,128.25,60.0
2020015S12170,Tino (2020),2020.0,2020-0015-TUV,nat-met-sto-tro,TUV,Oceania,0.0,0.0,0.0,5500.0,5500.0,0.0,0.0,0.0,0.0,80.3903830082114,Category 2,85.0,97.8,955.0,2020-01-15,2020-01-20,5.5,At Sea / Open Water,At Sea / Open Water,0.0,0.0,0.0
2019112S10053,Kenneth (2019),2019.0,2019-0165-TZA,nat-met-sto-tro,TZA,Africa,0.0,0.0,0.0,2000000.0,2000000.0,0.0,0.0,0.0,0.0,79.4107846043372,Category 4,125.0,143.8,934.0,2019-04-21,2019-04-28,6.5,Landfall,Category 3,-12.1612,40.4524,97.0
2021222N14301,Fred (2021),2021.0,2021-0510-HTI,nat-met-sto-tro,HTI,Americas,0.0,0.0,0.0,0.0,0.0,0.0,0.0,0.0,0.0,84.1669829572524,Tropical Storm,55.0,63.3,991.0,2021-08-09,2021-08-20,10.5,Landfall,Tropical Storm,18.4,-70.1,40.0
2019195N13136,Danas (2019),2019.0,2019-0349-PHL,nat-met-sto-tro,PHL,Asia,0.0,4.0,0.0,2000.0,2000.0,0.0,0.0,377440.0,475301.0,79.4107846043372,Tropical Storm,45.0,51.8,984.0,2019-07-14,2019-07-23,9.2,Landfall,Tropical Depression,36.0031,126.732,22.0
2019236N08143,Podul (2019),2019.0,2019-0434-PHL,nat-met-sto-tro,PHL,Asia,0.0,2.0,2.0,61500.0,61502.0,0.0,0.0,0.0,0.0,79.4107846043372,Tropical Storm,40.0,46.0,993.0,2019-08-24,2019-08-31,6.8,Landfall,Tropical Depression,16.275,120.425,25.0
2019260N20129,Tapah (2019),2019.0,2019-0443-KOR,nat-met-sto-tro,KOR,Asia,0.0,2.0,0.0,83370.0,83370.0,0.0,0.0,0.0,0.0,79.4107846043372,Category 1,65.0,74.8,967.0,2019-09-17,2019-09-23,6.5,At Sea / Open Water,At Sea / Open Water,0.0,0.0,0.0
2019272N14261,Narda (2019),2019.0,2019-0450-MEX,nat-met-sto-tro,MEX,Americas,0.0,2.0,0.0,1000.0,1000.0,0.0,0.0,0.0,0.0,79.4107846043372,Tropical Storm,45.0,51.8,997.0,2019-09-28,2019-10-01,2.8,Landfall,Tropical Storm,18.0,-102.0,40.0
2019278N16165,Hagibis (2019),2019.0,2019-0492-JPN,nat-met-sto-tro,JPN,Asia,0.0,99.0,470.0,390000.0,390470.0,10000000.0,12592748.0,17000000.0,21407672.0,79.4107846043372,Category 5,160.0,184.1,890.0,2019-10-04,2019-10-14,10.2,Landfall,Category 1,35.575,139.425,75.0
2019329N09160,Kammuri (2019),2019.0,2019-0573-PHL,nat-met-sto-tro,PHL,Asia,0.0,4.0,318.0,2305075.0,2647558.0,0.0,0.0,109151.0,137451.0,79.4107846043372,Category 4,120.0,138.1,938.0,2019-11-24,2019-12-06,12.0,Landfall,Category 4,13.0068,124.094,117.0
2023037S12119,Freddy (2023),2023.0,2023-0095-MOZ,nat-met-sto-tro,MOZ,Africa,0.0,183.0,698.0,1230691.0,1231389.0,0.0,0.0,0.0,0.0,94.6446220103845,Category 5,138.0,158.8,924.0,2023-02-06,2023-02-24,18.0,Landfall,Category 2,-21.1,48.3,89.0
2020015S12170,Tino (2020),2020.0,2020-0015-FJI,nat-met-sto-tro,FJI,Oceania,0.0,2.0,0.0,3115.0,3115.0,0.0,0.0,0.0,0.0,80.3903830082114,Category 2,85.0,97.8,955.0,2020-01-15,2020-01-20,5.5,At Sea / Open Water,At Sea / Open Water,0.0,0.0,0.0
2020154N19269,Cristobal (2020),2020.0,2020-0219-MEX,nat-met-sto-tro,MEX,Americas,0.0,0.0,0.0,606.0,606.0,0.0,0.0,0.0,0.0,80.3903830082114,Tropical Storm,50.0,57.5,982.0,2020-06-01,2020-06-12,10.5,Landfall,Tropical Storm,18.5797,-91.9762,48.0
2020213N15131,Hagupit (2020),2020.0,2020-0308-KOR,nat-met-sto-tro,KOR,Asia,0.0,26.0,7.0,1000.0,1007.0,0.0,0.0,0.0,0.0,80.3903830082114,Category 1,75.0,86.3,971.0,2020-07-30,2020-08-12,12.5,Landfall,Tropical Storm,28.2375,120.864,62.0
2020213N15131,Hagupit (2020),2020.0,2020-0308-TWN,nat-met-sto-tro,TWN,Asia,0.0,1.0,1.0,0.0,1.0,0.0,0.0,0.0,0.0,80.3903830082114,Category 1,75.0,86.3,971.0,2020-07-30,2020-08-12,12.5,Landfall,Tropical Storm,28.2375,120.864,62.0
2020281N14126,Linfa (2020),2020.0,2020-0411-THA,nat-met-sto-tro,THA,Asia,0.0,6.0,0.0,274923.0,274923.0,0.0,0.0,0.0,0.0,80.3903830082114,Tropical Storm,40.0,46.0,999.0,2020-10-06,2020-10-12,5.5,Landfall,Tropical Depression,13.8,124.257,0.0
2020285N17120,Nangka (2020),2020.0,2020-0425-CHN,nat-met-sto-tro,CHN,Asia,0.0,6.0,0.0,0.0,0.0,0.0,0.0,14000.0,17415.0,80.3903830082114,Tropical Storm,50.0,57.5,989.0,2020-10-11,2020-10-14,3.6,Landfall,Tropical Storm,19.075,110.475,50.0
2020285N17120,Nangka (2020),2020.0,2020-0425-VNM,nat-met-sto-tro,VNM,Asia,0.0,2.0,0.0,67855.0,70780.0,0.0,0.0,0.0,0.0,80.3903830082114,Tropical Storm,50.0,57.5,989.0,2020-10-11,2020-10-14,3.6,Landfall,Tropical Storm,19.075,110.475,50.0
2020258N11127,Noul (2020),2020.0,2020-0462-KHM,nat-met-sto-tro,KHM,Asia,0.0,0.0,0.0,0.0,0.0,0.0,0.0,0.0,0.0,80.3903830082114,Tropical Storm,50.0,57.5,990.0,2020-09-14,2020-09-19,5.0,Landfall,Tropical Depression,12.5451,124.595,10.0
2020299N11144,Goni (2020),2020.0,2020-0463-PHL,nat-met-sto-tro,PHL,Asia,0.0,31.0,399.0,3355995.0,3356394.0,0.0,0.0,503294.0,626062.0,80.3903830082114,Category 5,170.0,195.6,884.0,2020-10-25,2020-11-06,12.0,Landfall,Category 5,13.5767,124.313,150.0
2020306N15288,Eta (2020),2020.0,2020-0474-CRI,nat-met-sto-tro,CRI,Americas,0.0,0.0,0.0,25000.0,25000.0,0.0,0.0,0.0,0.0,80.3903830082114,Category 4,130.0,149.6,922.0,2020-10-31,2020-11-14,13.2,Landfall,Category 4,13.8,-83.5,120.0
2020306N15288,Eta (2020),2020.0,2020-0474-GTM,nat-met-sto-tro,GTM,Americas,0.0,160.0,30.0,2415858.0,2415888.0,0.0,0.0,386000.0,480157.0,80.3903830082114,Category 4,130.0,149.6,922.0,2020-10-31,2020-11-14,13.2,Landfall,Category 4,13.8,-83.5,120.0
2020306N15288,Eta (2020),2020.0,2020-0474-HND,nat-met-sto-tro,HND,Americas,0.0,110.0,0.0,4566584.0,4566584.0,0.0,0.0,0.0,0.0,80.3903830082114,Category 4,130.0,149.6,922.0,2020-10-31,2020-11-14,13.2,Landfall,Category 4,13.8,-83.5,120.0
2020326N11063,Gati (2020),2020.0,2020-0487-SOM,nat-met-sto-tro,SOM,Africa,0.0,9.0,0.0,120000.0,120000.0,0.0,0.0,0.0,0.0,80.3903830082114,Category 3,100.0,115.1,967.0,2020-11-20,2020-11-24,4.0,Landfall,Category 1,10.385,51.0137,77.0
2020318N16289,Iota (2020),2020.0,2020-0495-SLV,nat-met-sto-tro,SLV,Americas,0.0,1.0,0.0,0.0,0.0,0.0,0.0,0.0,0.0,80.3903830082114,Category 4,135.0,155.4,917.0,2020-11-12,2020-11-18,6.0,Landfall,Category 4,13.6,-83.5,125.0
2021012S12086,Eloise (2021),2021.0,2021-0036-ZAF,nat-met-sto-tro,ZAF,Africa,0.0,4.0,0.0,3200.0,3200.0,0.0,0.0,0.0,0.0,84.1669829572524,Category 2,90.0,103.6,968.0,2021-01-11,2021-01-27,16.0,Landfall,Tropical Storm,-15.1785,50.5321,47.0
2021058S16149,Niran (2021),2021.0,2021-0125-AUS,nat-met-sto-tro,AUS,Oceania,0.0,0.0,0.0,6000.0,6000.0,0.0,0.0,155000.0,184158.0,84.1669829572524,Category 5,140.0,161.1,917.0,2021-02-27,2021-03-07,8.8,At Sea / Open Water,At Sea / Open Water,0.0,0.0,0.0
2021102N06144,Surigae (2021),2021.0,2021-0236-PHL,nat-met-sto-tro,PHL,Asia,0.0,9.0,0.0,15000.0,15000.0,0.0,0.0,20000.0,23762.0,84.1669829572524,Category 5,170.0,195.6,882.0,2021-04-11,2021-04-30,19.2,At Sea / Open Water,At Sea / Open Water,0.0,0.0,0.0
2021133N10071,Tauktae (2021),2021.0,2021-0252-IND,nat-met-sto-tro,IND,Asia,0.0,198.0,153.0,700000.0,700153.0,0.0,0.0,1400000.0,1663360.0,84.1669829572524,Category 4,120.0,138.1,931.0,2021-05-13,2021-05-19,6.0,Landfall,Category 3,20.9,71.2,110.0
2021143N15090,Yaas (2021),2021.0,2021-0295-IND,nat-met-sto-tro,IND,Asia,0.0,19.0,0.0,1625000.0,1625000.0,0.0,0.0,3000000.0,3564343.0,84.1669829572524,Category 1,65.0,74.8,974.0,2021-05-23,2021-05-27,4.8,Landfall,Tropical Storm,21.5,86.9,55.0
2021161N18115,Koguma (2021),2021.0,2021-0327-VNM,nat-met-sto-tro,VNM,Asia,0.0,1.0,0.0,750.0,750.0,0.0,0.0,10000.0,11881.0,84.1669829572524,Tropical Storm,35.0,40.3,996.0,2021-06-10,2021-06-13,3.2,Landfall,Tropical Depression,18.375,110.025,25.0
2021176N15259,Enrique (2021),2021.0,2021-0359-MEX,nat-met-sto-tro,MEX,Americas,0.0,2.0,0.0,621.0,621.0,0.0,0.0,50000.0,59406.0,84.1669829572524,Category 1,80.0,92.1,972.0,2021-06-25,2021-06-30,5.2,At Sea / Open Water,At Sea / Open Water,0.0,0.0,0.0
2021182N09317,Elsa (2021),2021.0,2021-0373-CUB,nat-met-sto-tro,CUB,Americas,0.0,0.0,0.0,0.0,0.0,0.0,0.0,0.0,0.0,84.1669829572524,Category 1,75.0,86.3,991.0,2021-06-30,2021-07-10,9.5,Landfall,Tropical Storm,22.2,-81.6,55.0
2021182N09317,Elsa (2021),2021.0,2021-0373-USA,nat-met-sto-tro,USA,Americas,0.0,1.0,9.0,0.0,9.0,0.0,0.0,1200000.0,1425737.0,84.1669829572524,Category 1,75.0,86.3,991.0,2021-06-30,2021-07-10,9.5,Landfall,Tropical Storm,22.2,-81.6,55.0
2021197N17135,In-Fa (2021),2021.0,2021-0498-CHN,nat-met-sto-tro,CHN,Asia,0.0,5.0,0.0,72000.0,72000.0,0.0,0.0,2000000.0,2376229.0,84.1669829572524,Category 2,95.0,109.3,951.0,2021-07-15,2021-07-31,15.5,Landfall,Tropical Storm,30.7487,121.072,37.0
2021225N15313,Grace (2021),2021.0,2021-0528-MEX,nat-met-sto-tro,MEX,Americas,0.0,13.0,0.0,0.0,0.0,0.0,0.0,500000.0,594057.0,84.1669829572524,Category 3,105.0,120.8,967.0,2021-08-13,2021-08-21,8.2,Landfall,Tropical Storm,17.7,-71.4,35.0
2021239N17281,Ida (2021),2021.0,2021-0551-USA,nat-met-sto-tro,USA,Americas,0.0,96.0,0.0,14000.0,14000.0,36000000.0,42772116.0,65000000.0,77227433.0,84.1669829572524,Category 4,130.0,149.6,929.0,2021-08-26,2021-09-04,9.2,Landfall,Category 1,22.4,-83.2,70.0
2021276N07131,Lionrock (2021),2021.0,2021-0664-HKG,nat-met-sto-tro,HKG,Asia,0.0,1.0,14.0,140.0,154.0,0.0,0.0,0.0,0.0,84.1669829572524,Tropical Storm,45.0,51.8,989.0,2021-10-02,2021-10-10,8.0,Landfall,Tropical Depression,10.0,125.0,15.0
2021280N14137,Kompasu (2021),2021.0,2021-0670-HKG,nat-met-sto-tro,HKG,Asia,0.0,1.0,21.0,0.0,21.0,0.0,0.0,0.0,0.0,84.1669829572524,Tropical Storm,60.0,69.0,979.0,2021-10-07,2021-10-14,7.5,Landfall,Tropical Storm,19.0803,110.077,47.0
2024123S09045,Hidaya (2024),2024.0,2024-0969-TZA,nat-met-sto-tro,TZA,Africa,0.0,5.0,0.0,7775.0,7775.0,0.0,0.0,185000.0,189868.0,97.436175616134,Category 1,80.0,92.1,974.0,2024-05-01,2024-05-04,3.0,Landfall,Tropical Storm,-7.68016,39.2101,49.0
2021296N13260,Rick (2021),2021.0,2021-0702-MEX,nat-met-sto-tro,MEX,Americas,0.0,0.0,0.0,150.0,150.0,0.0,0.0,10000.0,11881.0,84.1669829572524,Category 2,90.0,103.6,977.0,2021-10-22,2021-10-25,3.2,Landfall,Category 2,18.1,-102.1,85.0
2022024S16044,Ana (2022),2022.0,2022-0052-MOZ,nat-met-sto-tro,MOZ,Africa,0.0,38.0,207.0,185429.0,185636.0,0.0,0.0,0.0,0.0,90.9026974595266,Tropical Storm,50.0,57.5,993.0,2022-01-23,2022-01-25,2.0,Landfall,Tropical Storm,-16.2274,39.6422,47.0
2022181N15115,Chaba (2022),2022.0,2022-0397-CHN,nat-met-sto-tro,CHN,Asia,0.0,24.0,0.0,0.0,0.0,0.0,0.0,463000.0,509336.0,90.9026974595266,Category 1,74.0,85.2,969.0,2022-06-29,2022-07-02,2.8,Landfall,Tropical Storm,21.5826,111.003,60.0
2022179N08310,Bonnie (2022),2022.0,2022-0400-SLV,nat-met-sto-tro,SLV,Americas,0.0,1.0,0.0,100.0,100.0,0.0,0.0,0.0,0.0,90.9026974595266,Category 3,100.0,115.1,964.0,2022-06-27,2022-07-11,13.2,Landfall,Tropical Storm,10.7,-61.6,35.0
2022287N13112,Sonca (2022),2022.0,2022-0676-VNM,nat-met-sto-tro,VNM,Asia,0.0,19.0,110.0,436868.0,436978.0,0.0,0.0,65000.0,71505.0,90.9026974595266,Tropical Storm,35.0,40.3,998.0,2022-10-14,2022-10-15,1.0,Landfall,Tropical Depression,15.5375,108.162,30.0
2023196N17119,Talim (2023),2023.0,2023-0450-PHL,nat-met-sto-tro,PHL,Asia,0.0,2.0,0.0,450.0,450.0,0.0,0.0,0.0,0.0,94.6446220103845,Category 1,70.0,80.6,971.0,2023-07-14,2023-07-18,3.8,Landfall,Category 1,21.2931,110.212,67.0
2023061S22036,Freddy (2023),2023.0,2023-0095-MWI,nat-met-sto-tro,MWI,Africa,0.0,1209.0,2186.0,2267458.0,2269644.0,0.0,0.0,506710.0,535382.0,94.6446220103845,Category 3,99.0,113.9,957.0,2023-03-02,2023-03-14,11.8,Landfall,Category 2,-17.8,37.1,89.0
2023058S13171,Judy (2023),2023.0,2023-0119-VUT,nat-met-sto-tro,VUT,Oceania,0.0,0.0,0.0,251346.0,251346.0,0.0,0.0,0.0,0.0,94.6446220103845,Category 3,109.0,125.4,941.0,2023-02-27,2023-03-04,5.8,At Sea / Open Water,At Sea / Open Water,0.0,0.0,0.0
2023061S14162,Kevin (2023),2023.0,2023-0128-VUT,nat-met-sto-tro,VUT,Oceania,0.0,0.0,0.0,251356.0,251356.0,0.0,0.0,0.0,0.0,94.6446220103845,Category 4,134.0,154.2,918.0,2023-03-01,2023-03-07,5.5,At Sea / Open Water,At Sea / Open Water,0.0,0.0,0.0
2023140N05149,Mawar (2023),2023.0,2023-0300-GUM,nat-met-sto-tro,GUM,Oceania,0.0,2.0,0.0,100000.0,100000.0,0.0,0.0,4300000.0,4543312.0,94.6446220103845,Category 5,159.0,183.0,897.0,2023-05-20,2023-06-03,14.2,At Sea / Open Water,At Sea / Open Water,0.0,0.0,0.0
2023170N11323,Bret (2023),2023.0,2023-0360-BRB,nat-met-sto-tro,BRB,Americas,0.0,0.0,0.0,179.0,179.0,0.0,0.0,0.0,0.0,94.6446220103845,Tropical Storm,60.0,69.0,996.0,2023-06-19,2023-06-24,5.5,At Sea / Open Water,At Sea / Open Water,0.0,0.0,0.0
2023203N14132,Doksuri (2023),2023.0,2023-0464-TWN,nat-met-sto-tro,TWN,Asia,0.0,1.0,68.0,0.0,68.0,0.0,0.0,10000.0,10566.0,94.6446220103845,Category 4,128.0,147.3,926.0,2023-07-21,2023-07-28,6.8,Landfall,Category 2,24.7901,118.563,83.0
2023236N20125,Saola (2023),2023.0,2023-0568-CHN,nat-met-sto-tro,CHN,Asia,0.0,1.0,2.0,0.0,2.0,0.0,0.0,690000.0,729043.0,94.6446220103845,Category 4,134.0,154.2,921.0,2023-08-23,2023-09-03,10.8,Landfall,Category 2,21.9572,113.035,91.0
2023236N20125,Saola (2023),2023.0,2023-0568-PHL,nat-met-sto-tro,PHL,Asia,0.0,4.0,3.0,900000.0,900003.0,0.0,0.0,33000.0,34867.0,94.6446220103845,Category 4,134.0,154.2,921.0,2023-08-23,2023-09-03,10.8,Landfall,Category 2,21.9572,113.035,91.0
2023273N16134,Koinu (2023),2023.0,2023-0623-PHL,nat-met-sto-tro,PHL,Asia,0.0,0.0,0.0,275.0,275.0,0.0,0.0,0.0,0.0,94.6446220103845,Category 4,119.0,136.9,940.0,2023-09-29,2023-10-10,10.5,Landfall,Category 3,22.0,120.8,109.0
2023302N10267,Pilar (2023),2023.0,2023-0703-HND,nat-met-sto-tro,HND,Americas,0.0,1.0,0.0,0.0,0.0,0.0,0.0,0.0,0.0,94.6446220103845,Tropical Storm,55.0,63.3,995.0,2023-10-28,2023-11-07,10.0,At Sea / Open Water,At Sea / Open Water,0.0,0.0,0.0
2023352N08127,Jelawat (2023),2023.0,2023-0842-PHL,nat-met-sto-tro,PHL,Asia,0.0,1.0,1.0,425866.0,425867.0,0.0,0.0,42.0,44.0,94.6446220103845,Tropical Storm,35.0,40.3,1002.0,2023-12-17,2023-12-19,2.0,Landfall,Tropical Depression,7.0975,126.265,27.0
2000056S17152,Steve (2000),2000.0,2000-0097-AUS,nat-met-sto-tro,AUS,Oceania,0.0,1.0,0.0,200.0,200.0,10000.0,18696.0,90000.0,168263.0,53.4877366816787,Category 1,65.0,74.8,995.0,2000-02-25,2000-03-11,15.9,Landfall,Tropical Storm,-16.6886,145.514,37.0
2000232N12116,Kaemi (2000),2000.0,2000-0518-VNM,nat-met-sto-tro,VNM,Asia,0.0,15.0,4.0,0.0,4.0,0.0,0.0,5000.0,9348.0,53.4877366816787,Tropical Storm,45.0,51.8,995.0,2000-08-18,2000-08-23,5.2,Landfall,Tropical Storm,16.0121,107.79,40.0
2000240N22115,Maria (2000),2000.0,2000-0557-CHN,nat-met-sto-tro,CHN,Asia,0.0,47.0,0.0,46000.0,46000.0,0.0,0.0,169000.0,315960.0,53.4877366816787,Tropical Storm,55.0,63.3,995.0,2000-08-27,2000-09-02,6.5,Landfall,Tropical Storm,22.8227,114.884,47.0
2000248N17117,Wukong (2000),2000.0,2000-0605-CHN,nat-met-sto-tro,CHN,Asia,0.0,6.0,0.0,2400000.0,2400000.0,0.0,0.0,0.0,0.0,53.4877366816787,Category 2,95.0,109.3,980.0,2000-09-04,2000-09-10,6.5,Landfall,Category 1,18.2,109.675,75.0
2001180N15118,Durian (2001),2001.0,2001-0318-VNM,nat-met-sto-tro,VNM,Asia,0.0,30.0,3.0,117450.0,117453.0,0.0,0.0,25000.0,45455.0,54.9993852662954,Category 1,75.0,86.3,967.0,2001-06-29,2001-07-03,4.5,Landfall,Category 1,21.108,110.319,75.0
2001204N19127,Yutu (2001),2001.0,2001-0419-CHN,nat-met-sto-tro,CHN,Asia,0.0,0.0,0.0,23250.0,23250.0,0.0,0.0,85000.0,154547.0,54.9993852662954,Category 2,85.0,97.8,958.0,2001-07-22,2001-07-26,4.2,Landfall,Category 1,21.5266,110.711,67.0
2001202N11266,Dalila (2001),2001.0,2001-0488-MEX,nat-met-sto-tro,MEX,Americas,0.0,0.0,0.0,100.0,100.0,0.0,0.0,0.0,0.0,54.9993852662954,Category 1,65.0,74.8,987.0,2001-07-21,2001-07-28,7.5,At Sea / Open Water,At Sea / Open Water,0.0,0.0,0.0
2001239N19116,Fitow (2001),2001.0,2001-0796-CHN,nat-met-sto-tro,CHN,Asia,0.0,4.0,0.0,0.0,0.0,0.0,0.0,213000.0,387277.0,54.9993852662954,Tropical Storm,45.0,51.8,991.0,2001-08-27,2001-09-12,15.8,Landfall,Tropical Depression,19.8436,110.691,25.0
2002017S07078,Dina (2002),2002.0,2002-0039-MUS,nat-met-sto-tro,MUS,Africa,10.0,3.0,50.0,0.0,1050.0,0.0,0.0,50000.0,89491.0,55.8716960740501,Category 4,130.0,149.6,910.0,2002-01-16,2002-01-28,12.0,At Sea / Open Water,At Sea / Open Water,0.0,0.0,0.0
2002017S07078,Dina (2002),2002.0,2002-0043-REU,nat-met-sto-tro,REU,Africa,0.0,0.0,300.0,0.0,3100.0,0.0,0.0,50000.0,89491.0,55.8716960740501,Category 4,130.0,149.6,910.0,2002-01-16,2002-01-28,12.0,At Sea / Open Water,At Sea / Open Water,0.0,0.0,0.0
2002178N04155,Chataan (2002),2002.0,2002-0431-JPN,nat-met-sto-tro,JPN,Asia,0.0,5.0,18.0,100000.0,100018.0,0.0,0.0,5000.0,8949.0,55.8716960740501,Category 4,130.0,149.6,910.0,2002-06-27,2002-07-13,15.8,Landfall,Tropical Storm,35.0259,139.925,50.0
2002265N10315,Lili (2002),2002.0,2002-0627-JAM,nat-met-sto-tro,JAM,Americas,0.0,4.0,0.0,1500.0,1500.0,0.0,0.0,30.0,54.0,55.8716960740501,Category 4,125.0,143.8,938.0,2002-09-21,2002-10-04,12.8,Landfall,Category 2,22.1,-84.0,90.0
2002268N15258,Julio (2002),2002.0,2002-0647-MEX,nat-met-sto-tro,MEX,Americas,0.0,0.0,0.0,500.0,500.0,0.0,0.0,0.0,0.0,55.8716960740501,Tropical Storm,40.0,46.0,1000.0,2002-09-25,2002-09-26,1.5,Landfall,Tropical Storm,18.0,-102.4,40.0
2002258N10300,Isidore (2002),2002.0,2002-0851-SLV,nat-met-sto-tro,SLV,Americas,0.0,0.0,0.0,500.0,500.0,0.0,0.0,0.0,0.0,55.8716960740501,Category 3,110.0,126.6,934.0,2002-09-14,2002-09-27,13.0,Landfall,Tropical Depression,10.0856,-61.4549,25.0
2003155S10172,Gina (2003),2003.0,2003-0314-SLB,nat-met-sto-tro,SLB,Oceania,0.0,0.0,0.0,0.0,150.0,0.0,0.0,0.0,0.0,57.1400352670416,Category 2,90.0,103.6,954.0,2003-06-04,2003-06-09,5.2,At Sea / Open Water,At Sea / Open Water,0.0,0.0,0.0
2003196N11137,Koni (2003),2003.0,2003-0437-VNM,nat-met-sto-tro,VNM,Asia,0.0,0.0,18.0,0.0,5018.0,0.0,0.0,0.0,0.0,57.1400352670416,Category 1,65.0,74.8,976.0,2003-07-14,2003-07-22,8.2,Landfall,Tropical Storm,11.25,124.5,40.0
2003359S15177,Heta (2004),2004.0,2004-0004-ASM,nat-met-sto-tro,ASM,Oceania,0.0,0.0,60.0,20000.0,23060.0,0.0,0.0,150000.0,255668.0,58.6698092933412,Category 5,140.0,161.1,898.0,2003-12-25,2004-01-12,17.8,At Sea / Open Water,At Sea / Open Water,0.0,0.0,0.0
2004230N09172,Chaba (2004),2004.0,2004-0445-JPN,nat-met-sto-tro,JPN,Asia,0.0,14.0,50.0,180000.0,180050.0,1200000.0,2045345.0,2000000.0,3408908.0,58.6698092933412,Category 5,155.0,178.4,879.0,2004-08-17,2004-09-05,19.5,Landfall,Category 2,33.475,131.125,85.0
2005041S13181,Olaf (2005),2005.0,2005-0151-WSM,nat-met-sto-tro,WSM,Oceania,0.0,9.0,0.0,0.0,0.0,0.0,0.0,0.0,0.0,60.6603317527392,Category 5,145.0,166.9,892.0,2005-02-10,2005-02-23,13.0,At Sea / Open Water,At Sea / Open Water,0.0,0.0,0.0
2005192N11318,Emily (2005),2005.0,2005-0382-HTI,nat-met-sto-tro,HTI,Americas,0.0,6.0,0.0,565.0,750.0,0.0,0.0,0.0,0.0,60.6603317527392,Category 5,140.0,161.1,929.0,2005-07-11,2005-07-21,10.5,Landfall,Category 2,20.6198,-88.0304,92.0
2005192N11318,Emily (2005),2005.0,2005-0382-JAM,nat-met-sto-tro,JAM,Americas,0.0,4.0,0.0,2296.0,2296.0,0.0,0.0,1000.0,1649.0,60.6603317527392,Category 5,140.0,161.1,929.0,2005-07-11,2005-07-21,10.5,Landfall,Category 2,20.6198,-88.0304,92.0
2005192N11318,Emily (2005),2005.0,2005-0382-MEX,nat-met-sto-tro,MEX,Americas,0.0,2.0,0.0,0.0,0.0,250000.0,412131.0,400000.0,659410.0,60.6603317527392,Category 5,140.0,161.1,929.0,2005-07-11,2005-07-21,10.5,Landfall,Category 2,20.6198,-88.0304,92.0
2005192N11318,Emily (2005),2005.0,2005-0382-VCT,nat-met-sto-tro,VCT,Americas,0.0,0.0,0.0,530.0,530.0,0.0,0.0,0.0,0.0,60.6603317527392,Category 5,140.0,161.1,929.0,2005-07-11,2005-07-21,10.5,Landfall,Category 2,20.6198,-88.0304,92.0
2005237N14148,Talim (2005),2005.0,2005-0492-TWN,nat-met-sto-tro,TWN,Asia,0.0,3.0,59.0,0.0,59.0,0.0,0.0,38000.0,62644.0,60.6603317527392,Category 4,130.0,149.6,910.0,2005-08-24,2005-09-03,9.5,Landfall,Category 2,23.85,121.475,95.0
2005230N20144,Mawar (2005),2005.0,2005-0464-JPN,nat-met-sto-tro,JPN,Asia,0.0,3.0,4.0,90.0,94.0,0.0,0.0,0.0,0.0,60.6603317527392,Category 4,125.0,143.8,916.0,2005-08-18,2005-09-01,14.0,Landfall,Category 2,35.25,139.75,85.0
2005268N19146,Longwang (2005),2005.0,2005-0565-CHN,nat-met-sto-tro,CHN,Asia,0.0,95.0,0.0,2460000.0,2460000.0,0.0,0.0,150000.0,247279.0,60.6603317527392,Category 4,125.0,143.8,916.0,2005-09-25,2005-10-03,8.8,Landfall,Category 2,23.975,120.8,95.0
2005268N19146,Longwang (2005),2005.0,2005-0565-TWN,nat-met-sto-tro,TWN,Asia,0.0,2.0,46.0,0.0,46.0,50000.0,82426.0,100000.0,164852.0,60.6603317527392,Category 4,125.0,143.8,916.0,2005-09-25,2005-10-03,8.8,Landfall,Category 2,23.975,120.8,95.0
2005275N19274,Stan (2005),2005.0,2005-0567-HTI,nat-met-sto-tro,HTI,Americas,0.0,1.0,0.0,10000.0,10000.0,0.0,0.0,0.0,0.0,60.6603317527392,Category 1,70.0,80.6,977.0,2005-10-01,2005-10-05,3.8,Landfall,Tropical Storm,19.5456,-87.3758,36.0
2005300N10279,Beta (2005),2005.0,2005-0625-NIC,nat-met-sto-tro,NIC,Americas,37.0,4.0,0.0,0.0,5763.0,0.0,0.0,0.0,0.0,60.6603317527392,Category 3,100.0,115.1,962.0,2005-10-26,2005-10-31,4.2,Landfall,Category 2,12.9,-83.5,90.0
2006114N08090,Mala (2006),2006.0,2006-0241-MMR,nat-met-sto-tro,MMR,Asia,0.0,34.0,31.0,60075.0,60106.0,0.0,0.0,0.0,0.0,62.6171947810345,Category 4,120.0,138.1,922.0,2006-04-24,2006-04-29,5.5,Landfall,Category 1,17.9977,94.9498,77.0
2006188N10143,Bilis (2006),2006.0,2006-0362-CHN,nat-met-sto-tro,CHN,Asia,0.0,820.0,0.0,29622000.0,29622000.0,0.0,0.0,3325000.0,5310043.0,62.6171947810345,Tropical Storm,50.0,57.5,987.0,2006-07-07,2006-07-17,10.5,Landfall,Tropical Storm,26.4267,119.487,40.0
2006188N10143,Bilis (2006),2006.0,2006-0362-PHL,nat-met-sto-tro,PHL,Asia,0.0,37.0,0.0,51680.0,51680.0,0.0,0.0,3000.0,4791.0,62.6171947810345,Tropical Storm,50.0,57.5,987.0,2006-07-07,2006-07-17,10.5,Landfall,Tropical Storm,26.4267,119.487,40.0
2006237N13298,Ernesto (2006),2006.0,2006-0466-USA,nat-met-sto-tro,USA,Americas,0.0,6.0,0.0,140.0,140.0,0.0,0.0,32860.0,52478.0,62.6171947810345,Category 1,65.0,74.8,985.0,2006-08-24,2006-09-04,10.5,Landfall,Tropical Storm,19.9,-75.5,35.0
2006240N12265,John (2006),2006.0,2006-0483-MEX,nat-met-sto-tro,MEX,Americas,0.0,7.0,0.0,10000.0,10000.0,0.0,0.0,0.0,0.0,62.6171947810345,Category 4,115.0,132.3,948.0,2006-08-28,2006-09-04,7.5,Landfall,Category 2,23.4011,-109.518,92.0
2007091S14175,Cliff (2007),2007.0,2007-0151-FJI,nat-met-sto-tro,FJI,Oceania,0.0,1.0,0.0,0.0,0.0,0.0,0.0,0.0,0.0,64.4034636847652,Tropical Storm,55.0,63.3,982.0,2007-04-01,2007-04-06,5.8,At Sea / Open Water,At Sea / Open Water,0.0,0.0,0.0
2007151N14072,Gonu (2007),2007.0,2007-0164-OMN,nat-met-sto-tro,OMN,Asia,731.0,76.0,0.0,20000.0,20000.0,650000.0,1009262.0,3900000.0,6055575.0,64.4034636847652,Category 5,145.0,166.9,898.0,2007-05-31,2007-06-08,7.8,Landfall,Tropical Depression,25.7051,57.9702,20.0
2007223N19136,Sepat (2007),2007.0,2007-0380-PHL,nat-met-sto-tro,PHL,Asia,0.0,3.0,0.0,380000.0,380000.0,0.0,0.0,492.0,764.0,64.4034636847652,Category 5,140.0,161.1,918.0,2007-08-11,2007-08-24,13.2,Landfall,Category 3,23.55,121.025,100.0
2007244N12303,Felix (2007),2007.0,2007-0439-HND,nat-met-sto-tro,HND,Americas,0.0,1.0,0.0,19500.0,19500.0,0.0,0.0,6579.0,10215.0,64.4034636847652,Category 5,150.0,172.6,929.0,2007-08-31,2007-09-06,6.2,Landfall,Category 5,14.3,-83.2,140.0
2007269N22265,Lorenzo (2007),2007.0,2007-0464-MEX,nat-met-sto-tro,MEX,Americas,0.0,5.0,0.0,33000.0,33000.0,0.0,0.0,0.0,0.0,64.4034636847652,Category 1,70.0,80.6,990.0,2007-09-25,2007-09-28,3.0,Landfall,Category 1,20.5,-97.0,65.0
2007297N18300,Noel (2007),2007.0,2007-0523-JAM,nat-met-sto-tro,JAM,Americas,0.0,1.0,0.0,0.0,0.0,0.0,0.0,0.0,0.0,64.4034636847652,Category 1,75.0,86.3,965.0,2007-10-24,2007-11-06,13.0,Landfall,Tropical Storm,19.7408,-73.2102,42.0
2007314N10093,Sidr (2007),2007.0,2007-0556-BGD,nat-met-sto-tro,BGD,Asia,215214.0,4234.0,55282.0,8923259.0,8978541.0,0.0,0.0,2300000.0,3571236.0,64.4034636847652,Category 5,140.0,161.1,918.0,2007-11-10,2007-11-16,5.9,Landfall,Category 3,22.5429,90.3714,100.0
2007345N18298,Olga (2007),2007.0,2007-0612-DOM,nat-met-sto-tro,DOM,Americas,0.0,33.0,0.0,61605.0,61605.0,0.0,0.0,45000.0,69872.0,64.4034636847652,Tropical Storm,50.0,57.5,1003.0,2007-12-10,2007-12-16,5.8,Landfall,Tropical Storm,18.4,-66.5,40.0
2008245N17323,Ike (2008),2008.0,2008-0384-TCA,nat-met-sto-tro,TCA,Americas,0.0,0.0,0.0,750.0,750.0,0.0,0.0,500000.0,747653.0,66.8759741789087,Category 4,125.0,143.8,935.0,2008-09-01,2008-09-15,14.2,Landfall,Category 3,21.0,-73.2,110.0
2008311N14278,Paloma (2008),2008.0,2008-0514-CUB,nat-met-sto-tro,CUB,Americas,0.0,0.0,0.0,49445.0,49445.0,0.0,0.0,0.0,0.0,66.8759741789087,Category 4,125.0,143.8,944.0,2008-11-05,2008-11-14,8.5,Landfall,Category 2,20.7,-78.0,90.0
2010236N12341,Earl (2010),2010.0,2010-0468-ATG,nat-met-sto-tro,ATG,Americas,0.0,0.0,0.0,5000.0,5000.0,0.0,0.0,12600.0,18603.0,67.7310945291778,Category 4,125.0,143.8,927.0,2010-08-24,2010-09-06,13.0,Landfall,Category 1,44.3,-64.5,65.0
2010256N17137,Fanapi (2010),2010.0,2010-0484-TWN,nat-met-sto-tro,TWN,Asia,0.0,2.0,100.0,0.0,100.0,0.0,0.0,63100.0,93163.0,67.7310945291778,Category 3,105.0,120.8,944.0,2010-09-13,2010-09-21,8.5,Landfall,Category 2,23.3179,121.103,90.0
2010267N14285,Matthew (2010),2010.0,2010-0503-HND,nat-met-sto-tro,HND,Americas,0.0,4.0,0.0,0.0,0.0,0.0,0.0,0.0,0.0,67.7310945291778,Tropical Storm,50.0,57.5,998.0,2010-09-23,2010-09-26,3.2,Landfall,Tropical Storm,14.7,-83.3,50.0
2010267N14285,Matthew (2010),2010.0,2010-0503-MEX,nat-met-sto-tro,MEX,Americas,0.0,3.0,0.0,1075.0,1075.0,0.0,0.0,0.0,0.0,67.7310945291778,Tropical Storm,50.0,57.5,998.0,2010-09-23,2010-09-26,3.2,Landfall,Tropical Storm,14.7,-83.3,50.0
2010267N14285,Matthew (2010),2010.0,2010-0503-SLV,nat-met-sto-tro,SLV,Americas,0.0,1.0,0.0,0.0,0.0,0.0,0.0,0.0,0.0,67.7310945291778,Tropical Storm,50.0,57.5,998.0,2010-09-23,2010-09-26,3.2,Landfall,Tropical Storm,14.7,-83.3,50.0
2010302N09306,Tomas (2010),2010.0,2010-0571-DOM,nat-met-sto-tro,DOM,Americas,0.0,0.0,0.0,12000.0,12000.0,0.0,0.0,0.0,0.0,67.7310945291778,Category 2,85.0,97.8,982.0,2010-10-29,2010-11-10,12.5,At Sea / Open Water,At Sea / Open Water,0.0,0.0,0.0
2011233N15301,Irene (2011),2011.0,2011-0328-BHS,nat-met-sto-tro,BHS,Americas,0.0,0.0,0.0,10000.0,10000.0,0.0,0.0,40000.0,57250.0,69.869263508865,Category 3,105.0,120.8,942.0,2011-08-21,2011-08-30,9.0,Landfall,Tropical Storm,18.1,-65.8,60.0
2011233N15301,Irene (2011),2011.0,2011-0328-CAN,nat-met-sto-tro,CAN,Americas,0.0,1.0,0.0,0.0,0.0,0.0,0.0,0.0,0.0,69.869263508865,Category 3,105.0,120.8,942.0,2011-08-21,2011-08-30,9.0,Landfall,Tropical Storm,18.1,-65.8,60.0
2011233N15301,Irene (2011),2011.0,2011-0328-DOM,nat-met-sto-tro,DOM,Americas,0.0,4.0,0.0,37000.0,37000.0,0.0,0.0,30000.0,42937.0,69.869263508865,Category 3,105.0,120.8,942.0,2011-08-21,2011-08-30,9.0,Landfall,Tropical Storm,18.1,-65.8,60.0
2011233N15301,Irene (2011),2011.0,2011-0328-HTI,nat-met-sto-tro,HTI,Americas,0.0,2.0,4.0,1000.0,1544.0,0.0,0.0,0.0,0.0,69.869263508865,Category 3,105.0,120.8,942.0,2011-08-21,2011-08-30,9.0,Landfall,Tropical Storm,18.1,-65.8,60.0
2011233N15301,Irene (2011),2011.0,2011-0328-PRI,nat-met-sto-tro,PRI,Americas,0.0,1.0,0.0,1500.0,2271.0,450000.0,644060.0,500000.0,715622.0,69.869263508865,Category 3,105.0,120.8,942.0,2011-08-21,2011-08-30,9.0,Landfall,Tropical Storm,18.1,-65.8,60.0
2011236N15143,Talas (2011),2011.0,2011-0454-JPN,nat-met-sto-tro,JPN,Asia,0.0,68.0,0.0,1300.0,1300.0,430000.0,615435.0,650000.0,930309.0,69.869263508865,Tropical Storm,55.0,63.3,982.0,2011-08-23,2011-09-07,14.5,Landfall,Tropical Storm,33.45,133.875,45.0
2012331N03157,Bopha (2012),2012.0,2012-0500-PHL,nat-met-sto-tro,PHL,Asia,0.0,1901.0,2666.0,6243998.0,6246664.0,0.0,0.0,898352.0,1259694.0,71.3150877335761,Category 5,150.0,172.6,911.0,2012-11-25,2012-12-09,13.8,Landfall,Category 4,7.63461,126.575,132.0
2012039S14075,Giovanna (2012),2012.0,2012-0043-MDG,nat-met-sto-tro,MDG,Africa,4262.0,35.0,284.0,250000.0,250284.0,0.0,0.0,100000.0,140223.0,71.3150877335761,Category 4,120.0,138.1,933.0,2012-02-07,2012-02-22,14.8,Landfall,Category 2,-19.0,48.7,95.0
2012215N12313,Ernesto (2012),2012.0,2012-0276-MEX,nat-met-sto-tro,MEX,Americas,0.0,12.0,0.0,0.0,0.0,15000.0,21033.0,300000.0,420668.0,71.3150877335761,Category 2,85.0,97.8,973.0,2012-08-01,2012-08-10,8.8,Landfall,Category 2,18.8,-87.7,85.0
2012166N09269,Carlotta (2012),2012.0,2012-0401-MEX,nat-met-sto-tro,MEX,Americas,0.0,7.0,0.0,87000.0,87000.0,84000.0,117787.0,555000.0,778236.0,71.3150877335761,Category 2,95.0,109.3,973.0,2012-06-13,2012-06-17,3.5,Landfall,Category 2,15.8,-96.9,90.0
2012209N25149,Damrey (2012),2012.0,2012-0283-CHN,nat-met-sto-tro,CHN,Asia,0.0,15.0,0.0,3790000.0,3790000.0,106000.0,148636.0,600000.0,841337.0,71.3150877335761,Category 1,80.0,92.1,963.0,2012-07-27,2012-08-04,7.8,Landfall,Tropical Storm,34.86,119.22,55.0
2012234N16315,Isaac (2012),2012.0,2012-0313-PRI,nat-met-sto-tro,PRI,Americas,0.0,0.0,0.0,0.0,0.0,0.0,0.0,0.0,0.0,71.3150877335761,Category 1,70.0,80.6,965.0,2012-08-20,2012-09-01,11.8,Landfall,Tropical Storm,18.3,-72.7,55.0
2012234N16315,Isaac (2012),2012.0,2012-0313-USA,nat-met-sto-tro,USA,Americas,0.0,1.0,0.0,60000.0,60000.0,0.0,0.0,2000000.0,2804456.0,71.3150877335761,Category 1,70.0,80.6,965.0,2012-08-20,2012-09-01,11.8,Landfall,Tropical Storm,18.3,-72.7,55.0
2012230N21126,Tembin (2012),2012.0,2012-0585-TWN,nat-met-sto-tro,TWN,Asia,0.0,8.0,0.0,0.0,0.0,0.0,0.0,8300.0,11638.0,71.3150877335761,Category 4,120.0,138.1,933.0,2012-08-17,2012-09-01,14.8,Landfall,Category 3,22.2716,120.937,107.0
2013046S20042,Haruna (2013),2013.0,2013-0032-MDG,nat-met-sto-tro,MDG,Africa,0.0,42.0,127.0,40154.0,40281.0,0.0,0.0,25000.0,34550.0,72.3597374789251,Category 3,105.0,120.8,944.0,2013-02-14,2013-02-28,14.2,Landfall,Tropical Depression,-17.25,37.9,25.0
2013282N14149,Wipha (2013),2013.0,2013-0396-JPN,nat-met-sto-tro,JPN,Asia,0.0,39.0,107.0,19182.0,19289.0,0.0,0.0,200000.0,276397.0,72.3597374789251,Category 4,120.0,138.1,933.0,2013-10-09,2013-10-18,9.5,At Sea / Open Water,At Sea / Open Water,0.0,0.0,0.0
2013269N15118,Wutip (2013),2013.0,2013-0419-CHN,nat-met-sto-tro,CHN,Asia,0.0,74.0,0.0,0.0,0.0,0.0,0.0,0.0,0.0,72.3597374789251,Category 3,100.0,115.1,948.0,2013-09-25,2013-10-01,5.2,Landfall,Category 1,17.8267,105.833,75.0
2013272N10135,Fitow (2013),2013.0,2013-0429-CHN,nat-met-sto-tro,CHN,Asia,0.0,8.0,0.0,475000.0,475000.0,0.0,0.0,6700000.0,9259293.0,72.3597374789251,Category 2,90.0,103.6,956.0,2013-09-29,2013-10-07,8.0,Landfall,Tropical Storm,27.1133,120.287,55.0
2014164N19116,Hagibis (2014),2014.0,2014-0213-CHN,nat-met-sto-tro,CHN,Asia,0.0,0.0,0.0,5000.0,5000.0,0.0,0.0,131000.0,178150.0,73.5335770092672,Tropical Storm,50.0,57.5,985.0,2014-06-13,2014-06-23,10.0,Landfall,Tropical Storm,23.3,116.55,40.0
2014212N11242,Iselle (2014),2014.0,2014-0310-USA,nat-met-sto-tro,USA,Americas,0.0,1.0,0.0,834.0,834.0,0.0,0.0,66000.0,89755.0,73.5335770092672,Category 4,120.0,138.1,947.0,2014-07-30,2014-08-10,11.0,Landfall,Tropical Storm,19.2,-155.3,50.0
2014209N16134,Nakri (2014),2014.0,2014-0314-JPN,nat-met-sto-tro,JPN,Asia,0.0,0.0,0.0,4401.0,4401.0,0.0,0.0,0.0,0.0,73.5335770092672,Tropical Storm,40.0,46.0,992.0,2014-07-27,2014-08-04,7.5,Landfall,Tropical Depression,35.85,126.75,0.0
2014245N19268,Dolly (2014),2014.0,2014-0385-MEX,nat-met-sto-tro,MEX,Americas,0.0,1.0,0.0,1500.0,1500.0,0.0,0.0,500.0,680.0,73.5335770092672,Tropical Storm,45.0,51.8,1000.0,2014-09-01,2014-09-04,2.5,Landfall,Tropical Storm,22.0,-97.7,40.0
2014279N11096,Hudhud (2014),2014.0,2014-0392-IND,nat-met-sto-tro,IND,Asia,0.0,53.0,0.0,920000.0,920000.0,530000.0,720759.0,7000000.0,9519461.0,73.5335770092672,Category 4,115.0,132.3,937.0,2014-10-06,2014-10-14,8.1,Landfall,Category 3,17.7887,83.0748,110.0
2015013S18038,Chedza (2015),2015.0,2015-0016-MDG,nat-met-sto-tro,MDG,Africa,0.0,89.0,37.0,0.0,174007.0,0.0,0.0,36000.0,48899.0,73.6208029365864,Tropical Storm,50.0,57.5,985.0,2015-01-13,2015-01-22,9.2,Landfall,Tropical Depression,-17.5,37.6,0.0
2015045S12145,Lam (2015),2015.0,2015-0053-AUS,nat-met-sto-tro,AUS,Oceania,0.0,0.0,0.0,390.0,438.0,0.0,0.0,78000.0,105948.0,73.6208029365864,Category 3,100.0,115.1,948.0,2015-02-14,2015-02-20,6.8,Landfall,Tropical Depression,-12.8454,143.189,0.0
2015047S15152,Marcia (2015),2015.0,2015-0079-AUS,nat-met-sto-tro,AUS,Oceania,0.0,1.0,0.0,0.0,6000.0,396000.0,537891.0,546000.0,741638.0,73.6208029365864,Category 4,125.0,143.8,929.0,2015-02-16,2015-02-22,6.2,Landfall,Category 4,-22.775,150.475,115.0
2015066S08170,Pam (2015),2015.0,2015-0093-TUV,nat-met-sto-tro,TUV,Oceania,0.0,0.0,0.0,4613.0,4613.0,0.0,0.0,0.0,0.0,73.6208029365864,Category 5,150.0,172.6,911.0,2015-03-07,2015-03-20,12.8,At Sea / Open Water,At Sea / Open Water,0.0,0.0,0.0
2015171N15112,Kujira (2015),2015.0,2015-0252-CHN,nat-met-sto-tro,CHN,Asia,0.0,0.0,0.0,193000.0,193000.0,0.0,0.0,11000.0,14941.0,73.6208029365864,Tropical Storm,50.0,57.5,985.0,2015-06-19,2015-06-25,5.2,Landfall,Tropical Storm,18.9,110.35,40.0
2015249N18142,Etau (2015),2015.0,2015-0456-JPN,nat-met-sto-tro,JPN,Asia,0.0,8.0,46.0,60000.0,60046.0,250000.0,339578.0,0.0,0.0,73.6208029365864,Tropical Storm,60.0,69.0,978.0,2015-09-05,2015-09-11,6.0,Landfall,Tropical Storm,35.8501,136.762,40.0
2015309N14067,Megh (2015),2015.0,2015-0494-SOM,nat-met-sto-tro,SOM,Africa,0.0,0.0,0.0,0.0,0.0,0.0,0.0,0.0,0.0,73.6208029365864,Category 3,110.0,126.6,941.0,2015-11-04,2015-11-10,6.0,Landfall,Tropical Depression,13.4541,46.5591,22.0
2015293N13266,Patricia (2015),2015.0,2015-0470-MEX,nat-met-sto-tro,MEX,Americas,0.0,14.0,0.0,15000.0,15000.0,343000.0,465901.0,823000.0,1117891.0,73.6208029365864,Category 5,185.0,212.9,872.0,2015-10-20,2015-10-24,4.2,Landfall,Category 4,19.4,-105.0,130.0
2015273N12130,Mujigae (2015),2015.0,2015-0490-CHN,nat-met-sto-tro,CHN,Asia,0.0,20.0,0.0,52500.0,78300.0,0.0,0.0,4200000.0,5704909.0,73.6208029365864,Category 4,115.0,132.3,937.0,2015-09-30,2015-10-05,5.2,Landfall,Tropical Depression,15.7,121.325,30.0
2015256N16113,Vamco (2015),2015.0,2015-0620-THA,nat-met-sto-tro,THA,Asia,0.0,3.0,0.0,1440.0,1440.0,0.0,0.0,561.0,762.0,73.6208029365864,Tropical Storm,35.0,40.3,996.0,2015-09-13,2015-09-15,2.2,Landfall,Tropical Depression,15.6351,108.219,32.0
2016215N16283,Earl (2016),2016.0,2016-0284-HND,nat-met-sto-tro,HND,Americas,0.0,1.0,0.0,151.0,151.0,0.0,0.0,0.0,0.0,74.5496029864344,Category 1,75.0,86.3,979.0,2016-08-02,2016-08-06,4.2,Landfall,Category 1,17.4,-88.3,75.0
2016215N16283,Earl (2016),2016.0,2016-0284-BLZ,nat-met-sto-tro,BLZ,Americas,0.0,0.0,0.0,10355.0,10355.0,0.0,0.0,0.0,0.0,74.5496029864344,Category 1,75.0,86.3,979.0,2016-08-02,2016-08-06,4.2,Landfall,Category 1,17.4,-88.3,75.0
2016215N16283,Earl (2016),2016.0,2016-0284-MEX,nat-met-sto-tro,MEX,Americas,0.0,54.0,0.0,11000.0,11000.0,0.0,0.0,0.0,0.0,74.5496029864344,Category 1,75.0,86.3,979.0,2016-08-02,2016-08-06,4.2,Landfall,Category 1,17.4,-88.3,75.0
2016242N24279,Hermine (2016),2016.0,2016-0322-USA,nat-met-sto-tro,USA,Americas,0.0,3.0,0.0,13500.0,14070.0,270000.0,362175.0,600000.0,804833.0,74.5496029864344,Category 1,70.0,80.6,981.0,2016-08-28,2016-09-08,11.0,Landfall,Category 1,30.1,-84.1,70.0
2016266N11144,Megi (2016),2016.0,2016-0350-CHN,nat-met-sto-tro,CHN,Asia,0.0,35.0,0.0,36000.0,36000.0,0.0,0.0,830000.0,1113353.0,74.5496029864344,Category 4,120.0,138.1,933.0,2016-09-22,2016-09-29,7.8,Landfall,Category 2,23.8963,121.035,90.0
2016273N13300,Matthew (2016),2016.0,2016-0355-BHS,nat-met-sto-tro,BHS,Americas,0.0,0.0,0.0,0.0,0.0,0.0,0.0,600000.0,804833.0,74.5496029864344,Category 5,145.0,166.9,934.0,2016-09-28,2016-10-10,11.5,Landfall,Category 4,18.3,-74.3,130.0
2016273N13300,Matthew (2016),2016.0,2016-0355-HTI,nat-met-sto-tro,HTI,Americas,0.0,546.0,439.0,2100000.0,2100439.0,0.0,0.0,2000000.0,2682778.0,74.5496029864344,Category 5,145.0,166.9,934.0,2016-09-28,2016-10-10,11.5,Landfall,Category 4,18.3,-74.3,130.0
2016273N13300,Matthew (2016),2016.0,2016-0355-LCA,nat-met-sto-tro,LCA,Americas,0.0,0.0,0.0,25000.0,25000.0,0.0,0.0,0.0,0.0,74.5496029864344,Category 5,145.0,166.9,934.0,2016-09-28,2016-10-10,11.5,Landfall,Category 4,18.3,-74.3,130.0
2016230N15138,Mindulle (2016),2016.0,2016-0382-JPN,nat-met-sto-tro,JPN,Asia,0.0,2.0,70.0,3633.0,3703.0,0.0,0.0,100000.0,134139.0,74.5496029864344,Category 1,65.0,74.8,974.0,2016-08-16,2016-08-23,6.5,Landfall,Tropical Storm,35.85,140.025,60.0
2016323N13279,Otto (2016),2016.0,2016-0433-CRI,nat-met-sto-tro,CRI,Americas,0.0,9.0,0.0,50000.0,50000.0,0.0,0.0,0.0,0.0,74.5496029864344,Category 3,100.0,115.1,975.0,2016-11-17,2016-11-26,8.8,Landfall,Category 3,11.0,-83.8,100.0
2016341N08092,Vardah (2016),2016.0,2016-0485-IND,nat-met-sto-tro,IND,Asia,0.0,24.0,0.0,0.0,0.0,200000.0,268278.0,1000000.0,1341389.0,74.5496029864344,Category 2,85.0,97.8,959.0,2016-12-06,2016-12-19,12.8,Landfall,Category 1,13.1,79.85,65.0
2017232N19130,Hato (2017),2017.0,2017-0352-VNM,nat-met-sto-tro,VNM,Asia,0.0,1.0,1.0,0.0,1.0,0.0,0.0,1430000.0,1878178.0,76.1376037057766,Category 3,100.0,115.1,948.0,2017-08-19,2017-08-25,5.5,Landfall,Category 2,22.175,112.85,85.0
2017043S19040,Dineo (2017),2017.0,2017-0051-MOZ,nat-met-sto-tro,MOZ,Africa,0.0,7.0,102.0,750000.0,750102.0,0.0,0.0,17000.0,22328.0,76.1376037057766,Category 2,85.0,97.8,959.0,2017-02-11,2017-02-17,5.8,Landfall,Category 1,-23.4,35.25,75.0
2017147N14087,Mora (2017),2017.0,2017-0152-BGD,nat-met-sto-tro,BGD,Asia,0.0,7.0,12.0,3300000.0,3300012.0,0.0,0.0,0.0,0.0,76.1376037057766,Category 1,80.0,92.1,963.0,2017-05-27,2017-05-30,3.5,Landfall,Category 1,21.8988,91.9716,67.0
2017195N16114,Talas (2017),2017.0,2017-0281-VNM,nat-met-sto-tro,VNM,Asia,0.0,9.0,0.0,21000.0,21000.0,0.0,0.0,71000.0,93252.0,76.1376037057766,Tropical Storm,50.0,57.5,985.0,2017-07-14,2017-07-17,3.8,Landfall,Tropical Storm,18.6,105.675,45.0
2017242N16333,Irma (2017),2017.0,2017-0381-BLM,nat-met-sto-tro,BLM,Americas,0.0,4.0,0.0,0.0,0.0,1048800.0,1377506.0,0.0,0.0,76.1376037057766,Category 5,155.0,178.4,914.0,2017-08-30,2017-09-13,14.5,Landfall,Category 3,25.9,-81.7,100.0
2017242N16333,Irma (2017),2017.0,2017-0381-BRB,nat-met-sto-tro,BRB,Americas,0.0,1.0,0.0,0.0,0.0,0.0,0.0,0.0,0.0,76.1376037057766,Category 5,155.0,178.4,914.0,2017-08-30,2017-09-13,14.5,Landfall,Category 3,25.9,-81.7,100.0
2017242N16333,Irma (2017),2017.0,2017-0381-HTI,nat-met-sto-tro,HTI,Americas,0.0,1.0,17.0,40075.0,40092.0,162.0,213.0,0.0,0.0,76.1376037057766,Category 5,155.0,178.4,914.0,2017-08-30,2017-09-13,14.5,Landfall,Category 3,25.9,-81.7,100.0
2017242N16333,Irma (2017),2017.0,2017-0381-PRI,nat-met-sto-tro,PRI,Americas,0.0,2.0,0.0,0.0,0.0,0.0,0.0,0.0,0.0,76.1376037057766,Category 5,155.0,178.4,914.0,2017-08-30,2017-09-13,14.5,Landfall,Category 3,25.9,-81.7,100.0
2017242N16333,Irma (2017),2017.0,2017-0381-TCA,nat-met-sto-tro,TCA,Americas,0.0,0.0,0.0,0.0,0.0,14900.0,19570.0,500000.0,656706.0,76.1376037057766,Category 5,155.0,178.4,914.0,2017-08-30,2017-09-13,14.5,Landfall,Category 3,25.9,-81.7,100.0
2017242N16333,Irma (2017),2017.0,2017-0381-VGB,nat-met-sto-tro,VGB,Americas,0.0,9.0,0.0,0.0,0.0,0.0,0.0,3000000.0,3940234.0,76.1376037057766,Category 5,155.0,178.4,914.0,2017-08-30,2017-09-13,14.5,Landfall,Category 3,25.9,-81.7,100.0
2017260N12310,Maria (2017),2017.0,2017-0383-DMA,nat-met-sto-tro,DMA,Americas,0.0,64.0,100.0,71293.0,71393.0,19300.0,25349.0,1456000.0,1912327.0,76.1376037057766,Category 5,150.0,172.6,908.0,2017-09-16,2017-10-02,16.0,Landfall,Category 4,18.0,-65.9,135.0
2017260N12310,Maria (2017),2017.0,2017-0383-HTI,nat-met-sto-tro,HTI,Americas,0.0,3.0,0.0,0.0,0.0,0.0,0.0,0.0,0.0,76.1376037057766,Category 5,150.0,172.6,908.0,2017-09-16,2017-10-02,16.0,Landfall,Category 4,18.0,-65.9,135.0
2017253N14130,Doksuri (2017),2017.0,2017-0406-VNM,nat-met-sto-tro,VNM,Asia,0.0,14.0,112.0,691900.0,692012.0,0.0,0.0,484000.0,635691.0,76.1376037057766,Category 2,95.0,109.3,960.0,2017-09-10,2017-09-16,6.2,Landfall,Tropical Depression,14.4994,121.278,30.0
2018089S18172,Josie (2018),2018.0,2018-0101-FJI,nat-met-sto-tro,FJI,Oceania,0.0,7.0,0.0,89950.0,89950.0,0.0,0.0,10000.0,12821.0,77.9972651879547,Tropical Storm,50.0,57.5,994.0,2018-03-30,2018-04-04,5.2,At Sea / Open Water,At Sea / Open Water,0.0,0.0,0.0
2017304N11127,Damrey (2017),2017.0,2017-0422-VNM,nat-met-sto-tro,VNM,Asia,0.0,123.0,0.0,4330000.0,4330000.0,0.0,0.0,1000000.0,1313411.0,76.1376037057766,Category 2,90.0,103.6,967.0,2017-10-31,2017-11-05,5.0,Landfall,Tropical Depression,11.25,124.35,0.0
2017288N09138,Lan (2017),2017.0,2017-0432-JPN,nat-met-sto-tro,JPN,Asia,0.0,8.0,210.0,18600.0,18810.0,0.0,0.0,1000000.0,1313411.0,76.1376037057766,Category 4,135.0,155.4,922.0,2017-10-15,2017-10-23,8.8,Landfall,Category 1,34.6857,138.207,70.0
2017252N14147,Talim (2017),2017.0,2017-0468-JPN,nat-met-sto-tro,JPN,Asia,0.0,2.0,56.0,21600.0,21656.0,330000.0,433426.0,500000.0,656706.0,76.1376037057766,Category 4,120.0,138.1,933.0,2017-09-08,2017-09-22,14.2,Landfall,Tropical Storm,31.4564,130.855,55.0
2017333N06082,Ockhi (2017),2017.0,2017-0508-LKA,nat-met-sto-tro,LKA,Asia,0.0,27.0,77.0,160000.0,160077.0,0.0,0.0,346000.0,454440.0,76.1376037057766,Category 3,100.0,115.1,948.0,2017-11-28,2017-12-05,7.0,Landfall,Tropical Depression,6.1,80.6667,30.0
2018038S15172,Gita (2018),2018.0,2018-0042-WSM,nat-met-sto-tro,WSM,Oceania,0.0,0.0,0.0,0.0,0.0,0.0,0.0,0.0,0.0,77.9972651879547,Category 4,125.0,143.8,929.0,2018-02-07,2018-02-22,15.5,Landfall,Tropical Depression,-42.0131,172.712,0.0
2018073S12057,Eliakim (2018),2018.0,2018-0086-MDG,nat-met-sto-tro,MDG,Africa,0.0,21.0,0.0,50872.0,50872.0,0.0,0.0,0.0,0.0,77.9972651879547,Category 1,65.0,74.8,982.0,2018-03-13,2018-03-22,9.2,Landfall,Tropical Storm,-15.8,50.2,60.0
2023039S15153,Gabrielle (2023),2023.0,2023-0079-NZL,nat-met-sto-tro,NZL,Oceania,0.0,11.0,0.0,10500.0,10500.0,1900000.0,2007510.0,2800000.0,2958435.0,94.6446220103845,Category 2,89.0,102.4,958.0,2023-02-08,2023-02-12,4.2,At Sea / Open Water,At Sea / Open Water,0.0,0.0,0.0
2018186N10325,Beryl (2018),2018.0,2018-0280-DOM,nat-met-sto-tro,DOM,Americas,0.0,0.0,0.0,0.0,8000.0,0.0,0.0,0.0,0.0,77.9972651879547,Category 1,70.0,80.6,991.0,2018-07-04,2018-07-17,12.8,Landfall,Tropical Depression,18.6696,-71.1097,30.0
2018186N10325,Beryl (2018),2018.0,2018-0280-PRI,nat-met-sto-tro,PRI,Americas,0.0,0.0,0.0,0.0,0.0,0.0,0.0,0.0,0.0,77.9972651879547,Category 1,70.0,80.6,991.0,2018-07-04,2018-07-17,12.8,Landfall,Tropical Depression,18.6696,-71.1097,30.0
2018184N10147,Maria (2018),2018.0,2018-0285-CHN,nat-met-sto-tro,CHN,Asia,0.0,0.0,0.0,45000.0,45000.0,0.0,0.0,490000.0,628227.0,77.9972651879547,Category 5,145.0,166.9,910.0,2018-07-03,2018-07-13,10.0,Landfall,Category 2,26.3821,119.097,85.0
2018221N17112,Bebinca (2018),2018.0,2018-0305-LAO,nat-met-sto-tro,LAO,Asia,0.0,0.0,0.0,615145.0,615145.0,0.0,0.0,225000.0,288472.0,77.9972651879547,Tropical Storm,60.0,69.0,979.0,2018-08-09,2018-08-17,8.8,Landfall,Tropical Depression,21.6512,112.222,20.0
2018218N18134,Yagi (2018),2018.0,2018-0347-CHN,nat-met-sto-tro,CHN,Asia,0.0,3.0,0.0,2400.0,2400.0,0.0,0.0,367000.0,470529.0,77.9972651879547,Tropical Storm,45.0,51.8,983.0,2018-08-06,2018-08-16,10.0,Landfall,Tropical Storm,28.3089,121.503,40.0
2018226N23128,Rumbia (2018),2018.0,2018-0348-CHN,nat-met-sto-tro,CHN,Asia,0.0,53.0,0.0,39600.0,39600.0,0.0,0.0,5400000.0,6923320.0,77.9972651879547,Tropical Storm,50.0,57.5,978.0,2018-08-14,2018-08-20,6.8,Landfall,Tropical Storm,30.904,121.228,47.0
2018263N12146,Trami (2018),2018.0,2018-0353-JPN,nat-met-sto-tro,JPN,Asia,0.0,4.0,200.0,18000.0,18200.0,0.0,0.0,4500000.0,5769433.0,77.9972651879547,Category 5,140.0,161.1,914.0,2018-09-20,2018-10-03,13.5,Landfall,Category 1,33.8252,135.444,70.0
2018265N35315,Leslie (2018),2018.0,2018-0376-PRT,nat-met-sto-tro,PRT,Europe,0.0,2.0,28.0,60.0,88.0,60000.0,76926.0,115500.0,148082.0,77.9972651879547,Category 1,80.0,92.1,968.0,2018-09-22,2018-10-14,22.0,Landfall,Tropical Storm,41.1,-7.6,40.0
2018294N08161,Yutu (2018),2018.0,2018-0399-MNP,nat-met-sto-tro,MNP,Oceania,0.0,2.0,0.0,0.0,0.0,0.0,0.0,0.0,0.0,77.9972651879547,Category 5,150.0,172.6,904.0,2018-10-20,2018-11-03,13.5,Landfall,Category 3,16.7662,122.297,97.0
2018292N13269,Vicente (2018),2018.0,2018-0421-MEX,nat-met-sto-tro,MEX,Americas,0.0,14.0,0.0,0.0,0.0,0.0,0.0,7005.0,8981.0,77.9972651879547,Tropical Storm,45.0,51.8,1002.0,2018-10-19,2018-10-23,4.6,Landfall,Tropical Depression,18.0,-102.4,25.0
2018314N12093,Gaja (2018),2018.0,2018-0431-IND,nat-met-sto-tro,IND,Asia,0.0,45.0,0.0,500000.0,500000.0,0.0,0.0,775000.0,993625.0,77.9972651879547,Category 1,80.0,92.1,963.0,2018-11-10,2018-11-19,9.4,Landfall,Category 1,10.4674,79.69,75.0
2019268N10155,Mitag (2019),2019.0,2019-0472-CHN,nat-met-sto-tro,CHN,Asia,0.0,3.0,0.0,0.0,0.0,0.0,0.0,263000.0,331189.0,79.4107846043372,Category 2,90.0,103.6,961.0,2019-09-24,2019-10-05,11.0,Landfall,Tropical Storm,35.0475,127.236,40.0
2019063S18038,Idai (2019),2019.0,2019-0110-MOZ,nat-met-sto-tro,MOZ,Africa,0.0,603.0,1500.0,1500000.0,1501500.0,150000.0,188891.0,2000000.0,2518550.0,79.4107846043372,Category 4,115.0,132.3,947.0,2019-03-04,2019-03-16,12.5,Landfall,Tropical Depression,-17.5149,37.2701,0.0
2023037S12119,Freddy (2023),2023.0,2023-0095-MUS,nat-met-sto-tro,MUS,Africa,0.0,1.0,0.0,2500.0,2500.0,0.0,0.0,0.0,0.0,94.6446220103845,Category 5,138.0,158.8,924.0,2023-02-06,2023-02-24,18.0,Landfall,Category 2,-21.1,48.3,89.0
2019192N29274,Barry (2019),2019.0,2019-0335-USA,nat-met-sto-tro,USA,Americas,0.0,1.0,0.0,0.0,0.0,300000.0,377782.0,600000.0,755565.0,79.4107846043372,Category 1,65.0,74.8,993.0,2019-07-10,2019-07-16,5.8,Landfall,Category 1,29.6,-92.2,65.0
2019243N06136,Lingling (2019),2019.0,2019-0424-KOR,nat-met-sto-tro,KOR,Asia,0.0,3.0,33.0,38.0,71.0,0.0,0.0,0.0,0.0,79.4107846043372,Category 4,120.0,138.1,928.0,2019-08-30,2019-09-12,12.5,Landfall,Category 1,37.9,125.225,65.0
2019243N06136,Lingling (2019),2019.0,2019-0424-PRK,nat-met-sto-tro,PRK,Asia,0.0,5.0,0.0,5300000.0,5300000.0,0.0,0.0,24000.0,30223.0,79.4107846043372,Category 4,120.0,138.1,928.0,2019-08-30,2019-09-12,12.5,Landfall,Category 1,37.9,125.225,65.0
2023037S12119,Freddy (2023),2023.0,2023-0095-REU,nat-met-sto-tro,REU,Africa,0.0,0.0,0.0,25000.0,25000.0,0.0,0.0,0.0,0.0,94.6446220103845,Category 5,138.0,158.8,924.0,2023-02-06,2023-02-24,18.0,Landfall,Category 2,-21.1,48.3,89.0
2023037S12119,Freddy (2023),2023.0,2023-0095-ZWE,nat-met-sto-tro,ZWE,Africa,0.0,2.0,0.0,0.0,0.0,0.0,0.0,0.0,0.0,94.6446220103845,Category 5,138.0,158.8,924.0,2023-02-06,2023-02-24,18.0,Landfall,Category 2,-21.1,48.3,89.0
2019246N24266,Fernand (2019),2019.0,2019-0519-MEX,nat-met-sto-tro,MEX,Americas,0.0,1.0,0.0,0.0,0.0,25000.0,31482.0,383000.0,482302.0,79.4107846043372,Tropical Storm,45.0,51.8,1000.0,2019-09-03,2019-09-05,1.8,Landfall,Tropical Depression,24.3,-98.0,30.0
2019354N05151,Phanfone (2019),2019.0,2019-0634-PHL,nat-met-sto-tro,PHL,Asia,0.0,63.0,369.0,3296877.0,3297246.0,0.0,0.0,15722.0,19798.0,79.4107846043372,Category 3,105.0,120.8,958.0,2019-12-19,2019-12-29,9.8,At Sea / Open Water,At Sea / Open Water,0.0,0.0,0.0
2020072S14054,Herold (2020),2020.0,2020-0103-MDG,nat-met-sto-tro,MDG,Africa,0.0,4.0,0.0,3200.0,3200.0,0.0,0.0,0.0,0.0,80.3903830082114,Category 3,100.0,115.1,960.0,2020-03-12,2020-03-21,8.8,At Sea / Open Water,At Sea / Open Water,0.0,0.0,0.0
2020092S09155,Harold (2020),2020.0,2020-0132-FJI,nat-met-sto-tro,FJI,Oceania,0.0,1.0,0.0,180000.0,180000.0,0.0,0.0,13000.0,16171.0,80.3903830082114,Category 5,145.0,166.9,909.0,2020-04-01,2020-04-11,10.0,Landfall,Category 4,-15.6,166.867,120.0
2020136N10088,Amphan (2020),2020.0,2020-0211-BGD,nat-met-sto-tro,BGD,Asia,0.0,26.0,0.0,2600000.0,2600000.0,0.0,0.0,1500000.0,1865895.0,80.3903830082114,Category 5,145.0,166.9,901.0,2020-05-15,2020-05-21,6.2,Landfall,Category 2,22.05,88.35,95.0
2020136N10088,Amphan (2020),2020.0,2020-0211-IND,nat-met-sto-tro,IND,Asia,0.0,90.0,0.0,18000000.0,18000000.0,0.0,0.0,13500000.0,16793053.0,80.3903830082114,Category 5,145.0,166.9,901.0,2020-05-15,2020-05-21,6.2,Landfall,Category 2,22.05,88.35,95.0
2020136N10088,Amphan (2020),2020.0,2020-0211-LKA,nat-met-sto-tro,LKA,Asia,0.0,4.0,0.0,1100.0,1100.0,0.0,0.0,0.0,0.0,80.3903830082114,Category 5,145.0,166.9,901.0,2020-05-15,2020-05-21,6.2,Landfall,Category 2,22.05,88.35,95.0
2020153N13072,Nisarga (2020),2020.0,2020-0217-IND,nat-met-sto-tro,IND,Asia,0.0,6.0,0.0,7500.0,7500.0,0.0,0.0,820000.0,1020023.0,80.3903830082114,Category 2,85.0,97.8,968.0,2020-05-31,2020-06-04,3.5,Landfall,Category 1,18.5137,73.2462,77.0
2020152N12269,Amanda (2020),2020.0,2020-0218-GTM,nat-met-sto-tro,GTM,Americas,0.0,2.0,0.0,306000.0,306886.0,0.0,0.0,0.0,0.0,80.3903830082114,Tropical Storm,35.0,40.3,1003.0,2020-05-30,2020-05-31,0.8,Landfall,Tropical Storm,14.1,-90.3,35.0
2020152N12269,Amanda (2020),2020.0,2020-0218-SLV,nat-met-sto-tro,SLV,Americas,0.0,32.0,0.0,149840.0,149840.0,0.0,0.0,220000.0,273665.0,80.3903830082114,Tropical Storm,35.0,40.3,1003.0,2020-05-30,2020-05-31,0.8,Landfall,Tropical Storm,14.1,-90.3,35.0
2020211N14124,Sinlaku (2020),2020.0,2020-0307-LAO,nat-met-sto-tro,LAO,Asia,0.0,0.0,0.0,1000.0,1000.0,0.0,0.0,0.0,0.0,80.3903830082114,Tropical Storm,45.0,51.8,989.0,2020-07-29,2020-08-03,5.0,Landfall,Tropical Depression,15.3,121.0,15.0
2020211N14124,Sinlaku (2020),2020.0,2020-0307-VNM,nat-met-sto-tro,VNM,Asia,0.0,2.0,0.0,10000.0,10000.0,0.0,0.0,232.0,289.0,80.3903830082114,Tropical Storm,45.0,51.8,989.0,2020-07-29,2020-08-03,5.0,Landfall,Tropical Depression,15.3,121.0,15.0
2020211N13306,Isaias (2020),2020.0,2020-0312-DOM,nat-met-sto-tro,DOM,Americas,0.0,2.0,0.0,5595.0,5595.0,0.0,0.0,165000.0,205248.0,80.3903830082114,Category 1,80.0,92.1,986.0,2020-07-28,2020-08-05,7.8,Landfall,Tropical Storm,18.9,-69.8,60.0
2020205N26272,Hanna (2020),2020.0,2020-0316-MEX,nat-met-sto-tro,MEX,Americas,0.0,5.0,0.0,0.0,0.0,0.0,0.0,135000.0,167931.0,80.3903830082114,Category 1,80.0,92.1,973.0,2020-07-23,2020-07-26,3.8,Landfall,Category 1,26.7,-97.5,80.0
2020205N26272,Hanna (2020),2020.0,2020-0316-USA,nat-met-sto-tro,USA,Americas,0.0,0.0,0.0,0.0,0.0,0.0,0.0,1100000.0,1368323.0,80.3903830082114,Category 1,80.0,92.1,973.0,2020-07-23,2020-07-26,3.8,Landfall,Category 1,26.7,-97.5,80.0
2020233N14313,Laura (2020),2020.0,2020-0376-USA,nat-met-sto-tro,USA,Americas,0.0,33.0,0.0,6500.0,6500.0,10000000.0,12439299.0,13000000.0,16171089.0,80.3903830082114,Category 4,130.0,149.6,937.0,2020-08-20,2020-08-29,9.2,Landfall,Tropical Storm,18.2,-68.8,45.0
2020296N09137,Molave (2020),2020.0,2020-0470-VNM,nat-met-sto-tro,VNM,Asia,0.0,41.0,0.0,450000.0,450000.0,0.0,0.0,540000.0,671722.0,80.3903830082114,Category 3,105.0,120.8,952.0,2020-10-21,2020-10-29,7.5,Landfall,Category 1,13.35,123.2,70.0
2020281N14126,Linfa (2020),2020.0,2020-0411-VNM,nat-met-sto-tro,VNM,Asia,0.0,243.0,0.0,1500000.0,1500000.0,0.0,0.0,850000.0,1057340.0,80.3903830082114,Tropical Storm,40.0,46.0,999.0,2020-10-06,2020-10-12,5.5,Landfall,Tropical Depression,13.8,124.257,0.0
2020279N16284,Delta (2020),2020.0,2020-0412-USA,nat-met-sto-tro,USA,Americas,0.0,4.0,0.0,9400.0,9400.0,0.0,0.0,2900000.0,3607397.0,80.3903830082114,Category 4,120.0,138.1,953.0,2020-10-04,2020-10-11,7.0,Landfall,Category 2,20.8,-86.9,90.0
2020256N25281,Sally (2020),2020.0,2020-0438-USA,nat-met-sto-tro,USA,Americas,0.0,8.0,0.0,0.0,0.0,3500000.0,4353755.0,6300000.0,7836758.0,80.3903830082114,Category 2,95.0,109.3,965.0,2020-09-11,2020-09-18,6.5,Landfall,Tropical Depression,25.5422,-80.5001,32.0
2020306N15288,Eta (2020),2020.0,2020-0474-COL,nat-met-sto-tro,COL,Americas,0.0,0.0,0.0,49800.0,49800.0,0.0,0.0,25000.0,31098.0,80.3903830082114,Category 4,130.0,149.6,922.0,2020-10-31,2020-11-14,13.2,Landfall,Category 4,13.8,-83.5,120.0
2020306N15288,Eta (2020),2020.0,2020-0474-PAN,nat-met-sto-tro,PAN,Americas,0.0,79.0,0.0,5000.0,5000.0,0.0,0.0,11000.0,13683.0,80.3903830082114,Category 4,130.0,149.6,922.0,2020-10-31,2020-11-14,13.2,Landfall,Category 4,13.8,-83.5,120.0
2020299N18277,Zeta (2020),2020.0,2020-0483-MEX,nat-met-sto-tro,MEX,Americas,0.0,0.0,0.0,0.0,0.0,0.0,0.0,100000.0,124393.0,80.3903830082114,Category 3,100.0,115.1,970.0,2020-10-24,2020-10-30,5.5,Landfall,Category 1,20.4,-87.4,75.0
2020318N16289,Iota (2020),2020.0,2020-0495-NIC,nat-met-sto-tro,NIC,Americas,0.0,18.0,0.0,900000.0,900000.0,0.0,0.0,741000.0,921752.0,80.3903830082114,Category 4,135.0,155.4,917.0,2020-11-12,2020-11-18,6.0,Landfall,Category 4,13.6,-83.5,125.0
2020318N16289,Iota (2020),2020.0,2020-0495-PAN,nat-met-sto-tro,PAN,Americas,0.0,4.0,0.0,0.0,0.0,0.0,0.0,0.0,0.0,80.3903830082114,Category 4,135.0,155.4,917.0,2020-11-12,2020-11-18,6.0,Landfall,Category 4,13.6,-83.5,125.0
2020327N08086,Nivar (2020),2020.0,2020-0524-IND,nat-met-sto-tro,IND,Asia,0.0,14.0,0.0,0.0,0.0,0.0,0.0,600000.0,746358.0,80.3903830082114,Category 1,70.0,80.6,982.0,2020-11-22,2020-11-27,5.2,Landfall,Tropical Storm,12.45,79.95,50.0
2020051S13186,Vicky (2020),2020.0,2020-0558-VNM,nat-met-sto-tro,VNM,Asia,0.0,1.0,4.0,0.0,4.0,0.0,0.0,0.0,0.0,80.3903830082114,Tropical Storm,45.0,51.8,997.0,2020-02-20,2020-02-24,4.2,Landfall,Tropical Depression,-13.5235,-172.491,30.0
2020211N14124,Sinlaku (2020),2020.0,2020-0307-THA,nat-met-sto-tro,THA,Asia,0.0,4.0,0.0,0.0,0.0,0.0,0.0,0.0,0.0,80.3903830082114,Tropical Storm,45.0,51.8,989.0,2020-07-29,2020-08-03,5.0,Landfall,Tropical Depression,15.3,121.0,15.0
2021012S12086,Eloise (2021),2021.0,2021-0036-SWZ,nat-met-sto-tro,SWZ,Africa,0.0,0.0,0.0,0.0,0.0,0.0,0.0,0.0,0.0,84.1669829572524,Category 2,90.0,103.6,968.0,2021-01-11,2021-01-27,16.0,Landfall,Tropical Storm,-15.1785,50.5321,47.0
2021046N06142,Dujuan (2021),2021.0,2021-0091-PHL,nat-met-sto-tro,PHL,Asia,0.0,5.0,2.0,272451.0,272453.0,0.0,0.0,3114.0,3700.0,84.1669829572524,Tropical Storm,45.0,51.8,991.0,2021-02-14,2021-02-23,8.5,Landfall,Tropical Depression,11.1365,125.694,25.0
2021102N06144,Surigae (2021),2021.0,2021-0236-PLW,nat-met-sto-tro,PLW,Oceania,0.0,0.0,0.0,7288.0,7288.0,0.0,0.0,0.0,0.0,84.1669829572524,Category 5,170.0,195.6,882.0,2021-04-11,2021-04-30,19.2,At Sea / Open Water,At Sea / Open Water,0.0,0.0,0.0
2021143N15090,Yaas (2021),2021.0,2021-0295-BGD,nat-met-sto-tro,BGD,Asia,0.0,3.0,0.0,1300000.0,1300000.0,0.0,0.0,0.0,0.0,84.1669829572524,Category 1,65.0,74.8,974.0,2021-05-23,2021-05-27,4.8,Landfall,Tropical Storm,21.5,86.9,55.0
2021182N09317,Elsa (2021),2021.0,2021-0373-LCA,nat-met-sto-tro,LCA,Americas,0.0,1.0,0.0,0.0,0.0,0.0,0.0,34000.0,40396.0,84.1669829572524,Category 1,75.0,86.3,991.0,2021-06-30,2021-07-10,9.5,Landfall,Tropical Storm,22.2,-81.6,55.0
2021219N08193,Omais (2021),2021.0,2021-0578-KOR,nat-met-sto-tro,KOR,Asia,0.0,0.0,0.0,600.0,600.0,0.0,0.0,13000.0,15445.0,84.1669829572524,Tropical Storm,55.0,63.3,990.0,2021-08-07,2021-08-31,24.5,Landfall,Tropical Depression,34.8167,128.389,25.0
2021248N11131,Conson (2021),2021.0,2021-0595-PHL,nat-met-sto-tro,PHL,Asia,0.0,17.0,24.0,313373.0,313397.0,0.0,0.0,0.0,0.0,84.1669829572524,Category 1,65.0,74.8,980.0,2021-09-05,2021-09-13,8.5,Landfall,Tropical Storm,11.4426,125.495,60.0
2021280N14137,Kompasu (2021),2021.0,2021-0670-PHL,nat-met-sto-tro,PHL,Asia,0.0,59.0,5.0,1140534.0,1140539.0,0.0,0.0,75610.0,89833.0,84.1669829572524,Tropical Storm,60.0,69.0,979.0,2021-10-07,2021-10-14,7.5,Landfall,Tropical Storm,19.0803,110.077,47.0
2021346N05145,Rai (2021),2021.0,2021-0813-VNM,nat-met-sto-tro,VNM,Asia,0.0,3.0,0.0,0.0,0.0,0.0,0.0,9000.0,10693.0,84.1669829572524,Category 5,150.0,172.6,908.0,2021-12-11,2021-12-21,10.0,Landfall,Category 4,10.1,124.175,120.0
2022024S16044,Ana (2022),2022.0,2022-0052-MDG,nat-met-sto-tro,MDG,Africa,0.0,55.0,0.0,131555.0,131555.0,0.0,0.0,0.0,0.0,90.9026974595266,Tropical Storm,50.0,57.5,993.0,2022-01-23,2022-01-25,2.0,Landfall,Tropical Storm,-16.2274,39.6422,47.0
2022179N08310,Bonnie (2022),2022.0,2022-0400-NIC,nat-met-sto-tro,NIC,Americas,0.0,4.0,12.0,3000.0,3012.0,0.0,0.0,0.0,0.0,90.9026974595266,Category 3,100.0,115.1,964.0,2022-06-27,2022-07-11,13.2,Landfall,Tropical Storm,10.7,-61.6,35.0
2022048S14068,Emnati (2022),2022.0,2022-0101-MDG,nat-met-sto-tro,MDG,Africa,0.0,15.0,0.0,169000.0,169000.0,0.0,0.0,16000.0,17601.0,90.9026974595266,Category 4,115.0,132.3,941.0,2022-02-16,2022-02-24,8.0,Landfall,Category 1,-22.6952,47.6089,67.0
2022067S16050,Gombe (2022),2022.0,2022-0137-MOZ,nat-met-sto-tro,MOZ,Africa,0.0,63.0,108.0,736015.0,736123.0,0.0,0.0,0.0,0.0,90.9026974595266,Category 3,99.0,113.9,959.0,2022-03-08,2022-03-15,7.5,Landfall,Tropical Storm,-15.5,50.4,35.0
2022148N13263,Agatha (2022),2022.0,2022-0333-MEX,nat-met-sto-tro,MEX,Americas,0.0,31.0,0.0,0.0,0.0,0.0,0.0,51000.0,56104.0,90.9026974595266,Category 2,95.0,109.3,964.0,2022-05-27,2022-06-01,4.5,Landfall,Category 2,15.7,-96.6,90.0
2022280N11294,Julia (2022),2022.0,2022-0647-CRI,nat-met-sto-tro,CRI,Americas,0.0,0.0,0.0,300000.0,300000.0,0.0,0.0,0.0,0.0,90.9026974595266,Category 1,75.0,86.3,982.0,2022-10-06,2022-10-10,4.0,Landfall,Tropical Depression,12.0,-69.8,30.0
2022280N11294,Julia (2022),2022.0,2022-0647-SLV,nat-met-sto-tro,SLV,Americas,0.0,10.0,0.0,9273.0,9273.0,0.0,0.0,17000.0,18701.0,90.9026974595266,Category 1,75.0,86.3,982.0,2022-10-06,2022-10-10,4.0,Landfall,Tropical Depression,12.0,-69.8,30.0
2022285N19266,Karl (2022),2022.0,2022-0675-MEX,nat-met-sto-tro,MEX,Americas,0.0,3.0,0.0,1000.0,1000.0,0.0,0.0,0.0,0.0,90.9026974595266,Tropical Storm,50.0,57.5,997.0,2022-10-11,2022-10-15,4.2,At Sea / Open Water,At Sea / Open Water,0.0,0.0,0.0
2022288N19128,Nesat (2022),2022.0,2022-0680-PHL,nat-met-sto-tro,PHL,Asia,0.0,0.0,2.0,103600.0,103602.0,0.0,0.0,0.0,0.0,90.9026974595266,Category 2,89.0,102.4,964.0,2022-10-14,2022-10-20,5.8,At Sea / Open Water,At Sea / Open Water,0.0,0.0,0.0
2022293N15259,Roslyn (2022),2022.0,2022-0698-MEX,nat-met-sto-tro,MEX,Americas,0.0,4.0,0.0,15000.0,15000.0,0.0,0.0,0.0,0.0,90.9026974595266,Category 4,115.0,132.3,954.0,2022-10-20,2022-10-24,4.0,Landfall,Category 3,22.1,-105.5,100.0
2022300N13131,Nalgae (2022),2022.0,2022-0707-PHL,nat-met-sto-tro,PHL,Asia,0.0,158.0,103.0,3323188.0,3323291.0,0.0,0.0,45569.0,50129.0,90.9026974595266,Category 1,70.0,80.6,979.0,2022-10-27,2022-11-03,7.5,Landfall,Tropical Storm,13.6825,124.394,49.0
2023018S14058,Cheneso (2023),2023.0,2023-0020-MDG,nat-met-sto-tro,MDG,Africa,0.0,53.0,0.0,90870.0,90870.0,0.0,0.0,20000.0,21132.0,94.6446220103845,Category 1,80.0,92.1,967.0,2023-01-17,2023-01-30,12.5,Landfall,Tropical Storm,-14.0,49.9,45.0
2019335N05058,Pawan (2019),2019.0,2019-0600-SOM,nat-met-sto-tro,SOM,Africa,0.0,6.0,0.0,30000.0,30000.0,0.0,0.0,0.0,0.0,79.4107846043372,Tropical Storm,45.0,51.8,997.0,2019-11-30,2019-12-07,7.0,Landfall,Tropical Storm,7.65,49.75,40.0
2020092S09155,Harold (2020),2020.0,2020-0132-TON,nat-met-sto-tro,TON,Oceania,0.0,0.0,0.0,25000.0,25000.0,0.0,0.0,111000.0,138076.0,80.3903830082114,Category 5,145.0,166.9,909.0,2020-04-01,2020-04-11,10.0,Landfall,Category 4,-15.6,166.867,120.0
2020092S09155,Harold (2020),2020.0,2020-0132-VUT,nat-met-sto-tro,VUT,Oceania,0.0,3.0,120.0,130000.0,130120.0,0.0,0.0,0.0,0.0,80.3903830082114,Category 5,145.0,166.9,909.0,2020-04-01,2020-04-11,10.0,Landfall,Category 4,-15.6,166.867,120.0
2020129N07134,Vongfong (2020),2020.0,2020-0203-PHL,nat-met-sto-tro,PHL,Asia,0.0,5.0,169.0,578571.0,578740.0,0.0,0.0,31100.0,38686.0,80.3903830082114,Category 3,100.0,115.1,961.0,2020-05-08,2020-05-18,10.0,Landfall,Category 3,12.2,125.3,100.0
2020213N15131,Hagupit (2020),2020.0,2020-0308-CHN,nat-met-sto-tro,CHN,Asia,0.0,0.0,0.0,15100.0,15100.0,0.0,0.0,0.0,0.0,80.3903830082114,Category 1,75.0,86.3,971.0,2020-07-30,2020-08-12,12.5,Landfall,Tropical Storm,28.2375,120.864,62.0
2020211N13306,Isaias (2020),2020.0,2020-0312-CUB,nat-met-sto-tro,CUB,Americas,0.0,0.0,0.0,500.0,500.0,0.0,0.0,0.0,0.0,80.3903830082114,Category 1,80.0,92.1,986.0,2020-07-28,2020-08-05,7.8,Landfall,Tropical Storm,18.9,-69.8,60.0
2020211N13306,Isaias (2020),2020.0,2020-0312-USA,nat-met-sto-tro,USA,Americas,0.0,16.0,0.0,0.0,0.0,0.0,0.0,4800000.0,5970863.0,80.3903830082114,Category 1,80.0,92.1,986.0,2020-07-28,2020-08-05,7.8,Landfall,Tropical Storm,18.9,-69.8,60.0
2020222N15117,Mekkhala (2020),2020.0,2020-0355-CHN,nat-met-sto-tro,CHN,Asia,0.0,0.0,0.0,12235.0,12235.0,0.0,0.0,161000.0,200273.0,80.3903830082114,Category 1,70.0,80.6,980.0,2020-08-08,2020-08-12,3.5,Landfall,Category 1,24.1538,117.746,70.0
2020233N14313,Laura (2020),2020.0,2020-0376-HTI,nat-met-sto-tro,HTI,Americas,0.0,39.0,0.0,44175.0,44175.0,0.0,0.0,0.0,0.0,80.3903830082114,Category 4,130.0,149.6,937.0,2020-08-20,2020-08-29,9.2,Landfall,Tropical Storm,18.2,-68.8,45.0
2020244N25146,Haishen (2020),2020.0,2020-0400-JPN,nat-met-sto-tro,JPN,Asia,0.0,2.0,52.0,0.0,52.0,0.0,0.0,0.0,0.0,80.3903830082114,Category 4,135.0,155.4,913.0,2020-08-30,2020-09-10,10.8,Landfall,Category 1,35.5,129.15,75.0
2020244N25146,Haishen (2020),2020.0,2020-0400-KOR,nat-met-sto-tro,KOR,Asia,0.0,2.0,0.0,0.0,0.0,800000.0,995144.0,1200000.0,1492716.0,80.3903830082114,Category 4,135.0,155.4,913.0,2020-08-30,2020-09-10,10.8,Landfall,Category 1,35.5,129.15,75.0
2020281N14126,Linfa (2020),2020.0,2020-0411-KHM,nat-met-sto-tro,KHM,Asia,0.0,44.0,0.0,759360.0,759360.0,0.0,0.0,100000.0,124393.0,80.3903830082114,Tropical Storm,40.0,46.0,999.0,2020-10-06,2020-10-12,5.5,Landfall,Tropical Depression,13.8,124.257,0.0
2020276N17277,Gamma (2020),2020.0,2020-0416-MEX,nat-met-sto-tro,MEX,Americas,0.0,6.0,0.0,3500.0,3500.0,0.0,0.0,100000.0,124393.0,80.3903830082114,Category 1,65.0,74.8,978.0,2020-10-02,2020-10-06,4.5,Landfall,Tropical Storm,20.4,-87.5,60.0
2020258N11127,Noul (2020),2020.0,2020-0462-THA,nat-met-sto-tro,THA,Asia,0.0,1.0,0.0,0.0,0.0,0.0,0.0,0.0,0.0,80.3903830082114,Tropical Storm,50.0,57.5,990.0,2020-09-14,2020-09-19,5.0,Landfall,Tropical Depression,12.5451,124.595,10.0
2020296N09137,Molave (2020),2020.0,2020-0470-PHL,nat-met-sto-tro,PHL,Asia,0.0,31.0,40.0,888375.0,888415.0,0.0,0.0,87100.0,108346.0,80.3903830082114,Category 3,105.0,120.8,952.0,2020-10-21,2020-10-29,7.5,Landfall,Category 1,13.35,123.2,70.0
2023294N09264,Otis (2023),2023.0,2023-0675-MEX,nat-met-sto-tro,MEX,Americas,0.0,84.0,0.0,988000.0,988000.0,4000000.0,4226336.0,12000000.0,12679009.0,94.6446220103845,Category 5,145.0,166.9,922.0,2023-10-21,2023-10-25,4.8,Landfall,Category 4,17.2166,-100.133,116.0
2020306N15288,Eta (2020),2020.0,2020-0474-BLZ,nat-met-sto-tro,BLZ,Americas,0.0,0.0,0.0,60000.0,60000.0,0.0,0.0,0.0,0.0,80.3903830082114,Category 4,130.0,149.6,922.0,2020-10-31,2020-11-14,13.2,Landfall,Category 4,13.8,-83.5,120.0
2020306N15288,Eta (2020),2020.0,2020-0474-SLV,nat-met-sto-tro,SLV,Americas,0.0,0.0,0.0,0.0,0.0,0.0,0.0,0.0,0.0,80.3903830082114,Category 4,130.0,149.6,922.0,2020-10-31,2020-11-14,13.2,Landfall,Category 4,13.8,-83.5,120.0
2020318N16289,Iota (2020),2020.0,2020-0495-HND,nat-met-sto-tro,HND,Americas,0.0,14.0,0.0,578000.0,578000.0,0.0,0.0,0.0,0.0,80.3903830082114,Category 4,135.0,155.4,917.0,2020-11-12,2020-11-18,6.0,Landfall,Category 4,13.6,-83.5,125.0
2020051S13186,Vicky (2020),2020.0,2020-0558-PHL,nat-met-sto-tro,PHL,Asia,0.0,9.0,2.0,36030.0,36032.0,0.0,0.0,2293.0,2852.0,80.3903830082114,Tropical Storm,45.0,51.8,997.0,2020-02-20,2020-02-24,4.2,Landfall,Tropical Depression,-13.5235,-172.491,30.0
2021012S12086,Eloise (2021),2021.0,2021-0036-MDG,nat-met-sto-tro,MDG,Africa,0.0,2.0,0.0,1000.0,1000.0,0.0,0.0,0.0,0.0,84.1669829572524,Category 2,90.0,103.6,968.0,2021-01-11,2021-01-27,16.0,Landfall,Tropical Storm,-15.1785,50.5321,47.0
2021012S12086,Eloise (2021),2021.0,2021-0036-MOZ,nat-met-sto-tro,MOZ,Africa,0.0,11.0,15.0,481886.0,481901.0,0.0,0.0,0.0,0.0,84.1669829572524,Category 2,90.0,103.6,968.0,2021-01-11,2021-01-27,16.0,Landfall,Tropical Storm,-15.1785,50.5321,47.0
2021012S12086,Eloise (2021),2021.0,2021-0036-ZWE,nat-met-sto-tro,ZWE,Africa,0.0,3.0,0.0,2400.0,2400.0,0.0,0.0,0.0,0.0,84.1669829572524,Category 2,90.0,103.6,968.0,2021-01-11,2021-01-27,16.0,Landfall,Tropical Storm,-15.1785,50.5321,47.0
2021029S16171,Ana (2021),2021.0,2021-0070-FJI,nat-met-sto-tro,FJI,Oceania,0.0,6.0,0.0,82751.0,82751.0,0.0,0.0,10000.0,11881.0,84.1669829572524,Category 1,65.0,74.8,975.0,2021-01-28,2021-02-03,5.8,Landfall,Tropical Storm,-17.4,178.05,60.0
2021133N10071,Tauktae (2021),2021.0,2021-0252-LKA,nat-met-sto-tro,LKA,Asia,0.0,0.0,0.0,879.0,879.0,0.0,0.0,0.0,0.0,84.1669829572524,Category 4,120.0,138.1,931.0,2021-05-13,2021-05-19,6.0,Landfall,Category 3,20.9,71.2,110.0
2021161N18115,Koguma (2021),2021.0,2021-0327-LAO,nat-met-sto-tro,LAO,Asia,0.0,0.0,0.0,26000.0,26000.0,0.0,0.0,0.0,0.0,84.1669829572524,Tropical Storm,35.0,40.3,996.0,2021-06-10,2021-06-13,3.2,Landfall,Tropical Depression,18.375,110.025,25.0
2021148N05142,Choi-Wan (2021),2021.0,2021-0339-PHL,nat-met-sto-tro,PHL,Asia,0.0,11.0,0.0,21000.0,21000.0,0.0,0.0,11000.0,13069.0,84.1669829572524,Tropical Storm,45.0,51.8,996.0,2021-05-28,2021-06-06,9.0,Landfall,Tropical Depression,11.8172,124.862,30.0
2021148N05142,Choi-Wan (2021),2021.0,2021-0339-TWN,nat-met-sto-tro,TWN,Asia,0.0,0.0,0.0,0.0,0.0,0.0,0.0,0.0,0.0,84.1669829572524,Tropical Storm,45.0,51.8,996.0,2021-05-28,2021-06-06,9.0,Landfall,Tropical Depression,11.8172,124.862,30.0
2022182N20130,Aere (2022),2022.0,2022-0398-JPN,nat-met-sto-tro,JPN,Asia,0.0,0.0,2.0,390.0,392.0,0.0,0.0,0.0,0.0,90.9026974595266,Tropical Storm,45.0,51.8,988.0,2022-06-30,2022-07-09,8.2,Landfall,Tropical Depression,33.0821,129.914,25.0
2021239N17281,Ida (2021),2021.0,2021-0551-CUB,nat-met-sto-tro,CUB,Americas,0.0,0.0,0.0,0.0,0.0,0.0,0.0,100000.0,118811.0,84.1669829572524,Category 4,130.0,149.6,929.0,2021-08-26,2021-09-04,9.2,Landfall,Category 1,22.4,-83.2,70.0
2021256N21265,Nicholas (2021),2021.0,2021-0583-USA,nat-met-sto-tro,USA,Americas,0.0,0.0,0.0,0.0,0.0,0.0,0.0,1000000.0,1188114.0,84.1669829572524,Category 1,65.0,74.8,988.0,2021-09-12,2021-09-17,4.8,Landfall,Category 1,28.8,-95.7,65.0
2021346N05145,Rai (2021),2021.0,2021-0813-PHL,nat-met-sto-tro,PHL,Asia,0.0,457.0,1371.0,10607625.0,10608996.0,0.0,0.0,915271.0,1087447.0,84.1669829572524,Category 5,150.0,172.6,908.0,2021-12-11,2021-12-21,10.0,Landfall,Category 4,10.1,124.175,120.0
2022024S16044,Ana (2022),2022.0,2022-0052-MWI,nat-met-sto-tro,MWI,Africa,0.0,64.0,206.0,945728.0,945934.0,0.0,0.0,0.0,0.0,90.9026974595266,Tropical Storm,50.0,57.5,993.0,2022-01-23,2022-01-25,2.0,Landfall,Tropical Storm,-16.2274,39.6422,47.0
2022024S16044,Ana (2022),2022.0,2022-0052-ZWE,nat-met-sto-tro,ZWE,Africa,0.0,0.0,0.0,3000.0,3000.0,0.0,0.0,0.0,0.0,90.9026974595266,Tropical Storm,50.0,57.5,993.0,2022-01-23,2022-01-25,2.0,Landfall,Tropical Storm,-16.2274,39.6422,47.0
2022027S16084,Batsirai (2022),2022.0,2022-0061-MDG,nat-met-sto-tro,MDG,Africa,0.0,92.0,0.0,112115.0,112115.0,0.0,0.0,0.0,0.0,90.9026974595266,Category 4,124.0,142.7,932.0,2022-01-27,2022-02-08,12.5,Landfall,Category 3,-21.0,48.3,99.0
2022044S15061,Dumako (2022),2022.0,2022-0099-MDG,nat-met-sto-tro,MDG,Africa,0.0,14.0,0.0,9900.0,9900.0,0.0,0.0,0.0,0.0,90.9026974595266,Tropical Storm,51.0,58.7,995.0,2022-02-13,2022-02-16,3.2,Landfall,Tropical Storm,-17.1724,49.015,37.0
2022044S15061,Dumako (2022),2022.0,2022-0099-MOZ,nat-met-sto-tro,MOZ,Africa,0.0,14.0,0.0,23733.0,23733.0,0.0,0.0,0.0,0.0,90.9026974595266,Tropical Storm,51.0,58.7,995.0,2022-02-13,2022-02-16,3.2,Landfall,Tropical Storm,-17.1724,49.015,37.0
2022067S16050,Gombe (2022),2022.0,2022-0137-MWI,nat-met-sto-tro,MWI,Africa,0.0,7.0,0.0,0.0,0.0,0.0,0.0,0.0,0.0,90.9026974595266,Category 3,99.0,113.9,959.0,2022-03-08,2022-03-15,7.5,Landfall,Tropical Storm,-15.5,50.4,35.0
2022099N11127,Megi (2022),2022.0,2022-0204-PHL,nat-met-sto-tro,PHL,Asia,0.0,346.0,8.0,2298780.0,2298788.0,0.0,0.0,41556.0,45715.0,90.9026974595266,Tropical Storm,39.0,44.9,999.0,2022-04-09,2022-04-12,3.5,Landfall,Tropical Storm,10.8,125.0,35.0
2022240N26149,Hinnamnor (2022),2022.0,2022-0577-KOR,nat-met-sto-tro,KOR,Asia,0.0,12.0,3.0,36000.0,36003.0,0.0,0.0,0.0,0.0,90.9026974595266,Category 5,138.0,158.8,915.0,2022-08-28,2022-09-06,9.0,Landfall,Category 1,35.2872,129.179,81.0
2022257N16312,Fiona (2022),2022.0,2022-0603-CAN,nat-met-sto-tro,CAN,Americas,0.0,1.0,0.0,4000.0,4000.0,0.0,0.0,0.0,0.0,90.9026974595266,Category 4,120.0,138.1,931.0,2022-09-14,2022-09-27,13.5,Landfall,Category 1,18.0,-67.1,75.0
2022257N16312,Fiona (2022),2022.0,2022-0603-DOM,nat-met-sto-tro,DOM,Americas,0.0,2.0,0.0,1434802.0,1434802.0,0.0,0.0,0.0,0.0,90.9026974595266,Category 4,120.0,138.1,931.0,2022-09-14,2022-09-27,13.5,Landfall,Category 1,18.0,-67.1,75.0
2022257N16312,Fiona (2022),2022.0,2022-0603-GLP,nat-met-sto-tro,GLP,Americas,0.0,1.0,0.0,0.0,0.0,0.0,0.0,0.0,0.0,90.9026974595266,Category 4,120.0,138.1,931.0,2022-09-14,2022-09-27,13.5,Landfall,Category 1,18.0,-67.1,75.0
2022266N12294,Ian (2022),2022.0,2022-0614-USA,nat-met-sto-tro,USA,Americas,0.0,152.0,0.0,0.0,0.0,60000000.0,66004642.0,100000000.0,110007737.0,90.9026974595266,Category 5,140.0,161.1,937.0,2022-09-22,2022-10-01,8.5,Landfall,Category 3,22.2,-83.7,110.0
2022280N11294,Julia (2022),2022.0,2022-0647-GTM,nat-met-sto-tro,GTM,Americas,0.0,4.0,11.0,457300.0,457311.0,0.0,0.0,0.0,0.0,90.9026974595266,Category 1,75.0,86.3,982.0,2022-10-06,2022-10-10,4.0,Landfall,Tropical Depression,12.0,-69.8,30.0
2022297N16088,Sitrang (2022),2022.0,2022-0695-BGD,nat-met-sto-tro,BGD,Asia,0.0,35.0,0.0,1000000.0,1000000.0,0.0,0.0,0.0,0.0,90.9026974595266,Tropical Storm,45.0,51.8,994.0,2022-10-23,2022-10-24,1.2,Landfall,Tropical Storm,24.1,91.0,35.0
2022304N16287,Lisa (2022),2022.0,2022-0719-BLZ,nat-met-sto-tro,BLZ,Americas,0.0,0.0,0.0,172000.0,172150.0,0.0,0.0,100000.0,110008.0,90.9026974595266,Category 1,80.0,92.1,985.0,2022-10-30,2022-11-05,5.5,Landfall,Category 1,17.4,-88.3,80.0
2023037S12119,Freddy (2023),2023.0,2023-0095-MDG,nat-met-sto-tro,MDG,Africa,0.0,17.0,0.0,299000.0,299000.0,0.0,0.0,0.0,0.0,94.6446220103845,Category 5,138.0,158.8,924.0,2023-02-06,2023-02-24,18.0,Landfall,Category 2,-21.1,48.3,89.0
2023140N05149,Mawar (2023),2023.0,2023-0300-JPN,nat-met-sto-tro,JPN,Asia,0.0,3.0,35.0,0.0,35.0,0.0,0.0,0.0,0.0,94.6446220103845,Category 5,159.0,183.0,897.0,2023-05-20,2023-06-03,14.2,At Sea / Open Water,At Sea / Open Water,0.0,0.0,0.0
2023140N05149,Mawar (2023),2023.0,2023-0300-TWN,nat-met-sto-tro,TWN,Asia,0.0,1.0,0.0,0.0,0.0,0.0,0.0,0.0,0.0,94.6446220103845,Category 5,159.0,183.0,897.0,2023-05-20,2023-06-03,14.2,At Sea / Open Water,At Sea / Open Water,0.0,0.0,0.0
2023273N16134,Koinu (2023),2023.0,2023-0623-HKG,nat-met-sto-tro,HKG,Asia,0.0,0.0,0.0,0.0,0.0,0.0,0.0,0.0,0.0,94.6446220103845,Category 4,119.0,136.9,940.0,2023-09-29,2023-10-10,10.5,Landfall,Category 3,22.0,120.8,109.0
2023157N12066,Biparjoy (2023),2023.0,2023-0331-IND,nat-met-sto-tro,IND,Asia,0.0,7.0,0.0,10000.0,10000.0,0.0,0.0,0.0,0.0,94.6446220103845,Category 3,105.0,120.8,945.0,2023-06-06,2023-06-16,10.2,Landfall,Tropical Storm,23.4,68.7,54.0
2023170N11323,Bret (2023),2023.0,2023-0360-VCT,nat-met-sto-tro,VCT,Americas,0.0,0.0,0.0,150.0,150.0,0.0,0.0,0.0,0.0,94.6446220103845,Tropical Storm,60.0,69.0,996.0,2023-06-19,2023-06-24,5.5,At Sea / Open Water,At Sea / Open Water,0.0,0.0,0.0
2023203N14132,Doksuri (2023),2023.0,2023-0464-CHN,nat-met-sto-tro,CHN,Asia,0.0,56.0,39.0,880000.0,880039.0,0.0,0.0,25000000.0,26414602.0,94.6446220103845,Category 4,128.0,147.3,926.0,2023-07-21,2023-07-28,6.8,Landfall,Category 2,24.7901,118.563,83.0
2024147N19089,Remal (2024),2024.0,2024-0320-IND,nat-met-sto-tro,IND,Asia,0.0,51.0,500.0,2109143.0,2109643.0,0.0,0.0,0.0,0.0,97.436175616134,Tropical Storm,54.0,62.1,978.0,2024-05-25,2024-05-27,2.2,Landfall,Tropical Storm,21.7,88.4,54.0
2000025S15056,Connie (2000),2000.0,2000-0037-REU,nat-met-sto-tro,REU,Africa,0.0,2.0,0.0,0.0,600.0,0.0,0.0,0.0,0.0,53.4877366816787,Category 4,120.0,138.1,985.0,2000-01-25,2000-02-02,8.5,At Sea / Open Water,At Sea / Open Water,0.0,0.0,0.0
2001364S19036,Cyprien (2002),2002.0,2002-0004-MDG,nat-met-sto-tro,MDG,Africa,0.0,2.0,0.0,1900.0,1900.0,0.0,0.0,181.0,324.0,55.8716960740501,Tropical Storm,50.0,57.5,987.0,2001-12-30,2002-01-03,4.8,Landfall,Tropical Storm,-22.0333,43.2667,45.0
2002265N10315,Lili (2002),2002.0,2002-0636-CUB,nat-met-sto-tro,CUB,Americas,0.0,3.0,0.0,281470.0,281470.0,1000.0,1790.0,23000.0,41166.0,55.8716960740501,Category 4,125.0,143.8,938.0,2002-09-21,2002-10-04,12.8,Landfall,Category 2,22.1,-84.0,90.0
2002258N10300,Isidore (2002),2002.0,2002-0656-JAM,nat-met-sto-tro,JAM,Americas,0.0,0.0,0.0,0.0,0.0,0.0,0.0,1000.0,1790.0,55.8716960740501,Category 3,110.0,126.6,934.0,2002-09-14,2002-09-27,13.0,Landfall,Tropical Depression,10.0856,-61.4549,25.0
2002265N10315,Lili (2002),2002.0,2002-0657-HTI,nat-met-sto-tro,HTI,Americas,0.0,4.0,0.0,250.0,250.0,0.0,0.0,0.0,0.0,55.8716960740501,Category 4,125.0,143.8,938.0,2002-09-21,2002-10-04,12.8,Landfall,Category 2,22.1,-84.0,90.0
2002265N10315,Lili (2002),2002.0,2002-0724-USA,nat-met-sto-tro,USA,Americas,0.0,0.0,0.0,0.0,0.0,750000.0,1342361.0,2000000.0,3579630.0,55.8716960740501,Category 4,125.0,143.8,938.0,2002-09-21,2002-10-04,12.8,Landfall,Category 2,22.1,-84.0,90.0
2002335N05166,Pongsona (2002),2002.0,2002-0753-GUM,nat-met-sto-tro,GUM,Oceania,0.0,1.0,0.0,6000.0,11100.0,0.0,0.0,70000.0,125287.0,55.8716960740501,Category 4,130.0,149.6,910.0,2002-12-01,2002-12-11,10.5,At Sea / Open Water,At Sea / Open Water,0.0,0.0,0.0
2002258N10300,Isidore (2002),2002.0,2002-0850-NIC,nat-met-sto-tro,NIC,Americas,0.0,2.0,0.0,300.0,300.0,0.0,0.0,1000.0,1790.0,55.8716960740501,Category 3,110.0,126.6,934.0,2002-09-14,2002-09-27,13.0,Landfall,Tropical Depression,10.0856,-61.4549,25.0
2003359S15177,Heta (2004),2004.0,2004-0004-TON,nat-met-sto-tro,TON,Oceania,0.0,0.0,0.0,0.0,0.0,0.0,0.0,0.0,0.0,58.6698092933412,Category 5,140.0,161.1,898.0,2003-12-25,2004-01-12,17.8,At Sea / Open Water,At Sea / Open Water,0.0,0.0,0.0
2004177N12154,Tingting (2004),2004.0,2004-0312-GUM,nat-met-sto-tro,GUM,Oceania,0.0,1.0,0.0,300.0,300.0,0.0,0.0,0.0,0.0,58.6698092933412,Category 1,80.0,92.1,963.0,2004-06-24,2004-07-13,18.2,At Sea / Open Water,At Sea / Open Water,0.0,0.0,0.0
2004230N09172,Chaba (2004),2004.0,2004-0445-GUM,nat-met-sto-tro,GUM,Oceania,0.0,0.0,0.0,0.0,0.0,0.0,0.0,1000.0,1704.0,58.6698092933412,Category 5,155.0,178.4,879.0,2004-08-17,2004-09-05,19.5,Landfall,Category 2,33.475,131.125,85.0
2005017S09061,Ernest (2005),2005.0,2005-0048-MDG,nat-met-sto-tro,MDG,Africa,0.0,78.0,8.0,0.0,7985.0,0.0,0.0,0.0,0.0,60.6603317527392,Category 3,100.0,115.1,944.0,2005-01-16,2005-01-25,8.8,Landfall,Category 1,-25.1897,44.3635,82.0
2005054S09173,Percy (2005),2005.0,2005-0102-COK,nat-met-sto-tro,COK,Oceania,0.0,0.0,8.0,600.0,608.0,0.0,0.0,0.0,0.0,60.6603317527392,Category 5,140.0,161.1,898.0,2005-02-23,2005-03-05,10.5,At Sea / Open Water,At Sea / Open Water,0.0,0.0,0.0
2005192N11318,Emily (2005),2005.0,2005-0382-TTO,nat-met-sto-tro,TTO,Americas,0.0,0.0,0.0,0.0,0.0,0.0,0.0,0.0,0.0,60.6603317527392,Category 5,140.0,161.1,929.0,2005-07-11,2005-07-21,10.5,Landfall,Category 2,20.6198,-88.0304,92.0
2005236N23285,Katrina (2005),2005.0,2005-0467-USA,nat-met-sto-tro,USA,Americas,0.0,1833.0,0.0,500000.0,500000.0,60000000.0,98911427.0,125000000.0,206065474.0,60.6603317527392,Category 5,150.0,172.6,902.0,2005-08-23,2005-08-31,7.5,Landfall,Category 1,26.0,-80.1,70.0
2005237N14148,Talim (2005),2005.0,2005-0492-CHN,nat-met-sto-tro,CHN,Asia,86.0,159.0,0.0,19624000.0,19624000.0,0.0,0.0,1900000.0,3132195.0,60.6603317527392,Category 4,130.0,149.6,910.0,2005-08-24,2005-09-03,9.5,Landfall,Category 2,23.85,121.475,95.0
2005180N20265,Bret (2005),2005.0,2005-0524-MEX,nat-met-sto-tro,MEX,Americas,0.0,2.0,0.0,15000.0,15000.0,0.0,0.0,10000.0,16485.0,60.6603317527392,Tropical Storm,35.0,40.3,1002.0,2005-06-28,2005-06-30,1.2,Landfall,Tropical Storm,20.8,-97.3,35.0
2005257N15120,Vicente (2005),2005.0,2005-0536-VNM,nat-met-sto-tro,VNM,Asia,0.0,8.0,0.0,8500.0,8500.0,0.0,0.0,20000.0,32970.0,60.6603317527392,Tropical Storm,50.0,57.5,987.0,2005-09-14,2005-09-19,4.8,Landfall,Tropical Storm,18.1333,105.964,47.0
2005262N13127,Damrey (2005),2005.0,2005-0540-PHL,nat-met-sto-tro,PHL,Asia,0.0,16.0,0.0,20000.0,20000.0,0.0,0.0,2000.0,3297.0,60.6603317527392,Category 2,90.0,103.6,954.0,2005-09-19,2005-09-28,9.0,Landfall,Category 1,18.8617,110.331,75.0
2005262N13127,Damrey (2005),2005.0,2005-0540-THA,nat-met-sto-tro,THA,Asia,0.0,10.0,0.0,2000.0,2000.0,0.0,0.0,20000.0,32970.0,60.6603317527392,Category 2,90.0,103.6,954.0,2005-09-19,2005-09-28,9.0,Landfall,Category 1,18.8617,110.331,75.0
2005262N13127,Damrey (2005),2005.0,2005-0540-VNM,nat-met-sto-tro,VNM,Asia,717.0,75.0,28.0,337632.0,337660.0,0.0,0.0,219250.0,361439.0,60.6603317527392,Category 2,90.0,103.6,954.0,2005-09-19,2005-09-28,9.0,Landfall,Category 1,18.8617,110.331,75.0
2005275N19274,Stan (2005),2005.0,2005-0567-CRI,nat-met-sto-tro,CRI,Americas,0.0,1.0,0.0,1074.0,1074.0,0.0,0.0,20000.0,32970.0,60.6603317527392,Category 1,70.0,80.6,977.0,2005-10-01,2005-10-05,3.8,Landfall,Tropical Storm,19.5456,-87.3758,36.0
2005275N19274,Stan (2005),2005.0,2005-0567-HND,nat-met-sto-tro,HND,Americas,0.0,6.0,0.0,2869.0,2869.0,0.0,0.0,100000.0,164852.0,60.6603317527392,Category 1,70.0,80.6,977.0,2005-10-01,2005-10-05,3.8,Landfall,Tropical Storm,19.5456,-87.3758,36.0
2005275N19274,Stan (2005),2005.0,2005-0567-SLV,nat-met-sto-tro,SLV,Americas,0.0,69.0,0.0,72141.0,72141.0,0.0,0.0,355700.0,586380.0,60.6603317527392,Category 1,70.0,80.6,977.0,2005-10-01,2005-10-05,3.8,Landfall,Tropical Storm,19.5456,-87.3758,36.0
2005300N10279,Beta (2005),2005.0,2005-0625-COL,nat-met-sto-tro,COL,Americas,0.0,0.0,0.0,3074.0,3074.0,0.0,0.0,0.0,0.0,60.6603317527392,Category 3,100.0,115.1,962.0,2005-10-26,2005-10-31,4.2,Landfall,Category 2,12.9,-83.5,90.0
2005300N10279,Beta (2005),2005.0,2005-0625-HND,nat-met-sto-tro,HND,Americas,0.0,0.0,0.0,11000.0,11000.0,0.0,0.0,0.0,0.0,60.6603317527392,Category 3,100.0,115.1,962.0,2005-10-26,2005-10-31,4.2,Landfall,Category 2,12.9,-83.5,90.0
2005318N13298,Gamma (2005),2005.0,2005-0640-BLZ,nat-met-sto-tro,BLZ,Americas,0.0,3.0,0.0,0.0,0.0,0.0,0.0,0.0,0.0,60.6603317527392,Tropical Storm,45.0,51.8,1002.0,2005-11-14,2005-11-22,8.0,Landfall,Tropical Depression,15.7648,-84.4725,30.0
2005318N13298,Gamma (2005),2005.0,2005-0640-HND,nat-met-sto-tro,HND,Americas,507.0,47.0,0.0,90000.0,90000.0,0.0,0.0,15500.0,25552.0,60.6603317527392,Tropical Storm,45.0,51.8,1002.0,2005-11-14,2005-11-22,8.0,Landfall,Tropical Depression,15.7648,-84.4725,30.0
2005138N10265,Adrian (2005),2005.0,2005-0732-SLV,nat-met-sto-tro,SLV,Americas,0.0,0.0,0.0,0.0,0.0,0.0,0.0,0.0,0.0,60.6603317527392,Category 1,70.0,80.6,982.0,2005-05-17,2005-05-21,3.2,Landfall,Tropical Depression,13.3,-87.6,20.0
2006006S11129,Clare (2006),2006.0,2006-0043-AUS,nat-met-sto-tro,AUS,Oceania,0.0,0.0,0.0,1500.0,1500.0,0.0,0.0,2354.0,3759.0,62.6171947810345,Tropical Storm,60.0,69.0,980.0,2006-01-06,2006-01-10,4.5,Landfall,Tropical Storm,-20.9,116.3,55.0
2006188N10143,Bilis (2006),2006.0,2006-0362-VNM,nat-met-sto-tro,VNM,Asia,0.0,17.0,0.0,0.0,2000.0,0.0,0.0,0.0,0.0,62.6171947810345,Tropical Storm,50.0,57.5,987.0,2006-07-07,2006-07-17,10.5,Landfall,Tropical Storm,26.4267,119.487,40.0
2007043S11071,Favio (2007),2007.0,2007-0080-MOZ,nat-met-sto-tro,MOZ,Africa,0.0,10.0,70.0,162700.0,162770.0,0.0,0.0,0.0,0.0,64.4034636847652,Category 4,120.0,138.1,922.0,2007-02-11,2007-02-23,12.0,Landfall,Category 2,-21.6667,35.1,90.0
2007066S12066,Indlala (2007),2007.0,2007-0095-MDG,nat-met-sto-tro,MDG,Africa,18703.0,80.0,16.0,203182.0,215198.0,0.0,0.0,240000.0,372651.0,64.4034636847652,Category 4,120.0,138.1,927.0,2007-03-07,2007-03-19,12.5,Landfall,Category 3,-14.8941,50.2924,105.0
2007227N24269,Erin (2007),2007.0,2007-0359-USA,nat-met-sto-tro,USA,Americas,0.0,26.0,0.0,0.0,0.0,0.0,0.0,248000.0,385072.0,64.4034636847652,Tropical Storm,50.0,57.5,995.0,2007-08-15,2007-08-19,4.8,Landfall,Tropical Depression,28.4186,-97.4563,27.0
2007223N19136,Sepat (2007),2007.0,2007-0380-CHN,nat-met-sto-tro,CHN,Asia,0.0,39.0,0.0,8000000.0,8000000.0,0.0,0.0,890555.0,1382775.0,64.4034636847652,Category 5,140.0,161.1,918.0,2007-08-11,2007-08-24,13.2,Landfall,Category 3,23.55,121.025,100.0
2007244N12303,Felix (2007),2007.0,2007-0439-SLV,nat-met-sto-tro,SLV,Americas,0.0,0.0,0.0,2800.0,2800.0,0.0,0.0,0.0,0.0,64.4034636847652,Category 5,150.0,172.6,929.0,2007-08-31,2007-09-06,6.2,Landfall,Category 5,14.3,-83.2,140.0
2007297N18300,Noel (2007),2007.0,2007-0523-BHS,nat-met-sto-tro,BHS,Americas,0.0,1.0,0.0,7000.0,7000.0,0.0,0.0,0.0,0.0,64.4034636847652,Category 1,75.0,86.3,965.0,2007-10-24,2007-11-06,13.0,Landfall,Tropical Storm,19.7408,-73.2102,42.0
2007297N18300,Noel (2007),2007.0,2007-0523-CUB,nat-met-sto-tro,CUB,Americas,0.0,1.0,0.0,192488.0,192488.0,0.0,0.0,500000.0,776356.0,64.4034636847652,Category 1,75.0,86.3,965.0,2007-10-24,2007-11-06,13.0,Landfall,Tropical Storm,19.7408,-73.2102,42.0
2007297N18300,Noel (2007),2007.0,2007-0523-DOM,nat-met-sto-tro,DOM,Americas,0.0,129.0,0.0,79728.0,79728.0,0.0,0.0,77700.0,120646.0,64.4034636847652,Category 1,75.0,86.3,965.0,2007-10-24,2007-11-06,13.0,Landfall,Tropical Storm,19.7408,-73.2102,42.0
2007274N18131,Krosa (2007),2007.0,2007-0552-TWN,nat-met-sto-tro,TWN,Asia,0.0,18.0,67.0,1000.0,1067.0,0.0,0.0,35000.0,54345.0,64.4034636847652,Category 4,130.0,149.6,926.0,2007-10-01,2007-10-14,12.8,Landfall,Category 3,24.9597,121.582,102.0
2007345N18298,Olga (2007),2007.0,2007-0612-HTI,nat-met-sto-tro,HTI,Americas,0.0,3.0,2.0,2090.0,2352.0,0.0,0.0,0.0,0.0,64.4034636847652,Tropical Storm,50.0,57.5,1003.0,2007-12-10,2007-12-16,5.8,Landfall,Tropical Storm,18.4,-66.5,40.0
2008117N11090,Nargis (2008),2008.0,2008-0184-LKA,nat-met-sto-tro,LKA,Asia,0.0,9.0,0.0,50000.0,50000.0,0.0,0.0,0.0,0.0,66.8759741789087,Category 4,115.0,132.3,937.0,2008-04-25,2008-05-04,8.5,Landfall,Category 4,16.0,94.5,115.0
2008241N19303,Hanna (2008),2008.0,2008-0378-USA,nat-met-sto-tro,USA,Americas,0.0,7.0,0.0,0.0,0.0,0.0,0.0,160000.0,239249.0,66.8759741789087,Category 1,75.0,86.3,977.0,2008-08-28,2008-09-08,11.5,Landfall,Tropical Storm,34.5805,-78.498,54.0
2008245N17323,Ike (2008),2008.0,2008-0384-USA,nat-met-sto-tro,USA,Americas,0.0,82.0,0.0,200000.0,200000.0,15000000.0,22429580.0,30000000.0,44859160.0,66.8759741789087,Category 4,125.0,143.8,935.0,2008-09-01,2008-09-15,14.2,Landfall,Category 3,21.0,-73.2,110.0
2008311N14278,Paloma (2008),2008.0,2008-0514-CYM,nat-met-sto-tro,CYM,Americas,0.0,0.0,0.0,0.0,0.0,0.0,0.0,0.0,0.0,66.8759741789087,Category 4,125.0,143.8,944.0,2008-11-05,2008-11-14,8.5,Landfall,Category 2,20.7,-78.0,90.0
2010038S08194,Pat (2010),2010.0,2010-0078-COK,nat-met-sto-tro,COK,Oceania,0.0,0.0,8.0,2194.0,2202.0,0.0,0.0,0.0,0.0,67.7310945291778,Category 2,90.0,103.6,956.0,2010-02-06,2010-02-12,5.2,At Sea / Open Water,At Sea / Open Water,0.0,0.0,0.0
2010149N13266,Agatha (2010),2010.0,2010-0211-SLV,nat-met-sto-tro,SLV,Americas,0.0,11.0,3.0,11250.0,11253.0,0.0,0.0,20000.0,29529.0,67.7310945291778,Tropical Storm,40.0,46.0,1001.0,2010-05-28,2010-05-30,1.8,Landfall,Tropical Storm,14.6,-91.9,35.0
2010198N15123,Chanthu (2010),2010.0,2010-0332-VNM,nat-met-sto-tro,VNM,Asia,0.0,10.0,0.0,12400.0,12400.0,0.0,0.0,0.0,0.0,67.7310945291778,Category 1,80.0,92.1,963.0,2010-07-17,2010-07-23,6.5,Landfall,Tropical Depression,15.2667,121.233,25.0
2010234N14267,Frank (2010),2010.0,2010-0426-MEX,nat-met-sto-tro,MEX,Americas,0.0,6.0,0.0,154000.0,154000.0,0.0,0.0,0.0,0.0,67.7310945291778,Category 1,80.0,92.1,978.0,2010-08-21,2010-08-29,7.2,At Sea / Open Water,At Sea / Open Water,0.0,0.0,0.0
2010233N17119,Mindulle (2010),2010.0,2010-0432-VNM,nat-met-sto-tro,VNM,Asia,0.0,14.0,20.0,20560.0,20700.0,0.0,0.0,44000.0,64963.0,67.7310945291778,Category 1,65.0,74.8,974.0,2010-08-20,2010-08-25,4.2,Landfall,Tropical Storm,18.975,105.5,45.0
2010240N15142,Kompasu (2010),2010.0,2010-0479-PRK,nat-met-sto-tro,PRK,Asia,0.0,20.0,0.0,40000.0,40000.0,0.0,0.0,0.0,0.0,67.7310945291778,Category 3,105.0,120.8,944.0,2010-08-27,2010-09-06,9.8,Landfall,Category 1,38.1,127.15,65.0
2010293N17093,Giri (2010),2010.0,2010-0554-MMR,nat-met-sto-tro,MMR,Asia,0.0,45.0,49.0,260000.0,260049.0,0.0,0.0,57000.0,84156.0,67.7310945291778,Category 4,135.0,155.4,922.0,2010-10-19,2010-10-24,4.5,Landfall,Category 3,20.0748,93.4915,107.0
2010302N09306,Tomas (2010),2010.0,2010-0571-LCA,nat-met-sto-tro,LCA,Americas,0.0,14.0,0.0,181000.0,181000.0,0.0,0.0,500.0,738.0,67.7310945291778,Category 2,85.0,97.8,982.0,2010-10-29,2010-11-10,12.5,At Sea / Open Water,At Sea / Open Water,0.0,0.0,0.0
2010302N09306,Tomas (2010),2010.0,2010-0571-VCT,nat-met-sto-tro,VCT,Americas,0.0,0.0,0.0,6000.0,6100.0,0.0,0.0,48000.0,70868.0,67.7310945291778,Category 2,85.0,97.8,982.0,2010-10-29,2010-11-10,12.5,At Sea / Open Water,At Sea / Open Water,0.0,0.0,0.0
2010249N24125,Meranti (2010),2010.0,2010-0691-CHN,nat-met-sto-tro,CHN,Asia,0.0,3.0,0.0,0.0,186000.0,0.0,0.0,0.0,0.0,67.7310945291778,Category 1,65.0,74.8,974.0,2010-09-06,2010-09-14,8.0,Landfall,Tropical Storm,24.8619,118.712,57.0
2010305N06105,Jal (2010),2010.0,2010-0693-IND,nat-met-sto-tro,IND,Asia,0.0,22.0,0.0,0.0,0.0,0.0,0.0,0.0,0.0,67.7310945291778,Tropical Storm,55.0,63.3,982.0,2010-10-31,2010-11-08,7.4,Landfall,Tropical Depression,7.63545,99.7997,20.0
2011233N15301,Irene (2011),2011.0,2011-0328-USA,nat-met-sto-tro,USA,Americas,0.0,46.0,0.0,370000.0,370000.0,0.0,0.0,7300000.0,10448085.0,69.869263508865,Category 3,105.0,120.8,942.0,2011-08-21,2011-08-30,9.0,Landfall,Tropical Storm,18.1,-65.8,60.0
2011302N13062,Keila (2011),2011.0,2011-0414-OMN,nat-met-sto-tro,OMN,Asia,0.0,14.0,200.0,0.0,200.0,0.0,0.0,0.0,0.0,69.869263508865,Tropical Storm,55.0,63.3,982.0,2011-10-29,2011-11-05,7.0,Landfall,Tropical Storm,17.0,54.5,45.0
2012215N23146,Haikui (2012),2012.0,2012-0282-CHN,nat-met-sto-tro,CHN,Asia,0.0,3.0,7.0,6000000.0,6000007.0,230000.0,322512.0,1500000.0,2103342.0,71.3150877335761,Category 1,65.0,74.8,974.0,2012-08-01,2012-08-11,9.8,Landfall,Tropical Storm,29.375,121.375,60.0
2012225N16133,Kai-Tak (2012),2012.0,2012-0294-CHN,nat-met-sto-tro,CHN,Asia,0.0,2.0,0.0,107500.0,107500.0,0.0,0.0,262000.0,367384.0,71.3150877335761,Category 1,65.0,74.8,974.0,2012-08-11,2012-08-18,7.0,Landfall,Tropical Storm,18.3933,121.531,55.0
2012234N16315,Isaac (2012),2012.0,2012-0313-CUB,nat-met-sto-tro,CUB,Americas,0.0,1.0,0.0,45496.0,45496.0,0.0,0.0,0.0,0.0,71.3150877335761,Category 1,70.0,80.6,965.0,2012-08-20,2012-09-01,11.8,Landfall,Tropical Storm,18.3,-72.7,55.0
2012232N13141,Bolaven (2012),2012.0,2012-0414-KOR,nat-met-sto-tro,KOR,Asia,0.0,20.0,0.0,0.0,0.0,0.0,0.0,450000.0,631003.0,71.3150877335761,Category 4,125.0,143.8,929.0,2012-08-18,2012-09-01,14.2,Landfall,Tropical Storm,40.1763,125.098,40.0
2012232N13141,Bolaven (2012),2012.0,2012-0414-PRK,nat-met-sto-tro,PRK,Asia,0.0,59.0,1.0,10960.0,44461.0,0.0,0.0,0.0,0.0,71.3150877335761,Category 4,125.0,143.8,929.0,2012-08-18,2012-09-01,14.2,Landfall,Tropical Storm,40.1763,125.098,40.0
2012301N11087,Nilam (2012),2012.0,2012-0425-LKA,nat-met-sto-tro,LKA,Asia,0.0,0.0,0.0,0.0,69000.0,0.0,0.0,57000.0,79927.0,71.3150877335761,Tropical Storm,50.0,57.5,985.0,2012-10-27,2012-11-01,5.5,Landfall,Tropical Storm,12.7,79.8,50.0
2013187N20156,Soulik (2013),2013.0,2013-0249-CHN,nat-met-sto-tro,CHN,Asia,0.0,9.0,150.0,390000.0,390150.0,0.0,0.0,460000.0,635713.0,72.3597374789251,Category 4,125.0,143.8,929.0,2013-07-06,2013-07-14,8.5,Landfall,Category 1,24.8148,121.461,78.0
2013178N09133,Rumbia (2013),2013.0,2013-0258-CHN,nat-met-sto-tro,CHN,Asia,0.0,7.0,0.0,21000.0,21000.0,0.0,0.0,177000.0,244611.0,72.3597374789251,Category 1,70.0,80.6,970.0,2013-06-27,2013-07-02,5.8,Landfall,Tropical Depression,11.75,125.225,30.0
2013178N09133,Rumbia (2013),2013.0,2013-0258-PHL,nat-met-sto-tro,PHL,Asia,0.0,7.0,4.0,3592.0,3596.0,0.0,0.0,1000.0,1382.0,72.3597374789251,Category 1,70.0,80.6,970.0,2013-06-27,2013-07-02,5.8,Landfall,Tropical Depression,11.75,125.225,30.0
2013255N20148,Man-Yi (2013),2013.0,2013-0415-JPN,nat-met-sto-tro,JPN,Asia,0.0,6.0,141.0,30147.0,30288.0,0.0,0.0,2000.0,2764.0,72.3597374789251,Tropical Storm,60.0,69.0,978.0,2013-09-11,2013-09-20,8.8,Landfall,Tropical Storm,35.2467,137.733,55.0
2013322N13090,Helen (2013),2013.0,2013-0515-IND,nat-met-sto-tro,IND,Asia,0.0,10.0,0.0,0.0,0.0,0.0,0.0,262000.0,362080.0,72.3597374789251,Category 1,70.0,80.6,970.0,2013-11-18,2013-11-23,5.2,Landfall,Tropical Storm,16.0425,81.2111,42.0
2014004S17183,Ian (2014),2014.0,2014-0001-TON,nat-met-sto-tro,TON,Oceania,0.0,1.0,14.0,4000.0,4014.0,0.0,0.0,31000.0,42158.0,73.5335770092672,Category 4,130.0,149.6,926.0,2014-01-04,2014-01-15,11.0,At Sea / Open Water,At Sea / Open Water,0.0,0.0,0.0
2014153N12267,Boris (2014),2014.0,2014-0183-GTM,nat-met-sto-tro,GTM,Americas,0.0,5.0,0.0,100000.0,100000.0,0.0,0.0,0.0,0.0,73.5335770092672,Tropical Storm,40.0,46.0,998.0,2014-06-01,2014-06-04,3.2,At Sea / Open Water,At Sea / Open Water,0.0,0.0,0.0
2014184N08147,Neoguri (2014),2014.0,2014-0236-JPN,nat-met-sto-tro,JPN,Asia,0.0,7.0,66.0,600.0,666.0,0.0,0.0,156000.0,212148.0,73.5335770092672,Category 5,140.0,161.1,918.0,2014-07-02,2014-07-13,10.8,Landfall,Tropical Storm,32.275,131.325,40.0
2014209N16134,Nakri (2014),2014.0,2014-0314-KOR,nat-met-sto-tro,KOR,Asia,0.0,14.0,0.0,0.0,0.0,0.0,0.0,0.0,0.0,73.5335770092672,Tropical Storm,40.0,46.0,992.0,2014-07-27,2014-08-04,7.5,Landfall,Tropical Depression,35.85,126.75,0.0
2014246N17254,Norbert (2014),2014.0,2014-0386-MEX,nat-met-sto-tro,MEX,Americas,0.0,3.0,0.0,7500.0,7500.0,0.0,0.0,25000.0,33998.0,73.5335770092672,Category 3,110.0,126.6,950.0,2014-09-02,2014-09-11,8.5,At Sea / Open Water,At Sea / Open Water,0.0,0.0,0.0
2014290N14261,Trudy (2014),2014.0,2014-0417-MEX,nat-met-sto-tro,MEX,Americas,0.0,6.0,0.0,30000.0,30000.0,0.0,0.0,2000.0,2720.0,73.5335770092672,Tropical Storm,55.0,63.3,998.0,2014-10-17,2014-10-19,1.8,Landfall,Tropical Storm,16.7,-98.7,45.0
2014092S11159,Ita (2014),2014.0,2014-0423-PNG,nat-met-sto-tro,PNG,Oceania,0.0,0.0,0.0,12346.0,12346.0,0.0,0.0,0.0,0.0,73.5335770092672,Category 5,140.0,161.1,918.0,2014-04-02,2014-04-18,16.8,Landfall,Category 2,-14.925,145.225,90.0
2014329N08131,Sinlaku (2014),2014.0,2014-0474-VNM,nat-met-sto-tro,VNM,Asia,0.0,0.0,0.0,750.0,750.0,0.0,0.0,0.0,0.0,73.5335770092672,Tropical Storm,55.0,63.3,982.0,2014-11-25,2014-11-30,5.0,Landfall,Tropical Depression,9.03835,126.158,27.0
2015085N06162,Maysak (2015),2015.0,2015-0105-FSM,nat-met-sto-tro,FSM,Oceania,0.0,5.0,0.0,35000.0,35000.0,0.0,0.0,11000.0,14941.0,73.6208029365864,Category 5,150.0,172.6,911.0,2015-03-25,2015-04-07,12.2,Landfall,Tropical Depression,16.7863,121.977,25.0
2015085N06162,Maysak (2015),2015.0,2015-0105-PHL,nat-met-sto-tro,PHL,Asia,0.0,0.0,0.0,2761.0,2761.0,0.0,0.0,0.0,0.0,73.6208029365864,Category 5,150.0,172.6,911.0,2015-03-25,2015-04-07,12.2,Landfall,Tropical Depression,16.7863,121.977,25.0
2015184N08172,Nangka (2015),2015.0,2015-0261-JPN,nat-met-sto-tro,JPN,Asia,0.0,2.0,56.0,789.0,845.0,127000.0,172506.0,207000.0,281171.0,73.6208029365864,Category 4,135.0,155.4,922.0,2015-07-02,2015-07-18,15.5,Landfall,Tropical Storm,33.3707,134.123,61.0
2015211N13162,Soudelor (2015),2015.0,2015-0339-TWN,nat-met-sto-tro,TWN,Asia,0.0,6.0,380.0,0.0,380.0,0.0,0.0,0.0,0.0,73.6208029365864,Category 5,155.0,178.4,907.0,2015-07-29,2015-08-12,13.5,Landfall,Category 2,23.9,120.9,95.0
2016041S14170,Winston (2016),2016.0,2016-0041-FJI,nat-met-sto-tro,FJI,Oceania,41862.0,45.0,144.0,540414.0,540558.0,50000.0,67069.0,600000.0,804833.0,74.5496029864344,Category 5,155.0,178.4,907.0,2016-02-09,2016-02-28,18.8,Landfall,Category 5,-17.4667,177.804,147.0
2016095S13162,Zena (2016),2016.0,2016-0141-TON,nat-met-sto-tro,TON,Oceania,0.0,0.0,0.0,0.0,0.0,0.0,0.0,0.0,0.0,74.5496029864344,Category 2,90.0,103.6,956.0,2016-04-04,2016-04-07,3.2,Landfall,Tropical Storm,-15.0251,167.012,50.0
2016215N16283,Earl (2016),2016.0,2016-0284-GTM,nat-met-sto-tro,GTM,Americas,0.0,0.0,0.0,55.0,55.0,0.0,0.0,0.0,0.0,74.5496029864344,Category 1,75.0,86.3,979.0,2016-08-02,2016-08-06,4.2,Landfall,Category 1,17.4,-88.3,75.0
2016248N15255,Newton (2016),2016.0,2016-0319-MEX,nat-met-sto-tro,MEX,Americas,0.0,11.0,0.0,10500.0,10500.0,0.0,0.0,50000.0,67069.0,74.5496029864344,Category 1,80.0,92.1,977.0,2016-09-04,2016-09-08,4.0,Landfall,Category 1,23.9,-110.8,75.0
2016273N13300,Matthew (2016),2016.0,2016-0355-DOM,nat-met-sto-tro,DOM,Americas,0.0,6.0,0.0,39.0,48.0,0.0,0.0,0.0,0.0,74.5496029864344,Category 5,145.0,166.9,934.0,2016-09-28,2016-10-10,11.5,Landfall,Category 4,18.3,-74.3,130.0
2017195N16114,Talas (2017),2017.0,2017-0281-LAO,nat-met-sto-tro,LAO,Asia,0.0,0.0,0.0,0.0,0.0,0.0,0.0,0.0,0.0,76.1376037057766,Tropical Storm,50.0,57.5,985.0,2017-07-14,2017-07-17,3.8,Landfall,Tropical Storm,18.6,105.675,45.0
2017232N19130,Hato (2017),2017.0,2017-0352-HKG,nat-met-sto-tro,HKG,Asia,0.0,0.0,129.0,27.0,156.0,0.0,0.0,755500.0,992282.0,76.1376037057766,Category 3,100.0,115.1,948.0,2017-08-19,2017-08-25,5.5,Landfall,Category 2,22.175,112.85,85.0
2017242N16333,Irma (2017),2017.0,2017-0381-KNA,nat-met-sto-tro,KNA,Americas,0.0,0.0,0.0,500.0,500.0,2300.0,3021.0,20000.0,26268.0,76.1376037057766,Category 5,155.0,178.4,914.0,2017-08-30,2017-09-13,14.5,Landfall,Category 3,25.9,-81.7,100.0
2017242N16333,Irma (2017),2017.0,2017-0381-MAF,nat-met-sto-tro,MAF,Americas,0.0,12.0,110.0,0.0,110.0,1231200.0,1617072.0,4100000.0,5384987.0,76.1376037057766,Category 5,155.0,178.4,914.0,2017-08-30,2017-09-13,14.5,Landfall,Category 3,25.9,-81.7,100.0
2017242N16333,Irma (2017),2017.0,2017-0381-USA,nat-met-sto-tro,USA,Americas,0.0,97.0,0.0,0.0,70000.0,29000000.0,38088932.0,57000000.0,74864452.0,76.1376037057766,Category 5,155.0,178.4,914.0,2017-08-30,2017-09-13,14.5,Landfall,Category 3,25.9,-81.7,100.0
2017260N12310,Maria (2017),2017.0,2017-0383-MTQ,nat-met-sto-tro,MTQ,Americas,0.0,0.0,2.0,0.0,2.0,0.0,0.0,44000.0,57790.0,76.1376037057766,Category 5,150.0,172.6,908.0,2017-09-16,2017-10-02,16.0,Landfall,Category 4,18.0,-65.9,135.0
2017260N12310,Maria (2017),2017.0,2017-0383-USA,nat-met-sto-tro,USA,Americas,0.0,4.0,0.0,0.0,0.0,0.0,0.0,0.0,0.0,76.1376037057766,Category 5,150.0,172.6,908.0,2017-09-16,2017-10-02,16.0,Landfall,Category 4,18.0,-65.9,135.0
2017304N11127,Damrey (2017),2017.0,2017-0422-PHL,nat-met-sto-tro,PHL,Asia,0.0,6.0,0.0,305.0,305.0,0.0,0.0,0.0,0.0,76.1376037057766,Category 2,90.0,103.6,967.0,2017-10-31,2017-11-05,5.0,Landfall,Tropical Depression,11.25,124.35,0.0
2017236N15129,Pakhar (2017),2017.0,2017-0485-CHN,nat-met-sto-tro,CHN,Asia,0.0,12.0,0.0,300.0,300.0,0.0,0.0,56000.0,73551.0,76.1376037057766,Tropical Storm,60.0,69.0,983.0,2017-08-24,2017-08-28,4.0,Landfall,Tropical Storm,16.3866,121.754,40.0
2017236N15129,Pakhar (2017),2017.0,2017-0485-HKG,nat-met-sto-tro,HKG,Asia,0.0,1.0,0.0,0.0,0.0,0.0,0.0,0.0,0.0,76.1376037057766,Tropical Storm,60.0,69.0,983.0,2017-08-24,2017-08-28,4.0,Landfall,Tropical Storm,16.3866,121.754,40.0
2018153N12113,Ewiniar (2018),2018.0,2018-0201-CHN,nat-met-sto-tro,CHN,Asia,0.0,14.0,0.0,16200.0,16200.0,0.0,0.0,570000.0,730795.0,77.9972651879547,Tropical Storm,40.0,46.0,996.0,2018-06-02,2018-06-11,9.0,Landfall,Tropical Storm,20.475,110.4,35.0
2018153N12113,Ewiniar (2018),2018.0,2018-0201-VNM,nat-met-sto-tro,VNM,Asia,0.0,1.0,0.0,0.0,0.0,0.0,0.0,0.0,0.0,77.9972651879547,Tropical Storm,40.0,46.0,996.0,2018-06-02,2018-06-11,9.0,Landfall,Tropical Storm,20.475,110.4,35.0
2018221N17112,Bebinca (2018),2018.0,2018-0305-VNM,nat-met-sto-tro,VNM,Asia,0.0,13.0,0.0,50000.0,50000.0,0.0,0.0,2000.0,2564.0,77.9972651879547,Tropical Storm,60.0,69.0,979.0,2018-08-09,2018-08-17,8.8,Landfall,Tropical Depression,21.6512,112.222,20.0
2018242N13343,Florence (2018),2018.0,2018-0342-USA,nat-met-sto-tro,USA,Americas,0.0,53.0,0.0,1500000.0,1500000.0,5000000.0,6410481.0,14000000.0,17949347.0,77.9972651879547,Category 4,130.0,149.6,937.0,2018-08-30,2018-09-18,19.2,Landfall,Category 1,34.2,-77.8,80.0
2018280N18273,Michael (2018),2018.0,2018-0373-CUB,nat-met-sto-tro,CUB,Americas,0.0,0.0,0.0,540.0,540.0,0.0,0.0,0.0,0.0,77.9972651879547,Category 5,140.0,161.1,919.0,2018-10-06,2018-10-15,9.0,Landfall,Category 5,30.0,-85.5,140.0
2018280N18273,Michael (2018),2018.0,2018-0373-USA,nat-met-sto-tro,USA,Americas,0.0,49.0,0.0,5000.0,5000.0,10000000.0,12820962.0,16000000.0,20513540.0,77.9972651879547,Category 5,140.0,161.1,919.0,2018-10-06,2018-10-15,9.0,Landfall,Category 5,30.0,-85.5,140.0
2018292N14261,Willa (2018),2018.0,2018-0406-MEX,nat-met-sto-tro,MEX,Americas,0.0,6.0,0.0,10000.0,10000.0,0.0,0.0,536800.0,688229.0,77.9972651879547,Category 5,140.0,161.1,925.0,2018-10-19,2018-10-24,5.2,Landfall,Category 3,22.7,-105.8,100.0
2018347N07089,Phethai (2018),2018.0,2018-0473-IND,nat-met-sto-tro,IND,Asia,0.0,8.0,0.0,10000.0,10000.0,0.0,0.0,100000.0,128210.0,77.9972651879547,Tropical Storm,55.0,63.3,989.0,2018-12-13,2018-12-17,4.8,Landfall,Tropical Depression,17.3601,82.6085,27.0
2019063S18038,Idai (2019),2019.0,2019-0110-MDG,nat-met-sto-tro,MDG,Africa,0.0,3.0,0.0,1100.0,1100.0,0.0,0.0,0.0,0.0,79.4107846043372,Category 4,115.0,132.3,947.0,2019-03-04,2019-03-16,12.5,Landfall,Tropical Depression,-17.5149,37.2701,0.0
2019116N02090,Fani (2019),2019.0,2019-0164-BGD,nat-met-sto-tro,BGD,Asia,0.0,39.0,45.0,0.0,10045.0,0.0,0.0,0.0,0.0,79.4107846043372,Category 5,150.0,172.6,900.0,2019-04-25,2019-05-04,8.8,Landfall,Category 4,20.2,85.9,115.0
2019112S10053,Kenneth (2019),2019.0,2019-0165-MOZ,nat-met-sto-tro,MOZ,Africa,0.0,45.0,94.0,400000.0,400094.0,0.0,0.0,230000.0,289633.0,79.4107846043372,Category 4,125.0,143.8,934.0,2019-04-21,2019-04-28,6.5,Landfall,Category 3,-12.1612,40.4524,97.0
2019236N10314,Dorian (2019),2019.0,2019-0412-USA,nat-met-sto-tro,USA,Americas,0.0,10.0,0.0,0.0,0.0,0.0,0.0,1600000.0,2014840.0,79.4107846043372,Category 5,160.0,184.1,910.0,2019-08-24,2019-09-09,15.8,Landfall,Category 1,45.2,-62.9,80.0
2019261N28264,Imelda (2019),2019.0,2019-0417-USA,nat-met-sto-tro,USA,Americas,0.0,5.0,0.0,1000.0,1000.0,1200000.0,1511130.0,3500000.0,4407462.0,79.4107846043372,Tropical Storm,40.0,46.0,1003.0,2019-09-17,2019-09-19,1.5,Landfall,Tropical Storm,28.9,-95.4,40.0
2019260N12262,Lorena (2019),2019.0,2019-0418-MEX,nat-met-sto-tro,MEX,Americas,0.0,1.0,0.0,200.0,200.0,0.0,0.0,0.0,0.0,79.4107846043372,Category 1,75.0,86.3,985.0,2019-09-17,2019-09-22,5.2,Landfall,Category 1,19.3,-104.8,65.0
2019243N06136,Lingling (2019),2019.0,2019-0424-JPN,nat-met-sto-tro,JPN,Asia,0.0,0.0,0.0,0.0,0.0,0.0,0.0,10000.0,12593.0,79.4107846043372,Category 4,120.0,138.1,928.0,2019-08-30,2019-09-12,12.5,Landfall,Category 1,37.9,125.225,65.0
2019268N10155,Mitag (2019),2019.0,2019-0472-KOR,nat-met-sto-tro,KOR,Asia,0.0,15.0,11.0,1400.0,1411.0,0.0,0.0,553000.0,696379.0,79.4107846043372,Category 2,90.0,103.6,961.0,2019-09-24,2019-10-05,11.0,Landfall,Tropical Storm,35.0475,127.236,40.0
2019242N14180,Faxai (2019),2019.0,2019-0521-JPN,nat-met-sto-tro,JPN,Asia,0.0,3.0,150.0,120000.0,120150.0,7000000.0,8814924.0,9100000.0,11459401.0,79.4107846043372,Category 4,115.0,132.3,940.0,2019-08-30,2019-09-11,12.2,Landfall,Category 2,35.1308,139.55,91.0
