DisNo.,Classification Key,Disaster Subgroup,Disaster Type,Disaster Subtype,Event Name,ISO,Country,Subregion,Region,Location,Origin,Associated Types,AID Contribution ('000 US$),Magnitude,Magnitude Scale,Latitude,Longitude,River Basin,Start Year,Start Month,Start Day,End Year,End Month,End Day,Total Deaths,No. Injured,No. Affected,Total Affected,Insured Damage ('000 US$),"Insured Damage, Adjusted ('000 US$)",Total Damage ('000 US$),"Total Damage, Adjusted ('000 US$)",CPI,Entry Date,Last Update
1988-0424-VEN,nat-met-sto-tro,Meteorological,Storm,Tropical cyclone,Hurricane 'Gilbert',VEN,Venezuela (Bolivarian Republic of),Latin America and the Caribbean,Americas,,,,,185.0,Kph,,,,2026,9.0,11.0,1988,9.0,11.0,5.0,,,,,,3000.0,,,2026-05-12,2026-05-12
2026-0078-MDG,nat-met-sto-tro,Meteorological,Storm,Tropical cyclone,"Tropical cyclone 'Fytia""",MDG,Madagascar,Sub-Saharan Africa,Africa,"Soalala, Mitsinjo, Mahajanga, Maevatanana, Analalava, Antsohihy, Port-Berge, Mampikony, Antananarivo, Boeny, Analamanga, Melaky, Sofia, Vakinankaratra, Betsiboka, Atsinanana, Alaotra Mangoro, and Itasy",,,,210.0,Kph,,,,2026,1.0,31.0,2026,2.0,2.0,14.0,7.0,203000.0,203007.0,,,490000.0,,,2026-02-02,2026-07-24
2026-0093-PHL,nat-met-sto-tro,Meteorological,Storm,Tropical cyclone,Tropical depression 'Penha',PHL,Philippines,South-eastern Asia,Asia,"Northern Mindanao, Caraga",,,,,Kph,,,,2026,2.0,5.0,2026,2.0,7.0,7.0,,645612.0,645612.0,,,30000.0,,,2026-02-11,2026-07-24
2026-0233-PNG,nat-met-sto-tro,Meteorological,Storm,Tropical cyclone,Tropical cyclone 'Maila',PNG,Papua New Guinea,Melanesia,Oceania,"Autonomous Region of Bougainville, East New Britain, Milne Bay",,"Slide (land, mud, snow, rock)",,205.0,Kph,,,,2026,4.0,8.0,2026,4.0,11.0,23.0,7.0,200000.0,200007.0,,,,,,2026-04-13,2026-07-28
2026-0234-FJI,nat-met-sto-tro,Meteorological,Storm,Tropical cyclone,Tropical cyclone 'Vaianu',FJI,Fiji,Melanesia,Oceania,Sabeto,,Flood,,111.0,Kph,,,,2026,4.0,6.0,2026,4.0,8.0,1.0,,75000.0,75000.0,,,1500.0,,,2026-04-09,2026-07-28
2026-0349-PHL,nat-met-sto-tro,Meteorological,Storm,Tropical cyclone,Typhoon 'Jangmi' (Domeng),PHL,Philippines,South-eastern Asia,Asia,Bangsamoro Autonomous Region of Muslim Mindanao,,,,130.0,Kph,,,,2026,6.0,3.0,2026,6.0,4.0,,,,,,,3400.0,,,2026-07-28,2026-07-28
2026-0383-MEX,nat-met-sto-tro,Meteorological,Storm,Tropical cyclone,Tropical storm 'Boris',MEX,Mexico,Latin America and the Caribbean,Americas,"Guerrero, Oaxaca",,"Flood|Slide (land, mud, snow, rock)",,75.0,Kph,,,,2026,6.0,8.0,2026,6.0,9.0,4.0,,2400.0,2400.0,,,100000.0,,,2026-06-12,2026-07-27
2026-0257-GUM,nat-met-sto-tro,Meteorological,Storm,Tropical cyclone,Tropical cyclone 'Sinlaku',GUM,Guam,Micronesia,Oceania,"Guam, Saipan, Rota and Tinian",,,,141.0,Kph,,,,2026,4.0,14.0,2026,4.0,15.0,2.0,,,,,,458000.0,,,2026-04-15,2026-07-28
2026-0257-MNP,nat-met-sto-tro,Meteorological,Storm,Tropical cyclone,Tropical cyclone 'Sinlaku',MNP,Northern Mariana Islands,Micronesia,Oceania,Saipan and Tinian,,,,241.0,Kph,,,,2026,4.0,14.0,2026,4.0,15.0,6.0,,,,,,1000000.0,,,2026-04-15,2026-07-28
2026-0257-FSM,nat-met-sto-tro,Meteorological,Storm,Tropical cyclone,Tropical cyclone 'Sinlaku',FSM,Micronesia (Federated States of),Micronesia,Oceania,"Weno, Tamatam, Piherarh, Onoun, Uman, Parem and Fanapange Isl.",,,,,Kph,,,,2026,4.0,10.0,2026,4.0,11.0,,,34000.0,34000.0,,,96000.0,,,2026-04-14,2026-07-28
2026-0349-JPN,nat-met-sto-tro,Meteorological,Storm,Tropical cyclone,Typhoon 'Jangmi' (Domeng),JPN,Japan,Eastern Asia,Asia,From Tokyo to Shikoku,,"Slide (land, mud, snow, rock)",,130.0,Kph,,,,2026,6.0,1.0,2026,6.0,3.0,,23.0,171.0,194.0,,,,,,2026-06-08,2026-07-28
1995-0275-NPL,nat-met-sto-tro,Meteorological,Storm,Tropical cyclone,,NPL,Nepal,Southern Asia,Asia,,,"Avalanche (Snow, Debris)",,,Kph,,,,2026,11.0,10.0,1995,11.0,11.0,63.0,,,,,,,,,2026-08-06,2026-08-06
2025-0977-IDN,nat-met-sto-tro,Meteorological,Storm,Tropical cyclone,Tropical storm 'Senyar',IDN,Indonesia,South-eastern Asia,Asia,"Central Tapanuli, South Tapanuli, North Tapanuli, and Mandailing Natal, Sibolga (Sumatra North); West Sumatra, Aceh; Agam Regency Aceh Utara, and Tapanuli Tengah",,"Flood|Slide (land, mud, snow, rock)",,,Kph,,,,2025,11.0,24.0,2025,11.0,27.0,1345.0,570000.0,3300000.0,3870000.0,,,4000000.0,4000000.0,100.0,2025-11-27,2026-08-05
2024-0422-CYM,nat-met-sto-tro,Meteorological,Storm,Tropical cyclone,Hurricane 'Beryl',CYM,Cayman Islands,Latin America and the Caribbean,Americas,,,,,270.0,Kph,,,,2024,7.0,9.0,2024,7.0,9.0,,,,,,,2100.0,2155.0,97.436175616134,2026-08-19,2026-08-19
2024-0422-LCA,nat-met-sto-tro,Meteorological,Storm,Tropical cyclone,Hurricane 'Beryl',LCA,Saint Lucia,Latin America and the Caribbean,Americas,,,,,270.0,Kph,,,,2024,7.0,8.0,2024,7.0,8.0,,,,,,,2000.0,2053.0,97.436175616134,2026-08-19,2026-08-19
2000-0706-PHL,nat-met-sto-tro,Meteorological,Storm,Tropical cyclone,Typhoon 'Xangsane' (Reming),PHL,Philippines,South-eastern Asia,Asia,"Cavite district (Region IV-A (Calabarzon) province), Sorsogon, Catanduanes, Albay districts (Region V (Bicol region) province), Metropolitan Manila district (National Capital region (NCR) province), Samar districts (Region VIII (Eastern Visayas) province)",,,,140.0,Kph,,,,2000,10.0,28.0,2000,10.0,31.0,154.0,314.0,2435942.0,2436256.0,1500.0,2804.0,17000.0,31783.0,53.4877366816787,2004-10-20,2026-08-20
2000-0788-PHL,nat-met-sto-tro,Meteorological,Storm,Tropical cyclone,Tropical strom Rumbia (Toyang),PHL,Philippines,South-eastern Asia,Asia,"Autonomous region in Muslim Mindanao (ARMM), Region VI (Western Visayas), Region VII (Central Visayas), Region VIII (Eastern Visayas), Region IX (Zamboanga Peninsula), Region X (Northern Mindanao), Region XI (Davao Region), Region XII (Soccsksargen), Region XIII (Caraga) provinces Central Philippines",,,,135.0,Kph,,,,2000,11.0,30.0,2000,12.0,3.0,48.0,26.0,164067.0,164093.0,,,1000.0,1870.0,53.4877366816787,2004-10-18,2026-08-20
2001-0671-BHS,nat-met-sto-tro,Meteorological,Storm,Tropical cyclone,Hurricane 'Michelle',BHS,Bahamas,Latin America and the Caribbean,Americas,New Providence island (Administrative unit not available),,,,,Kph,,,,2001,11.0,9.0,2001,11.0,9.0,,,,,15000.0,27273.0,300000.0,545461.0,54.9993852662954,2003-07-01,2026-08-21
2004-0462-BHS,nat-met-sto-tro,Meteorological,Storm,Tropical cyclone,Hurricane 'Ivan',BHS,Bahamas,Latin America and the Caribbean,Americas,,,,,,Kph,,,,2004,8.0,25.0,2004,9.0,8.0,1.0,,,,,,,,58.6698092933412,2006-10-11,2026-08-19
2004-0462-CUB,nat-met-sto-tro,Meteorological,Storm,Tropical cyclone,Hurricane 'Ivan',CUB,Cuba,Latin America and the Caribbean,Americas,"Pinar del Rio, La Habana, Ciudad De La Habana, Matanzas, Villa Clara, Cienfuegos, Sancti Spiritus, Isla de la Juventud, Ciego de Avila, Santiago de Cuba provinces",,"Slide (land, mud, snow, rock)|Surge",1703.0,,Kph,,,,2004,9.0,13.0,2004,9.0,14.0,,,3245.0,3245.0,,,200000.0,340891.0,58.6698092933412,2005-04-12,2026-08-19
2004-0462-JAM,nat-met-sto-tro,Meteorological,Storm,Tropical cyclone,Hurricane 'Ivan',JAM,Jamaica,Latin America and the Caribbean,Americas,"Clarendon, Westmoreland, Saint Catherine, Saint Elizabeth, Saint Thomas, Saint Ann, Trelawny, Saint Andrew And Kingston provinces",,"Flood|Slide (land, mud, snow, rock)|Surge",3345.0,250.0,Kph,,,,2004,9.0,11.0,2004,9.0,11.0,15.0,,350000.0,350000.0,200000.0,340891.0,595000.0,1014150.0,58.6698092933412,2005-04-12,2026-08-19
2004-0462-LCA,nat-met-sto-tro,Meteorological,Storm,Tropical cyclone,Hurricane 'Ivan',LCA,Saint Lucia,Latin America and the Caribbean,Americas,"Area Under National Administra, Region Number 1, Region Number 2, Region Number 3, Region Number 4, Region Number 5, Region Number 6, Region Number 7, Region Number 8 provinces",,,,,Kph,,,,2004,9.0,8.0,2004,9.0,8.0,,,,,,,500.0,852.0,58.6698092933412,2004-09-09,2026-08-19
2004-0462-TTO,nat-met-sto-tro,Meteorological,Storm,Tropical cyclone,Hurricane 'Ivan',TTO,Trinidad and Tobago,Latin America and the Caribbean,Americas,"Caparo, Tumpuna villages (Couva/Tabaquite/Talparo province), Caroni village (Tunapuna/Piarco province)",,,,120.0,Kph,,,,2004,9.0,9.0,2004,9.0,9.0,1.0,,560.0,560.0,,,1000.0,1704.0,58.6698092933412,2004-10-08,2026-08-19
2004-0462-USA,nat-met-sto-tro,Meteorological,Storm,Tropical cyclone,Hurricane 'Ivan',USA,United States of America,Northern America,Americas,"Alabama, Louisiana, Mississippi, Florida, Pennsylvania, Maryland, New Jersey, Ohio, North Carolina, West Virginia, Georgia, Tennessee provinces",,"Flood|Slide (land, mud, snow, rock)",,,Kph,,,,2004,9.0,15.0,2004,9.0,16.0,52.0,,,,12000000.0,20453450.0,18000000.0,30680175.0,58.6698092933412,2006-10-11,2026-08-19
2007-0360-HTI,nat-met-sto-tro,Meteorological,Storm,Tropical cyclone,Hurricane 'Dean',HTI,Haiti,Latin America and the Caribbean,Americas,"Sud, Sud Est, Grande Anse, Nippes, Ouest, Artibonite, Centre, Nord, Nord Est, Nord Ouest provinces",,Flood,,,Kph,14.64,-61.02,,2007,8.0,18.0,2007,8.0,24.0,9.0,6.0,3960.0,3966.0,,,,,64.4034636847652,2008-08-04,2026-08-19
2025-0917-JAM,nat-met-sto-tro,Meteorological,Storm,Tropical cyclone,Hurricane 'Melissa',JAM,Jamaica,Latin America and the Caribbean,Americas,"Clarendon, Hanover, Manchester, Saint Andrew, Saint Ann, Saint Catherine, Saint Elizabeth, Saint James, Saint Mary, Trelawny, Westmoreland, Kingston",,,,240.0,Kph,,,,2025,10.0,24.0,2025,10.0,27.0,62.0,340.0,1900000.0,1900340.0,,,12230000.0,12230000.0,100.0,2025-10-27,2026-08-21
2000-0556-CHN,nat-met-sto-tro,Meteorological,Storm,Tropical cyclone,Typhoon 'Prapiroon' (Lusing),CHN,China,Eastern Asia,Asia,"Xiangshui Xian area (Yancheng district, Jiangsu Sheng province)",,,,140.0,Kph,,,,2000,8.0,28.0,2000,8.0,29.0,4.0,80.0,,37770.0,,,10.0,19.0,53.4877366816787,2003-07-01,2026-08-20
2001-0611-CYM,nat-met-sto-tro,Meteorological,Storm,Tropical cyclone,Hurricane 'Michelle',CYM,Cayman Islands,Latin America and the Caribbean,Americas,,,,,,Kph,,,,2001,10.0,30.0,2001,11.0,5.0,,,,,40000.0,72728.0,60000.0,109092.0,54.9993852662954,2007-04-20,2026-08-21
2004-0462-VEN,nat-met-sto-tro,Meteorological,Storm,Tropical cyclone,Hurricane 'Ivan',VEN,Venezuela (Bolivarian Republic of),Latin America and the Caribbean,Americas,"Aragua, Distrito Capital, Miranda, Vargas provinces",,,,220.0,Kph,,,,2004,9.0,8.0,2004,9.0,8.0,5.0,5.0,1645.0,1730.0,,,,,58.6698092933412,2004-09-09,2026-08-19
2007-0360-LCA,nat-met-sto-tro,Meteorological,Storm,Tropical cyclone,Hurricane 'Dean',LCA,Saint Lucia,Latin America and the Caribbean,Americas,"Region Number 1, Region Number 2, Region Number 8 provinces",,Flood,,,Kph,14.64,-61.02,,2007,8.0,17.0,2007,8.0,24.0,1.0,,,,20000.0,31054.0,40000.0,62108.0,64.4034636847652,2008-08-04,2026-08-19
2010-0501-JAM,nat-met-sto-tro,Meteorological,Storm,Tropical cyclone,Tropical storm 'Nicole',JAM,Jamaica,Latin America and the Caribbean,Americas,"Clarendon, Saint Catherine, Saint James, Hanover, Saint Mary, Saint Elizabeth, Saint Ann, Saint Andrew And Kingston, Westmoreland provinces",,"Flood|Slide (land, mud, snow, rock)",68.0,65.0,Kph,18.19,-77.29,,2010,9.0,29.0,2010,9.0,30.0,15.0,26.0,2480.0,2506.0,,,240000.0,354342.0,67.7310945291778,2014-07-28,2026-08-19
2012-0410-CUB,nat-met-sto-tro,Meteorological,Storm,Tropical cyclone,Hurricane 'Sandy',CUB,Cuba,Latin America and the Caribbean,Americas,"Santiago de Cuba, San Luis, Palma Soriano, Mella, Contramaestre, Segundo Frente, Tercer Frente, Songo - La Maya, Guama districts (Santiago de Cuba province), Rafael Freyre, Banes, Antilla, Baganos, Holguín, Calixto Garcia, Cacocum, Urbano Noris, Cueto, Mayari, Frank pais, Sagua de Tanamo, Moa, Jibara districts (Holguín province), Guantanamo province",,Flood,,175.0,Kph,,,,2012,10.0,22.0,2012,10.0,22.0,11.0,,,162605.0,,,2000000.0,2804456.0,71.3150877335761,2012-11-12,2026-08-19
2012-0410-USA,nat-met-sto-tro,Meteorological,Storm,Tropical cyclone,Hurricane 'Sandy',USA,United States of America,Northern America,Americas,"New York, New Jersey, Pennsylvania, Connecticut, Ohio, Delaware, Rhode Island, Maryland, Massachusetts, Maine, New Hampshire, North Carolina, Vermont, Virginia, District of Columbia, West Virginia provinces",,Fire|Flood,,,Kph,,,,2012,10.0,28.0,2012,10.0,28.0,158.0,,,,11000000.0,15424506.0,50000000.0,70111391.0,71.3150877335761,2012-11-23,2026-08-19
2024-0422-MEX,nat-met-sto-tro,Meteorological,Storm,Tropical cyclone,Hurricane 'Beryl',MEX,Mexico,Latin America and the Caribbean,Americas,,,,,270.0,Kph,,,,2024,7.0,8.0,2024,7.0,8.0,,,,,,,90000.0,92368.0,97.436175616134,2026-08-19,2026-08-19
2000-0576-JPN,nat-met-sto-tro,Meteorological,Storm,Tropical cyclone,Typhoon 'Saomai' (Osang),JPN,Japan,Eastern Asia,Asia,"Aiti, Mie, Gifu provinces",,,,160.0,Kph,,,,2000,9.0,11.0,2000,9.0,14.0,9.0,41.0,180000.0,180041.0,1050000.0,1963067.0,1400000.0,2617422.0,53.4877366816787,2007-04-18,2026-08-20
2000-0642-BLZ,nat-met-sto-tro,Meteorological,Storm,Tropical cyclone,Hurricane 'Keith',BLZ,Belize,Latin America and the Caribbean,Americas,"San Pedro and Belize cities, Cay Caulker and Ambergris Caye islands (Belize province), Corozal, Cayo, Orange Walk provinces",,,2628.0,215.0,Kph,,,,2000,9.0,30.0,2000,10.0,3.0,14.0,570.0,62000.0,62570.0,,,277460.0,518736.0,53.4877366816787,2006-09-17,2026-08-19
2000-0643-MEX,nat-met-sto-tro,Meteorological,Storm,Tropical cyclone,Hurricane 'Keith',MEX,Mexico,Latin America and the Caribbean,Americas,"Puebla, Campeche, Quintana Roo, Yucatan, Veracruz, Chiapas, Oaxaca, Tabasco, Tamaulipas provinces",,,,150.0,Kph,,,,2000,9.0,29.0,2000,10.0,3.0,23.0,,30000.0,30000.0,,,1000.0,1870.0,53.4877366816787,2005-12-16,2026-08-19
2001-0603-HND,nat-met-sto-tro,Meteorological,Storm,Tropical cyclone,Hurricane 'Michelle',HND,Honduras,Latin America and the Caribbean,Americas,"Colon, Atlantida, Yoro, Cortes, Gracias A Dios, Islas De Bahia provinces",,,,219.0,Kph,,,,2001,10.0,30.0,2001,11.0,4.0,21.0,,61051.0,86321.0,,,5000.0,9091.0,54.9993852662954,2005-12-12,2026-08-21
2001-0671-USA,nat-met-sto-tro,Meteorological,Storm,Tropical cyclone,Hurricane 'Michelle',USA,United States of America,Northern America,Americas,,,,,,Kph,,,,2001,11.0,10.0,2001,11.0,10.0,,,,,,,66.0,120.0,54.9993852662954,2026-08-21,2026-08-21
2001-0736-TTO,nat-met-sto-tro,Meteorological,Storm,Tropical cyclone,Tropical storm 'Chantal',TTO,Trinidad and Tobago,Latin America and the Caribbean,Americas,,,,,110.0,Kph,,,,2001,8.0,18.0,2001,8.0,18.0,2.0,,,,,,,,54.9993852662954,2026-08-20,2026-08-20
2004-0462-BLZ,nat-met-sto-tro,Meteorological,Storm,Tropical cyclone,Hurricane 'Ivan',BLZ,Belize,Latin America and the Caribbean,Americas,,,,,,Kph,,,,2004,9.0,8.0,2004,9.0,8.0,,,,,,,97000.0,165332.0,58.6698092933412,2026-08-19,2026-08-19
2004-0462-CYM,nat-met-sto-tro,Meteorological,Storm,Tropical cyclone,Hurricane 'Ivan',CYM,Cayman Islands,Latin America and the Caribbean,Americas,Grand Cayman province,,,,240.0,Kph,,,,2004,9.0,12.0,2004,9.0,12.0,2.0,,,,1500000.0,2556681.0,3430080.0,5846414.0,58.6698092933412,2006-10-11,2026-08-19
2007-0360-MTQ,nat-met-sto-tro,Meteorological,Storm,Tropical cyclone,Hurricane 'Dean',MTQ,Martinique,Latin America and the Caribbean,Americas,"Fort-de-France, La Trinite, Saint-Pierre, Le Marin provinces",,"Flood|Slide (land, mud, snow, rock)",,160.0,Kph,14.64,-61.02,,2007,8.0,16.0,2007,8.0,24.0,1.0,6.0,,6.0,125000.0,194089.0,300000.0,465813.0,64.4034636847652,2007-12-15,2026-08-19
2012-0410-BHS,nat-met-sto-tro,Meteorological,Storm,Tropical cyclone,Hurricane 'Sandy',BHS,Bahamas,Latin America and the Caribbean,Americas,,,,,,Kph,,,,2012,10.0,24.0,2012,10.0,24.0,2.0,,,,,,700000.0,981559.0,71.3150877335761,2012-11-14,2026-08-19
2024-0422-JAM,nat-met-sto-tro,Meteorological,Storm,Tropical cyclone,Hurricane 'Beryl',JAM,Jamaica,Latin America and the Caribbean,Americas,"Clarendon, St.Elizabeth, St. Thomas, Manchester, Westmoreland, Hanover",,"Flood|Slide (land, mud, snow, rock)",,270.0,Kph,,,,2024,7.0,3.0,2024,7.0,4.0,4.0,60.0,618496.0,618556.0,16300.0,16729.0,354000.0,363315.0,97.436175616134,2024-07-08,2026-08-19
2000-0550-KOR,nat-met-sto-tro,Meteorological,Storm,Tropical cyclone,Typhoon 'Prapiroon' (Lusing),KOR,Republic of Korea,Eastern Asia,Asia,"Chollabuk-do, Chungchongnam-do, Cheju-do, North Hamgyong and South Hamgyong provinces",,,,209.0,Kph,,,,2000,8.0,31.0,2000,8.0,31.0,25.0,,,300.0,,,11300.0,21126.0,53.4877366816787,2003-07-01,2026-08-20
2000-0643-GTM,nat-met-sto-tro,Meteorological,Storm,Tropical cyclone,Hurricane 'Keith',GTM,Guatemala,Latin America and the Caribbean,Americas,,,,,,Kph,,,,2000,9.0,29.0,2000,10.0,3.0,1.0,,,,,,,,53.4877366816787,2026-08-19,2026-08-19
2000-0643-HND,nat-met-sto-tro,Meteorological,Storm,Tropical cyclone,Hurricane 'Keith',HND,Honduras,Latin America and the Caribbean,Americas,,,,,,Kph,,,,2000,9.0,29.0,2026,10.0,3.0,6.0,,,,,,,,53.4877366816787,2026-08-19,2026-08-19
2000-0644-NIC,nat-met-sto-tro,Meteorological,Storm,Tropical cyclone,Hurricane 'Keith',NIC,Nicaragua,Latin America and the Caribbean,Americas,"Léon, Chinandega, Managua, Granada, Rivas provinces",,,,220.0,Kph,,,,2000,9.0,29.0,2000,10.0,3.0,12.0,,2300.0,2300.0,,,1000.0,1870.0,53.4877366816787,2005-12-20,2026-08-19
2001-0436-VNM,nat-met-sto-tro,Meteorological,Storm,Tropical cyclone,Tropical storm 'Usagi',VNM,Viet Nam,South-eastern Asia,Asia,"Ha Tinh, Nghe An, Quang Binh, Thanh Hoa provinces",,,,196.0,Kph,,,,2001,8.0,11.0,2001,8.0,11.0,3.0,3.0,,10003.0,,,3200.0,5818.0,54.9993852662954,2003-07-01,2026-08-21
2001-0611-HTI,nat-met-sto-tro,Meteorological,Storm,Tropical cyclone,Hurricane 'Michelle',HTI,Haiti,Latin America and the Caribbean,Americas,"Grande Anse, Centre, Sud, Nippes, Ouest, Artibonite, Nord Ouest, Nord, Nord Est, Sud Est provinces",,,,,Kph,,,,2001,10.0,30.0,2001,11.0,5.0,,,,,,,20.0,36.0,54.9993852662954,2007-04-20,2026-08-21
2001-0612-CUB,nat-met-sto-tro,Meteorological,Storm,Tropical cyclone,Hurricane 'Michelle',CUB,Cuba,Latin America and the Caribbean,Americas,"Matanzas, Cienfuegos, Villa Clara, Sancti Spiritus, Isla de la Juventud, Pinar del Rio, Ciudad De La Habana, Ciego de Avila provinces",,,,250.0,Kph,,,,2001,11.0,4.0,2001,11.0,4.0,5.0,12.0,5900000.0,5900012.0,20000.0,36364.0,100000.0,181820.0,54.9993852662954,2008-09-15,2026-08-21
2004-0462-BRB,nat-met-sto-tro,Meteorological,Storm,Tropical cyclone,Hurricane 'Ivan',BRB,Barbados,Latin America and the Caribbean,Americas,"St. Andrew, St. George, St. James, St. John, St. Joseph, St. Lucy, St. Michael, St. Peter, St. Philip, St. Thomas, Christ Church provinces",,Surge,,220.0,Kph,,,,2004,9.0,8.0,2004,9.0,8.0,1.0,,,880.0,,,5000.0,8522.0,58.6698092933412,2006-10-11,2026-08-19
2004-0462-HTI,nat-met-sto-tro,Meteorological,Storm,Tropical cyclone,Hurricane 'Ivan',HTI,Haiti,Latin America and the Caribbean,Americas,"Cap-Haitien district (Nord province), Cayes district (Sud province)",,Rain,,,Kph,,,,2004,9.0,13.0,2004,9.0,13.0,3.0,,4000.0,6500.0,,,1000.0,1704.0,58.6698092933412,2004-10-08,2026-08-19
2007-0360-CUB,nat-met-sto-tro,Meteorological,Storm,Tropical cyclone,Hurricane 'Dean',CUB,Cuba,Latin America and the Caribbean,Americas,"Pinar del Rio, La Habana, Isla de la Juventud provinces",,Flood|Surge,,240.0,Kph,,,,2007,8.0,20.0,2007,8.0,20.0,,,,,,,,,64.4034636847652,2008-08-04,2026-08-19
2025-0917-DOM,nat-met-sto-tro,Meteorological,Storm,Tropical cyclone,Hurricane 'Melissa',DOM,Dominican Republic,Latin America and the Caribbean,Americas,"Azua, Barahona, Distrito Nacional, Elias Pina, Peravia, San Cristobal, San José de Ocoa, San Juan, San Pedro de Macoris, Santo Domingo",,"Flood|Slide (land, mud, snow, rock)",,240.0,Kph,,,,2025,10.0,26.0,2025,10.0,26.0,5.0,,1274237.0,1274237.0,,,23360.0,23360.0,100.0,2025-10-27,2026-08-19
2000-0178-MDG,nat-met-sto-tro,Meteorological,Storm,Tropical cyclone,Cyclone 'Hudah',MDG,Madagascar,Sub-Saharan Africa,Africa,"Antalaha, Sambava, Andapa districts (Sava province), Maroantsetra district (Analanjirofo province), Bealanana district (Sofia province)",,Flood|Rain,,280.0,Kph,,,,2000,4.0,2.0,2000,4.0,2.0,23.0,1.0,369271.0,369272.0,,,,,53.4877366816787,2005-12-15,2026-08-19
2000-0397-PHL,nat-met-sto-tro,Meteorological,Storm,Tropical cyclone,Typhoon 'Kai-Tak' (Edeng),PHL,Philippines,South-eastern Asia,Asia,"Caloocan, Manioma, Quezon cities (Metropolitan Manila district, National Capital region (NCR) province), Mindoro Oriental district (Region IV (Southern Tagalog) province), Cavite, Rizal districts (Region IV-A (Calabarzon) province), Iloilo, Negros Occidental districts (Region VI (Western Visayas) province), Region I (Ilocos region), Region III (Central Luzon) provinces",,,29.0,200.0,Kph,,,,2000,7.0,7.0,2000,7.0,7.0,75.0,11.0,1483310.0,1483321.0,,,25763.0,48166.0,53.4877366816787,2008-01-03,2026-08-20
2000-0576-RUS,nat-met-sto-tro,Meteorological,Storm,Tropical cyclone,Typhoon 'Saomai' (Osang),RUS,Russian Federation,Eastern Europe,Europe,"Primorskiy Kray, Khabarovskiy Kray, Sakhalinskaya Oblast, Yevreyskaya A. Oblast provinces",,Transport accident,,,Kph,,,,2000,9.0,13.0,2000,9.0,19.0,9.0,,,,,,50.0,93.0,53.4877366816787,2007-04-18,2026-08-20
2024-0422-BRB,nat-met-sto-tro,Meteorological,Storm,Tropical cyclone,Hurricane 'Beryl',BRB,Barbados,Latin America and the Caribbean,Americas,,,Surge,,,Kph,,,,2024,7.0,1.0,2024,7.0,2.0,,,2500.0,2500.0,,,96500.0,99039.0,97.436175616134,2024-07-18,2026-08-19
2000-0645-SLV,nat-met-sto-tro,Meteorological,Storm,Tropical cyclone,Hurricane 'Keith',SLV,El Salvador,Latin America and the Caribbean,Americas,"Ahuachapan, Cabanas, Chalatenango, Cuscatlan, La Libertad, La Paz, La Union, Morazan, San Miguel, San Salvador, San Vicente, Santa Ana, Sonsonate, Usulutan provinces",,,,,Kph,,,,2000,10.0,1.0,2000,10.0,1.0,1.0,,100.0,100.0,,,,,53.4877366816787,2003-07-01,2026-08-19
2000-0652-USA,nat-met-sto-tro,Meteorological,Storm,Tropical cyclone,Tropical storm 'Leslie',USA,United States of America,Northern America,Americas,"Miami-Dade, Monroe, Broward, Collier districts (Florida province)",,Flood,,75.0,Kph,,,,2000,10.0,4.0,2000,10.0,4.0,2.0,,14418.0,17433.0,,,219000.0,409440.0,53.4877366816787,2003-07-01,2026-08-20
2004-0462-GRD,nat-met-sto-tro,Meteorological,Storm,Tropical cyclone,Hurricane 'Ivan',GRD,Grenada,Latin America and the Caribbean,Americas,"Name Unknown, St. Andrew's, St. George's, St. John's, St. Mark's, St. Patrick's provinces",,,18254.0,,Kph,,,,2004,9.0,8.0,2004,9.0,8.0,39.0,700.0,60000.0,113700.0,,,889000.0,1515260.0,58.6698092933412,2005-04-12,2026-08-19
2007-0360-DOM,nat-met-sto-tro,Meteorological,Storm,Tropical cyclone,Hurricane 'Dean',DOM,Dominican Republic,Latin America and the Caribbean,Americas,"Azua, Barahona, Distrito Nacional, La Altagracia, La Romana, Pedernales, Peravia, San Cristobal, San Pedro de Macoris, Santiago, Santo Domingo provinces",,Flood,,,Kph,14.64,-61.02,,2007,8.0,21.0,2007,8.0,24.0,1.0,,1600.0,1600.0,30000.0,46581.0,40000.0,62108.0,64.4034636847652,2008-08-04,2026-08-19
2007-0360-GLP,nat-met-sto-tro,Meteorological,Storm,Tropical cyclone,Hurricane 'Dean',GLP,Guadeloupe,Latin America and the Caribbean,Americas,,,"Flood|Slide (land, mud, snow, rock)",,160.0,Kph,,,,2007,8.0,29.0,2007,8.0,29.0,,,,,125000.0,194089.0,300000.0,465813.0,64.4034636847652,2008-08-04,2026-08-19
2007-0360-JAM,nat-met-sto-tro,Meteorological,Storm,Tropical cyclone,Hurricane 'Dean',JAM,Jamaica,Latin America and the Caribbean,Americas,"Clarendon, Saint Thomas, Saint James, Saint Andrew And Kingston provinces",,"Flood|Slide (land, mud, snow, rock)|Surge",,,Kph,,,,2007,8.0,20.0,2007,8.0,20.0,4.0,,32000.0,33188.0,150000.0,232907.0,300000.0,465813.0,64.4034636847652,2008-08-04,2026-08-19
2012-0410-CAN,nat-met-sto-tro,Meteorological,Storm,Tropical cyclone,Hurricane 'Sandy',CAN,Canada,Northern America,Americas,,,,,,Kph,,,,2012,10.0,28.0,2012,10.0,28.0,2.0,,,,,,100000.0,140223.0,71.3150877335761,2026-08-19,2026-08-19
2012-0410-DOM,nat-met-sto-tro,Meteorological,Storm,Tropical cyclone,Hurricane 'Sandy',DOM,Dominican Republic,Latin America and the Caribbean,Americas,"Azua, Barahona, San Cristobal, Santo Domingo, Duarte, Monte Plata, Peravia, San Juan, San José de Ocoa, Distrito Nacional provinces",,,,,Kph,,,,2012,10.0,24.0,2012,10.0,24.0,3.0,,22000.0,22000.0,,,30000.0,42067.0,71.3150877335761,2012-11-12,2026-08-19
2012-0410-HTI,nat-met-sto-tro,Meteorological,Storm,Tropical cyclone,Hurricane 'Sandy',HTI,Haiti,Latin America and the Caribbean,Americas,"Ouest, Sud, Grande Anse, Nippes, Sud Est, Artibonite provinces",,"Flood|Slide (land, mud, snow, rock)",,,Kph,,,,2012,10.0,24.0,2012,10.0,26.0,75.0,20.0,168500.0,201850.0,,,254000.0,356166.0,71.3150877335761,2014-07-29,2026-08-19
2000-0178-MOZ,nat-met-sto-tro,Meteorological,Storm,Tropical cyclone,Cyclone 'Hudah',MOZ,Mozambique,Sub-Saharan Africa,Africa,"Angoche, Moma, Mogincual districts (Nampula province)",,,,230.0,Kph,,,,2000,4.0,2.0,2000,4.0,2.0,3.0,4.0,,304.0,,,,,53.4877366816787,2005-12-15,2026-08-19
2001-0611-NIC,nat-met-sto-tro,Meteorological,Storm,Tropical cyclone,Hurricane 'Michelle',NIC,Nicaragua,Latin America and the Caribbean,Americas,Atlantico Norte province,,,,110.0,Kph,,,,2001,11.0,1.0,2001,11.0,4.0,16.0,,24866.0,24866.0,,,1000.0,1818.0,54.9993852662954,2005-12-20,2026-08-21
2001-0615-JAM,nat-met-sto-tro,Meteorological,Storm,Tropical cyclone,Hurricane 'Michelle',JAM,Jamaica,Latin America and the Caribbean,Americas,"Clarendon, Hanover, Manchester, Portland, Saint Andrew And Kingston, Saint Ann, Saint Catherine, Saint Elizabeth, Saint James, Saint Mary, Saint Thomas, Trelawny, Westmoreland provinces",,,,120.0,Kph,,,,2001,11.0,6.0,2001,11.0,6.0,1.0,,,200.0,15000.0,27273.0,55487.0,100887.0,54.9993852662954,2003-07-01,2026-08-21
2000-0214-AUS,nat-met-sto-tro,Meteorological,Storm,Tropical cyclone,Cyclone 'Tessi',AUS,Australia,Australia and New Zealand,Oceania,Townsville district (Queensland province),,Flood,,130.0,Kph,,,,2000,4.0,3.0,2000,4.0,3.0,,,400.0,400.0,,,60000.0,112175.0,53.4877366816787,2003-07-01,2026-08-20
2000-0447-JPN,nat-met-sto-tro,Meteorological,Storm,Tropical cyclone,Typhoon 'Kirogi' (Ditang),JPN,Japan,Eastern Asia,Asia,Tokyo province,,"Flood|Slide (land, mud, snow, rock)",,126.0,Kph,,,,2000,7.0,8.0,2000,7.0,9.0,4.0,,900.0,900.0,200000.0,373917.0,300000.0,560876.0,53.4877366816787,2005-12-16,2026-08-20
2000-0517-TWN,nat-met-sto-tro,Meteorological,Storm,Tropical cyclone,Typhoon 'Bilis' (Isang),TWN,Taiwan (Province of China),Eastern Asia,Asia,Taiwan Sheng province,,,,281.0,Kph,,,,2000,8.0,22.0,2000,8.0,23.0,14.0,100.0,,2100.0,3000.0,5609.0,135000.0,252394.0,53.4877366816787,2005-07-09,2026-08-20
2000-0831-LKA,nat-met-sto-tro,Meteorological,Storm,Tropical cyclone,Cyclone 'BOB 06' (4B),LKA,Sri Lanka,Southern Asia,Asia,"Ampara, Batticaloa, Trincomalee districts (Eastern province), Anuradhapura, Polonnaruwa districts (North Central province), Mannar district (Northern province)",,Rain|Surge,282.0,150.0,Kph,,,,2000,12.0,24.0,2000,12.0,28.0,5.0,,375000.0,375000.0,,,,,53.4877366816787,2004-10-18,2026-08-20
2001-0093-VUT,nat-met-sto-tro,Meteorological,Storm,Tropical cyclone,Cyclone 'Paula',VUT,Vanuatu,Melanesia,Oceania,"Malukulan Ambrym, Paama, Lopevi islands (Malampa province), Efate, Shepherd islands (Shefa province)",,,,195.0,Kph,,,,2001,2.0,28.0,2001,2.0,28.0,1.0,,500.0,500.0,,,1390.0,2527.0,54.9993852662954,2003-07-01,2026-08-20
2001-0562-MEX,nat-met-sto-tro,Meteorological,Storm,Tropical cyclone,Hurricane 'Juliette',MEX,Mexico,Latin America and the Caribbean,Americas,"Baja California Sur, Sonora provinces",,"Flood|Slide (land, mud, snow, rock)",,174.0,Kph,,,,2001,9.0,24.0,2001,10.0,2.0,3.0,,3000.0,3800.0,150000.0,272730.0,400000.0,727281.0,54.9993852662954,2004-10-28,2026-08-20
2001-0612-CRI,nat-met-sto-tro,Meteorological,Storm,Tropical cyclone,Hurricane 'Michelle',CRI,Costa Rica,Latin America and the Caribbean,Americas,,,,,,Kph,,,,2001,11.0,4.0,2001,11.0,4.0,,,,,,,1000.0,1818.0,54.9993852662954,2026-08-21,2026-08-21
2001-0735-MEX,nat-met-sto-tro,Meteorological,Storm,Tropical cyclone,Tropical strom 'Chantal',MEX,Mexico,Latin America and the Caribbean,Americas,Quintana Roo province,,,,110.0,Kph,,,,2001,8.0,21.0,2001,8.0,21.0,,,2500.0,2500.0,,,,,54.9993852662954,2003-07-01,2026-08-20
2004-0462-DOM,nat-met-sto-tro,Meteorological,Storm,Tropical cyclone,Hurricane 'Ivan',DOM,Dominican Republic,Latin America and the Caribbean,Americas,"Azua, Baoruco, Barahona, Dajabon, Distrito Nacional, Duarte, El Seibo, Elias Pina, Espaillat, Hato Mayor, Independencia, La Altagracia, La Romana, La Vega, Maria Trinidad Sanches, Monsenor Nouel, Monte Cristi, Monte Plata, Pedernales, Peravia, Puerto Plata, Salcedo, Samana, San Cristobal, San José de Ocoa, San Juan, San Pedro de Macoris, Sanchez Ramirez, Santiago, Santiago Rodriguez, Santo Domingo, Valverde provinces",,,,,Kph,,,,2004,9.0,9.0,2004,9.0,9.0,4.0,,,,,,1000.0,1704.0,58.6698092933412,2004-09-10,2026-08-19
2004-0462-VCT,nat-met-sto-tro,Meteorological,Storm,Tropical cyclone,Hurricane 'Ivan',VCT,Saint Vincent and the Grenadines,Latin America and the Caribbean,Americas,"Charlotte, Grenadines, Saint Andrew, Saint David, Saint George, Saint Patrick provinces",,,,,Kph,,,,2004,9.0,8.0,2004,9.0,8.0,,4.0,1000.0,1004.0,,,40000.0,68178.0,58.6698092933412,2004-09-14,2026-08-19
2007-0360-BLZ,nat-met-sto-tro,Meteorological,Storm,Tropical cyclone,Hurricane 'Dean',BLZ,Belize,Latin America and the Caribbean,Americas,"Corozal, Sarteneja, Consejo cities (Corazal province)",,,,,Kph,,,,2007,8.0,21.0,2007,8.0,21.0,,,20000.0,20000.0,,,14847.0,23053.0,64.4034636847652,2008-08-04,2026-08-19
2007-0360-DMA,nat-met-sto-tro,Meteorological,Storm,Tropical cyclone,Hurricane 'Dean',DMA,Dominica,Latin America and the Caribbean,Americas,"St. Andrew, St. David, St. George, St. John, St. Joseph, St. Luke, St. Mark, St. Patrick, St. Paul, St. Peter provinces",,Flood,,,Kph,,,,2007,8.0,21.0,2007,8.0,24.0,2.0,30.0,7500.0,7530.0,10000.0,15527.0,20000.0,31054.0,64.4034636847652,2008-08-04,2026-08-19
2007-0360-MEX,nat-met-sto-tro,Meteorological,Storm,Tropical cyclone,Hurricane 'Dean',MEX,Mexico,Latin America and the Caribbean,Americas,"Yucatan, Quintana Roo, Campeche, Veracruz, Hidalgo, Puebla provinces",,Flood,,265.0,Kph,14.54,-61.02,,2007,8.0,21.0,2007,8.0,24.0,9.0,,140000.0,140000.0,475000.0,737538.0,600000.0,931627.0,64.4034636847652,2007-12-15,2026-08-19
2012-0410-JAM,nat-met-sto-tro,Meteorological,Storm,Tropical cyclone,Hurricane 'Sandy',JAM,Jamaica,Latin America and the Caribbean,Americas,"Clarendon, Hanover, Manchester, Portland, Saint Andrew And Kingston, Saint Ann, Saint Catherine, Saint Elizabeth, Saint Mary, Saint Thomas, Trelawny, Westmoreland provinces",,,,,Kph,,,,2012,10.0,24.0,2012,10.0,24.0,2.0,,218850.0,218850.0,,,100000.0,140223.0,71.3150877335761,2014-07-29,2026-08-19
2000-0533-CHN,nat-met-sto-tro,Meteorological,Storm,Tropical cyclone,Typhoon 'Bilis' (Isang),CHN,China,Eastern Asia,Asia,"Leqing Shi area (Wenzhou district, Zhejiang Sheng province), Fuzhou district (Fujian Sheng province)",,"Slide (land, mud, snow, rock)",,206.0,Kph,,,,2000,8.0,23.0,2000,8.0,23.0,11.0,47.0,,4522.0,,,69443.0,129830.0,53.4877366816787,2003-07-01,2026-08-20
2000-0601-KOR,nat-met-sto-tro,Meteorological,Storm,Tropical cyclone,Typhoon 'Saomai' (Osang),KOR,Republic of Korea,Eastern Asia,Asia,"Kyongsangbuk-do, Kyongsangnam-do provinces",,Flood,,260.0,Kph,,,,2000,9.0,16.0,2000,9.0,16.0,8.0,,,411.0,,,71000.0,132741.0,53.4877366816787,2003-07-01,2026-08-20
2000-0706-TWN,nat-met-sto-tro,Meteorological,Storm,Tropical cyclone,Typhoon 'Xangsane' (Reming),TWN,Taiwan (Province of China),Eastern Asia,Asia,"Taipei, Pingtung, Kaohsiung areas (Taiwan Sheng province)",,"Flood|Slide (land, mud, snow, rock)",,120.0,Kph,,,,2000,11.0,1.0,2000,11.0,4.0,89.0,2.0,,2.0,60000.0,112175.0,150000.0,280438.0,53.4877366816787,2004-10-20,2026-08-20
2001-0659-COK,nat-met-sto-tro,Meteorological,Storm,Tropical cyclone,Cyclone 'Trina',COK,Cook Islands,Polynesia,Oceania,"Rarotonga, Avarua, Mangaia islands",,Flood,24.0,130.0,Kph,,,,2001,12.0,2.0,2001,12.0,2.0,,,744.0,744.0,,,52.0,95.0,54.9993852662954,2003-07-01,2026-08-20
2001-0736-BLZ,nat-met-sto-tro,Meteorological,Storm,Tropical cyclone,Tropical storm 'Chantal',BLZ,Belize,Latin America and the Caribbean,Americas,"Belize, Corozal, Orange Walk provinces",,,,110.0,Kph,,,,2001,8.0,21.0,2001,8.0,21.0,,,,,,,4000.0,7273.0,54.9993852662954,2003-07-01,2026-08-20
2001-0293-PHL,nat-met-sto-tro,Meteorological,Storm,Tropical cyclone,Typhoon 'Chebi' (Emong),PHL,Philippines,South-eastern Asia,Asia,"Batanes, Manila, Masbate, Samar",,Flood,,174.0,Kph,,,,2001,6.0,21.0,2001,6.0,24.0,33.0,,,,,,14000.0,25455.0,54.9993852662954,2026-08-26,2026-08-26
2001-0293-TWN,nat-met-sto-tro,Meteorological,Storm,Tropical cyclone,Typhoon 'Chebi' (Emong),TWN,Taiwan (Province of China),Eastern Asia,Asia,Taiwan Sheng province,,"Flood|Slide (land, mud, snow, rock)",,225.0,Kph,,,,2001,6.0,24.0,2001,6.0,25.0,9.0,116.0,,116.0,,,5000.0,9091.0,54.9993852662954,2006-01-02,2026-08-26
2002-0557-RUS,nat-met-sto-tro,Meteorological,Storm,Tropical cyclone,Typhoon 'Rusa',RUS,Russian Federation,Eastern Europe,Europe,Sakhalin island,,Flood,,,Kph,,,,2002,9.0,2.0,2002,9.0,4.0,,,1050.0,1050.0,,,,,55.8716960740501,2026-08-26,2026-08-26
2001-0143-VUT,nat-met-sto-tro,Meteorological,Storm,Tropical cyclone,Cyclone 'Sose',VUT,Vanuatu,Melanesia,Oceania,"Santo island (Sanma province), Malekula island (Malampa province), Ambae island (Penama province), Shepherd, Efate island (Shefa province), Erromango, Tanna, Anatom island (Tafea province),",,,,100.0,Kph,,,,2001,4.0,7.0,2001,4.0,7.0,1.0,,505.0,800.0,,,,,54.9993852662954,2003-07-01,2026-08-25
2001-0322-CHN,nat-met-sto-tro,Meteorological,Storm,Tropical cyclone,tropical stroms 'Durian' and 'Utor' (Feria),CHN,China,Eastern Asia,Asia,"Hepu Xian area (Beihai district, Guangxi Zhuangzu Zizhiqu province), Shangsi Xian, Fangchenggang Shi areas (Fangchenggang district, Guangxi Zhuangzu Zizhiqu province), Ningming Xian, Long'an Xian, Heng Xian areas (Chongzuo district, Guangxi Zhuangzu Zizhiqu province), Tianyang Xian, Tiandong Xian, Pingguo Xian, Baise Shi areas (Baise district, Guangxi Zhuangzu Zizhiqu province), Nanning district (Guangxi Zhuangzu Zizhiqu province), Zhanjiang, Yangjiang, Maoming, Jiangmen, Yunfu, Zhaoqing, Shanwei, Shantou, Jieyang, Chaozhou, Meizhou, Huizhou, Dongguan districts (Guangdong Sheng province)",,,,169.0,Kph,,,,2001,7.0,1.0,2001,7.0,1.0,33.0,8298.0,14990000.0,14998298.0,20000.0,36364.0,2743000.0,4987328.0,54.9993852662954,2003-07-01,2026-08-25
2001-0570-GTM,nat-met-sto-tro,Meteorological,Storm,Tropical cyclone,Hurricane 'Iris',GTM,Guatemala,Latin America and the Caribbean,Americas,"Peten, Zacapa, Quetzaltenango provinces",,,,,Kph,,,,2001,10.0,8.0,2001,10.0,11.0,8.0,11.0,6435.0,6446.0,,,100.0,182.0,54.9993852662954,2005-12-08,2026-08-25
2001-0711-TON,nat-met-sto-tro,Meteorological,Storm,Tropical cyclone,Cyclone 'Waka',TON,Tonga,Polynesia,Oceania,"Vava'u, Niuafo'ou islands (Tonga province)",,,868.0,260.0,Kph,,,,2001,12.0,31.0,2001,12.0,31.0,,,16500.0,16500.0,,,51300.0,93274.0,54.9993852662954,2005-04-19,2026-08-25
2002-0561-PRK,nat-met-sto-tro,Meteorological,Storm,Tropical cyclone,Typhoon 'Rusa',PRK,Democratic People's Republic of Korea,Eastern Asia,Asia,"Tongchon, Anbyon, Kosong districts (Kangwon-do province)",,,133.0,72.0,Kph,,,,2002,8.0,31.0,2002,9.0,6.0,3.0,,7401.0,7401.0,,,500.0,895.0,55.8716960740501,2008-03-21,2026-08-26
2001-0242-USA,nat-met-sto-tro,Meteorological,Storm,Tropical cyclone,Tropical storm 'Allison',USA,United States of America,Northern America,Americas,"Texas, Mississippi, Louisiana, Florida, Pennsylvania, South Carolina, North Carolina, Georgia, Pensylvania, New Jersey, Virginia, Iowa provinces",,Flood,,95.0,Kph,,,,2001,6.0,5.0,2001,6.0,17.0,41.0,,102000.0,172000.0,3500000.0,6363707.0,6000000.0,10909213.0,54.9993852662954,2006-10-11,2026-08-26
2001-0454-JPN,nat-met-sto-tro,Meteorological,Storm,Tropical cyclone,Typhoon 'Pabuk',JPN,Japan,Eastern Asia,Asia,"Siga, Aiti, Oosaka, Ehime, Mie provinces",,,,109.0,Kph,,,,2001,8.0,21.0,2001,8.0,23.0,9.0,40.0,7000.0,7040.0,500000.0,909101.0,800000.0,1454562.0,54.9993852662954,2005-12-16,2026-08-25
2001-0522-TWN,nat-met-sto-tro,Meteorological,Storm,Tropical cyclone,Typhoon 'Nari' (Kiko),TWN,Taiwan (Province of China),Eastern Asia,Asia,"Taipei, Keelung, Chiayi, Miaoli areas (Taiwan Sheng province)",,"Flood|Slide (land, mud, snow, rock)",,140.0,Kph,,,,2001,9.0,16.0,2001,9.0,20.0,80.0,200.0,650000.0,650200.0,500000.0,909101.0,800000.0,1454562.0,54.9993852662954,2004-10-29,2026-08-25
2002-0423-PHL,nat-met-sto-tro,Meteorological,Storm,Tropical cyclone,Typhoon 'Halong' (Inday),PHL,Philippines,South-eastern Asia,Asia,"Cordillera Administrative region (CAR), National Capital region (NCR), Region I (Ilocos region), Region II (Cagayan Valley), Region III (Central Luzon), Region IV (Southern Tagalog), Region IV-A (Calabarzon), Region V (Bicol region) provinces",,,,160.0,Kph,,,,2002,7.0,13.0,2002,7.0,13.0,62.0,,11000.0,11000.0,,,5664.0,10138.0,55.8716960740501,2003-07-01,2026-08-28
2002-0557-KOR,nat-met-sto-tro,Meteorological,Storm,Tropical cyclone,Typhoon 'Rusa',KOR,Republic of Korea,Eastern Asia,Asia,"Kyongsangbuk-do, Kyongsangnam-do, Chungchongbuk-do, Chungchongnam-do, Kang-won-do, Cheju-do provinces",,"Slide (land, mud, snow, rock)",190.0,204.0,Kph,,,,2002,8.0,31.0,2002,9.0,6.0,184.0,,88625.0,88625.0,170000.0,304269.0,4200000.0,7517223.0,55.8716960740501,2008-03-21,2026-08-26
2002-0430-JPN,nat-met-sto-tro,Meteorological,Storm,Tropical cyclone,Typhoon 'Halong' (Inday),JPN,Japan,Eastern Asia,Asia,"Okinawa, Kagosima, Isikawa provinces",,"Slide (land, mud, snow, rock)",,108.0,Kph,,,,2002,7.0,15.0,2002,7.0,15.0,1.0,9.0,570.0,579.0,,,89800.0,160725.0,55.8716960740501,2003-07-01,2026-08-28
2001-0729-IND,nat-met-sto-tro,Meteorological,Storm,Tropical cyclone,,IND,India,Southern Asia,Asia,"Gujarat, Goa, Maharashtra, Kerala provinces",,,,215.0,Kph,,,,2001,5.0,28.0,2001,5.0,28.0,510.0,,,,,,,,54.9993852662954,2003-07-01,2026-08-26
2001-0570-DOM,nat-met-sto-tro,Meteorological,Storm,Tropical cyclone,Hurricane 'Iris',DOM,Dominican Republic,Latin America and the Caribbean,Americas,Santo Domingo province,,,,,Kph,,,,2001,10.0,4.0,2001,10.0,9.0,3.0,,175.0,175.0,,,10.0,18.0,54.9993852662954,2007-04-18,2026-08-25
2002-0557-JPN,nat-met-sto-tro,Meteorological,Storm,Tropical cyclone,Typhoon 'Rusa',JPN,Japan,Eastern Asia,Asia,"Tokushima, Nara Prefectures",,Flood,,,Kph,,,,2002,9.0,2.0,2002,9.0,4.0,,12.0,1236.0,1248.0,,,,,55.8716960740501,2026-08-26,2026-08-26
2001-0570-MEX,nat-met-sto-tro,Meteorological,Storm,Tropical cyclone,Hurricane 'Iris',MEX,Mexico,Latin America and the Caribbean,Americas,Oaxaca province,,,,,Kph,,,,2001,10.0,4.0,2001,10.0,9.0,2.0,,,,,,1000.0,1818.0,54.9993852662954,2007-04-18,2026-08-25
2008-0111-MOZ,nat-met-sto-tro,Meteorological,Storm,Tropical cyclone,"Cyclone ""Jokwe""",MOZ,Mozambique,Sub-Saharan Africa,Africa,"Mossuril, Angoche, Nacala, Moma, Ilha de Mocambique, Mogovolas districts (Nampula province), Zambezia, Sofala provinces",,,8166.0,,Kph,,,,2008,3.0,8.0,2008,3.0,9.0,9.0,13.0,165000.0,220013.0,,,20000.0,29906.0,66.8759741789087,2010-02-09,2025-12-20
2001-0553-BLZ,nat-met-sto-tro,Meteorological,Storm,Tropical cyclone,Hurricane 'Iris',BLZ,Belize,Latin America and the Caribbean,Americas,"Toledo, Stann Creek provinces",,,,233.0,Kph,,,,2001,10.0,8.0,2001,10.0,11.0,30.0,,20000.0,20000.0,,,250000.0,454551.0,54.9993852662954,2005-12-05,2026-08-25
2001-0511-JPN,nat-met-sto-tro,Meteorological,Storm,Tropical cyclone,Typhoon 'Danas',JPN,Japan,Eastern Asia,Asia,Tookyoo province,,,,126.0,Kph,,,,2001,9.0,10.0,2001,9.0,13.0,7.0,15.0,1200.0,1215.0,300000.0,545461.0,500000.0,909101.0,54.9993852662954,2005-12-16,2026-08-26
2001-0405-CHN,nat-met-sto-tro,Meteorological,Storm,Tropical cyclone,Typhoon 'Toraji' (Isang),CHN,China,Eastern Asia,Asia,"Guangdong Sheng, Guangxi Zhuangzu Zizhiqu, Hainan Sheng provinces",,,,,Kph,,,,2001,7.0,25.0,2001,8.0,1.0,100.0,,,,,,40000.0,72728.0,54.9993852662954,2007-04-18,2026-08-26
2001-0319-PHL,nat-met-sto-tro,Meteorological,Storm,Tropical cyclone,Tropical storm 'Utor' (Feria),PHL,Philippines,South-eastern Asia,Asia,"Region I (Ilocos region), Region II (Cagayan Valley), Region III (Central Luzon), Region IV (Southern Tagalog), Region VIII (Eastern Visayas), Cordillera Administrative region (CAR), National Capital region (NCR) provinces",,"Slide (land, mud, snow, rock)",,140.0,Kph,,,,2001,7.0,3.0,2001,7.0,4.0,232.0,241.0,1902413.0,1902654.0,,,68565.0,124665.0,54.9993852662954,2003-07-01,2026-08-25
2001-0292-CHN,nat-met-sto-tro,Meteorological,Storm,Tropical cyclone,Typhoon 'Chebi' (Emong),CHN,China,Eastern Asia,Asia,"Fujian Sheng, Zhejiang Sheng provinces",,Flood,,185.0,Kph,,,,2001,6.0,23.0,2001,6.0,25.0,125.0,,2895000.0,3108000.0,120000.0,218184.0,470000.0,854555.0,54.9993852662954,2005-12-09,2026-08-26
2001-0405-TWN,nat-met-sto-tro,Meteorological,Storm,Tropical cyclone,Typhoon 'Toraji' (Isang),TWN,Taiwan (Province of China),Eastern Asia,Asia,"Hualian, Nantou areas (Taiwan Sheng province)",,,,150.0,Kph,,,,2001,7.0,30.0,2001,7.0,30.0,100.0,,,,20000.0,36364.0,240000.0,436369.0,54.9993852662954,2007-04-18,2026-08-26
2002-0281-MDG,nat-met-sto-tro,Meteorological,Storm,Tropical cyclone,Cyclone 'Kesiny',MDG,Madagascar,Sub-Saharan Africa,Africa,"Antsiranana II, Ambilobe, Nosy-Be districts (Diana province), Vohemar district (Sava province), Fenerive Est, Maroantsetra districts (Analanjirofo province), Atsinanana province",,,205.0,180.0,Kph,,,,2002,5.0,9.0,2002,5.0,9.0,20.0,1200.0,520000.0,526200.0,,,,,55.8716960740501,2005-04-19,2026-08-31
2002-0285-OMN,nat-met-sto-tro,Meteorological,Storm,Tropical cyclone,Cyclonic storm 'ARB 01',OMN,Oman,Western Asia,Asia,Dhofar province,,Flood,,100.0,Kph,,,,2002,5.0,10.0,2002,5.0,10.0,7.0,33.0,4000.0,4033.0,,,50000.0,89491.0,55.8716960740501,2003-07-01,2026-08-31
2002-0702-IND,nat-met-sto-tro,Meteorological,Storm,Tropical cyclone,Severe cyclonic storm 'BOB 03',IND,India,Southern Asia,Asia,"Baleshwar, Bhadrak, Jagatsinghpur, Kendrapara districts (Orissa province), East Midnapore, North 24 Parganas, South 24 Parganas (West Bengal province)",,,,100.0,Kph,,,,2002,11.0,13.0,2002,11.0,13.0,124.0,,,,,,,,55.8716960740501,2003-07-01,2026-08-31
2003-0388-JPN,nat-met-sto-tro,Meteorological,Storm,Tropical cyclone,Typhoon 'Etau' (Kabayan),JPN,Japan,Eastern Asia,Asia,"Hokkaidoo, Ehime provinces",,"Flood|Slide (land, mud, snow, rock)",,145.0,Kph,,,,2003,8.0,8.0,2003,8.0,11.0,20.0,93.0,6759.0,8976.0,47000.0,82254.0,55000.0,96255.0,57.1400352670416,2003-08-27,2026-09-03
2002-0635-RUS,nat-met-sto-tro,Meteorological,Storm,Tropical cyclone,Typhoon 'Higos',RUS,Russian Federation,Eastern Europe,Europe,Sakhaline Isl. (Sakhalinskaya Oblast province),,Transport accident,,250.0,Kph,,,,2002,10.0,2.0,2002,10.0,3.0,6.0,,,,,,,,55.8716960740501,2005-12-20,2026-09-01
2003-0688-MEX,nat-met-sto-tro,Meteorological,Storm,Tropical cyclone,Hurricane 'Ignacio',MEX,Mexico,Latin America and the Caribbean,Americas,"La Paz, Agua Escondida areas (La Paz district, Baja California Sur province), Ciudad Constitucion area (Comondu district, Baja California Sur province)",,Rain,,,Kph,,,,2003,8.0,24.0,2003,8.0,27.0,2.0,,3000.0,3000.0,,,21200.0,37102.0,57.1400352670416,2004-03-01,2026-09-01
2002-0669-MEX,nat-met-sto-tro,Meteorological,Storm,Tropical cyclone,Hurricane 'Kenna',MEX,Mexico,Latin America and the Caribbean,Americas,"Nayarit, Jalisco, Sinaloa, Colima provinces",,,450.0,225.0,Kph,,,,2002,10.0,25.0,2002,10.0,26.0,3.0,200.0,8800.0,9000.0,,,200000.0,357963.0,55.8716960740501,2006-07-27,2026-09-01
2003-0443-HKG,nat-met-sto-tro,Meteorological,Storm,Tropical cyclone,Typhoon 'Dujuan' (Onyok),HKG,"China, Hong Kong Special Administrative Region",Eastern Asia,Asia,Hong Kong,,Rain,,180.0,Kph,,,,2003,9.0,2.0,2003,9.0,2.0,4.0,22.0,,22.0,,,,,57.1400352670416,2003-09-03,2026-09-02
2003-0468-CAN,nat-met-sto-tro,Meteorological,Storm,Tropical cyclone,Hurricane 'Isabel',CAN,Canada,Northern America,Americas,Ontario province,,,,,Kph,,,,2003,9.0,18.0,2003,9.0,18.0,1.0,,,,,,,,57.1400352670416,2004-03-10,2026-09-03
2003-0599-DOM,nat-met-sto-tro,Meteorological,Storm,Tropical cyclone,Tropical storm 'Odette',DOM,Dominican Republic,Latin America and the Caribbean,Americas,"Barahona, Pedernales, Baoruco provinces",,"Flood|Slide (land, mud, snow, rock)",,100.0,Kph,,,,2003,12.0,6.0,2003,12.0,6.0,8.0,14.0,10000.0,10014.0,,,8000.0,14001.0,57.1400352670416,2004-01-30,2026-09-02
2002-0609-MEX,nat-met-sto-tro,Meteorological,Storm,Tropical cyclone,Hurricane 'Isidore',MEX,Mexico,Latin America and the Caribbean,Americas,"Campeche, Quintana Roo, Yucatan provinces",,Flood,,180.0,Kph,,,,2002,9.0,20.0,2002,9.0,20.0,13.0,30.0,500000.0,500030.0,280000.0,501148.0,640000.0,1145482.0,55.8716960740501,2005-12-16,2026-08-31
2002-0432-GUM,nat-met-sto-tro,Meteorological,Storm,Tropical cyclone,Typhoon 'Chata'an' (Gloria),GUM,Guam,Micronesia,Oceania,Guam province,,,,177.0,Kph,,,,2002,7.0,5.0,2002,7.0,5.0,,23.0,4044.0,4067.0,,,60000.0,107389.0,55.8716960740501,2003-07-01,2026-09-01
2002-0528-PHL,nat-met-sto-tro,Meteorological,Storm,Tropical cyclone,Typhoon 'Rammasun' (Florita),PHL,Philippines,South-eastern Asia,Asia,National Capital region (NCR) province,,,,155.0,Kph,,,,2002,6.0,28.0,2002,7.0,3.0,7.0,,,3000.0,,,,,55.8716960740501,2010-11-19,2026-09-01
2003-0822-VNM,nat-met-sto-tro,Meteorological,Storm,Tropical cyclone,Tropical storm 'Koni' (Gilas),VNM,Viet Nam,South-eastern Asia,Asia,Thanh Hóa Province,,,,120.0,Kph,,,,2003,7.0,17.0,2003,7.0,18.0,3.0,18.0,,5018.0,,,,,57.1400352670416,2026-09-02,2026-09-02
2002-0652-USA,nat-met-sto-tro,Meteorological,Storm,Tropical cyclone,Hurricane 'Isidore',USA,United States of America,Northern America,Americas,"Louisiane, Mississippi, Alabama, Tennessee provinces",,Flood,,105.0,Kph,,,,2002,9.0,26.0,2002,9.0,27.0,1.0,,13200.0,13200.0,200000.0,357963.0,300000.0,536945.0,55.8716960740501,2008-03-21,2026-08-31
2003-0024-FJI,nat-met-sto-tro,Meteorological,Storm,Tropical cyclone,Cyclone 'Ami',FJI,Fiji,Melanesia,Oceania,"Northern, Eastern, Western provinces",,"Flood|Slide (land, mud, snow, rock)|Surge",2254.0,150.0,Kph,,,,2003,1.0,14.0,2003,1.0,14.0,17.0,,30000.0,30000.0,,,30000.0,52503.0,57.1400352670416,2005-04-13,2026-09-01
2003-0594-CHN,nat-met-sto-tro,Meteorological,Storm,Tropical cyclone,Typhoon 'Nepartak' (Weng),CHN,China,Eastern Asia,Asia,Hainan Sheng province,,,,120.0,Kph,,,,2003,11.0,16.0,2003,11.0,18.0,,,1720000.0,1720000.0,,,196938.0,344659.0,57.1400352670416,2003-12-08,2026-09-02
2002-0811-SLB,nat-met-sto-tro,Meteorological,Storm,Tropical cyclone,Cyclone 'Zoe',SLB,Solomon Islands,Melanesia,Oceania,"Tikopia, Fataka, Anuta islands (Temotu area, Solomon Islands province)",,Surge,584.0,240.0,Kph,,,,2002,12.0,28.0,2002,12.0,29.0,,10.0,,1110.0,,,,,55.8716960740501,2005-04-13,2026-09-01
2003-0258-JPN,nat-met-sto-tro,Meteorological,Storm,Tropical cyclone,Tropical storm 'Linfa' (Chedeng),JPN,Japan,Eastern Asia,Asia,"Tōhoku region, Shikoku, Miyazaki, Ehime, Kochi, Tokushima, Wakayama prefectures",,"Flood|Slide (land, mud, snow, rock)",,110.0,Kph,,,,2003,5.0,26.0,2003,5.0,27.0,,2.0,,2.0,,,28200.0,49352.0,57.1400352670416,2026-09-03,2026-09-03
2003-0443-CHN,nat-met-sto-tro,Meteorological,Storm,Tropical cyclone,Typhoon 'Dujuan' (Onyok),CHN,China,Eastern Asia,Asia,"Guangdong Sheng, Fujian Sheng provinces",,,,150.0,Kph,,,,2003,9.0,1.0,2003,9.0,3.0,38.0,1000.0,,69925.0,,,241000.0,421771.0,57.1400352670416,2005-12-09,2026-09-02
2003-0443-TWN,nat-met-sto-tro,Meteorological,Storm,Tropical cyclone,Typhoon 'Dujuan' (Onyok),TWN,Taiwan (Province of China),Eastern Asia,Asia,Taiwan Sheng province,,Rain,,155.0,Kph,,,,2003,9.0,2.0,2003,9.0,2.0,3.0,,,,,,115000.0,201260.0,57.1400352670416,2003-09-03,2026-09-02
2003-0468-USA,nat-met-sto-tro,Meteorological,Storm,Tropical cyclone,Hurricane 'Isabel',USA,United States of America,Northern America,Americas,"Florida, North Carolina, Maryland, Virginia, West Virginia, Delaware, Pennsylvania, New Jersey, Wahington DC, New York, Rhode Island",,Flood,,170.0,Kph,,,,2003,9.0,18.0,2003,9.0,22.0,16.0,,225000.0,225000.0,1685000.0,2948896.0,3370000.0,5897791.0,57.1400352670416,2006-01-13,2026-09-03
2003-0822-PHL,nat-met-sto-tro,Meteorological,Storm,Tropical cyclone,Tropical storm 'Koni' (Gilas),PHL,Philippines,South-eastern Asia,Asia,"Region IV (Southern Tagalog), Region VIII (Eastern Visayas) provinces",,,,120.0,Kph,,,,2003,7.0,15.0,2003,7.0,19.0,8.0,1.0,116601.0,116602.0,,,1499.0,2623.0,57.1400352670416,2006-04-28,2026-09-02
2002-0397-FSM,nat-met-sto-tro,Meteorological,Storm,Tropical cyclone,Typhoon 'Chata'an' (Gloria),FSM,Micronesia (Federated States of),Micronesia,Oceania,"Weno, Tonoas, Fefan, Udot, Uman, Siis villages (Chuuk island, Micronesia province)",,"Flood|Slide (land, mud, snow, rock)",138.0,112.0,Kph,,,,2002,7.0,1.0,2002,7.0,1.0,47.0,148.0,1300.0,1448.0,,,500.0,895.0,55.8716960740501,2005-04-19,2026-09-01
2002-0635-JPN,nat-met-sto-tro,Meteorological,Storm,Tropical cyclone,Typhoon 'Higos',JPN,Japan,Eastern Asia,Asia,,,"Flood|Slide (land, mud, snow, rock)",,161.0,Kph,,,,2002,10.0,2.0,2026,10.0,4.0,5.0,108.0,8082.0,8226.0,2140000.0,3830204.0,,,55.8716960740501,2026-09-01,2026-09-01
2002-0705-BGD,nat-met-sto-tro,Meteorological,Storm,Tropical cyclone,Severe Cyclonic Storm 'BOB 03',BGD,Bangladesh,Southern Asia,Asia,Barguna district (Barisal province),,,,85.0,Kph,,,,2002,11.0,11.0,2002,11.0,13.0,49.0,,,,,,,,55.8716960740501,2003-07-01,2026-08-31
2003-0388-RUS,nat-met-sto-tro,Meteorological,Storm,Tropical cyclone,Typhoon 'Etau' (Kabayan),RUS,Russian Federation,Eastern Europe,Europe,Kuril Islands (Sakhalinskaya Oblast province),,Rain,,,Kph,,,,2003,8.0,8.0,2003,8.0,11.0,,,,,,,,,57.1400352670416,2004-02-11,2026-09-03
2003-0594-PHL,nat-met-sto-tro,Meteorological,Storm,Tropical cyclone,Typhoon 'Nepartak' (Weng),PHL,Philippines,South-eastern Asia,Asia,Samar,,,,140.0,Kph,,,,2003,11.0,13.0,2003,11.0,14.0,13.0,,,,,,,,57.1400352670416,2026-09-02,2026-09-02
2003-0599-PRI,nat-met-sto-tro,Meteorological,Storm,Tropical cyclone,Tropical storm 'Odette',PRI,Puerto Rico,Latin America and the Caribbean,Americas,"Aguadilla, Arecibo, Bayamon, Guayama, Humacao, Mayaguez, Ponce, San Juan provinces",,"Flood|Slide (land, mud, snow, rock)",,,Kph,,,,2003,12.0,9.0,2003,12.0,9.0,,,,100.0,,,20.0,35.0,57.1400352670416,2003-12-22,2026-09-02
2002-0126-FSM,nat-met-sto-tro,Meteorological,Storm,Tropical cyclone,Typhoon 'Mitag' (Basyang),FSM,Micronesia (Federated States of),Micronesia,Oceania,Yap Island (Micronesia province),,Surge,,212.0,Kph,,,,2002,3.0,3.0,2002,3.0,3.0,,,,175.0,,,15000.0,26847.0,55.8716960740501,2005-05-09,2026-08-31
2002-0604-CUB,nat-met-sto-tro,Meteorological,Storm,Tropical cyclone,Hurricane 'Isidore',CUB,Cuba,Latin America and the Caribbean,Americas,"Isla De La Juventud, Pinar del Rio provinces",,Surge,,165.0,Kph,,,,2002,9.0,18.0,2002,9.0,18.0,,,42500.0,42500.0,1000.0,1790.0,23000.0,41166.0,55.8716960740501,2003-07-01,2026-08-31
2002-0849-GTM,nat-met-sto-tro,Meteorological,Storm,Tropical cyclone,Hurriane 'Isidore',GTM,Guatemala,Latin America and the Caribbean,Americas,"Retalhuleu, Suchitepequez, Escuintla, San Marcos provinces",,,,,Kph,,,,2002,9.0,20.0,2002,9.0,24.0,2.0,,1500.0,1500.0,,,100.0,179.0,55.8716960740501,2005-12-08,2026-08-31
2003-0258-PHL,nat-met-sto-tro,Meteorological,Storm,Tropical cyclone,Tropical storm 'Linfa' (Chedeng),PHL,Philippines,South-eastern Asia,Asia,"Benguet district (Cordillera Administrative region (CAR) province), Bataan, Bulacan, Zambales districts (Region III (Central Luzon) province), Mindoro Occidental, Romblon districts (Region IV (Southern Tagalog) province), Batangas, Cavite, Rizal districts (Region IV-A (Calabarzon) province), Iloilo district (Region VI (Western Visayas) province), National Capital region (NCR), Region I (Ilocos region) provinces",,"Flood|Slide (land, mud, snow, rock)",,110.0,Kph,,,,2003,5.0,26.0,2003,5.0,30.0,51.0,16.0,11345.0,13909.0,,,4000.0,7000.0,57.1400352670416,2004-01-29,2026-09-03
2003-0782-USA,nat-met-sto-tro,Meteorological,Storm,Tropical cyclone,Tropical storm 'Bill',USA,United States of America,Northern America,Americas,"Orleans, St. John the Baptist, Terrebonne, St. Tammany, Tangipahoa districts (Louisiana province), Hancock, Harrison, Jackson, Pike, Walthall districts (Mississippi province), Bay district (Florida province), Mobile, Baldwin, Lee districts (Alabama province), Sumter, Bulloch, Fulton, DeKalb, Cobb, Clayton, Gwinnett districts (Georgia province), Wake district (North Carolina province)",,Flood,,95.0,Kph,,,,2003,6.0,30.0,2003,6.0,30.0,4.0,4.0,,4.0,22000.0,38502.0,50000.0,87504.0,57.1400352670416,2004-03-03,2026-09-03
2003-0822-CHN,nat-met-sto-tro,Meteorological,Storm,Tropical cyclone,Tropical storm 'Koni' (Gilas),CHN,China,Eastern Asia,Asia,Hainan,,,,120.0,Kph,,,,2003,7.0,17.0,2003,7.0,18.0,,,7000.0,7000.0,,,16900.0,29576.0,57.1400352670416,2026-09-02,2026-09-02
2003-0824-PHL,nat-met-sto-tro,Meteorological,Storm,Tropical cyclone,Typhoon 'Etau' (Kabayan),PHL,Philippines,South-eastern Asia,Asia,Region III (Central Luzon) province,,,,205.0,Kph,,,,2003,8.0,4.0,2003,8.0,5.0,,,155147.0,155147.0,,,661.0,1157.0,57.1400352670416,2006-04-28,2026-09-03
2026-0415-JPN,nat-met-sto-tro,Meteorological,Storm,Tropical cyclone,Typhoon 'Bavi',JPN,Japan,Eastern Asia,Asia,Okinawa,,,,,Kph,,,,2026,7.0,10.0,2026,7.0,11.0,,,,,,,,,,2026-07-16,2026-09-10
2026-0415-MNP,nat-met-sto-tro,Meteorological,Storm,Tropical cyclone,Typhoon 'Bavi',MNP,Northern Mariana Islands,Micronesia,Oceania,Rota Isl.,,,,290.0,Kph,,,,2026,7.0,6.0,2026,7.0,6.0,,,,,,,,,,2026-07-06,2026-09-10
2003-0155-IDN,nat-met-sto-tro,Meteorological,Storm,Tropical cyclone,Tropical cyclone 'Iningo',IDN,Indonesia,South-eastern Asia,Asia,"Ende, Sikka, Kupang, Flores Timur districts (Nusatenggara Timur province)",Heavy rains,"Flood|Slide (land, mud, snow, rock)",50.0,230.0,Kph,,,,2003,3.0,31.0,2003,4.0,2.0,76.0,248.0,229300.0,229548.0,,,3961.0,6932.0,57.1400352670416,2005-04-13,2026-09-10
2026-0415-PHL,nat-met-sto-tro,Meteorological,Storm,Tropical cyclone,Typhoon 'Bavi',PHL,Philippines,South-eastern Asia,Asia,Mindanao,,"Slide (land, mud, snow, rock)",,,Kph,,,,2026,7.0,10.0,2026,7.0,10.0,36.0,,654000.0,654000.0,,,,,,2026-07-16,2026-09-10
2026-0415-TWN,nat-met-sto-tro,Meteorological,Storm,Tropical cyclone,Typhoon 'Bavi',TWN,Taiwan (Province of China),Eastern Asia,Asia,,,Flood,,173.0,Kph,,,,2026,7.0,11.0,2026,7.0,11.0,,134.0,,134.0,,,,,,2026-07-16,2026-09-10
2017-0376-MEX,nat-met-sto-tro,Meteorological,Storm,Tropical cyclone,Tropical storm 'Lidia',MEX,Mexico,Latin America and the Caribbean,Americas,"Cabo San Lucas, San Jose del Cabo (Baja California Sur), Comondu, Mulege, La Paz, Los Cabos, Loreto",,Flood,,,Kph,,,,2017,8.0,30.0,2017,9.0,2.0,20.0,,,1000.0,,,,,76.1376037057766,2017-09-05,2025-12-20
2002-0590-SYC,nat-met-sto-tro,Meteorological,Storm,Tropical cyclone,,SYC,Seychelles,Sub-Saharan Africa,Africa,"Praslin, Anse Aux Pins, Anse Boileau, Anse Etoile, Anse Royale, Au Cap, Baie Lazare, Beau Vallon, Bel Air, Belombre, Cascade, Cerf Island, Conception, English River, Glacis, Grand Anse Mahe, Les Mamelles, Mont Buxton, Mont Fleuri, Plaisance, Pointe Larue, Port Glaud, Roche Caiman, St Louis, Ste Anne, Takamaka, Therese provinces",,,20.0,120.0,Kph,,,,2002,9.0,5.0,2002,9.0,5.0,,,6800.0,6800.0,,,,,55.8716960740501,2005-04-19,2025-12-20
2003-0577-FSM,nat-met-sto-tro,Meteorological,Storm,Tropical cyclone,Typhoon 'Lupit' (Yoyoy),FSM,Micronesia (Federated States of),Micronesia,Oceania,"Ulithi Atoll, Woleai Atoll, Fais Island, Rumung Island, Yap Island areas (Micronesia province)",,,10.0,240.0,Kph,,,,2003,11.0,21.0,2003,11.0,25.0,,,,1000.0,,,1700.0,2975.0,57.1400352670416,2005-04-13,2026-09-10
2024-0671-USA,nat-met-sto-tro,Meteorological,Storm,Tropical cyclone,Tropical storm 'Francine',USA,United States of America,Northern America,Americas,"Mississippi, Louisiana, Alabama, Florida",,Flood,,148.0,Kph,,,,2024,9.0,11.0,2024,9.0,12.0,,,,,,,1300000.0,1334207.0,97.436175616134,2024-09-24,2026-09-10
2026-0415-CHN,nat-met-sto-tro,Meteorological,Storm,Tropical cyclone,Typhoon 'Bavi',CHN,China,Eastern Asia,Asia,"Zhejiang, Fujian, Anhui , iangsu provinces",,Flood,,145.0,Kph,,,,2026,7.0,11.0,2026,7.0,11.0,,,,,,,,,,2026-07-16,2026-09-10
2026-0415-GUM,nat-met-sto-tro,Meteorological,Storm,Tropical cyclone,Typhoon 'Bavi',GUM,Guam,Micronesia,Oceania,,,,,,Kph,,,,2026,7.0,6.0,2026,7.0,6.0,,4.0,,4.0,,,,,,2026-07-06,2026-09-10
2026-0529-USA,nat-met-sto-tro,Meteorological,Storm,Tropical cyclone,Hurricane 'Lala',USA,United States of America,Northern America,Americas,Grande ïle (Hawai),,"Flood|Slide (land, mud, snow, rock)",,225.0,Kph,,,,2026,8.0,16.0,2026,8.0,16.0,3.0,,300.0,300.0,,,,,,2026-08-17,2026-09-10
2015-0473-CPV,nat-met-sto-tro,Meteorological,Storm,Tropical cyclone,Hurricane 'Fred',CPV,Cabo Verde,Sub-Saharan Africa,Africa,"Boa Vista, Brava, Cima, Fogo, Ilheu Branco, Ilheu Raso, Maio, Rombo, Sal, Santa Luzia, Santiago, Santo Antao, Sao Nicolau, Sao Vicente provinces",,,,140.0,Kph,,,,2015,8.0,31.0,2015,8.0,31.0,9.0,,,,,,1100.0,1494.0,73.6208029365864,2015-10-26,2025-12-20
2004-0029-MDG,nat-met-sto-tro,Meteorological,Storm,Tropical cyclone,Cyclone 'Elita',MDG,Madagascar,Sub-Saharan Africa,Africa,"Antananarivo I, Antananarivo II, Antananarivo III, Antananarivo IV, Antananarivo V, Antananarivo VI districts (Analamanga province), Mahajanga II district (Boeny province), Fianarantsoa I district (Haute Matsiatra province), Toamasina II district (Atsinanana province), Toliary-II district (Astimo Andrefana province)",,Flood,428.0,210.0,Kph,,,,2004,1.0,26.0,2004,2.0,4.0,32.0,100.0,,44290.0,,,,,58.6698092933412,2005-10-19,2026-09-17
2004-0473-USA,nat-met-sto-tro,Meteorological,Storm,Tropical cyclone,Hurricane 'Jeanne',USA,United States of America,Northern America,Americas,Florida province,,,,,Kph,,,,2004,9.0,25.0,2004,9.0,26.0,6.0,,40000.0,40000.0,4900000.0,8351825.0,8000000.0,13635633.0,58.6698092933412,2004-10-04,2026-09-18
2004-0511-JPN,nat-met-sto-tro,Meteorological,Storm,Tropical cyclone,Typhoon 'Ma-on' (Rolly),JPN,Japan,Eastern Asia,Asia,"Tokyo, Sizuoka, Aiti provinces",,Flood,,260.0,Kph,,,,2004,10.0,3.0,2004,10.0,8.0,9.0,169.0,14388.0,14962.0,241000.0,410773.0,603000.0,1027786.0,58.6698092933412,2006-05-12,2026-09-14
2005-0419-CHN,nat-met-sto-tro,Meteorological,Storm,Tropical cyclone,Matsa (Gorio),CHN,China,Eastern Asia,Asia,"Shanghai Shi, Jiangsu Sheng, Shandong Sheng, Anhui Sheng, Zhejiang Sheng provinces",,"Rain|Slide (land, mud, snow, rock)",,165.0,Kph,,,,2005,7.0,30.0,2005,8.0,4.0,10.0,,1240000.0,1240000.0,85000.0,140125.0,850000.0,1401245.0,60.6603317527392,2007-02-21,2026-09-14
2005-0419-TWN,nat-met-sto-tro,Meteorological,Storm,Tropical cyclone,Matsa (Gorio),TWN,Taiwan (Province of China),Eastern Asia,Asia,Taiwan Sheng province,,Flood,,,Kph,,,,2005,7.0,30.0,2005,8.0,8.0,,,,,,,1000.0,1649.0,60.6603317527392,2006-10-12,2026-09-14
2004-0473-PRI,nat-met-sto-tro,Meteorological,Storm,Tropical cyclone,Hurricane 'Jeanne',PRI,Puerto Rico,Latin America and the Caribbean,Americas,"Aguadilla, Arecibo, Bayamon, Guayama, Humacao, Mayaguez, Ponce, San Juan provinces",,Flood,,130.0,Kph,,,,2004,9.0,14.0,2004,9.0,14.0,2.0,,3500.0,3500.0,30000.0,51134.0,100000.0,170445.0,58.6698092933412,2004-09-20,2026-09-18
2004-0218-PHL,nat-met-sto-tro,Meteorological,Storm,Tropical cyclone,Nida (Dindo),PHL,Philippines,South-eastern Asia,Asia,Region V (Bicol region) province,,"Rain|Slide (land, mud, snow, rock)",,260.0,Kph,,,,2004,5.0,13.0,2004,5.0,19.0,31.0,14.0,,714.0,,,1000.0,1704.0,58.6698092933412,2006-05-04,2026-09-14
2004-0258-VNM,nat-met-sto-tro,Meteorological,Storm,Tropical cyclone,Typhoon 'Chanthu' (Gener),VNM,Viet Nam,South-eastern Asia,Asia,"BinH Dinh, Da Nang City, Quang Ngai provinces",,,,65.0,Kph,,,,2004,6.0,7.0,2004,6.0,11.0,14.0,5.0,900.0,905.0,,,7000.0,11931.0,58.6698092933412,2006-05-05,2026-09-14
2004-0276-KOR,nat-met-sto-tro,Meteorological,Storm,Tropical cyclone,Typhoon 'Dianmu' (Helen),KOR,Republic of Korea,Eastern Asia,Asia,Munkyong area (Kyongsangbuk-do province),,Rain,,,Kph,,,,2004,6.0,18.0,2004,6.0,20.0,6.0,,,522.0,,,,,58.6698092933412,2004-07-02,2026-09-14
2004-0602-PHL,nat-met-sto-tro,Meteorological,Storm,Tropical cyclone,Tropical storm 'Merbok' (Violeta),PHL,Philippines,South-eastern Asia,Asia,Aurora district (Region III (Central Luzon) province),,"Flood|Slide (land, mud, snow, rock)",,65.0,Kph,,,,2004,11.0,23.0,2004,11.0,28.0,29.0,14.0,,2014.0,,,250000.0,426114.0,58.6698092933412,2005-03-09,2026-09-17
2004-0618-PHL,nat-met-sto-tro,Meteorological,Storm,Tropical cyclone,Typhoon 'Nanmadol' (Yoyong),PHL,Philippines,South-eastern Asia,Asia,"Region V (Bicol region) province, Ilocos, Cagayan Valley, Central Luzon, Calabarzonand Mimaropa, Bicol, Esatern Visayas, Metro Manila, Cordillera",,,,240.0,Kph,,,,2004,11.0,30.0,2004,12.0,3.0,70.0,77.0,287175.0,339537.0,,,34000.0,57951.0,58.6698092933412,2006-05-12,2026-09-14
2005-0611-VNM,nat-met-sto-tro,Meteorological,Storm,Tropical cyclone,Kai Tak,VNM,Viet Nam,South-eastern Asia,Asia,"Son Ha district (Quang Ngai province), Phong Dien district (Thua Thien - Hue province), Quang Nam, Quang Tri provinces",,,,,Kph,,,,2005,11.0,2.0,2005,11.0,4.0,20.0,,15000.0,15000.0,,,11000.0,18134.0,60.6603317527392,2006-04-27,2026-09-14
2006-0410-CHN,nat-met-sto-tro,Meteorological,Storm,Tropical cyclone,Typhoon 'Prapiroon' (Henry),CHN,China,Eastern Asia,Asia,"Guangdong Sheng, Guangxi Zhuangzu Zizhiqu, Hainan Sheng provinces",,"Slide (land, mud, snow, rock)",,,Kph,21.11,110.11,,2006,8.0,3.0,2006,8.0,6.0,89.0,,10000000.0,10000000.0,,,900000.0,1437305.0,62.6171947810345,2007-01-06,2026-09-14
2003-0346-CHN,nat-met-sto-tro,Meteorological,Storm,Tropical cyclone,Typhoon 'Imbudo' (Harurot),CHN,China,Eastern Asia,Asia,"Guangxi Zhuangzu Zizhiqu, Guangdong Sheng provinces",,,,,Kph,,,,2003,7.0,24.0,2003,7.0,24.0,20.0,20.0,7400000.0,7400020.0,,,100000.0,175009.0,57.1400352670416,2003-07-30,2026-09-14
2004-0309-PHL,nat-met-sto-tro,Meteorological,Storm,Tropical cyclone,Typhoon 'Mindulle' (Igme),PHL,Philippines,South-eastern Asia,Asia,"Cagayan district (Region II (Cagayan Valley) province), Ilocos Norte, La Union districts (Region I (Ilocos region) province), Autonomous region in Muslim Mindanao (ARMM), Region IX (Zamboanga Peninsula), Region X (Northern Mindanao), Region XI (Davao Region), Region XII (Soccsksargen), Region XIII (Caraga) provinces",,Flood,,230.0,Kph,,,,2004,6.0,25.0,2004,7.0,2.0,28.0,12.0,385000.0,385012.0,,,19667.0,33521.0,58.6698092933412,2006-05-05,2026-09-14
2004-0415-JAM,nat-met-sto-tro,Meteorological,Storm,Tropical cyclone,Hurricane 'Charley',JAM,Jamaica,Latin America and the Caribbean,Americas,Saint Elizabeth province,,Flood,,,Kph,,,,2004,8.0,13.0,2004,8.0,13.0,1.0,6.0,120.0,126.0,,,300000.0,511336.0,58.6698092933412,2004-08-17,2026-09-18
2004-0435-PHL,nat-met-sto-tro,Meteorological,Storm,Tropical cyclone,Typhoon 'Aere' (Marce),PHL,Philippines,South-eastern Asia,Asia,"Benguet, Ifugao districts (Cordillera Administrative region (CAR) province), La Union, Pangasinan districts (Region I (Ilocos region) province), Nueva Vizcaya district (Region II (Cagayan Valley) province), Bataan, Bulacan, Nueva Ecija, Pampanga, Tarlac, Zambales districts (Region III (Central Luzon) province), Rizal district (Region IV-A (Calabarzon) province)",,"Flood|Slide (land, mud, snow, rock)",,,Kph,,,"Agno, Pampanga, Kalaklan, Camiling, Chico, Tarlac, Sinocalan",2004,8.0,25.0,2004,8.0,26.0,35.0,,1058849.0,1058849.0,,,,,58.6698092933412,2005-03-27,2026-09-14
2004-0473-VIR,nat-met-sto-tro,Meteorological,Storm,Tropical cyclone,Hurricane 'Jeanne',VIR,United States Virgin Islands,Latin America and the Caribbean,Americas,"Saint Thomas, Saint John, Saint Croix provinces",,,,130.0,Kph,,,,2004,9.0,15.0,2004,9.0,15.0,,,,,,,,,58.6698092933412,2004-09-20,2026-09-18
2005-0419-KOR,nat-met-sto-tro,Meteorological,Storm,Tropical cyclone,Matsa (Gorio),KOR,Republic of Korea,Eastern Asia,Asia,"Cheju-do, Chollabuk-do, Chollanam-do, Chungchongbuk-do, Chungchongnam-do, Inchon, Kang-won-do, Kwangju, Kyonggi-do, Kyongsangbuk-do, Kyongsangnam-do, Pusan, Seoul, Taegu, Taejon provinces",,,,,Kph,,,,2005,8.0,2.0,2005,8.0,7.0,5.0,,,,,,500.0,824.0,60.6603317527392,2007-02-21,2026-09-14
2003-0346-PHL,nat-met-sto-tro,Meteorological,Storm,Tropical cyclone,Typhoon 'Imbudo' (Harurot),PHL,Philippines,South-eastern Asia,Asia,"Maguindanao district (Autonomous region in Muslim Mindanao (ARMM) province), North Cotabato, Sultan Kudarat districts (Region XII (Soccsksargen) province), Isabela district (Region II (Cagayan Valley) province), Ilocos Norte district (Region I (Ilocos region) province), Romblon district (Region IV (Southern Tagalog) province)",,Flood,,200.0,Kph,,,,2003,7.0,19.0,2003,7.0,23.0,21.0,,14280.0,14280.0,,,26468.0,46321.0,57.1400352670416,2004-01-29,2026-09-14
2003-0487-CAN,nat-met-sto-tro,Meteorological,Storm,Tropical cyclone,Hurricane 'Juan',CAN,Canada,Northern America,Americas,"Nova Scotia, Prince Edward Island provinces",,Flood,,143.0,Kph,,,,2003,9.0,28.0,2003,9.0,29.0,2.0,,200.0,200.0,,,110000.0,192510.0,57.1400352670416,2004-03-10,2026-09-14
2004-0029-MOZ,nat-met-sto-tro,Meteorological,Storm,Tropical cyclone,Cyclone 'Elita',MOZ,Mozambique,Sub-Saharan Africa,Africa,"Nampula, Zambezia, Sofala, and Inhambane Provinces",,,,120.0,Kph,,,,2004,1.0,28.0,2004,1.0,29.0,,,,10000.0,,,,,58.6698092933412,2026-09-17,2026-09-17
2004-0235-MMR,nat-met-sto-tro,Meteorological,Storm,Tropical cyclone,,MMR,Myanmar,South-eastern Asia,Asia,"Myebon, Sittwe, Ponnagyun, Pauktaw, Mrauk-U, Minbya areas (Sittwe district, Rakhine province), Kyaukpyu, Ann areas (Kyaukpyu district, Rakhine province)",,Flood|Surge,264.0,160.0,Kph,,,,2004,5.0,19.0,2004,5.0,19.0,236.0,,,25000.0,,,688.0,1173.0,58.6698092933412,2005-04-12,2026-09-18
2004-0448-USA,nat-met-sto-tro,Meteorological,Storm,Tropical cyclone,Hurricane 'Gaston',USA,United States of America,Northern America,Americas,"Richmond, Lynchburg, Chesterfield districts (Virginia province), South Carolina, North Carolina provinces",,Flood,,120.0,Kph,,,,2004,8.0,29.0,2004,8.0,30.0,7.0,,,,62500.0,106528.0,62500.0,106528.0,58.6698092933412,2005-03-23,2026-09-17
2004-0473-HTI,nat-met-sto-tro,Meteorological,Storm,Tropical cyclone,Hurricane 'Jeanne',HTI,Haiti,Latin America and the Caribbean,Americas,"Artibonite, Centre, Sud, Nord Ouest provinces",,"Flood|Slide (land, mud, snow, rock)",40208.0,,Kph,,,,2004,9.0,17.0,2004,9.0,18.0,2754.0,2620.0,298926.0,315594.0,,,50000.0,85223.0,58.6698092933412,2005-04-12,2026-09-18
2004-0535-TWN,nat-met-sto-tro,Meteorological,Storm,Tropical cyclone,Typhoon 'Nock-ten' (Tonyo),TWN,Taiwan (Province of China),Eastern Asia,Asia,"Juifang, Taipei areas (Taiwan Sheng province)",,Flood,,205.0,Kph,,,,2004,10.0,22.0,2004,10.0,25.0,7.0,100.0,1600.0,1700.0,,,,,58.6698092933412,2006-05-12,2026-09-14
2004-0580-VNM,nat-met-sto-tro,Meteorological,Storm,Tropical cyclone,Typhoon 'Muifa' (Unding),VNM,Viet Nam,South-eastern Asia,Asia,"Quang Ngai, Quang Nam, Thua Thien - Hue, Quang Tri, Quang Binh provinces",,"Flood|Slide (land, mud, snow, rock)",,215.0,Kph,,,,2004,11.0,26.0,2004,11.0,26.0,56.0,,500000.0,500000.0,,,23000.0,39202.0,58.6698092933412,2005-01-03,2026-09-15
2004-0618-TWN,nat-met-sto-tro,Meteorological,Storm,Tropical cyclone,Typhoon 'Nanmadol' (Yoyong),TWN,Taiwan (Province of China),Eastern Asia,Asia,Taiwan Sheng province,,,,90.0,Kph,,,,2004,12.0,4.0,2004,12.0,4.0,3.0,,,,,,20800.0,35453.0,58.6698092933412,2004-12-16,2026-09-14
2005-0120-PHL,nat-met-sto-tro,Meteorological,Storm,Tropical cyclone,Roke (Auring),PHL,Philippines,South-eastern Asia,Asia,Leyte district (Region VIII (Eastern Visayas) province),,,,120.0,Kph,,,,2005,3.0,15.0,2005,3.0,17.0,18.0,,11.0,11.0,,,,,60.6603317527392,2006-05-04,2026-09-14
2003-0114-MOZ,nat-met-sto-tro,Meteorological,Storm,Tropical cyclone,Cyclone 'Japhet',MOZ,Mozambique,Sub-Saharan Africa,Africa,"Inhambane, Sofala, Manica, Gaza provinces",,Rain,,130.0,Kph,,,,2003,3.0,3.0,2003,3.0,3.0,11.0,10.0,23000.0,23010.0,,,,,57.1400352670416,2004-02-13,2026-09-14
2003-0459-KOR,nat-met-sto-tro,Meteorological,Storm,Tropical cyclone,Typhoon 'Maemi' (Pogi),KOR,Republic of Korea,Eastern Asia,Asia,"Kyongsangbuk-do, Kyongsangnam-do, Kang-won-do, Pusan, Chollanam-do provinces",,"Flood|Slide (land, mud, snow, rock)",230.0,216.0,Kph,,,,2003,9.0,12.0,2003,9.0,12.0,130.0,,65000.0,80000.0,504000.0,882044.0,4500000.0,7875389.0,57.1400352670416,2005-04-13,2026-09-14
2004-0455-BHS,nat-met-sto-tro,Meteorological,Storm,Tropical cyclone,Hurricane 'Frances',BHS,Bahamas,Latin America and the Caribbean,Americas,"Abacos, Andros, Berry Islands, Bimini, Eleuthera, Grand Bahama, New Providence islands (Administrative unit not available)",,,,,Kph,,,,2004,9.0,2.0,2004,9.0,3.0,2.0,,8000.0,8000.0,230000.0,392024.0,1000000.0,1704454.0,58.6698092933412,2004-09-09,2026-09-14
2004-0459-RUS,nat-met-sto-tro,Meteorological,Storm,Tropical cyclone,Typhoon 'Songda' (Nina),RUS,Russian Federation,Eastern Europe,Europe,Kouriles Isl. (Sakhalinskaya Oblast province),,Transport accident,,,Kph,,,,2004,9.0,10.0,2004,9.0,10.0,3.0,,,,,,,,58.6698092933412,2004-09-10,2026-09-14
2005-0381-CHN,nat-met-sto-tro,Meteorological,Storm,Tropical cyclone,Haitang (Feria),CHN,China,Eastern Asia,Asia,"Wenzhou Shi, Pingyang Xian areas (Wenzhou district, Zhejiang Sheng province)",,Flood,,260.0,Kph,,,,2005,7.0,15.0,2005,7.0,19.0,9.0,,1000000.0,1013000.0,85000.0,140125.0,1000000.0,1648524.0,60.6603317527392,2006-05-04,2026-09-14
2005-0510-CHN,nat-met-sto-tro,Meteorological,Storm,Tropical cyclone,'Khanun',CHN,China,Eastern Asia,Asia,"Shanghai Shi, Zheijiang Sheng, Jiangsu Sheng provinces",,"Flood|Slide (land, mud, snow, rock)",,,Kph,,,,2005,9.0,11.0,2005,9.0,13.0,25.0,8.0,1350000.0,1350008.0,78000.0,128585.0,1750000.0,2884917.0,60.6603317527392,2005-12-05,2026-09-14
2006-0410-PHL,nat-met-sto-tro,Meteorological,Storm,Tropical cyclone,Typhoon 'Prapiroon' (Henry),PHL,Philippines,South-eastern Asia,Asia,Quirino district (Region II (Cagayan Valley) province),,,,,Kph,21.11,110.11,,2006,8.0,2.0,2006,8.0,6.0,6.0,,15000.0,15000.0,,,135000.0,215596.0,62.6171947810345,2007-01-06,2026-09-14
2003-0218-MDG,nat-met-sto-tro,Meteorological,Storm,Tropical cyclone,Manou,MDG,Madagascar,Sub-Saharan Africa,Africa,"Vatomandry, Brickaville districts (Atsinanana province)",,Rain,1294.0,210.0,Kph,,,,2003,5.0,8.0,2003,5.0,8.0,89.0,86.0,114500.0,162086.0,,,,,57.1400352670416,2005-04-13,2026-09-14
2003-0448-BMU,nat-met-sto-tro,Meteorological,Storm,Tropical cyclone,Fabian,BMU,Bermuda,Northern America,Americas,,,Rain,,240.0,Kph,,,,2003,9.0,5.0,2003,9.0,6.0,4.0,10.0,,10.0,125000.0,218761.0,300000.0,525026.0,57.1400352670416,2005-12-05,2026-09-14
2004-0131-BRA,nat-met-sto-tro,Meteorological,Storm,Tropical cyclone,Hurricane 'Catarina',BRA,Brazil,Latin America and the Caribbean,Americas,"Torres district (Rio Grande do Sul province), Ararangua district (Santa Catarina province)",,Surge,,150.0,Kph,,,,2004,3.0,27.0,2004,3.0,29.0,4.0,60.0,150000.0,150060.0,3000.0,5113.0,350000.0,596559.0,58.6698092933412,2005-03-08,2026-09-14
2004-0276-JPN,nat-met-sto-tro,Meteorological,Storm,Tropical cyclone,Typhoon 'Dianmu' (Helen),JPN,Japan,Eastern Asia,Asia,Murotosi district (Kooti province),,"Rain|Slide (land, mud, snow, rock)",,285.0,Kph,,,,2004,6.0,16.0,2004,6.0,19.0,6.0,56.0,700.0,756.0,,,68300.0,116414.0,58.6698092933412,2006-05-05,2026-09-14
2004-0309-TWN,nat-met-sto-tro,Meteorological,Storm,Tropical cyclone,Typhoon 'Mindulle' (Igme),TWN,Taiwan (Province of China),Eastern Asia,Asia,"Chi-Ci, Guo-hsing, Ren-ai villages (Nantou area, Taiwan Sheng province), Hoping village (Taichung area, Taiwan Sheng province)",,"Flood|Slide (land, mud, snow, rock)",,230.0,Kph,,,,2004,6.0,29.0,2004,7.0,4.0,28.0,6.0,1165.0,1171.0,,,400000.0,681782.0,58.6698092933412,2004-07-08,2026-09-15
2004-0435-JPN,nat-met-sto-tro,Meteorological,Storm,Tropical cyclone,Typhoon 'Aere' (Marce),JPN,Japan,Eastern Asia,Asia,"Kasarityoo, Nazesi, Setootityoo, Sumiyooson, Tatugootyoo, Ukenson, Yamatoson districts (Kagosima province), Okinawa province",,,,,Kph,,,,2004,8.0,23.0,2004,8.0,23.0,2.0,2.0,,2.0,,,500.0,852.0,58.6698092933412,2004-08-24,2026-09-14
2004-0459-KOR,nat-met-sto-tro,Meteorological,Storm,Tropical cyclone,Typhoon 'Songda' (Nina),KOR,Republic of Korea,Eastern Asia,Asia,"Cheju-do, Chollabuk-do, Chollanam-do, Chungchongbuk-do, Chungchongnam-do, Inchon, Kang-won-do, Kwangju, Kyonggi-do, Kyongsangbuk-do, Kyongsangnam-do, Pusan, Seoul, Taegu, Taejon provinces",,,,,Kph,,,,2004,9.0,6.0,2004,9.0,9.0,,,,,,,250000.0,426114.0,58.6698092933412,2007-02-23,2026-09-14
2004-0473-DOM,nat-met-sto-tro,Meteorological,Storm,Tropical cyclone,Hurricane 'Jeanne',DOM,Dominican Republic,Latin America and the Caribbean,Americas,"Santo Domingo, Maria Trinidad Sanches, Espaillat, Samana, Duarte, Monte Cristi, San Pedro de Macoris, El Seibo, La Romana, Azua, Hato Mayor, La Altagracia provinces",,"Flood|Slide (land, mud, snow, rock)|Surge",79.0,,Kph,,,,2004,9.0,16.0,2004,9.0,17.0,11.0,9.0,14000.0,14009.0,,,296000.0,504518.0,58.6698092933412,2005-04-12,2026-09-18
2005-0497-JPN,nat-met-sto-tro,Meteorological,Storm,Tropical cyclone,'Nabi' (Jolina),JPN,Japan,Eastern Asia,Asia,"Okinawa, Ehime, Kagawa, Kooti, Tokusima, Tookyoo provinces",,"Rain|Slide (land, mud, snow, rock)",,144.0,Kph,,,,2005,9.0,2.0,2005,9.0,4.0,32.0,140.0,270000.0,270140.0,550000.0,906688.0,1000000.0,1648524.0,60.6603317527392,2006-05-04,2026-09-14
2005-0497-KOR,nat-met-sto-tro,Meteorological,Storm,Tropical cyclone,'Nabi' (Jolina),KOR,Republic of Korea,Eastern Asia,Asia,"Ulsan, Ulleung areas (Kyongsangnam-do province), Pohang, Gyeongju areas (Kyongsangbuk-do province)",,,,,Kph,,,,2005,9.0,8.0,2005,9.0,8.0,5.0,,1100.0,1100.0,,,5000.0,8243.0,60.6603317527392,2005-09-13,2026-09-14
2004-0165-AUS,nat-met-sto-tro,Meteorological,Storm,Tropical cyclone,Fay,AUS,Australia,Australia and New Zealand,Oceania,Pilbara region (Western Australia),,Flood,,215.0,Kph,,,,2004,3.0,27.0,2004,4.0,3.0,,,250.0,250.0,,,,,58.6698092933412,2004-04-14,2026-09-15
2004-0412-CHN,nat-met-sto-tro,Meteorological,Storm,Tropical cyclone,Typhoon 'Rananim' (Karen),CHN,China,Eastern Asia,Asia,"Taizhou, Wenzhou, Ningbo, Shaoxing districts (Zheijang Sheng province)",,"Flood|Slide (land, mud, snow, rock)",,165.0,Kph,,,,2004,8.0,6.0,2004,8.0,12.0,188.0,4000.0,8590000.0,9062000.0,,,2190000.0,3732755.0,58.6698092933412,2006-05-05,2026-09-14
2004-0415-CUB,nat-met-sto-tro,Meteorological,Storm,Tropical cyclone,Hurricane 'Charley',CUB,Cuba,Latin America and the Caribbean,Americas,"La Habana, Pinar del Rio, Cienfuegos, Ciudad De La Habana, Isla De La Juventud provinces",,,120.0,220.0,Kph,,,,2004,8.0,14.0,2004,8.0,14.0,4.0,5.0,202500.0,244005.0,,,1000000.0,1704454.0,58.6698092933412,2005-04-12,2026-09-18
2004-0415-CYM,nat-met-sto-tro,Meteorological,Storm,Tropical cyclone,Hurricane 'Charley',CYM,Cayman Islands,Latin America and the Caribbean,Americas,Grand Cayman province,,Flood,,,Kph,,,,2004,8.0,13.0,2004,8.0,13.0,,,,,,,5000.0,8522.0,58.6698092933412,2004-08-17,2026-09-18
2004-0415-USA,nat-met-sto-tro,Meteorological,Storm,Tropical cyclone,Hurricane 'Charley',USA,United States of America,Northern America,Americas,"Bay, Calhoun, Escambia, Franklin, Gadsden, Gulf, Holmes, Jackson, Jefferson, Leon, Liberty, Madison, Okaloosa, Santa Rosa, Taylor, Wakulla, Walton, Washington districts (Florida province), South Carolina, North Carolina provinces",,Transport accident,,230.0,Kph,,,,2004,8.0,13.0,2004,8.0,13.0,10.0,,30000.0,30000.0,7600000.0,12953852.0,16000000.0,27271266.0,58.6698092933412,2004-08-27,2026-09-18
2004-0428-JPN,nat-met-sto-tro,Meteorological,Storm,Tropical cyclone,Typhoon 'Megi' (Lawin),JPN,Japan,Eastern Asia,Asia,"Kagawa, Ehime, Hyoogo, Kooti provinces",,,,126.0,Kph,,,,2004,8.0,17.0,2004,8.0,20.0,11.0,,8502.0,8502.0,,,500000.0,852227.0,58.6698092933412,2004-08-24,2026-09-14
2004-0455-DOM,nat-met-sto-tro,Meteorological,Storm,Tropical cyclone,Hurricane 'Frances',DOM,Dominican Republic,Latin America and the Caribbean,Americas,"Azua, Baoruco, Barahona, Dajabon, Distrito Nacional, Duarte, El Seibo, Elias Pina, Espaillat, Hato Mayor, Independencia, La Altagracia, La Romana, La Vega, Maria Trinidad Sanches, Monsenor Nouel, Monte Cristi, Monte Plata, Pedernales, Peravia, Puerto Plata, Salcedo, Samana, San Cristobal, San José de Ocoa, San Juan, San Pedro de Macoris, Sanchez Ramirez, Santiago, Santiago Rodriguez, Santo Domingo, Valverde provinces",,,,,Kph,,,,2004,9.0,2.0,2004,9.0,2.0,,,250.0,250.0,,,,,58.6698092933412,2004-09-09,2026-09-14
2004-0455-TCA,nat-met-sto-tro,Meteorological,Storm,Tropical cyclone,Hurricane 'Frances',TCA,Turks and Caicos Islands,Latin America and the Caribbean,Americas,"Grand Turk, Providenciales and West Caicos provinces",,,,,Kph,,,,2004,9.0,1.0,2004,9.0,1.0,,,200.0,200.0,,,,,58.6698092933412,2004-09-09,2026-09-14
2004-0492-JPN,nat-met-sto-tro,Meteorological,Storm,Tropical cyclone,Typhoon Meari (Quinta),JPN,Japan,Eastern Asia,Asia,"Niihama, Saizyoosi districts (Ehime province), Miyagawamura district (Mie province)",,"Flood|Slide (land, mud, snow, rock)",,220.0,Kph,,,,2004,9.0,23.0,2004,9.0,25.0,25.0,89.0,10000.0,10089.0,,,740000.0,1261296.0,58.6698092933412,2006-05-05,2026-09-14
2004-0524-JPN,nat-met-sto-tro,Meteorological,Storm,Tropical cyclone,Typhoon 'Tokage' (Siony),JPN,Japan,Eastern Asia,Asia,"Ibaraki, Kanagawa, Nagano, Toyama, Kyooto, Okayama, Tokusima, Ehime, Kagawa, Saga, Miyazaki, Okinawa provinces",,"Flood|Slide (land, mud, snow, rock)",,230.0,Kph,,,,2004,10.0,15.0,2004,10.0,19.0,89.0,342.0,84450.0,84792.0,1100000.0,1874900.0,2300000.0,3920245.0,58.6698092933412,2006-05-12,2026-09-14
2004-0580-PHL,nat-met-sto-tro,Meteorological,Storm,Tropical cyclone,Typhoon 'Muifa' (Unding),PHL,Philippines,South-eastern Asia,Asia,"Mindoro Occidental, Mindoro Oriental districts (Region IV (Southern Tagalog) province), Region IV-A (Calabarzon), Region V (Bicol region) provinces",,"Slide (land, mud, snow, rock)",,215.0,Kph,,,,2004,11.0,14.0,2004,11.0,21.0,104.0,240.0,838434.0,838674.0,,,6000.0,10227.0,58.6698092933412,2006-05-12,2026-09-14
2003-0114-ZWE,nat-met-sto-tro,Meteorological,Storm,Tropical cyclone,Cyclone 'Japhet',ZWE,Zimbabwe,Sub-Saharan Africa,Africa,"Manicaland, Masvingo, Matabeleland South provinces",,Rain,,,Kph,,,,2003,3.0,7.0,2003,3.0,7.0,8.0,,,,,,,,57.1400352670416,2003-10-03,2026-09-14
2003-0135-NCL,nat-met-sto-tro,Meteorological,Storm,Tropical cyclone,Cyclone 'Erica',NCL,New Caledonia,Melanesia,Oceania,"Noumea, Bourail areas (South region), Kone area (North region)",,,300.0,200.0,Kph,,,,2003,3.0,13.0,2003,3.0,13.0,2.0,100.0,,1100.0,,,40000.0,70003.0,57.1400352670416,2005-04-13,2026-09-14
2004-0150-FSM,nat-met-sto-tro,Meteorological,Storm,Tropical cyclone,Typhoon 'Sudal' (Cosme),FSM,Micronesia (Federated States of),Micronesia,Oceania,Yap area (Micronesia province),,Surge,7494.0,240.0,Kph,,,,2004,4.0,3.0,2004,4.0,18.0,1.0,8.0,6000.0,6008.0,,,14000.0,23862.0,58.6698092933412,2006-05-04,2026-09-15
2004-0435-CHN,nat-met-sto-tro,Meteorological,Storm,Tropical cyclone,Typhoon 'Aere' (Marce),CHN,China,Eastern Asia,Asia,"Zhejiang Sheng, Fujian Sheng provinces",,Flood,,140.0,Kph,,,,2004,8.0,20.0,2004,8.0,23.0,2.0,7.0,,41357.0,,,5000.0,8522.0,58.6698092933412,2006-05-05,2026-09-14
2004-0435-TWN,nat-met-sto-tro,Meteorological,Storm,Tropical cyclone,Typhoon 'Aere' (Marce),TWN,Taiwan (Province of China),Eastern Asia,Asia,"Hsinchu, Nantou, Taipei, Miaoli, Taichung areas (Taiwan Sheng province)",,"Flood|Slide (land, mud, snow, rock)",,130.0,Kph,,,Tansui,2004,8.0,24.0,2004,8.0,25.0,32.0,2.0,,2.0,,,5000.0,8522.0,58.6698092933412,2004-08-31,2026-09-14
2004-0455-USA,nat-met-sto-tro,Meteorological,Storm,Tropical cyclone,Hurricane 'Frances',USA,United States of America,Northern America,Americas,"Martin, Palm Beach districts (Florida province), North Carolina, South Carolina, Ohio provinces",,Rain,,,Kph,,,,2004,9.0,5.0,2004,9.0,5.0,47.0,,,,5000000.0,8522271.0,11000000.0,18748996.0,58.6698092933412,2004-10-08,2026-09-14
2004-0609-PHL,nat-met-sto-tro,Meteorological,Storm,Tropical cyclone,Tropical depression 'Winnie',PHL,Philippines,South-eastern Asia,Asia,"Real, Infanta, General Nakar areas (Quezon district, Region IV-A (Calabarzon) province), Isabela district (Region II (Cagayan Valley) province), Bulacan, Nueva Ecija, Aurora districts (Region III (Central Luzon) province), Rizal district (Region IV-A (Calabarzon) province), Camarines Sur district (Region V (Bicol region) province)",,"Flood|Slide (land, mud, snow, rock)",17278.0,55.0,Kph,,,,2004,11.0,29.0,2004,11.0,30.0,1619.0,1023.0,880000.0,881023.0,,,78200.0,133288.0,58.6698092933412,2005-07-28,2026-09-14
2005-0381-TWN,nat-met-sto-tro,Meteorological,Storm,Tropical cyclone,Haitang (Feria),TWN,Taiwan (Province of China),Eastern Asia,Asia,Hualien area (Taiwan Sheng province),,Flood,,220.0,Kph,,,,2005,7.0,18.0,2005,7.0,18.0,12.0,34.0,1500.0,1534.0,25000.0,41213.0,100000.0,164852.0,60.6603317527392,2006-05-04,2026-09-14
2003-0346-HKG,nat-met-sto-tro,Meteorological,Storm,Tropical cyclone,Typhoon 'Imbudo' (Harurot),HKG,"China, Hong Kong Special Administrative Region",Eastern Asia,Asia,Hong Kong,,Surge,,164.0,Kph,,,,2003,7.0,26.0,2003,7.0,26.0,1.0,11.0,3500.0,3511.0,,,,,57.1400352670416,2003-08-11,2026-09-14
2003-0459-JPN,nat-met-sto-tro,Meteorological,Storm,Tropical cyclone,Typhoon 'Maemi' (Pogi),JPN,Japan,Eastern Asia,Asia,Okinawa province,,,,200.0,Kph,,,,2003,9.0,12.0,2003,9.0,13.0,3.0,107.0,,4601.0,,,50000.0,87504.0,57.1400352670416,2005-12-16,2026-09-14
2004-0080-VUT,nat-met-sto-tro,Meteorological,Storm,Tropical cyclone,Tropical cyclone 'Ivy',VUT,Vanuatu,Melanesia,Oceania,"Malekula, Ambrym, Paama islands (Malampa province), Epi, Shepard islands (Shefa province), Ambae, Maevo islands (Penama province), Erromango, Tanna islands (Tafea province)",,"Rain|Slide (land, mud, snow, rock)",123.0,190.0,Kph,,,,2004,2.0,25.0,2004,2.0,27.0,2.0,8.0,54000.0,54008.0,,,3800.0,6477.0,58.6698092933412,2005-12-01,2026-09-15
2004-0258-THA,nat-met-sto-tro,Meteorological,Storm,Tropical cyclone,Typhoon 'Chanthu' (Gener),THA,Thailand,South-eastern Asia,Asia,"Phrae, Nakhon Sawan, Sukhothai, Phichit, Mae Hong Son, Tak, Nan, Phayao, Phitsanulok, Loei provinces",,Flood|Rain,,,Kph,,,,2004,6.0,4.0,2004,6.0,21.0,1.0,,4000.0,4000.0,,,,,58.6698092933412,2006-05-05,2026-09-14
2004-0428-KOR,nat-met-sto-tro,Meteorological,Storm,Tropical cyclone,Typhoon 'Megi' (Lawin),KOR,Republic of Korea,Eastern Asia,Asia,"Chollabuk-do, Chollanam-do, Kyongsangbuk-do, Kyongsangnam-do provinces",,"Flood|Slide (land, mud, snow, rock)",,75.0,Kph,,,,2004,8.0,15.0,2004,8.0,17.0,8.0,,,2400.0,,,1000.0,1704.0,58.6698092933412,2006-05-05,2026-09-14
2004-0455-PRI,nat-met-sto-tro,Meteorological,Storm,Tropical cyclone,Hurricane 'Frances',PRI,Puerto Rico,Latin America and the Caribbean,Americas,"Aguadilla, Arecibo, Bayamon, Guayama, Humacao, Mayaguez, Ponce, San Juan provinces",,,,,Kph,,,,2004,8.0,31.0,2004,8.0,31.0,,,,,,,,,58.6698092933412,2004-09-09,2026-09-14
2004-0459-JPN,nat-met-sto-tro,Meteorological,Storm,Tropical cyclone,Typhoon 'Songda' (Nina),JPN,Japan,Eastern Asia,Asia,"Hukuoka, Kagosima, Kumamoto, Miyazaki, Nagasaki, Ooita, Saga provinces",,Transport accident,,230.0,Kph,,,,2004,9.0,3.0,2004,9.0,4.0,41.0,900.0,40000.0,40900.0,4700000.0,8010935.0,9000000.0,15340087.0,58.6698092933412,2007-02-23,2026-09-14
2004-0473-BHS,nat-met-sto-tro,Meteorological,Storm,Tropical cyclone,Hurricane 'Jeanne',BHS,Bahamas,Latin America and the Caribbean,Americas,"Abaco, Andros, Berry, Bimini, Eleuthera, Exuma, Grand Bahama, New Providence Islands (Administrative unit not available)",,Flood|Surge,142.0,,Kph,,,,2004,9.0,25.0,2004,9.0,25.0,9.0,,1000.0,1000.0,,,550000.0,937450.0,58.6698092933412,2005-04-12,2026-09-18
2005-0547-USA,nat-met-sto-tro,Meteorological,Storm,Tropical cyclone,Rita,USA,United States of America,Northern America,Americas,"Louisiana, Texas, Mississippi provinces",,Flood,,280.0,Kph,,,"Vermillion, Calcasieu, Mermentau, Amite, Sabine, Neches",2005,9.0,23.0,2005,10.0,1.0,10.0,,300000.0,300000.0,11300000.0,18628319.0,16000000.0,26376381.0,60.6603317527392,2006-03-16,2025-12-20
2026-0082-MOZ,nat-met-sto-tro,Meteorological,Storm,Tropical cyclone,Cyclone 'Gezani',MOZ,Mozambique,Sub-Saharan Africa,Africa,,,,,215.0,Kph,,,,2026,2.0,14.0,2026,2.0,15.0,4.0,5.0,6165.0,6170.0,,,,,,2026-02-16,2026-02-25
2022-0647-COL,nat-met-sto-tro,Meteorological,Storm,Tropical cyclone,Hurricane 'Julia',COL,Colombia,Latin America and the Caribbean,Americas,San Andrés and Providencia Archipelago,,,,,Kph,,,,2022,10.0,9.0,2022,10.0,10.0,,2.0,5000.0,5002.0,,,,,90.9026974595266,2022-10-11,2026-02-11
2022-0647-HND,nat-met-sto-tro,Meteorological,Storm,Tropical cyclone,Hurricane 'Julia',HND,Honduras,Latin America and the Caribbean,Americas,,,,,,Kph,,,,2022,10.0,9.0,2022,10.0,9.0,5.0,,144000.0,144000.0,,,,,90.9026974595266,2022-10-10,2023-09-26
2026-0082-MDG,nat-met-sto-tro,Meteorological,Storm,Tropical cyclone,Cyclone 'Gezani',MDG,Madagascar,Sub-Saharan Africa,Africa,"Toamasina, Atsinanana, Analamanga, Analanjirofo, Itasy, and Alaotra-Mangoro.",,Flood,,250.0,Kph,,,,2026,2.0,10.0,2026,2.0,10.0,71.0,804.0,478000.0,478804.0,,,142000.0,,,2026-02-11,2026-03-23
2026-0234-NZL,nat-met-sto-tro,Meteorological,Storm,Tropical cyclone,Tropical cyclone 'Vaianu',NZL,New Zealand,Australia and New Zealand,Oceania,"Whakatāne, Ōhope, and Thornton communities (Bay of Plenty)",,Flood,,,Kph,,,,2026,4.0,12.0,2026,4.0,12.0,,,,,,,,,,2026-04-17,2026-04-28
2026-0233-SLB,nat-met-sto-tro,Meteorological,Storm,Tropical cyclone,Tropical cyclone 'Maila',SLB,Solomon Islands,Melanesia,Oceania,"Choiseul, Western, Isabel, Guadalcanal and Central provinces",,,,185.0,Kph,,,,2026,4.0,9.0,2026,4.0,9.0,8.0,,340641.0,340641.0,,,,,,2026-04-09,2026-04-28
2019-0642-FJI,nat-met-sto-tro,Meteorological,Storm,Tropical cyclone,Tropical cyclone 'Sarai',FJI,Fiji,Melanesia,Oceania,"Ba, Nadroga, Lau, Kadavu",,,,,Kph,,,,2019,12.0,26.0,2019,12.0,26.0,1.0,,7780.0,7780.0,,,,,79.4107846043372,2020-01-03,2025-12-20
2020-0312-PRI,nat-met-sto-tro,Meteorological,Storm,Tropical cyclone,Hurricane 'Isaias',PRI,Puerto Rico,Latin America and the Caribbean,Americas,"Yauco, Jayuya, Mayagüez cities",,,,,Kph,,,,2020,8.0,2.0,2020,8.0,2.0,1.0,,,,,,59800.0,74387.0,80.3903830082114,2021-01-07,2025-12-20
2020-0462-VNM,nat-met-sto-tro,Meteorological,Storm,Tropical cyclone,Tropical storm 'Noul' (Leon),VNM,Viet Nam,South-eastern Asia,Asia,Da Nang,,,,85.0,Kph,,,,2020,9.0,18.0,2020,9.0,21.0,6.0,,125000.0,125000.0,,,33000.0,41050.0,80.3903830082114,2020-10-21,2025-12-20
2019-0549-VNM,nat-met-sto-tro,Meteorological,Storm,Tropical cyclone,Tropical cyclone 'Nakri',VNM,Viet Nam,South-eastern Asia,Asia,"Phu Yen, Binh Dinh Provinces",,Flood,,,Kph,,,,2019,11.0,12.0,2019,11.0,13.0,3.0,,2150.0,2150.0,,,4000.0,5037.0,79.4107846043372,2019-11-19,2025-12-20
2019-0549-PHL,nat-met-sto-tro,Meteorological,Storm,Tropical cyclone,Tropical cyclone 'Nakri',PHL,Philippines,South-eastern Asia,Asia,"Cagayan province, north Luzon Island",,,,,Kph,,,,2019,11.0,10.0,2019,11.0,10.0,19.0,3.0,670.0,673.0,,,36000.0,45334.0,79.4107846043372,2019-11-19,2025-12-20
2019-0541-PHL,nat-met-sto-tro,Meteorological,Storm,Tropical cyclone,Tropical cyclone 'Kalmaegi' (Ramon),PHL,Philippines,South-eastern Asia,Asia,"Romblon Province (Mimaropa region), Camarines Sur Province (Bicol Region)",,"Flood|Slide (land, mud, snow, rock)",,110.0,Kph,,,,2019,11.0,17.0,2019,11.0,17.0,,,3000.0,3000.0,,,,,79.4107846043372,2019-11-19,2025-12-20
2020-0376-DOM,nat-met-sto-tro,Meteorological,Storm,Tropical cyclone,Hurricane 'Laura',DOM,Dominican Republic,Latin America and the Caribbean,Americas,,,,,,Kph,,,,2020,8.0,26.0,2020,8.0,27.0,4.0,,10000.0,10000.0,,,,,80.3903830082114,2020-08-27,2025-12-20
2020-0411-LAO,nat-met-sto-tro,Meteorological,Storm,Tropical cyclone,Tropical storm Linfa,LAO,Lao People's Democratic Republic,South-eastern Asia,Asia,"Savannakhet, Salawan, Sekong provinces",,Flood,,,Kph,,,,2020,10.0,6.0,2020,10.0,20.0,2.0,,69764.0,69764.0,,,,,80.3903830082114,2020-10-13,2025-12-20
2020-0474-MEX,nat-met-sto-tro,Meteorological,Storm,Tropical cyclone,Hurricane 'Eta',MEX,Mexico,Latin America and the Caribbean,Americas,"Chiapas, San Cristobal de Las Casas, Tabasco",,,,,Kph,,,,2020,11.0,2.0,2020,11.0,4.0,31.0,,,,,,,,80.3903830082114,2021-01-13,2025-12-20
2020-0474-NIC,nat-met-sto-tro,Meteorological,Storm,Tropical cyclone,Hurricane 'Eta',NIC,Nicaragua,Latin America and the Caribbean,Americas,"Bonanza Municipality, Bilwi, Jinotega, Yali, Wiwili, Ocotal.",,"Flood|Slide (land, mud, snow, rock)",,240.0,Kph,,,,2020,11.0,3.0,2020,11.0,4.0,2.0,,30000.0,30000.0,,,178000.0,221420.0,80.3903830082114,2020-11-04,2025-12-20
2020-0474-USA,nat-met-sto-tro,Meteorological,Storm,Tropical cyclone,Hurricane 'Eta',USA,United States of America,Northern America,Americas,"Florida, North Carolina, Virginia",,Flood|Surge,,100.0,Kph,,,,2020,11.0,8.0,2020,11.0,12.0,12.0,,,,,,1500000.0,1865895.0,80.3903830082114,2020-12-10,2025-12-20
2020-0483-USA,nat-met-sto-tro,Meteorological,Storm,Tropical cyclone,Hurricane 'Zeta',USA,United States of America,Northern America,Americas,"Louisiana, Mississippi, Alabama, northern Georgia, south and North Carolinas",,Surge,,175.0,Kph,,,,2020,10.0,24.0,2020,10.0,30.0,6.0,,,,,,3500000.0,4353755.0,80.3903830082114,2020-11-20,2025-12-20
2019-0443-JPN,nat-met-sto-tro,Meteorological,Storm,Tropical cyclone,Tropical storm 'Tapah',JPN,Japan,Eastern Asia,Asia,"Okinawa, Miyazaki Prefectures",,,,,Kph,,,,2019,9.0,24.0,2019,9.0,24.0,,21.0,2000.0,2021.0,,,,,79.4107846043372,2019-09-24,2025-12-20
2020-0495-COL,nat-met-sto-tro,Meteorological,Storm,Tropical cyclone,Hurricane 'Iota',COL,Colombia,Latin America and the Caribbean,Americas,"San Andre, Providencia Islands (Caribbean Sea), Bolivar, Choco, Guajira, Santa Catalina, Sucre, Atlántico, Magdalena,La Guajira Departments",,"Flood|Slide (land, mud, snow, rock)",,,Kph,,,,2020,11.0,14.0,2020,11.0,17.0,23.0,,228000.0,228000.0,,,100000.0,124393.0,80.3903830082114,2021-01-05,2025-12-20
2020-0495-GTM,nat-met-sto-tro,Meteorological,Storm,Tropical cyclone,Hurricane 'Iota',GTM,Guatemala,Latin America and the Caribbean,Americas,"Alta Verapaz, Baja Verapaz, Izabal, Chiquimula, Quiché, Zacapa departments",,,,,Kph,,,,2020,11.0,17.0,2020,11.0,17.0,2.0,,131298.0,131298.0,,,,,80.3903830082114,2020-11-25,2025-12-20
2020-0501-PHL,nat-met-sto-tro,Meteorological,Storm,Tropical cyclone,Tyhoon 'Ulysses' (Vamco),PHL,Philippines,South-eastern Asia,Asia,"National Capital Region, Quezon, Rizal province",,"Flood|Slide (land, mud, snow, rock)",,155.0,Kph,,,,2020,11.0,11.0,2020,11.0,12.0,111.0,85.0,514824.0,514909.0,,,421000.0,523694.0,80.3903830082114,2020-11-24,2025-12-20
2019-0424-CHN,nat-met-sto-tro,Meteorological,Storm,Tropical cyclone,Tropical cyclone 'Lingling',CHN,China,Eastern Asia,Asia,,,,,,Kph,,,,2019,9.0,5.0,2019,9.0,8.0,,,,,,,131000.0,164965.0,79.4107846043372,2019-10-28,2023-09-25
2020-0542-VNM,nat-met-sto-tro,Meteorological,Storm,Tropical cyclone,Tropical storm 'Etau' (Tonyo),VNM,Viet Nam,South-eastern Asia,Asia,"Quang Nam, Bình Dinh, Khánh Hòa, Phú Yên",,Flood,,85.0,Kph,,,,2020,11.0,10.0,2020,11.0,10.0,2.0,,5000.0,5000.0,,,5260.0,6543.0,80.3903830082114,2020-12-10,2025-12-20
2019-0412-BHS,nat-met-sto-tro,Meteorological,Storm,Tropical cyclone,Tropical cyclone 'Dorian',BHS,Bahamas,Latin America and the Caribbean,Americas,"Great Abaco, Grand Bahama",,,,298.0,Kph,,,,2019,9.0,1.0,2019,9.0,4.0,356.0,,14940.0,14940.0,,,3400000.0,4281534.0,79.4107846043372,2019-09-17,2025-12-20
2021-0125-NCL,nat-met-sto-tro,Meteorological,Storm,Tropical cyclone,Tropial cylone 'Niran',NCL,New Caledonia,Melanesia,Oceania,,,,,,Kph,,,,2021,3.0,5.0,2021,3.0,7.0,,,,,,,,,84.1669829572524,2021-04-12,2025-12-20
2020-0554-FJI,nat-met-sto-tro,Meteorological,Storm,Tropical cyclone,Cyclone 'Yasa',FJI,Fiji,Melanesia,Oceania,"Lau group, Vanua Levu, Taveuni, Kadavu",,"Flood|Slide (land, mud, snow, rock)",,,Kph,,,,2020,12.0,17.0,2020,12.0,18.0,5.0,,22000.0,22000.0,,,1120.0,1393.0,80.3903830082114,2020-12-18,2025-12-20
2021-0173-TLS,nat-met-sto-tro,Meteorological,Storm,Tropical cyclone,Tropical cyclone 'Seroja-21',TLS,Timor-Leste,South-eastern Asia,Asia,"Dili, Aileu, Ainaro, Baucau, Bobonaro, Covalima, Liquica, Manatuto, Oecusse, Viqueque",,"Flood|Slide (land, mud, snow, rock)",,102.0,Kph,,,,2021,4.0,5.0,2021,4.0,6.0,41.0,,143670.0,143670.0,,,,,84.1669829572524,2021-04-08,2025-12-20
2021-0252-MDV,nat-met-sto-tro,Meteorological,Storm,Tropical cyclone,Tropical cyclone 'Tauktae',MDV,Maldives,Southern Asia,Asia,,,,,,Kph,,,,2021,5.0,16.0,2021,5.0,17.0,,,1320.0,1320.0,,,,,84.1669829572524,2021-05-17,2025-06-25
2019-0165-COM,nat-met-sto-tro,Meteorological,Storm,Tropical cyclone,Cyclone 'Kenneth',COM,Comoros,Sub-Saharan Africa,Africa,"Grande Comore, Moheli, Anjouan islands",,Flood,,185.0,Kph,,,,2019,4.0,24.0,2019,4.0,25.0,8.0,180.0,345131.0,345311.0,,,,,79.4107846043372,2019-05-06,2025-12-20
2019-0164-IND,nat-met-sto-tro,Meteorological,Storm,Tropical cyclone,Cyclone 'Fani',IND,India,Southern Asia,Asia,Odisha province,,,,,Kph,,,,2019,5.0,3.0,2019,5.0,3.0,50.0,,20000000.0,20000000.0,,,1810000.0,2279287.0,79.4107846043372,2019-05-06,2025-12-20
2019-0124-FSM,nat-met-sto-tro,Meteorological,Storm,Tropical cyclone,Cyclone 'Wutip',FSM,Micronesia (Federated States of),Micronesia,Oceania,"Chuuk, Pohnpei, Yap Isl.",,,,100.0,Kph,,,,2019,2.0,19.0,2019,2.0,22.0,,,10000.0,10000.0,,,,,79.4107846043372,2019-03-25,2025-12-20
2021-0325-MEX,nat-met-sto-tro,Meteorological,Storm,Tropical cyclone,Tropical storm 'Dolores',MEX,Mexico,Latin America and the Caribbean,Americas,"Yage municipality (Central Valley Region, Oaxaca State); Guerrero, Michoacán, Colima, and Jalisco states",,"Lightening|Slide (land, mud, snow, rock)",,,Kph,,,,2021,6.0,18.0,2021,6.0,20.0,3.0,,600.0,600.0,,,50000.0,59406.0,84.1669829572524,2021-06-22,2025-12-20
2021-0373-BRB,nat-met-sto-tro,Meteorological,Storm,Tropical cyclone,Hurricane 'Elsa',BRB,Barbados,Latin America and the Caribbean,Americas,Southern portions of Barbados,,,,,Kph,,,,2021,7.0,3.0,2021,7.0,3.0,,,3114.0,3300.0,,,,,84.1669829572524,2021-07-05,2025-12-20
2021-0373-DOM,nat-met-sto-tro,Meteorological,Storm,Tropical cyclone,Hurricane 'Elsa',DOM,Dominican Republic,Latin America and the Caribbean,Americas,Bahoruco region,,,,,Kph,,,,2021,7.0,3.0,2021,7.0,3.0,2.0,,153.0,153.0,,,,,84.1669829572524,2021-07-05,2025-12-20
2021-0373-HTI,nat-met-sto-tro,Meteorological,Storm,Tropical cyclone,Hurricane 'Elsa',HTI,Haiti,Latin America and the Caribbean,Americas,"Sud-Est, Sud, Ouest, Nippes, Grande-Anse departments",,,,,Kph,,,,2021,7.0,3.0,2021,7.0,3.0,,3.0,,3.0,,,,,84.1669829572524,2021-07-07,2025-12-20
2019-0110-ZWE,nat-met-sto-tro,Meteorological,Storm,Tropical cyclone,Cyclone 'Idai',ZWE,Zimbabwe,Sub-Saharan Africa,Africa,"Chikomba, Mudzi, Mutoko, UMP districts (Mash East pronvince); Chipinge, Chimanimani, Buhera, Mutare (Manicaland); Gutu, Bikita, Zaka, Masvingo (Masvingo); Murambinda, Nyanga, Mutasa, Checheche, Biriwiri, Chibuwe, Chakohwa, Nyanyadzi, Berzely Bridge, Mutimurefu, Ngundu, , Mutasa",,Flood,,,Kph,,,,2019,3.0,14.0,2019,3.0,14.0,628.0,186.0,270000.0,270186.0,,,,,79.4107846043372,2019-03-18,2025-12-20
2021-0373-VCT,nat-met-sto-tro,Meteorological,Storm,Tropical cyclone,Hurricane 'Elsa',VCT,Saint Vincent and the Grenadines,Latin America and the Caribbean,Americas,Northern half of St. Vincent,,,,,Kph,,,,2021,7.0,2.0,2021,7.0,3.0,,,129.0,129.0,,,,,84.1669829572524,2021-07-20,2025-12-20
2018-0484-VNM,nat-met-sto-tro,Meteorological,Storm,Tropical cyclone,Tropical depression 'Toraji',VNM,Viet Nam,South-eastern Asia,Asia,Khanh Hoa province,,,,,Kph,,,,2018,11.0,17.0,2018,11.0,18.0,19.0,28.0,10000.0,10028.0,,,17200.0,22052.0,77.9972651879547,2019-03-22,2025-12-20
2018-0399-PHL,nat-met-sto-tro,Meteorological,Storm,Tropical cyclone,Typhoon 'Yutu' (Rosita),PHL,Philippines,South-eastern Asia,Asia,"Ilocos norte, Ilocos Sur, la Union, Pangasinan (Region 1 - Ilocos); Cagayan, Isabela, Nueva Vizcaya, Quirino (Region II - Cagayan Valley); Aurora, Nueva Ecija, Tarlac, Zambales (Region III - Central Luzon); Northern Samar (REgion VIII - Eastern Visayas); Abra, Apayao, Benguet, Ifugao, Kalinga, Mountain province (CAR)",,"Slide (land, mud, snow, rock)",,210.0,Kph,,,,2018,10.0,30.0,2018,10.0,30.0,12.0,2.0,253298.0,253300.0,,,305000.0,391039.0,77.9972651879547,2018-11-05,2026-03-13
2018-0394-YEM,nat-met-sto-tro,Meteorological,Storm,Tropical cyclone,Cyclone 'Luban',YEM,Yemen,Western Asia,Asia,Al Maharah governorate,,Flood,,,Kph,,,,2018,10.0,14.0,2018,10.0,15.0,25.0,124.0,15000.0,15124.0,,,,,77.9972651879547,2018-10-22,2025-12-20
2018-0385-IND,nat-met-sto-tro,Meteorological,Storm,Tropical cyclone,Tropical storm 'Titli',IND,India,Southern Asia,Asia,"Mandasa, Godalpur, Gajapati, Ganjam, Rayagada, Puri, Kandhamal (Andhra Pradesh & Odisha)",,Flood|Surge,,126.0,Kph,,,,2018,10.0,11.0,2018,10.0,12.0,85.0,200.0,300000.0,300200.0,,,920000.0,1179529.0,77.9972651879547,2018-10-17,2025-12-20
2021-0510-DOM,nat-met-sto-tro,Meteorological,Storm,Tropical cyclone,Tropical cyclone 'Fred',DOM,Dominican Republic,Latin America and the Caribbean,Americas,,,,,,Kph,,,,2021,8.0,12.0,2021,8.0,13.0,,,4025.0,4025.0,,,,,84.1669829572524,2021-08-13,2023-09-25
2021-0531-USA,nat-met-sto-tro,Meteorological,Storm,Tropical cyclone,Tropical depression 'Henri',USA,United States of America,Northern America,Americas,"Rhode Isl., Connecticut, Vermont, New York, New Jersey states",,Flood,,120.0,Kph,,,,2021,8.0,20.0,2021,8.0,25.0,,,86.0,86.0,,,550000.0,653463.0,84.1669829572524,2021-08-23,2025-12-20
2021-0532-USA,nat-met-sto-tro,Meteorological,Storm,Tropical cyclone,Tropical storm 'Fred',USA,United States of America,Northern America,Americas,"Transylvania, Haywood, Swain counties (North Carolina); Florida","Heavy rains, remnants of tropical storm Fred",Flood,,,Kph,,,Pigeon river,2021,8.0,17.0,2021,8.0,22.0,7.0,,105.0,105.0,,,1300000.0,1544549.0,84.1669829572524,2021-08-23,2025-12-20
2021-0552-MEX,nat-met-sto-tro,Meteorological,Storm,Tropical cyclone,Tropical cylone 'Nora',MEX,Mexico,Latin America and the Caribbean,Americas,"Michoacan, Colima and Jalisco States",,"Flood|Slide (land, mud, snow, rock)",,110.0,Kph,,,,2021,8.0,28.0,2021,8.0,30.0,2.0,3.0,1500.0,1503.0,,,100000.0,118811.0,84.1669829572524,2021-08-30,2025-12-20
2018-0347-PHL,nat-met-sto-tro,Meteorological,Storm,Tropical cyclone,Tropical Storm Yagi,PHL,Philippines,South-eastern Asia,Asia,"I, III, CAR, NCR, and CALABARZON",,,,,Kph,,,,2018,9.0,19.0,2018,9.0,19.0,5.0,,1709511.0,1709511.0,,,19000.0,24360.0,77.9972651879547,2018-09-19,2025-12-20
2018-0341-HKG,nat-met-sto-tro,Meteorological,Storm,Tropical cyclone,Typhoon Mangkut (Ompong),HKG,"China, Hong Kong Special Administrative Region",Eastern Asia,Asia,,,,,240.0,Kph,,,,2018,9.0,17.0,2018,9.0,17.0,,300.0,,300.0,,,,,77.9972651879547,2018-09-18,2025-12-20
2021-0595-VNM,nat-met-sto-tro,Meteorological,Storm,Tropical cyclone,Tropical cyclone 'Conson' (Jolina),VNM,Viet Nam,South-eastern Asia,Asia,,,,,,Kph,,,,2021,9.0,12.0,2021,9.0,12.0,2.0,,310.0,310.0,,,,,84.1669829572524,2021-09-17,2025-06-25
2018-0313-TWN,nat-met-sto-tro,Meteorological,Storm,Tropical cyclone,,TWN,Taiwan (Province of China),Eastern Asia,Asia,"Chiayi, Kaohsiung, Tainan counties",,Flood,,,Kph,,,,2018,8.0,23.0,2018,8.0,26.0,7.0,140.0,6000.0,6140.0,,,34000.0,43591.0,77.9972651879547,2018-08-27,2025-12-20
2018-0309-PRK,nat-met-sto-tro,Meteorological,Storm,Tropical cyclone,Typhoon 'Soulik',PRK,Democratic People's Republic of Korea,Eastern Asia,Asia,"Kangwon, South Hamgyong provinces",,Flood,,,Kph,,,,2018,8.0,23.0,2018,8.0,24.0,86.0,,58143.0,58143.0,,,4640.0,5949.0,77.9972651879547,2018-08-24,2025-12-20
2021-0630-IND,nat-met-sto-tro,Meteorological,Storm,Tropical cyclone,Cyclone 'Gulab',IND,India,Southern Asia,Asia,"Srikakulam, Vizianagaram, Visakhapatnam, Kalingapatnam , Nizamabad, Hyderabad districts (Andhra Pradesh); Koraput, Malkangiri districts (Odisha); Aurangabad, Latur, Osmanabad, Parbhani, Nanded, Beed, Jalna, Hingoli districts (Maharashtra)",,,,90.0,Kph,,,,2021,9.0,26.0,2021,9.0,29.0,20.0,,,,,,,,84.1669829572524,2021-09-29,2025-12-20
2021-0645-IRN,nat-met-sto-tro,Meteorological,Storm,Tropical cyclone,Cyclone 'Shaheen',IRN,Iran (Islamic Republic of),Southern Asia,Asia,Chabahar City (south Sistan-Baluchestan Province),,,,,Kph,,,,2021,10.0,1.0,2021,10.0,3.0,2.0,122.0,,122.0,,,,,84.1669829572524,2021-10-05,2025-12-20
2021-0664-PHL,nat-met-sto-tro,Meteorological,Storm,Tropical cyclone,Tropical cyclone 'Lionrock' (Lannie),PHL,Philippines,South-eastern Asia,Asia,"MIMAROPA and Western Visayas Regions, Capiz, Guimaras, Iloilo (Region VI)",,"Flood|Slide (land, mud, snow, rock)",,,Kph,,,,2021,10.0,4.0,2021,10.0,6.0,3.0,,8048.0,8048.0,,,240.0,285.0,84.1669829572524,2021-10-11,2025-12-20
2018-0227-LAO,nat-met-sto-tro,Meteorological,Storm,Tropical cyclone,Tyhoon 'Son Tinh',LAO,Lao People's Democratic Republic,South-eastern Asia,Asia,13 villages across Sanamxay district,,Flood,,,Kph,,,,2018,7.0,18.0,2018,7.0,19.0,,,120000.0,120000.0,,,,,77.9972651879547,2018-08-24,2025-12-20
2018-0194-FJI,nat-met-sto-tro,Meteorological,Storm,Tropical cyclone,Tropical cyclone 'Keni',FJI,Fiji,Melanesia,Oceania,"Sigatoka, Nadi, Lautoka, Ba, Tavua, Rakiraki, Nalawa, Labasa, Suva- Kadavu, Levuka, Savusavu",,,,,Kph,,,,2018,4.0,9.0,2018,4.0,11.0,,,89250.0,89250.0,,,50000.0,64105.0,77.9972651879547,2018-07-12,2025-12-20
2018-0170-USA,nat-met-sto-tro,Meteorological,Storm,Tropical cyclone,Tropical storm 'Alberto',USA,United States of America,Northern America,Americas,Southeast,,,,,Kph,,,,2018,5.0,27.0,2018,5.0,30.0,5.0,,,,,,125000.0,160262.0,77.9972651879547,2019-03-12,2025-12-20
2021-0777-IND,nat-met-sto-tro,Meteorological,Storm,Tropical cyclone,Tropical storm 'Jawad',IND,India,Southern Asia,Asia,"Andhra Pradesh, Odisha, south-western West Bengal, Tripura",,,,100.0,Kph,,,,2021,12.0,4.0,2021,12.0,6.0,5.0,400.0,1650.0,2050.0,,,,,84.1669829572524,2021-12-06,2025-12-20
2018-0042-TON,nat-met-sto-tro,Meteorological,Storm,Tropical cyclone,Cyclone Gita,TON,Tonga,Polynesia,Oceania,"Tongatapu, Ha’apai and Eua islands",,Flood,,285.0,Kph,,,,2018,2.0,12.0,2018,2.0,13.0,,,87000.0,87000.0,,,,,77.9972651879547,2018-02-20,2025-12-20
2018-0029-REU,nat-met-sto-tro,Meteorological,Storm,Tropical cyclone,Tropical storm 'Berguitta',REU,Réunion,Sub-Saharan Africa,Africa,Saint-Pierre,,Flood,,,Kph,,,River D’Abord,2018,1.0,18.0,2018,1.0,18.0,,,200.0,200.0,,,,,77.9972651879547,2018-09-24,2025-12-20
2022-0013-FJI,nat-met-sto-tro,Meteorological,Storm,Tropical cyclone,Tropical storm 'Cody',FJI,Fiji,Melanesia,Oceania,"Tavua Town, Nadi City (Viti Levu)",,Flood,,74.0,Kph,,,,2022,1.0,8.0,2022,1.0,11.0,1.0,,69564.0,69564.0,,,25000.0,27502.0,90.9026974595266,2022-01-12,2025-12-20
2018-0008-MDG,nat-met-sto-tro,Meteorological,Storm,Tropical cyclone,Cyclone 'Ava',MDG,Madagascar,Sub-Saharan Africa,Africa,"Antananarivo Atsimondrano, Antananarivo Avaradrano, Antananarivo Renivohitra (Analamanga); Fenerive Eet, Manama, Maroantsetra, Sainte Marie, Soanierana Ivongo (Analanjirofo), Befotaka, Faraganga, Vaingaindrano (Astimo Atsinanana); Antanamabo Manampotsy, Brickaville, Mahanoro, Toasmasina I et II, Vatomandry (Atsinanana); Mahanja (Boeny); Miandrivazo (Menabe); Ambohimahaso (Haute Matsiatra); Antalaha, Sambava, Andapa, Vohemar (SAVA); Mampikony (Sofia); Ifanadiana, Manakara, Mananjary, Nosy Varika, Vohipeno (Vatovavy Fitovanmay)",,"Flood|Slide (land, mud, snow, rock)",,165.0,Kph,,,,2018,1.0,5.0,2018,1.0,8.0,73.0,,161318.0,161318.0,,,,,77.9972651879547,2018-01-15,2023-09-25
2022-0061-MUS,nat-met-sto-tro,Meteorological,Storm,Tropical cyclone,Cyclone 'Batsirai',MUS,Mauritius,Sub-Saharan Africa,Africa,,,,,151.0,Kph,,,,2022,2.0,2.0,2022,2.0,2.0,1.0,,139.0,139.0,,,,,90.9026974595266,2022-02-09,2025-06-25
2022-0061-REU,nat-met-sto-tro,Meteorological,Storm,Tropical cyclone,Cyclone 'Batsirai',REU,Réunion,Sub-Saharan Africa,Africa,,,,,,Kph,,,,2022,2.0,5.0,2022,2.0,6.0,,13.0,,13.0,,,,,90.9026974595266,2022-02-09,2025-06-25
2017-0432-PHL,nat-met-sto-tro,Meteorological,Storm,Tropical cyclone,Typhoon 'Lan'/'Paolo',PHL,Philippines,South-eastern Asia,Asia,"Mimaropa (Puerto Princesa City, Palawan), Western Visayas (Negros occidental), Central Visayas (Negros oriental, Siquijor), Zamboanga peninsula (Zamboanga city, Zamboanga del Norte, Zamboanga del Sur, Zamboanga del Sibugay), Caraga (Agusan del Norte), the Autonomous Region of Muslim Mindanao (Maguindanao), Soccksargen (Sultan Kudarat) regions",,Flood|Storm,,250.0,Kph,,,,2017,10.0,18.0,2017,10.0,20.0,9.0,,163349.0,163349.0,,,3400.0,4466.0,76.1376037057766,2017-11-21,2025-12-20
2022-0137-MDG,nat-met-sto-tro,Meteorological,Storm,Tropical cyclone,Tropical cyclone 'Gombe',MDG,Madagascar,Sub-Saharan Africa,Africa,"Maroantsetra (Analanjirofo Region), Antalaha Towns (Sava Region), Toamasina and Mahajanga Provinces",,,,90.0,Kph,,,,2022,3.0,11.0,2022,3.0,12.0,2.0,,900.0,900.0,,,,,90.9026974595266,2022-03-16,2026-02-10
2022-0239-MDG,nat-met-sto-tro,Meteorological,Storm,Tropical cyclone,Tropical storm 'Jasmine',MDG,Madagascar,Sub-Saharan Africa,Africa,"Toliara I, Toliara II, Morombe, Sakaraha, Betioky Atsimo, Ankazoabo, Benenitra and Ampanihy",,,,53.0,Kph,,,,2022,4.0,26.0,2022,4.0,27.0,12.0,,4800.0,4800.0,,,,,90.9026974595266,2022-04-27,2025-12-20
2017-0383-VIR,nat-met-sto-tro,Meteorological,Storm,Tropical cyclone,Hurricane 'Maria',VIR,United States Virgin Islands,Latin America and the Caribbean,Americas,"St Thomas, St John, St Croix, Water Island (St Thomas), Estate Frenchman's Bay",,"Flood|Slide (land, mud, snow, rock)",,,Kph,,,,2017,9.0,20.0,2017,9.0,20.0,3.0,,,,,,,,76.1376037057766,2017-09-29,2025-12-20
2017-0383-VGB,nat-met-sto-tro,Meteorological,Storm,Tropical cyclone,Hurricane 'Maria',VGB,British Virgin Islands,Latin America and the Caribbean,Americas,,,,,,Kph,,,,2017,9.0,20.0,2017,9.0,20.0,,,,,,,,,76.1376037057766,2018-04-05,2025-12-20
2017-0383-PRI,nat-met-sto-tro,Meteorological,Storm,Tropical cyclone,Hurricane 'Maria',PRI,Puerto Rico,Latin America and the Caribbean,Americas,"Humacao town, San Juan, Bayamon, Guajataca (north-west), Tao Baja, Culebra island, Vieques,Naguabo, Fajardo , Juncos, San Lorenzo, Ceiba cities (Humacao), Arecibo, Yabucoa Caguas towns (Guyama), Cataño (Bayamon), Aguada (Aguadilla)",,Broken Dam/Burst bank|Flood,,240.0,Kph,,,"Rio Guajataca, Rio Culebrinas, Rio Gurabo, Rio Grande de Manati, Rio Cibuco, Rio Guanajibo",2017,9.0,19.0,2017,9.0,21.0,64.0,,540000.0,750000.0,30000000.0,39402343.0,68000000.0,89311978.0,76.1376037057766,2017-09-21,2025-12-20
2017-0383-GLP,nat-met-sto-tro,Meteorological,Storm,Tropical cyclone,Hurricane 'Maria',GLP,Guadeloupe,Latin America and the Caribbean,Americas,La Desirade Island,,Flood,,,Kph,,,,2017,9.0,20.0,2017,9.0,20.0,4.0,2.0,80000.0,80002.0,,,120000.0,157609.0,76.1376037057766,2017-09-21,2025-12-20
2017-0381-VIR,nat-met-sto-tro,Meteorological,Storm,Tropical cyclone,Hurricane 'Irma',VIR,United States Virgin Islands,Latin America and the Caribbean,Americas,"St. John, St. Thomas, most of St. Croix",,Flood,,,Kph,,,,2017,9.0,7.0,2017,9.0,7.0,4.0,,,,,,,,76.1376037057766,2017-09-08,2025-12-20
2017-0381-DOM,nat-met-sto-tro,Meteorological,Storm,Tropical cyclone,Hurricane 'Irma',DOM,Dominican Republic,Latin America and the Caribbean,Americas,"Veron, Higuey (La Altagracia), Samaná (Galera), La Romana, Puerto Plata (Motellano, Sabaneta de yasica); San Cristobal, Peravia, San José de Ocoa, Azua, Santiago (Santiago), Valverde (Mao, Esperanza), Monte cristi (Montecristi), Dajabón, Espaillat (Gaspar Hernandez), Maria Trinidad Sanchez",,Flood,,285.0,Kph,,,,2017,9.0,6.0,2017,9.0,6.0,,,6300.0,6300.0,,,,,76.1376037057766,2017-09-08,2025-12-20
2017-0381-BHS,nat-met-sto-tro,Meteorological,Storm,Tropical cyclone,Hurricane 'Irma',BHS,Bahamas,Latin America and the Caribbean,Americas,"Inagua, Mayaguana, Crooked Island, Acklins, Long Cay, Ragged Island, San Salvador, Bimini",,,,,Kph,,,,2017,9.0,8.0,2017,9.0,9.0,,,,,397.6,522.0,2000.0,2627.0,76.1376037057766,2017-09-12,2025-06-25
2017-0381-ATG,nat-met-sto-tro,Meteorological,Storm,Tropical cyclone,Hurricane 'Irma',ATG,Antigua and Barbuda,Latin America and the Caribbean,Americas,"Barbuda, St John and St George districts (Crosbies, Fort Road, Clare Hall, Grays Farm, Pigotts) (Antigua)",,,,295.0,Kph,,,,2017,9.0,6.0,2017,9.0,6.0,1.0,,1800.0,1800.0,6800.0,8931.0,250000.0,328353.0,76.1376037057766,2017-09-07,2025-12-20
2017-0352-MAC,nat-met-sto-tro,Meteorological,Storm,Tropical cyclone,Typhoon 'Hato',MAC,"China, Macao Special Administrative Region",Eastern Asia,Asia,Fai Chi Kei,,Flood,,,Kph,,,,2017,8.0,24.0,2017,8.0,24.0,10.0,200.0,,200.0,,,1420000.0,1865044.0,76.1376037057766,2017-08-25,2025-06-25
2017-0334-MEX,nat-met-sto-tro,Meteorological,Storm,Tropical cyclone,Hurricane 'Franklin',MEX,Mexico,Latin America and the Caribbean,Americas,"Quintana Roo State (Yucatan Peninsula); Campeche, Tabasco and Chiapas, Lechuguillas (Veracruz state); Puebla, Hidalgo states",,"Flood|Slide (land, mud, snow, rock)",,140.0,Kph,,,,2017,8.0,7.0,2017,8.0,7.0,,,300.0,300.0,,,2000.0,2627.0,76.1376037057766,2017-08-11,2025-12-20
2017-0327-JPN,nat-met-sto-tro,Meteorological,Storm,Tropical cyclone,Typhoon 'Noru',JPN,Japan,Eastern Asia,Asia,"Wakayama prefecture; Mie region, Kagoshima (Yakushima, Minami-ko towns), Miyazaki, Oita, Fukuoka Prefectures, Hyogo Prefecture",,,,120.0,Kph,33.2,134.0,,2017,8.0,5.0,2017,8.0,7.0,2.0,51.0,1338.0,1389.0,,,2000.0,2627.0,76.1376037057766,2017-08-07,2025-12-20
2017-0281-CHN,nat-met-sto-tro,Meteorological,Storm,Tropical cyclone,Tropical Storm Talas,CHN,China,Eastern Asia,Asia,Hainan Island,,,,,Kph,,,,2017,7.0,16.0,2017,7.0,17.0,,,30000.0,30000.0,,,3600.0,4728.0,76.1376037057766,2017-07-26,2025-12-20
2017-0281-THA,nat-met-sto-tro,Meteorological,Storm,Tropical cyclone,Tropical Storm Talas,THA,Thailand,South-eastern Asia,Asia,Nan (Mae Charim district),,,,,Kph,,,Nan,2017,7.0,17.0,2017,7.0,19.0,,,60.0,60.0,,,,,76.1376037057766,2017-07-26,2025-12-20
2017-0231-VUT,nat-met-sto-tro,Meteorological,Storm,Tropical cyclone,Tropical cyclone 'Donna',VUT,Vanuatu,Melanesia,Oceania,"Torba, Malampa, Sanma provinces",,,,215.0,Kph,,,,2017,5.0,7.0,2017,5.0,12.0,,,2564.0,2564.0,,,,,76.1376037057766,2017-06-29,2025-12-20
2017-0168-MEX,nat-met-sto-tro,Meteorological,Storm,Tropical cyclone,Beatriz,MEX,Mexico,Latin America and the Caribbean,Americas,"Sierra Madre del Sur, Sierra Madre de Chiapas Mountain ranges, Oaxaca State, San Francisco Ozolotepec, San Marcial Ozolotepec, San Pedro Quiatoni, San Carlos Yautepec, Jamiltepec, Juquila, and Pochutla, Tehuantepec in Istmo Region, Juchitan district, San Pablo Topiltepec",,"Flood|Slide (land, mud, snow, rock)",,65.0,Kph,,,Los Perros,2017,6.0,1.0,2017,6.0,3.0,6.0,,,600.0,,,,,76.1376037057766,2017-06-13,2023-09-25
2017-0152-IND,nat-met-sto-tro,Meteorological,Storm,Tropical cyclone,Cyclone Mora,IND,India,Southern Asia,Asia,"Manipur, Mizoram",,"Flood|Slide (land, mud, snow, rock)",,,Kph,,,,2017,5.0,30.0,2017,5.0,31.0,,,1970.0,1970.0,,,,,76.1376037057766,2018-05-07,2025-12-20
2022-0547-PHL,nat-met-sto-tro,Meteorological,Storm,Tropical cyclone,Tropical Cyclone 'Ma-On' (Florita),PHL,Philippines,South-eastern Asia,Asia,"Ilocos, Cagayan Valley, Cordillera Administrative Region (CAR), Bicol, and Calabarzon",,,,,Kph,,,,2022,8.0,22.0,2022,8.0,23.0,,,7616.0,7616.0,,,,,90.9026974595266,2022-08-24,2025-12-20
2017-0091-ZWE,nat-met-sto-tro,Meteorological,Storm,Tropical cyclone,Tropical depression 'Ex-Dineo',ZWE,Zimbabwe,Sub-Saharan Africa,Africa,"Chitungwiza (Harare), Makoni, Nyanga (Manicaland), Bindura, Centenary, Mazowe, Rushinga, Shamva, Mbire (Mashonaland Central), Goromonzi, Hwedza, Mudzi, Murehwa, Seke, Uzumba-Maramba-Pfungwe, Chikomba (Mashonaland East), Chegutu, Kadoma, Makonde, Kariba (Mashonaland West), Gutu, Zaka, Chiredzi, Mwenezi, Chivi (Masvingo), Tsholotsho, Bubi, Chipinge, Umguza (Matabeleland North), Matobo, Bulilima, Gwanda, Mangwe, Insiza (Matabeleland South), Chirumhanzu, Gweru, Kwekwe, Shurugwi, Zvishavane, Gokwe, Mberengwa (Midlands)",Torrential rains,"Flood|Slide (land, mud, snow, rock)",,,Kph,,,,2017,1.0,,2017,3.0,,251.0,128.0,100000.0,113023.0,,,189000.0,248235.0,76.1376037057766,2017-04-12,2025-12-20
2022-0603-PRI,nat-met-sto-tro,Meteorological,Storm,Tropical cyclone,Hurricane 'Fiona',PRI,Puerto Rico,Latin America and the Caribbean,Americas,,,"Flood|Slide (land, mud, snow, rock)",,,Kph,,,,2022,9.0,17.0,2022,9.0,18.0,25.0,,,,,,2500000.0,2750193.0,90.9026974595266,2022-09-20,2023-09-26
2022-0604-JPN,nat-met-sto-tro,Meteorological,Storm,Tropical cyclone,Typhoon 'Nanmadol',JPN,Japan,Eastern Asia,Asia,"Kagoshima, Kyushu Isl.",,,,175.0,Kph,,,,2022,9.0,18.0,2022,9.0,20.0,5.0,140.0,1200.0,1340.0,,,2000000.0,2200155.0,90.9026974595266,2022-09-20,2025-12-20
2017-0075-MDG,nat-met-sto-tro,Meteorological,Storm,Tropical cyclone,Cyclone 'Enawo',MDG,Madagascar,Sub-Saharan Africa,Africa,"Antalaha district (Sava province), Analanjirofo, Alaotra Mangoro, Atsinanana, Analamanga, Vakinankaratra, Bongolava, Itasy, Ihorombe, Amoron I Mania, Haute Matsiatra, Vatovavy Fitovinany provinces",,Flood,,300.0,Kph,,,,2017,3.0,7.0,2017,3.0,10.0,81.0,253.0,434000.0,434253.0,,,20000.0,26268.0,76.1376037057766,2017-03-16,2025-12-20
2022-0614-CUB,nat-met-sto-tro,Meteorological,Storm,Tropical cyclone,Hurricane 'Ian',CUB,Cuba,Latin America and the Caribbean,Americas,"Pinar del Rio, Artemisa, Havana, Isla de la Juventud.",,,,208.0,Kph,,,,2022,9.0,26.0,2022,9.0,28.0,3.0,,3200000.0,3200000.0,,,25000.0,27502.0,90.9026974595266,2022-10-06,2025-12-20
2022-0627-JPN,nat-met-sto-tro,Meteorological,Storm,Tropical cyclone,Typhoon 'Talas',JPN,Japan,Eastern Asia,Asia,"Kakegawa, Fukuroi (Shizuoka prefecture); Chibu",,"Slide (land, mud, snow, rock)",,65.0,Kph,,,,2022,9.0,25.0,2022,9.0,25.0,3.0,,13323.0,13323.0,,,752000.0,827258.0,90.9026974595266,2022-10-04,2026-02-11
2022-0647-NIC,nat-met-sto-tro,Meteorological,Storm,Tropical cyclone,Hurricane 'Julia',NIC,Nicaragua,Latin America and the Caribbean,Americas,,,Flood,,,Kph,,,,2022,10.0,9.0,2022,10.0,9.0,1.0,,45000.0,47100.0,,,180000.0,198014.0,90.9026974595266,2022-10-10,2024-08-27
2022-0665-PHL,nat-met-sto-tro,Meteorological,Storm,Tropical cyclone,Tropical depression 'Maymay',PHL,Philippines,South-eastern Asia,Asia,"Cagayan Valley (the worst-hit), Cordillera Administrative Region (CAR) and Calabarzon",,,,,Kph,,,,2022,10.0,13.0,2022,10.0,13.0,,,7000.0,7000.0,,,18000.0,19801.0,90.9026974595266,2022-10-13,2026-02-11
2022-0680-TWN,nat-met-sto-tro,Meteorological,Storm,Tropical cyclone,Tropical cyclone 'Nesat',TWN,Taiwan (Province of China),Eastern Asia,Asia,"Xizhi, Shilin District",,"Flood|Slide (land, mud, snow, rock)",,,Kph,,,,2022,10.0,15.0,2022,10.0,16.0,,,100.0,100.0,,,400.0,440.0,90.9026974595266,2022-10-18,2026-02-11
2022-0734-USA,nat-met-sto-tro,Meteorological,Storm,Tropical cyclone,Hurricane 'Nicole',USA,United States of America,Northern America,Americas,"Bahamas, Florida",,,,120.0,Kph,,,,2022,11.0,10.0,2022,11.0,11.0,5.0,,1500.0,1500.0,,,1000000.0,1100077.0,90.9026974595266,2022-11-14,2025-03-05
2016-0433-PAN,nat-met-sto-tro,Meteorological,Storm,Tropical cyclone,Tropical storm Otto,PAN,Panama,Latin America and the Caribbean,Americas,"Veraguas, Chiriquí, Colón, Bocas del Toro, Panama Oeste (Capira district, Panama province); Panama, Panama Oeste",,"Flood|Slide (land, mud, snow, rock)",,120.0,Kph,,,,2016,11.0,21.0,2016,11.0,22.0,7.0,,12000.0,12000.0,,,,,74.5496029864344,2016-11-23,2025-12-20
2016-0390-JPN,nat-met-sto-tro,Meteorological,Storm,Tropical cyclone,Typhoon Malakas,JPN,Japan,Eastern Asia,Asia,"Hyogoo, Miyazaki, Oosaka province",,Flood,,185.0,Kph,,,,2016,9.0,20.0,2016,9.0,20.0,1.0,,6000.0,6000.0,,,,,74.5496029864344,2016-11-17,2025-12-20
2016-0379-VNM,nat-met-sto-tro,Meteorological,Storm,Tropical cyclone,Tropical storm Dianmu,VNM,Viet Nam,South-eastern Asia,Asia,"Hai Phong City, Quang Ninh, Yen Bai, Phu Tho, Lai Chau, Dien Bien, Son La, Hoa Binh, Than Hoa, Lao Cai, Bac Giang, Nghe An provinces",,"Flood|Slide (land, mud, snow, rock)",,,Kph,,,"Luc Nam, Thoung, Ma, Buoi, Tao river",2016,8.0,18.0,2016,8.0,21.0,11.0,15.0,11075.0,11090.0,,,157.0,211.0,74.5496029864344,2016-11-17,2025-12-20
2016-0364-PHL,nat-met-sto-tro,Meteorological,Storm,Tropical cyclone,Typhoon Lawin (Haima),PHL,Philippines,South-eastern Asia,Asia,"Ilocos Norte, Ilocos Sur, La Union, Pangasinan districts (Region I (Ilocos region) province), Cagayan, Isabela, Nueva Vizcaya, Quirino districts (Region II (Cagayan valley) province), Aurora, Bataan, Bulacan, Nueva Ecija, Pampanga, Tarlac, Zambales districts (Region III (Central Luzon) province), Batangas, Quezon, Rizal districts (Regio IV-A (Calabarzon) province), Camarines Norte, Sorgoson (Region V (Bicol region) province)), Abra, Apayao, Benguet, Ifugao, Kalinga, Mountain province (Cordillera Administrative region (CAR))",,,,215.0,Kph,,,,2016,10.0,19.0,2016,10.0,21.0,8.0,,981154.0,981154.0,,,50690.0,67995.0,74.5496029864344,2016-11-16,2026-03-13
2016-0363-CHN,nat-met-sto-tro,Meteorological,Storm,Tropical cyclone,Typhoon Karen (Sarika),CHN,China,Eastern Asia,Asia,"Hainan Sheng, Guangdong Sheng, Guangxi Zhuangzu Zizhiqu provinces",,,,,Kph,,,,2016,10.0,16.0,2016,10.0,19.0,,,,,,,890000.0,1193836.0,74.5496029864344,2016-11-16,2025-12-20
2016-0362-VNM,nat-met-sto-tro,Meteorological,Storm,Tropical cyclone,Tropical storm Aere,VNM,Viet Nam,South-eastern Asia,Asia,"Thua Thien-Hue, Quang Tri, Quang Binh, Ha Tinh, Nghe An provinces",,Flood,,,Kph,,,,2016,10.0,13.0,2016,10.0,15.0,34.0,,610000.0,610000.0,,,350000.0,469486.0,74.5496029864344,2016-11-16,2025-12-20
2016-0355-VCT,nat-met-sto-tro,Meteorological,Storm,Tropical cyclone,Hurricane 'Matthew',VCT,Saint Vincent and the Grenadines,Latin America and the Caribbean,Americas,Layou (Saint Andrew),,,,,Kph,,,,2016,9.0,28.0,2016,9.0,29.0,1.0,,,,,,,,74.5496029864344,2017-10-05,2023-09-25
2016-0355-USA,nat-met-sto-tro,Meteorological,Storm,Tropical cyclone,Hurricane 'Matthew',USA,United States of America,Northern America,Americas,"Florida, Georgia, South Carolina, North Carolina, Virginia provinces",,Flood,,,Kph,,,,2016,10.0,8.0,2016,10.0,12.0,49.0,,,,5000000.0,6706944.0,10000000.0,13413888.0,74.5496029864344,2016-11-15,2025-12-20
2016-0355-JAM,nat-met-sto-tro,Meteorological,Storm,Tropical cyclone,Hurricane 'Matthew',JAM,Jamaica,Latin America and the Caribbean,Americas,St. Thomas and Portland,,,,,Kph,,,,2016,9.0,27.0,2016,10.0,3.0,,,125000.0,125000.0,,,,,74.5496029864344,2017-03-16,2025-12-20
2016-0355-CUB,nat-met-sto-tro,Meteorological,Storm,Tropical cyclone,Hurricane 'Matthew',CUB,Cuba,Latin America and the Caribbean,Americas,"Baracoa, Imias, Maisi, San Antonio del Sur districts (Guantanamo province)",,,,,Kph,,,,2016,9.0,28.0,2016,10.0,7.0,,,190000.0,190000.0,,,2600000.0,3487611.0,74.5496029864344,2016-11-15,2025-12-20
2016-0342-PHL,nat-met-sto-tro,Meteorological,Storm,Tropical cyclone,Typhoon Ferdie (Meranti),PHL,Philippines,South-eastern Asia,Asia,"Ilocos Norte district (Region I (Ilocos region) province), Batanes, Cagayan districts (Region II (Cagayan valley) province)",,,,,Kph,,,,2016,9.0,16.0,2016,9.0,16.0,,,16648.0,16648.0,,,4913.0,6590.0,74.5496029864344,2016-10-31,2025-12-20
2016-0324-JPN,nat-met-sto-tro,Meteorological,Storm,Tropical cyclone,Typhoon Lionrock,JPN,Japan,Eastern Asia,Asia,Iwate,,Flood,,,Kph,,,,2016,9.0,4.0,2016,9.0,4.0,22.0,,,,,,,,74.5496029864344,2016-09-14,2025-12-20
2016-0256-TWN,nat-met-sto-tro,Meteorological,Storm,Tropical cyclone,Typhoon Butchoy (Nepartak),TWN,Taiwan (Province of China),Eastern Asia,Asia,,,,,,Kph,,,,2016,7.0,9.0,2016,7.0,9.0,3.0,300.0,,300.0,,,,,74.5496029864344,2016-08-02,2025-12-20
2016-0141-FJI,nat-met-sto-tro,Meteorological,Storm,Tropical cyclone,Tropical cyclone Zena,FJI,Fiji,Melanesia,Oceania,"Central, Western provinces (Viti Levu Isl.)",,Flood,,,Kph,,,,2016,4.0,4.0,2016,4.0,7.0,2.0,,5000.0,5000.0,,,,,74.5496029864344,2016-05-10,2025-12-20
2023-0294-BGD,nat-met-sto-tro,Meteorological,Storm,Tropical cyclone,Cyclone 'Mocha',BGD,Bangladesh,Southern Asia,Asia,"Cox’s Bazar, Chattogram, Feni, and Noakhali districts, St Martin Island",,,,220.0,Kph,,,,2023,5.0,13.0,2023,5.0,14.0,3.0,12.0,750000.0,750012.0,,,1000.0,1057.0,94.6446220103845,2023-05-23,2025-03-05
2023-0331-PAK,nat-met-sto-tro,Meteorological,Storm,Tropical cyclone,Cyclone 'Biparjoy',PAK,Pakistan,Southern Asia,Asia,,,,,,Kph,,,,2023,6.0,15.0,2023,6.0,15.0,1.0,,,,,,,,94.6446220103845,2023-07-03,2025-03-05
2015-0620-VNM,nat-met-sto-tro,Meteorological,Storm,Tropical cyclone,Cyclone Vamco,VNM,Viet Nam,South-eastern Asia,Asia,"Da Nang, Quang Nam (Duy Xuyen, Nong Son districts), Quand Ngai (Ly Son District), Thanh Hoa",,Flood,,,Kph,,,,2015,9.0,14.0,2015,9.0,14.0,11.0,,,,,,218.0,296.0,73.6208029365864,2018-05-24,2025-12-20
2015-0620-KHM,nat-met-sto-tro,Meteorological,Storm,Tropical cyclone,Cyclone Vamco,KHM,Cambodia,South-eastern Asia,Asia,Battambang province,,Flood,,,Kph,,,,2015,9.0,19.0,2015,9.0,20.0,,,6300.0,6300.0,,,,,73.6208029365864,2018-05-24,2025-12-20
2015-0375-DOM,nat-met-sto-tro,Meteorological,Storm,Tropical cyclone,Hurricane Erika,DOM,Dominican Republic,Latin America and the Caribbean,Americas,"Azua, Baoruco, Barahona, Dajabon, Distrito Nacional, Duarte, El Seibo, Elias Pina, Espaillat, Hato Mayor, Independencia, La Altagracia, La Romana, La Vega, Maria Trinidad Sanches, Monsenor Nouel, Monte Cristi, Monte Plata, Pedernales, Peravia, Puerto Plata, Salcedo, Samana, San Cristobal, San José de Ocoa, San Juan, San Pedro de Macoris, Sanchez Ramirez, Santiago, Santiago Rodriguez, Santo Domingo, Valverde provinces",,,1015.0,,Kph,,,,2015,8.0,28.0,2015,8.0,28.0,,,33.0,2133.0,,,,,73.6208029365864,2015-09-01,2025-12-20
2015-0494-YEM,nat-met-sto-tro,Meteorological,Storm,Tropical cyclone,Cyclone Megh,YEM,Yemen,Western Asia,Asia,"Hidaybu, Qulensya Wa Abd Al Kuri districts (Hadramaut province), Aden province",,Flood,,,Kph,,,,2015,11.0,8.0,2015,11.0,10.0,18.0,,15000.0,15000.0,,,,,73.6208029365864,2015-11-09,2025-12-20
2015-0490-PHL,nat-met-sto-tro,Meteorological,Storm,Tropical cyclone,Typhoon Mujigae,PHL,Philippines,South-eastern Asia,Asia,"Benguet district (Cordillera Administrative region (CAR) province), La Union, Pangasinan districts (Region I (Ilocos region) province), Aurora, Bulacan, Nueva Ecija districts (Region III (Central Luzon) province)",,,,,Kph,,,,2015,10.0,2.0,2015,10.0,2.0,2.0,,3500.0,3500.0,,,1300.0,1766.0,73.6208029365864,2015-11-09,2025-12-20
2015-0484-YEM,nat-met-sto-tro,Meteorological,Storm,Tropical cyclone,Cyclone Chapala,YEM,Yemen,Western Asia,Asia,"Abyan, Hadramaut, Shabwah provinces",,,,,Kph,,,,2015,11.0,3.0,2015,11.0,4.0,8.0,65.0,110000.0,110065.0,,,200000.0,271662.0,73.6208029365864,2015-11-06,2025-12-20
2015-0479-BHS,nat-met-sto-tro,Meteorological,Storm,Tropical cyclone,Hurricane 'Joaquin',BHS,Bahamas,Latin America and the Caribbean,Americas,"Exuma, Long Island, Mayaguana, Rum Cay, San Salvador, Samana Cay, Crooked Isl., Ragged Islands (Administrative unit not available)",,Flood|Surge,,,Kph,,,,2015,10.0,1.0,2015,10.0,4.0,33.0,,6710.0,6710.0,61000.0,82857.0,90000.0,122248.0,73.6208029365864,2015-10-28,2025-12-20
2023-0490-KOR,nat-met-sto-tro,Meteorological,Storm,Tropical cyclone,Tropical cyclone 'Khanoun',KOR,Republic of Korea,Eastern Asia,Asia,,,,,,Kph,,,,2023,8.0,10.0,2023,8.0,10.0,2.0,,,,,,,,94.6446220103845,2023-08-28,2025-03-18
2015-0462-PHL,nat-met-sto-tro,Meteorological,Storm,Tropical cyclone,Typhoon Koppu (Lando),PHL,Philippines,South-eastern Asia,Asia,"Camarines Norte, Catanduanes districts (Region V (Bicol region) province), Cordillera Administrative region (CAR), National Capital region (NCR) province, Region I (Ilocos region), Region II (Cagayan Valley), Region III (Central Luzon), Region IV-A (Calabarzon) provinces",,"Flood|Slide (land, mud, snow, rock)",,210.0,Kph,16.691,121.24,,2015,10.0,14.0,2015,10.0,20.0,51.0,83.0,2898507.0,2898590.0,,,210985.0,286583.0,73.6208029365864,2015-10-22,2025-12-20
2015-0459-USA,nat-met-sto-tro,Meteorological,Storm,Tropical cyclone,Joaquin,USA,United States of America,Northern America,Americas,"South Carolina, North Carolina",,Flood,,,Kph,33.503,-80.493,,2015,10.0,1.0,2015,10.0,13.0,25.0,,800.0,800.0,400000.0,543325.0,2000000.0,2716623.0,73.6208029365864,2015-10-14,2025-12-20
2015-0458-TWN,nat-met-sto-tro,Meteorological,Storm,Tropical cyclone,Typhoon Dujuan,TWN,Taiwan (Province of China),Eastern Asia,Asia,Taiwan Sheng province,,,,,Kph,,,,2015,9.0,28.0,2015,9.0,28.0,3.0,376.0,,376.0,,,26000.0,35316.0,73.6208029365864,2015-10-13,2025-12-20
2015-0458-CHN,nat-met-sto-tro,Meteorological,Storm,Tropical cyclone,Typhoon Dujuan,CHN,China,Eastern Asia,Asia,"Fujian Sheng, Zhejiang Sheng provinces",,,,,Kph,,,,2015,9.0,28.0,2015,9.0,28.0,,,,,79000.0,107307.0,661000.0,897844.0,73.6208029365864,2015-10-13,2025-12-20
2023-0526-JPN,nat-met-sto-tro,Meteorological,Storm,Tropical cyclone,Typhoon 'Lan',JPN,Japan,Eastern Asia,Asia,Hyogo and Osaka,,"Flood|Slide (land, mud, snow, rock)",,,Kph,,,,2023,8.0,15.0,2023,8.0,17.0,,66.0,600.0,666.0,,,,,94.6446220103845,2023-08-21,2025-12-20
2023-0568-HKG,nat-met-sto-tro,Meteorological,Storm,Tropical cyclone,Typhoon 'Saola',HKG,"China, Hong Kong Special Administrative Region",Eastern Asia,Asia,,,,,,Kph,,,,2023,9.0,1.0,2023,9.0,2.0,,86.0,,86.0,,,,,94.6446220103845,2023-09-05,2024-03-04
2015-0375-DMA,nat-met-sto-tro,Meteorological,Storm,Tropical cyclone,Hurricane Erika,DMA,Dominica,Latin America and the Caribbean,Americas,"Petite Savanne, Pichelin villages (St. Patrick province), Good Hope, Petite Soufriere villages (St. David province), Bath Estate village (St. George province), Dubique village (St. Andrew province), Campbell village (St. Paul province), Coulibistrie village (St. Joseph province)",,"Flood|Slide (land, mud, snow, rock)",,,Kph,,,,2015,8.0,27.0,2015,8.0,27.0,30.0,20.0,28000.0,28594.0,,,482810.0,655806.0,73.6208029365864,2015-08-28,2025-12-20
2023-0703-SLV,nat-met-sto-tro,Meteorological,Storm,Tropical cyclone,Tropical storm 'Pilar',SLV,El Salvador,Latin America and the Caribbean,Americas,,,Flood,,,Kph,,,,2023,10.0,30.0,2023,11.0,2.0,3.0,,500.0,500.0,,,,,94.6446220103845,2023-11-03,2023-12-07
2015-0339-PHL,nat-met-sto-tro,Meteorological,Storm,Tropical cyclone,Typhoon 'Soudelor' (Hanna),PHL,Philippines,South-eastern Asia,Asia,"Janiuary area (Iloilo district, Region VI (Western Visayas) province), Valladolid area (Negros Occidental district, Region VI (Western Visayas) province), San Lorenzo area (Guimaras district, Region VI (Western Visayas) province), Bayawan, Siaton areas (Negros Oriental district, Region VII (Central Visayas) province), Kapatagan, Laia, Sapad areas (Lanao Del Norte district, Region X (Northern Mindanao) province)",,,,,Kph,,,,2015,8.0,5.0,2015,8.0,5.0,,,3843.0,3843.0,,,,,73.6208029365864,2015-08-10,2025-12-20
2015-0339-CHN,nat-met-sto-tro,Meteorological,Storm,Tropical cyclone,Typhoon 'Soudelor' (Hanna),CHN,China,Eastern Asia,Asia,"Zheijiang Sheng, Fujian Sheng, Jiangxi Sheng, Anhui Sheng provinces",,Flood,,230.0,Kph,,,,2015,8.0,9.0,2015,8.0,9.0,18.0,,1580000.0,1580000.0,,,1282690.0,1742293.0,73.6208029365864,2015-08-10,2025-12-20
2023-0680-SLB,nat-met-sto-tro,Meteorological,Storm,Tropical cyclone,Tropical cyclone 'Lola',SLB,Solomon Islands,Melanesia,Oceania,,,,,,Kph,,,,2023,10.0,24.0,2023,10.0,25.0,,,22319.0,22319.0,,,,,94.6446220103845,2023-11-03,2023-11-03
2015-0309-BGD,nat-met-sto-tro,Meteorological,Storm,Tropical cyclone,Cyclone 'Komen',BGD,Bangladesh,Southern Asia,Asia,"Cox's Bazar, Chittagong, Noakhali, Feni, Bandarban districts (Chittagong province), Patuakhali, Bhola, Barguna districts (Barisla province)",,Flood,,,Kph,,,,2015,7.0,29.0,2015,7.0,30.0,45.0,,2600000.0,2600000.0,,,40000.0,54332.0,73.6208029365864,2015-08-03,2025-12-20
2015-0244-TWN,nat-met-sto-tro,Meteorological,Storm,Tropical cyclone,Typhoon Chan-Home,TWN,Taiwan (Province of China),Eastern Asia,Asia,Taiwan Sheng province,,,,,Kph,,,,2015,7.0,12.0,2015,7.0,12.0,,6.0,,6.0,,,,,73.6208029365864,2015-07-23,2025-12-20
2015-0244-PHL,nat-met-sto-tro,Meteorological,Storm,Tropical cyclone,Typhoon Chan-Home,PHL,Philippines,South-eastern Asia,Asia,"Cordillera Administrative region (CAR), Region I (Ilocos region), Region II (Cagayan Valley) provinces",,,,,Kph,,,,2015,7.0,12.0,2015,7.0,12.0,5.0,,10800.0,14100.0,,,1500000.0,2037468.0,73.6208029365864,2015-07-23,2025-12-20
2015-0244-JPN,nat-met-sto-tro,Meteorological,Storm,Tropical cyclone,Typhoon Chan-Home,JPN,Japan,Eastern Asia,Asia,Okinawa province,,Flood,,250.0,Kph,,,,2015,7.0,9.0,2015,7.0,11.0,1.0,27.0,,27.0,,,,,73.6208029365864,2015-07-23,2025-12-20
2015-0244-CHN,nat-met-sto-tro,Meteorological,Storm,Tropical cyclone,Typhoon Chan-Home,CHN,China,Eastern Asia,Asia,Zhejiang Sheng province,,,,,Kph,,,,2015,7.0,11.0,2015,7.0,12.0,,,10800.0,13800.0,,,940000.0,1276813.0,73.6208029365864,2015-07-14,2025-12-20
2024-0002-MDG,nat-met-sto-tro,Meteorological,Storm,Tropical cyclone,Tropical cyclone 'Alvaro',MDG,Madagascar,Sub-Saharan Africa,Africa,"Haute Matsiatra, Atsimo-Andrefana, Menabe, Matsiatra, Ihorombe and Fitovinany.",,,,,Kph,,,,2024,1.0,1.0,2024,1.0,2.0,10.0,,25837.0,25837.0,,,,,97.436175616134,2024-01-04,2024-04-16
2024-0009-MUS,nat-met-sto-tro,Meteorological,Storm,Tropical cyclone,Cyclone 'Belal',MUS,Mauritius,Sub-Saharan Africa,Africa,,,Flood,,,Kph,,,,2024,1.0,15.0,2024,1.0,16.0,2.0,,100000.0,100000.0,,,,,97.436175616134,2024-01-19,2025-03-05
2024-0009-REU,nat-met-sto-tro,Meteorological,Storm,Tropical cyclone,Cyclone 'Belal',REU,Réunion,Sub-Saharan Africa,Africa,,,Flood|Surge,,,Kph,,,,2024,1.0,15.0,2024,1.0,15.0,4.0,,700.0,700.0,,,,,97.436175616134,2024-01-19,2025-03-05
2015-0093-VUT,nat-met-sto-tro,Meteorological,Storm,Tropical cyclone,Cyclone 'Pam',VUT,Vanuatu,Melanesia,Oceania,"Torba, Penama, Sanma, Malampa, Shefa, Tafea provinces",,Flood,44127.0,250.0,Kph,,,,2015,3.0,12.0,2015,3.0,14.0,11.0,,188000.0,188000.0,,,449400.0,610425.0,73.6208029365864,2015-03-16,2025-12-20
2015-0093-KIR,nat-met-sto-tro,Meteorological,Storm,Tropical cyclone,Cyclone 'Pam',KIR,Kiribati,Micronesia,Oceania,"Tarawa, Arorae, Tamana, Onotoa areas (Kiribati province)",,Flood,,,Kph,,,,2015,3.0,12.0,2015,3.0,13.0,,,1500.0,1500.0,,,,,73.6208029365864,2015-03-17,2023-09-25
2024-0164-MOZ,nat-met-sto-tro,Meteorological,Storm,Tropical cyclone,Tropîcal storm 'Filipo',MOZ,Mozambique,Sub-Saharan Africa,Africa,"Vilankulo and Morrumbene Districts, (Inhambane Province); Gaza, Sofala and Nampula provinces",,Lightening,,120.0,Kph,,,,2024,3.0,12.0,2024,3.0,12.0,2.0,85.0,93240.0,93325.0,,,,,97.436175616134,2024-03-27,2024-08-12
2024-0172-MDG,nat-met-sto-tro,Meteorological,Storm,Tropical cyclone,Cyclone 'Gamane',MDG,Madagascar,Sub-Saharan Africa,Africa,"Sava, Diana Sofia, Analanjirofo, Alaotra Mangoro, Atsinanana, Mananara North, Maroantsetra, Toamasina, Vavatenina",,Flood,,210.0,Kph,,,,2024,3.0,26.0,2024,3.0,29.0,22.0,4.0,89465.0,89469.0,,,50000.0,51316.0,97.436175616134,2024-03-29,2024-08-12
2015-0074-MDG,nat-met-sto-tro,Meteorological,Storm,Tropical cyclone,Tropical storm 'Fundi',MDG,Madagascar,Sub-Saharan Africa,Africa,"Androy, Anosy, Atsimo Andrefana, Menabe provinces",,,,,Kph,,,,2015,2.0,7.0,2015,2.0,8.0,6.0,,28450.0,36880.0,,,10000.0,13583.0,73.6208029365864,2015-03-11,2025-12-20
2024-0337-PHL,nat-met-sto-tro,Meteorological,Storm,Tropical cyclone,Tropical cyclone 'Ewiniar' (Aghon),PHL,Philippines,South-eastern Asia,Asia,"Cagayan Valley, Central Luzon, Calabarzon, Mimaropa, Bicol, and Eastern and Central Visayas.",,,,,Kph,,,,2024,5.0,24.0,2024,5.0,27.0,6.0,8.0,52000.0,52008.0,,,20000.0,20526.0,97.436175616134,2024-06-07,2024-08-02
2024-0422-CAN,nat-met-sto-tro,Meteorological,Storm,Tropical cyclone,Hurricane 'Beryl',CAN,Canada,Northern America,Americas,Nouvelle Ecosse,,Flood,,,Kph,,,,2024,7.0,12.0,2024,7.0,12.0,1.0,,,,,,,,97.436175616134,2024-07-16,2024-08-01
2024-0402-MEX,nat-met-sto-tro,Meteorological,Storm,Tropical cyclone,Tropical storm 'Alberto',MEX,Mexico,Latin America and the Caribbean,Americas,"Nuevo Leon, Veracruz, Tamaulipas, Coahuila,",,"Flood|Slide (land, mud, snow, rock)",,,Kph,,,,2024,6.0,20.0,2024,6.0,22.0,4.0,,,,,,140000.0,143684.0,97.436175616134,2024-06-21,2025-03-05
2024-0422-VEN,nat-met-sto-tro,Meteorological,Storm,Tropical cyclone,Hurricane 'Beryl',VEN,Venezuela (Bolivarian Republic of),Latin America and the Caribbean,Americas,"Cumanacoa, Montes municipality (Sucre)",,Flood,,,Kph,,,,2024,7.0,1.0,2024,7.0,4.0,9.0,,29000.0,29000.0,,,,,97.436175616134,2024-07-08,2025-07-16
2024-0471-MEX,nat-met-sto-tro,Meteorological,Storm,Tropical cyclone,Tropica storm 'Chris',MEX,Mexico,Latin America and the Caribbean,Americas,"Veracruz, Mexico city",,"Flood|Slide (land, mud, snow, rock)",,65.0,Kph,,,,2024,6.0,30.0,2024,6.0,30.0,6.0,,20000.0,20000.0,,,,,97.436175616134,2024-07-12,2024-07-29
2014-0497-PHL,nat-met-sto-tro,Meteorological,Storm,Tropical cyclone,Tropical storm 'Jangmi' (Seniang),PHL,Philippines,South-eastern Asia,Asia,"Palawan district (Region IV (Southern Tagalog) province), Antique, Capiz, Negros Occidental districts (Region VI (Western Visayas) province), Bohol, Cebu, Siquijor districts (Region VII (Central Visayas) province), Leyte, Samar, Southern Leyte districts (Region VIII (Eastern Visayas) province), Zamboanga Del Sur district (Region IX (Zamboanga Peninsula) province), Bukidnon, Camiguin, Lanao del Norte, Misamis Oriental districts (Region X (Northern Mindanao) province), Compostela, Davao del Norte, Davao Oriental districts (Region XI (Davao Region) province), Region XIII (Caraga) province",,"Slide (land, mud, snow, rock)",,210.0,Kph,,,,2014,12.0,28.0,2014,12.0,31.0,72.0,,578549.0,578549.0,,,17688.0,24054.0,73.5335770092672,2015-01-05,2026-03-13
2014-0474-PHL,nat-met-sto-tro,Meteorological,Storm,Tropical cyclone,Tropical storm 'Sinlaku' (Queenie),PHL,Philippines,South-eastern Asia,Asia,"Palawan district (Region IV (Southern Tagalog) province), Negros Occidental district (Region VI (Western Visayas) province), Bohol, Cebu, Negros Oriental districts (Region VII (Central Visayas) province), Southern Leyte district (Region VIII (Eastern Visayas) province), Misamis Occidental, Misamis Oriental districts (Region X (Northern Mindanao) province), Davao del Sur district (Region XI (Davao Region) province), Dinagat, Surigao del Norte, Surigao del Sur districts (Region XIII (Caraga) province)",,Flood,,,Kph,,,,2014,11.0,27.0,2014,11.0,28.0,12.0,,4695.0,4695.0,,,,,73.5335770092672,2014-12-12,2025-12-20
2024-0693-MEX,nat-met-sto-tro,Meteorological,Storm,Tropical cyclone,Tropical cyclone 'Helene',MEX,Mexico,Latin America and the Caribbean,Americas,Quintana Roo state,,Flood,,,Kph,,,,2024,9.0,27.0,2024,9.0,28.0,,,,,,,,,97.436175616134,2024-10-17,2024-10-28
2024-0695-VNM,nat-met-sto-tro,Meteorological,Storm,Tropical cyclone,Tropical depression 'Soulik',VNM,Viet Nam,South-eastern Asia,Asia,Quảng Bình province,,,,,Kph,,,,2024,9.0,15.0,2024,9.0,19.0,3.0,,1850.0,1850.0,,,,,97.436175616134,2024-10-17,2024-10-28
2024-0825-PHL,nat-met-sto-tro,Meteorological,Storm,Tropical cyclone,Typhoon 'Yinxing' (Marce),PHL,Philippines,South-eastern Asia,Asia,Northern Luzon,,"Flood|Slide (land, mud, snow, rock)|Surge",,234.0,Kph,,,,2024,11.0,7.0,2024,11.0,8.0,1.0,1.0,375000.0,375001.0,,,10000.0,10263.0,97.436175616134,2024-11-08,2026-03-09
2014-0397-JPN,nat-met-sto-tro,Meteorological,Storm,Tropical cyclone,Typhoon Phanfone,JPN,Japan,Eastern Asia,Asia,"Okinawa, Sizuoka, Aiti, Kanagawa provinces",,"Flood|Slide (land, mud, snow, rock)",,110.0,Kph,,,,2014,10.0,6.0,2014,10.0,6.0,7.0,60.0,8706.0,8766.0,,,100000.0,135992.0,73.5335770092672,2014-10-14,2025-12-20
2024-0722-MEX,nat-met-sto-tro,Meteorological,Storm,Tropical cyclone,Hurricane 'Milton',MEX,Mexico,Latin America and the Caribbean,Americas,Tampa and Sarasota city area; Yucatan,,Flood|Surge,,213.0,Kph,,,,2024,10.0,9.0,2024,10.0,10.0,9.0,,,,,,,,97.436175616134,2024-10-11,2025-03-05
2014-0390-PHL,nat-met-sto-tro,Meteorological,Storm,Tropical cyclone,Typhoon Kalmaegi (Luis),PHL,Philippines,South-eastern Asia,Asia,"Ilocos Norte, La Union, Pangasinan districts (Region I (Ilocos region) province), Cagayan, Isabela, Nueva Vizcaya districts (Region II (Cagayan Valley) province), Negros Occidental district (Region VI (Western Visayas) province), Rizal district (Region IV-A (Calabarzon) province), Apayao, Benguet, Kalinga districts (Cordillera Administrative region (CAR) province), National Capital region (NCR), Region III (Central Luzon) provinces",,Flood|Transport accident,,130.0,Kph,,,,2014,9.0,10.0,2014,9.0,16.0,4.0,1.0,431085.0,431086.0,,,19183.0,26087.0,73.5335770092672,2014-10-10,2025-12-20
2024-0777-PHL,nat-met-sto-tro,Meteorological,Storm,Tropical cyclone,Tropical cyclone 'Trami' (Kristine),PHL,Philippines,South-eastern Asia,Asia,"Luzon, Visayas and northern Mindanao, Camarines Sur, Camarines Norte, Albay, Masbate (Region 5 (Bicol), and Batangas, Laguna, Cavite, and Quezon in Region 4A (Calabarzon)",,"Flood|Slide (land, mud, snow, rock)",,83.0,Kph,,,,2024,10.0,22.0,2024,10.0,24.0,181.0,132.0,9652607.0,9652739.0,,,373000.0,382815.0,97.436175616134,2024-10-28,2026-02-24
2014-0333-MEX,nat-met-sto-tro,Meteorological,Storm,Tropical cyclone,Hurricane Odile,MEX,Mexico,Latin America and the Caribbean,Americas,"Cabo San Lucas city (Los Cabos area, La Paz district, Baja California Sur province)",,Flood|Rain,,205.0,Kph,,,,2014,9.0,10.0,2014,9.0,17.0,6.0,135.0,75000.0,75135.0,1200000.0,1631908.0,2500000.0,3399807.0,73.5335770092672,2014-09-30,2025-12-20
2024-0857-NIC,nat-met-sto-tro,Meteorological,Storm,Tropical cyclone,Cyclone 'Sara',NIC,Nicaragua,Latin America and the Caribbean,Americas,,,,,,Kph,,,,2024,11.0,17.0,2024,11.0,18.0,2.0,,,,,,,,97.436175616134,2024-11-26,2024-11-28
2014-0325-MEX,nat-met-sto-tro,Meteorological,Storm,Tropical cyclone,Hurricane Marie,MEX,Mexico,Latin America and the Caribbean,Americas,"Oaxaca, Guerrero provinces",,Flood,,220.0,Kph,,,,2014,8.0,22.0,2014,9.0,2.0,3.0,,30000.0,30000.0,,,14000.0,19039.0,73.5335770092672,2014-09-24,2025-12-20
2014-0316-JPN,nat-met-sto-tro,Meteorological,Storm,Tropical cyclone,Typhoon Halong,JPN,Japan,Eastern Asia,Asia,"Ehime, Kagawa, Kooti, Tokusima provinces",,,,160.0,Kph,,,,2014,8.0,10.0,2014,8.0,12.0,10.0,96.0,21654.0,21750.0,,,200000.0,271985.0,73.5335770092672,2014-09-23,2025-12-20
2024-0881-LKA,nat-met-sto-tro,Meteorological,Storm,Tropical cyclone,Storm 'Fengal',LKA,Sri Lanka,Southern Asia,Asia,"Ampara, Batticaloa, Trincomalee districts (Eastern province); Mannar, Jana, Kilinochchi, Mullaitivu, Vavuniy districts (Nothern province); Anuradhapura district ( NorthCentral province)",,"Flood|Slide (land, mud, snow, rock)",,60.0,Kph,,,,2024,11.0,25.0,2024,11.0,28.0,17.0,19.0,441373.0,441392.0,,,,,97.436175616134,2024-11-28,2025-08-04
2024-0910-COM,nat-met-sto-tro,Meteorological,Storm,Tropical cyclone,Tropical cyclone 'Chido',COM,Comoros,Sub-Saharan Africa,Africa,,,,,,Kph,,,,2024,12.0,13.0,2024,12.0,17.0,,5.0,64150.0,64155.0,,,,,97.436175616134,2024-12-18,2025-01-01
2024-0910-MOZ,nat-met-sto-tro,Meteorological,Storm,Tropical cyclone,Tropical cyclone 'Chido',MOZ,Mozambique,Sub-Saharan Africa,Africa,"Mecufi, Metuge, Ancuabe, Meluco, Ilha de Ibo, Quissanga and Pemba city (Cabo Delgado); Memba, Nacala, Nacala Velha, Mossuril, Mongicual, Mozambique Island, Monapo, Meconta, Nacaroa, Erati, Muccate, Nampula city (Nampula); Cuamba, Madimba, Marrupa, Maua, Mecanhelas, Metarica and Nipep (Niassa); Tete",,,,260.0,Kph,,,,2024,12.0,13.0,2024,12.0,16.0,120.0,868.0,453971.0,454839.0,,,,,97.436175616134,2024-12-17,2025-01-13
2014-0183-MEX,nat-met-sto-tro,Meteorological,Storm,Tropical cyclone,Boris,MEX,Mexico,Latin America and the Caribbean,Americas,"Chiapas, Oaxaca provinces",,"Flood|Slide (land, mud, snow, rock)",,40.0,Kph,,,,2014,5.0,30.0,2014,6.0,6.0,,,,,,,,,73.5335770092672,2014-07-09,2025-12-20
2025-0158-MOZ,nat-met-sto-tro,Meteorological,Storm,Tropical cyclone,Tropical cyclone 'Jude',MOZ,Mozambique,Sub-Saharan Africa,Africa,"Zambezia, Nampula, Cabo Delgado, Nissa, Tete and Sofala provinces",,Flood,,195.0,Kph,,,,2025,3.0,10.0,2025,3.0,12.0,16.0,135.0,1020791.0,1020926.0,,,,,100.0,2025-03-11,2026-02-16
2025-0071-MDG,nat-met-sto-tro,Meteorological,Storm,Tropical cyclone,Tropical storm 'Faida',MDG,Madagascar,Sub-Saharan Africa,Africa,"Atsinanana region, Fénérive Est province, Analanjirofo region, Toamasina",,Flood,,65.0,Kph,,,,2025,2.0,4.0,2025,2.0,5.0,,,365.0,365.0,,,,,100.0,2025-02-07,2025-12-12
2025-0144-REU,nat-met-sto-tro,Meteorological,Storm,Tropical cyclone,Cyclone 'Garance',REU,Réunion,Sub-Saharan Africa,Africa,,,"Slide (land, mud, snow, rock)",,230.0,Kph,,,,2025,2.0,28.0,2025,2.0,28.0,5.0,6.0,600.0,606.0,400000.0,400000.0,900000.0,900000.0,100.0,2025-02-28,2026-01-13
2025-0152-MDG,nat-met-sto-tro,Meteorological,Storm,Tropical cyclone,Tropical storm 'Honde',MDG,Madagascar,Sub-Saharan Africa,Africa,"Toliara, Belo sur Tsiribihina, and Ampanihy districts",,Flood,,140.0,Kph,,,,2025,2.0,27.0,2025,3.0,2.0,4.0,69.0,40565.0,50254.0,,,10000.0,10000.0,100.0,2025-03-04,2025-07-16
2025-0158-MDG,nat-met-sto-tro,Meteorological,Storm,Tropical cyclone,Tropical cyclone 'Jude',MDG,Madagascar,Sub-Saharan Africa,Africa,"Maroantsetra district (Ambatosoa); Tomasina province; Toliara, Ampanihy, Beloha, Tsihombe, Ambovombe et Tolagnaro",,,,,Kph,,,,2025,3.0,8.0,2025,3.0,15.0,1.0,1.0,15000.0,15001.0,,,,,100.0,2025-03-11,2025-12-08
2014-0020-PHL,nat-met-sto-tro,Meteorological,Storm,Tropical cyclone,Tropical Depression Agaton ( (Lingling),PHL,Philippines,South-eastern Asia,Asia,"North Cotabato, South Cotabato districts (Region XII (Soccsksargen) province), Autonomous region in Muslim Mindanao (ARMM), Region X (Northern Mindanao), Region XI (Davao Region), Region XIII (Caraga) provinces",,"Flood|Slide (land, mud, snow, rock)",,,Kph,,,,2014,1.0,19.0,2014,1.0,20.0,79.0,86.0,1148621.0,1148707.0,,,12591.0,17123.0,73.5335770092672,2014-02-07,2025-12-20
2025-0440-VNM,nat-met-sto-tro,Meteorological,Storm,Tropical cyclone,Typhoon 'Wutip',VNM,Viet Nam,South-eastern Asia,Asia,"Hue, Quang Tri, Quang Binh provinces",,Flood,,128.0,Kph,,,,2025,6.0,14.0,2025,6.0,15.0,9.0,,17500.0,17500.0,,,,,100.0,2025-07-02,2025-07-14
2013-0437-PHL,nat-met-sto-tro,Meteorological,Storm,Tropical cyclone,Typhoon Krosa (Vinta),PHL,Philippines,South-eastern Asia,Asia,"Ilocos Norte district (Region I (Ilocos region) province), Cagayan district (Region II (Cagayan Valley) province), Apayao district (Cordillera Administrative region (CAR) province)",,Flood,,,Kph,,,,2013,10.0,31.0,2013,10.0,31.0,4.0,,220443.0,220443.0,,,4729.0,6535.0,72.3597374789251,2013-11-26,2025-12-20
2013-0430-VNM,nat-met-sto-tro,Meteorological,Storm,Tropical cyclone,Tropical storm Nari (SAnti),VNM,Viet Nam,South-eastern Asia,Asia,"Da Nang City, Quang Nam, Thua Thien - Hue, Quang Ngai provinces",,,,133.0,Kph,,,,2013,10.0,10.0,2013,10.0,15.0,20.0,154.0,109600.0,109754.0,,,76000.0,105031.0,72.3597374789251,2013-11-26,2025-12-20
2013-0341-VNM,nat-met-sto-tro,Meteorological,Storm,Tropical cyclone,Tropical storm Jebi,VNM,Viet Nam,South-eastern Asia,Asia,"Bac Giang, Bac Kan, Bac Ninh, Cao Bang, Dien Bien, Ha Giang, Ha Nam, Ha Noi City, Ha Tay, Hai Duong, Hai Phong City, Hoa Binh, Hung Yen, Lai Chau, Lang Son, Lao Cai, Nam Dinh, Ninh Binh, Phu Tho, Quang Ninh, Son La, Thai Binh, Thai Nguyen, Thanh Hoa, Tuyen Quang, Vinh Phuc, Yen Bai provinces",,,,,Kph,,,,2013,8.0,2.0,2013,8.0,3.0,7.0,11.0,5000.0,5011.0,,,1000.0,1382.0,72.3597374789251,2013-09-10,2025-12-20
2025-0593-LAO,nat-met-sto-tro,Meteorological,Storm,Tropical cyclone,"Typhoon 'Wipha' (Crising), 'Francisco' (Dante), 'Co-May' (Emong'",LAO,Lao People's Democratic Republic,South-eastern Asia,Asia,"Luang Prabang, Phongsaly, Xiangkhouang, Vientiane, Houaphanh",,Flood,,,Kph,,,,2024,7.0,19.0,2024,7.0,20.0,8.0,6.0,75000.0,75006.0,,,5000.0,5132.0,97.436175616134,2026-02-17,2026-03-04
2025-0593-THA,nat-met-sto-tro,Meteorological,Storm,Tropical cyclone,"Typhoon 'Wipha' (Crising), 'Francisco' (Dante), 'Co-May' (Emong'",THA,Thailand,South-eastern Asia,Asia,,,Flood,,,Kph,,,,2025,7.0,21.0,2025,8.0,1.0,6.0,,230000.0,230000.0,,,,,100.0,2025-08-04,2026-03-04
2025-0679-CHN,nat-met-sto-tro,Meteorological,Storm,Tropical cyclone,Tropical cyclone 'Podul',CHN,China,Eastern Asia,Asia,"Fujian, Guangdong, and Guangxi provinces",,,,120.0,Kph,,,,2025,8.0,12.0,2025,8.0,13.0,,,,,,,,,100.0,2025-08-14,2025-08-27
2025-0710-CHN,nat-met-sto-tro,Meteorological,Storm,Tropical cyclone,Tropical cyclone 'Kajiki',CHN,China,Eastern Asia,Asia,Hainan Isl.,,,,,Kph,,,,2025,8.0,25.0,2025,8.0,26.0,,,100000.0,100000.0,,,,,100.0,2025-08-26,2025-08-27
2025-0710-PHL,nat-met-sto-tro,Meteorological,Storm,Tropical cyclone,Tropical cyclone 'Kajiki',PHL,Philippines,South-eastern Asia,Asia,,,,,,Kph,,,,2025,2.0,22.0,2025,2.0,26.0,,,50678.0,50678.0,,,,,100.0,2026-02-23,2026-02-23
2013-0188-MEX,nat-met-sto-tro,Meteorological,Storm,Tropical cyclone,Hurricane Barbara,MEX,Mexico,Latin America and the Caribbean,Americas,"Chiapas, Oaxaca provinces",,,,,Kph,,,,2013,5.0,29.0,2013,5.0,29.0,4.0,,12000.0,12000.0,,,,,72.3597374789251,2013-07-09,2025-12-20
2025-0734-PRI,nat-met-sto-tro,Meteorological,Storm,Tropical cyclone,Hurricane 'Erin',PRI,Puerto Rico,Latin America and the Caribbean,Americas,,,,,,Kph,,,,2025,8.0,15.0,2025,8.0,16.0,,,,,,,,,100.0,2025-08-27,2026-01-27
2013-0138-IND,nat-met-sto-tro,Meteorological,Storm,Tropical cyclone,Tropical cyclone Mahasen,IND,India,Southern Asia,Asia,Andhra Pradesh province,,,,,Kph,,,,2013,5.0,16.0,2013,5.0,16.0,8.0,4.0,,4.0,,,,,72.3597374789251,2014-01-15,2025-12-20
2025-0793-TWN,nat-met-sto-tro,Meteorological,Storm,Tropical cyclone,Typhoon 'Ragasa' (Nando),TWN,Taiwan (Province of China),Eastern Asia,Asia,"Guangfu Township, Hualien County,",,"Broken Dam/Burst bank|Flood|Slide (land, mud, snow, rock)",,,Kph,,,,2025,9.0,22.0,2025,9.0,22.0,36.0,54.0,,54.0,,,,,100.0,2025-09-26,2025-09-29
2025-0813-LAO,nat-met-sto-tro,Meteorological,Storm,Tropical cyclone,Typhoon 'Bualoi' (Opong),LAO,Lao People's Democratic Republic,South-eastern Asia,Asia,,,,,,Kph,,,,2025,8.0,25.0,2025,9.0,26.0,2.0,,10124.0,10124.0,,,,,100.0,2025-10-02,2026-03-11
2025-0813-PHL,nat-met-sto-tro,Meteorological,Storm,Tropical cyclone,Typhoon 'Bualoi' (Opong),PHL,Philippines,South-eastern Asia,Asia,,,"Flood|Slide (land, mud, snow, rock)",,155.0,Kph,,,,2025,9.0,25.0,2025,9.0,26.0,55.0,41.0,4580000.0,4580041.0,,,57000.0,57000.0,100.0,2025-09-26,2026-03-11
2025-0854-BHS,nat-met-sto-tro,Meteorological,Storm,Tropical cyclone,Hurricane 'Imelda',BHS,Bahamas,Latin America and the Caribbean,Americas,Nassau,,,,155.0,Kph,,,,2025,9.0,27.0,2025,10.0,2.0,,,600.0,600.0,,,,,100.0,2025-10-06,2025-12-19
2025-0879-VNM,nat-met-sto-tro,Meteorological,Storm,Tropical cyclone,Tropical cyclone 'Matmo',VNM,Viet Nam,South-eastern Asia,Asia,"Son La, Lang Son, Dien Bien, Thai Nguyen, Cao Bang, Bac Giang, Bac Ninh provinces",,"Broken Dam/Burst bank|Flood|Slide (land, mud, snow, rock)",,,Kph,,,,2025,10.0,6.0,2025,10.0,7.0,13.0,,65000.0,65000.0,,,1900.0,1900.0,100.0,2025-10-16,2025-10-20
2025-0917-HTI,nat-met-sto-tro,Meteorological,Storm,Tropical cyclone,Hurricane 'Melissa',HTI,Haiti,Latin America and the Caribbean,Americas,,,Flood,,240.0,Kph,,,,2025,10.0,26.0,2025,10.0,26.0,56.0,21.0,2300000.0,2300021.0,,,,,100.0,2025-10-27,2025-12-02
2012-0588-KOR,nat-met-sto-tro,Meteorological,Storm,Tropical cyclone,Typhoon Sanba,KOR,Republic of Korea,Eastern Asia,Asia,Cheju-do province,,,,,Kph,,,,2012,9.0,15.0,2012,9.0,17.0,,,3120.0,3120.0,,,349000.0,489378.0,71.3150877335761,2013-02-06,2025-12-20
2012-0588-JPN,nat-met-sto-tro,Meteorological,Storm,Tropical cyclone,Typhoon Sanba,JPN,Japan,Eastern Asia,Asia,Okinawa province,,,,,Kph,,,,2012,9.0,15.0,2012,9.0,17.0,,,25250.0,25250.0,,,31000.0,43469.0,71.3150877335761,2013-02-06,2025-12-20
2012-0585-KOR,nat-met-sto-tro,Meteorological,Storm,Tropical cyclone,Typhoon Tembin,KOR,Republic of Korea,Eastern Asia,Asia,"Cheju-do, Chollabuk-do, Chollanam-do, Chungchongbuk-do, Kwangju, Kyongsangbuk-do, Kyongsangnam-do, Pusan, Taegu provinces",,"Flood|Slide (land, mud, snow, rock)",,,Kph,,,,2012,8.0,30.0,2012,8.0,30.0,2.0,,,,,,,,71.3150877335761,2013-02-06,2025-12-20
2012-0434-PHL,nat-met-sto-tro,Meteorological,Storm,Tropical cyclone,Typhoon Karen,PHL,Philippines,South-eastern Asia,Asia,"National Capital region (NCR), Region III (Central Luzon) provinces",,,,,Kph,,,,2012,9.0,13.0,2012,9.0,14.0,1.0,,1234.0,1234.0,,,,,71.3150877335761,2012-11-19,2025-12-20
2012-0313-DOM,nat-met-sto-tro,Meteorological,Storm,Tropical cyclone,Hurricane Isaac,DOM,Dominican Republic,Latin America and the Caribbean,Americas,"Azua, Monte Plata, Sanchez Ramirez, Barahona, San José de Ocoa provinces",,,,,Kph,,,,2012,8.0,25.0,2012,8.0,25.0,5.0,,20515.0,20515.0,,,,,71.3150877335761,2013-01-03,2025-12-20
2012-0414-JPN,nat-met-sto-tro,Meteorological,Storm,Tropical cyclone,Typhoon Bolaven,JPN,Japan,Eastern Asia,Asia,"Okinawa, Kagosima province",,,,,Kph,,,,2012,8.0,25.0,2012,8.0,25.0,,,,,,,86000.0,120592.0,71.3150877335761,2013-02-06,2025-12-20
2012-0313-HTI,nat-met-sto-tro,Meteorological,Storm,Tropical cyclone,Hurricane Isaac,HTI,Haiti,Latin America and the Caribbean,Americas,"Grande-Anse, Sud, Sud Est, Artibonite, Ouest provinces",,,,,Kph,19.1356,-72.28,,2012,8.0,25.0,2012,8.0,29.0,13.0,7.0,8000.0,8007.0,,,,,71.3150877335761,2012-11-19,2025-12-20
2020-0132-SLB,nat-met-sto-tro,Meteorological,Storm,Tropical cyclone,Cyclone 'Harold',SLB,Solomon Islands,Melanesia,Oceania,"Espiritu Santo, Malakula, Ambae, Pentecost, Maewo Islands; Guadalcanal, Makira-Ulawa, and Rennell and Bellona provinces",,Transport accident,,215.0,Kph,,,,2020,4.0,2.0,2020,4.0,3.0,48.0,,150000.0,150000.0,,,,,80.3903830082114,2020-04-06,2025-12-20
2020-0218-HND,nat-met-sto-tro,Meteorological,Storm,Tropical cyclone,Tropical storm 'Amanda',HND,Honduras,Latin America and the Caribbean,Americas,Tegucigalpa (Francisco Morazán department); Valle Department,,"Slide (land, mud, snow, rock)",,,Kph,,,,2020,5.0,30.0,2020,5.0,31.0,5.0,,1200.0,1200.0,,,,,80.3903830082114,2020-06-05,2025-12-20
2020-0219-USA,nat-met-sto-tro,Meteorological,Storm,Tropical cyclone,Tropical storm 'Cristobal',USA,United States of America,Northern America,Americas,"errebonne, Plaquemines, Lafourche Parishes (Louisiana)",,,,85.0,Kph,,,,2020,6.0,7.0,2020,6.0,7.0,1.0,,,,,,325000.0,404277.0,80.3903830082114,2020-06-08,2025-12-20
2023-0450-VNM,nat-met-sto-tro,Meteorological,Storm,Tropical cyclone,Tropical cyclone 'Talim',VNM,Viet Nam,South-eastern Asia,Asia,Kien Giang Province,,,,,Kph,,,,2023,7.0,14.0,2023,7.0,17.0,1.0,3.0,,3.0,,,,,94.6446220103845,2023-07-24,2023-09-26
2023-0490-RUS,nat-met-sto-tro,Meteorological,Storm,Tropical cyclone,Tropical cyclone 'Khanoun',RUS,Russian Federation,Eastern Europe,Europe,Ussuriysk and Spassk-Dalny (Primorsky Region),,Flood,,,Kph,,,,2023,8.0,11.0,2023,8.0,16.0,3.0,,13200.0,13200.0,,,,,94.6446220103845,2023-08-21,2025-03-18
2023-0490-JPN,nat-met-sto-tro,Meteorological,Storm,Tropical cyclone,Tropical cyclone 'Khanoun',JPN,Japan,Eastern Asia,Asia,"Okinawa, Kagoshima prefectures",,,,220.0,Kph,,,,2023,8.0,2.0,2023,8.0,2.0,2.0,41.0,,41.0,,,,,94.6446220103845,2023-08-02,2025-12-20
2023-0464-PHL,nat-met-sto-tro,Meteorological,Storm,Tropical cyclone,Tropical cyclone 'Doksuri' (Egay),PHL,Philippines,South-eastern Asia,Asia,"Luzon Isl., Region 3, 1 (Ilocos), 6, 2 (Cagayan), 12, 5, 11 and 10, CAR, Mimaropa, NCR, Calabarzon, BARMM",,"Flood|Slide (land, mud, snow, rock)",,240.0,Kph,,,,2023,7.0,21.0,2023,7.0,27.0,39.0,171.0,5385066.0,5385237.0,,,284256.0,300340.0,94.6446220103845,2023-07-24,2024-08-23
2023-0294-MMR,nat-met-sto-tro,Meteorological,Storm,Tropical cyclone,Cyclone 'Mocha',MMR,Myanmar,South-eastern Asia,Asia,"Sittwe, Mrauk-U, Kyauktaw, or Minbya (Rakhine state); Chin, Magway, Sagaing, Ayeyarwady, Mandalay states",,Flood|Surge,,300.0,Kph,,,,2023,5.0,14.0,2023,5.0,15.0,148.0,132.0,1200000.0,1200132.0,,,2240000.0,2366748.0,94.6446220103845,2023-05-23,2025-12-20
2023-0294-IND,nat-met-sto-tro,Meteorological,Storm,Tropical cyclone,Cyclone 'Mocha',IND,India,Southern Asia,Asia,"Mizoram, Tripura, and Manipur states",,,,,Kph,,,,2023,5.0,14.0,2023,5.0,14.0,,,1000.0,1000.0,,,,,94.6446220103845,2023-05-23,2025-03-05
2023-0246-PHL,nat-met-sto-tro,Meteorological,Storm,Tropical cyclone,Tropical Depression 'Amang',PHL,Philippines,South-eastern Asia,Asia,"Calabarzon, Mimaropa, Bicol, Davao and Zamboanga Peninsula",,Flood,,,Kph,,,,2023,4.0,17.0,2023,4.0,21.0,,,136149.0,136149.0,,,222.0,235.0,94.6446220103845,2023-04-21,2024-03-06
2023-0238-PER,nat-met-sto-tro,Meteorological,Storm,Tropical cyclone,Storm 'Yaku',PER,Peru,Latin America and the Caribbean,Americas,,,,,,Kph,,,,2023,3.0,8.0,2023,3.0,11.0,8.0,,45000.0,45000.0,,,705000.0,744892.0,94.6446220103845,2023-04-20,2025-03-18
2025-0593-VNM,nat-met-sto-tro,Meteorological,Storm,Tropical cyclone,"Typhoon 'Wipha' (Crising), 'Francisco' (Dante), 'Co-May' (Emong'",VNM,Viet Nam,South-eastern Asia,Asia,"Quang Ninh, Hai Phong, Hung Yen, Ninh Binh, Thanh Hoa, Lam Dong, Son La, Dien Bien, Nghe An, Quang Tri, and Lao Cai provinces",,Flood,,,Kph,,,,2025,7.0,21.0,2025,8.0,2.0,20.0,16.0,93500.0,93516.0,,,183000.0,183000.0,100.0,2025-07-23,2026-03-04
2025-0593-MMR,nat-met-sto-tro,Meteorological,Storm,Tropical cyclone,"Typhoon 'Wipha' (Crising), 'Francisco' (Dante), 'Co-May' (Emong'",MMR,Myanmar,South-eastern Asia,Asia,"Bago, Kayin, Mon, Sagaing, Kayah, Rakhine, and Shan",,"Flood|Slide (land, mud, snow, rock)",,,Kph,,,,2025,7.0,27.0,2025,8.0,6.0,20.0,,131000.0,131000.0,,,,,100.0,2025-07-30,2026-03-04
2025-0710-VNM,nat-met-sto-tro,Meteorological,Storm,Tropical cyclone,Tropical cyclone 'Kajiki',VNM,Viet Nam,South-eastern Asia,Asia,Ha Tinh province,,"Flood|Slide (land, mud, snow, rock)",,165.0,Kph,,,,2025,8.0,25.0,2025,8.0,26.0,8.0,12.0,1500000.0,1500012.0,,,244000.0,244000.0,100.0,2025-08-26,2026-02-23
2025-0593-MAC,nat-met-sto-tro,Meteorological,Storm,Tropical cyclone,"Typhoon 'Wipha' (Crising), 'Francisco' (Dante), 'Co-May' (Emong'",MAC,"China, Macao Special Administrative Region",Eastern Asia,Asia,,,,,,Kph,,,,2025,7.0,18.0,2025,7.0,24.0,,5.0,,5.0,,,,,100.0,2025-07-25,2026-03-04
2025-0593-CHN,nat-met-sto-tro,Meteorological,Storm,Tropical cyclone,"Typhoon 'Wipha' (Crising), 'Francisco' (Dante), 'Co-May' (Emong'",CHN,China,Eastern Asia,Asia,"Shiwuzi and Zhujiayu, Dawangzhuang township (Shandong province); Jinan’s Laiwu district,",,Flood,,,Kph,,,,2025,7.0,18.0,2025,7.0,22.0,12.0,,,57.0,,,,,100.0,2025-07-25,2026-03-04
2025-0520-USA,nat-met-sto-tro,Meteorological,Storm,Tropical cyclone,Tropical storm 'Chantal',USA,United States of America,Northern America,Americas,South and North Carolina,,Flood,,,Kph,,,,2025,7.0,4.0,2025,7.0,7.0,6.0,,,,,,400000.0,400000.0,100.0,2025-07-11,2026-01-27
2025-0793-PHL,nat-met-sto-tro,Meteorological,Storm,Tropical cyclone,Typhoon 'Ragasa' (Nando),PHL,Philippines,South-eastern Asia,Asia,"Luzon Isl., La Union province, Baguio City, Benguet province, Ilocos Sur, Nueva Vizcaya province",,,,270.0,Kph,,,,2025,9.0,22.0,2025,9.0,22.0,11.0,,690000.0,690000.0,,,300000.0,300000.0,100.0,2025-09-26,2025-09-29
2025-0471-HND,nat-met-sto-tro,Meteorological,Storm,Tropical cyclone,Hurricane 'Erik',HND,Honduras,Latin America and the Caribbean,Americas,Ocotepeque department,,Flood,,,Kph,,,,2025,6.0,17.0,2025,6.0,20.0,1.0,,25000.0,25000.0,,,,,100.0,2025-07-07,2025-12-05
2025-0813-THA,nat-met-sto-tro,Meteorological,Storm,Tropical cyclone,Typhoon 'Bualoi' (Opong),THA,Thailand,South-eastern Asia,Asia,,,,,,Kph,,,,2025,9.0,28.0,2025,9.0,28.0,8.0,,293626.0,293626.0,,,,,100.0,2025-09-29,2026-03-11
2025-0813-VNM,nat-met-sto-tro,Meteorological,Storm,Tropical cyclone,Typhoon 'Bualoi' (Opong),VNM,Viet Nam,South-eastern Asia,Asia,"Ky Anh town (Ha Tinh province) ; Nghe An, Lao Cai provinces",,"Slide (land, mud, snow, rock)",,155.0,Kph,,,,2025,9.0,25.0,2025,9.0,28.0,57.0,147.0,588266.0,588413.0,,,950000.0,950000.0,100.0,2025-09-29,2026-03-11
2025-0440-PHL,nat-met-sto-tro,Meteorological,Storm,Tropical cyclone,Typhoon 'Wutip',PHL,Philippines,South-eastern Asia,Asia,"Luzon, Zamboanga Peninsula, Davao, Mindanao, and SOCCSKSARGEN regions",,Flood,,,Kph,,,,2025,6.0,9.0,2025,6.0,10.0,3.0,1.0,17516.0,17517.0,,,,,100.0,2025-07-08,2025-07-14
2025-0889-JPN,nat-met-sto-tro,Meteorological,Storm,Tropical cyclone,Typhoon 'Nakri' and 'Halong',JPN,Japan,Eastern Asia,Asia,"Hachijō-jima island, Kyushu Island",,Flood,,225.0,Kph,,,,2025,10.0,6.0,2025,10.0,14.0,1.0,,610.0,610.0,,,,,100.0,2025-10-17,2026-02-16
2025-0917-BHS,nat-met-sto-tro,Meteorological,Storm,Tropical cyclone,Hurricane 'Melissa',BHS,Bahamas,Latin America and the Caribbean,Americas,,,,,,Kph,,,,2025,10.0,27.0,2025,10.0,28.0,,,2000.0,2000.0,,,,,100.0,2025-10-28,2025-12-02
2025-0917-BMU,nat-met-sto-tro,Meteorological,Storm,Tropical cyclone,Hurricane 'Melissa',BMU,Bermuda,Northern America,Americas,,,,,,Kph,,,,2025,10.0,29.0,2025,10.0,31.0,,,,,,,,,100.0,2025-11-04,2025-12-02
2025-0917-CUB,nat-met-sto-tro,Meteorological,Storm,Tropical cyclone,Hurricane 'Melissa',CUB,Cuba,Latin America and the Caribbean,Americas,"Granma, Holguin, Las Tunas, Santiago de Cuba, Guantánamo",,"Flood|Slide (land, mud, snow, rock)",,195.0,Kph,,,,2025,10.0,28.0,2025,10.0,29.0,1.0,17.0,2200000.0,2200017.0,,,,,100.0,2025-10-29,2026-04-14
2025-0917-PAN,nat-met-sto-tro,Meteorological,Storm,Tropical cyclone,Hurricane 'Melissa',PAN,Panama,Latin America and the Caribbean,Americas,,,,,,Kph,,,,2025,10.0,27.0,2025,10.0,28.0,3.0,,800.0,800.0,,,,,100.0,2025-10-28,2025-12-02
2025-1000-IND,nat-met-sto-tro,Meteorological,Storm,Tropical cyclone,Tropical storm 'Ditwah',IND,India,Southern Asia,Asia,Tamil Nadu,,,,,Kph,,,,2025,11.0,27.0,2025,11.0,29.0,3.0,,,,,,40000.0,40000.0,100.0,2025-12-01,2025-12-17
2025-1000-LKA,nat-met-sto-tro,Meteorological,Storm,Tropical cyclone,Tropical storm 'Ditwah',LKA,Sri Lanka,Southern Asia,Asia,"Puttalam, Badulla, Monaragala, Matale, Colombo, Batticoloa, Kegalle, Trincomalee, Anuradhapura, Mullaitivu, Kilinochchi, Ampara, Jaffna, Polonnaruwa, Kandy, Rathnapura, Kurunegala, Nuwara Eliya, Matara, Hambantota, Galle, Kalutara, Mannar, Gampaha, Vavuniya districts",,"Flood|Slide (land, mud, snow, rock)",,65.0,Kph,,,,2025,11.0,27.0,2025,11.0,29.0,823.0,18.0,1702719.0,1702737.0,500000.0,500000.0,4100000.0,4100000.0,100.0,2025-11-28,2026-02-17
2025-0012-MOZ,nat-met-sto-tro,Meteorological,Storm,Tropical cyclone,Cyclone 'Dikeledi',MOZ,Mozambique,Sub-Saharan Africa,Africa,"Nampula province; Mossuril, Ilha de Mozambique, Monapo, Nacala Porto, Angoche and Liupo",,,,180.0,Kph,,,,2025,1.0,13.0,2025,1.0,14.0,6.0,4.0,283334.0,283338.0,,,,,100.0,2025-01-17,2025-02-14
2024-0910-MWI,nat-met-sto-tro,Meteorological,Storm,Tropical cyclone,Tropical cyclone 'Chido',MWI,Malawi,Sub-Saharan Africa,Africa,"Salima, Kasungu, Machinga, Blantyre, Lilongwe districts",,,,,Kph,,,,2024,12.0,13.0,2024,12.0,17.0,13.0,29.0,45162.0,45191.0,,,,,97.436175616134,2024-12-18,2026-01-19
2024-0881-IND,nat-met-sto-tro,Meteorological,Storm,Tropical cyclone,Storm 'Fengal',IND,India,Southern Asia,Asia,"Chennai city, Ooty town, Vellore city , Puducherry city (Tamil Nadu)",,"Flood|Slide (land, mud, snow, rock)|Surge",,80.0,Kph,,,,2024,12.0,1.0,2024,12.0,1.0,20.0,,,,,,,,97.436175616134,2024-12-06,2024-12-19
2024-0857-HTI,nat-met-sto-tro,Meteorological,Storm,Tropical cyclone,Cyclone 'Sara',HTI,Haiti,Latin America and the Caribbean,Americas,,,,,,Kph,,,,2024,11.0,17.0,2024,11.0,18.0,1.0,,,,,,,,97.436175616134,2024-11-26,2024-11-28
2024-0857-DOM,nat-met-sto-tro,Meteorological,Storm,Tropical cyclone,Cyclone 'Sara',DOM,Dominican Republic,Latin America and the Caribbean,Americas,"Duarte, El Seibo, Espaillat, Hato Mayor, La Altagracia, Maria Trinidad Sanches, Puerto Plata, Samanà",,Flood,,,Kph,,,,2024,11.0,17.0,2024,11.0,18.0,2.0,,15000.0,15000.0,,,,,97.436175616134,2024-11-26,2025-09-04
2024-0795-MEX,nat-met-sto-tro,Meteorological,Storm,Tropical cyclone,Tropical storm 'Nadine',MEX,Mexico,Latin America and the Caribbean,Americas,"Chiapas, Veracruz, and Tabasco states",,,,,Kph,,,,2024,10.0,15.0,2024,10.0,19.0,3.0,,3900.0,3900.0,,,,,97.436175616134,2024-10-28,2024-11-05
2024-0778-IND,nat-met-sto-tro,Meteorological,Storm,Tropical cyclone,Tropical storm 'Dana',IND,India,Southern Asia,Asia,Odisha and West Bengal,,Flood|Surge,,120.0,Kph,,,,2024,10.0,24.0,2024,10.0,25.0,9.0,12.0,3810000.0,3810012.0,,,73300.0,75229.0,97.436175616134,2024-10-28,2025-01-22
2024-0778-BGD,nat-met-sto-tro,Meteorological,Storm,Tropical cyclone,Tropical storm 'Dana',BGD,Bangladesh,Southern Asia,Asia,"Barisal, Meherpur",,,,,Kph,,,,2024,10.0,24.0,2024,10.0,25.0,2.0,,,,,,,,97.436175616134,2025-01-22,2025-01-22
2024-0777-CHN,nat-met-sto-tro,Meteorological,Storm,Tropical cyclone,Tropical cyclone 'Trami' (Kristine),CHN,China,Eastern Asia,Asia,Hainan island,,,,,Kph,,,,2024,10.0,27.0,2024,10.0,30.0,8.0,,,,,,32200.0,33047.0,97.436175616134,2024-10-31,2025-12-17
2024-0711-TWN,nat-met-sto-tro,Meteorological,Storm,Tropical cyclone,Tropical cyclone 'Krathon' (Julian),TWN,Taiwan (Province of China),Eastern Asia,Asia,Hualien and Taitung counties,,,,167.0,Kph,,,,2024,10.0,2.0,2024,10.0,3.0,3.0,500.0,,500.0,,,,,97.436175616134,2024-10-03,2024-10-17
2024-0693-USA,nat-met-sto-tro,Meteorological,Storm,Tropical cyclone,Tropical cyclone 'Helene',USA,United States of America,Northern America,Americas,"Florida, Georgia, North Carolina, South Carolina, Tennessee, Kentucky, Indiana and Virginia",,Flood|Surge,,225.0,Kph,,,,2024,9.0,25.0,2024,9.0,28.0,219.0,,,,16000000.0,16421006.0,80000000.0,82105029.0,97.436175616134,2024-09-30,2026-03-26
2024-0693-CUB,nat-met-sto-tro,Meteorological,Storm,Tropical cyclone,Tropical cyclone 'Helene',CUB,Cuba,Latin America and the Caribbean,Americas,Artemisa and coastal communities,,Flood|Surge,,,Kph,,,,2024,9.0,27.0,2024,9.0,28.0,,,,,,,,,97.436175616134,2024-10-17,2024-10-28
2024-0681-JPN,nat-met-sto-tro,Meteorological,Storm,Tropical cyclone,Typhoon 'Pulasan',JPN,Japan,Eastern Asia,Asia,"Wajima, Suzu City (Ishikawa prefecture, Honshu island)",,"Flood|Slide (land, mud, snow, rock)",,,Kph,,,,2024,9.0,21.0,2024,9.0,22.0,9.0,12.0,600.0,612.0,,,,,97.436175616134,2024-09-30,2024-10-28
2024-0666-PHL,nat-met-sto-tro,Meteorological,Storm,Tropical cyclone,Typhoon 'Bebinca',PHL,Philippines,South-eastern Asia,Asia,,,Flood,,,Kph,,,,2024,9.0,16.0,2024,9.0,16.0,12.0,11.0,203000.0,203011.0,,,,,97.436175616134,2024-09-30,2024-10-21
2024-0654-VNM,nat-met-sto-tro,Meteorological,Storm,Tropical cyclone,Typhoon 'Yagi' (Enteng),VNM,Viet Nam,South-eastern Asia,Asia,"Lao Cai, Yen Bai, Quang Ninh, Hai Phong, Cao Bang, Tuyen Quang provinces",,"Flood|Slide (land, mud, snow, rock)",,280.0,Kph,,,,2024,9.0,6.0,2024,9.0,7.0,345.0,1978.0,3600000.0,3601978.0,,,2000000.0,2052626.0,97.436175616134,2024-09-23,2025-01-13
2024-0654-LAO,nat-met-sto-tro,Meteorological,Storm,Tropical cyclone,Typhoon 'Yagi' (Enteng),LAO,Lao People's Democratic Republic,South-eastern Asia,Asia,,,,,,Kph,,,,2024,9.0,1.0,2024,9.0,8.0,5.0,,51440.0,51440.0,,,300000.0,307894.0,97.436175616134,2024-09-23,2025-01-13
2024-0654-CHN,nat-met-sto-tro,Meteorological,Storm,Tropical cyclone,Typhoon 'Yagi' (Enteng),CHN,China,Eastern Asia,Asia,"Hainan, Guangdong, Yunnan, and Guangxi provinces",,Earthquake|Flood,,230.0,Kph,,,,2024,9.0,6.0,2024,9.0,7.0,4.0,95.0,,95.0,197000.0,202184.0,,,97.436175616134,2024-10-15,2025-05-06
2024-0522-TWN,nat-met-sto-tro,Meteorological,Storm,Tropical cyclone,Typhoon 'Gaemi' (Carina) and 'Butchoy' (Prapiroon),TWN,Taiwan (Province of China),Eastern Asia,Asia,,,Flood,,190.0,Kph,,,,2024,7.0,24.0,2024,7.0,25.0,12.0,902.0,,902.0,,,245000.0,251447.0,97.436175616134,2024-07-25,2025-04-14
2024-0522-PHL,nat-met-sto-tro,Meteorological,Storm,Tropical cyclone,Typhoon 'Gaemi' (Carina) and 'Butchoy' (Prapiroon),PHL,Philippines,South-eastern Asia,Asia,"Metro Manilla, Batangas, Cavite, Pampanga and Bulacan provinces; Regions NCR, I, II, III, CALABARZON, MIMAROPA, V, VI, VII, X, and CAR",,"Flood|Slide (land, mud, snow, rock)",,,Kph,,,,2024,7.0,22.0,2024,7.0,23.0,53.0,16.0,6498918.0,6498934.0,,,211000.0,216552.0,97.436175616134,2024-07-25,2025-04-14
2024-0522-CHN,nat-met-sto-tro,Meteorological,Storm,Tropical cyclone,Typhoon 'Gaemi' (Carina) and 'Butchoy' (Prapiroon),CHN,China,Eastern Asia,Asia,,,,,,Kph,,,,2024,7.0,24.0,2024,7.0,25.0,129.0,,,,,,4120000.0,4228409.0,97.436175616134,2025-03-05,2025-04-14
2024-0422-VCT,nat-met-sto-tro,Meteorological,Storm,Tropical cyclone,Hurricane 'Beryl',VCT,Saint Vincent and the Grenadines,Latin America and the Caribbean,Americas,"Union Island, Canouan Island, and Mayrea",,,,265.0,Kph,,,,2024,7.0,1.0,2024,7.0,4.0,8.0,28.0,40000.0,40028.0,1800.0,1847.0,230600.0,236668.0,97.436175616134,2024-07-05,2025-09-26
2024-0422-USA,nat-met-sto-tro,Meteorological,Storm,Tropical cyclone,Hurricane 'Beryl',USA,United States of America,Northern America,Americas,"Texas, Louisiana",,Flood,,130.0,Kph,,,,2024,7.0,8.0,2024,7.0,9.0,46.0,,207.0,207.0,,,7200000.0,7389453.0,97.436175616134,2024-07-10,2025-01-22
2024-0402-GTM,nat-met-sto-tro,Meteorological,Storm,Tropical cyclone,Tropical storm 'Alberto',GTM,Guatemala,Latin America and the Caribbean,Americas,Jalpatagua and Chacaya municipalities,,"Flood|Slide (land, mud, snow, rock)",,,Kph,,,,2024,6.0,21.0,2024,6.0,22.0,10.0,,14400.0,14400.0,,,,,97.436175616134,2024-06-24,2025-03-05
2024-0320-BGD,nat-met-sto-tro,Meteorological,Storm,Tropical cyclone,Cyclone 'Remal',BGD,Bangladesh,Southern Asia,Asia,"Khulna, Bagerhat, Satkhira, Patuakhali, Pirojpur, Barguna, Jhalokath, Bhola",,Broken Dam/Burst bank|Surge,,111.0,Kph,,,,2024,5.0,26.0,2024,5.0,30.0,16.0,13.0,4590000.0,4590013.0,,,90700.0,93087.0,97.436175616134,2024-06-06,2024-07-18
2023-0792-IND,nat-met-sto-tro,Meteorological,Storm,Tropical cyclone,Tropical storm 'Michaung',IND,India,Southern Asia,Asia,"Andra Pradesh, Telangana, Tamil Nadu States",,Flood,,110.0,Kph,,,,2023,12.0,5.0,2023,12.0,6.0,20.0,,4390000.0,4390000.0,,,125000.0,132073.0,94.6446220103845,2023-12-06,2024-02-12
2023-0686-BGD,nat-met-sto-tro,Meteorological,Storm,Tropical cyclone,Tropical cyclone 'Hamoon',BGD,Bangladesh,Southern Asia,Asia,Cox's Bazar district,,,,110.0,Kph,,,,2023,10.0,24.0,2023,10.0,25.0,3.0,,1500000.0,1500000.0,,,250000.0,264146.0,94.6446220103845,2023-10-31,2024-02-12
2023-0685-YEM,nat-met-sto-tro,Meteorological,Storm,Tropical cyclone,Tropical cyclone 'Tej',YEM,Yemen,Western Asia,Asia,"Hadramout, Shabwa, Al-Mahara, Al Mahrah, Socotra Governorates",,Flood,,,Kph,,,,2023,10.0,23.0,2023,10.0,24.0,7.0,150.0,,150.0,,,,,94.6446220103845,2023-10-31,2025-07-31
2023-0680-VUT,nat-met-sto-tro,Meteorological,Storm,Tropical cyclone,Tropical cyclone 'Lola',VUT,Vanuatu,Melanesia,Oceania,"Penama, Malampa, Sanma, Shefa and Torba Provinces; Pentecost Island (Penama Province)",,"Flood|Slide (land, mud, snow, rock)",,205.0,Kph,,,,2023,10.0,24.0,2023,10.0,25.0,,,91000.0,91000.0,,,,,94.6446220103845,2023-10-30,2024-07-18
2023-0623-TWN,nat-met-sto-tro,Meteorological,Storm,Tropical cyclone,Typhoon 'Koinu',TWN,Taiwan (Province of China),Eastern Asia,Asia,"Taichung, Tainan and Kaohsiung",,,,191.0,Kph,,,,2023,10.0,5.0,2023,10.0,5.0,1.0,190.0,,190.0,,,,,94.6446220103845,2023-10-05,2024-03-05
2023-0623-CHN,nat-met-sto-tro,Meteorological,Storm,Tropical cyclone,Typhoon 'Koinu',CHN,China,Eastern Asia,Asia,"Guangdong, Fujian Provinces",,,,,Kph,,,,2023,10.0,6.0,2023,10.0,9.0,,,,,,,,,94.6446220103845,2023-10-17,2024-03-05
2023-0609-JPN,nat-met-sto-tro,Meteorological,Storm,Tropical cyclone,Tropical storm 'Yun-Yeung',JPN,Japan,Eastern Asia,Asia,"Central Honshu Island, west of the Greater Tokyo area; Ibaraki, Chiba and Fukushima Prefectures",,"Flood|Slide (land, mud, snow, rock)",,,Kph,,,,2023,9.0,8.0,2023,9.0,9.0,3.0,,3600.0,3600.0,,,,,94.6446220103845,2023-09-11,2023-10-20
2023-0565-USA,nat-met-sto-tro,Meteorological,Storm,Tropical cyclone,Hurricane 'Idalia',USA,United States of America,Northern America,Americas,"Tampa, St. Petersburg, Sarasota, Tarpon Springs, Fort Myers Naples (Florida); Brooks and Lowndes Counties (Georgia); Mt. Pleasant, Edisto Beach, and Folly Beach (South Carolina); Whiteville, Wilmington, Outer Banks (North Carolina)",,Flood,,150.0,Kph,,,,2023,8.0,28.0,2023,8.0,29.0,5.0,,,,,,3500000.0,3698044.0,94.6446220103845,2023-09-04,2024-01-18
2023-0565-CUB,nat-met-sto-tro,Meteorological,Storm,Tropical cyclone,Hurricane 'Idalia',CUB,Cuba,Latin America and the Caribbean,Americas,"Pinar del Rio, Artemisa, and Havana provinces",,Flood,,,Kph,,,,2023,8.0,28.0,2023,8.0,29.0,,,,,,,,,94.6446220103845,2023-09-04,2023-12-11
2023-0559-DOM,nat-met-sto-tro,Meteorological,Storm,Tropical cyclone,Tropical storm 'Franklin',DOM,Dominican Republic,Latin America and the Caribbean,Americas,"Barahona,Azua, Bahoruco, Elias Pina, Independencia",,Flood,,80.0,Kph,,,,2023,8.0,20.0,2023,8.0,23.0,3.0,,289083.0,289083.0,,,,,94.6446220103845,2023-08-29,2023-09-26
2002-0636-GRD,nat-met-sto-tro,Meteorological,Storm,Tropical cyclone,Lili,GRD,Grenada,Latin America and the Caribbean,Americas,"St. Patrick's, St. Mark's, Carriacou and Petit Martinique",,"Slide (land, mud, snow, rock)",,,Kph,,,,2002,9.0,24.0,2002,9.0,24.0,,,70.0,75.0,,,,,55.8716960740501,2022-01-04,2023-09-25
2002-0653-VCT,nat-met-sto-tro,Meteorological,Storm,Tropical cyclone,Tropical storm 'Lili',VCT,Saint Vincent and the Grenadines,Latin America and the Caribbean,Americas,"Charlotte, Grenadines, Saint Andrew, Saint David, Saint George, Saint Patrick provinces",,,,,Kph,,,,2002,9.0,24.0,2002,9.0,24.0,4.0,,1000.0,1000.0,,,11000.0,19688.0,55.8716960740501,2005-12-23,2025-12-20
2003-0100-IND,nat-met-sto-tro,Meteorological,Storm,Tropical cyclone,,IND,India,Southern Asia,Asia,Gujarat province,,,,,Kph,,,,2003,2.0,18.0,2003,2.0,18.0,5.0,,140.0,140.0,,,,,57.1400352670416,2003-09-05,2025-12-20
2003-0211-BGD,nat-met-sto-tro,Meteorological,Storm,Tropical cyclone,,BGD,Bangladesh,Southern Asia,Asia,"Noabadi, Nayabadi, Merashani villages (Brahamanbaria district, Chittagong)",,"Hail|Slide (land, mud, snow, rock)",,120.0,Kph,,,,2003,5.0,4.0,2003,5.0,4.0,23.0,400.0,,400.0,,,,,57.1400352670416,2004-03-09,2025-12-20
2003-0474-MEX,nat-met-sto-tro,Meteorological,Storm,Tropical cyclone,Marty,MEX,Mexico,Latin America and the Caribbean,Americas,"Sonora, Sinaloa, Nayarit, Jalisco, Colima, Baja California Sur, Baja California provinces",,Flood|Rain,,166.0,Kph,,,,2003,9.0,22.0,2003,9.0,22.0,2.0,,6000.0,6000.0,,,100000.0,175009.0,57.1400352670416,2004-01-30,2025-12-20
2003-0823-PHL,nat-met-sto-tro,Meteorological,Storm,Tropical cyclone,Ineng,PHL,Philippines,South-eastern Asia,Asia,"Region V (Bicol region), Region VIII (Eastern Visayas), Region X (Northern Mindanao) provinces",,,,,Kph,,,,2003,7.0,30.0,2003,7.0,31.0,,,3748.0,3748.0,,,146.0,256.0,57.1400352670416,2006-04-28,2025-12-20
2004-0144-IDN,nat-met-sto-tro,Meteorological,Storm,Tropical cyclone,,IDN,Indonesia,South-eastern Asia,Asia,"Cijeruk, Cipelang, Warung Menteng villages (Cijerik area, Bogor district, Jawa Barat province)",,,,,Kph,,,,2004,3.0,30.0,2004,3.0,30.0,,,1315.0,1315.0,,,,,58.6698092933412,2004-04-14,2025-12-20
2004-0468-TWN,nat-met-sto-tro,Meteorological,Storm,Tropical cyclone,Haima,TWN,Taiwan (Province of China),Eastern Asia,Asia,"Shichih, Wufeng, Nankang areas (Taiwan Sheng province)",,"Rain|Slide (land, mud, snow, rock)",,,Kph,,,,2004,9.0,12.0,2004,9.0,14.0,9.0,,6000.0,6000.0,,,2710.0,4619.0,58.6698092933412,2004-10-05,2025-12-20
2002-0204-IND,nat-met-sto-tro,Meteorological,Storm,Tropical cyclone,,IND,India,Southern Asia,Asia,West Bengal province,,,,,Kph,,,,2002,4.0,3.0,2002,4.0,3.0,9.0,50.0,,5050.0,,,416.0,745.0,55.8716960740501,2003-07-01,2025-12-20
2005-0102-TKL,nat-met-sto-tro,Meteorological,Storm,Tropical cyclone,Percy,TKL,Tokelau,Polynesia,Oceania,"Nukunonu, Atafu, Fakaofo islands (Tokelau province)",,,,249.0,Kph,,,,2005,2.0,28.0,2005,2.0,28.0,,1.0,,26.0,,,,,60.6603317527392,2005-03-14,2023-09-25
2005-0151-ASM,nat-met-sto-tro,Meteorological,Storm,Tropical cyclone,Olaf,ASM,American Samoa,Polynesia,Oceania,Manu'a island,,,,,Kph,,,,2005,2.0,16.0,2005,2.0,16.0,,,,,,,,,60.6603317527392,2005-04-01,2025-12-20
2005-0382-GRD,nat-met-sto-tro,Meteorological,Storm,Tropical cyclone,Emily,GRD,Grenada,Latin America and the Caribbean,Americas,"Grenada, Carriacou, and Petite Martinique",,"Flood|Slide (land, mud, snow, rock)",,137.0,Kph,,,,2005,7.0,14.0,2005,7.0,14.0,1.0,,,,,,44900.0,74019.0,60.6603317527392,2025-09-26,2025-09-26
2005-0540-CHN,nat-met-sto-tro,Meteorological,Storm,Tropical cyclone,Damrey,CHN,China,Eastern Asia,Asia,"Hainan Sheng, Guangdong Sheng, Guangxi Zhuangzu Zizhiqu provinces",,Rain,,198.0,Kph,,,,2005,9.0,26.0,2005,9.0,26.0,25.0,,5719000.0,5719000.0,,,1040000.0,1714465.0,60.6603317527392,2007-07-20,2025-12-20
2005-0567-GTM,nat-met-sto-tro,Meteorological,Storm,Tropical cyclone,Stan,GTM,Guatemala,Latin America and the Caribbean,Americas,"Escuintla, Jutiapa, Santa Rosa, Suchitepéquez, San Marcos, Quezaltenango, Huehuetenango, Solola, Totonicapan, Retalhuleu, Quiché, Sacatepequez, Chimaltenango provinces",,"Flood|Slide (land, mud, snow, rock)",25257.0,,Kph,,,,2005,10.0,1.0,2005,10.0,13.0,1513.0,386.0,474928.0,475314.0,,,988300.0,1629236.0,60.6603317527392,2007-02-15,2025-12-20
2005-0597-HTI,nat-met-sto-tro,Meteorological,Storm,Tropical cyclone,Alpha,HTI,Haiti,Latin America and the Caribbean,Americas,"Dame Marie, Les Irois villages (Anse-D'Ainault district, Grande Anse province), Carrefour, Gressier, Port-au-Prince villages (Port-Au-Prince district, Ouest province), Leogane district (Ouest province), Anse à Pitre village (Belle Anse district, Sud Est province), Jacmel district (Sud Est province), Anse Rouge village (Gros Morne district, Artibonite province), Hinche district (Centre province)",,"Flood|Slide (land, mud, snow, rock)",,,Kph,,,,2005,10.0,22.0,2005,10.0,24.0,12.0,17.0,2175.0,2192.0,,,,,60.6603317527392,2006-10-12,2025-12-20
2006-0272-CUB,nat-met-sto-tro,Meteorological,Storm,Tropical cyclone,Alberto,CUB,Cuba,Latin America and the Caribbean,Americas,Nueva Paz district (La Habana province),,Flood,,75.0,Kph,,,,2006,6.0,11.0,2006,6.0,11.0,,8.0,260.0,268.0,,,,,62.6171947810345,2006-06-13,2025-12-20
2006-0388-CHN,nat-met-sto-tro,Meteorological,Storm,Tropical cyclone,Kaemi,CHN,China,Eastern Asia,Asia,"Jiangxi Sheng, Fujian Sheng, Zhejiang Sheng, Guangdong Sheng, Hunan Sheng provinces",,"Flood|Slide (land, mud, snow, rock)",,,Kph,26.39,117.28,,2006,7.0,24.0,2006,7.0,28.0,109.0,,6531000.0,6531000.0,,,367000.0,586101.0,62.6171947810345,2007-01-06,2025-12-20
2006-0388-TWN,nat-met-sto-tro,Meteorological,Storm,Tropical cyclone,Kaemi,TWN,Taiwan (Province of China),Eastern Asia,Asia,Pingdong area (Taiwan Sheng province),,,,,Kph,26.39,117.28,,2006,7.0,24.0,2006,7.0,28.0,,,800.0,800.0,,,,,62.6171947810345,2007-01-06,2025-12-20
2006-0415-PHL,nat-met-sto-tro,Meteorological,Storm,Tropical cyclone,Henry,PHL,Philippines,South-eastern Asia,Asia,"Tarlac, Zambales, Nueva Ecija districts (Region III (Central Luzon) provinces)",,Rain,,,Kph,15.86,120.74,,2006,6.0,30.0,2006,8.0,2.0,8.0,,476027.0,476027.0,,,645.0,1030.0,62.6171947810345,2008-03-29,2025-12-20
2006-0466-HTI,nat-met-sto-tro,Meteorological,Storm,Tropical cyclone,Ernesto,HTI,Haiti,Latin America and the Caribbean,Americas,"Sud, Grande Anse, Ouest, Nippes, Artibonite provinces",,Flood,,,Kph,,,,2006,8.0,25.0,2006,8.0,26.0,5.0,,15000.0,15000.0,,,,,62.6171947810345,2006-09-16,2025-12-20
2006-0505-MEX,nat-met-sto-tro,Meteorological,Storm,Tropical cyclone,Lane,MEX,Mexico,Latin America and the Caribbean,Americas,"Culiacan, Elota, Mazatlan, Escuinapa, El Rosario, San Ignacio, Salvador Alvarado, Concordia, Cosala districts (Sinaloa province)",,"Flood|Slide (land, mud, snow, rock)",,250.0,Kph,24.47,-107.04,,2006,9.0,16.0,2006,9.0,18.0,4.0,,240700.0,240700.0,,,2700.0,4312.0,62.6171947810345,2007-01-07,2025-12-20
2006-0517-CHN,nat-met-sto-tro,Meteorological,Storm,Tropical cyclone,Xangsane (Milenyo),CHN,China,Eastern Asia,Asia,"Guangdong Sheng, Guangxi Zhuangzu Zizhiqu, Hainan Sheng provinces",,,,,Kph,,,,2006,10.0,,2006,10.0,,1.0,12.0,,12.0,,,,,62.6171947810345,2007-01-02,2025-12-20
2006-0517-VNM,nat-met-sto-tro,Meteorological,Storm,Tropical cyclone,Xangsane (Milenyo),VNM,Viet Nam,South-eastern Asia,Asia,"Ha Tinh, Thua Thien - Hue, Da Nang City, Quang Nam, Quang Ngai provinces",,,,148.0,Kph,16.68,107.21,,2006,9.0,27.0,2006,10.0,6.0,71.0,525.0,1368720.0,1467925.0,,,624000.0,996531.0,62.6171947810345,2007-01-07,2025-12-20
2000-0107-MOZ,nat-met-sto-tro,Meteorological,Storm,Tropical cyclone,"Eline, Gloria",MOZ,Mozambique,Sub-Saharan Africa,Africa,"Cabo Delgado, Gaza, Inhambane, Manica, Nampula, Niassa, Sofala, Tete, Zambezia, Maputo, Lago niassa provinces",,,,,Kph,,,,2000,2.0,18.0,2000,2.0,23.0,17.0,,,,,,1000.0,1870.0,53.4877366816787,2007-04-17,2025-12-20
2006-0600-PHL,nat-met-sto-tro,Meteorological,Storm,Tropical cyclone,Cimaron (Paeng),PHL,Philippines,South-eastern Asia,Asia,"Cagayan, Quirino, Isabela, Nueva Vizcaya districts (Region II (Cagayan Valley) province), Benguet, Kalinga districts (Cordillera Administrative region (CAR) province), Aurora district (Region III (Central Luzon) province), La Union district (Region I (Ilocos region) province)",,"Flood|Slide (land, mud, snow, rock)",,230.0,Kph,17.02,121.82,,2006,10.0,30.0,2006,11.0,1.0,34.0,58.0,282963.0,283021.0,,,9077.0,14496.0,62.6171947810345,2007-03-15,2025-12-20
2006-0604-MEX,nat-met-sto-tro,Meteorological,Storm,Tropical cyclone,Paul,MEX,Mexico,Latin America and the Caribbean,Americas,"La Reforma area (Culiacan district, Sinaloa province)",,Flood,,,Kph,24.93,-107.53,,2006,10.0,25.0,2006,10.0,28.0,4.0,,20000.0,20000.0,,,,,62.6171947810345,2007-01-07,2023-09-25
2006-0610-PHL,nat-met-sto-tro,Meteorological,Storm,Tropical cyclone,Queenie (Chebi),PHL,Philippines,South-eastern Asia,Asia,"Isabela district (Region II (Cagayan Valley) province), Aurora, Nueva Ecija districts (Region III (Central Luzon) province)",,"Slide (land, mud, snow, rock)",,130.0,Kph,,,,2006,11.0,13.0,2006,11.0,13.0,6.0,10.0,21250.0,21260.0,,,,,62.6171947810345,2006-11-29,2025-12-20
2006-0648-VNM,nat-met-sto-tro,Meteorological,Storm,Tropical cyclone,Durian (Reming),VNM,Viet Nam,South-eastern Asia,Asia,"Ba Ria-Vung Tau, Ben Tre, Binh Thuan, Vinh Long, Tien Giang, Khanh Hao, An Giang, Tra Vinh, Long An, Dong Thap, Ho Chi Ming City, Can Tho City provinces",,Flood,467.0,,Kph,10.33,106.74,,2006,11.0,30.0,2006,12.0,8.0,95.0,1360.0,975000.0,1226360.0,,,456000.0,728234.0,62.6171947810345,2007-01-07,2025-12-20
2007-0164-IRN,nat-met-sto-tro,Meteorological,Storm,Tropical cyclone,Cyclone 'Gonu',IRN,Iran (Islamic Republic of),Southern Asia,Asia,"Ghalehganj villages (Kahnug district, Kerman province), Chahbahar, Zarabad, Konarak, Kahir villages (Chahbahar district, Sistan-o baluchestan province), Sarbaz, Iranshahr villages (Iranshahr district, Sistan-o baluchestan province), Zahedan, Khash, Saravan, Nikshahr districts (Sistan-o baluchestan province), Jask, Bandar-e abbas, Geshm districts (Hormozgan province)",,Flood,,220.0,Kph,,,,2007,6.0,6.0,2007,6.0,10.0,12.0,9.0,185000.0,185009.0,,,,,64.4034636847652,2008-08-04,2025-12-20
2007-0227-BGD,nat-met-sto-tro,Meteorological,Storm,Tropical cyclone,,BGD,Bangladesh,Southern Asia,Asia,"Cox's Bazar, Chittagong districts (Chittagong province)",,,,88.0,Kph,,,,2007,5.0,15.0,2007,5.0,15.0,41.0,,,225.0,,,,,64.4034636847652,2008-08-04,2025-12-20
2009-0265-PHL,nat-met-sto-tro,Meteorological,Storm,Tropical cyclone,"Tropical Storm ""Isang"" (Molave)",PHL,Philippines,South-eastern Asia,Asia,"Dingras, Nueva Era, Paoay, Batac, Adams, Pinili, Piddig, San Nicolas, Banna, Marcos, Solsona, Sarrat, Pasuqion areas (Ilocos Norte district, Region I (Ilocos region) province), Naic, Kawit, Noveleta, Bacoor, Cavite areas (Cavite district, Region IV-A (Calabarzon) province), San Mateo, Rodriguez areas (Rizal district, Region IV-A (Calabarzon) province), Passig, Las Pinas, Marikina, Quezon, Taguig areas (Metropolitan Manila district, National Capital region (NCR) province)",,,,,Kph,,,,2009,7.0,18.0,2009,7.0,18.0,5.0,1.0,248057.0,248058.0,,,,,66.6382010716644,2009-07-28,2025-12-20
2007-0439-MEX,nat-met-sto-tro,Meteorological,Storm,Tropical cyclone,Felix,MEX,Mexico,Latin America and the Caribbean,Americas,"Veracruz, Tamaulipas, San Luis Potosi provinces",,Flood,,,Kph,14.62,-83.64,,2007,9.0,4.0,2007,9.0,6.0,,,,30000.0,,,,,64.4034636847652,2008-08-04,2025-12-20
2007-0470-KOR,nat-met-sto-tro,Meteorological,Storm,Tropical cyclone,Nari (11),KOR,Republic of Korea,Eastern Asia,Asia,"Cheju-do, Chollanam-do provinces",,Flood,,,Kph,34.78,126.59,,2007,9.0,16.0,2007,9.0,19.0,20.0,2.0,,602.0,,,70000.0,108690.0,64.4034636847652,2008-08-04,2025-12-20
2007-0523-HTI,nat-met-sto-tro,Meteorological,Storm,Tropical cyclone,Noel,HTI,Haiti,Latin America and the Caribbean,Americas,"Port-au-Prince district (Ouest province), Gonaïves district (Artibonite province), Jacmel district (Sud Est province), Cayes district (Sud province)",,Flood,,,Kph,18.53,-70.06,,2007,10.0,28.0,2007,11.0,2.0,90.0,133.0,108630.0,108763.0,,,,,64.4034636847652,2009-05-29,2025-12-20
2007-0576-PHL,nat-met-sto-tro,Meteorological,Storm,Tropical cyclone,Mitag (Mina) (23),PHL,Philippines,South-eastern Asia,Asia,"Isabela district (Region II (Cagayan Valley) province), Camarines Sur, Camarines Norte districts (Region V (Bicol region) province)",,"Flood|Slide (land, mud, snow, rock)",,170.0,Kph,17.08,122.01,,2007,11.0,25.0,2007,12.0,2.0,29.0,6.0,443109.0,443115.0,,,5000.0,7764.0,64.4034636847652,2008-08-01,2025-12-20
2007-0591-AUS,nat-met-sto-tro,Meteorological,Storm,Tropical cyclone,George and Jacob,AUS,Australia,Australia and New Zealand,Oceania,"Darwin district (Northern Territory province), Ashburton, East Pilbara, Port Hedland, Roebourne districts (Western Australia province)",,Flood,,275.0,Kph,-13.67,131.92,,2007,3.0,2.0,2007,3.0,16.0,2.0,,730.0,820.0,,,100000.0,155271.0,64.4034636847652,2008-08-04,2025-12-20
2007-0612-PRI,nat-met-sto-tro,Meteorological,Storm,Tropical cyclone,Olga,PRI,Puerto Rico,Latin America and the Caribbean,Americas,San Juan province,,Flood,,,Kph,18.93,-71.03,,2007,12.0,11.0,2007,12.0,17.0,1.0,,,,,,,,64.4034636847652,2008-08-01,2025-12-20
2007-0655-FJI,nat-met-sto-tro,Meteorological,Storm,Tropical cyclone,Daman,FJI,Fiji,Melanesia,Oceania,"Cikobia island (Lau district, Eastern province)",,,,250.0,Kph,,,,2007,12.0,5.0,2007,12.0,7.0,,,69.0,69.0,,,652.0,1012.0,64.4034636847652,2008-08-01,2025-03-17
2007-0668-PHL,nat-met-sto-tro,Meteorological,Storm,Tropical cyclone,Goring,PHL,Philippines,South-eastern Asia,Asia,"Region IV (Southern Tagalog), Region VI (Western Visayas), Region VII (Central Visayas), Region VIII (Eastern Visayas), Autonomous region in Muslim Mindanao (ARMM), Region IX (Zamboanga Peninsula), Region X (Northern Mindanao), Region XI (Davao Region), Region XII (Soccsksargen), Region XIII (Caraga) provinces",,Flood,,,Kph,,,,2007,9.0,18.0,2007,9.0,18.0,1.0,,64000.0,64000.0,,,,,64.4034636847652,2008-01-10,2025-12-20
2008-0184-MMR,nat-met-sto-tro,Meteorological,Storm,Tropical cyclone,Cyclone 'Nargis',MMR,Myanmar,South-eastern Asia,Asia,"Labutta, Mawlamyinegyunn areas (Myaungmya district, Ayeyawaddy province), Ngapudaw area (Pathein district, Ayeyawaddy province), Bogale, Dedaye, Kyaiklat areas (Pyapon district, Ayeyawaddy province), Kungyangon, Kawhmu, Twantay, Kyauktan areas (Yangon(S) district, Yangon province), Bago (E), Bago (W), Kayin, Kayar, Mon provinces",,Flood,607329.0,215.0,Kph,,,,2008,5.0,2.0,2008,5.0,3.0,138366.0,20000.0,2400000.0,2420000.0,,,4000000.0,5981221.0,66.8759741789087,2010-02-09,2025-12-20
2008-0184-THA,nat-met-sto-tro,Meteorological,Storm,Tropical cyclone,Cyclone 'Nargis',THA,Thailand,South-eastern Asia,Asia,Tak province,,Flood,,,Kph,,,,2008,5.0,2.0,2008,5.0,3.0,,,,1000.0,,,,,66.8759741789087,2008-07-31,2025-12-20
2008-0233-BLZ,nat-met-sto-tro,Meteorological,Storm,Tropical cyclone,Tropical cyclone 'Arthur',BLZ,Belize,Latin America and the Caribbean,Americas,"Corozal, Orange Walk, Stann Creek provinces",,Flood,362.0,,Kph,17.3,-88.1,,2008,5.0,31.0,2008,6.0,5.0,7.0,,10000.0,10000.0,,,,,66.8759741789087,2010-02-09,2025-12-20
2008-0234-CRI,nat-met-sto-tro,Meteorological,Storm,Tropical cyclone,Alma,CRI,Costa Rica,Latin America and the Caribbean,Americas,"Parrita, Aguirre, Puntarenas districts (Puntarenas province), Canas, Bagaces, Abangares, Nandayure, Hojancha, Nicoya, Santa Cruz districts (Guanacaste province), Perez Zeledon, Tarrazu, Leon Cortes (San Jose province)",,"Flood|Slide (land, mud, snow, rock)",,,Kph,,,,2008,5.0,28.0,2008,5.0,28.0,4.0,,55000.0,55000.0,,,,,66.8759741789087,2009-05-29,2025-12-20
2008-0234-HND,nat-met-sto-tro,Meteorological,Storm,Tropical cyclone,Alma,HND,Honduras,Latin America and the Caribbean,Americas,Choluteca province,,,,,Kph,,,,2008,5.0,28.0,2008,5.0,28.0,,,,,,,,,66.8759741789087,2008-06-11,2025-12-20
2008-0249-CHN,nat-met-sto-tro,Meteorological,Storm,Tropical cyclone,Typhoon Fengshen (Franck),CHN,China,Eastern Asia,Asia,"Sichuan Sheng, Guangdong Sheng, Jiangxi Sheng provinces",,Flood,,,Kph,23.542,112.3,,2008,6.0,24.0,2008,6.0,27.0,14.0,,340000.0,340000.0,,,175000.0,261678.0,66.8759741789087,2010-02-09,2025-12-20
2008-0304-MEX,nat-met-sto-tro,Meteorological,Storm,Tropical cyclone,Hurricane Dolly,MEX,Mexico,Latin America and the Caribbean,Americas,"Tamaulipas, Veracruz, Yucatan, San Luis Potosi, Nuevo Leon, Coahuila provinces",,"Flood|Slide (land, mud, snow, rock)",,160.0,Kph,,,,2008,7.0,20.0,2008,7.0,21.0,2.0,,500000.0,500000.0,,,75000.0,112148.0,66.8759741789087,2009-01-06,2025-12-20
2008-0304-USA,nat-met-sto-tro,Meteorological,Storm,Tropical cyclone,Hurricane Dolly,USA,United States of America,Northern America,Americas,"Panama city beach (Bay district, Florida province), Aransas, Bexar, Brooks, Calhoun, Cameron, Hidalgo, Jim Wells, Kenedy, Kleberg, Nueces, Refugio, San Patricio, Starr, Victoria, Willacy districts (Texas province)",,Flood|Transport accident,,160.0,Kph,,,,2008,7.0,23.0,2008,7.0,23.0,,,,,600000.0,897183.0,1200000.0,1794366.0,66.8759741789087,2009-01-06,2025-12-20
2008-0329-HKG,nat-met-sto-tro,Meteorological,Storm,Tropical cyclone,"Tropical storm ""Kammuri"" (Julian)",HKG,"China, Hong Kong Special Administrative Region",Eastern Asia,Asia,Hong Kong,,,,,Kph,,,,2008,8.0,5.0,2008,8.0,5.0,,37.0,,37.0,,,,,66.8759741789087,2009-01-06,2025-12-20
2008-0329-PHL,nat-met-sto-tro,Meteorological,Storm,Tropical cyclone,"Tropical storm ""Kammuri"" (Julian)",PHL,Philippines,South-eastern Asia,Asia,"Quezon city (Metropolitan Manila district, National Capital region (NCR) province), Cordillera Administrative region (CAR), Region I (Ilocos region), Region III (Central Luzon) provinces",,Flood,,,Kph,,,,2008,8.0,4.0,2008,8.0,4.0,2.0,,4498.0,4498.0,,,,,66.8759741789087,2009-01-13,2025-12-20
2008-0329-VNM,nat-met-sto-tro,Meteorological,Storm,Tropical cyclone,"Tropical storm ""Kammuri"" (Julian)",VNM,Viet Nam,South-eastern Asia,Asia,"Lao Cai, Yen Bai, Phu Tho, Bac Kan, Quang Ninh, Ha Giang, Tuyen Quang, Lai Chau, Son La provinces",,"Flood|Slide (land, mud, snow, rock)",,,Kph,22.05,105.21,,2008,8.0,8.0,2008,8.0,11.0,162.0,90.0,52630.0,57630.0,,,120000.0,179437.0,66.8759741789087,2009-01-06,2025-12-20
2008-0338-CUB,nat-met-sto-tro,Meteorological,Storm,Tropical cyclone,"Tropical Storm ""Fay""",CUB,Cuba,Latin America and the Caribbean,Americas,"Cienfuegos, Sancti Spiritus, Guantanamo, Santiago de Cuba, Granma, Villa Clara, Ciego de Avila, Camgguey, Las Tunas, Holguín provinces",,,,85.0,Kph,,,,2008,8.0,20.0,2008,8.0,20.0,,,,,,,,,66.8759741789087,2009-01-06,2025-12-20
2008-0338-JAM,nat-met-sto-tro,Meteorological,Storm,Tropical cyclone,"Tropical Storm ""Fay""",JAM,Jamaica,Latin America and the Caribbean,Americas,"Clarendon, Hanover, Manchester, Portland, Saint Andrew And Kingston, Saint Ann, Saint Catherine, Saint Elizabeth, Saint James, Saint Mary, Saint Thomas, Trelawny, Westmoreland provinces",,,,,Kph,,,,2008,8.0,18.0,2008,8.0,24.0,1.0,,,,,,,,66.8759741789087,2009-01-06,2025-12-20
2008-0352-CYM,nat-met-sto-tro,Meteorological,Storm,Tropical cyclone,"Hurricane ""Gustav""",CYM,Cayman Islands,Latin America and the Caribbean,Americas,"Grand Cayman, Little Cayman, Cayman Brac provinces",,,,,Kph,,,,2008,8.0,26.0,2008,8.0,26.0,,,,,,,,,66.8759741789087,2008-09-03,2025-12-20
2008-0352-HTI,nat-met-sto-tro,Meteorological,Storm,Tropical cyclone,"Hurricane ""Gustav""",HTI,Haiti,Latin America and the Caribbean,Americas,"Sud Est, Sud, Nippes, Ouest, Grande Anse, Artibonite, Centre provinces",,Flood,,,Kph,,,,2008,8.0,26.0,2008,8.0,26.0,85.0,36.0,72970.0,73006.0,,,,,66.8759741789087,2008-09-16,2025-12-20
2008-0378-DOM,nat-met-sto-tro,Meteorological,Storm,Tropical cyclone,Hurricane 'Hanna',DOM,Dominican Republic,Latin America and the Caribbean,Americas,"Monte Cristi, Puerto Plata provinces",,Rain,,110.0,Kph,,,,2008,9.0,3.0,2008,9.0,3.0,1.0,,10745.0,10745.0,,,,,66.8759741789087,2009-01-12,2025-12-20
2008-0378-TCA,nat-met-sto-tro,Meteorological,Storm,Tropical cyclone,Hurricane 'Hanna',TCA,Turks and Caicos Islands,Latin America and the Caribbean,Americas,Providenciales and West Caicos province,,Flood,,,Kph,,,,2008,9.0,1.0,2008,9.0,1.0,,,750.0,750.0,,,,,66.8759741789087,2009-01-12,2025-12-20
2008-0384-BHS,nat-met-sto-tro,Meteorological,Storm,Tropical cyclone,Hurricane Ike,BHS,Bahamas,Latin America and the Caribbean,Americas,"Great Inagua, Mayaguana, Acklins, Crooked, Raaged Islands (Administrative unit not available)",,,,215.0,Kph,,,,2008,9.0,7.0,2008,9.0,7.0,,,3000.0,3000.0,,,,,66.8759741789087,2008-09-23,2025-12-20
2008-0426-CHN,nat-met-sto-tro,Meteorological,Storm,Tropical cyclone,"Typhoon ""Hagupit"" (Nina)",CHN,China,Eastern Asia,Asia,"Maoming, Yangjiang, Zhanjiang districts (Guangdong province), Guangxi Zhuangzu Zizhiqu, Sichuan Sheng provinces",,,,,Kph,,,,2008,9.0,24.0,2008,9.0,25.0,12.0,,,,,,824000.0,1232132.0,66.8759741789087,2009-01-06,2025-12-20
2008-0426-TWN,nat-met-sto-tro,Meteorological,Storm,Tropical cyclone,"Typhoon ""Hagupit"" (Nina)",TWN,Taiwan (Province of China),Eastern Asia,Asia,Taiwan Sheng province,,,,,Kph,,,,2008,9.0,23.0,2008,9.0,23.0,1.0,,,,,,,,66.8759741789087,2009-01-06,2025-12-20
2008-0441-TWN,nat-met-sto-tro,Meteorological,Storm,Tropical cyclone,"Typhoon ""Jangmi"" (Ofel)",TWN,Taiwan (Province of China),Eastern Asia,Asia,Yilan areas (Taiwan Sheng province),,Flood,,227.0,Kph,,,,2008,9.0,28.0,2008,9.0,28.0,3.0,60.0,,60.0,65000.0,97195.0,90000.0,134577.0,66.8759741789087,2009-03-19,2025-12-20
2008-0442-TWN,nat-met-sto-tro,Meteorological,Storm,Tropical cyclone,"Typhoon ""Sinlaku""",TWN,Taiwan (Province of China),Eastern Asia,Asia,"Nantou, Taizhong areas (Taiwan Sheng province)",,"Flood|Slide (land, mud, snow, rock)",,,Kph,,,,2008,9.0,16.0,2008,9.0,16.0,22.0,20.0,,20.0,,,26400.0,39476.0,66.8759741789087,2009-01-14,2025-12-20
2008-0552-VNM,nat-met-sto-tro,Meteorological,Storm,Tropical cyclone,"Tropical storm ""Noul""",VNM,Viet Nam,South-eastern Asia,Asia,"Phu Yen, Khanh Hoa, Binh Dinh, Lam Dong, Ninh Thuan, Quang Nam provinces",,Flood,,,Kph,15.7,107.71,,2008,11.0,17.0,2008,11.0,20.0,17.0,8.0,8585.0,8828.0,,,1000.0,1495.0,66.8759741789087,2009-03-18,2025-12-20
2008-0648-BGD,nat-met-sto-tro,Meteorological,Storm,Tropical cyclone,"Cyclone ""Reshmi""",BGD,Bangladesh,Southern Asia,Asia,"Barisal, Patuakhali districts (Barisal province)",,Flood,,80.0,Kph,,,,2008,10.0,27.0,2008,10.0,27.0,15.0,200.0,,200.0,,,,,66.8759741789087,2009-03-18,2025-12-20
2009-0123-MOZ,nat-met-sto-tro,Meteorological,Storm,Tropical cyclone,"Tropical storm ""Izilda""",MOZ,Mozambique,Sub-Saharan Africa,Africa,Zambezia province,,Flood,,130.0,Kph,,,,2009,3.0,26.0,2009,3.0,27.0,,3.0,600.0,7103.0,,,3000.0,4502.0,66.6382010716644,2010-03-05,2025-12-20
2009-0204-BTN,nat-met-sto-tro,Meteorological,Storm,Tropical cyclone,"Cyclone ""Aila""",BTN,Bhutan,Southern Asia,Asia,"Chhukha, Dagana, Gasa, Haa, Paro, Punakha, Samtse, Thimphu, Tsirang, Wangduephodrang provinces",,,,,Kph,,,,2009,5.0,25.0,2009,5.0,26.0,12.0,,,,,,,,66.6382010716644,2010-01-15,2025-12-20
2009-0316-JPN,nat-met-sto-tro,Meteorological,Storm,Tropical cyclone,"Typhoon ""Etau""",JPN,Japan,Eastern Asia,Asia,"Hyoogo, Okayama provinces",,Flood,,,Kph,,,,2009,8.0,10.0,2009,8.0,10.0,12.0,,2000.0,2000.0,,,,,66.6382010716644,2009-08-13,2025-12-20
2009-0342-CAN,nat-met-sto-tro,Meteorological,Storm,Tropical cyclone,Hurricane Bill,CAN,Canada,Northern America,Americas,"Nova Scotia, Newfoundland and Labrador provinces",,,,,Kph,,,,2009,8.0,23.0,2009,8.0,23.0,,3.0,,3.0,,,,,66.6382010716644,2009-09-10,2025-12-20
2009-0342-USA,nat-met-sto-tro,Meteorological,Storm,Tropical cyclone,Hurricane Bill,USA,United States of America,Northern America,Americas,Maine province,,Surge,,,Kph,,,,2009,8.0,23.0,2009,8.0,23.0,3.0,9.0,,9.0,,,,,66.6382010716644,2009-09-10,2025-12-20
2009-0384-MEX,nat-met-sto-tro,Meteorological,Storm,Tropical cyclone,Hurricane Jimena,MEX,Mexico,Latin America and the Caribbean,Americas,"Loreto district (Zacatecas province), Comondu, Mulege, Baja California Sur districts (Baja California Sur province)",,"Flood|Slide (land, mud, snow, rock)",,206.0,Kph,,,,2009,9.0,2.0,2009,9.0,3.0,4.0,,72000.0,72000.0,,,40000.0,60026.0,66.6382010716644,2010-08-16,2025-12-20
2009-0422-CHN,nat-met-sto-tro,Meteorological,Storm,Tropical cyclone,"Typhoon ""Pepeng"" (Parma)",CHN,China,Eastern Asia,Asia,"Hainan Sheng, Guangdong Sheng provinces",,,,,Kph,,,,2009,10.0,13.0,2009,10.0,13.0,3.0,,,,,,35000.0,52522.0,66.6382010716644,2010-01-15,2025-12-20
2009-0477-NIC,nat-met-sto-tro,Meteorological,Storm,Tropical cyclone,"Hurricane ""Ida""",NIC,Nicaragua,Latin America and the Caribbean,Americas,"Atlantico Sur, Atlantico Norte provinces",,Flood,,140.0,Kph,,,,2009,11.0,5.0,2009,11.0,5.0,,,19897.0,19897.0,,,,,66.6382010716644,2009-11-16,2025-12-20
2009-0477-SLV,nat-met-sto-tro,Meteorological,Storm,Tropical cyclone,"Hurricane ""Ida""",SLV,El Salvador,Latin America and the Caribbean,Americas,"San Vicente, San Salvador, Cabanas, Cuscatlan, La Paz, La Libertad, Usulutan provinces",,"Flood|Slide (land, mud, snow, rock)",16597.0,,Kph,13.77,-89.0,,2009,11.0,7.0,2009,11.0,9.0,275.0,,75000.0,90000.0,,,939000.0,1409102.0,66.6382010716644,2014-07-28,2025-12-20
2009-0609-IND,nat-met-sto-tro,Meteorological,Storm,Tropical cyclone,Cyclone Phyan,IND,India,Southern Asia,Asia,"Gujarat, Madhya Pradesh, Maharashtra provinces",,,,,Kph,,,,2009,11.0,11.0,2009,11.0,12.0,20.0,,,,,,300000.0,450192.0,66.6382010716644,2010-03-08,2025-12-20
2010-0106-FJI,nat-met-sto-tro,Meteorological,Storm,Tropical cyclone,"Cyclone ""Tomas""",FJI,Fiji,Melanesia,Oceania,"Central, Easter, Northern, Western provinces",,Flood,1973.0,250.0,Kph,,,,2010,3.0,14.0,2010,3.0,16.0,2.0,,39101.0,39101.0,,,39427.0,58211.0,67.7310945291778,2014-05-12,2025-12-20
2010-0171-IND,nat-met-sto-tro,Meteorological,Storm,Tropical cyclone,,IND,India,Southern Asia,Asia,"Bihar, West Bengal, Assam provinces",,,,,Kph,,,,2010,4.0,13.0,2010,4.0,14.0,114.0,,,500000.0,,,,,67.7310945291778,2010-04-26,2025-12-20
2010-0332-HKG,nat-met-sto-tro,Meteorological,Storm,Tropical cyclone,Typhoon Chanthu,HKG,"China, Hong Kong Special Administrative Region",Eastern Asia,Asia,Hong Kong,,,,,Kph,,,,2010,7.0,21.0,2010,7.0,23.0,1.0,,15000.0,15000.0,,,,,67.7310945291778,2011-01-10,2025-12-20
2010-0211-GTM,nat-met-sto-tro,Meteorological,Storm,Tropical cyclone,Hurricane 'Agatha',GTM,Guatemala,Latin America and the Caribbean,Americas,"Guatemala district (Guatemala province), Alta Verapaz, El Progreso, Zacapa, Izabal, Sololá, Quetzaltenango, Retalhuleu, Suchitepéquez, Sacatepéque, Escuintla, Totonicapan, Huethuetenango, Quiché provinces",,"Slide (land, mud, snow, rock)",,,Kph,,,,2010,5.0,28.0,2010,6.0,1.0,174.0,154.0,397808.0,397962.0,,,650000.0,959677.0,67.7310945291778,2014-07-28,2025-12-20
2010-0211-HND,nat-met-sto-tro,Meteorological,Storm,Tropical cyclone,Hurricane 'Agatha',HND,Honduras,Latin America and the Caribbean,Americas,"Copan, Santa Barbara, Cortes, Yoro, Paraiso, Francisco Morazan, Choluteca, Valle, La Paz, Intibuca, Lempira, Ocotepeque, Comayagua provinces",,,,,Kph,,,,2010,5.0,29.0,2010,5.0,29.0,18.0,4.0,16673.0,24675.0,,,90000.0,132878.0,67.7310945291778,2014-07-28,2025-12-20
2010-0260-GTM,nat-met-sto-tro,Meteorological,Storm,Tropical cyclone,"Tropical storm ""Alex""",GTM,Guatemala,Latin America and the Caribbean,Americas,"Santa Lucía Utatlán district (Solola province), Suchitepéquez, San Marcos, Jutiapa provinces",,,,,Kph,,,,2010,6.0,27.0,2010,6.0,27.0,,,2180.0,2180.0,,,,,67.7310945291778,2014-07-28,2025-12-20
2010-0260-MEX,nat-met-sto-tro,Meteorological,Storm,Tropical cyclone,"Tropical storm ""Alex""",MEX,Mexico,Latin America and the Caribbean,Americas,"Nuevo Leon, Coahuila, Tamaulipas, Oaxaca provinces",,Flood,224.0,135.0,Kph,,,,2010,6.0,30.0,2010,7.0,7.0,22.0,,170000.0,170000.0,,,2000000.0,2952854.0,67.7310945291778,2014-07-28,2025-12-20
2010-0260-SLV,nat-met-sto-tro,Meteorological,Storm,Tropical cyclone,"Tropical storm ""Alex""",SLV,El Salvador,Latin America and the Caribbean,Americas,San Miguel province,,Rain,,,Kph,,,,2010,6.0,27.0,2010,6.0,27.0,6.0,,500.0,500.0,,,,,67.7310945291778,2010-07-12,2025-12-20
2010-0383-PHL,nat-met-sto-tro,Meteorological,Storm,Tropical cyclone,Tropical storm Ester (Dianmu),PHL,Philippines,South-eastern Asia,Asia,"Sitio Sabitan area (Santo Rosario borough, Malolos city, Bulacan district, Region III (Central Luzon) province), Navostas area (Metropolitan Manila district, National Capital region (NCR) province), Region IV (Southern Tagalog) province",,Transport accident,,95.0,Kph,,,,2010,8.0,9.0,2010,8.0,9.0,31.0,,1045.0,1045.0,,,,,67.7310945291778,2010-12-07,2025-12-20
2010-0468-USA,nat-met-sto-tro,Meteorological,Storm,Tropical cyclone,Hurricane Earl,USA,United States of America,Northern America,Americas,"North Carolina, Virginia, Maryland, Massachusetts, Rhode Island provinces",,Rain,,,Kph,,,,2010,9.0,3.0,2010,9.0,3.0,1.0,,,,,,100000.0,147643.0,67.7310945291778,2010-10-14,2025-12-20
2010-0494-MEX,nat-met-sto-tro,Meteorological,Storm,Tropical cyclone,Hurricane 'Karl',MEX,Mexico,Latin America and the Caribbean,Americas,"Campeche, Veracruz, Tabasco, Puebla provinces",,Flood,50.0,195.0,Kph,,,,2010,9.0,15.0,2010,9.0,17.0,12.0,,230000.0,230000.0,150000.0,221464.0,3900000.0,5758064.0,67.7310945291778,2011-03-03,2025-12-20
2010-0503-BLZ,nat-met-sto-tro,Meteorological,Storm,Tropical cyclone,Tropical storm Matthew,BLZ,Belize,Latin America and the Caribbean,Americas,"Toledo, Stann Creek provinces",,,,,Kph,,,,2010,9.0,25.0,2010,9.0,25.0,,,,,,,,,67.7310945291778,2010-10-04,2025-12-20
2010-0503-NIC,nat-met-sto-tro,Meteorological,Storm,Tropical cyclone,Tropical storm Matthew,NIC,Nicaragua,Latin America and the Caribbean,Americas,"Atlantico Norte, Atlantico Sur, Boaco, Carazo, Chinandega, Chontales, Esteli, Granada, Jinotega, Leon, Madriz, Managua, Masaya, Matagalpa, Nueva Segovia, Rio San Juan, Rivas provinces",,,,,Kph,,,,2010,9.0,24.0,2010,9.0,24.0,,,,,,,,,67.7310945291778,2010-10-04,2025-12-20
2010-0503-VEN,nat-met-sto-tro,Meteorological,Storm,Tropical cyclone,Tropical storm Matthew,VEN,Venezuela (Bolivarian Republic of),Latin America and the Caribbean,Americas,"Distrito Capital, Sucre provinces",,"Flood|Slide (land, mud, snow, rock)",,,Kph,,,,2010,9.0,24.0,2010,9.0,24.0,8.0,,,,,,,,67.7310945291778,2010-10-14,2025-12-20
2010-0543-CHN,nat-met-sto-tro,Meteorological,Storm,Tropical cyclone,Typhoon Megi (Juan),CHN,China,Eastern Asia,Asia,Fujian Sheng province,,,,,Kph,,,,2010,10.0,22.0,2010,10.0,22.0,,,,,,,420000.0,620099.0,67.7310945291778,2014-07-28,2025-12-20
2010-0571-BRB,nat-met-sto-tro,Meteorological,Storm,Tropical cyclone,Hurricane Tomas,BRB,Barbados,Latin America and the Caribbean,Americas,"St. John, St. Andrew, St. Joseph, St. Michael, St. George provinces",,,,,Kph,,,,2010,10.0,29.0,2010,10.0,29.0,,,2500.0,2500.0,,,,,67.7310945291778,2011-03-17,2025-12-20
2010-0571-HTI,nat-met-sto-tro,Meteorological,Storm,Tropical cyclone,Hurricane Tomas,HTI,Haiti,Latin America and the Caribbean,Americas,"Port-au-Prince, Leogane districts (Ouest province), Cayes district (Sud province), Jacmel district (Sud Est province), Grande Anse province",,Flood,,130.0,Kph,20.48,-75.88,,2010,11.0,4.0,2010,11.0,5.0,21.0,,5020.0,5020.0,,,,,67.7310945291778,2010-11-26,2025-12-20
2011-0057-MDG,nat-met-sto-tro,Meteorological,Storm,Tropical cyclone,Tropical Cyclone'Bingiza',MDG,Madagascar,Sub-Saharan Africa,Africa,"Vohipeno, Mananjary districts (Vatovavy Fitovinany province), Vatomandry district (Atsinanana province), Mahajanga II, Ambato Boeni, Soalala districts (Boeny province), Port-Berge (Boriziny-Vaovao), Mampikony, Befandriana Nord, Mandritsara districts (Sofia province), Iakora district (Ihorombe province), Miandrivazo, Manja districts (Menabe province), Sambava, Antalaha districts (Sava province), Ambohidratrimo district (Analmanga province), Morafenobe, Maintirano districts (Melaky province), Ambovombe-Androy, Bekily, Tsihombe districts (Androy province), Anosy, Atsimo Atsinanana, Analanjirofo provinces",,Flood,2091.0,180.0,Kph,,,,2011,2.0,14.0,2011,2.0,16.0,35.0,73.0,89297.0,115215.0,,,,,69.869263508865,2014-07-28,2025-12-20
2011-0203-PHL,nat-met-sto-tro,Meteorological,Storm,Tropical cyclone,"Tropical storm ""Dodong"" (Sarika)",PHL,Philippines,South-eastern Asia,Asia,"National Capital region (NCR), Region III (Central Luzon), Region IV (Southern Tagalog), Region IV-A (Calabarzon) provinces",,"Flood|Slide (land, mud, snow, rock)",,,Kph,,,,2011,6.0,9.0,2011,6.0,10.0,9.0,1.0,1151.0,1152.0,,,,,69.869263508865,2012-01-03,2025-12-20
2011-0228-MEX,nat-met-sto-tro,Meteorological,Storm,Tropical cyclone,"Tropical storm ""Beatrix""",MEX,Mexico,Latin America and the Caribbean,Americas,"Guerrero, Colima, Jalisco, Michoacan, Oaxaca provinces",,"Flood|Slide (land, mud, snow, rock)",,110.0,Kph,,,,2011,6.0,20.0,2011,6.0,20.0,3.0,,450.0,450.0,,,,,69.869263508865,2011-07-29,2025-12-20
2011-0279-CHN,nat-met-sto-tro,Meteorological,Storm,Tropical cyclone,"Typhoon ""Kabayan"" (Muifa)",CHN,China,Eastern Asia,Asia,"Shanghai Shi, Shandong Sheng, Liaoning Sheng, Jiangsu Sheng, Zhejiang Sheng",,Flood,,,Kph,,,,2011,8.0,4.0,2011,8.0,8.0,,,3649800.0,3649800.0,,,482585.0,690697.0,69.869263508865,2014-07-28,2025-12-20
2011-0379-PHL,nat-met-sto-tro,Meteorological,Storm,Tropical cyclone,Typhoon Pedring (Nesat),PHL,Philippines,South-eastern Asia,Asia,"Mindoro Occidental, Mindoro Oriental, Romblon districts (Region IV (Southern Tagalog) province), Albay, Camarines Norte, Camarines Sur, Catanduanes districts (Region V (Bicol region) province), Antique, Iloilo districts (Region VI (Western Visayas) province), Cordillera Administrative region (CAR), National Capital region (NCR), Region I (Ilocos region), Region II (Cagayan Valley), Region III (Central Luzon), Region IV-A (Calabarzon) province",,,1767.0,,Kph,,,,2011,9.0,24.0,2011,9.0,24.0,103.0,91.0,3030755.0,3030846.0,,,344173.0,492596.0,69.869263508865,2011-10-25,2025-12-20
2011-0385-MEX,nat-met-sto-tro,Meteorological,Storm,Tropical cyclone,Hurricane Jova,MEX,Mexico,Latin America and the Caribbean,Americas,"Puerto Vallarta district (Jalisco province), Manzanillo district (Colima province), Michoacan, Nayarit provinces",,"Flood|Slide (land, mud, snow, rock)",71.0,160.0,Kph,,,,2011,10.0,10.0,2011,11.0,1.0,5.0,,50000.0,50000.0,,,27700.0,39645.0,69.869263508865,2012-04-04,2025-12-20
2011-0555-PHL,nat-met-sto-tro,Meteorological,Storm,Tropical cyclone,Typhoon Chedeng (Songda),PHL,Philippines,South-eastern Asia,Asia,"Taguig city (Metropolitan Manila district, National Capital region (NCR) province), Isabela district (Region II (Cagayan Valley) province), Albay, Camarines Norte, Camarines Sur, Catanduanes, Sorsogon districts (Region V (Bicol region) province), Zamboanga del Sur district (Region IX (Zamboanga Peninsula) province), Bukidnon district (Region X (Northern Mindanao) province), Compostela, Davao del Norte districts (Region XI (Davao Region) province), Lanao del Sur, Maguindanao districts (Autonomous region in Muslim Mindanao (ARMM) province)",,Flood,,,Kph,,,,2011,5.0,20.0,2011,5.0,29.0,,,446907.0,446907.0,,,431.0,617.0,69.869263508865,2011-12-29,2025-12-20
2011-0576-VNM,nat-met-sto-tro,Meteorological,Storm,Tropical cyclone,Tropical Storm Haima (Egay),VNM,Viet Nam,South-eastern Asia,Asia,"Bac Giang, Bac Kan, Bac Ninh, Cao Bang, Dien Bien, Ha Giang, Ha Nam, Ha Noi City, Ha Tay, Hai Duong, Hai Phong City, Hoa Binh, Hung Yen, Lai Chau, Lang Son, Lao Cai, Nam Dinh, Ninh Binh, Phu Tho, Quang Ninh, Son La, Thai Binh, Thai Nguyen, Thanh Hoa, Tuyen Quang, Vinh Phuc, Yen Bai, Binh Dinh, Da Nang City, Gia Lai, Ha Tinh, Kon Tum, Nghe An, Quang Binh, Quang Nam, Quang Ngai, Quang Tri, Thua Thien - Hue provinces",,,,,Kph,,,,2011,6.0,19.0,2011,6.0,24.0,,,,,,,,,69.869263508865,2012-01-05,2025-12-20
2012-0005-MOZ,nat-met-sto-tro,Meteorological,Storm,Tropical cyclone,Cyclone Funso,MOZ,Mozambique,Sub-Saharan Africa,Africa,"Nicoadala, Cidade de Quelimane, Chinde, Pebane, Maganja da Costa, Namacurra, Gurue, Mocuba districts (Zambezia province), Mossuril, Nacal-A-Velha districts (Nampula province)",,Flood,,212.0,Kph,,,,2012,1.0,20.0,2012,1.0,22.0,10.0,,65000.0,65000.0,,,,,71.3150877335761,2013-02-03,2025-12-20
2012-0005-MWI,nat-met-sto-tro,Meteorological,Storm,Tropical cyclone,Cyclone Funso,MWI,Malawi,Sub-Saharan Africa,Africa,Nsanje district (Southern Region province),,Flood,,,Kph,,,,2012,1.0,,2012,1.0,,,,6000.0,6000.0,,,,,71.3150877335761,2014-04-30,2025-12-20
2012-0006-ZAF,nat-met-sto-tro,Meteorological,Storm,Tropical cyclone,Tropical Storm Dando,ZAF,South Africa,Sub-Saharan Africa,Africa,"Limpopo, Mpumalanga provinces",,Flood,,,Kph,,,,2012,1.0,,2012,1.0,,,,1350.0,1350.0,,,,,71.3150877335761,2012-01-31,2025-12-20
2012-0259-VNM,nat-met-sto-tro,Meteorological,Storm,Tropical cyclone,Typhoon Vicente,VNM,Viet Nam,South-eastern Asia,Asia,"Bac Kan, Cao Bang, Ha Giang, Lang Son, Tuyen Quang provinces",,"Flood|Slide (land, mud, snow, rock)",,,Kph,,,,2012,7.0,26.0,2012,7.0,27.0,10.0,3.0,,3.0,,,,,71.3150877335761,2012-08-02,2025-12-20
2012-0260-PHL,nat-met-sto-tro,Meteorological,Storm,Tropical cyclone,Tropical storm Gener (Saola),PHL,Philippines,South-eastern Asia,Asia,"Ilocos Sur, Pangasinan districts (Region I (Ilocos region) province), Cagayan district (Region II (Cagayan Valley) province), Bataan, Bulacan, Nueva Ecija, Pampanga, Tarlac districts (Region III (Central Luzon) province), Batangas, Cavite, Laguna, Rizal district (Region IV-A (Calabarzon) province), Mindoro Occidental district (Region IV (Southern Tagalog) province), Aklan, Antique, Iloilo, Negros Occidental districts (Region VI (Western Visayas) province), Cebu district (Region VII (Central Visayas) province), Lanao del Norte, Misamis Oriental districts (Region X (Northern Mindanao) province), North Cotabato, South Cotabato districts (Region XII (Soccsksargen) province), Benguet, Ifugao, Kalinga, Mountain Province districts (Cordillera Administrative region (CAR) province), National Capital region (NCR) province",,Flood,,150.0,Kph,,,,2012,7.0,31.0,2012,8.0,7.0,58.0,35.0,949051.0,949086.0,,,9821.0,13771.0,71.3150877335761,2012-08-13,2026-03-12
2012-0294-PHL,nat-met-sto-tro,Meteorological,Storm,Tropical cyclone,TYphoon Kai-Tak,PHL,Philippines,South-eastern Asia,Asia,"Cordillera Administrative region (CAR), National Capital region (NCR), Region I (Ilocos region), Region II (Cagayan Valley), Region III (Central Luzon), Region IV-A (Calabarzon) provinces",,,,,Kph,,,,2012,8.0,17.0,2012,8.0,17.0,4.0,,,,,,3000.0,4207.0,71.3150877335761,2012-08-20,2025-12-20
2000-0539-THA,nat-met-sto-tro,Meteorological,Storm,Tropical cyclone,Kaemi,THA,Thailand,South-eastern Asia,Asia,"Tha Tum, Chom Phra, Samrong Thap, Sikhoraphum, Sangkha, Muang Surin districts (Surin province), Ubon Ratchathani province",,,,,Kph,,,,2000,8.0,21.0,2000,8.0,21.0,2.0,,41219.0,41219.0,,,,,53.4877366816787,2003-07-01,2025-12-20
2000-0713-BGD,nat-met-sto-tro,Meteorological,Storm,Tropical cyclone,,BGD,Bangladesh,Southern Asia,Asia,"Barisal, Barguna, Jhalokati, Bhola, Pirojpur districts (Barisal province), Khulna district (Khulna province), Noakhali, Lakshmipur, Cox's Bazar, Chandpur districts (Chittagong province), Dhaka, Mymensingh, Shariatpur districts (Dhaka province)",,,,100.0,Kph,,,,2000,10.0,28.0,2000,10.0,28.0,15.0,200.0,,200.0,,,,,53.4877366816787,2003-07-01,2025-12-20
2001-0415-TWN,nat-met-sto-tro,Meteorological,Storm,Tropical cyclone,Trami,TWN,Taiwan (Province of China),Eastern Asia,Asia,Kaoshiung area (Taiwan Sheng province),,,,,Kph,,,,2001,7.0,11.0,2001,7.0,11.0,5.0,17.0,,2017.0,,,,,54.9993852662954,2003-07-01,2025-12-20
2002-0233-BGD,nat-met-sto-tro,Meteorological,Storm,Tropical cyclone,,BGD,Bangladesh,Southern Asia,Asia,"Gaibandha, Lalmonirhat, Nilphamari, Rangpur, Kurigram districts (Rangpur province), Bogra, Sirajganj districts (Rajshahi province), Netrakona, Kishoreganj districts (Dhaka province)",,,269.0,,Kph,,,,2002,4.0,22.0,2002,4.0,22.0,31.0,400.0,100000.0,100400.0,,,,,55.8716960740501,2005-04-19,2025-12-20
2000-0257-PHL,nat-met-sto-tro,Meteorological,Storm,Tropical cyclone,Biring,PHL,Philippines,South-eastern Asia,Asia,"National Capital region (NCR), Region III (Central Luzon) provinces",,Flood,,,Kph,,,,2000,5.0,18.0,2000,5.0,18.0,12.0,4.0,235885.0,235889.0,,,1201.0,2245.0,53.4877366816787,2004-10-26,2025-12-20
2000-0396-PHL,nat-met-sto-tro,Meteorological,Storm,Tropical cyclone,Kirogi,PHL,Philippines,South-eastern Asia,Asia,National Capital region (NCR) province,,,,185.0,Kph,,,,2000,7.0,5.0,2000,7.0,5.0,11.0,,,120000.0,,,7500.0,14022.0,53.4877366816787,2003-07-01,2023-09-25
2000-0572-PRK,nat-met-sto-tro,Meteorological,Storm,Tropical cyclone,"Prapiroon ""12""",PRK,Democratic People's Republic of Korea,Eastern Asia,Asia,"Kangwon-do, Hamgyong-bukto, Hamgyong-namdo, Yanggang-do, P'yongan-bukto, Hwanghae-bukto, Kaesong-si provinces",,Surge,466.0,,Kph,,,,2000,8.0,31.0,2000,9.0,4.0,46.0,180.0,480000.0,627180.0,,,6000000.0,11217525.0,53.4877366816787,2008-04-08,2025-12-20
2000-0582-VNM,nat-met-sto-tro,Meteorological,Storm,Tropical cyclone,Wukong,VNM,Viet Nam,South-eastern Asia,Asia,"Thach Ha, Cam Xuyen, Ky Anh districts (Ha Tinh province)",,,,120.0,Kph,,,,2000,9.0,10.0,2000,9.0,10.0,5.0,29.0,,6029.0,,,21000.0,39261.0,53.4877366816787,2003-07-01,2025-12-20
2000-0843-AUS,nat-met-sto-tro,Meteorological,Storm,Tropical cyclone,Sam,AUS,Australia,Australia and New Zealand,Oceania,"Bidyadanga area (Broome district, Western Australia province)",,,,280.0,Kph,,,,2000,12.0,7.0,2000,12.0,7.0,,,750.0,750.0,,,,,53.4877366816787,2003-07-01,2025-12-20
2001-0198-BGD,nat-met-sto-tro,Meteorological,Storm,Tropical cyclone,,BGD,Bangladesh,Southern Asia,Asia,"Mymensingh, Netrakona, Tangail, Gopalganj districts (Dhaka province), Naogaon district (Rajshahi province), Maulvibazar district (Sylhet province), Chuadanga, Jhenaidah, Meherpur districts (Khulna province), Gaibandha district (Rangpur province), Patuakhali district (Barisal province), Noakhali district (Chittagong province)",,,,100.0,Kph,,,,2001,5.0,11.0,2001,5.0,11.0,12.0,200.0,,200.0,,,,,54.9993852662954,2003-07-01,2025-12-20
2001-0202-BGD,nat-met-sto-tro,Meteorological,Storm,Tropical cyclone,,BGD,Bangladesh,Southern Asia,Asia,"Patuakhali district (Barisal province), Satkhira district (Khulna province)",,,,,Kph,,,,2001,4.0,1.0,2001,4.0,1.0,193.0,2000.0,500.0,2500.0,,,,,54.9993852662954,2003-07-01,2025-12-20
2001-0584-IND,nat-met-sto-tro,Meteorological,Storm,Tropical cyclone,,IND,India,Southern Asia,Asia,Andhra Pradesh province,,,,,Kph,,,,2001,10.0,,2001,10.0,,78.0,,25000.0,27000.0,,,,,54.9993852662954,2003-07-01,2025-12-20
2001-0614-PHL,nat-met-sto-tro,Meteorological,Storm,Tropical cyclone,Lingling (Nanang),PHL,Philippines,South-eastern Asia,Asia,"Camiguin, Misamis Oriental districts (Region X (Northern Mindanao) province)",,"Flood|Slide (land, mud, snow, rock)",434.0,215.0,Kph,,,,2001,11.0,8.0,2001,11.0,8.0,290.0,147.0,1060000.0,1060147.0,,,22700.0,41273.0,54.9993852662954,2003-11-02,2025-12-20
2001-0624-VNM,nat-met-sto-tro,Meteorological,Storm,Tropical cyclone,Lingling (Nanang),VNM,Viet Nam,South-eastern Asia,Asia,"Phu Yen, Binh Dinh, Quang Ngai, Quang Tri provinces",,,,,Kph,,,,2001,11.0,12.0,2001,11.0,12.0,20.0,83.0,60000.0,73183.0,,,55000.0,100001.0,54.9993852662954,2003-07-01,2025-12-20
2002-0408-PHL,nat-met-sto-tro,Meteorological,Storm,Tropical cyclone,Chata'an,PHL,Philippines,South-eastern Asia,Asia,National Capital region (NCR) province,,,,170.0,Kph,,,,2002,7.0,7.0,2002,7.0,9.0,33.0,41.0,700000.0,700041.0,,,1000.0,1790.0,55.8716960740501,2010-11-19,2023-09-25
2002-0599-CHN,nat-met-sto-tro,Meteorological,Storm,Tropical cyclone,Hagupit,CHN,China,Eastern Asia,Asia,"Jiangxi Sheng, Sichuan Sheng provinces",,,,,Kph,,,,2002,9.0,13.0,2002,9.0,13.0,25.0,,180000.0,180000.0,,,,,55.8716960740501,2003-07-01,2025-12-20
2002-0617-BRB,nat-met-sto-tro,Meteorological,Storm,Tropical cyclone,Lili,BRB,Barbados,Latin America and the Caribbean,Americas,"St. Andrew, St. George, St. James, St. John, St. Joseph, St. Lucy, St. Michael, St. Peter, St. Philip, St. Thomas, Christ Church provinces",,,,110.0,Kph,,,,2002,9.0,24.0,2002,9.0,24.0,,,,2000.0,,,200.0,358.0,55.8716960740501,2008-03-21,2025-12-20
2002-0626-CYM,nat-met-sto-tro,Meteorological,Storm,Tropical cyclone,Lili,CYM,Cayman Islands,Latin America and the Caribbean,Americas,"Cayman Brac, Little Cayman",,,,128.0,Kph,,,,2002,9.0,30.0,2002,10.0,1.0,,,300.0,300.0,,,1000.0,1790.0,55.8716960740501,2008-03-21,2025-12-20
2002-0656-CYM,nat-met-sto-tro,Meteorological,Storm,Tropical cyclone,Isidore,CYM,Cayman Islands,Latin America and the Caribbean,Americas,"Little Cayman, Cayman Brac provinces",,,,,Kph,,,,2002,9.0,14.0,2002,9.0,26.0,,,,,,,500.0,895.0,55.8716960740501,2008-03-21,2025-12-20
2002-0826-MNP,nat-met-sto-tro,Meteorological,Storm,Tropical cyclone,Pongsona,MNP,Northern Mariana Islands,Micronesia,Oceania,"Saipan, Rota islands (Northern Mariana Islands province)",,,,,Kph,,,,2002,12.0,8.0,2002,12.0,8.0,,,,300.0,,,,,55.8716960740501,2010-03-25,2025-12-20
2003-0057-SLB,nat-met-sto-tro,Meteorological,Storm,Tropical cyclone,Beni,SLB,Solomon Islands,Melanesia,Oceania,"Rennell, Bellona islands (Solomon Islands province)",,,,110.0,Kph,,,,2003,1.0,26.0,2003,1.0,28.0,,,275.0,275.0,,,,,57.1400352670416,2003-09-02,2025-12-20
2003-0065-MDG,nat-met-sto-tro,Meteorological,Storm,Tropical cyclone,Fari,MDG,Madagascar,Sub-Saharan Africa,Africa,"Analanjirofo, Atsimo Atsinanana, Atsinanana, Sava, Vatovavy Fitovinanay provinces",,,,,Kph,,,,2003,1.0,29.0,2003,1.0,29.0,,,,500.0,,,,,57.1400352670416,2003-09-02,2025-12-20
2003-0779-BGD,nat-met-sto-tro,Meteorological,Storm,Tropical cyclone,,BGD,Bangladesh,Southern Asia,Asia,Barguna district (Barisal province),,,,,Kph,,,,2003,12.0,20.0,2003,12.0,20.0,28.0,,,,,,,,57.1400352670416,2004-03-10,2025-12-20
2004-0004-NIU,nat-met-sto-tro,Meteorological,Storm,Tropical cyclone,Heta,NIU,Niue,Polynesia,Oceania,Alofi area (Niue province),,,,300.0,Kph,,,,2004,1.0,6.0,2004,1.0,6.0,1.0,2.0,200.0,702.0,,,40000.0,68178.0,58.6698092933412,2004-01-08,2025-03-04
2004-0004-WSM,nat-met-sto-tro,Meteorological,Storm,Tropical cyclone,Heta,WSM,Samoa,Polynesia,Oceania,"Savaii, Upolu islands (Samoa province)",,Flood|Surge,,310.0,Kph,,,,2004,1.0,5.0,2004,1.0,5.0,1.0,,,,,,,,58.6698092933412,2004-01-16,2025-12-20
2004-0103-MDG,nat-met-sto-tro,Meteorological,Storm,Tropical cyclone,Galifo,MDG,Madagascar,Sub-Saharan Africa,Africa,"Antalaha, Andapa, Sambava, Vohemar districts (Sava province), Mampikony, Antsohihy, Bealanana districts (Sofia province), Morondava district (Menabe province), Ambilobe, Ambanja districts (Diana province), Mahajanga I, Mahajanga II districts (Boeny province), Vatomandry district (Atsinanan province), Maroantsetra district (Analanjirofo province), Morombe district (Atsimo Andrefana province)",,Flood|Transport accident,12266.0,300.0,Kph,,,,2004,3.0,7.0,2004,3.0,12.0,363.0,879.0,773000.0,988139.0,,,250000.0,426114.0,58.6698092933412,2005-10-19,2023-09-25
2004-0153-FJI,nat-met-sto-tro,Meteorological,Storm,Tropical cyclone,,FJI,Fiji,Melanesia,Oceania,"Central, Western, Northern provinces",,"Flood|Slide (land, mud, snow, rock)",,90.0,Kph,,,,2004,4.0,8.0,2004,4.0,8.0,16.0,,5000.0,5000.0,,,4000.0,6818.0,58.6698092933412,2004-04-14,2025-12-20
2004-0312-MNP,nat-met-sto-tro,Meteorological,Storm,Tropical cyclone,Tingting,MNP,Northern Mariana Islands,Micronesia,Oceania,Saipan island (Northern Mariana Islands province),,,,,Kph,,,,2004,6.0,26.0,2004,6.0,27.0,3.0,,200.0,200.0,,,,,58.6698092933412,2012-04-23,2025-12-20
2005-0351-CUB,nat-met-sto-tro,Meteorological,Storm,Tropical cyclone,"Hurricane ""Dennis""",CUB,Cuba,Latin America and the Caribbean,Americas,"Cienfuegos, La Habana, Ciudad de la Habana, Matanzas, Sancti Spiritus, Ciego de Avila, Camaguey, Santiago de Cuba, Granma, Las Tunas, Guatanamo provinces",,"Flood|Slide (land, mud, snow, rock)",,235.0,Kph,,,,2005,7.0,8.0,2005,7.0,9.0,16.0,,2500000.0,2500000.0,5000.0,8243.0,1400000.0,2307933.0,60.6603317527392,2005-07-14,2025-12-20
2005-0351-JAM,nat-met-sto-tro,Meteorological,Storm,Tropical cyclone,"Hurricane ""Dennis""",JAM,Jamaica,Latin America and the Caribbean,Americas,"Portland, Saint Andrew And Kingston, Saint Mary, Saint Thomas provinces",,"Rain|Slide (land, mud, snow, rock)",,,Kph,,,,2005,7.0,7.0,2005,7.0,7.0,1.0,,8000.0,8000.0,,,30000.0,49456.0,60.6603317527392,2005-07-14,2025-12-20
2005-0567-MEX,nat-met-sto-tro,Meteorological,Storm,Tropical cyclone,Stan,MEX,Mexico,Latin America and the Caribbean,Americas,"Chiapas, Oaxaca, Veracruz, Puebla, Hidalgo, Tabasco provinces",,Rain,,130.0,Kph,,,,2005,10.0,1.0,2005,10.0,13.0,36.0,,1954571.0,1954571.0,,,2500000.0,4121309.0,60.6603317527392,2007-02-15,2025-12-20
2005-0567-NIC,nat-met-sto-tro,Meteorological,Storm,Tropical cyclone,Stan,NIC,Nicaragua,Latin America and the Caribbean,Americas,"San Sebastian De Yali district (Jinotega province), Leon, Chinandega, Granada provinces",,Flood,,,Kph,,,,2005,10.0,1.0,2005,10.0,13.0,3.0,,7880.0,7880.0,,,,,60.6603317527392,2006-01-16,2023-09-25
2005-0585-BLZ,nat-met-sto-tro,Meteorological,Storm,Tropical cyclone,"Hurricane ""Wilma""",BLZ,Belize,Latin America and the Caribbean,Americas,"Belize, Cayo, Corozal, Orange Walk, Stann Creek, Toledo provinces",,,,,Kph,,,,2005,10.0,21.0,2005,10.0,21.0,,,,,,,,,60.6603317527392,2005-11-15,2025-12-20
2005-0597-DOM,nat-met-sto-tro,Meteorological,Storm,Tropical cyclone,Alpha,DOM,Dominican Republic,Latin America and the Caribbean,Americas,Puerto Plata province,,"Flood|Slide (land, mud, snow, rock)",,,Kph,,,,2005,10.0,22.0,2005,10.0,24.0,9.0,,1000.0,1000.0,,,,,60.6603317527392,2006-10-12,2025-12-20
2005-0662-MAR,nat-met-sto-tro,Meteorological,Storm,Tropical cyclone,,MAR,Morocco,Northern Africa,Africa,"Guelmim - Es-Semara, Laâyoune - Boujdour - Sakia El Hamra, Souss - Massa - Draâ provinces",,,,,Kph,,,,2005,11.0,28.0,2005,11.0,28.0,1.0,,,,,,50.0,82.0,60.6603317527392,2007-02-22,2025-12-20
2006-0073-FJI,nat-met-sto-tro,Meteorological,Storm,Tropical cyclone,Jim,FJI,Fiji,Melanesia,Oceania,"Lautoka, Ba towns (Ba district, Western province), Rakiraki town (Ra district, Western province)",,Flood,,,Kph,-17.82,177.68,,2006,1.0,29.0,2006,2.0,6.0,,,168.0,168.0,,,,,62.6171947810345,2007-01-04,2025-12-20
2006-0089-MDG,nat-met-sto-tro,Meteorological,Storm,Tropical cyclone,Boloetse,MDG,Madagascar,Sub-Saharan Africa,Africa,"Androka town (Ampanihy Ouest district, Atsimo Andrefana province) Itampolo town (Toliary-II district, Atsimo Andrefana province)",,,,160.0,Kph,,,,2006,2.0,4.0,2006,2.0,4.0,3.0,,6112.0,6212.0,,,,,62.6171947810345,2007-01-10,2025-06-25
2006-0139-AUS,nat-met-sto-tro,Meteorological,Storm,Tropical cyclone,Larry,AUS,Australia,Australia and New Zealand,Oceania,Cairns district (Queensland province),,Flood,,290.0,Kph,-17.91,145.54,,2006,3.0,20.0,2006,4.0,2.0,,30.0,,7030.0,335000.0,534997.0,1180000.0,1884466.0,62.6171947810345,2007-03-09,2025-12-20
2006-0155-AUS,nat-met-sto-tro,Meteorological,Storm,Tropical cyclone,Glenda,AUS,Australia,Australia and New Zealand,Oceania,"Exmouth, Ashburton, East Pilbara, Port Hedland, Roebourne districts (Western Australia province)",,Rain,,235.0,Kph,-25.68,115.13,,2006,3.0,30.0,2006,4.0,5.0,,,500.0,500.0,,,,,62.6171947810345,2007-01-04,2025-12-20
2006-0251-CHN,nat-met-sto-tro,Meteorological,Storm,Tropical cyclone,Chanchu (Caloy),CHN,China,Eastern Asia,Asia,"Shantou district (Guangdong province), Fujian province",,"Flood|Slide (land, mud, snow, rock)",,,Kph,25.97,118.77,,2006,5.0,18.0,2006,5.0,22.0,23.0,,3150000.0,3150000.0,,,475000.0,758578.0,62.6171947810345,2007-01-05,2025-12-20
2006-0362-TWN,nat-met-sto-tro,Meteorological,Storm,Tropical cyclone,Bilis,TWN,Taiwan (Province of China),Eastern Asia,Asia,Taiwan Sheng province,,,,,Kph,,,,2006,7.0,17.0,2006,7.0,17.0,3.0,,,,,,,,62.6171947810345,2007-01-06,2025-12-20
2006-0388-PHL,nat-met-sto-tro,Meteorological,Storm,Tropical cyclone,Kaemi,PHL,Philippines,South-eastern Asia,Asia,Region III (Central Luzon) province,,Rain,,,Kph,26.39,117.39,,2006,7.0,24.0,2006,7.0,28.0,4.0,,200355.0,200355.0,,,471.0,752.0,62.6171947810345,2007-01-06,2025-12-20
2006-0437-CHN,nat-met-sto-tro,Meteorological,Storm,Tropical cyclone,Saomai,CHN,China,Eastern Asia,Asia,"Zhejiang Sheng, Fujian Sheng provinces",,Flood,,216.0,Kph,,,,2006,8.0,6.0,2006,8.0,11.0,441.0,1350.0,5920000.0,5923350.0,,,2510000.0,4008484.0,62.6171947810345,2007-03-15,2025-12-20
2006-0510-IND,nat-met-sto-tro,Meteorological,Storm,Tropical cyclone,,IND,India,Southern Asia,Asia,"Andhra Pradesh, West Bengal, Bihar provinces",Monsoonal rain,Flood,,,Kph,19.73,83.75,,2006,9.0,18.0,2006,10.0,5.0,114.0,300.0,,150300.0,,,,,62.6171947810345,2007-01-07,2025-12-20
2007-0080-ZWE,nat-met-sto-tro,Meteorological,Storm,Tropical cyclone,Favio,ZWE,Zimbabwe,Sub-Saharan Africa,Africa,"Vumba, Odzi, Marange areas (Mutare district, Manicaland province), Penhalonga, Stapleford villages (Mutasa district, Manicaland province), Chimanimani town (Chimanimani district, Manicaland province)",,,,,Kph,,,,2007,2.0,27.0,2007,2.0,27.0,,,,,,,1200.0,1863.0,64.4034636847652,2007-03-07,2025-12-20
2006-0648-PHL,nat-met-sto-tro,Meteorological,Storm,Tropical cyclone,Durian (Reming),PHL,Philippines,South-eastern Asia,Asia,"Albay, Catanduanes, Camarines Norte, Camarines Sur, Sorsogon districts (Region V (Bicol region) province), Mindoro Occidental, Mindoro Oriental, Marinduque districts (Region IV (Southern Tagalog) province), Batangas, Laguna districts (Region IV-A (Calabarzon) province)",,"Flood|Slide (land, mud, snow, rock)",14414.0,195.0,Kph,10.33,106.74,,2006,11.0,30.0,2006,12.0,8.0,1399.0,2143.0,2560374.0,2562517.0,,,66400.0,106041.0,62.6171947810345,2007-01-07,2025-12-20
2006-0667-PHL,nat-met-sto-tro,Meteorological,Storm,Tropical cyclone,Utor (Seniang),PHL,Philippines,South-eastern Asia,Asia,"Region IV (Southern Tagalog), Region V (Bicol region), Region VI (Western Visayas), Region VII (Central Visayas), Region VIII (Eastern Visayas) provinces",,,,150.0,Kph,,,,2006,12.0,11.0,2006,12.0,11.0,42.0,42.0,327500.0,327542.0,,,,,62.6171947810345,2006-12-15,2025-12-20
2006-0687-MDG,nat-met-sto-tro,Meteorological,Storm,Tropical cyclone,Bondo,MDG,Madagascar,Sub-Saharan Africa,Africa,"Mahajanga I, Mahajanga II districts (Boeny province), Antalaha district (Sava province)",,Rain,,150.0,Kph,,,,2006,12.0,25.0,2006,12.0,25.0,1.0,,,304.0,,,,,62.6171947810345,2007-01-02,2025-06-25
2006-0737-BGD,nat-met-sto-tro,Meteorological,Storm,Tropical cyclone,,BGD,Bangladesh,Southern Asia,Asia,Dhaka province,,,,,Kph,,,,2006,4.0,5.0,2006,4.0,6.0,9.0,65.0,,1465.0,,,,,62.6171947810345,2007-03-09,2025-12-20
2007-0032-MDG,nat-met-sto-tro,Meteorological,Storm,Tropical cyclone,Clovis,MDG,Madagascar,Sub-Saharan Africa,Africa,"Mananjary, Nosy-Varika districts (Vatovavy Fitovinany province)",,Flood,,90.0,Kph,,,,2007,1.0,3.0,2007,1.0,3.0,1.0,,7313.0,7313.0,,,,,64.4034636847652,2008-08-04,2025-12-20
2007-0133-NZL,nat-met-sto-tro,Meteorological,Storm,Tropical cyclone,Becky,NZL,New Zealand,Australia and New Zealand,Oceania,Bay of Islands area (Northland province),,"Flood|Slide (land, mud, snow, rock)",,,Kph,-35.35,173.98,,2007,3.0,29.0,2007,3.0,31.0,,,300.0,300.0,,,,,64.4034636847652,2007-04-10,2025-12-20
2007-0262-JPN,nat-met-sto-tro,Meteorological,Storm,Tropical cyclone,Man-Yi,JPN,Japan,Eastern Asia,Asia,"Okinawa, Hukuoka, Kagosima, Kumamoto, Miyazaki, Nagasaki, Ooita, Saga, Aiti, Ehime, Kagawa, Kooti, Tokusima provinces",,"Rain|Slide (land, mud, snow, rock)",,250.0,Kph,31.69,130.9,,2007,7.0,13.0,2007,7.0,16.0,5.0,12.0,40000.0,40012.0,67000.0,104032.0,60000.0,93163.0,64.4034636847652,2008-08-04,2025-12-20
2007-0380-TWN,nat-met-sto-tro,Meteorological,Storm,Tropical cyclone,Sepat,TWN,Taiwan (Province of China),Eastern Asia,Asia,"Yunlin, Changhua, Kaohsiung, Pingtung areas (Taiwan Sheng province)",Heavy rain,,,,Kph,27.0,119.91,,2007,8.0,17.0,2007,8.0,24.0,,12.0,,1812.0,,,25000.0,38818.0,64.4034636847652,2008-08-04,2025-12-20
2007-0439-GTM,nat-met-sto-tro,Meteorological,Storm,Tropical cyclone,Felix,GTM,Guatemala,Latin America and the Caribbean,Americas,"Puerto Barrios, Morales districts (Izabal province)",,"Flood|Slide (land, mud, snow, rock)",,,Kph,14.62,-83.64,,2007,9.0,4.0,2007,9.0,12.0,,,3905.0,3905.0,,,,,64.4034636847652,2008-08-04,2025-12-20
2007-0439-NIC,nat-met-sto-tro,Meteorological,Storm,Tropical cyclone,Felix,NIC,Nicaragua,Latin America and the Caribbean,Americas,"Puerto Cabezas, Waspam, Siuna, Bonanza, Rosita districts (Atlantico Norte province)",,"Flood|Slide (land, mud, snow, rock)",,,Kph,14.62,-83.64,,2007,9.0,4.0,2007,9.0,12.0,177.0,,188726.0,188726.0,,,,,64.4034636847652,2008-08-04,2025-12-20
2007-0552-CHN,nat-met-sto-tro,Meteorological,Storm,Tropical cyclone,Krosa,CHN,China,Eastern Asia,Asia,"Zhejiang Sheng, Fujian Sheng provinces",,Flood,,240.0,Kph,,,,2007,10.0,2.0,2007,10.0,8.0,,,,,,,1077788.0,1673494.0,64.4034636847652,2008-08-01,2025-12-20
2007-0556-IND,nat-met-sto-tro,Meteorological,Storm,Tropical cyclone,Cyclone 'Sidr',IND,India,Southern Asia,Asia,"West Bengal, Orissa provinces",,,,,Kph,,,,2007,11.0,15.0,2007,11.0,15.0,,,,,,,,,64.4034636847652,2008-08-01,2025-12-20
2007-0557-PNG,nat-met-sto-tro,Meteorological,Storm,Tropical cyclone,Cyclone 'Guba',PNG,Papua New Guinea,Melanesia,Oceania,"Rabaraba district (Milne Bay Province), Northern province",Tropical cyclone Cuba,Flood,1302.0,,Kph,-9.03,149.22,,2007,11.0,12.0,2007,11.0,16.0,172.0,,162140.0,162140.0,,,,,64.4034636847652,2009-05-27,2023-09-25
2007-0671-MEX,nat-met-sto-tro,Meteorological,Storm,Tropical cyclone,Henriette,MEX,Mexico,Latin America and the Caribbean,Americas,"Acapulco De Juarez district (Guerrero province), Oaxaca, Michoacan, Colima, Jalisco provinces",,,,,Kph,,,,2007,9.0,1.0,2007,9.0,1.0,6.0,,,,,,,,64.4034636847652,2008-01-10,2025-12-20
2008-0043-MDG,nat-met-sto-tro,Meteorological,Storm,Tropical cyclone,"Cyclone ""Fame""",MDG,Madagascar,Sub-Saharan Africa,Africa,"Melaky, Boeny, Analamanga provinces",,Flood,,130.0,Kph,,,,2008,1.0,27.0,2008,1.0,27.0,12.0,,5457.0,8613.0,,,,,66.8759741789087,2008-02-14,2025-12-20
2008-0051-FJI,nat-met-sto-tro,Meteorological,Storm,Tropical cyclone,"Cyclone ""Gene""",FJI,Fiji,Melanesia,Oceania,"Central, Eastern, Northern, Western provinces",,Flood,,177.0,Kph,,,,2008,1.0,28.0,2008,1.0,29.0,7.0,,,,,,30000.0,44859.0,66.8759741789087,2008-07-31,2025-12-20
2008-0234-NIC,nat-met-sto-tro,Meteorological,Storm,Tropical cyclone,Alma,NIC,Nicaragua,Latin America and the Caribbean,Americas,"Leon, Chinandega, Rivas, Carazo, Masaya, Granada provinces",,,,,Kph,,,,2008,5.0,29.0,2008,5.0,29.0,13.0,,25000.0,25000.0,,,,,66.8759741789087,2008-10-21,2025-06-25
2008-0070-MDG,nat-met-sto-tro,Meteorological,Storm,Tropical cyclone,"Cyclone ""Ivan""",MDG,Madagascar,Sub-Saharan Africa,Africa,"Analamanga, Betsiboka, Vatovavy Fitovavy, Analanjirofo, Alaotra Mangoro, Atsinanana, Atsimo Atsinanana, Boeny, Sofia, Menabe, Bongolava, Haute Matsiatra provinces",,Flood,28487.0,230.0,Kph,-18.69,46.9,,2008,2.0,17.0,2008,3.0,3.0,93.0,580.0,332391.0,524153.0,,,60000.0,89718.0,66.8759741789087,2010-02-09,2025-12-20
2008-0155-CHN,nat-met-sto-tro,Meteorological,Storm,Tropical cyclone,"Typhoon ""Neoguri"" (Ambo)",CHN,China,Eastern Asia,Asia,"Hainan Sheng, Guangdong Sheng provinces",,"Flood|Slide (land, mud, snow, rock)",,175.0,Kph,,,,2008,4.0,19.0,2008,4.0,19.0,25.0,,274000.0,274000.0,,,49000.0,73270.0,66.8759741789087,2009-03-18,2025-12-20
2008-0352-DOM,nat-met-sto-tro,Meteorological,Storm,Tropical cyclone,"Hurricane ""Gustav""",DOM,Dominican Republic,Latin America and the Caribbean,Americas,Santo Domingo province,,"Slide (land, mud, snow, rock)",,,Kph,,,,2008,8.0,26.0,2008,8.0,26.0,8.0,2.0,6255.0,6257.0,,,,,66.8759741789087,2008-09-11,2025-12-20
2008-0249-PHL,nat-met-sto-tro,Meteorological,Storm,Tropical cyclone,Typhoon Fengshen (Franck),PHL,Philippines,South-eastern Asia,Asia,"Aklan, Antique, Capiz, Iloilo, Negros Occidental districts (Region VI (Western Visayas) province), Cebu district (Region VII (Central Visayas) province), Leyte, Eastern Samar, Samar districts (Region VIII (Eastern Visayas) province), Marinduque, Mindoro Oriental, Romblon districts (Region IV (Southern Tagalog) province), Masbate district (Region V (Bicol region) province), North Cotabato, South Cotabato districts (Region XII (Soccsksargen) province)",,"Flood|Slide (land, mud, snow, rock)",4636.0,170.0,Kph,13.16,122.6,,2008,6.0,21.0,2008,6.0,23.0,644.0,826.0,4784634.0,4785460.0,45000.0,67289.0,284694.0,425704.0,66.8759741789087,2010-02-09,2026-03-12
2008-0292-TWN,nat-met-sto-tro,Meteorological,Storm,Tropical cyclone,"Tropical Storm ""Fung-Wong"" (Igme)",TWN,Taiwan (Province of China),Eastern Asia,Asia,Nantou area (Taiwan Sheng province),,Flood,,,Kph,,,,2008,7.0,27.0,2008,7.0,27.0,2.0,,,,,,10000.0,14953.0,66.8759741789087,2009-01-14,2025-12-20
2008-0304-GTM,nat-met-sto-tro,Meteorological,Storm,Tropical cyclone,Hurricane Dolly,GTM,Guatemala,Latin America and the Caribbean,Americas,"La Union district (Zacapa province), San Pedro Soloma area (Soloma district, Huehuetenango province)",,"Flood|Slide (land, mud, snow, rock)",,,Kph,,,,2008,7.0,21.0,2008,7.0,21.0,17.0,,,,,,,,66.8759741789087,2009-01-06,2025-12-20
2008-0338-DOM,nat-met-sto-tro,Meteorological,Storm,Tropical cyclone,"Tropical Storm ""Fay""",DOM,Dominican Republic,Latin America and the Caribbean,Americas,"Azua, Baoruco, Barahona, Dajabon, Distrito Nacional, Duarte, El Seibo, Elias Pina, Espaillat, Hato Mayor, Independencia, La Altagracia, La Romana, La Vega, Maria Trinidad Sanches, Monsenor Nouel, Monte Cristi, Monte Plata, Pedernales, Peravia, Puerto Plata, Salcedo, Samana, San Cristobal, San José de Ocoa, San Juan, San Pedro de Macoris, Sanchez Ramirez, Santiago, Santiago Rodriguez, Santo Domingo, Valverde provinces",,"Flood|Slide (land, mud, snow, rock)",,,Kph,,,,2008,8.0,18.0,2008,8.0,18.0,4.0,,,,,,,,66.8759741789087,2008-08-20,2025-12-20
2008-0338-USA,nat-met-sto-tro,Meteorological,Storm,Tropical cyclone,"Tropical Storm ""Fay""",USA,United States of America,Northern America,Americas,"Florida, Georgia, Alabama, Mississippi provinces",,Flood,,100.0,Kph,,,,2008,8.0,20.0,2008,8.0,28.0,12.0,,400.0,400.0,,,180000.0,269155.0,66.8759741789087,2009-01-06,2025-12-20
2008-0352-BHS,nat-met-sto-tro,Meteorological,Storm,Tropical cyclone,"Hurricane ""Gustav""",BHS,Bahamas,Latin America and the Caribbean,Americas,,,Flood,,,Kph,,,,2008,8.0,26.0,2008,8.0,26.0,,,,,,,,,66.8759741789087,2008-09-11,2025-12-20
2008-0352-CUB,nat-met-sto-tro,Meteorological,Storm,Tropical cyclone,"Hurricane ""Gustav""",CUB,Cuba,Latin America and the Caribbean,Americas,"Island of Youth, Pinar del Rio, Havana, Matanzas provinces",,Flood,,240.0,Kph,,,,2008,8.0,29.0,2008,9.0,1.0,,19.0,450000.0,450019.0,,,2072000.0,3098273.0,66.8759741789087,2009-05-29,2025-12-20
2008-0352-JAM,nat-met-sto-tro,Meteorological,Storm,Tropical cyclone,"Hurricane ""Gustav""",JAM,Jamaica,Latin America and the Caribbean,Americas,"Saint Catherine, Saint Andrew And Kingston, Portland, Saint Thomas, Saint Mary provinces",,Flood|Surge,,,Kph,,,,2008,8.0,28.0,2008,8.0,29.0,12.0,,4000.0,4000.0,,,66198.0,98986.0,66.8759741789087,2009-05-29,2025-12-20
2008-0369-CHN,nat-met-sto-tro,Meteorological,Storm,Tropical cyclone,"Tropical storm ""Nuri"" (Karen)",CHN,China,Eastern Asia,Asia,"Guangzhou, Shenzhen districts (Guangdong province)",,Rain,,,Kph,,,,2008,8.0,22.0,2008,8.0,23.0,4.0,,900000.0,900000.0,,,58000.0,86728.0,66.8759741789087,2009-01-06,2025-12-20
2008-0384-HTI,nat-met-sto-tro,Meteorological,Storm,Tropical cyclone,Hurricane Ike,HTI,Haiti,Latin America and the Caribbean,Americas,Gonaives district (Artibonite province),,Flood,,,Kph,18.46,-71.69,,2008,9.0,6.0,2008,9.0,8.0,74.0,50.0,125000.0,125050.0,,,,,66.8759741789087,2008-09-11,2025-12-20
2008-0369-PHL,nat-met-sto-tro,Meteorological,Storm,Tropical cyclone,"Tropical storm ""Nuri"" (Karen)",PHL,Philippines,South-eastern Asia,Asia,"Region I (Ilocos region), Region II (Cagayan Valley), Cordillera Administrative region (CAR) provinces",,,,150.0,Kph,,,,2008,8.0,22.0,2008,8.0,22.0,38.0,13.0,429450.0,429463.0,,,33870.0,50646.0,66.8759741789087,2009-01-11,2025-12-20
2008-0378-HTI,nat-met-sto-tro,Meteorological,Storm,Tropical cyclone,Hurricane 'Hanna',HTI,Haiti,Latin America and the Caribbean,Americas,"Gonaives, Saint-Marc, Gros Morne districts (Artibonite province), Port-au-Prince district (Ouest province), Sud, Nord, Sud Est, Nippes provinces",,Flood,128898.0,,Kph,,,,2008,9.0,2.0,2008,9.0,3.0,529.0,,48000.0,48000.0,,,,,66.8759741789087,2008-09-12,2025-12-20
2008-0384-CUB,nat-met-sto-tro,Meteorological,Storm,Tropical cyclone,Hurricane Ike,CUB,Cuba,Latin America and the Caribbean,Americas,"Guantanamo, Santiago de Cuba, Camaguey, Holguín, Granma, Las Tunas, Ciego de Avila, Sancti Spiritus, Villa Clara, La Habana, Ciudad de la Habana, Pinar del Rio, Isla de le Juventud, Matanzas provinces",,Flood|Surge,,,Kph,,,,2008,9.0,8.0,2008,9.0,9.0,7.0,,,,,,1500000.0,2242958.0,66.8759741789087,2008-09-15,2025-12-20
2008-0426-PHL,nat-met-sto-tro,Meteorological,Storm,Tropical cyclone,"Typhoon ""Hagupit"" (Nina)",PHL,Philippines,South-eastern Asia,Asia,"Itogon area (Benguet district, Cordillera Administrative region (CAR) province)",,"Slide (land, mud, snow, rock)",,,Kph,,,,2008,9.0,22.0,2008,9.0,22.0,37.0,17.0,41630.0,46132.0,,,7420.0,11095.0,66.8759741789087,2008-10-02,2025-12-20
2008-0621-PHL,nat-met-sto-tro,Meteorological,Storm,Tropical cyclone,"Typhoon ""Helen""",PHL,Philippines,South-eastern Asia,Asia,"Nueva Era, Paoay, San Nicolas, Bangui, Batac city, Dingras, Pasuquin, Marcos, Piddig, Laoag city, Bacarra, Sarrat, Currimao, Pagudpud areas (Ilocos Norte district, Region I (Ilocos region) province), Luna area (La Union district, Region I (Ilocos region) province), Santa Terisita area (Cagayan district, Region II (Cagayan Valley) province)",,Flood,,,Kph,,,,2008,7.0,18.0,2008,7.0,18.0,2.0,1.0,31129.0,31130.0,,,147.0,220.0,66.8759741789087,2009-01-13,2025-12-20
2008-0623-PHL,nat-met-sto-tro,Meteorological,Storm,Tropical cyclone,"TRopical storm ""Higos"" (Pablo)",PHL,Philippines,South-eastern Asia,Asia,"Nueva Ecija, Pampanga districts (Region III (Central Luzon) province)",,,,,Kph,,,,2008,9.0,29.0,2008,9.0,29.0,1.0,,27683.0,27683.0,,,,,66.8759741789087,2009-01-13,2025-12-20
2008-0644-BGD,nat-met-sto-tro,Meteorological,Storm,Tropical cyclone,,BGD,Bangladesh,Southern Asia,Asia,"Jamalpur, Mymensingh, Netrakona, Sherpur districts (Dhaka province), Bogra district (Rajshahi province), Gaibandha, Kurigram districts (Rangpur province), Sunamganj, Sylhet provinces (Sylhet province)",,,,100.0,Kph,,,,2008,3.0,22.0,2008,3.0,22.0,12.0,200.0,,200.0,,,,,66.8759741789087,2009-03-18,2025-12-20
2009-0123-MDG,nat-met-sto-tro,Meteorological,Storm,Tropical cyclone,"Tropical storm ""Izilda""",MDG,Madagascar,Sub-Saharan Africa,Africa,"Androy, Anosy, Atsimo Andrefana, Menabe provinces",,Flood,,140.0,Kph,,,,2009,3.0,17.0,2009,3.0,27.0,,,3376.0,3376.0,,,,,66.6382010716644,2010-03-05,2025-12-20
2009-0204-BGD,nat-met-sto-tro,Meteorological,Storm,Tropical cyclone,"Cyclone ""Aila""",BGD,Bangladesh,Southern Asia,Asia,"Khulna, Satkhira, Jessore, Bagerhat districts (Khulna province), Patuakhali, Bhola, Barisal, Barguna, Pirojpur, Jhalokati districts (Barisal province), Lakshmipur, Chittagong, Noakhali, Cox's Bazar, Feni, Chandpur districts (Chittagong province)",,Broken Dam/Burst bank|Tsunami/Tidal wave,14239.0,90.0,Kph,22.16,89.09,,2009,5.0,25.0,2009,5.0,26.0,190.0,7103.0,3928238.0,3935341.0,,,270000.0,405173.0,66.6382010716644,2010-02-05,2025-12-20
2009-0239-PHL,nat-met-sto-tro,Meteorological,Storm,Tropical cyclone,"Topical Storm ""Feria"" (Nangka)",PHL,Philippines,South-eastern Asia,Asia,"Metropolitan Manila district (National Capital region (NCR) province), Pampanga district (Region III (Central Luzon) province), Batangas, Cavite, Quezon districts (Region IV-A (Calabarzon) province), Romblon, Mindoro Oriental, Mindoro Occidental, Marinduque districts (Region IV (Southern Tagalog) province), Albay, Camarines Sur, Masbate districts (Region V (Bicol region) province), Antique district (Region VI (Western Visayas) province), Cebu district (Region VII (Central Visayas) province), Region VIII (Eastern Visayas) province",,"Slide (land, mud, snow, rock)|Surge",,83.0,Kph,,,,2009,7.0,23.0,2009,7.0,26.0,16.0,5.0,110400.0,110405.0,,,4281.0,6424.0,66.6382010716644,2010-03-05,2026-03-12
2009-0321-PHL,nat-met-sto-tro,Meteorological,Storm,Tropical cyclone,Typhoon Morakot (Kiko),PHL,Philippines,South-eastern Asia,Asia,"Benguet district (Cordillera Administrative region (CAR) province), Tarlac, Zambales districts (Region III (Central Luzon) province), Pangasinan district (Region I (Ilocos region) province)",,"Flood|Slide (land, mud, snow, rock)",,,Kph,,,,2009,8.0,4.0,2009,8.0,8.0,26.0,18.0,94211.0,94229.0,,,25000.0,37516.0,66.6382010716644,2009-09-07,2025-12-20
2009-0360-PHL,nat-met-sto-tro,Meteorological,Storm,Tropical cyclone,Tropical storm Labuyo (Dujuan),PHL,Philippines,South-eastern Asia,Asia,"Botolan area (Zambales district, Region III (Central Luzon) province), Pilar, Morong, Hermosa, Dinalupihan areas (Bataan district, Region III (Central Luzon) province), Sibalom area (Antique district, Region VI (Western Visayas) province), San Erique, Pontevedra, La Carlota City, Valladolid, Hinigaran areas (Negros Occidental district, Region VI (Western Visayas) province), Bayawan city (Negros Oriental district, Region VII (Central Visayas) province)",,"Slide (land, mud, snow, rock)",,,Kph,,,,2009,9.0,2.0,2009,9.0,8.0,1.0,,95700.0,95700.0,,,,,66.6382010716644,2009-09-23,2025-12-20
2009-0373-PHL,nat-met-sto-tro,Meteorological,Storm,Tropical cyclone,Tropical depression Maring,PHL,Philippines,South-eastern Asia,Asia,"Botolan, Iba, San Antonio, San Felipe, San Marcelino areas (Zambales district, Region III (Central Luzon) province), Abucay, Bagac, Dinalupihan, Hermosa, Morong, Pilar, Samal areas (Bataan district, Region III (Central Luzon) province), Apalit, Arayat, Bacolor, Floridabanca, Guagua, Lubao, Masantol, Mexico, Minalin, San Luis, Sasmuan, Stanta Ana, Santo Thomas areas (Pampanga district, Region III (Central Luzon) province), Balagtas, Calumpit, Guiguinto, Marilao, Meycauayan, San Miguel areas (Bulacan district, Region III (Central Luzon) province), Calamba city (Laguna district, Region IV-A (Calabarzon) province)",,"Flood|Slide (land, mud, snow, rock)",,,Kph,,,,2009,9.0,8.0,2009,9.0,9.0,15.0,,388373.0,388373.0,,,6303.0,9459.0,66.6382010716644,2009-09-30,2025-12-20
2009-0399-HKG,nat-met-sto-tro,Meteorological,Storm,Tropical cyclone,"Typhoon ""Koppu""",HKG,"China, Hong Kong Special Administrative Region",Eastern Asia,Asia,Hong Kong,,,,120.0,Kph,,,,2009,9.0,15.0,2009,9.0,15.0,,50.0,300.0,350.0,,,,,66.6382010716644,2009-10-13,2025-12-20
2009-0414-KHM,nat-met-sto-tro,Meteorological,Storm,Tropical cyclone,"Tropical storm ""Ondoy"" (Ketsana)",KHM,Cambodia,South-eastern Asia,Asia,"Kampong Thom, Kratie, Mondul Kiri, Preah Vihear, Ratanak Kiri, Stung Treng provinces",,,,,Kph,,,,2009,9.0,29.0,2009,9.0,30.0,17.0,91.0,178000.0,178091.0,,,,,66.6382010716644,2014-05-12,2025-12-20
2009-0414-PHL,nat-met-sto-tro,Meteorological,Storm,Tropical cyclone,"Tropical storm ""Ondoy"" (Ketsana)",PHL,Philippines,South-eastern Asia,Asia,"Bolinao, Sual, Dagupan areas (Pangasinan district, Region I (Ilocos region) province), Rizal, Cabarroguis areas (Quirino district, Region II (Cagayan Valley) province), Mandaluyong, Manila, Marikina, Muntinlupa, Navotas, Paranaque, Pasig, Las Pinas, Caloocan, Makati, Valenzuela, Malabon, Pateros, Quezon, Taguig, San Juan, Pasay areas (Metropolitan Manila district, National Capital region (NCR) province), Balanga, Orani, Mariveles, Hermosa areas (Bataan district, Region III (Central Luzon) province), Angat, Balagtas, Baliwag, Bocaue, Bulacan, Bustos, Calumpit, Guiguinto, Hagonoy, Malolos, Marilao, Meycauayan, Plaridel, San Miguel areas (Bulacan district, Region III (Central Luzon) province), Arayal, Bacolor, Lubao, Mabelacat, San Simon, San Luis, San Fernando city, Sto.Tomas, Floridablanca, Sta.Rita areas (Pampanga district, Region III (Central Luzon) province), Licab area (Nueva Ecija district, Region III (Central Luzon) province), Magsaysay, San Jose areas (Mindoro Occidental district, Region IV (Southern Tagalog) province), Naga City, Sangay, Pasacao areas (Camarines Sur district, Region V (Bicol region) province), San Pascuan area (Masbate district, Region V (Bicol region) province), Pioduran area (Albay district, Region V (Bicol region) province), Pilar area (Sorsogon district, Region V (Bicol region) province), Zamboanga city (Zamboanga Del Sur district, Region IX (Zamboanga Peninsula) province), Kalamasig area (Sultan Kudarat district, Region XII (Soccsksargen) province), Kabugao area (Apayao district, Cordillera Administrative region (CAR) province), Kabayan area (Benguet district, Cordillera Administrative region (CAR) province), Region IV-A (Calabarzon) province",,Flood,105548.0,,Kph,,,,2009,9.0,24.0,2009,9.0,27.0,501.0,529.0,4901234.0,4901763.0,,,237489.0,356386.0,66.6382010716644,2014-05-12,2026-03-12
2009-0606-PHL,nat-met-sto-tro,Meteorological,Storm,Tropical cyclone,Goni (Jolina),PHL,Philippines,South-eastern Asia,Asia,"Panay area (Capiz district, Region VI (Western Visayas) province), Negros Occidental, Negros Oriental districts (Region VII (Central Visayas) province), Region IX (Zamboanga Peninsula), Region X (Northern Mindanao), Region XI (Davao Region), Region XII (Soccsksargen), Region XIII (Caraga) provinces",,Flood,,,Kph,,,,2009,8.0,1.0,2009,8.0,3.0,14.0,10.0,221412.0,221422.0,,,2888.0,4334.0,66.6382010716644,2010-03-15,2025-12-20
2009-0414-VNM,nat-met-sto-tro,Meteorological,Storm,Tropical cyclone,"Tropical storm ""Ondoy"" (Ketsana)",VNM,Viet Nam,South-eastern Asia,Asia,"Binh Dinh, Da Nang City, Dak Lak, Gia Lai, Ha Tinh, Thua Thien - Hue, Kon Tum, Lam Dong, Phu Yen, Quang Binh, Quang Nam, Quang Ngai, Quang Tri provinces",,Flood,,170.0,Kph,,,,2009,9.0,28.0,2009,9.0,29.0,182.0,860.0,2367820.0,2477315.0,,,785000.0,1178003.0,66.6382010716644,2014-05-13,2025-12-20
2009-0422-VNM,nat-met-sto-tro,Meteorological,Storm,Tropical cyclone,"Typhoon ""Pepeng"" (Parma)",VNM,Viet Nam,South-eastern Asia,Asia,"Bac Giang, Bac Kan, Bac Ninh, Cao Bang, Dien Bien, Ha Giang, Ha Nam, Ha Noi City, Ha Tay, Hai Duong, Hai Phong City, Hoa Binh, Hung Yen, Lai Chau, Lang Son, Lao Cai, Nam Dinh, Ninh Binh, Phu Tho, Quang Ninh, Son La, Thai Binh, Thai Nguyen, Thanh Hoa, Tuyen Quang, Vinh Phuc, Yen Bai provinces",,,,,Kph,,,,2009,10.0,14.0,2009,10.0,14.0,,,,,,,200.0,300.0,66.6382010716644,2010-01-13,2025-12-20
2009-0478-VNM,nat-met-sto-tro,Meteorological,Storm,Tropical cyclone,"Tropical storm ""Mirinae"" (Santi)",VNM,Viet Nam,South-eastern Asia,Asia,"Binh Dinh, Phu Yen, Khanh Hoa, Ninh Thuan, Dak Lak, Quang Nam, Quang Ngai, Kon Tum, Gia Lai provinces",,Flood,1760.0,140.0,Kph,,,,2009,11.0,2.0,2009,11.0,2.0,124.0,145.0,500000.0,500145.0,,,280000.0,420179.0,66.6382010716644,2010-02-09,2025-12-20
2009-0621-CHN,nat-met-sto-tro,Meteorological,Storm,Tropical cyclone,"Tropical cylone ""Goni""",CHN,China,Eastern Asia,Asia,"Guangdong Sheng, Guangxi Zhuangzu Zizhiqu, Hainan Sheng provinces",,Flood,,,Kph,,,,2009,8.0,1.0,2009,8.0,5.0,9.0,,,,,,7000.0,10504.0,66.6382010716644,2010-01-15,2025-12-20
2010-0120-AUS,nat-met-sto-tro,Meteorological,Storm,Tropical cyclone,"Cyclone ""Ului""",AUS,Australia,Australia and New Zealand,Oceania,"Mackay, Whitsunday districts (Queensland province)",,,,200.0,Kph,,,,2010,3.0,21.0,2010,3.0,21.0,1.0,,,,,,,,67.7310945291778,2010-03-29,2025-12-20
2010-0198-IND,nat-met-sto-tro,Meteorological,Storm,Tropical cyclone,"Cyclone ""Laila""",IND,India,Southern Asia,Asia,"Krishna, Prakasam, Nellore, Guntur districts (Andhra Pradesh province), Tamil Nadu province",,Rain,,110.0,Kph,,,,2010,5.0,20.0,2010,5.0,20.0,32.0,,,,,,,,67.7310945291778,2010-05-27,2025-12-20
2010-0308-PHL,nat-met-sto-tro,Meteorological,Storm,Tropical cyclone,Typhoon Conson (Basyang),PHL,Philippines,South-eastern Asia,Asia,"Manila City, Muntinlupa City, Pateros areas (Metropolitan Manila district, National Capital region (NCR) province), Dingalan area (Aurora district, Region III (Central Luzon) province), Abucay, Bagac, Balanga, Limay, Mariveles, Morong, Orani, Orion, Samal (Bataan district, Region III (Central Luzon) province), Malolos city (Bulacan district, Region III (Central Luzon) province), Masantol area (Pampanga district, Region III (Central Luzon) province), Basud, Capalonga, Daet, Jose Panganiban, Labo, Mercedes, Paracale, San Lorenzo Ruiz, Santa Elena, Talisay, Vinzons areas (Camarines Norte district, Region V (Bicol region) province), Bombon, Caramoan, Lagonoy, Pasacao, Siruma areas (Camarines Sur district, Region V (Bicol region) province), Bagamanoc, Caramoran, Gigmoto, Pandan areas (Catanduanes district, Region V (Bicol region) province), Region IV-A (Calabarzon) province",,Flood,,120.0,Kph,17.1,121.47,,2010,7.0,12.0,2010,7.0,15.0,146.0,91.0,585383.0,585474.0,,,8675.0,12808.0,67.7310945291778,2010-08-13,2025-12-20
2010-0479-KOR,nat-met-sto-tro,Meteorological,Storm,Tropical cyclone,Typhoon Kompasu,KOR,Republic of Korea,Eastern Asia,Asia,"Chungchongnam-do, Chollanam-do, Kwangju, Inchon, Seoul provinces",,,,120.0,Kph,,,,2010,9.0,2.0,2010,9.0,2.0,12.0,,41500.0,41500.0,,,,,67.7310945291778,2010-10-14,2025-12-20
2010-0484-CHN,nat-met-sto-tro,Meteorological,Storm,Tropical cyclone,Typhoon Fanapi,CHN,China,Eastern Asia,Asia,"Fujian Sheng, Guangdong Sheng provinces",,"Flood|Slide (land, mud, snow, rock)",,,Kph,,,,2010,9.0,20.0,2010,9.0,20.0,75.0,,1000000.0,1000000.0,,,298285.0,440396.0,67.7310945291778,2010-10-06,2025-12-20
2010-0503-GTM,nat-met-sto-tro,Meteorological,Storm,Tropical cyclone,Tropical storm Matthew,GTM,Guatemala,Latin America and the Caribbean,Americas,"Peten, Isabel, Suchitepequez, Huehuetenango, El Progreso provinces",,"Flood|Slide (land, mud, snow, rock)",,,Kph,,,,2010,9.0,25.0,2010,9.0,25.0,,,,,,,,,67.7310945291778,2010-10-04,2025-12-20
2010-0522-USA,nat-met-sto-tro,Meteorological,Storm,Tropical cyclone,Tropical storm Hermine,USA,United States of America,Northern America,Americas,Texas province,,Flood,,,Kph,28.89,-97.06,,2010,9.0,7.0,2010,9.0,11.0,8.0,,,,,,240000.0,354342.0,67.7310945291778,2010-10-06,2025-12-20
2010-0543-PHL,nat-met-sto-tro,Meteorological,Storm,Tropical cyclone,Typhoon Megi (Juan),PHL,Philippines,South-eastern Asia,Asia,"Aringuay, Bangar areas (La Union district, Region I (Ilocos region) province), Bolinao areas (Pangasinan district, Region I (Ilocos region) province), Aparri, Claveria, Gonzaga, Iguig, Lasam, Rizal, Santa Aba, Santa Praxedes, Santa Teresita, Santo Nino, Tiao areas (Cagayan district, Region II (Cagayan Valley) province), Dinapigue, Divilacan, San Mariano, Santa Maria (Isabela district, Region II (Cagayan Valley) province), Casiguran, Dilasag, Dinalungan areas (Aurora district, Region III (Central Luzon) province), Bagio City, Itogon, La Trinidad, Tublay areas (Benguet district, Cordillera Administrative region (CAR) province), Pinukbuk, Tabuk areas (Kalinga district, Cordillera Administrative region (CAR) province), Tadian area (Mountain Province district, Cordillera Administrative region (CAR) province)",,,6456.0,260.0,Kph,,,,2010,10.0,18.0,2010,10.0,18.0,35.0,42.0,2008984.0,2009026.0,,,275745.0,407117.0,67.7310945291778,2014-07-28,2025-12-20
2011-0070-VUT,nat-met-sto-tro,Meteorological,Storm,Tropical cyclone,"Tropical Cyclone ""Yasi""",VUT,Vanuatu,Melanesia,Oceania,"Banks, Torres Island areas (Torba province)",,Flood|Surge,,,Kph,,,,2011,1.0,30.0,2011,1.0,31.0,,,,,,,,,69.869263508865,2011-04-01,2025-12-20
2011-0070-SLB,nat-met-sto-tro,Meteorological,Storm,Tropical cyclone,"Tropical Cyclone ""Yasi""",SLB,Solomon Islands,Melanesia,Oceania,Solomon Islands province,,Flood,,,Kph,,,,2011,2.0,2.0,2011,2.0,2.0,,,,,,,,,69.869263508865,2011-04-01,2025-12-20
2011-0091-TON,nat-met-sto-tro,Meteorological,Storm,Tropical cyclone,Tropical cyclone Wilma,TON,Tonga,Polynesia,Oceania,Ha'apai island (Tonga province),,,86.0,,Kph,,,,2011,1.0,25.0,2011,1.0,29.0,3.0,,7600.0,7600.0,,,3000.0,4294.0,69.869263508865,2014-07-28,2025-12-20
2011-0157-PHL,nat-met-sto-tro,Meteorological,Storm,Tropical cyclone,Typhoon Bebeng (Aere),PHL,Philippines,South-eastern Asia,Asia,"Bulacan, Zambales districts (Region III (Central Luzon) province), Cebu district (Region VII (Central Visayas) province), Eastern Samar, Leyte, Northern Samar, Samar districts (Region VIII (Eastern Visayas) province), National Capital region (NCR), Region V (Bicol region)",,"Flood|Slide (land, mud, snow, rock)",,,Kph,,,,2011,5.0,8.0,2011,5.0,11.0,37.0,11.0,430081.0,430092.0,,,31259.0,44739.0,69.869263508865,2011-12-29,2025-12-20
2011-0272-PHL,nat-met-sto-tro,Meteorological,Storm,Tropical cyclone,Topical storm Juaning (Nock-ten),PHL,Philippines,South-eastern Asia,Asia,"La Pinas area (Metropolitan Manila district, National Capital region (NCR) province), Nueva Ecija district (Region III (Central Luzon) province), Cavite, Quezon districts (Region IV-A (Calabarzon) province), Marinduque district (Region IV (Southern Tagalog) province), Iloilo district (Region VI (Western Visayas) province), Siquijor district (Region VII (Central Visayas) province), Leyte district (Region VIII (Eastern Visayas) province), Ifugao district (Cordillera Administrative region (CAR) province), Region V (Bicol region) province",,"Flood|Slide (land, mud, snow, rock)",1871.0,,Kph,,,,2011,7.0,26.0,2011,7.0,27.0,84.0,53.0,1108171.0,1108224.0,,,63258.0,90538.0,69.869263508865,2011-08-08,2025-12-20
2011-0231-PHL,nat-met-sto-tro,Meteorological,Storm,Tropical cyclone,"Topical storm ""Meari"" (Falcon)",PHL,Philippines,South-eastern Asia,Asia,"Pangasinan district (Region I (Ilocos region) province), Batangas, Cavite, Rizal districts (Region IV-A (Calabarzon) province), Albay, Camarines Sur districts (Region V (Bicol region) province, National Capital region (NCR), Region III (Central Luzon) provinces",,"Flood|Slide (land, mud, snow, rock)",,120.0,Kph,,,,2011,6.0,21.0,2011,6.0,25.0,20.0,4.0,1700085.0,1700089.0,,,12869.0,18419.0,69.869263508865,2011-12-29,2025-12-20
2011-0272-THA,nat-met-sto-tro,Meteorological,Storm,Tropical cyclone,Topical storm Juaning (Nock-ten),THA,Thailand,South-eastern Asia,Asia,"Phrae, Chiang Mai, Sukhothai, Nan, Nakhon Phanom, Lamphun, Lampang, Mae Hon Son, Uttaradit, Phichit, Phitsanulok, Udon Thani, Nong Khai, Sakon Nakhon Loei, Phetchabun provinces",,Flood,,,Kph,,,,2011,8.0,4.0,2011,8.0,6.0,18.0,,1000000.0,1000000.0,,,,,69.869263508865,2011-08-08,2025-12-20
2011-0303-DOM,nat-met-sto-tro,Meteorological,Storm,Tropical cyclone,"Tropical storm ""Emily""",DOM,Dominican Republic,Latin America and the Caribbean,Americas,"Azua, Baoruco, Barahona, Dajabon, Distrito Nacional, Duarte, El Seibo, Elias Pina, Espaillat, Hato Mayor, Independencia, La Altagracia, La Romana, La Vega, Maria Trinidad Sanches, Monsenor Nouel, Monte Cristi, Monte Plata, Pedernales, Peravia, Puerto Plata, Salcedo, Samana, San Cristobal, San José de Ocoa, San Juan, San Pedro de Macoris, Sanchez Ramirez, Santiago, Santiago Rodriguez, Santo Domingo, Valverde provinces",,,,,Kph,,,,2011,8.0,4.0,2011,8.0,4.0,3.0,,7000.0,7000.0,,,,,69.869263508865,2011-08-10,2025-12-20
2011-0303-PRI,nat-met-sto-tro,Meteorological,Storm,Tropical cyclone,"Tropical storm ""Emily""",PRI,Puerto Rico,Latin America and the Caribbean,Americas,"Aguadilla, Arecibo, Bayamon, Guayama, Humacao, Mayaguez, Ponce, San Juan provinces",,,,,Kph,,,,2011,8.0,4.0,2011,8.0,4.0,,,,,,,,,69.869263508865,2011-08-10,2025-12-20
2011-0460-MEX,nat-met-sto-tro,Meteorological,Storm,Tropical cyclone,Hurricane Nate,MEX,Mexico,Latin America and the Caribbean,Americas,Tabasco province,,Transport accident,,100.0,Kph,,,,2011,9.0,9.0,2011,9.0,9.0,10.0,,,,,,,,69.869263508865,2011-11-14,2025-12-20
2011-0341-PHL,nat-met-sto-tro,Meteorological,Storm,Tropical cyclone,Typhoon Mina (Nanmadol),PHL,Philippines,South-eastern Asia,Asia,"Quezon City area (Metropolitan Manila district, National Capital region (NCR) province), Zambales, Bulacan districts (Region III (Central Luzon) province), Iloilo district (Region IV (Southern Tagalog) province), Benguet, Abra, Mountain Province districts (Cordillera Administrative region (CAR) province), Catanduanes district (Region V (Bicol region) province), Zamboanga Del Sur district (Region IX (Zamboanga Peninsula) province), Region I (Ilocos region) province",,,,,Kph,,,,2011,8.0,27.0,2011,8.0,29.0,43.0,37.0,403193.0,403230.0,,,34452.0,49309.0,69.869263508865,2011-09-07,2025-12-20
2011-0352-JPN,nat-met-sto-tro,Meteorological,Storm,Tropical cyclone,Typhoon Roke,JPN,Japan,Eastern Asia,Asia,"Aiti, Ehime, Siga, Nagasaki, Kumamoto provinces",,Flood,,215.0,Kph,,,,2011,9.0,22.0,2011,9.0,22.0,13.0,308.0,,308.0,1210000.0,1731806.0,1820000.0,2604865.0,69.869263508865,2012-04-04,2025-12-20
2011-0456-USA,nat-met-sto-tro,Meteorological,Storm,Tropical cyclone,Tropical Storm Lee,USA,United States of America,Northern America,Americas,"Louisiana, Mississippi, Alabama, Texas, New York, Pennsylvania, District of Columbia, Georgia, Maryland, Tennessee, Virginia provinces",,Flood,,75.0,Kph,,,,2011,9.0,4.0,2011,9.0,9.0,15.0,,600.0,600.0,560000.0,801497.0,750000.0,1073433.0,69.869263508865,2012-04-04,2025-12-20
2011-0519-PHL,nat-met-sto-tro,Meteorological,Storm,Tropical cyclone,Tropical storm Washi (Sendong),PHL,Philippines,South-eastern Asia,Asia,"Cagayan district (Region II (Cagayan Valley) province), Negros Oriental, Cebu districts (Region VII (Central Visayas) province), Zamboanga del Norte district (Region IX (Zamboanga Peninsula) province), Misamis Oriental, Lanao del Norte, Bukidnon districts (Region X (Northern Mindanao) province), Compostela district (Region XI (Davao Region) province), Surigao del Sur district (Region XIII (Caraga) province), Lanao del Sur district (Autonomous region in Muslim Mindanao (ARMM) province)",,"Flood|Slide (land, mud, snow, rock)",,,Kph,8.526,124.88,,2011,12.0,15.0,2011,12.0,18.0,1439.0,6071.0,1144229.0,1150300.0,,,38082.0,54505.0,69.869263508865,2012-01-12,2025-12-20
2011-0566-IND,nat-met-sto-tro,Meteorological,Storm,Tropical cyclone,Cyclone Thane,IND,India,Southern Asia,Asia,"Cuddalore district (Tamil Nadu province), Puducherry district (Puducherry province)",,,1350.0,140.0,Kph,,,,2011,12.0,29.0,2011,12.0,30.0,47.0,,,250000.0,,,375625.0,537611.0,69.869263508865,2012-04-04,2025-12-20
2011-0576-CHN,nat-met-sto-tro,Meteorological,Storm,Tropical cyclone,Tropical Storm Haima (Egay),CHN,China,Eastern Asia,Asia,"Guangdong Sheng, Guangxi Zhuangzu Zizhiqu, Hainan Sheng provinces",,,,,Kph,,,,2011,6.0,19.0,2011,6.0,24.0,,,,,,,,,69.869263508865,2012-01-05,2025-12-20
2012-0005-MDG,nat-met-sto-tro,Meteorological,Storm,Tropical cyclone,Cyclone Funso,MDG,Madagascar,Sub-Saharan Africa,Africa,"Atsimo Andrefana, Melaky, Menabe provinces",,Flood,,,Kph,,,,2012,1.0,24.0,2012,1.0,24.0,,,300.0,300.0,,,,,71.3150877335761,2014-04-30,2025-12-20
2012-0056-MDG,nat-met-sto-tro,Meteorological,Storm,Tropical cyclone,"Tropical depression ""Irina""",MDG,Madagascar,Sub-Saharan Africa,Africa,"Vatovavy Fitovinany, Sava, Diana, Atsimo Atsinanana, Anosy, Analanjirofo, Analamanga, Alaotra Mangoro provinces",,"Flood|Slide (land, mud, snow, rock)",,,Kph,,,,2012,2.0,26.0,2012,2.0,26.0,77.0,15.0,85000.0,85015.0,,,,,71.3150877335761,2012-06-13,2025-12-20
2012-0176-USA,nat-met-sto-tro,Meteorological,Storm,Tropical cyclone,Tropical storm Debby,USA,United States of America,Northern America,Americas,"Bay, Calhoun, Escambia, Franklin, Gadsden, Gulf, Holmes, Jackson, Jefferson, Leon, Liberty, Madison, Okaloosa, Santa Rosa, Taylor, Wakulla, Walton, Washington, Brevard, Citrus, Hardee, Hernando, Hillsborough, Indian River, Lake, Manatee, Marion, Orange, Osceola, Pasco, Pinellas, Polk, Seminole, Sumter, Volusia districts",,,,,Kph,28.9635,-82.5,,2012,6.0,22.0,2012,6.0,27.0,9.0,1.0,17000.0,17001.0,200000.0,280446.0,210000.0,294468.0,71.3150877335761,2013-01-07,2025-12-20
2012-0259-CHN,nat-met-sto-tro,Meteorological,Storm,Tropical cyclone,Typhoon Vicente,CHN,China,Eastern Asia,Asia,"Guangdong Sheng, Guangxi Zhuangzu Zizhiqu, Fujian Sheng provinces",,Flood,,,Kph,,,,2012,7.0,24.0,2012,7.0,24.0,8.0,,58500.0,58500.0,,,329000.0,461333.0,71.3150877335761,2013-02-05,2025-12-20
2012-0260-CHN,nat-met-sto-tro,Meteorological,Storm,Tropical cyclone,Tropical storm Gener (Saola),CHN,China,Eastern Asia,Asia,"Hubei Sheng, Fujian Sheng, Zhejiang Sheng province",,"Flood|Slide (land, mud, snow, rock)",,,Kph,,,,2012,8.0,8.0,2012,8.0,8.0,34.0,,183630.0,232170.0,,,124000.0,173876.0,71.3150877335761,2013-02-06,2025-12-20
2012-0294-VNM,nat-met-sto-tro,Meteorological,Storm,Tropical cyclone,TYphoon Kai-Tak,VNM,Viet Nam,South-eastern Asia,Asia,"Yen Bai, Vinh Phuc, Quang Ninh, Hai Phong City provinces",,"Slide (land, mud, snow, rock)",,,Kph,,,,2012,8.0,17.0,2012,8.0,17.0,17.0,14.0,59320.0,60479.0,,,6800.0,9535.0,71.3150877335761,2012-08-20,2025-12-20
2012-0296-PHL,nat-met-sto-tro,Meteorological,Storm,Tropical cyclone,Typhoon Igme (Tembin),PHL,Philippines,South-eastern Asia,Asia,La Union district (Region I (Ilocos region) province),,Flood,,165.0,Kph,,,,2012,8.0,20.0,2012,8.0,21.0,11.0,1.0,5606.0,5607.0,,,99.0,139.0,71.3150877335761,2012-08-21,2025-12-20
2012-0374-PHL,nat-met-sto-tro,Meteorological,Storm,Tropical cyclone,Typhoon Lawin (Jelawat),PHL,Philippines,South-eastern Asia,Asia,"Muntinlupa city (Metropolitan Manila district, National Capital region (NCR) province), Zamboanga del Norte district (Region IX (Zamboanga Peninsula) province)",,Flood,,210.0,Kph,,,,2012,9.0,21.0,2012,9.0,24.0,4.0,,7921.0,7921.0,,,,,71.3150877335761,2012-09-24,2025-12-20
2012-0406-PHL,nat-met-sto-tro,Meteorological,Storm,Tropical cyclone,Typhoon Son Tinh (Ofel),PHL,Philippines,South-eastern Asia,Asia,"National Capital region (NCR), Region I (Ilocos region), Region III (Central Luzon), Region IV (Southern Tagalog), Region IV-A (Calabarzon), Region V (Bicol region), Region VI (Western Visayas), Region VII (Central Visayas), Region VIII (Eastern Visayas), Region XIII (Caraga) province",,"Flood|Slide (land, mud, snow, rock)",,,Kph,,,,2012,10.0,25.0,2012,10.0,25.0,36.0,19.0,108021.0,108040.0,,,1339.0,1878.0,71.3150877335761,2012-11-09,2025-12-20
2012-0425-IND,nat-met-sto-tro,Meteorological,Storm,Tropical cyclone,Cyclone Nilam,IND,India,Southern Asia,Asia,"Andhra Pradesh, Tamil Nadu provinces",,Flood|Surge,,,Kph,11.82,78.08,,2012,11.0,4.0,2012,11.0,8.0,40.0,,70000.0,70000.0,,,,,71.3150877335761,2013-02-06,2025-12-20
2012-0451-JPN,nat-met-sto-tro,Meteorological,Storm,Tropical cyclone,Typhoon Jelawat,JPN,Japan,Eastern Asia,Asia,"Okinawa, Kagosima, Mie provinces",,,,126.0,Kph,,,,2012,9.0,29.0,2012,9.0,30.0,2.0,180.0,18045.0,18225.0,,,27400.0,38421.0,71.3150877335761,2013-01-04,2025-12-20
2012-0498-FJI,nat-met-sto-tro,Meteorological,Storm,Tropical cyclone,Cyclone Evan,FJI,Fiji,Melanesia,Oceania,"Bua, Macuata, Cakaudrove districts (Northern province), Ba, Nadroga & Navosa, Ra districts (Western province)",,,,,Kph,,,,2012,12.0,16.0,2012,12.0,18.0,2.0,,8400.0,8400.0,,,8400.0,11779.0,71.3150877335761,2014-07-29,2025-12-20
2012-0500-PLW,nat-met-sto-tro,Meteorological,Storm,Tropical cyclone,Typhoon Bopha,PLW,Palau,Micronesia,Oceania,"Angaur, Peleliu, Babaldaob",,,,,Kph,,,,2012,12.0,2.0,2012,12.0,2.0,,,,1250.0,,,,,71.3150877335761,2017-08-30,2023-09-25
2013-0249-TWN,nat-met-sto-tro,Meteorological,Storm,Tropical cyclone,Typhoon Soulik,TWN,Taiwan (Province of China),Eastern Asia,Asia,"Bailan village (Xinzhu Xian area, Taiwan Sheng province)",,,,220.0,Kph,,,,2013,7.0,14.0,2013,7.0,14.0,3.0,54.0,,54.0,,,43500.0,60116.0,72.3597374789251,2013-08-12,2025-12-20
2013-0335-MEX,nat-met-sto-tro,Meteorological,Storm,Tropical cyclone,Tropical storm Fernand,MEX,Mexico,Latin America and the Caribbean,Americas,"Yecuatla, Tuxpan, Atzalan districts (Veracruz province), Oaxaca province",,"Flood|Slide (land, mud, snow, rock)",,,Kph,,,,2013,8.0,25.0,2013,8.0,26.0,14.0,,5000.0,5000.0,,,2000.0,2764.0,72.3597374789251,2013-09-12,2025-12-20
2013-0341-CHN,nat-met-sto-tro,Meteorological,Storm,Tropical cyclone,Tropical storm Jebi,CHN,China,Eastern Asia,Asia,Hainan Sheng province,,Flood,,,Kph,,,,2013,8.0,2.0,2013,8.0,3.0,,,5000.0,5000.0,,,20000.0,27640.0,72.3597374789251,2013-09-10,2025-12-20
2013-0358-MEX,nat-met-sto-tro,Meteorological,Storm,Tropical cyclone,Hurricane Manuel,MEX,Mexico,Latin America and the Caribbean,Americas,"Guerrero, Oaxaca, Jalisco, Michoacan, Sinaloa provinces",,"Flood|Slide (land, mud, snow, rock)",,,Kph,,,,2013,9.0,13.0,2013,9.0,20.0,169.0,,105000.0,105000.0,685000.0,946659.0,4200000.0,5804333.0,72.3597374789251,2014-03-20,2025-12-20
2013-0401-IND,nat-met-sto-tro,Meteorological,Storm,Tropical cyclone,Cyclone Phailin,IND,India,Southern Asia,Asia,"Orissa, Andhra Pradesh, Jharkhand, Bihar, West Bengal, Chhattisgarh provinces",,Flood|Surge,,200.0,Kph,,,,2013,10.0,12.0,2013,10.0,14.0,47.0,,13230000.0,13230000.0,,,633471.0,875447.0,72.3597374789251,2014-07-29,2025-12-20
2013-0406-MEX,nat-met-sto-tro,Meteorological,Storm,Tropical cyclone,Hurricane Ingrid,MEX,Mexico,Latin America and the Caribbean,Americas,"Veracruz, Hidalgo, Puebla provinces",,"Flood|Slide (land, mud, snow, rock)",,,Kph,,,,2013,9.0,12.0,2013,9.0,17.0,23.0,,50000.0,50000.0,230000.0,317856.0,1500000.0,2072976.0,72.3597374789251,2014-03-20,2025-12-20
2013-0413-JPN,nat-met-sto-tro,Meteorological,Storm,Tropical cyclone,Tropical storm Toraji,JPN,Japan,Eastern Asia,Asia,Kagosima province,,,,,Kph,,,,2013,9.0,4.0,2013,9.0,4.0,1.0,19.0,4317.0,4336.0,,,2000.0,2764.0,72.3597374789251,2013-10-28,2025-12-20
2013-0419-VNM,nat-met-sto-tro,Meteorological,Storm,Tropical cyclone,Typhoon Wutip,VNM,Viet Nam,South-eastern Asia,Asia,"Binh Dinh, Quang Binh, Quang Nam, Quang Ngai, Ha Tinh, Quang Tri, Thua Thien - Hue, Khanh Hoa, Nghe An, Da Nang City, Phu Yen, Thanh Hoa provinces",,,,194.0,Kph,,,,2013,9.0,30.0,2013,10.0,15.0,31.0,330.0,1835255.0,1835585.0,,,663230.0,916573.0,72.3597374789251,2013-11-26,2025-12-20
2013-0429-JPN,nat-met-sto-tro,Meteorological,Storm,Tropical cyclone,Tropical storm Fitow,JPN,Japan,Eastern Asia,Asia,Okinawa province,,,,,Kph,,,,2013,10.0,7.0,2013,10.0,7.0,,,4392.0,4392.0,,,,,72.3597374789251,2013-11-13,2025-12-20
2013-0433-CHN,nat-met-sto-tro,Meteorological,Storm,Tropical cyclone,Typhoon Haiyan (Yolanda),CHN,China,Eastern Asia,Asia,Hainan Sheng province,,,,118.0,Kph,,,,2013,11.0,11.0,2013,11.0,11.0,5.0,,1800.0,51800.0,,,,,72.3597374789251,2014-06-19,2025-12-20
2013-0433-VNM,nat-met-sto-tro,Meteorological,Storm,Tropical cyclone,Typhoon Haiyan (Yolanda),VNM,Viet Nam,South-eastern Asia,Asia,"Quang Ninh, Hai Phong City, Bac Giang, Quang Ngai, Thanh Hoa, Nghe An, Ha Tinh, Quang Tri, Thua Thien - Hue, Da Nang City, Quang Nam provinces",,,,102.0,Kph,,,,2013,11.0,11.0,2013,11.0,11.0,16.0,89.0,12630.0,13094.0,,,734000.0,1014376.0,72.3597374789251,2013-11-19,2025-12-20
2014-0096-VUT,nat-met-sto-tro,Meteorological,Storm,Tropical cyclone,Tropical cylone Lusi,VUT,Vanuatu,Melanesia,Oceania,"Western Pentecost, East Ambae, Maewo areas (Penama province), Western Ambrym area (Malampa province), South Santo area (Sanma province), Gaua, Vanua Lava areas (Torba province), Shepherd area (Shefa province)",,Flood,,140.0,Kph,,,,2014,3.0,9.0,2014,3.0,12.0,12.0,6.0,20000.0,20006.0,,,2000.0,2720.0,73.5335770092672,2014-04-09,2025-12-20
2014-0227-PHL,nat-met-sto-tro,Meteorological,Storm,Tropical cyclone,Typhoon Rammasun (Glenda),PHL,Philippines,South-eastern Asia,Asia,"National Capital region (NCR), Region III (Central Luzon), Region IV-A (Calabarzon), Region IV (Southern Tagalog), Region V (Bicol region), Region VIII (Eastern Visayas) provinces",,"Flood|Slide (land, mud, snow, rock)",,150.0,Kph,,,,2014,7.0,15.0,2014,7.0,15.0,111.0,1250.0,4653716.0,4654966.0,,,820576.0,1115920.0,73.5335770092672,2014-07-17,2025-12-20
2018-0309-CHN,nat-met-sto-tro,Meteorological,Storm,Tropical cyclone,Typhoon 'Soulik',CHN,China,Eastern Asia,Asia,,,,,,Kph,,,,2018,8.0,22.0,2018,8.0,23.0,,,,,,,79900.0,102439.0,77.9972651879547,2019-01-02,2025-03-18
2014-0240-PHL,nat-met-sto-tro,Meteorological,Storm,Tropical cyclone,Typhoon Henry (Matmo),PHL,Philippines,South-eastern Asia,Asia,"Region II, Region IV-A, Region IV provinces",,"Rain|Slide (land, mud, snow, rock)",,,Kph,,,,2014,7.0,22.0,2014,7.0,23.0,2.0,,683.0,683.0,,,,,73.5335770092672,2014-07-23,2025-12-20
2014-0330-CHN,nat-met-sto-tro,Meteorological,Storm,Tropical cyclone,Tropical strom Fung-Wong (Mario),CHN,China,Eastern Asia,Asia,Zhejiang Sheng province,,,,,Kph,,,,2014,9.0,18.0,2014,9.0,24.0,,,1250.0,1250.0,,,,,73.5335770092672,2014-10-10,2025-12-20
2014-0330-TWN,nat-met-sto-tro,Meteorological,Storm,Tropical cyclone,Tropical strom Fung-Wong (Mario),TWN,Taiwan (Province of China),Eastern Asia,Asia,Taiwan Sheng province,,Flood,,,Kph,,,,2014,9.0,18.0,2014,9.0,24.0,,,,,,,400000.0,543969.0,73.5335770092672,2014-10-10,2025-12-20
2014-0396-JPN,nat-met-sto-tro,Meteorological,Storm,Tropical cyclone,Typhoon Vongfong,JPN,Japan,Eastern Asia,Asia,"Makurazakisi, Kagosimasi districts (Kagosima province), Okinawa, Sizuoka provinces",,,,290.0,Kph,,,,2014,10.0,12.0,2014,10.0,13.0,9.0,94.0,1104.0,1198.0,,,100000.0,135992.0,73.5335770092672,2014-10-14,2025-12-20
2014-0479-PHL,nat-met-sto-tro,Meteorological,Storm,Tropical cyclone,Typhoon 'Hagupit' (Ruby),PHL,Philippines,South-eastern Asia,Asia,"Bataan district (Region III (Central Luzon) province), Agusan Del Norte, Agusan Del Sur, Surigao Del Sur, Surigao Del Norte districts (Region XIII (Caraga) province), National Capital region (NCR), Region IV (Southern Tagalog), Region IV-A (Calabarzon), Region V (Bicol region), Region VI (Western Visayas), Region VII (Central Visayas), Region VIII (Eastern Visayas) provinces",,"Flood|Slide (land, mud, snow, rock)",8139.0,210.0,Kph,,,,2014,12.0,12.0,2014,12.0,12.0,18.0,916.0,4149484.0,4150400.0,,,113878.0,154865.0,73.5335770092672,2014-12-12,2025-12-20
2015-0252-VNM,nat-met-sto-tro,Meteorological,Storm,Tropical cyclone,Tropical storm Kujira,VNM,Viet Nam,South-eastern Asia,Asia,Son La province,,,,,Kph,,,,2015,6.0,24.0,2015,6.0,29.0,7.0,,,115.0,,,,,73.6208029365864,2015-07-15,2025-12-20
2015-0093-PNG,nat-met-sto-tro,Meteorological,Storm,Tropical cyclone,Cyclone 'Pam',PNG,Papua New Guinea,Melanesia,Oceania,"West New Britain, Madang provinces",,,,,Kph,,,,2015,3.0,13.0,2015,3.0,13.0,,,9199.0,9199.0,,,,,73.6208029365864,2016-02-29,2025-12-20
2015-0093-SLB,nat-met-sto-tro,Meteorological,Storm,Tropical cyclone,Cyclone 'Pam',SLB,Solomon Islands,Melanesia,Oceania,"Temotu, Malaita areas (Solomon Islands province)",,Flood,,,Kph,,,,2015,3.0,6.0,2015,3.0,6.0,,,44096.0,44096.0,,,,,73.6208029365864,2015-03-18,2025-12-20
2015-0105-CHN,nat-met-sto-tro,Meteorological,Storm,Tropical cyclone,Typhoon' Maysak',CHN,China,Eastern Asia,Asia,"Hunan Sheng, Jiangxi Sheng provinces",,Flood,,,Kph,,,,2015,4.0,4.0,2015,4.0,15.0,6.0,,12000.0,12000.0,,,209000.0,283887.0,73.6208029365864,2015-09-01,2025-12-20
2015-0135-AUS,nat-met-sto-tro,Meteorological,Storm,Tropical cyclone,Cyclone 'Olwyn',AUS,Australia,Australia and New Zealand,Oceania,"Carnarvon, Ashburton, Upper Gascoyne, Geraldton-Greenough, Irwin districts (Western Australia province)",,,,160.0,Kph,,,,2015,3.0,12.0,2015,3.0,15.0,,,600.0,600.0,49000.0,66557.0,57000.0,77424.0,73.6208029365864,2015-04-09,2025-12-20
2015-0371-PHL,nat-met-sto-tro,Meteorological,Storm,Tropical cyclone,Typhoon Goni (Ineng),PHL,Philippines,South-eastern Asia,Asia,"Ilocos Norte, Ilocos Sur districts (Region I (Ilocos region) province), Region II (Cagayan Valley), Cordillera Administrative region (CAR) provinces",,"Flood|Slide (land, mud, snow, rock)",,252.0,Kph,,,,2015,8.0,22.0,2015,8.0,22.0,40.0,24.0,318359.0,318383.0,,,30299.0,41155.0,73.6208029365864,2015-08-24,2025-12-20
2015-0339-MNP,nat-met-sto-tro,Meteorological,Storm,Tropical cyclone,Typhoon 'Soudelor' (Hanna),MNP,Northern Mariana Islands,Micronesia,Oceania,Saipan island (Northern Mariana Islands province),,,,170.0,Kph,,,,2015,8.0,1.0,2015,8.0,2.0,,10.0,350.0,360.0,,,,,73.6208029365864,2015-09-07,2025-12-20
2015-0375-HTI,nat-met-sto-tro,Meteorological,Storm,Tropical cyclone,Hurricane Erika,HTI,Haiti,Latin America and the Caribbean,Americas,"Ganthier village (Croix-Des-Bouquets district, Sud province), Port-au-Prince district (Ouest province), Gonaïves district (Artibonite province)",,Flood,,,Kph,,,,2015,8.0,29.0,2015,8.0,30.0,5.0,3.0,,1969.0,,,,,73.6208029365864,2015-08-31,2025-12-20
2015-0458-JPN,nat-met-sto-tro,Meteorological,Storm,Tropical cyclone,Typhoon Dujuan,JPN,Japan,Eastern Asia,Asia,Okinawa province,,,,,Kph,,,,2015,9.0,28.0,2015,9.0,28.0,,,,,,,,,73.6208029365864,2016-05-17,2025-12-20
2015-0484-SOM,nat-met-sto-tro,Meteorological,Storm,Tropical cyclone,Cyclone Chapala,SOM,Somalia,Sub-Saharan Africa,Africa,"Baargsaal, Bander, Bareeda, Butiyaal, Caluula, Murcanyo, Qandalla, Xaabo villages (Bossaso district, Bari province), Biycad, Bulahar, Ceelsheik, Shacable villages (Berbera district, Woqooyi Galbeed province)",,,,,Kph,,,,2015,11.0,2.0,2015,11.0,2.0,,,4000.0,4000.0,,,,,73.6208029365864,2015-11-16,2025-12-20
2016-0004-TON,nat-met-sto-tro,Meteorological,Storm,Tropical cyclone,Cyclone Ulla,TON,Tonga,Polynesia,Oceania,"Vava'u, Ha'apai islands (Administrative unit not available)",,,,150.0,Kph,,,,2016,1.0,2.0,2016,1.0,2.0,,,392.0,392.0,,,,,74.5496029864344,2016-01-12,2025-12-20
2016-0041-TON,nat-met-sto-tro,Meteorological,Storm,Tropical cyclone,Cyclone Winston,TON,Tonga,Polynesia,Oceania,Vava’u Isl.,,,,,Kph,,,,2016,2.0,19.0,2016,2.0,19.0,,,,,,,,,74.5496029864344,2016-02-22,2025-12-20
2016-0268-VNM,nat-met-sto-tro,Meteorological,Storm,Tropical cyclone,Storm Mirinae,VNM,Viet Nam,South-eastern Asia,Asia,"Nam Dinh, Thai Binh and Ninh Binh provinces",,,,88.0,Kph,,,,2016,7.0,28.0,2016,7.0,28.0,1.0,5.0,191745.0,191750.0,,,191000.0,256205.0,74.5496029864344,2016-08-04,2025-12-20
2016-0175-BGD,nat-met-sto-tro,Meteorological,Storm,Tropical cyclone,Cyclone Roanu,BGD,Bangladesh,Southern Asia,Asia,"Barisal; Noakhali, Lakshmipur, Chandpur (Chittagong); Cox’s Bazar, Bhola, Barguna, Patuakhali",,"Flood|Slide (land, mud, snow, rock)",,,Kph,,,,2016,5.0,21.0,2016,5.0,21.0,28.0,,1083855.0,1203555.0,,,600000.0,804833.0,74.5496029864344,2016-05-23,2025-12-20
2016-0342-CHN,nat-met-sto-tro,Meteorological,Storm,Tropical cyclone,Typhoon Ferdie (Meranti),CHN,China,Eastern Asia,Asia,Fujian Sheng province,,Flood,,,Kph,,,,2016,9.0,15.0,2016,9.0,15.0,,,205500.0,205500.0,101000.0,135480.0,2300000.0,3085194.0,74.5496029864344,2016-10-31,2025-12-20
2016-0342-TWN,nat-met-sto-tro,Meteorological,Storm,Tropical cyclone,Typhoon Ferdie (Meranti),TWN,Taiwan (Province of China),Eastern Asia,Asia,,,Flood,,305.0,Kph,,,,2016,9.0,14.0,2016,9.0,14.0,,,,,,,70000.0,93897.0,74.5496029864344,2016-10-31,2025-12-20
2016-0350-TWN,nat-met-sto-tro,Meteorological,Storm,Tropical cyclone,Typhoon Megi,TWN,Taiwan (Province of China),Eastern Asia,Asia,,,"Slide (land, mud, snow, rock)",,,Kph,,,,2016,9.0,27.0,2016,9.0,27.0,7.0,160.0,,160.0,,,110000.0,147553.0,74.5496029864344,2016-11-14,2025-12-20
2016-0361-KOR,nat-met-sto-tro,Meteorological,Storm,Tropical cyclone,Typhoon Chaba (Chyba?),KOR,Republic of Korea,Eastern Asia,Asia,"Busan city (Pusan province), Ulsan city (Kyongsangnam-do province), Cheju-do province (Jeju island), Chollanam-do province, Gyeongju city (Kyongsangbuk-do province)",,"Flood|Slide (land, mud, snow, rock)",,,Kph,,,,2016,10.0,5.0,2016,10.0,12.0,9.0,,1500.0,1500.0,,,126000.0,169015.0,74.5496029864344,2016-11-16,2025-12-20
2016-0379-CHN,nat-met-sto-tro,Meteorological,Storm,Tropical cyclone,Tropical storm Dianmu,CHN,China,Eastern Asia,Asia,"Zhanjiang district (Guangdong Sheng province), Hainan Sheng province",,,,,Kph,,,,2016,8.0,18.0,2016,8.0,19.0,,,40000.0,40000.0,,,,,74.5496029864344,2016-11-17,2025-12-20
2023-0300-PHL,nat-met-sto-tro,Meteorological,Storm,Tropical cyclone,Typhoon 'Mawar',PHL,Philippines,South-eastern Asia,Asia,"Ilocos Region, Cagayan Valley, Central Luzon, Western Visayas, CAR and MIMAROPA.",,,,,Kph,,,,2023,5.0,24.0,2023,6.0,3.0,1.0,1.0,30500.0,30501.0,,,,,94.6446220103845,2023-06-28,2025-03-18
2016-0363-PHL,nat-met-sto-tro,Meteorological,Storm,Tropical cyclone,Typhoon Karen (Sarika),PHL,Philippines,South-eastern Asia,Asia,"Pangasinan district (Region I (Ilocos region) province), Nueva Vizcaya, Quirino, Isabela districts (Region II (Cagayan valley) province), Aurora, Bulacan, Nueva Ecija, Zambales districts (Region III (Central Luzon) province), Quezon, Rizal, Laguna, Cavite, Batangas districts (Region IV-A (Calabarzon) province), Albay, Catanduanes, Camarines Sur, Camarines Norte, Sorsogon districts (Region V (Bicol region) province)",,,,210.0,Kph,,,,2016,10.0,16.0,2016,10.0,19.0,,,52270.0,52270.0,,,11490.0,15413.0,74.5496029864344,2016-11-16,2026-03-13
2022-0798-IND,nat-met-sto-tro,Meteorological,Storm,Tropical cyclone,Cyclone 'Mandous',IND,India,Southern Asia,Asia,Tamil Nadu,,,,,Kph,,,,2022,12.0,9.0,2022,12.0,9.0,,,,,,,,,90.9026974595266,2022-12-09,2025-12-20
2016-0433-NIC,nat-met-sto-tro,Meteorological,Storm,Tropical cyclone,Tropical storm Otto,NIC,Nicaragua,Latin America and the Caribbean,Americas,"Costa Caribe Sur, Chontales, Zelaya Central, Río San Juan",,,,,Kph,,,,2016,11.0,17.0,2016,11.0,17.0,,,10570.0,10570.0,,,,,74.5496029864344,2016-11-23,2025-12-20
2016-0490-PHL,nat-met-sto-tro,Meteorological,Storm,Tropical cyclone,Typhoon Helen (Megi),PHL,Philippines,South-eastern Asia,Asia,"Meycauayan city, Marilao, Sta. Maria (Bulacan province)",,Flood,,,Kph,,,,2016,9.0,28.0,2016,9.0,28.0,,,1559.0,1559.0,,,,,74.5496029864344,2016-12-14,2025-12-20
2017-0406-PHL,nat-met-sto-tro,Meteorological,Storm,Tropical cyclone,Typhoon 'Doksuri',PHL,Philippines,South-eastern Asia,Asia,"Central Luzon, Calabarzon (Laguna, Quezon, Cavite, Rizal), the National Capital region (Metro Manila)",,"Flood|Slide (land, mud, snow, rock)",,,Kph,,,,2017,9.0,11.0,2017,9.0,15.0,26.0,,7465.0,9110.0,,,5300.0,6961.0,76.1376037057766,2017-11-22,2025-12-20
2017-0105-AUS,nat-met-sto-tro,Meteorological,Storm,Tropical cyclone,Debbie,AUS,Australia,Australia and New Zealand,Oceania,"Logan region; Queensland; Nouvelle-Galles du Sud, au sud du Queensland, Sydney; Bowen (Whitsunday), Mackay, Proserpine (Whitsunday), Airlie beach (Whitsunday Isl.)",,Flood,,263.0,Kph,,,Logan river,2017,3.0,27.0,2017,4.0,6.0,12.0,,45000.0,45000.0,1400000.0,1838776.0,2700000.0,3546211.0,76.1376037057766,2017-04-19,2025-12-20
2017-0152-MMR,nat-met-sto-tro,Meteorological,Storm,Tropical cyclone,Cyclone Mora,MMR,Myanmar,South-eastern Asia,Asia,"Chin, Ayeyarwady, Magway, Sagaing, Rakhine (worst is Buthidaung, Maungdaw-Arakan ) state",,,,,Kph,,,,2017,6.0,1.0,2017,6.0,9.0,,,107520.0,107520.0,,,,,76.1376037057766,2017-06-23,2025-12-20
2017-0485-MAC,nat-met-sto-tro,Meteorological,Storm,Tropical cyclone,Tropical storm 'Pakhar'/'Jolina',MAC,"China, Macao Special Administrative Region",Eastern Asia,Asia,,,"Flood|Slide (land, mud, snow, rock)",,,Kph,,,,2017,8.0,27.0,2017,8.0,27.0,,,,,,,,,76.1376037057766,2018-04-11,2023-09-25
2017-0326-CHN,nat-met-sto-tro,Meteorological,Storm,Tropical cyclone,Typhoon Nesat & Haitang,CHN,China,Eastern Asia,Asia,Fujian province,,,,,Kph,,,,2017,8.0,3.0,2017,8.0,3.0,,,13200.0,13800.0,,,57000.0,74864.0,76.1376037057766,2017-08-07,2025-12-20
2017-0352-CHN,nat-met-sto-tro,Meteorological,Storm,Tropical cyclone,Typhoon 'Hato',CHN,China,Eastern Asia,Asia,"Southern, Guangdong, Guangxi Zhuang, and Fujian Provinces (Guanghai, Guangdong towns, Zhuhai, Shenzhen), Guizhou and Yunnan",,Flood,,,Kph,,,,2017,8.0,24.0,2017,8.0,24.0,8.0,373.0,,22273.0,250000.0,328353.0,3500000.0,4596940.0,76.1376037057766,2017-08-25,2025-12-20
2017-0362-USA,nat-met-sto-tro,Meteorological,Storm,Tropical cyclone,Hurricane Harvey,USA,United States of America,Northern America,Americas,"Eastern Texas (Rockport, Corpus Chrsti, Port Lavaca, Cypress area of Houston, Houston metro area, Beaumont, Port Arthur, Angelina, Aransas, Atascosa, Austin, Bastrop, Bee, Bexar, Brazoria, Brazos, Burleson, Caldwell, Calhoun, Cameron, Chambers, Colorado, Comal, DeWitt, Fayette, Fort Bend, Galveston, Goliad, Gonzales, Grimes, Guadalupe, Hardin, Harris, Jackson, Jasper, Jefferson, Jim Wells, Karnes, Kerr, Kleberg, Lavaca, Lee, Leon, Liberty, Live Oak, Madison, Matagorda, Montgomery, Newton, Nueces, Orange, Polk, Refugio, Sabine, San Jacinto, San Patricio, Trinity, Tyler, Victoria, Walker, Waller, Washington, Wharton, Willacy, Wilson, San Augustine), Southwestern Louisiana (Acadia, Forrest, Iberia, Lafayette, Vernon, Beauregard, Calcasieu, Cameron (Hackberry), Jefferson Davis, Vermillion, Allen, Natchitoches, Rapides, Sabine)",,Flood|Oil spill,,215.0,Kph,,,"Sabine River, Brazos River, Navidad River, San Bernard River, San Jacinto River, Trinity River, Clear Creek, Cypress Creek, Davidson Creek, Lake Creek, Menard Creek, Peach Creek, and Buffalo Bayou while the Colorado River, Guadalupe River, Lavaca River, Tres Palacios River, Bedias Creek, Caney Creek, Garcitas Creek, Sandies Creek, Sandy Creek, Spring Creek, Brays Bayou, White Oak Bayou, Greens Bayou",2017,8.0,25.0,2017,8.0,29.0,88.0,24.0,555000.0,582024.0,30000000.0,39402343.0,95000000.0,124774087.0,76.1376037057766,2017-08-28,2025-12-20
2017-0381-AIA,nat-met-sto-tro,Meteorological,Storm,Tropical cyclone,Hurricane 'Irma',AIA,Anguilla,Latin America and the Caribbean,Americas,,,,,,Kph,,,,2017,9.0,6.0,2017,9.0,6.0,4.0,,15000.0,15000.0,6700.0,8800.0,200000.0,262682.0,76.1376037057766,2017-09-07,2025-06-25
2017-0381-CUB,nat-met-sto-tro,Meteorological,Storm,Tropical cyclone,Hurricane 'Irma',CUB,Cuba,Latin America and the Caribbean,Americas,"Habana del Este, Habana Vieja, Centro Habana, Plaza, Playa municipalities (Habana province); Sierra de Cúbitas, Florida, Nuevitas, Esmeralda municipalities (Camagüey province); Martí, Cárdenas, Matanzas, Los Arabos Unión de Reyes municipalities (Matanzas province); Jobabo, Manatí, Jesús Mendez, Puerto Padre municipalities (Las Tunas province); Gibara, Frank Paí, Banes, Mayarí, Rafael Freyre municipalities (Holguin province); Encrucijada Caibaríen, Sagüa la Grande, Santo Domingo, Santa Clara municipalities (Villa Clara province); Bolivia, Moron, Chambas, Venezuela municipalities (Ciego Avila province), Pinar del Rio, Matanzas, Artemisa, Mayabeque, Cienfuegos, Sancti Spiritus, Granma, Guantamo",,Flood,,,Kph,,,,2017,9.0,8.0,2017,9.0,10.0,10.0,,10000000.0,10000000.0,200000.0,262682.0,540000.0,709242.0,76.1376037057766,2017-09-12,2025-12-20
2017-0381-SXM,nat-met-sto-tro,Meteorological,Storm,Tropical cyclone,Hurricane 'Irma',SXM,Sint Maarten (Dutch part),Latin America and the Caribbean,Americas,,,,,,Kph,,,,2017,9.0,8.0,2017,9.0,9.0,4.0,40.0,5000.0,5040.0,500000.0,656706.0,2500000.0,3283529.0,76.1376037057766,2017-09-21,2025-06-25
2017-0383-DOM,nat-met-sto-tro,Meteorological,Storm,Tropical cyclone,Hurricane 'Maria',DOM,Dominican Republic,Latin America and the Caribbean,Americas,"La Altagracia, El Seibo, Hato Mayor, Samaná, Espaillat, María Trinidad Sánchez, Puerto Plata, Santiago, Sánchez Ramírez, Monseñor Nouel, La Romana, Montecristi, Duarte, San Juan, Valverde, Dajabón, Santiago Rodríguez, San Pedro de Macorís, Hermanas Mirabal (Salcedo), La Vega",,"Flood|Slide (land, mud, snow, rock)",,,Kph,,,,2017,9.0,20.0,2017,9.0,20.0,5.0,,26000.0,26000.0,,,63000.0,82745.0,76.1376037057766,2017-09-29,2025-12-20
2017-0392-MEX,nat-met-sto-tro,Meteorological,Storm,Tropical cyclone,Hurricane Katia,MEX,Mexico,Latin America and the Caribbean,Americas,"Tecolutla, Xalapa, Jalcomulco",,"Flood|Slide (land, mud, snow, rock)",,,Kph,,,,2017,9.0,7.0,2017,9.0,8.0,3.0,,1110.0,1110.0,,,,,76.1376037057766,2017-09-22,2025-03-18
2017-0406-THA,nat-met-sto-tro,Meteorological,Storm,Tropical cyclone,Typhoon 'Doksuri',THA,Thailand,South-eastern Asia,Asia,"Uthai Thani, Phitsanulok, Phrae, Chaiyaphum, Chiang Rai, Kalasin, Lampang, Loei, Phangnga, Phetchabun, Sakon Nakhon, Satun, Uttaradit",,Flood,,,Kph,,,,2017,9.0,17.0,2017,9.0,17.0,,,28500.0,28500.0,,,,,76.1376037057766,2018-03-07,2025-12-20
2017-0410-GTM,nat-met-sto-tro,Meteorological,Storm,Tropical cyclone,Tropical depression'16/Hurricane 'Nate',GTM,Guatemala,Latin America and the Caribbean,Americas,"Ixcan, San Luis and Coban communities",,"Flood|Slide (land, mud, snow, rock)",,,Kph,,,Chixoy River,2017,10.0,5.0,2017,10.0,5.0,8.0,,2762.0,3175.0,,,,,76.1376037057766,2017-10-09,2024-08-27
2017-0410-HND,nat-met-sto-tro,Meteorological,Storm,Tropical cyclone,Tropical depression'16/Hurricane 'Nate',HND,Honduras,Latin America and the Caribbean,Americas,"Ocotepeque, Copán, Lempira, Intibucá, Santa Bárbara, Comayagua departements, Francisco Morazan (San Ignacio), Atlantida (El Porvenir), El Paraiso (Trojes), Valle (San Lorenzo, Nacaome Paso Hondo in Goascoran)",,"Flood|Slide (land, mud, snow, rock)",,,Kph,,,,2017,10.0,5.0,2017,10.0,6.0,3.0,,120.0,120.0,,,,,76.1376037057766,2017-10-09,2025-12-20
2017-0485-PHL,nat-met-sto-tro,Meteorological,Storm,Tropical cyclone,Tropical storm 'Pakhar'/'Jolina',PHL,Philippines,South-eastern Asia,Asia,"Ilocos, Cagayan Valley, Central Luzon, Cordillera Regions",,,,65.0,Kph,,,,2017,8.0,25.0,2017,8.0,26.0,,,3400.0,3400.0,,,,,76.1376037057766,2018-04-11,2025-12-20
2017-0508-IND,nat-met-sto-tro,Meteorological,Storm,Tropical cyclone,Cyclone 'Ockhi',IND,India,Southern Asia,Asia,"Kerala (Thiruvananthapuram, Kozhikode,Ernakulam),Tamil Nadu (Kanyakumari-Munchirai, Thiruvattar,Killiyur, Kurunthancode, Rajakkamangalam-, Tirunelveli, Tuticorin districts), Andhra Pradesh (Chittoor and Nellore), Lakshadweep Islands",,Flood,,130.0,Kph,,,"Amaravathi, Bhavani, Suwarnamukhi and Kalingi Rivers",2017,12.0,2.0,2017,12.0,2.0,884.0,,60000.0,60000.0,,,,,76.1376037057766,2017-12-04,2025-12-20
2018-0029-MUS,nat-met-sto-tro,Meteorological,Storm,Tropical cyclone,Tropical storm 'Berguitta',MUS,Mauritius,Sub-Saharan Africa,Africa,"Rodrigues island, Rivière du Rempart, Pamplemousse, Port Louis, Flacq, Plaines Wilhems, Black River",,Flood,,120.0,Kph,,,,2018,1.0,15.0,2018,1.0,21.0,,,30000.0,30000.0,,,,,77.9972651879547,2018-01-26,2025-12-20
2018-0145-DJI,nat-met-sto-tro,Meteorological,Storm,Tropical cyclone,Cyclone 'Sagar',DJI,Djibouti,Sub-Saharan Africa,Africa,,,Flood,,,Kph,,,,2018,5.0,20.0,2018,5.0,21.0,2.0,,25000.0,25000.0,,,,,77.9972651879547,2018-05-22,2025-06-25
2018-0145-SOM,nat-met-sto-tro,Meteorological,Storm,Tropical cyclone,Cyclone 'Sagar',SOM,Somalia,Sub-Saharan Africa,Africa,"Somaliland, Puntland",,Flood,,,Kph,,,,2018,5.0,21.0,2018,5.0,21.0,53.0,,228000.0,228000.0,,,,,77.9972651879547,2018-05-22,2025-12-20
2018-0170-CUB,nat-met-sto-tro,Meteorological,Storm,Tropical cyclone,Tropical storm 'Alberto',CUB,Cuba,Latin America and the Caribbean,Americas,"Ciego de Avila, Sancti Spiritus et Villa Clara, Matanzas, Pinar del Rio, Cienfuegos",,Flood|Oil spill,,,Kph,,,,2018,5.0,29.0,2018,6.0,2.0,9.0,,40000.0,40000.0,,,,,77.9972651879547,2018-06-04,2025-12-20
2018-0227-PHL,nat-met-sto-tro,Meteorological,Storm,Tropical cyclone,Tyhoon 'Son Tinh',PHL,Philippines,South-eastern Asia,Asia,,,Flood,,,Kph,,,,2018,7.0,17.0,2018,7.0,31.0,16.0,,2231101.0,2231101.0,,,88000.0,112824.0,77.9972651879547,2018-08-09,2023-09-25
2018-0227-VNM,nat-met-sto-tro,Meteorological,Storm,Tropical cyclone,Tyhoon 'Son Tinh',VNM,Viet Nam,South-eastern Asia,Asia,Chuong My,,"Flood|Slide (land, mud, snow, rock)",,,Kph,,,,2018,7.0,18.0,2018,7.0,22.0,34.0,,96000.0,96000.0,,,220000.0,282061.0,77.9972651879547,2018-07-24,2025-12-20
2018-0287-CHN,nat-met-sto-tro,Meteorological,Storm,Tropical cyclone,Tropical storm 'Ampil' (Inday),CHN,China,Eastern Asia,Asia,"Shangai, iJiangsu, Zhejiang, Shandong, Hebei",,,,,Kph,,,,2018,7.0,22.0,2018,7.0,22.0,1.0,,18000.0,18000.0,,,240000.0,307703.0,77.9972651879547,2018-08-09,2025-12-20
2018-0305-CHN,nat-met-sto-tro,Meteorological,Storm,Tropical cyclone,Typhoon 'Bebinca',CHN,China,Eastern Asia,Asia,"Guangdong, Hainan Provinces",,Flood,,,Kph,,,,2018,8.0,15.0,2018,8.0,15.0,2.0,,,300.0,,,188000.0,241034.0,77.9972651879547,2018-09-19,2025-12-20
2018-0326-JPN,nat-met-sto-tro,Meteorological,Storm,Tropical cyclone,Typhoon Jebi,JPN,Japan,Eastern Asia,Asia,"Osaka, Wakayama, Hyogo",,Flood,,220.0,Kph,,,,2018,9.0,4.0,2018,9.0,5.0,17.0,600.0,3300.0,3900.0,9000000.0,11538866.0,12500000.0,16026203.0,77.9972651879547,2018-09-05,2025-12-20
2018-0469-MHL,nat-met-sto-tro,Meteorological,Storm,Tropical cyclone,Tropical cyclone 'Penny',MHL,Marshall Islands,Micronesia,Oceania,,,,,,Kph,,,,2019,1.0,5.0,2019,1.0,5.0,,,,,,,,,79.4107846043372,2019-01-17,2023-09-25
2019-0021-PHL,nat-met-sto-tro,Meteorological,Storm,Tropical cyclone,Tropical depression 'Amang' (01W),PHL,Philippines,South-eastern Asia,Asia,"Agusan del Norte, Agisan del Sur, Dinaga Isl., Surigao del Norte, Surigao del Sur (Region XIII - Caraga)",,,,,Kph,,,,2019,1.0,18.0,2019,1.0,25.0,,,13160.0,13160.0,,,,,79.4107846043372,2019-01-25,2025-12-20
2018-0394-OMN,nat-met-sto-tro,Meteorological,Storm,Tropical cyclone,Cyclone 'Luban',OMN,Oman,Western Asia,Asia,"Dhofar, Al-Wusta Governorates",,Flood,,,Kph,,,,2018,10.0,14.0,2018,10.0,14.0,,,,,,,,,77.9972651879547,2018-11-19,2025-12-20
2018-0424-JPN,nat-met-sto-tro,Meteorological,Storm,Tropical cyclone,Typhoon 'Kong-Rey',JPN,Japan,Eastern Asia,Asia,,,,,,Kph,,,,2018,10.0,6.0,2018,10.0,7.0,3.0,,4200.0,4200.0,,,,,77.9972651879547,2018-11-26,2025-12-20
2018-0469-SLB,nat-met-sto-tro,Meteorological,Storm,Tropical cyclone,Tropical cyclone 'Penny',SLB,Solomon Islands,Melanesia,Oceania,"Malaita, Western, Guadalcana, Isabel, Makita provinces",,Flood,,,Kph,,,,2018,12.0,29.0,2018,12.0,29.0,,,1000.0,1000.0,,,,,77.9972651879547,2019-01-16,2025-12-20
2020-0015-TUV,nat-met-sto-tro,Meteorological,Storm,Tropical cyclone,Cyclone 'Tino',TUV,Tuvalu,Polynesia,Oceania,,,,,,Kph,,,,2020,1.0,18.0,2020,1.0,18.0,,,5500.0,5500.0,,,,,80.3903830082114,2020-02-03,2023-09-25
2019-0165-TZA,nat-met-sto-tro,Meteorological,Storm,Tropical cyclone,Cyclone 'Kenneth',TZA,United Republic of Tanzania,Sub-Saharan Africa,Africa,"Mtwara, Lindi",,,,,Kph,,,,2019,4.0,26.0,2019,4.0,26.0,,,2000000.0,2000000.0,,,,,79.4107846043372,2019-05-06,2025-12-20
2021-0510-HTI,nat-met-sto-tro,Meteorological,Storm,Tropical cyclone,Tropical cyclone 'Fred',HTI,Haiti,Latin America and the Caribbean,Americas,,,,,,Kph,,,,2021,8.0,12.0,2021,8.0,13.0,,,,,,,,,84.1669829572524,2021-08-13,2023-09-25
2019-0349-PHL,nat-met-sto-tro,Meteorological,Storm,Tropical cyclone,Tropical cyclone 'Danas',PHL,Philippines,South-eastern Asia,Asia,"Cordillera Administrative Region, Ilocos, Cagayan Valley",,,,,Kph,,,,2019,7.0,18.0,2019,7.0,18.0,4.0,,2000.0,2000.0,,,377440.0,475301.0,79.4107846043372,2019-07-22,2025-12-20
2019-0434-PHL,nat-met-sto-tro,Meteorological,Storm,Tropical cyclone,Tropical cyclone 'Podul',PHL,Philippines,South-eastern Asia,Asia,Aurora Province,,,,,Kph,,,,2019,8.0,27.0,2019,8.0,28.0,2.0,2.0,61500.0,61502.0,,,,,79.4107846043372,2019-09-20,2025-12-20
2019-0443-KOR,nat-met-sto-tro,Meteorological,Storm,Tropical cyclone,Tropical storm 'Tapah',KOR,Republic of Korea,Eastern Asia,Asia,Jeju Island,,,,,Kph,,,,2019,9.0,24.0,2019,9.0,24.0,2.0,,83370.0,83370.0,,,,,79.4107846043372,2019-09-24,2025-12-20
2019-0450-MEX,nat-met-sto-tro,Meteorological,Storm,Tropical cyclone,Tropical storm 'Narda',MEX,Mexico,Latin America and the Caribbean,Americas,Oaxaca state,,,,55.0,Kph,,,,2019,9.0,30.0,2019,9.0,30.0,2.0,,1000.0,1000.0,,,,,79.4107846043372,2019-09-30,2025-12-20
2019-0492-JPN,nat-met-sto-tro,Meteorological,Storm,Tropical cyclone,Tropical cylone 'Hagibis',JPN,Japan,Eastern Asia,Asia,"Tokyo, Fukushima, Miyagi, Shizuoka, Kanawanga, Nagano, Saitama, Gunma, Ibaraki, Tochigi",,Flood,,160.0,Kph,,,,2019,10.0,12.0,2019,10.0,17.0,99.0,470.0,390000.0,390470.0,10000000.0,12592748.0,17000000.0,21407672.0,79.4107846043372,2019-10-22,2025-12-20
2019-0573-PHL,nat-met-sto-tro,Meteorological,Storm,Tropical cyclone,Tropical cyclone 'Kammuri' (Tisoy),PHL,Philippines,South-eastern Asia,Asia,"Aurora, Pampanga, Bataan, Bulacan, Zambales (Region III); Batangas, Cavite, Laguna, Quezon (Calanarzon); Marinduqe, Oriental Mindoro, Occidental Mindoro, Romblon (Mimaropa); Albay, Camarines Norte, Camarines Sur, Catanduanes, Masbate, Sorgoson (Region V); Northern Samar, Eastern Samar, Western Samar, (Region VIII); Surigao del Sur (Caraga); Mountain province (CAR)",,,,210.0,Kph,,,,2019,12.0,2.0,2019,12.0,3.0,4.0,318.0,2305075.0,2647558.0,,,109151.0,137451.0,79.4107846043372,2019-12-04,2026-03-13
2023-0095-MOZ,nat-met-sto-tro,Meteorological,Storm,Tropical cyclone,Tropical cyclone 'Freddy',MOZ,Mozambique,Sub-Saharan Africa,Africa,"Niassa, Maputo, Inhambane, Gaza, Manica, Tete, Zambezia, Sofala Provinces",,,,95.0,Kph,,,,2023,2.0,24.0,2023,3.0,11.0,183.0,698.0,1230691.0,1231389.0,,,,,94.6446220103845,2023-02-28,2024-04-19
2019-0601-COM,nat-met-sto-tro,Meteorological,Storm,Tropical cyclone,Cyclone 'Belna',COM,Comoros,Sub-Saharan Africa,Africa,,,,,,Kph,,,,2019,12.0,5.0,2019,12.0,8.0,,,,,,,,,79.4107846043372,2019-12-10,2025-12-20
2020-0015-FJI,nat-met-sto-tro,Meteorological,Storm,Tropical cyclone,Cyclone 'Tino',FJI,Fiji,Melanesia,Oceania,Viti Levu Island,,,,155.0,Kph,,,,2020,1.0,17.0,2020,1.0,18.0,2.0,,3115.0,3115.0,,,,,80.3903830082114,2020-01-20,2025-12-20
2020-0219-MEX,nat-met-sto-tro,Meteorological,Storm,Tropical cyclone,Tropical storm 'Cristobal',MEX,Mexico,Latin America and the Caribbean,Americas,"Ciudad del Carmen (Campeche State); Quintana Roo, Yucatan, Tabasco, Chiapas Oaxaca, Veracruz states",,"Slide (land, mud, snow, rock)",,75.0,Kph,,,,2020,6.0,3.0,2020,6.0,3.0,,,606.0,606.0,,,,,80.3903830082114,2020-06-05,2025-12-20
2020-0308-KOR,nat-met-sto-tro,Meteorological,Storm,Tropical cyclone,Tropical cyclone 'Hagupit' (Dindo),KOR,Republic of Korea,Eastern Asia,Asia,North Chungcheong,,"Slide (land, mud, snow, rock)",,130.0,Kph,,,,2020,8.0,3.0,2020,8.0,4.0,26.0,7.0,1000.0,1007.0,,,,,80.3903830082114,2020-08-04,2025-12-20
2020-0308-TWN,nat-met-sto-tro,Meteorological,Storm,Tropical cyclone,Tropical cyclone 'Hagupit' (Dindo),TWN,Taiwan (Province of China),Eastern Asia,Asia,Taipei,,,,130.0,Kph,,,,2020,8.0,3.0,2020,8.0,4.0,1.0,1.0,,1.0,,,,,80.3903830082114,2020-08-04,2025-12-20
2020-0411-THA,nat-met-sto-tro,Meteorological,Storm,Tropical cyclone,Tropical storm Linfa,THA,Thailand,South-eastern Asia,Asia,"Central and eastern Provinces, Nakhon Nayok,Trang, Satun, Songkhla,Sa Kaeo.",,,,,Kph,,,,2020,10.0,9.0,2020,10.0,31.0,6.0,,274923.0,274923.0,,,,,80.3903830082114,2020-10-13,2025-12-20
2020-0425-CHN,nat-met-sto-tro,Meteorological,Storm,Tropical cyclone,Tropical storm 'Nangka' (Nika),CHN,China,Eastern Asia,Asia,Hainan Island (southern China),,Transport accident,,,Kph,,,,2020,10.0,13.0,2020,10.0,14.0,6.0,,,,,,14000.0,17415.0,80.3903830082114,2020-10-14,2025-12-20
2020-0425-VNM,nat-met-sto-tro,Meteorological,Storm,Tropical cyclone,Tropical storm 'Nangka' (Nika),VNM,Viet Nam,South-eastern Asia,Asia,"Nam Dinh, Ninh Bình, Thanh Hóa provinces",,,,85.0,Kph,,,,2020,10.0,13.0,2020,10.0,14.0,2.0,,67855.0,70780.0,,,,,80.3903830082114,2020-12-14,2025-12-20
2020-0452-PHL,nat-met-sto-tro,Meteorological,Storm,Tropical cyclone,Tropical depression 'Ofel',PHL,Philippines,South-eastern Asia,Asia,"Visayas, Bicol, northern Mimaropa, southern Calabarzon Provinces",,,,55.0,Kph,,,,2020,10.0,13.0,2020,10.0,14.0,3.0,,250.0,250.0,,,187.0,233.0,80.3903830082114,2020-10-16,2025-12-20
2020-0462-KHM,nat-met-sto-tro,Meteorological,Storm,Tropical cyclone,Tropical storm 'Noul' (Leon),KHM,Cambodia,South-eastern Asia,Asia,"Battambang, Preah Sihanouk and Koh Kong Provinces.",,,,,Kph,,,,2020,9.0,18.0,2020,9.0,21.0,,,,,,,,,80.3903830082114,2020-10-21,2025-12-20
2020-0463-PHL,nat-met-sto-tro,Meteorological,Storm,Tropical cyclone,Typhoon 'Goni' (Rolly),PHL,Philippines,South-eastern Asia,Asia,"Calabarzon, Mimaropa, Bicol Regions; NCR, II, III, V, VIII, CAR regions",,"Flood|Slide (land, mud, snow, rock)",,315.0,Kph,,,,2020,10.0,31.0,2020,11.0,1.0,31.0,399.0,3355995.0,3356394.0,,,503294.0,626062.0,80.3903830082114,2020-11-03,2025-12-20
2020-0474-CRI,nat-met-sto-tro,Meteorological,Storm,Tropical cyclone,Hurricane 'Eta',CRI,Costa Rica,Latin America and the Caribbean,Americas,"Nandayure, Hojancha of Guanacaste, Corredores,Coto Brus, San José, Alajuela, Heredia, Cartago, Puntarenas, Guanacaste, Limón",,,,,Kph,,,,2020,11.0,3.0,2020,11.0,4.0,,,25000.0,25000.0,,,,,80.3903830082114,2020-11-05,2025-12-20
2020-0474-GTM,nat-met-sto-tro,Meteorological,Storm,Tropical cyclone,Hurricane 'Eta',GTM,Guatemala,Latin America and the Caribbean,Americas,"Alta Verapaz,Petén, Quiché, Sololá, Izabal, Chiquimula, Zacapa, Jutiapa, El Progreso, Santa Rosa departments",,"Flood|Slide (land, mud, snow, rock)",,,Kph,,,,2020,11.0,3.0,2020,11.0,4.0,160.0,30.0,2415858.0,2415888.0,,,386000.0,480157.0,80.3903830082114,2020-11-05,2025-12-20
2020-0474-HND,nat-met-sto-tro,Meteorological,Storm,Tropical cyclone,Hurricane 'Eta',HND,Honduras,Latin America and the Caribbean,Americas,"La Ceiba, El Progresso, Santa Barbara, Gualala, Sulaco, San Manuel, Lempira",,,,,Kph,,,,2020,11.0,3.0,2020,11.0,4.0,110.0,,4566584.0,4566584.0,,,,,80.3903830082114,2020-11-04,2025-12-20
2020-0487-SOM,nat-met-sto-tro,Meteorological,Storm,Tropical cyclone,Tropical cyclone 'Gati',SOM,Somalia,Sub-Saharan Africa,Africa,"Xaaf uun, Dul Xaaf uun, Dardaare, Garan, Baarmadowe, Hurdiya, Foocaar, Afdhicin, Haluula, Kurduush, Gumbax, Taageer , Xandha (Iskushuban district, Bari Province, Puntland state)",,Flood|Surge,,165.0,Kph,,,,2020,11.0,22.0,2020,11.0,23.0,9.0,,120000.0,120000.0,,,,,80.3903830082114,2020-11-24,2025-12-20
2020-0495-SLV,nat-met-sto-tro,Meteorological,Storm,Tropical cyclone,Hurricane 'Iota',SLV,El Salvador,Latin America and the Caribbean,Americas,,,,,,Kph,,,,2020,11.0,17.0,2020,11.0,18.0,1.0,,,,,,,,80.3903830082114,2021-01-14,2025-07-17
2021-0036-ZAF,nat-met-sto-tro,Meteorological,Storm,Tropical cyclone,Tropical cyclone 'Eloise',ZAF,South Africa,Sub-Saharan Africa,Africa,"Umkhanyakude, Zululand (Kwa Zulu Natal province) , Ehlanzeni, Mbombela, Bushbuckridge, Nkomazi, Thaba Chweu, Gert Sibande, Chief Albert Luthuli (Mpumalanga province); Capricorn, Lepelle-Nkump, Molemole, Mopane, Vhembe (Limpopo province)",,Flood,,,Kph,,,,2021,1.0,24.0,2021,1.0,24.0,4.0,,3200.0,3200.0,,,,,84.1669829572524,2021-01-27,2025-12-20
2021-0125-AUS,nat-met-sto-tro,Meteorological,Storm,Tropical cyclone,Tropial cylone 'Niran',AUS,Australia,Australia and New Zealand,Oceania,Queensland and New South Wales,,Flood,,120.0,Kph,,,,2021,2.0,25.0,2021,3.0,4.0,,,6000.0,6000.0,,,155000.0,184158.0,84.1669829572524,2021-03-15,2025-12-20
2021-0173-AUS,nat-met-sto-tro,Meteorological,Storm,Tropical cyclone,Tropical cyclone 'Seroja-21',AUS,Australia,Australia and New Zealand,Oceania,Kalbarri and Northampton Town,,,,155.0,Kph,,,,2021,4.0,11.0,2021,4.0,11.0,1.0,,2625.0,2625.0,,,530000.0,629701.0,84.1669829572524,2021-04-13,2025-12-20
2021-0173-IDN,nat-met-sto-tro,Meteorological,Storm,Tropical cyclone,Tropical cyclone 'Seroja-21',IDN,Indonesia,South-eastern Asia,Asia,East Nusa Tenggara and West Nusa Tenggar Provinces,,Flood,,85.0,Kph,,,,2021,4.0,2.0,2021,4.0,6.0,226.0,21.0,509604.0,509625.0,300000.0,356434.0,800000.0,950491.0,84.1669829572524,2021-04-08,2025-12-20
2021-0236-PHL,nat-met-sto-tro,Meteorological,Storm,Tropical cyclone,Tropical cyclone 'Surigae',PHL,Philippines,South-eastern Asia,Asia,"Cagayan Valley, Bicol, Eastern Visayas and Caraga Regions",,,,,Kph,,,,2021,4.0,22.0,2021,4.0,22.0,9.0,,15000.0,15000.0,,,20000.0,23762.0,84.1669829572524,2021-04-29,2025-12-20
2021-0252-IND,nat-met-sto-tro,Meteorological,Storm,Tropical cyclone,Tropical cyclone 'Tauktae',IND,India,Southern Asia,Asia,"Kerala, Karnataka, Goa, Maharashtra, Gujarat, Rajasthan, Delhi, Haryana, Uttar Pradesh and Uttarakhand",,,,222.0,Kph,,,,2021,5.0,14.0,2021,5.0,19.0,198.0,153.0,700000.0,700153.0,,,1400000.0,1663360.0,84.1669829572524,2021-05-17,2025-12-20
2021-0295-IND,nat-met-sto-tro,Meteorological,Storm,Tropical cyclone,Cyclone 'Yaas',IND,India,Southern Asia,Asia,"Bengale occidental, Odisha",,Surge,,155.0,Kph,,,,2021,5.0,25.0,2021,5.0,29.0,19.0,,1625000.0,1625000.0,,,3000000.0,3564343.0,84.1669829572524,2021-06-21,2025-12-20
2021-0327-VNM,nat-met-sto-tro,Meteorological,Storm,Tropical cyclone,Tropical storm 'Koguma',VNM,Viet Nam,South-eastern Asia,Asia,"Thai Binh, Ha Nam, Nam Dinh provinces",,Flood,,90.0,Kph,,,,2021,6.0,12.0,2021,6.0,13.0,1.0,,750.0,750.0,,,10000.0,11881.0,84.1669829572524,2021-06-22,2025-12-20
2021-0359-MEX,nat-met-sto-tro,Meteorological,Storm,Tropical cyclone,Tropical storm 'Enrique',MEX,Mexico,Latin America and the Caribbean,Americas,"Guerrero, Michoacán, Colima, Jalisco, and Nayarit states",,"Flood|Slide (land, mud, snow, rock)",,93.0,Kph,,,,2021,6.0,25.0,2021,6.0,30.0,2.0,,621.0,621.0,,,50000.0,59406.0,84.1669829572524,2021-06-29,2025-12-20
2021-0373-CUB,nat-met-sto-tro,Meteorological,Storm,Tropical cyclone,Hurricane 'Elsa',CUB,Cuba,Latin America and the Caribbean,Americas,"Matanzas, Granma Provinces",,"Slide (land, mud, snow, rock)",,100.0,Kph,,,,2021,7.0,2.0,2021,7.0,3.0,,,,,,,,,84.1669829572524,2021-07-20,2025-12-20
2021-0373-USA,nat-met-sto-tro,Meteorological,Storm,Tropical cyclone,Hurricane 'Elsa',USA,United States of America,Northern America,Americas,"California, Georgia, Florida, North Carolina, South Carolina",,Flood,,100.0,Kph,,,,2021,7.0,2.0,2021,7.0,9.0,1.0,9.0,,9.0,,,1200000.0,1425737.0,84.1669829572524,2021-07-20,2025-12-20
2021-0498-CHN,nat-met-sto-tro,Meteorological,Storm,Tropical cyclone,Typoon 'In-Fa',CHN,China,Eastern Asia,Asia,Zhejiang Province,,,,176.0,Kph,,,,2021,7.0,21.0,2021,7.0,28.0,5.0,,72000.0,72000.0,,,2000000.0,2376229.0,84.1669829572524,2021-08-12,2025-12-20
2021-0528-MEX,nat-met-sto-tro,Meteorological,Storm,Tropical cyclone,Tropical cyclone 'Grace',MEX,Mexico,Latin America and the Caribbean,Americas,"Xalapa City (Veracruz State); Tamaulipas state; Huauchinango, Tlaola (Puebla state)",,"Flood|Slide (land, mud, snow, rock)",,205.0,Kph,,,,2021,8.0,21.0,2021,8.0,23.0,13.0,,,,,,500000.0,594057.0,84.1669829572524,2021-08-23,2025-12-20
2021-0551-USA,nat-met-sto-tro,Meteorological,Storm,Tropical cyclone,Tropical storm 'Ida',USA,United States of America,Northern America,Americas,"Louisiana, New York, New Jersey, Maryland, Connecticut, Virginia, Pennsylvania, Delaware",,Flood,,240.0,Kph,,,,2021,8.0,28.0,2021,9.0,2.0,96.0,,14000.0,14000.0,36000000.0,42772116.0,65000000.0,77227433.0,84.1669829572524,2021-08-30,2025-12-20
2021-0664-HKG,nat-met-sto-tro,Meteorological,Storm,Tropical cyclone,Tropical cyclone 'Lionrock' (Lannie),HKG,"China, Hong Kong Special Administrative Region",Eastern Asia,Asia,,,,,,Kph,,,,2021,10.0,8.0,2021,10.0,10.0,1.0,14.0,140.0,154.0,,,,,84.1669829572524,2021-10-11,2023-09-25
2021-0670-HKG,nat-met-sto-tro,Meteorological,Storm,Tropical cyclone,Tropical cyclone 'Kompasu' (Maring),HKG,"China, Hong Kong Special Administrative Region",Eastern Asia,Asia,,,,,,Kph,,,,2021,10.0,13.0,2021,10.0,14.0,1.0,21.0,,21.0,,,,,84.1669829572524,2021-10-14,2025-12-20
2024-0969-TZA,nat-met-sto-tro,Meteorological,Storm,Tropical cyclone,Cyclone 'Hidaya',TZA,United Republic of Tanzania,Sub-Saharan Africa,Africa,,,,,,Kph,,,,2024,5.0,3.0,2024,5.0,5.0,5.0,,7775.0,7775.0,,,185000.0,189868.0,97.436175616134,2025-03-05,2025-03-18
2021-0702-MEX,nat-met-sto-tro,Meteorological,Storm,Tropical cyclone,Tropical cyclone 'Rick',MEX,Mexico,Latin America and the Caribbean,Americas,"Guerrero, Michoacán States; Jalisco, Colima, Guanajuato, and Nayarit",,Flood,,165.0,Kph,,,,2021,10.0,25.0,2021,10.0,26.0,,,150.0,150.0,,,10000.0,11881.0,84.1669829572524,2021-10-29,2025-12-20
2022-0052-MOZ,nat-met-sto-tro,Meteorological,Storm,Tropical cyclone,Tropical storm 'Ana',MOZ,Mozambique,Sub-Saharan Africa,Africa,"Nampula, Zambezia, Tete , Cabo Delgado, Sofala, Niassa provinces.",,Flood,,100.0,Kph,,,,2022,1.0,24.0,2022,1.0,25.0,38.0,207.0,185429.0,185636.0,,,,,90.9026974595266,2022-01-27,2025-12-20
2022-0397-CHN,nat-met-sto-tro,Meteorological,Storm,Tropical cyclone,Tropical storm 'Chaba',CHN,China,Eastern Asia,Asia,"Hainan Island, Guangxi, and Guangdong Provinces",,Transport accident,,144.0,Kph,,,,2022,7.0,1.0,2022,7.0,4.0,24.0,,,,,,463000.0,509336.0,90.9026974595266,2022-07-05,2025-12-20
2022-0400-SLV,nat-met-sto-tro,Meteorological,Storm,Tropical cyclone,Tropical storm 'Bonnie',SLV,El Salvador,Latin America and the Caribbean,Americas,"Sonsonate, Tecoluca, Jiquilisco, Puerto El Triunfo, Chalatenango and Ahuachapán",,Flood,,,Kph,,,,2022,7.0,2.0,2022,7.0,2.0,1.0,,100.0,100.0,,,,,90.9026974595266,2022-07-05,2026-02-10
2022-0676-VNM,nat-met-sto-tro,Meteorological,Storm,Tropical cyclone,Tropical storm 'Sonca',VNM,Viet Nam,South-eastern Asia,Asia,"Thua Thien Hue, Quang Tri, Quang Binh and Da Nang Provinces",,"Flood|Slide (land, mud, snow, rock)",,,Kph,,,,2022,10.0,13.0,2022,10.0,15.0,19.0,110.0,436868.0,436978.0,,,65000.0,71505.0,90.9026974595266,2022-10-17,2025-12-20
2023-0450-PHL,nat-met-sto-tro,Meteorological,Storm,Tropical cyclone,Tropical cyclone 'Talim',PHL,Philippines,South-eastern Asia,Asia,Northern Luzon,,,,,Kph,,,,2023,7.0,12.0,2023,7.0,14.0,2.0,,450.0,450.0,,,,,94.6446220103845,2023-07-19,2023-09-26
2022-0798-LKA,nat-met-sto-tro,Meteorological,Storm,Tropical cyclone,Cyclone 'Mandous',LKA,Sri Lanka,Southern Asia,Asia,Badulla District (Uva Province),,,,100.0,Kph,,,,2022,12.0,6.0,2022,12.0,8.0,2.0,,6500.0,6500.0,,,,,90.9026974595266,2022-12-09,2025-12-20
2023-0095-MWI,nat-met-sto-tro,Meteorological,Storm,Tropical cyclone,Tropical cyclone 'Freddy',MWI,Malawi,Sub-Saharan Africa,Africa,"Balaka, Blantyre City, Blantyre, Chikwawa, Chiradzulu, Machinga, Mangochi, Mulanje, Neno, Nsanje, Phalombe, Thyolo, Zomba City, Zomb, Mwanza Distriicts",,"Flood|Slide (land, mud, snow, rock)",,,Kph,,,,2023,3.0,11.0,2023,3.0,13.0,1209.0,2186.0,2267458.0,2269644.0,,,506710.0,535382.0,94.6446220103845,2023-03-16,2025-12-20
2023-0119-VUT,nat-met-sto-tro,Meteorological,Storm,Tropical cyclone,Tropical cyclone 'Judy',VUT,Vanuatu,Melanesia,Oceania,Shefa and Tafea Provinces,,,,,Kph,,,,2023,2.0,28.0,2023,3.0,3.0,,,251346.0,251346.0,,,,,94.6446220103845,2023-03-06,2025-12-20
2023-0128-VUT,nat-met-sto-tro,Meteorological,Storm,Tropical cyclone,Tropical cyclone 'Kevin',VUT,Vanuatu,Melanesia,Oceania,"Sanma, Penama, Malampa, Shefa and Tafea Provinces",,,,,Kph,,,,2023,3.0,2.0,2023,3.0,4.0,,,251356.0,251356.0,,,,,94.6446220103845,2023-03-15,2025-12-20
2023-0300-GUM,nat-met-sto-tro,Meteorological,Storm,Tropical cyclone,Typhoon 'Mawar',GUM,Guam,Micronesia,Oceania,,,Flood,,295.0,Kph,,,,2023,5.0,24.0,2023,5.0,25.0,2.0,,100000.0,100000.0,,,4300000.0,4543312.0,94.6446220103845,2023-06-13,2025-03-18
2023-0360-BRB,nat-met-sto-tro,Meteorological,Storm,Tropical cyclone,Tropical storm 'Bret',BRB,Barbados,Latin America and the Caribbean,Americas,,,,,,Kph,,,,2023,6.0,22.0,2023,6.0,23.0,,,179.0,179.0,,,,,94.6446220103845,2023-06-29,2023-09-26
2023-0464-TWN,nat-met-sto-tro,Meteorological,Storm,Tropical cyclone,Tropical cyclone 'Doksuri' (Egay),TWN,Taiwan (Province of China),Eastern Asia,Asia,,,,,,Kph,,,,2023,7.0,28.0,2023,7.0,28.0,1.0,68.0,,68.0,,,10000.0,10566.0,94.6446220103845,2023-08-08,2024-06-17
2023-0568-CHN,nat-met-sto-tro,Meteorological,Storm,Tropical cyclone,Typhoon 'Saola',CHN,China,Eastern Asia,Asia,Shenzhen City (Guangdong Province),,"Flood|Slide (land, mud, snow, rock)",,,Kph,,,,2023,9.0,3.0,2023,9.0,4.0,1.0,2.0,,2.0,,,690000.0,729043.0,94.6446220103845,2023-09-05,2024-03-04
2023-0568-PHL,nat-met-sto-tro,Meteorological,Storm,Tropical cyclone,Typhoon 'Saola',PHL,Philippines,South-eastern Asia,Asia,,,,,,Kph,,,,2023,8.0,22.0,2023,8.0,25.0,4.0,3.0,900000.0,900003.0,,,33000.0,34867.0,94.6446220103845,2023-09-04,2024-03-04
2023-0603-ARG,nat-met-sto-tro,Meteorological,Storm,Tropical cyclone,,ARG,Argentina,Latin America and the Caribbean,Americas,Gobernador Virasoro and Ituzaingo (Posadas municipality),,Flood,,,Kph,,,,2023,9.0,1.0,2023,9.0,14.0,,,6000.0,6000.0,,,,,94.6446220103845,2023-09-11,2024-01-29
2023-0623-PHL,nat-met-sto-tro,Meteorological,Storm,Tropical cyclone,Typhoon 'Koinu',PHL,Philippines,South-eastern Asia,Asia,"Luzon, Batanes and the Babuyan Islands",,,,,Kph,,,,2023,10.0,4.0,2023,10.0,5.0,,,275.0,275.0,,,,,94.6446220103845,2023-11-03,2024-03-05
2023-0703-HND,nat-met-sto-tro,Meteorological,Storm,Tropical cyclone,Tropical storm 'Pilar',HND,Honduras,Latin America and the Caribbean,Americas,,,,,,Kph,,,,2023,10.0,29.0,2023,11.0,1.0,1.0,,,,,,,,94.6446220103845,2023-11-07,2023-12-07
2023-0811-FJI,nat-met-sto-tro,Meteorological,Storm,Tropical cyclone,Tropical cyclone 'Mal',FJI,Fiji,Melanesia,Oceania,"Central, Eastern, Northern, Western, Rotuma",,"Flood|Slide (land, mud, snow, rock)",,,Kph,,,,2023,11.0,14.0,2023,11.0,15.0,,,230000.0,230000.0,,,,,94.6446220103845,2023-11-28,2023-12-19
2023-0828-AUS,nat-met-sto-tro,Meteorological,Storm,Tropical cyclone,Cyclone 'Jasper',AUS,Australia,Australia and New Zealand,Oceania,"Cairns, Port Douglas, Daintree, Cooktown, Wujal Wujal and Hope Vale (Queensland)",,Flood,,220.0,Kph,,,,2023,12.0,13.0,2023,12.0,15.0,,,300.0,300.0,,,,,94.6446220103845,2023-12-13,2025-03-18
2023-0842-PHL,nat-met-sto-tro,Meteorological,Storm,Tropical cyclone,Tropical storm 'Jelawat' (Kabayan),PHL,Philippines,South-eastern Asia,Asia,"Davao, Northern Mindanao, Caraga, Mimaropa, Western Visayas and Eastern Visayas)",,,,,Kph,,,,2023,12.0,18.0,2023,12.0,19.0,1.0,1.0,425866.0,425867.0,,,42.0,44.0,94.6446220103845,2023-12-19,2024-08-27
2025-0679-TWN,nat-met-sto-tro,Meteorological,Storm,Tropical cyclone,Tropical cyclone 'Podul',TWN,Taiwan (Province of China),Eastern Asia,Asia,,,,,170.0,Kph,,,,2025,8.0,13.0,2025,8.0,14.0,1.0,100.0,,100.0,,,,,100.0,2025-08-14,2025-08-27
2024-0402-HND,nat-met-sto-tro,Meteorological,Storm,Tropical cyclone,Tropical storm 'Alberto',HND,Honduras,Latin America and the Caribbean,Americas,"Ocotepeque, Lempira, Intibucá, La Paz, Valle and Choluteca departments",,,,,Kph,,,,2024,6.0,17.0,2024,6.0,22.0,1.0,,1500.0,1500.0,,,,,97.436175616134,2024-06-24,2025-03-05
2024-0573-CAN,nat-met-sto-tro,Meteorological,Storm,Tropical cyclone,Tropical cyclone 'Debby',CAN,Canada,Northern America,Americas,Quebec,,Flood,,,Kph,,,,2024,8.0,8.0,2024,8.0,10.0,1.0,,,,,,3000000.0,3078939.0,97.436175616134,2024-08-19,2025-03-05
2024-0573-USA,nat-met-sto-tro,Meteorological,Storm,Tropical cyclone,Tropical cyclone 'Debby',USA,United States of America,Northern America,Americas,"Tampa, Manatee, and St. Petersburg (Florida); Georgia; South Carolina, North Carolina, Virginia, New Yprk, Pennsylvania",,Flood,,120.0,Kph,,,,2024,8.0,5.0,2024,8.0,6.0,17.0,,,,,,2500000.0,2565782.0,97.436175616134,2024-08-06,2025-03-05
2025-0793-THA,nat-met-sto-tro,Meteorological,Storm,Tropical cyclone,Typhoon 'Ragasa' (Nando),THA,Thailand,South-eastern Asia,Asia,,,,,,Kph,,,,2025,9.0,22.0,2025,9.0,26.0,4.0,,247500.0,247500.0,,,,,100.0,2025-09-29,2025-09-29
2024-0650-JPN,nat-met-sto-tro,Meteorological,Storm,Tropical cyclone,Tropical cyclone 'Shanshan',JPN,Japan,Eastern Asia,Asia,"Ryukyu island; Aichi, Kagoshima, Tokushima, Saga, Miyazaki, Oita, Shizuoka, Gifu, Kumamoto, Fukuoka, Kyushu, Honshu prefectures",,"Flood|Slide (land, mud, snow, rock)",,215.0,Kph,,,,2024,8.0,30.0,2024,9.0,1.0,9.0,127.0,6600.0,6727.0,,,500000.0,513156.0,97.436175616134,2024-08-29,2025-03-18
2024-0654-THA,nat-met-sto-tro,Meteorological,Storm,Tropical cyclone,Typhoon 'Yagi' (Enteng),THA,Thailand,South-eastern Asia,Asia,,,,,,Kph,,,,2024,9.0,,2024,9.0,,45.0,100.0,,100.0,,,904000.0,927787.0,97.436175616134,2024-09-23,2025-01-13
2024-0666-CHN,nat-met-sto-tro,Meteorological,Storm,Tropical cyclone,Typhoon 'Bebinca',CHN,China,Eastern Asia,Asia,Shangai,,,,151.0,Kph,,,,2024,9.0,16.0,2024,9.0,16.0,2.0,,,,,,,,97.436175616134,2024-09-23,2024-10-21
2024-0711-PHL,nat-met-sto-tro,Meteorological,Storm,Tropical cyclone,Tropical cyclone 'Krathon' (Julian),PHL,Philippines,South-eastern Asia,Asia,Northern Luzon island,,Flood,,205.0,Kph,,,,2024,9.0,29.0,2024,9.0,30.0,4.0,8.0,219000.0,219008.0,,,11000.0,11289.0,97.436175616134,2024-10-03,2025-03-05
2024-0722-USA,nat-met-sto-tro,Meteorological,Storm,Tropical cyclone,Hurricane 'Milton',USA,United States of America,Northern America,Americas,"Hillsborough, Pinellas, Sarasota Volusia, Saint Petersburg, Tampa, (Florida state)",,Flood|Surge,,205.0,Kph,,,,2024,10.0,9.0,2024,10.0,10.0,32.0,13.0,1000.0,1013.0,26000000.0,26684134.0,38000000.0,38999889.0,97.436175616134,2024-10-10,2026-03-26
2024-0777-VNM,nat-met-sto-tro,Meteorological,Storm,Tropical cyclone,Tropical cyclone 'Trami' (Kristine),VNM,Viet Nam,South-eastern Asia,Asia,"Quang Binh, Quang Nam, Quang Tri provinces",,Flood,,75.0,Kph,,,,2024,10.0,25.0,2024,10.0,30.0,6.0,5.0,143424.0,143429.0,,,20600.0,21142.0,97.436175616134,2024-10-28,2025-12-17
2024-0782-CUB,nat-met-sto-tro,Meteorological,Storm,Tropical cyclone,Tropical cyclone 'Oscar',CUB,Cuba,Latin America and the Caribbean,Americas,"Imías and San Antonio del Sur, Maisí and Baracoa muncipalities (Guantanamo Province); Granma, Holguin, Las Tunas, Santiago de Cuba",,"Flood|Slide (land, mud, snow, rock)|Surge",,139.0,Kph,,,,2024,10.0,20.0,2024,10.0,21.0,10.0,,320000.0,320000.0,,,50000.0,51316.0,97.436175616134,2024-10-28,2025-01-22
2024-0822-COL,nat-met-sto-tro,Meteorological,Storm,Tropical cyclone,Tropical cyclone 'Rafael',COL,Colombia,Latin America and the Caribbean,Americas,,,,,,Kph,,,,2024,11.0,6.0,2024,11.0,10.0,1.0,,,,,,150000.0,153947.0,97.436175616134,2025-01-21,2025-01-22
2024-0822-CRI,nat-met-sto-tro,Meteorological,Storm,Tropical cyclone,Tropical cyclone 'Rafael',CRI,Costa Rica,Latin America and the Caribbean,Americas,,,,,,Kph,,,,2024,11.0,6.0,2024,11.0,10.0,,,,,,,980.0,1006.0,97.436175616134,2025-01-21,2025-01-21
2024-0822-CUB,nat-met-sto-tro,Meteorological,Storm,Tropical cyclone,Tropical cyclone 'Rafael',CUB,Cuba,Latin America and the Caribbean,Americas,"Havana, Mayabeque, Isla de la Juventud, Artemisa provinces",,,,185.0,Kph,,,,2024,11.0,6.0,2024,11.0,7.0,,,4000000.0,4000000.0,,,1080000.0,1108418.0,97.436175616134,2024-11-07,2026-05-04
2024-0822-JAM,nat-met-sto-tro,Meteorological,Storm,Tropical cyclone,Tropical cyclone 'Rafael',JAM,Jamaica,Latin America and the Caribbean,Americas,,,,,,Kph,,,,2024,11.0,6.0,2024,11.0,10.0,2.0,,,,,,8000.0,8211.0,97.436175616134,2025-01-21,2025-01-21
2024-0857-BLZ,nat-met-sto-tro,Meteorological,Storm,Tropical cyclone,Cyclone 'Sara',BLZ,Belize,Latin America and the Caribbean,Americas,,,,,,Kph,,,,2024,11.0,15.0,2024,11.0,18.0,,,162.0,162.0,,,,,97.436175616134,2024-11-18,2024-11-28
2024-0857-HND,nat-met-sto-tro,Meteorological,Storm,Tropical cyclone,Cyclone 'Sara',HND,Honduras,Latin America and the Caribbean,Americas,"Sula Valley,",,,,,Kph,,,,2024,11.0,15.0,2024,11.0,17.0,2.0,,127716.0,127716.0,,,,,97.436175616134,2024-11-18,2024-12-19
2024-0910-MYT,nat-met-sto-tro,Meteorological,Storm,Tropical cyclone,Tropical cyclone 'Chido',MYT,Mayotte,Sub-Saharan Africa,Africa,,,,,,Kph,,,,2024,12.0,13.0,2024,12.0,16.0,35.0,1373.0,230000.0,231373.0,,,752000.0,771787.0,97.436175616134,2024-12-17,2025-02-27
2025-0068-MDG,nat-met-sto-tro,Meteorological,Storm,Tropical cyclone,Tropical cyclone 'Elvis',MDG,Madagascar,Sub-Saharan Africa,Africa,,,Lightening,,95.0,Kph,,,,2025,1.0,28.0,2025,1.0,29.0,5.0,2.0,1500.0,1502.0,,,,,100.0,2025-01-31,2026-02-16
2025-0158-MWI,nat-met-sto-tro,Meteorological,Storm,Tropical cyclone,Tropical cyclone 'Jude',MWI,Malawi,Sub-Saharan Africa,Africa,"Nsanje, Neno, Blantyre District, Mwanza, Phalombe, Zomba City, Mangochi District, Thyolo, and Mulanje",,,,,Kph,,,,2025,3.0,10.0,2025,3.0,13.0,3.0,15.0,20000.0,20015.0,,,,,100.0,2025-03-13,2026-02-16
2025-0165-AUS,nat-met-sto-tro,Meteorological,Storm,Tropical cyclone,Tropical cyclone 'Alfred',AUS,Australia,Australia and New Zealand,Oceania,"Queensland state, New South Wales North Coast",,,,108.0,Kph,,,,2025,2.0,28.0,2025,3.0,10.0,1.0,13.0,,13.0,1200000.0,1200000.0,3500000.0,3500000.0,100.0,2025-03-11,2026-01-13
2025-0471-GTM,nat-met-sto-tro,Meteorological,Storm,Tropical cyclone,Hurricane 'Erik',GTM,Guatemala,Latin America and the Caribbean,Americas,,,Flood,,,Kph,,,,2025,6.0,17.0,2025,6.0,20.0,16.0,26.0,4700.0,4726.0,,,,,100.0,2025-07-07,2025-07-15
2025-0593-PHL,nat-met-sto-tro,Meteorological,Storm,Tropical cyclone,"Typhoon 'Wipha' (Crising), 'Francisco' (Dante), 'Co-May' (Emong'",PHL,Philippines,South-eastern Asia,Asia,,"Storm combined with the southeast monsoon (known as the “Habagat”),","Flood|Slide (land, mud, snow, rock)",,,Kph,,,,2025,7.0,19.0,2025,7.0,25.0,38.0,8.0,11138197.0,11138205.0,,,195000.0,195000.0,100.0,2025-07-22,2026-03-12
2025-0710-THA,nat-met-sto-tro,Meteorological,Storm,Tropical cyclone,Tropical cyclone 'Kajiki',THA,Thailand,South-eastern Asia,Asia,"Chiang Mai, Chiang Rai and Mae Hong Son",,"Flood|Slide (land, mud, snow, rock)",,,Kph,,,,2025,8.0,25.0,2025,8.0,26.0,12.0,15.0,6300.0,6315.0,,,,,100.0,2025-08-27,2025-08-29
2025-0734-USA,nat-met-sto-tro,Meteorological,Storm,Tropical cyclone,Hurricane 'Erin',USA,United States of America,Northern America,Americas,"Dare County (North Carolina), New Jersey",,,,,Kph,,,,2025,8.0,15.0,2025,8.0,16.0,2.0,,225.0,225.0,,,25000.0,25000.0,100.0,2025-08-29,2026-01-27
2025-0793-CHN,nat-met-sto-tro,Meteorological,Storm,Tropical cyclone,Typhoon 'Ragasa' (Nando),CHN,China,Eastern Asia,Asia,"Jiangmen , Yangjiang (Guangdong Province); Guangxi province",,,,,Kph,,,,2025,9.0,22.0,2025,9.0,22.0,,,,,,,,,100.0,2025-09-26,2025-09-29
2025-0793-HKG,nat-met-sto-tro,Meteorological,Storm,Tropical cyclone,Typhoon 'Ragasa' (Nando),HKG,"China, Hong Kong Special Administrative Region",Eastern Asia,Asia,,,"Flood|Slide (land, mud, snow, rock)|Surge",,,Kph,,,,2025,9.0,22.0,2025,9.0,22.0,,90.0,885.0,975.0,,,,,100.0,2025-09-26,2026-02-23
2025-0854-CUB,nat-met-sto-tro,Meteorological,Storm,Tropical cyclone,Hurricane 'Imelda',CUB,Cuba,Latin America and the Caribbean,Americas,Guantanamo Province,,"Flood|Slide (land, mud, snow, rock)",,,Kph,,,,2025,9.0,26.0,2025,9.0,27.0,2.0,,,,,,,,100.0,2025-10-06,2025-12-12
2025-0854-DOM,nat-met-sto-tro,Meteorological,Storm,Tropical cyclone,Hurricane 'Imelda',DOM,Dominican Republic,Latin America and the Caribbean,Americas,,,,,,Kph,,,,2025,9.0,27.0,2025,9.0,28.0,1.0,,3000.0,3000.0,,,,,100.0,2025-10-06,2025-12-12
2025-0896-PHL,nat-met-sto-tro,Meteorological,Storm,Tropical cyclone,Tropical storm 'Fengshen',PHL,Philippines,South-eastern Asia,Asia,Pitogo (Lucon Isl.),,,,,Kph,,,,2025,10.0,18.0,2025,10.0,19.0,9.0,1.0,330000.0,330001.0,,,,,100.0,2025-10-20,2025-12-05
2025-0935-VNM,nat-met-sto-tro,Meteorological,Storm,Tropical cyclone,Typhoon 'Kalmaegi' (Tino),VNM,Viet Nam,South-eastern Asia,Asia,"Dak Lak, Gia Lak, Quang Ngai provinces",,Flood,,149.0,Kph,,,,2025,11.0,6.0,2025,11.0,7.0,8.0,7.0,11400.0,11407.0,,,,,100.0,2025-11-07,2025-11-28
2025-0998-PHL,nat-met-sto-tro,Meteorological,Storm,Tropical cyclone,Tropical cyclone 'Koto' (Verbena),PHL,Philippines,South-eastern Asia,Asia,"Mindanao, southern Visayas and northern Palawan",,,,,Kph,,,,2025,11.0,25.0,2025,11.0,26.0,2.0,,937552.0,937552.0,,,,,100.0,2025-11-27,2026-03-04
2000-0097-AUS,nat-met-sto-tro,Meteorological,Storm,Tropical cyclone,Steve,AUS,Australia,Australia and New Zealand,Oceania,"Cairns, Tablelands districts (Queensland province), New South Wales province",,Flood,,120.0,Kph,,,,2000,2.0,27.0,2000,3.0,13.0,1.0,,200.0,200.0,10000.0,18696.0,90000.0,168263.0,53.4877366816787,2005-07-08,2025-12-20
2000-0211-BGD,nat-met-sto-tro,Meteorological,Storm,Tropical cyclone,,BGD,Bangladesh,Southern Asia,Asia,"Alpara, Netrokona Sadar, Kendua, Purbadhala areas (Netrakona district, Dhaka province), Rangpur district (Rangpur province)",,,,120.0,Kph,,,,2000,4.0,21.0,2000,4.0,21.0,20.0,300.0,,62800.0,,,,,53.4877366816787,2005-04-24,2025-12-20
2000-0229-BGD,nat-met-sto-tro,Meteorological,Storm,Tropical cyclone,,BGD,Bangladesh,Southern Asia,Asia,"Maulvibazar district (Sylhet province), Netrakona district (Dhaka province)",,,,80.0,Kph,,,,2000,4.0,11.0,2000,4.0,11.0,,12.0,,7012.0,,,,,53.4877366816787,2003-07-01,2025-12-20
2000-0518-VNM,nat-met-sto-tro,Meteorological,Storm,Tropical cyclone,Kaemi,VNM,Viet Nam,South-eastern Asia,Asia,"Quang Binh, Quang Tri, Thua Thien - Hue, Quang Nam, Quang Ngai, Binh Dinh, Da Nang City provinces",,,,,Kph,,,,2000,8.0,20.0,2000,8.0,20.0,15.0,4.0,,4.0,,,5000.0,9348.0,53.4877366816787,2003-07-01,2025-12-20
2000-0557-CHN,nat-met-sto-tro,Meteorological,Storm,Tropical cyclone,Maria,CHN,China,Eastern Asia,Asia,"Hunan Sheng, Guangdong Sheng provinces",,Flood,,160.0,Kph,,,,2000,9.0,1.0,2000,9.0,6.0,47.0,,46000.0,46000.0,,,169000.0,315960.0,53.4877366816787,2006-07-20,2025-12-20
2000-0605-CHN,nat-met-sto-tro,Meteorological,Storm,Tropical cyclone,Wukong,CHN,China,Eastern Asia,Asia,Hainan Sheng province,,,,,Kph,,,,2000,9.0,9.0,2000,9.0,9.0,6.0,,2400000.0,2400000.0,,,,,53.4877366816787,2003-07-01,2025-12-20
2000-0785-IND,nat-met-sto-tro,Meteorological,Storm,Tropical cyclone,03B,IND,India,Southern Asia,Asia,"Nagappattinam, Thanjavur, Sirkali, Papanasam, Tiruvallur, Tiruvarur areas (Cuddalore district, Tamil Nadu province), Andhra Pradesh province",,,,120.0,Kph,,,,2000,11.0,29.0,2000,11.0,29.0,,,30000.0,30000.0,,,,,53.4877366816787,2003-07-01,2025-12-20
2001-0054-PHL,nat-met-sto-tro,Meteorological,Storm,Tropical cyclone,Auring,PHL,Philippines,South-eastern Asia,Asia,"Region VI (Western Visayas), Region VII (Central Visayas), Region VIII (Eastern Visayas), Autonomous region in Muslim Mindanao (ARMM), Region IX (Zamboanga Peninsula), Region X (Northern Mindanao), Region XI (Davao Region), Region XII (Soccsksargen), Region XIII (Caraga) provinces",,,,45.0,Kph,,,,2001,2.0,17.0,2001,2.0,17.0,55.0,84.0,,100084.0,,,6000.0,10909.0,54.9993852662954,2003-07-01,2025-12-20
2001-0318-VNM,nat-met-sto-tro,Meteorological,Storm,Tropical cyclone,Durian,VNM,Viet Nam,South-eastern Asia,Asia,"Thai Nguyen, Tuyen Quang, Vinh Phuc provinces",,,,,Kph,,,,2001,7.0,4.0,2001,7.0,4.0,30.0,3.0,117450.0,117453.0,,,25000.0,45455.0,54.9993852662954,2003-07-01,2025-12-20
2001-0419-CHN,nat-met-sto-tro,Meteorological,Storm,Tropical cyclone,Yutu,CHN,China,Eastern Asia,Asia,Guangdong Sheng province,,,,150.0,Kph,,,,2001,7.0,24.0,2001,7.0,24.0,,,23250.0,23250.0,,,85000.0,154547.0,54.9993852662954,2003-07-01,2025-12-20
2001-0475-CHN,nat-met-sto-tro,Meteorological,Storm,Tropical cyclone,,CHN,China,Eastern Asia,Asia,"Zhaotun borough (Qinpu Qu area, Name Unknown (13243) district, Shanghai Shi province), Huangdu, Anting borough (Jiading Qu area, Shanghai district, Shanghai Shi province)",,,,,Kph,,,,2001,6.0,19.0,2001,6.0,19.0,,1.0,11125.0,11126.0,,,,,54.9993852662954,2003-07-01,2025-12-20
2001-0488-MEX,nat-met-sto-tro,Meteorological,Storm,Tropical cyclone,Dalila,MEX,Mexico,Latin America and the Caribbean,Americas,"Guerrero, Chiapas provinces",,,,,Kph,,,,2001,7.0,25.0,2001,7.0,25.0,,,100.0,100.0,,,,,54.9993852662954,2003-07-01,2025-12-20
2001-0796-CHN,nat-met-sto-tro,Meteorological,Storm,Tropical cyclone,Fitow,CHN,China,Eastern Asia,Asia,"Guangdong Sheng, Hainan Sheng, Guangxi Zhuangzu Zizhiqu provinces",,,,,Kph,,,,2001,8.0,28.0,2001,9.0,9.0,4.0,,,,,,213000.0,387277.0,54.9993852662954,2006-07-20,2025-12-20
2002-0039-MUS,nat-met-sto-tro,Meteorological,Storm,Tropical cyclone,Dina,MUS,Mauritius,Sub-Saharan Africa,Africa,Port Louis province,,,10.0,206.0,Kph,,,,2002,1.0,22.0,2002,1.0,22.0,3.0,50.0,,1050.0,,,50000.0,89491.0,55.8716960740501,2005-12-16,2023-09-25
2002-0043-REU,nat-met-sto-tro,Meteorological,Storm,Tropical cyclone,Dina,REU,Réunion,Sub-Saharan Africa,Africa,"Arrondissement du vent, Arrondissement sous le vent provinces",,,,250.0,Kph,,,,2002,1.0,,2002,1.0,,,300.0,,3100.0,,,50000.0,89491.0,55.8716960740501,2004-03-24,2025-12-20
2002-0431-JPN,nat-met-sto-tro,Meteorological,Storm,Tropical cyclone,Chata'an,JPN,Japan,Eastern Asia,Asia,Hokkaidoo province,,,,,Kph,,,,2002,7.0,5.0,2002,7.0,5.0,5.0,18.0,100000.0,100018.0,,,5000.0,8949.0,55.8716960740501,2007-04-16,2025-12-20
2002-0627-JAM,nat-met-sto-tro,Meteorological,Storm,Tropical cyclone,Lili,JAM,Jamaica,Latin America and the Caribbean,Americas,"Saint Thomas, Saint Andrew And Kingston, Saint Elizabeth, Clarendon, Westmoreland provinces",,Flood,,100.0,Kph,,,,2002,9.0,30.0,2002,9.0,30.0,4.0,,1500.0,1500.0,,,30.0,54.0,55.8716960740501,2008-03-21,2025-12-20
2002-0647-MEX,nat-met-sto-tro,Meteorological,Storm,Tropical cyclone,Julio,MEX,Mexico,Latin America and the Caribbean,Americas,Acapulco De Juarez district (Guerrero province),,,,,Kph,,,,2002,9.0,25.0,2002,9.0,25.0,,,500.0,500.0,,,,,55.8716960740501,2003-07-01,2023-09-25
2002-0851-SLV,nat-met-sto-tro,Meteorological,Storm,Tropical cyclone,Isidore,SLV,El Salvador,Latin America and the Caribbean,Americas,Ahuachapan province,,,,,Kph,,,,2002,9.0,21.0,2002,9.0,21.0,,,500.0,500.0,,,,,55.8716960740501,2003-07-01,2025-12-20
2003-0073-COD,nat-met-sto-tro,Meteorological,Storm,Tropical cyclone,,COD,Democratic Republic of the Congo,Sub-Saharan Africa,Africa,"Yumbi area (Plateaux district, Bandundu province)",,,,,Kph,,,,2003,2.0,2.0,2003,2.0,2.0,17.0,2500.0,,22500.0,,,,,57.1400352670416,2003-09-02,2025-12-20
2003-0234-IND,nat-met-sto-tro,Meteorological,Storm,Tropical cyclone,,IND,India,Southern Asia,Asia,"Mekhliganj, Haldibari, Fukaldabri, Nijtaraf, Kasiabari, Bholarhat, Beltali areas (Kochbihar district, West Bengal province)",,,,,Kph,,,,2003,4.0,12.0,2003,4.0,12.0,,60.0,,460.0,,,,,57.1400352670416,2003-10-08,2025-12-20
2003-0290-PHL,nat-met-sto-tro,Meteorological,Storm,Tropical cyclone,Soudelor (Egay),PHL,Philippines,South-eastern Asia,Asia,"Sorsogon, Albay, Catanduanes, Camarines Sur districts (Region V (Bicol region) province), Biliran, Leyte districts (Region VIII (Eastern Visayas) province)",,"Flood|Slide (land, mud, snow, rock)",,140.0,Kph,,,,2003,6.0,15.0,2003,6.0,18.0,13.0,3.0,46472.0,127130.0,,,2455.0,4296.0,57.1400352670416,2004-01-29,2025-12-20
2003-0314-SLB,nat-met-sto-tro,Meteorological,Storm,Tropical cyclone,Gina,SLB,Solomon Islands,Melanesia,Oceania,"Faea, Ravenga areas (Tikopia island, Solomon Islands province)",,"Slide (land, mud, snow, rock)",,111.0,Kph,,,,2003,6.0,5.0,2003,6.0,5.0,,,,150.0,,,,,57.1400352670416,2003-07-01,2025-12-20
2003-0437-VNM,nat-met-sto-tro,Meteorological,Storm,Tropical cyclone,Koni,VNM,Viet Nam,South-eastern Asia,Asia,"Bac Giang, Bac Kan, Bac Ninh, Cao Bang, Dien Bien, Ha Giang, Ha Nam, Ha Noi City, Ha Tay, Hai Duong, Hai Phong City, Hoa Binh, Hung Yen, Lai Chau, Lang Son, Lao Cai, Nam Dinh, Ninh Binh, Phu Tho, Quang Ninh, Son La, Thai Binh, Thai Nguyen, Thanh Hoa, Tuyen Quang, Vinh Phuc, Yen Bai provinces",,Rain,,90.0,Kph,,,,2003,7.0,23.0,2003,7.0,23.0,,18.0,,5018.0,,,,,57.1400352670416,2003-09-01,2025-12-20
2004-0004-ASM,nat-met-sto-tro,Meteorological,Storm,Tropical cyclone,Heta,ASM,American Samoa,Polynesia,Oceania,American Samoa,,,,310.0,Kph,,,,2004,1.0,5.0,2004,1.0,5.0,,60.0,20000.0,23060.0,,,150000.0,255668.0,58.6698092933412,2005-07-28,2025-12-20
2004-0445-JPN,nat-met-sto-tro,Meteorological,Storm,Tropical cyclone,Chaba,JPN,Japan,Eastern Asia,Asia,"Oosaka, Hyoogo, Okayama, Ehime, Kagawa, Miyazaki, Kagosima provinces",,Flood,,126.0,Kph,,,,2004,8.0,30.0,2004,8.0,31.0,14.0,50.0,180000.0,180050.0,1200000.0,2045345.0,2000000.0,3408908.0,58.6698092933412,2007-02-23,2025-12-20
2005-0151-WSM,nat-met-sto-tro,Meteorological,Storm,Tropical cyclone,Olaf,WSM,Samoa,Polynesia,Oceania,Samoa province,,,,190.0,Kph,,,,2005,2.0,16.0,2005,2.0,16.0,9.0,,,,,,,,60.6603317527392,2005-04-01,2025-12-20
2005-0351-HTI,nat-met-sto-tro,Meteorological,Storm,Tropical cyclone,"Hurricane ""Dennis""",HTI,Haiti,Latin America and the Caribbean,Americas,"Sud, Ouest, Nippes, Sud Est, Grande Anse provinces",,Flood|Rain,,,Kph,,,,2005,7.0,7.0,2005,7.0,7.0,40.0,36.0,15000.0,15036.0,,,50000.0,82426.0,60.6603317527392,2005-07-14,2025-12-20
2005-0351-USA,nat-met-sto-tro,Meteorological,Storm,Tropical cyclone,"Hurricane ""Dennis""",USA,United States of America,Northern America,Americas,"Florida, Georgia provinces",,,,,Kph,,,,2005,7.0,10.0,2005,7.0,10.0,5.0,,,,1115000.0,1838104.0,2230000.0,3676208.0,60.6603317527392,2005-07-24,2025-12-20
2005-0382-HTI,nat-met-sto-tro,Meteorological,Storm,Tropical cyclone,Emily,HTI,Haiti,Latin America and the Caribbean,Americas,Saint-Marc district (Artibonite province),,Flood,,,Kph,,,,2005,7.0,17.0,2005,7.0,17.0,6.0,,565.0,750.0,,,,,60.6603317527392,2006-01-17,2025-12-20
2005-0382-JAM,nat-met-sto-tro,Meteorological,Storm,Tropical cyclone,Emily,JAM,Jamaica,Latin America and the Caribbean,Americas,"Trelawny, Saint Catherine, Saint James, Manchester, Saint Elizabeth provinces",,,,,Kph,,,,2005,7.0,18.0,2005,7.0,18.0,4.0,,2296.0,2296.0,,,1000.0,1649.0,60.6603317527392,2005-07-19,2025-12-20
2005-0382-MEX,nat-met-sto-tro,Meteorological,Storm,Tropical cyclone,Emily,MEX,Mexico,Latin America and the Caribbean,Americas,"Playa del Carmen, Cozumel areas (Cozumel district, Quintana Roo province), Merida, Tizimin districts (Yucatan province)",,,,,Kph,,,,2005,7.0,18.0,2005,7.0,18.0,2.0,,,,250000.0,412131.0,400000.0,659410.0,60.6603317527392,2005-07-21,2025-12-20
2005-0382-VCT,nat-met-sto-tro,Meteorological,Storm,Tropical cyclone,Emily,VCT,Saint Vincent and the Grenadines,Latin America and the Caribbean,Americas,"Cannau, Union, Petite Martinique, Carriacou islands (Grenadines province)",,,,,Kph,,,,2005,7.0,14.0,2005,7.0,14.0,,,530.0,530.0,,,,,60.6603317527392,2006-01-17,2025-12-20
2005-0492-TWN,nat-met-sto-tro,Meteorological,Storm,Tropical cyclone,Talim,TWN,Taiwan (Province of China),Eastern Asia,Asia,Taiwan Sheng province,,,,227.0,Kph,,,,2005,9.0,1.0,2005,9.0,1.0,3.0,59.0,,59.0,,,38000.0,62644.0,60.6603317527392,2005-11-18,2025-12-20
2005-0464-JPN,nat-met-sto-tro,Meteorological,Storm,Tropical cyclone,Mawar,JPN,Japan,Eastern Asia,Asia,"Nagano, Sizuoka provinces",,"Flood|Slide (land, mud, snow, rock)",,108.0,Kph,,,,2005,8.0,25.0,2005,8.0,26.0,3.0,4.0,90.0,94.0,,,,,60.6603317527392,2005-09-15,2025-12-20
2005-0565-CHN,nat-met-sto-tro,Meteorological,Storm,Tropical cyclone,Longwang,CHN,China,Eastern Asia,Asia,"Fujian Sheng, Guangdong Sheng provinces",,"Flood|Slide (land, mud, snow, rock)",,,Kph,,,,2005,10.0,2.0,2005,10.0,2.0,95.0,,2460000.0,2460000.0,,,150000.0,247279.0,60.6603317527392,2005-10-15,2025-12-20
2005-0565-TWN,nat-met-sto-tro,Meteorological,Storm,Tropical cyclone,Longwang,TWN,Taiwan (Province of China),Eastern Asia,Asia,Taiwan Sheng province,,,,,Kph,,,,2005,10.0,2.0,2005,10.0,2.0,2.0,46.0,,46.0,50000.0,82426.0,100000.0,164852.0,60.6603317527392,2005-10-05,2025-12-20
2005-0567-HTI,nat-met-sto-tro,Meteorological,Storm,Tropical cyclone,Stan,HTI,Haiti,Latin America and the Caribbean,Americas,"Dessalines, Saint-Marc districts (Artibonite province)",,Flood,,,Kph,,,,2005,10.0,,2005,10.0,,1.0,,10000.0,10000.0,,,,,60.6603317527392,2006-01-16,2025-12-20
2005-0585-HND,nat-met-sto-tro,Meteorological,Storm,Tropical cyclone,"Hurricane ""Wilma""",HND,Honduras,Latin America and the Caribbean,Americas,Omoa district (Cortes province),,,,,Kph,,,,2005,10.0,21.0,2005,10.0,21.0,,,,,,,,,60.6603317527392,2005-11-15,2025-12-20
2005-0585-HTI,nat-met-sto-tro,Meteorological,Storm,Tropical cyclone,"Hurricane ""Wilma""",HTI,Haiti,Latin America and the Caribbean,Americas,"Sud, Sud Est provinces",,Flood,,,Kph,,,,2005,10.0,19.0,2005,10.0,24.0,12.0,,,,,,500.0,824.0,60.6603317527392,2005-11-15,2025-12-20
2005-0585-JAM,nat-met-sto-tro,Meteorological,Storm,Tropical cyclone,"Hurricane ""Wilma""",JAM,Jamaica,Latin America and the Caribbean,Americas,"Saint Thomas, Saint Catherine, Trelawny, Saint Andrew And Kingston provinces",,"Flood|Slide (land, mud, snow, rock)",,,Kph,,,,2005,10.0,19.0,2005,10.0,24.0,1.0,,100.0,100.0,,,3500.0,5770.0,60.6603317527392,2005-11-15,2025-12-20
2005-0585-MEX,nat-met-sto-tro,Meteorological,Storm,Tropical cyclone,"Hurricane ""Wilma""",MEX,Mexico,Latin America and the Caribbean,Americas,"Benito Juarez, Isla Mujeres, Cozumel districts (Quintana Roo province)",,Rain,,,Kph,,,,2005,10.0,19.0,2005,10.0,24.0,7.0,,700000.0,1000000.0,1800000.0,2967343.0,5000000.0,8242619.0,60.6603317527392,2007-02-15,2025-12-20
2005-0625-NIC,nat-met-sto-tro,Meteorological,Storm,Tropical cyclone,Beta,NIC,Nicaragua,Latin America and the Caribbean,Americas,"San José de Bocay village (El Cua district, Jinotega province), Wiwili district (Jinotega province), Waspam district (Atlantio Norte province)",,Rain,37.0,,Kph,,,,2005,10.0,30.0,2005,10.0,30.0,4.0,,,5763.0,,,,,60.6603317527392,2007-02-15,2025-12-20
2006-0241-MMR,nat-met-sto-tro,Meteorological,Storm,Tropical cyclone,Mala,MMR,Myanmar,South-eastern Asia,Asia,"Hlinethaya area (Yangon(N) district, Yangon province), Ayeyawaddy, Rakhine provinces",,Flood,,240.0,Kph,18.37,94.95,,2006,4.0,29.0,2006,5.0,5.0,34.0,31.0,60075.0,60106.0,,,,,62.6171947810345,2007-03-09,2025-12-20
2006-0362-CHN,nat-met-sto-tro,Meteorological,Storm,Tropical cyclone,Bilis,CHN,China,Eastern Asia,Asia,"Fujian Sheng, Hunan Sheng, Guangdong Sheng, Jiangxi Sheng, Zhejiang Sheng, Guangxi Zhuangzu Zizhiqu provinces",,"Flood|Slide (land, mud, snow, rock)",,,Kph,24.0,112.11,,2006,7.0,16.0,2006,7.0,19.0,820.0,,29622000.0,29622000.0,,,3325000.0,5310043.0,62.6171947810345,2007-01-06,2025-12-20
2006-0362-PHL,nat-met-sto-tro,Meteorological,Storm,Tropical cyclone,Bilis,PHL,Philippines,South-eastern Asia,Asia,"Cordillera Administrative region (CAR), Region I (Ilocos region), Region II (Cagayan Valley) provinces",,"Flood|Slide (land, mud, snow, rock)",,120.0,Kph,24.0,112.11,,2006,7.0,11.0,2006,7.0,17.0,37.0,,51680.0,51680.0,,,3000.0,4791.0,62.6171947810345,2007-01-06,2025-12-20
2006-0466-USA,nat-met-sto-tro,Meteorological,Storm,Tropical cyclone,Ernesto,USA,United States of America,Northern America,Americas,"South Carolina, North Carolina, Virginia provinces",,Flood,,119.0,Kph,34.74,-77.87,,2006,8.0,2.0,2006,9.0,7.0,6.0,,140.0,140.0,,,32860.0,52478.0,62.6171947810345,2007-01-08,2025-12-20
2006-0483-MEX,nat-met-sto-tro,Meteorological,Storm,Tropical cyclone,John,MEX,Mexico,Latin America and the Caribbean,Americas,"Comondu, La Paz districts (Baja California Sur province)",,"Flood|Slide (land, mud, snow, rock)",,215.0,Kph,25.35,-111.81,,2006,9.0,2.0,2006,9.0,4.0,7.0,,10000.0,10000.0,,,,,62.6171947810345,2007-01-07,2025-12-20
2006-0510-BGD,nat-met-sto-tro,Meteorological,Storm,Tropical cyclone,,BGD,Bangladesh,Southern Asia,Asia,"Hatiya area (Noakhali district, Chittagong province), Bagerhat district (Khulna province), Patuakhali, Barguna districts (Barisal province)",,Flood,,,Kph,19.73,83.75,,2006,9.0,18.0,2006,10.0,5.0,115.0,,9135.0,9135.0,,,,,62.6171947810345,2007-01-09,2025-12-20
2006-0517-PHL,nat-met-sto-tro,Meteorological,Storm,Tropical cyclone,Xangsane (Milenyo),PHL,Philippines,South-eastern Asia,Asia,"Cordillera Administrative region (CAR), National Capital region (NCR), Region I (Ilocos region), Region II (Cagayan Valley), Region III (Central Luzon), Region IV (Southern Tagalog), Region IV-A (Calabarzon), Region V (Bicol region), Region VI (Western Visayas) provinces",,"Flood|Slide (land, mud, snow, rock)",,160.0,Kph,16.68,107.21,,2006,9.0,27.0,2006,10.0,6.0,228.0,406.0,3842000.0,3842406.0,,,113000.0,180462.0,62.6171947810345,2007-02-15,2025-12-20
2007-0085-MUS,nat-met-sto-tro,Meteorological,Storm,Tropical cyclone,Gamède,MUS,Mauritius,Sub-Saharan Africa,Africa,"Black River, Flacq, Grand Port, Moka, Pamplemousses, Plaines Wiljems, Port Louis, Riviere Du Rempart, Savanne provinces",,,,,Kph,,,,2007,2.0,25.0,2007,2.0,25.0,2.0,,,,,,,,64.4034636847652,2008-01-10,2025-12-20
2007-0151-FJI,nat-met-sto-tro,Meteorological,Storm,Tropical cyclone,Cliff,FJI,Fiji,Melanesia,Oceania,Lau district (Eastern province),,"Slide (land, mud, snow, rock)",,120.0,Kph,,,,2007,4.0,5.0,2007,4.0,5.0,1.0,,,,,,,,64.4034636847652,2007-04-20,2023-09-25
2007-0164-OMN,nat-met-sto-tro,Meteorological,Storm,Tropical cyclone,Cyclone 'Gonu',OMN,Oman,Western Asia,Asia,Muscat province,,"Flood|Slide (land, mud, snow, rock)",731.0,260.0,Kph,,,,2007,6.0,6.0,2007,6.0,10.0,76.0,,20000.0,20000.0,650000.0,1009262.0,3900000.0,6055575.0,64.4034636847652,2008-08-04,2025-12-20
2007-0346-PHL,nat-met-sto-tro,Meteorological,Storm,Tropical cyclone,Chedeng and Dodong,PHL,Philippines,South-eastern Asia,Asia,"National Capital region (NCR), Region III (Central Luzon) provinces",,"Flood|Slide (land, mud, snow, rock)",,,Kph,,,,2007,8.0,8.0,2007,8.0,13.0,7.0,7.0,921455.0,921462.0,,,492.0,764.0,64.4034636847652,2008-08-04,2025-12-20
2007-0380-PHL,nat-met-sto-tro,Meteorological,Storm,Tropical cyclone,Sepat,PHL,Philippines,South-eastern Asia,Asia,"Region III (Central Luzon), Region IV-A (Calabarzon), Region V (Bicol region) provinces",Heavy rain,Flood,,,Kph,27.0,119.91,,2007,8.0,17.0,2007,8.0,24.0,3.0,,380000.0,380000.0,,,492.0,764.0,64.4034636847652,2008-08-04,2025-12-20
2007-0439-HND,nat-met-sto-tro,Meteorological,Storm,Tropical cyclone,Felix,HND,Honduras,Latin America and the Caribbean,Americas,"Santa Barbara, Cortes, Choluteca, Valle, Paraiso provinces",,"Flood|Slide (land, mud, snow, rock)",,,Kph,14.62,-83.64,,2007,9.0,4.0,2007,9.0,12.0,1.0,,19500.0,19500.0,,,6579.0,10215.0,64.4034636847652,2008-08-04,2025-12-20
2007-0457-PHL,nat-met-sto-tro,Meteorological,Storm,Tropical cyclone,Wipha/Goring,PHL,Philippines,South-eastern Asia,Asia,Negros Occidental district (Region VI (Western Visayas) province),,Flood,,,Kph,38.57,125.83,,2007,9.0,17.0,2007,9.0,25.0,2.0,,30000.0,30000.0,,,,,64.4034636847652,2008-08-04,2025-12-20
2007-0463-PHL,nat-met-sto-tro,Meteorological,Storm,Tropical cyclone,Lekima (Hanna),PHL,Philippines,South-eastern Asia,Asia,"Ifugao, Kalinga districts (Cordillera Administrative region (CAR) province)",,"Flood|Slide (land, mud, snow, rock)",,,Kph,17.07,106.9,,2007,9.0,29.0,2007,10.0,12.0,8.0,,2000.0,2000.0,,,,,64.4034636847652,2009-05-27,2025-12-20
2007-0463-VNM,nat-met-sto-tro,Meteorological,Storm,Tropical cyclone,Lekima (Hanna),VNM,Viet Nam,South-eastern Asia,Asia,"Quang Binh, Ha Tinh, Quang Tri, Quang Ngai, Quang Nam, Son La, Yen Bai, Hoa Binh, Thai Binh, Thanh Hoa, Nghe An, Ninh Binh provinces",,Flood,,117.0,Kph,17.07,106.9,,2007,9.0,29.0,2007,10.0,12.0,96.0,150.0,637755.0,685430.0,,,191000.0,296568.0,64.4034636847652,2009-05-27,2025-12-20
2007-0464-MEX,nat-met-sto-tro,Meteorological,Storm,Tropical cyclone,Lorenzo,MEX,Mexico,Latin America and the Caribbean,Americas,"Veracruz, Puebla provinces",,"Flood|Slide (land, mud, snow, rock)",,,Kph,20.93,-97.85,,2007,9.0,28.0,2007,10.0,1.0,5.0,,33000.0,33000.0,,,,,64.4034636847652,2007-10-04,2025-12-20
2007-0479-JPN,nat-met-sto-tro,Meteorological,Storm,Tropical cyclone,Fitow (9),JPN,Japan,Eastern Asia,Asia,"Tookyoo, Hokkaidoo, Nagano provinces",,Flood,,140.0,Kph,,,,2007,8.0,28.0,2007,9.0,8.0,4.0,82.0,900.0,982.0,700000.0,1086898.0,1000000.0,1552712.0,64.4034636847652,2008-03-11,2025-12-20
2007-0523-JAM,nat-met-sto-tro,Meteorological,Storm,Tropical cyclone,Noel,JAM,Jamaica,Latin America and the Caribbean,Americas,"Saint Catherine, Clarendon, Manchester provinces",,,,,Kph,,,,2007,10.0,28.0,2007,11.0,2.0,1.0,,,,,,,,64.4034636847652,2008-08-01,2025-12-20
2007-0556-BGD,nat-met-sto-tro,Meteorological,Storm,Tropical cyclone,Cyclone 'Sidr',BGD,Bangladesh,Southern Asia,Asia,"Bagerhat, Khulna, Satkhira districts (Khulna province), Patuakhali, Barguna, Pirojpur, Barisal, Jhalokati, Bhola districts (Barisal province), Madaripur, Gopalganj, Shariatpur districts (Dhaka province)",,Flood,215214.0,250.0,Kph,22.61,90.15,,2007,11.0,15.0,2007,11.0,19.0,4234.0,55282.0,8923259.0,8978541.0,,,2300000.0,3571236.0,64.4034636847652,2009-05-27,2025-12-20
2007-0578-PHL,nat-met-sto-tro,Meteorological,Storm,Tropical cyclone,Hagibis (Lando) (24),PHL,Philippines,South-eastern Asia,Asia,"Region VII (Central Visayas), Region X (Northern Mindanao) provinces",,"Flood|Slide (land, mud, snow, rock)",,129.0,Kph,8.796,124.83,,2007,11.0,18.0,2007,11.0,23.0,20.0,11.0,35322.0,35333.0,,,1000.0,1553.0,64.4034636847652,2008-08-01,2025-12-20
2007-0612-DOM,nat-met-sto-tro,Meteorological,Storm,Tropical cyclone,Olga,DOM,Dominican Republic,Latin America and the Caribbean,Americas,"Bonao city (Monsenor Nouel district, Monsenor Nouel province), Nagua district (Maria Trinidad Sanches province), Arenoso, Villa Rivas districts (Duarte province), Santiago, Barahona, La Vega, Puerto Plata, Monte Plata, El Seibo provinces",,"Flood|Slide (land, mud, snow, rock)",,,Kph,18.93,-71.03,,2007,12.0,11.0,2007,12.0,17.0,33.0,,61605.0,61605.0,,,45000.0,69872.0,64.4034636847652,2008-08-01,2025-12-20
2008-0111-MDG,nat-met-sto-tro,Meteorological,Storm,Tropical cyclone,"Cyclone ""Jokwe""",MDG,Madagascar,Sub-Saharan Africa,Africa,Nosy-Be district (Diana province),,,,,Kph,,,,2008,3.0,5.0,2008,3.0,6.0,,,400.0,400.0,,,,,66.8759741789087,2008-07-31,2023-09-25
2008-0155-PHL,nat-met-sto-tro,Meteorological,Storm,Tropical cyclone,"Typhoon ""Neoguri"" (Ambo)",PHL,Philippines,South-eastern Asia,Asia,"Autonomous region in Muslim Mindanao (ARMM), Region IX (Zamboanga Peninsula), Region X (Northern Mindanao), Region XI (Davao Region), Region XII (Soccsksargen), Region XIII (Caraga) provinces",,,,175.0,Kph,,,,2008,4.0,13.0,2008,4.0,13.0,1.0,,,,,,16000.0,23925.0,66.8759741789087,2009-01-05,2025-12-20
2008-0197-PHL,nat-met-sto-tro,Meteorological,Storm,Tropical cyclone,Halong (Cosme),PHL,Philippines,South-eastern Asia,Asia,"Pangasinan, La Union districts (Region I (Ilocos region) province), Zambales district (Region III (Central Luzon) province)",,"Flood|Slide (land, mud, snow, rock)",,95.0,Kph,,,,2008,5.0,18.0,2008,5.0,18.0,64.0,33.0,1496635.0,1496668.0,,,99174.0,148295.0,66.8759741789087,2009-03-18,2025-12-20
2008-0295-TWN,nat-met-sto-tro,Meteorological,Storm,Tropical cyclone,"Tropical storm ""Kalmaegi""",TWN,Taiwan (Province of China),Eastern Asia,Asia,"Yilan, Hualien, Pingdong areas (Taiwan Sheng province)",,"Flood|Slide (land, mud, snow, rock)",,138.0,Kph,22.94,120.79,,2008,7.0,18.0,2008,7.0,19.0,26.0,8.0,,8.0,10000.0,14953.0,16000.0,23925.0,66.8759741789087,2009-03-18,2025-12-20
2008-0292-CHN,nat-met-sto-tro,Meteorological,Storm,Tropical cyclone,"Tropical Storm ""Fung-Wong"" (Igme)",CHN,China,Eastern Asia,Asia,"Yuexi Xian area (Anqing district, Anhui Sheng province), Jinzhai Xian area (Lu'an district, Anhui Sheng province), Fuzhou, Quanzhou, Putian districts (Fujian Sheng province), Wenzhou district (Zhejiang Sheng province ), Jiujiang district (Jiangxi Sheng province)",,Flood,,155.0,Kph,32.56,114.41,,2008,7.0,28.0,2008,8.0,8.0,1.0,6.0,93000.0,93006.0,,,73000.0,109157.0,66.8759741789087,2009-01-14,2025-12-20
2008-0292-PHL,nat-met-sto-tro,Meteorological,Storm,Tropical cyclone,"Tropical Storm ""Fung-Wong"" (Igme)",PHL,Philippines,South-eastern Asia,Asia,"Piddig, Pasuquin areas (Metropolitan Manila district, National Capital region (NCR) province), Ilocos Norte, Ilocos Sur districts (Region I (Ilocos region) province), Abra district (Cordillera Administrative region (CAR) province)",,Flood,,,Kph,,,,2008,7.0,28.0,2008,7.0,29.0,10.0,2.0,22079.0,22081.0,,,40.0,60.0,66.8759741789087,2009-01-13,2025-12-20
2008-0352-TCA,nat-met-sto-tro,Meteorological,Storm,Tropical cyclone,"Hurricane ""Gustav""",TCA,Turks and Caicos Islands,Latin America and the Caribbean,Americas,"Grand Turk, Middle Caicos, North Caicos, Providenciales and West Caicos, Salt City, South and East Caicos provinces",,Flood,,,Kph,,,,2008,8.0,26.0,2008,8.0,26.0,4.0,,,,,,,,66.8759741789087,2008-09-03,2025-12-20
2008-0352-USA,nat-met-sto-tro,Meteorological,Storm,Tropical cyclone,"Hurricane ""Gustav""",USA,United States of America,Northern America,Americas,"Louisiana, Mississippi, Texas, Alabama provinces",,,,,Kph,,,,2008,9.0,1.0,2008,9.0,1.0,43.0,,2100000.0,2100000.0,3500000.0,5233569.0,7000000.0,10467137.0,66.8759741789087,2009-01-14,2025-12-20
2008-0384-TCA,nat-met-sto-tro,Meteorological,Storm,Tropical cyclone,Hurricane Ike,TCA,Turks and Caicos Islands,Latin America and the Caribbean,Americas,Grand Turk province,,,,,Kph,,,,2008,9.0,6.0,2008,9.0,6.0,,,750.0,750.0,,,500000.0,747653.0,66.8759741789087,2008-09-23,2025-12-20
2008-0437-VNM,nat-met-sto-tro,Meteorological,Storm,Tropical cyclone,"Typhoon ""Mekkhala""",VNM,Viet Nam,South-eastern Asia,Asia,"Quang Binh, Ha Tinh provinces",,Flood,,102.0,Kph,,,,2008,9.0,30.0,2008,9.0,30.0,18.0,,30860.0,31680.0,,,6500.0,9719.0,66.8759741789087,2009-03-18,2025-12-20
2008-0441-CHN,nat-met-sto-tro,Meteorological,Storm,Tropical cyclone,"Typhoon ""Jangmi"" (Ofel)",CHN,China,Eastern Asia,Asia,"Ningde, Fuzhou, Putian, Xiamen, Quanzhou, Zhangzhou districts (Fujian Sheng province)",,,,,Kph,,,,2008,9.0,28.0,2008,9.0,28.0,,,,,,,,,66.8759741789087,2009-01-06,2025-12-20
2008-0514-CUB,nat-met-sto-tro,Meteorological,Storm,Tropical cyclone,Hurricane Paloma,CUB,Cuba,Latin America and the Caribbean,Americas,"Santa Cruz del Sur, Najasa, Guáimaro (Camaguey province), Amancio Rodriguez (Las Tunas province), Sancti Spirtitus, Ciego de Avila, Granma provinces",,Surge,,230.0,Kph,,,,2008,11.0,8.0,2008,11.0,8.0,,,49445.0,49445.0,,,,,66.8759741789087,2008-11-21,2025-12-20
2008-0540-PHL,nat-met-sto-tro,Meteorological,Storm,Tropical cyclone,"Tropical Storm ""Maysak"" (Quinta-Sony)",PHL,Philippines,South-eastern Asia,Asia,"Region IV (Southern Tagalog), Region V (Bicol region), Region VI (Western Visayas), Region VII (Central Visayas), Region VIII (Eastern Visayas) provinces",,Flood,,,Kph,,,,2008,11.0,6.0,2008,11.0,11.0,19.0,14.0,300.0,474.0,,,,,66.8759741789087,2009-01-14,2025-12-20
2008-0540-VNM,nat-met-sto-tro,Meteorological,Storm,Tropical cyclone,"Tropical Storm ""Maysak"" (Quinta-Sony)",VNM,Viet Nam,South-eastern Asia,Asia,Ho Chi Minh City province,,Flood,,,Kph,,,,2008,11.0,5.0,2008,11.0,5.0,11.0,,,,,,,,66.8759741789087,2009-01-14,2025-12-20
2009-0047-MDG,nat-met-sto-tro,Meteorological,Storm,Tropical cyclone,Cyclones Eric and Fanele,MDG,Madagascar,Sub-Saharan Africa,Africa,"Ambositra district (Amoron I Mania province), Menabe, Sofia, Sava, Atsinanana, Analanjirofo provinces",,Flood,945.0,210.0,Kph,-17.69,46.42,,2009,1.0,19.0,2009,1.0,22.0,12.0,,58493.0,62505.0,,,,,66.6382010716644,2010-03-05,2025-12-20
2009-0137-MDG,nat-met-sto-tro,Meteorological,Storm,Tropical cyclone,"Tropical storm ""Jade""",MDG,Madagascar,Sub-Saharan Africa,Africa,"Soanierana Ivongo, Maroantsetra, Mananara-Avaratra, Sainte Marie districts (Analanjirofo province), Nosy Varika, Mananjary, Vohipeno, Manakara districts (Vatovavy Fitovinany province), Port Berge (Boriziny-Vaovao), Mampikony districts (Sofia province), Amparafaravola, Moramanga districts (Alaotra Mangoro province), Vatomandry district (Atsinanana province), Vangaindrano district (Atsimo Atsinanana province), Antalaha district (Sava province)",,,,160.0,Kph,,,,2009,4.0,6.0,2009,4.0,7.0,15.0,10.0,60818.0,64918.0,,,5000.0,7503.0,66.6382010716644,2009-05-06,2025-12-20
2009-0174-PHL,nat-met-sto-tro,Meteorological,Storm,Tropical cyclone,"Typhhon ""Dante"" (Kujira)",PHL,Philippines,South-eastern Asia,Asia,Region V (Bicol region) province,,"Flood|Slide (land, mud, snow, rock)",,148.0,Kph,,,,2009,4.0,29.0,2009,5.0,5.0,29.0,8.0,383457.0,383465.0,,,25810.0,38732.0,66.6382010716644,2010-03-05,2025-12-20
2009-0321-CHN,nat-met-sto-tro,Meteorological,Storm,Tropical cyclone,Typhoon Morakot (Kiko),CHN,China,Eastern Asia,Asia,"Fujian Sheng, Zhejiang Sheng, Jiangxi Sheng, Anhui Sheng, Jiangsu Sheng provinces",,"Flood|Slide (land, mud, snow, rock)",,83.0,Kph,,,,2009,8.0,9.0,2009,8.0,10.0,8.0,4.0,11000000.0,11000004.0,,,1415594.0,2124298.0,66.6382010716644,2009-09-07,2025-12-20
2009-0321-TWN,nat-met-sto-tro,Meteorological,Storm,Tropical cyclone,Typhoon Morakot (Kiko),TWN,Taiwan (Province of China),Eastern Asia,Asia,"Pingdong, Hualian, Gaoxiong, Taizhong, Tainan, Nantou, Taidong, Jianyi areas (Taiwan Sheng province)",,"Flood|Slide (land, mud, snow, rock)",3711.0,148.0,Kph,,,,2009,8.0,7.0,2009,8.0,8.0,630.0,46.0,2307477.0,2307523.0,,,250000.0,375160.0,66.6382010716644,2010-08-16,2025-12-20
2009-0374-PHL,nat-met-sto-tro,Meteorological,Storm,Tropical cyclone,Tropical Depression Nando,PHL,Philippines,South-eastern Asia,Asia,"Santa Teresita area (Cagayan district, Region II (Cagayan Valley) province), Silang area (Cavite district, Region IV-A (Calabarzon) province), Santa Cruz, Bay, Los Banos, Santa Rosa, Calamba, Banan, San Pedro areas (Laguna district, Region IV-A (Calabarzon) province), Pasil area (Kalinga district, Cordillera Administrative region (CAR) province)",,"Flood|Slide (land, mud, snow, rock)",,,Kph,,,,2009,9.0,12.0,2009,9.0,13.0,3.0,3.0,48330.0,48333.0,,,,,66.6382010716644,2009-09-30,2025-12-20
2009-0554-FJI,nat-met-sto-tro,Meteorological,Storm,Tropical cyclone,Cyclone 'Mick',FJI,Fiji,Melanesia,Oceania,"Central, Western provinces",,Flood,121.0,100.0,Kph,,,,2009,12.0,14.0,2009,12.0,15.0,2.0,,3845.0,3845.0,,,13300.0,19959.0,66.6382010716644,2010-02-09,2025-12-20
2009-0414-LAO,nat-met-sto-tro,Meteorological,Storm,Tropical cyclone,"Tropical storm ""Ondoy"" (Ketsana)",LAO,Lao People's Democratic Republic,South-eastern Asia,Asia,"Attapu, Xekong, Savannakhet, Salavan provinces",,Flood,12769.0,,Kph,,,,2009,9.0,29.0,2009,10.0,1.0,16.0,91.0,128796.0,128887.0,,,100000.0,150064.0,66.6382010716644,2014-05-12,2025-12-20
2009-0422-PHL,nat-met-sto-tro,Meteorological,Storm,Tropical cyclone,"Typhoon ""Pepeng"" (Parma)",PHL,Philippines,South-eastern Asia,Asia,"Isabela, Nueva Vizcaya, Cagayan districts (Region II (Cagayan Valley) province), Quezon district (Region IV-A (Calabarzon) province), Albay, Camarines Sur, Catanduanes, Sorsogon districts (Region V (Bicol region) province), Negros Occidental district (Region VI (Western Visayas) province), Cordillera Administrative region (CAR), National Capital region (NCR), Region I (Ilocos region), Region III (Central Luzon) provinces",,"Flood|Slide (land, mud, snow, rock)",646.0,145.0,Kph,17.57,121.42,,2009,9.0,29.0,2009,10.0,10.0,512.0,207.0,4478284.0,4478491.0,,,585379.0,878444.0,66.6382010716644,2010-10-12,2025-12-20
2009-0423-JPN,nat-met-sto-tro,Meteorological,Storm,Tropical cyclone,"TYphoon ""Melor""",JPN,Japan,Eastern Asia,Asia,"Mie, Aiti, Gifu, Siga, Wakayama, Miyagi, Saitama provinces",,Surge,,220.0,Kph,,,,2009,10.0,7.0,2009,10.0,9.0,4.0,119.0,5000.0,5119.0,625000.0,937900.0,1000000.0,1500641.0,66.6382010716644,2010-03-10,2025-12-20
2009-0477-USA,nat-met-sto-tro,Meteorological,Storm,Tropical cyclone,"Hurricane ""Ida""",USA,United States of America,Northern America,Americas,"Kent, Sussex districts (Delaware province), Atlantic, Burlington, Cape May, Cumberland, Monmouth, Ocean districts (New Jersey province), Virginia, New York, North Carolina, Pennsylvannia provinces",,Flood,,,Kph,,,,2009,11.0,9.0,2009,11.0,10.0,6.0,,,,,,600000.0,900384.0,66.6382010716644,2010-01-12,2025-12-20
2010-0104-MDG,nat-met-sto-tro,Meteorological,Storm,Tropical cyclone,"Tropical storm ""Hubert""",MDG,Madagascar,Sub-Saharan Africa,Africa,"Farafangana, Vangaindrano districts (Atsimo Atsinanana province), Ambatondrazaka district (Alaotra Mangoro province), Vatovavy Fitovinany province",,"Flood|Slide (land, mud, snow, rock)",,,Kph,,,,2010,3.0,10.0,2010,3.0,12.0,120.0,132.0,192000.0,192132.0,,,,,67.7310945291778,2014-05-06,2025-12-20
2010-0120-SLB,nat-met-sto-tro,Meteorological,Storm,Tropical cyclone,"Cyclone ""Ului""",SLB,Solomon Islands,Melanesia,Oceania,"Isabel, Malaita, Guadalcanal, Temotu, Makira/Uluawa, Rennel/Bellona areas (Solomon Islands province)",,Flood|Surge,,,Kph,,,,2010,3.0,15.0,2010,3.0,15.0,,,205.0,795.0,,,,,67.7310945291778,2010-04-12,2025-12-20
2010-0205-BGD,nat-met-sto-tro,Meteorological,Storm,Tropical cyclone,,BGD,Bangladesh,Southern Asia,Asia,Lalmonirhat district (Rangpur province),,,,,Kph,,,,2010,4.0,17.0,2010,4.0,17.0,3.0,,10000.0,10000.0,,,,,67.7310945291778,2010-05-27,2025-12-20
2010-0210-OMN,nat-met-sto-tro,Meteorological,Storm,Tropical cyclone,"Cyclone ""Phet""",OMN,Oman,Western Asia,Asia,"A Dakhliya, A Sharqiya, Al Batnah, Al Dhahira, Al Wusta, Dhofar, Musandam, Muscat provinces",,,,,Kph,,,,2010,6.0,6.0,2010,6.0,6.0,16.0,,,,,,1000000.0,1476427.0,67.7310945291778,2010-07-13,2025-12-20
2010-0210-PAK,nat-met-sto-tro,Meteorological,Storm,Tropical cyclone,"Cyclone ""Phet""",PAK,Pakistan,Southern Asia,Asia,"Sindh, Balochistan provinces",,Flood,,,Kph,,,,2010,6.0,6.0,2010,6.0,7.0,23.0,,4000.0,4000.0,,,80000.0,118114.0,67.7310945291778,2010-07-13,2025-12-20
2010-0308-CHN,nat-met-sto-tro,Meteorological,Storm,Tropical cyclone,Typhoon Conson (Basyang),CHN,China,Eastern Asia,Asia,Hainan Sheng province,,,,,Kph,,,,2010,7.0,16.0,2010,7.0,16.0,2.0,,,,,,500.0,738.0,67.7310945291778,2010-07-26,2025-12-20
2010-0468-ATG,nat-met-sto-tro,Meteorological,Storm,Tropical cyclone,Hurricane Earl,ATG,Antigua and Barbuda,Latin America and the Caribbean,Americas,All country affected (no data),,Flood,,142.0,Kph,,,,2010,8.0,29.0,2010,8.0,31.0,,,5000.0,5000.0,,,12600.0,18603.0,67.7310945291778,2010-10-14,2025-12-20
2010-0484-TWN,nat-met-sto-tro,Meteorological,Storm,Tropical cyclone,Typhoon Fanapi,TWN,Taiwan (Province of China),Eastern Asia,Asia,"Hualian, Gaoxiong, Pingdong areas (Taiwan Sheng province)",,Flood,,220.0,Kph,22.429,120.7,,2010,9.0,18.0,2010,9.0,20.0,2.0,100.0,,100.0,,,63100.0,93163.0,67.7310945291778,2010-10-06,2025-12-20
2010-0503-HND,nat-met-sto-tro,Meteorological,Storm,Tropical cyclone,Tropical storm Matthew,HND,Honduras,Latin America and the Caribbean,Americas,"Paraiso, Atlantida, Islas De Bahia, Colon, Yoro, Gracias A Dios, Comayagua provinces",,Flood,,,Kph,,,,2010,9.0,25.0,2010,9.0,25.0,4.0,,,,,,,,67.7310945291778,2010-10-04,2025-12-20
2010-0503-MEX,nat-met-sto-tro,Meteorological,Storm,Tropical cyclone,Tropical storm Matthew,MEX,Mexico,Latin America and the Caribbean,Americas,"Chiapas, Veracruz, Tabasco, Oaxaca, Nuevo León provinces",,"Flood|Slide (land, mud, snow, rock)",,,Kph,,,,2010,9.0,25.0,2010,9.0,25.0,3.0,,1075.0,1075.0,,,,,67.7310945291778,2010-10-14,2025-12-20
2010-0503-SLV,nat-met-sto-tro,Meteorological,Storm,Tropical cyclone,Tropical storm Matthew,SLV,El Salvador,Latin America and the Caribbean,Americas,"Ahuachapan, Cabanas, Chalatenango, Cuscatlan, La Libertad, La Paz, La Union, Morazan, San Miguel, San Salvador, San Vicente, Santa Ana, Sonsonate, Usulutan provinces",,,,,Kph,,,,2010,9.0,25.0,2010,9.0,25.0,1.0,,,,,,,,67.7310945291778,2010-10-01,2025-12-20
2010-0543-TWN,nat-met-sto-tro,Meteorological,Storm,Tropical cyclone,Typhoon Megi (Juan),TWN,Taiwan (Province of China),Eastern Asia,Asia,Taiwan Sheng province,,"Slide (land, mud, snow, rock)",,,Kph,,,,2010,10.0,22.0,2010,10.0,22.0,32.0,,,,,,10000.0,14764.0,67.7310945291778,2010-11-05,2025-12-20
2011-0267-GTM,nat-met-sto-tro,Meteorological,Storm,Tropical cyclone,"Tropical storm ""Dora""",GTM,Guatemala,Latin America and the Caribbean,Americas,Petén province,,,,,Kph,,,,2011,7.0,20.0,2011,7.0,20.0,5.0,,,,,,,,69.869263508865,2011-08-02,2025-12-20
2010-0571-DOM,nat-met-sto-tro,Meteorological,Storm,Tropical cyclone,Hurricane Tomas,DOM,Dominican Republic,Latin America and the Caribbean,Americas,"Azua, Baoruco, Barahona, Dajabon, Distrito Nacional, Duarte, El Seibo, Elias Pina, Espaillat, Hato Mayor, Independencia, La Altagracia, La Romana, La Vega, Maria Trinidad Sanches, Monsenor Nouel, Monte Cristi, Monte Plata, Pedernales, Peravia, Puerto Plata, Salcedo, Samana, San Cristobal, San José de Ocoa, San Juan, San Pedro de Macoris, Sanchez Ramirez, Santiago, Santiago Rodriguez, Santo Domingo, Valverde provinces",,"Slide (land, mud, snow, rock)",,,Kph,,,,2010,10.0,29.0,2010,10.0,29.0,,,12000.0,12000.0,,,,,67.7310945291778,2010-11-23,2025-12-20
2011-0070-AUS,nat-met-sto-tro,Meteorological,Storm,Tropical cyclone,"Tropical Cyclone ""Yasi""",AUS,Australia,Australia and New Zealand,Oceania,"Cassowary, Innisfail, Silkwood, Mission Beach, Cardwell, Tully towns (Cassowary Coast district, Queensland province), Townsville town (Townsville district, Queensland province), Ingham town (Hinchinbrook district, Queensland province)",,Flood,,290.0,Kph,,,,2011,2.0,2.0,2011,2.0,5.0,1.0,,7300.0,7300.0,1300000.0,1860618.0,2500000.0,3578111.0,69.869263508865,2012-03-29,2025-12-20
2011-0241-MEX,nat-met-sto-tro,Meteorological,Storm,Tropical cyclone,"Tropical Storm ""Arlene""",MEX,Mexico,Latin America and the Caribbean,Americas,"Isla, Tamalin, Tamiahua, Tampico Alto districts (Veracruz province)",,"Flood|Slide (land, mud, snow, rock)",,,Kph,22.11,-98.75,,2011,6.0,30.0,2011,7.0,1.0,22.0,,300000.0,300000.0,,,70000.0,100187.0,69.869263508865,2012-04-04,2025-06-25
2011-0203-CHN,nat-met-sto-tro,Meteorological,Storm,Tropical cyclone,"Tropical storm ""Dodong"" (Sarika)",CHN,China,Eastern Asia,Asia,"Xianning district (Hubei Sheng province), Guangdong Sheng province",,,,,Kph,,,,2011,6.0,4.0,2011,6.0,11.0,23.0,,,,,,,,69.869263508865,2012-01-03,2025-12-20
2011-0279-PHL,nat-met-sto-tro,Meteorological,Storm,Tropical cyclone,"Typhoon ""Kabayan"" (Muifa)",PHL,Philippines,South-eastern Asia,Asia,"Mandaluyong, Marikina, Quezon, San Juan cities (Metropolitan Manila district, National Capital region (NCR) province), Japalit area (Pampanga district, Region III (Central Luzon) province), Paniqui area (Tarlac district, Region III (Central Luzon) province), Calatagan, Malvar areas (Batangas district, Region IV-A (Calabarzon) province), Antopolo City, Rodriguez, San Mateo areas (Rizal district, Region IV-A (Calabarzon) province)",,"Flood|Slide (land, mud, snow, rock)",,165.0,Kph,,,,2011,8.0,2.0,2011,8.0,2.0,11.0,5.0,8418.0,8423.0,,,59.0,84.0,69.869263508865,2011-08-10,2025-12-20
2011-0328-BHS,nat-met-sto-tro,Meteorological,Storm,Tropical cyclone,Hurricane Irene,BHS,Bahamas,Latin America and the Caribbean,Americas,,,,,,Kph,,,,2011,8.0,23.0,2011,8.0,26.0,,,10000.0,10000.0,,,40000.0,57250.0,69.869263508865,2014-07-28,2025-12-20
2011-0328-CAN,nat-met-sto-tro,Meteorological,Storm,Tropical cyclone,Hurricane Irene,CAN,Canada,Northern America,Americas,"New Brunswick,Nova Scotia, Prince Edward Island provinces",,Flood,,130.0,Kph,,,,2011,8.0,28.0,2011,8.0,29.0,1.0,,,,,,,,69.869263508865,2011-08-29,2025-12-20
2011-0328-DOM,nat-met-sto-tro,Meteorological,Storm,Tropical cyclone,Hurricane Irene,DOM,Dominican Republic,Latin America and the Caribbean,Americas,"San José de Ocoa, Peravia, San Cristobal, Santo Domingo provinces",,Flood,,,Kph,,,,2011,8.0,24.0,2011,8.0,24.0,4.0,,37000.0,37000.0,,,30000.0,42937.0,69.869263508865,2012-05-23,2025-12-20
2011-0328-HTI,nat-met-sto-tro,Meteorological,Storm,Tropical cyclone,Hurricane Irene,HTI,Haiti,Latin America and the Caribbean,Americas,Nord province,,"Slide (land, mud, snow, rock)",,,Kph,,,,2011,8.0,24.0,2011,8.0,24.0,2.0,4.0,1000.0,1544.0,,,,,69.869263508865,2011-08-25,2025-12-20
2011-0328-PRI,nat-met-sto-tro,Meteorological,Storm,Tropical cyclone,Hurricane Irene,PRI,Puerto Rico,Latin America and the Caribbean,Americas,"Aguadilla, Arecibo, Bayamon, Guayama, Humacao, Mayaguez, Ponce, San Juan provinces",,Flood,,130.0,Kph,,,,2011,8.0,22.0,2011,8.0,22.0,1.0,,1500.0,2271.0,450000.0,644060.0,500000.0,715622.0,69.869263508865,2011-08-26,2025-12-20
2011-0379-CHN,nat-met-sto-tro,Meteorological,Storm,Tropical cyclone,Typhoon Pedring (Nesat),CHN,China,Eastern Asia,Asia,"Guangxi Zhuangzu Zizhiqu, Hainan Sheng provinces",,Flood,,,Kph,,,,2011,9.0,29.0,2011,10.0,3.0,3.0,,1000000.0,1000000.0,,,219000.0,313443.0,69.869263508865,2012-01-24,2025-12-20
2011-0454-JPN,nat-met-sto-tro,Meteorological,Storm,Tropical cyclone,Typhoon Talas,JPN,Japan,Eastern Asia,Asia,"Wakayama, Nara, Ehime, Kooti provinces",,"Flood|Slide (land, mud, snow, rock)",,90.0,Kph,,,,2011,9.0,2.0,2011,9.0,4.0,68.0,,1300.0,1300.0,430000.0,615435.0,650000.0,930309.0,69.869263508865,2012-04-04,2025-12-20
2012-0056-MOZ,nat-met-sto-tro,Meteorological,Storm,Tropical cyclone,"Tropical depression ""Irina""",MOZ,Mozambique,Sub-Saharan Africa,Africa,"Cabo Delgado, Sofala provinces",,Rain,,,Kph,,,,2012,3.0,3.0,2012,3.0,7.0,3.0,13.0,4945.0,4958.0,,,,,71.3150877335761,2012-03-15,2025-12-20
2011-0576-PHL,nat-met-sto-tro,Meteorological,Storm,Tropical cyclone,Tropical Storm Haima (Egay),PHL,Philippines,South-eastern Asia,Asia,"Autonomous region in Muslim Mindanao (ARMM), Cordillera Administrative region (CAR), National Capital region (NCR), Region I (Ilocos region), Region II (Cagayan Valley), Region III (Central Luzon), Region IV (Southern Tagalog) Region IV-A (Calabarzon), Region IX (Zamboanga Peninsula), Region V (Bicol region), Region VI (Western Visayas), Region VII (Central Visayas), Region VIII (Eastern Visayas), Region X (Northern Mindanao), Region XI (Davao Region), Region XII (Soccsksargen), Region XIII (Caraga) provinces",,,,,Kph,,,,2011,6.0,14.0,2011,6.0,20.0,,,,,,,,,69.869263508865,2012-01-05,2025-12-20
2012-0006-MOZ,nat-met-sto-tro,Meteorological,Storm,Tropical cyclone,Tropical Storm Dando,MOZ,Mozambique,Sub-Saharan Africa,Africa,"Chokwe, Xai-Xai districts (Gaza province), Cidade de Maputo district (Maputo province), Zavala district (Inhambane province), Nampula, Zambezia, Sofala provinces",,Flood,,,Kph,,,,2012,1.0,18.0,2012,1.0,18.0,20.0,42.0,40000.0,40042.0,,,,,71.3150877335761,2014-04-30,2025-12-20
2012-0500-PHL,nat-met-sto-tro,Meteorological,Storm,Tropical cyclone,Typhoon Bopha,PHL,Philippines,South-eastern Asia,Asia,Region XI (Davao Region) province,,,,260.0,Kph,,,,2012,12.0,4.0,2012,12.0,4.0,1901.0,2666.0,6243998.0,6246664.0,,,898352.0,1259694.0,71.3150877335761,2014-07-29,2025-12-20
2012-0043-MDG,nat-met-sto-tro,Meteorological,Storm,Tropical cyclone,Cyclone Giovanna,MDG,Madagascar,Sub-Saharan Africa,Africa,"Brickaville, Vatomandry districts (Atsinanana province), Moramanga district (Alaotra Mangoro province), Mampikony district (Sofia province), Antananarivo I, Antananarivo II, Antananarivo III, Antananarivo IV, Antananarivo V, Antananarivo VI, Antananarivo Atsimondrano, Antananarivo Avaradrano districts (Analamanga province)",,Flood,4262.0,200.0,Kph,,,,2012,2.0,14.0,2012,2.0,15.0,35.0,284.0,250000.0,250284.0,,,100000.0,140223.0,71.3150877335761,2014-04-30,2023-09-25
2012-0260-TWN,nat-met-sto-tro,Meteorological,Storm,Tropical cyclone,Tropical storm Gener (Saola),TWN,Taiwan (Province of China),Eastern Asia,Asia,"Hualian Xian, Taibei Xian, Yilan Xian areas (Taiwan Sheng province)",,"Slide (land, mud, snow, rock)",,,Kph,,,,2012,8.0,2.0,2012,8.0,2.0,6.0,,,,,,27000.0,37860.0,71.3150877335761,2012-08-02,2025-12-20
2012-0276-MEX,nat-met-sto-tro,Meteorological,Storm,Tropical cyclone,Ernesto,MEX,Mexico,Latin America and the Caribbean,Americas,"Tabasco, Veracruz, Guerrero, Quintana Roo, Puebla, Oaxaca provinces",,,,,Kph,,,,2012,8.0,10.0,2012,8.0,10.0,12.0,,,,15000.0,21033.0,300000.0,420668.0,71.3150877335761,2013-02-07,2025-12-20
2012-0401-MEX,nat-met-sto-tro,Meteorological,Storm,Tropical cyclone,Hurricane Carlotta,MEX,Mexico,Latin America and the Caribbean,Americas,"Puerto Escondido city (Dist. Pochutla district, Oaxaca province)",,,,150.0,Kph,,,,2012,6.0,15.0,2012,6.0,15.0,7.0,,87000.0,87000.0,84000.0,117787.0,555000.0,778236.0,71.3150877335761,2013-02-07,2025-12-20
2012-0283-CHN,nat-met-sto-tro,Meteorological,Storm,Tropical cyclone,Typhoon Damrey,CHN,China,Eastern Asia,Asia,"Jiangsu Sheng, Shandong Sheng provinces",,Flood,,,Kph,,,,2012,8.0,2.0,2012,8.0,8.0,15.0,,3790000.0,3790000.0,106000.0,148636.0,600000.0,841337.0,71.3150877335761,2013-03-28,2025-12-20
2012-0313-PRI,nat-met-sto-tro,Meteorological,Storm,Tropical cyclone,Hurricane Isaac,PRI,Puerto Rico,Latin America and the Caribbean,Americas,"Aguadilla, Arecibo, Bayamon, Guayama, Humacao, Mayaguez, Ponce, San Juan provinces",,,,,Kph,,,,2012,8.0,25.0,2012,8.0,25.0,,,,,,,,,71.3150877335761,2012-09-05,2025-12-20
2012-0313-USA,nat-met-sto-tro,Meteorological,Storm,Tropical cyclone,Hurricane Isaac,USA,United States of America,Northern America,Americas,"Mississippi, Louisiana provinces",,Flood,,,Kph,30.503,-89.35,,2012,8.0,28.0,2012,8.0,29.0,1.0,,60000.0,60000.0,,,2000000.0,2804456.0,71.3150877335761,2013-02-07,2025-12-20
2012-0406-CHN,nat-met-sto-tro,Meteorological,Storm,Tropical cyclone,Typhoon Son Tinh (Ofel),CHN,China,Eastern Asia,Asia,"Hainan Sheng, Guangxi Zhuangzu Zizhiqu provinces",,,,,Kph,,,,2012,10.0,28.0,2012,10.0,28.0,1.0,,126000.0,126000.0,,,197000.0,276239.0,71.3150877335761,2012-11-09,2025-12-20
2012-0463-PHL,nat-met-sto-tro,Meteorological,Storm,Tropical cyclone,Tropical Storm Marce (Gaemi),PHL,Philippines,South-eastern Asia,Asia,"Zambales district (Region III (Central Luzon) province), Mindoro Occidental district (Region IV (Southern Tagalog) province)",,,,80.0,Kph,,,,2012,10.0,3.0,2012,10.0,3.0,,,322.0,322.0,,,,,71.3150877335761,2012-11-21,2025-12-20
2012-0585-TWN,nat-met-sto-tro,Meteorological,Storm,Tropical cyclone,Typhoon Tembin,TWN,Taiwan (Province of China),Eastern Asia,Asia,Pingdong Shi area (Taiwan Sheng province),,,,,Kph,,,,2012,8.0,24.0,2012,8.0,24.0,8.0,,,,,,8300.0,11638.0,71.3150877335761,2013-02-06,2025-12-20
2013-0032-MDG,nat-met-sto-tro,Meteorological,Storm,Tropical cyclone,Tropical cyclone Haruna,MDG,Madagascar,Sub-Saharan Africa,Africa,"Morombe, Toliary-I, Toliary-II, Sakaraha districts (Atsimo Andrefana province), Menabe, Analamanga provinces",,Flood,,177.0,Kph,,,,2013,2.0,22.0,2013,2.0,22.0,42.0,127.0,40154.0,40281.0,,,25000.0,34550.0,72.3597374789251,2014-07-29,2025-12-20
2013-0036-PHL,nat-met-sto-tro,Meteorological,Storm,Tropical cyclone,Tropcal storm Auring,PHL,Philippines,South-eastern Asia,Asia,"Palawan, Mindoro Oriental districts (Region IV (Southern Tagalog) province), Zamboanga Del Norte district (Region IX (Zamboanga Peninsula) province), Compostela, Davao del Norte districts (Region XI (Davao Region) province)",,Flood,,,Kph,,,,2013,1.0,3.0,2013,1.0,10.0,1.0,,10597.0,10597.0,,,,,72.3597374789251,2013-11-27,2025-12-20
2013-0306-CHN,nat-met-sto-tro,Meteorological,Storm,Tropical cyclone,Typhoon Trami (Maring),CHN,China,Eastern Asia,Asia,"Fuqing Shi, Fuzhou Shi areas (Fuzhou district, Fujian Sheng province), Ningde, Putian, Sanming district (Fujian Sheng province)",,Flood,,,Kph,,,,2013,8.0,22.0,2013,8.0,22.0,,,189800.0,189800.0,,,376000.0,519626.0,72.3597374789251,2014-04-07,2025-12-20
2013-0373-CHN,nat-met-sto-tro,Meteorological,Storm,Tropical cyclone,Typhoon Usagi (Odette),CHN,China,Eastern Asia,Asia,Guangdong Sheng province,,,,,Kph,,,,2013,9.0,22.0,2013,9.0,22.0,20.0,,506000.0,506000.0,,,,,72.3597374789251,2013-10-28,2025-12-20
2013-0378-PHL,nat-met-sto-tro,Meteorological,Storm,Tropical cyclone,Tropical depression Crising (Shanshan),PHL,Philippines,South-eastern Asia,Asia,"Mindoro Oriental district (Region IV (Southern Tagalog) province), Leyte district (Region VIII (Eastern Visayas) province), Zamboanga del Norte district (Region IX (Zamboanga Peninsula) province), Bukidnon, Lanao del Norte districts (Region X (Northern Mindanao) province), North Cotabato, South Cotabato districts (Region XII (Soccsksargen) province), Agusan del Norte district (Region XIII (Caraga) province), Maguindanao district (Autonomous region in Muslim Mindanao (ARMM) province), Region VII (Central Visayas), Region XI (Davao Region) provinces",,,,,Kph,,,,2013,2.0,20.0,2013,2.0,21.0,6.0,4.0,262880.0,262884.0,,,1680.0,2322.0,72.3597374789251,2013-11-27,2025-12-20
2013-0396-JPN,nat-met-sto-tro,Meteorological,Storm,Tropical cyclone,Typhoon Wipha,JPN,Japan,Eastern Asia,Asia,"Tookyoo, Saitama, Ibaraki, Totigi, Hokkaidoo, Tiba, Kagosima provinces",,"Flood|Slide (land, mud, snow, rock)",,,Kph,,,,2013,10.0,14.0,2013,10.0,16.0,39.0,107.0,19182.0,19289.0,,,200000.0,276397.0,72.3597374789251,2014-03-20,2025-12-20
2013-0433-PLW,nat-met-sto-tro,Meteorological,Storm,Tropical cyclone,Typhoon Haiyan (Yolanda),PLW,Palau,Micronesia,Oceania,"Ngercelong, Ngaraard, Ngardmau, Koror, Airai, Aimelick, Ngatpang, Ngiwal, Melekeok, Ngchesar, Ngeramlengu areas (Palau province)",,,,160.0,Kph,,,,2013,11.0,7.0,2013,11.0,7.0,,,,,,,,,72.3597374789251,2014-07-29,2025-12-20
2013-0419-CHN,nat-met-sto-tro,Meteorological,Storm,Tropical cyclone,Typhoon Wutip,CHN,China,Eastern Asia,Asia,"Hainan Sheng, Guangdong Sheng provinces",,,,,Kph,,,,2013,9.0,30.0,2013,9.0,30.0,74.0,,,,,,,,72.3597374789251,2013-11-25,2025-12-20
2013-0429-CHN,nat-met-sto-tro,Meteorological,Storm,Tropical cyclone,Tropical storm Fitow,CHN,China,Eastern Asia,Asia,"Fujian Sheng, Zhejiang Sheng, Shanghai Shi provinces",,Flood|Surge,,160.0,Kph,,,,2013,10.0,7.0,2013,10.0,8.0,8.0,,475000.0,475000.0,,,6700000.0,9259293.0,72.3597374789251,2013-11-26,2025-12-20
2013-0438-SOM,nat-met-sto-tro,Meteorological,Storm,Tropical cyclone,Cyclone 3A,SOM,Somalia,Sub-Saharan Africa,Africa,"Bandarbeyla, Caluula, Qandala, Qardho, Iskushuban districts (Baria province), Eyl, Garoowe districts (Nugaal province)",,Flood|Surge,,,Kph,21.68,57.43,,2013,11.0,8.0,2013,11.0,19.0,162.0,,142380.0,142380.0,,,2000.0,2764.0,72.3597374789251,2014-06-26,2025-12-20
2014-0092-COM,nat-met-sto-tro,Meteorological,Storm,Tropical cyclone,Cyclone Helen,COM,Comoros,Sub-Saharan Africa,Africa,"Ngazidja, Moheli, Anjouan provinces",,Flood,,100.0,Kph,,,,2014,3.0,27.0,2014,3.0,29.0,,,9511.0,9511.0,,,,,73.5335770092672,2014-04-09,2025-12-20
2014-0213-CHN,nat-met-sto-tro,Meteorological,Storm,Tropical cyclone,Hagibis,CHN,China,Eastern Asia,Asia,"Shantou district (Guangdong Sheng province), Fujian Sheng province",,Flood,,80.0,Kph,,,,2014,6.0,14.0,2014,6.0,16.0,,,5000.0,5000.0,,,131000.0,178150.0,73.5335770092672,2014-07-15,2025-12-20
2014-0310-USA,nat-met-sto-tro,Meteorological,Storm,Tropical cyclone,Hurricane Iselle,USA,United States of America,Northern America,Americas,Hawaii province,,,,95.0,Kph,,,,2014,8.0,8.0,2014,8.0,10.0,1.0,,834.0,834.0,,,66000.0,89755.0,73.5335770092672,2014-09-22,2025-12-20
2014-0314-JPN,nat-met-sto-tro,Meteorological,Storm,Tropical cyclone,Tropical storm Nakri,JPN,Japan,Eastern Asia,Asia,Kooti province,,"Flood|Slide (land, mud, snow, rock)",,,Kph,,,,2014,8.0,3.0,2014,8.0,6.0,,,4401.0,4401.0,,,,,73.5335770092672,2014-09-23,2025-12-20
2014-0385-MEX,nat-met-sto-tro,Meteorological,Storm,Tropical cyclone,Tropical storm Dolly,MEX,Mexico,Latin America and the Caribbean,Americas,"Tamaupilas, Veracruz provinces",,Rain,,75.0,Kph,,,,2014,9.0,4.0,2014,9.0,8.0,1.0,,1500.0,1500.0,,,500.0,680.0,73.5335770092672,2014-10-10,2025-12-20
2014-0392-IND,nat-met-sto-tro,Meteorological,Storm,Tropical cyclone,Cyclone Hudhud,IND,India,Southern Asia,Asia,"Vishakhapatnam, Gangavaram towns (Vishakhapatnam district, Andhra Pradesh province), Baragarh, Bolangir, Boudh, Gajapati, Ganjam, Kalahandi, Kandhamal, Khordha, Koraput, Malkangiri, Nabarangpur, Nayagarh, Nuapada, Puri, Rayagada, Sonepur districts (Orissa province), Chhattisgarh province",,Surge,,215.0,Kph,,,,2014,10.0,12.0,2014,10.0,12.0,53.0,,920000.0,920000.0,530000.0,720759.0,7000000.0,9519461.0,73.5335770092672,2014-10-14,2025-12-20
2015-0016-MDG,nat-met-sto-tro,Meteorological,Storm,Tropical cyclone,Tropical storm 'Chedza',MDG,Madagascar,Sub-Saharan Africa,Africa,"Ambatondrazaka district (Alaotra Mangoro province), Ambatofinandrahana district (Amoron I Mania province), Ambohidratrimo, Andramasina, Ankazobe, Antananarivo Avaradrano, Antananarivo Atsimondrano, Antananarivo I, Antananarivo II, Antananarivo III, Antananarivo IV, Antananarivo V; Antananarivo VI districts (Analamanga province), Maevatanana district (Betsiboka province), Ambato Boeni, Mahajanga II districts (Boeny province), Tsiroanomandidy district (Bongolava province), Ambanja district (Diana province), Ambalavao, Ambohimahasoa, Fianarantsoa I, Vohibato, Lalangina districts (Haute Matsiatra province), Soavinandriana district (Itasy province), Besalampy district (Melaky province), Belo Sur Tsiribihina, Mahabo, Miandrivazo, Morondava districts (Menabe province), Mampikony district (Sofia province) Farafangana, Vangaindrano, Vondrozo districts (Atsimo Atsinanana province), Antanifotsy distrcit (Vakinankaratra province), Ikongo, Manakara Atsimo, Mananjary, Nosy-Varika, Vohipeno districts (Vatovavy Fitovianny)",,"Flood|Slide (land, mud, snow, rock)",,,Kph,,,,2015,1.0,16.0,2015,1.0,17.0,89.0,37.0,,174007.0,,,36000.0,48899.0,73.6208029365864,2015-01-19,2025-12-20
2015-0053-AUS,nat-met-sto-tro,Meteorological,Storm,Tropical cyclone,Cyclone Lam,AUS,Australia,Australia and New Zealand,Oceania,"Northern Territory, Western Australia provinces",,,,185.0,Kph,,,,2015,2.0,20.0,2015,2.0,20.0,,,390.0,438.0,,,78000.0,105948.0,73.6208029365864,2015-02-25,2025-12-20
2015-0079-AUS,nat-met-sto-tro,Meteorological,Storm,Tropical cyclone,Cyclone 'Marcia',AUS,Australia,Australia and New Zealand,Oceania,"Queensland, New South Wales provinces",,,,210.0,Kph,,,,2015,2.0,22.0,2015,2.0,24.0,1.0,,,6000.0,396000.0,537891.0,546000.0,741638.0,73.6208029365864,2015-03-11,2025-12-20
2015-0093-TUV,nat-met-sto-tro,Meteorological,Storm,Tropical cyclone,Cyclone 'Pam',TUV,Tuvalu,Polynesia,Oceania,"Nanumea, Nanumaga, Niutao, Nui, Vaitupu, Nukufetau, Nukulaelae atolls (Tuvalu province)",,Surge,,,Kph,,,,2015,3.0,10.0,2015,3.0,11.0,,,4613.0,4613.0,,,,,73.6208029365864,2015-03-17,2023-09-25
2015-0176-JPN,nat-met-sto-tro,Meteorological,Storm,Tropical cyclone,Typhoon Noul (Dodong),JPN,Japan,Eastern Asia,Asia,"Amagityoo, Isentyoo, Kasarityoo, Nazesi, Setootityoo, Sumiyooson, Tatugootyoo, Tokunosimatyoo, Ukenson, Yamatoson districts (Kagosima province), Okinawa province",,,,180.0,Kph,,,,2015,5.0,12.0,2015,5.0,12.0,,6.0,39.0,45.0,,,23200.0,31513.0,73.6208029365864,2015-05-21,2023-09-25
2015-0252-CHN,nat-met-sto-tro,Meteorological,Storm,Tropical cyclone,Tropical storm Kujira,CHN,China,Eastern Asia,Asia,Hainan Sheng province,,Flood,,,Kph,,,,2015,6.0,22.0,2015,6.0,22.0,,,193000.0,193000.0,,,11000.0,14941.0,73.6208029365864,2015-07-15,2025-12-20
2015-0278-CHN,nat-met-sto-tro,Meteorological,Storm,Tropical cyclone,Tropical cyclone Linfa (Egay),CHN,China,Eastern Asia,Asia,Guangdong Sheng province,,,,,Kph,,,,2015,7.0,9.0,2015,7.0,9.0,,,56000.0,56000.0,,,213000.0,289320.0,73.6208029365864,2015-07-23,2025-12-20
2015-0278-PHL,nat-met-sto-tro,Meteorological,Storm,Tropical cyclone,Tropical cyclone Linfa (Egay),PHL,Philippines,South-eastern Asia,Asia,"Ilocos Norte, Ilocos Sur, La Union districts (Region I (Ilocos region) province), Palawan district (Region IV (Southern Tagalog) province), Benguet, Abra, Kalinga districts (Cordillera Administrative region (CAR) province)",,"Slide (land, mud, snow, rock)",,,Kph,,,,2015,7.0,4.0,2015,7.0,5.0,,,55567.0,55567.0,,,2218.0,3013.0,73.6208029365864,2015-07-23,2025-12-20
2015-0371-JPN,nat-met-sto-tro,Meteorological,Storm,Tropical cyclone,Typhoon Goni (Ineng),JPN,Japan,Eastern Asia,Asia,Kumamoto province,,,,198.0,Kph,,,,2015,8.0,25.0,2015,8.0,25.0,,70.0,,70.0,,,,,73.6208029365864,2015-10-26,2025-12-20
2015-0456-JPN,nat-met-sto-tro,Meteorological,Storm,Tropical cyclone,Tropical Storm Etau,JPN,Japan,Eastern Asia,Asia,"Ibaraki, Totigi, Miyagi provinces",,Flood,,,Kph,,,,2015,9.0,8.0,2015,9.0,10.0,8.0,46.0,60000.0,60046.0,250000.0,339578.0,,,73.6208029365864,2015-10-13,2025-12-20
2015-0494-SOM,nat-met-sto-tro,Meteorological,Storm,Tropical cyclone,Cyclone Megh,SOM,Somalia,Sub-Saharan Africa,Africa,Bari province,,Flood,,,Kph,,,,2015,11.0,8.0,2015,11.0,8.0,,,,,,,,,73.6208029365864,2015-11-16,2025-12-20
2015-0470-MEX,nat-met-sto-tro,Meteorological,Storm,Tropical cyclone,Hurricane Patricia,MEX,Mexico,Latin America and the Caribbean,Americas,"Manzanillo district (Colima province), Coahuila, Nuevo leon, Tamaulipas provinces",,Flood,,270.0,Kph,28.381,-101.772,,2015,10.0,22.0,2015,10.0,28.0,14.0,,15000.0,15000.0,343000.0,465901.0,823000.0,1117891.0,73.6208029365864,2015-10-26,2025-12-20
2015-0490-CHN,nat-met-sto-tro,Meteorological,Storm,Tropical cyclone,Typhoon Mujigae,CHN,China,Eastern Asia,Asia,"Guangxi Zhuangzu Zizhiqu, Guangdong Sheng, Hainan Sheng provinces",,,,,Kph,,,,2015,10.0,4.0,2015,10.0,4.0,20.0,,52500.0,78300.0,,,4200000.0,5704909.0,73.6208029365864,2015-11-09,2025-12-20
2015-0620-THA,nat-met-sto-tro,Meteorological,Storm,Tropical cyclone,Cyclone Vamco,THA,Thailand,South-eastern Asia,Asia,"Rayong (Muang, Bang Chang districts), Chonburi, Phang-nga, Chumphon, Trat, Saraburi, Ranong, Satun, Tak, Chanthaburi, Surin, Si Sa Ket, Trang, Chachoengsao, Nakhon Nayok, Krabi, Phatthlung, Nakhon Si Thammarat, Prachuap Khiri Khan, Prachinburi, Surat Thani, Phetchaburi (Ban Laem district), Sa Kaeo Provinces",,Flood,,65.0,Kph,,,,2015,9.0,15.0,2015,9.0,21.0,3.0,,1440.0,1440.0,,,561.0,762.0,73.6208029365864,2018-05-24,2025-12-20
2016-0256-CHN,nat-met-sto-tro,Meteorological,Storm,Tropical cyclone,Typhoon Butchoy (Nepartak),CHN,China,Eastern Asia,Asia,Fujian Sheng province,,Flood,,,Kph,,,,2016,7.0,9.0,2016,7.0,9.0,69.0,,,24900.0,,,1511160.0,2027053.0,74.5496029864344,2016-08-02,2025-12-20
2016-0284-HND,nat-met-sto-tro,Meteorological,Storm,Tropical cyclone,Tropical storm 'Earl',HND,Honduras,Latin America and the Caribbean,Americas,"Islas De Bahía, Colon, Gracias A Dios, Cortés",,,,,Kph,,,,2016,8.0,6.0,2016,8.0,6.0,1.0,,151.0,151.0,,,,,74.5496029864344,2016-08-17,2025-12-20
2016-0256-PHL,nat-met-sto-tro,Meteorological,Storm,Tropical cyclone,Typhoon Butchoy (Nepartak),PHL,Philippines,South-eastern Asia,Asia,"Zambales, Battan (Region III); Rizal, Batangas (Region IV)",,,,,Kph,,,,2016,7.0,8.0,2016,7.0,8.0,2.0,2.0,3357.0,3359.0,,,,,74.5496029864344,2016-12-14,2025-12-20
2016-0284-BLZ,nat-met-sto-tro,Meteorological,Storm,Tropical cyclone,Tropical storm 'Earl',BLZ,Belize,Latin America and the Caribbean,Americas,"San Pedro, Caye Caulker, Belize city, Ladyville, (Belize province), Orange Walk province, Belmopan (Cayo province)",,,,110.0,Kph,,,,2016,8.0,4.0,2016,8.0,4.0,,,10355.0,10355.0,,,,,74.5496029864344,2016-08-10,2025-12-20
2016-0364-CHN,nat-met-sto-tro,Meteorological,Storm,Tropical cyclone,Typhoon Lawin (Haima),CHN,China,Eastern Asia,Asia,Guangdong Sheng province,,,,,Kph,,,,2016,10.0,19.0,2016,10.0,21.0,,,12000.0,12000.0,,,,,74.5496029864344,2016-11-16,2025-12-20
2016-0284-MEX,nat-met-sto-tro,Meteorological,Storm,Tropical cyclone,Tropical storm 'Earl',MEX,Mexico,Latin America and the Caribbean,Americas,"Puebla, Veracruz provinces",,"Flood|Slide (land, mud, snow, rock)",,,Kph,,,,2016,8.0,6.0,2016,8.0,7.0,54.0,,11000.0,11000.0,,,,,74.5496029864344,2016-08-10,2025-12-20
2016-0322-USA,nat-met-sto-tro,Meteorological,Storm,Tropical cyclone,Hurricane Hermine,USA,United States of America,Northern America,Americas,"Georgia, Florida, South Carolina, New York, New Jersey; Cedar Key, Florida, Aurora (North Carolina); Virginia Tidewater region",,Flood|Surge,,85.0,Kph,,,,2016,9.0,1.0,2016,9.0,6.0,3.0,,13500.0,14070.0,270000.0,362175.0,600000.0,804833.0,74.5496029864344,2016-09-14,2025-12-20
2016-0350-CHN,nat-met-sto-tro,Meteorological,Storm,Tropical cyclone,Typhoon Megi,CHN,China,Eastern Asia,Asia,"Quanzhou district (Fujian Sheng province), Sucun village (Quzhou district, Zhejiang Sheng province), Baofeng village (Lishui district, Zhejiang Sheng province)",,"Slide (land, mud, snow, rock)",,119.0,Kph,,,,2016,9.0,28.0,2016,9.0,28.0,35.0,,36000.0,36000.0,,,830000.0,1113353.0,74.5496029864344,2016-11-14,2025-12-20
2016-0355-BHS,nat-met-sto-tro,Meteorological,Storm,Tropical cyclone,Hurricane 'Matthew',BHS,Bahamas,Latin America and the Caribbean,Americas,"New Providence, Nassau",,Flood,,,Kph,,,,2016,9.0,28.0,2016,10.0,10.0,,,,,,,600000.0,804833.0,74.5496029864344,2016-11-15,2024-04-09
2016-0355-HTI,nat-met-sto-tro,Meteorological,Storm,Tropical cyclone,Hurricane 'Matthew',HTI,Haiti,Latin America and the Caribbean,Americas,"Grand’Anse (Jérémie), South (Les Cayes, Les Anglais and Tiburon municipalities), Nippes, South East, West (Leogane, Port-au-Prince) and North West departments, Les Cayes",,,,,Kph,,,,2016,9.0,28.0,2016,10.0,7.0,546.0,439.0,2100000.0,2100439.0,,,2000000.0,2682778.0,74.5496029864344,2016-11-15,2025-12-20
2016-0355-LCA,nat-met-sto-tro,Meteorological,Storm,Tropical cyclone,Hurricane 'Matthew',LCA,Saint Lucia,Latin America and the Caribbean,Americas,"Gros-Islet (Region Number 1 province), Castries, Bexon, Marc, (Region Number 8 province), Dennery (Region Number 3 province), Laborie, Vieux- Fort (Region Number 5 province), Micoud (Region Number 4 province), Choiseul (Region Number 6 province)",,Flood,,,Kph,,,,2016,9.0,28.0,2016,9.0,28.0,,,25000.0,25000.0,,,,,74.5496029864344,2016-11-17,2025-12-20
2016-0382-JPN,nat-met-sto-tro,Meteorological,Storm,Tropical cyclone,Tropical storm Mindulle,JPN,Japan,Eastern Asia,Asia,"Saitama, Hokkaidoo, Tookyoo, Tiba provinces",,"Slide (land, mud, snow, rock)",,,Kph,,,,2016,8.0,22.0,2016,8.0,22.0,2.0,70.0,3633.0,3703.0,,,100000.0,134139.0,74.5496029864344,2016-11-17,2025-12-20
2016-0433-CRI,nat-met-sto-tro,Meteorological,Storm,Tropical cyclone,Tropical storm Otto,CRI,Costa Rica,Latin America and the Caribbean,Americas,"Upala, Bagaces, Osa, Golfito, Corredones",,Flood,,175.0,Kph,,,,2016,11.0,23.0,2016,11.0,25.0,9.0,,50000.0,50000.0,,,,,74.5496029864344,2016-11-23,2025-12-20
2016-0456-PHL,nat-met-sto-tro,Meteorological,Storm,Tropical cyclone,Tropical storm Marce (Tokage),PHL,Philippines,South-eastern Asia,Asia,"Romblon, Mindoro Oriental (Region IV (Southern Tagalog) province), Antique, Capiz, Aklan, Iloilo (Region VI (Western Visayas) province), Leyte (Region VIII (Eastern Visayas) province), Surigao del Sur, Surigao del Norte, Dinagat (Region XIII (Caraga) province)",,"Slide (land, mud, snow, rock)",,55.0,Kph,,,,2016,11.0,23.0,2016,11.0,25.0,,,14309.0,14309.0,,,,,74.5496029864344,2016-11-29,2025-12-20
2016-0485-IND,nat-met-sto-tro,Meteorological,Storm,Tropical cyclone,Cyclone 'Vardah',IND,India,Southern Asia,Asia,Chennai district (Tamil Nadu province); Andhra Pradesh,,Flood,,140.0,Kph,,,,2016,12.0,12.0,2016,12.0,14.0,24.0,,,,200000.0,268278.0,1000000.0,1341389.0,74.5496029864344,2016-12-13,2025-12-20
2017-0352-VNM,nat-met-sto-tro,Meteorological,Storm,Tropical cyclone,Typhoon 'Hato',VNM,Viet Nam,South-eastern Asia,Asia,Lao Cai (Sa Pa district),,,,,Kph,,,,2017,8.0,24.0,2017,8.0,24.0,1.0,1.0,,1.0,,,1430000.0,1878178.0,76.1376037057766,2018-03-05,2025-12-20
2017-0051-MOZ,nat-met-sto-tro,Meteorological,Storm,Tropical cyclone,Cyclone 'Dineo',MOZ,Mozambique,Sub-Saharan Africa,Africa,"Vilankulo, Massinga, Maxixe, Jangamo, Morrumbene Inhambane City, Funhalouro, Homoine, Jangamo, Inharrime, Panda, Zavala (Inhambane province); Chibuto, Guja, Chokwe districts (Gaza province)",,Flood,,100.0,Kph,,,,2017,2.0,15.0,2017,2.0,15.0,7.0,102.0,750000.0,750102.0,,,17000.0,22328.0,76.1376037057766,2017-03-01,2025-12-20
2017-0142-PHL,nat-met-sto-tro,Meteorological,Storm,Tropical cyclone,Tropical depression 02W (Crising),PHL,Philippines,South-eastern Asia,Asia,"Cebu Isl. (Carmen, Danao City)",,,,,Kph,,,,2017,4.0,15.0,2017,4.0,15.0,10.0,10.0,850.0,860.0,,,2000.0,2627.0,76.1376037057766,2017-05-18,2025-12-20
2017-0152-BGD,nat-met-sto-tro,Meteorological,Storm,Tropical cyclone,Cyclone Mora,BGD,Bangladesh,Southern Asia,Asia,"Swandip, Anwara, Lohogara, Bashkhali, Sitakunda, Mirsarai, Chandanaish, Karnaphuli Thana (Chittagong district); Cohokoria, Teknaf, Moheshkhali, Kutubdia, Pekua, Ramu, Ukhiya, Shah Parir Dwip, Saint Martin’s island (Cox's Bazar district); Rangamati district (All upazillas); Nikonchori (Bandarban district); Bhola district. Khagrachhari, Feni, Noakhali districts",,,,135.0,Kph,,,,2017,5.0,30.0,2017,5.0,30.0,7.0,12.0,3300000.0,3300012.0,,,,,76.1376037057766,2017-06-01,2025-12-20
2017-0281-VNM,nat-met-sto-tro,Meteorological,Storm,Tropical cyclone,Tropical Storm Talas,VNM,Viet Nam,South-eastern Asia,Asia,"Thanh Hoa, Nghe An (Hon Ngu beach, Cua Lo district), Ha Tinh, Ha Noi city (Nhà Xanh Market in Câu Giây District)",,,,95.0,Kph,,,,2017,7.0,17.0,2017,7.0,18.0,9.0,,21000.0,21000.0,,,71000.0,93252.0,76.1376037057766,2017-07-26,2025-12-20
2017-0326-TWN,nat-met-sto-tro,Meteorological,Storm,Tropical cyclone,Typhoon Nesat & Haitang,TWN,Taiwan (Province of China),Eastern Asia,Asia,"Kaohsiung City, New Taipei City",,Flood,,150.0,Kph,,,,2017,7.0,29.0,2017,7.0,31.0,1.0,131.0,,131.0,,,17200.0,22591.0,76.1376037057766,2017-08-07,2025-12-20
2017-0381-BLM,nat-met-sto-tro,Meteorological,Storm,Tropical cyclone,Hurricane 'Irma',BLM,Saint Barthélemy,Latin America and the Caribbean,Americas,,,Flood,,,Kph,,,,2017,9.0,8.0,2017,9.0,9.0,4.0,,,,1048800.0,1377506.0,,,76.1376037057766,2017-09-21,2025-06-25
2017-0381-BRB,nat-met-sto-tro,Meteorological,Storm,Tropical cyclone,Hurricane 'Irma',BRB,Barbados,Latin America and the Caribbean,Americas,"St. David's Christ Church, Weston St. James, Cattlewash St Joseph",,,,,Kph,,,,2017,9.0,8.0,2017,9.0,9.0,1.0,,,,,,,,76.1376037057766,2018-03-07,2025-06-25
2017-0381-HTI,nat-met-sto-tro,Meteorological,Storm,Tropical cyclone,Hurricane 'Irma',HTI,Haiti,Latin America and the Caribbean,Americas,"Caracol (Trou du Nord), Feroer, Malfety (Fort Liberte), Ouanaminthe, Cap Haitien; Port de Paix, St. Louis de Nord, Anse-a-Foleur, Jean Rabel, Baie-de-Henne, Detipotpe, Ile de la Tortue, Bassin Blue, Chansolme, Mole St. Nicolas which were supported",,Flood,,,Kph,,,,2017,9.0,7.0,2017,9.0,8.0,1.0,17.0,40075.0,40092.0,162.0,213.0,,,76.1376037057766,2017-09-08,2025-06-25
2017-0381-PRI,nat-met-sto-tro,Meteorological,Storm,Tropical cyclone,Hurricane 'Irma',PRI,Puerto Rico,Latin America and the Caribbean,Americas,North. Culebra and Vieques Islands,,Flood,,,Kph,,,,2017,9.0,6.0,2017,9.0,7.0,2.0,,,,,,,,76.1376037057766,2017-09-08,2025-12-20
2017-0381-TCA,nat-met-sto-tro,Meteorological,Storm,Tropical cyclone,Hurricane 'Irma',TCA,Turks and Caicos Islands,Latin America and the Caribbean,Americas,"South Caicos, Salt Cay, Grand Turks, Provo (Five keys)",,Flood,,,Kph,,,,2017,9.0,8.0,2017,9.0,9.0,,,,,14900.0,19570.0,500000.0,656706.0,76.1376037057766,2017-09-12,2025-12-20
2017-0381-VGB,nat-met-sto-tro,Meteorological,Storm,Tropical cyclone,Hurricane 'Irma',VGB,British Virgin Islands,Latin America and the Caribbean,Americas,"Anagoda, Tortola, Necker Island (Virgin Gorda)",,,,,Kph,,,,2017,9.0,8.0,2017,9.0,9.0,9.0,,,,,,3000000.0,3940234.0,76.1376037057766,2017-09-12,2025-12-20
2017-0383-DMA,nat-met-sto-tro,Meteorological,Storm,Tropical cyclone,Hurricane 'Maria',DMA,Dominica,Latin America and the Caribbean,Americas,All island,,"Flood|Slide (land, mud, snow, rock)",,260.0,Kph,,,,2017,9.0,18.0,2017,9.0,19.0,64.0,100.0,71293.0,71393.0,19300.0,25349.0,1456000.0,1912327.0,76.1376037057766,2017-09-19,2025-12-20
2017-0383-HTI,nat-met-sto-tro,Meteorological,Storm,Tropical cyclone,Hurricane 'Maria',HTI,Haiti,Latin America and the Caribbean,Americas,"Limbe, Cornillon (Croix des Bouquets), Saint Marc (Bocozel), Grand Saline (Artibonite), Saint Rafael (North)",,Flood|Lightening,,,Kph,,,Artibonite,2017,9.0,21.0,2017,9.0,21.0,3.0,,,,,,,,76.1376037057766,2017-09-22,2025-12-20
2017-0406-VNM,nat-met-sto-tro,Meteorological,Storm,Tropical cyclone,Typhoon 'Doksuri',VNM,Viet Nam,South-eastern Asia,Asia,"Nghe An, Ha Tinh, Thanh Hoa, Quang Binh, Quang Tri, Thua Thien-Hue, Hoa Binh",,,,185.0,Kph,,,,2017,9.0,15.0,2017,9.0,16.0,14.0,112.0,691900.0,692012.0,,,484000.0,635691.0,76.1376037057766,2017-10-05,2025-12-20
2017-0410-COL,nat-met-sto-tro,Meteorological,Storm,Tropical cyclone,Tropical depression'16/Hurricane 'Nate',COL,Colombia,Latin America and the Caribbean,Americas,"San Andres, Providencia and Santa Catalina",,Flood,,,Kph,,,,2017,10.0,4.0,2017,10.0,4.0,,,,,,,,,76.1376037057766,2017-10-09,2023-09-25
2017-0410-PAN,nat-met-sto-tro,Meteorological,Storm,Tropical cyclone,Tropical depression'16/Hurricane 'Nate',PAN,Panama,Latin America and the Caribbean,Americas,"Ngäbe-Buglé, Veraguas and Chiriqui, Panama Bay, Panama West, Cerro Hacha",,"Slide (land, mud, snow, rock)",,,Kph,,,"Cobre, Tribique, San Pablo, Tabasará, Santamaría, El Pavo, La Playita, and Quebro i; the rivers Punta Peña, Changuinola, and Sixaola in Bocas del Toro; Fonseca, Chiriquí Viejo, Cobre, Caldera, Risacua",2017,10.0,6.0,2017,10.0,6.0,7.0,,12000.0,12000.0,,,,,76.1376037057766,2017-11-23,2025-12-20
2017-0410-SLV,nat-met-sto-tro,Meteorological,Storm,Tropical cyclone,Tropical depression'16/Hurricane 'Nate',SLV,El Salvador,Latin America and the Caribbean,Americas,"Chalatenango, La Libertad",,"Slide (land, mud, snow, rock)",,,Kph,,,,2017,10.0,5.0,2017,10.0,6.0,10.0,4.0,530.0,584.0,,,,,76.1376037057766,2017-10-09,2025-12-20
2018-0101-FJI,nat-met-sto-tro,Meteorological,Storm,Tropical cyclone,Cyclone 'Josie',FJI,Fiji,Melanesia,Oceania,Nadi,,Flood,,100.0,Kph,,,,2018,4.0,2.0,2018,4.0,2.0,7.0,,89950.0,89950.0,,,10000.0,12821.0,77.9972651879547,2018-04-03,2025-12-20
2017-0422-VNM,nat-met-sto-tro,Meteorological,Storm,Tropical cyclone,Typhoon 'Damrey' / 'Ramil',VNM,Viet Nam,South-eastern Asia,Asia,"Khanh Hoa, Phu Yên, Binh Dinh, Dak Lak, Gia Lai, Dak Nông, Lâm Dông, Quang Nam, Quang Ngai, Kon Tum",,Flood,,130.0,Kph,,,,2017,11.0,4.0,2017,11.0,5.0,123.0,,4330000.0,4330000.0,,,1000000.0,1313411.0,76.1376037057766,2017-11-06,2025-12-20
2017-0432-JPN,nat-met-sto-tro,Meteorological,Storm,Tropical cyclone,Typhoon 'Lan'/'Paolo',JPN,Japan,Eastern Asia,Asia,"Honshu Island: Fukuoka, Mie, Osaka, Toyama, Wakayama, Ibaraki, Nagano, Hokkaido",,"Flood|Slide (land, mud, snow, rock)",,216.0,Kph,,,,2017,10.0,22.0,2017,10.0,22.0,8.0,210.0,18600.0,18810.0,,,1000000.0,1313411.0,76.1376037057766,2017-11-06,2025-12-20
2017-0468-JPN,nat-met-sto-tro,Meteorological,Storm,Tropical cyclone,Typhoon 'Talim',JPN,Japan,Eastern Asia,Asia,"Oita (Bungo-ono), Kagawa (Mitoyo city), Okayama, Ehime, Kochi, Kyoto, Miyazaki, Hyogo",,"Flood|Slide (land, mud, snow, rock)",,160.0,Kph,,,,2017,9.0,17.0,2017,9.0,19.0,2.0,56.0,21600.0,21656.0,330000.0,433426.0,500000.0,656706.0,76.1376037057766,2017-11-22,2025-12-20
2017-0508-LKA,nat-met-sto-tro,Meteorological,Storm,Tropical cyclone,Cyclone 'Ockhi',LKA,Sri Lanka,Southern Asia,Asia,"Galle, Matara (Southern), Colombo, Badulla (Uva), Gampaha, Kalutara (Western), Nuwara Eliya (Central)",,"Flood|Slide (land, mud, snow, rock)",,130.0,Kph,,,"Nilwala, Gin, and Kalu Rivers",2017,11.0,29.0,2017,12.0,1.0,27.0,77.0,160000.0,160077.0,,,346000.0,454440.0,76.1376037057766,2017-12-04,2025-12-20
2018-0042-WSM,nat-met-sto-tro,Meteorological,Storm,Tropical cyclone,Cyclone Gita,WSM,Samoa,Polynesia,Oceania,,,Flood,,,Kph,,,,2018,2.0,12.0,2018,2.0,12.0,,,,,,,,,77.9972651879547,2018-02-20,2025-12-20
2018-0086-MDG,nat-met-sto-tro,Meteorological,Storm,Tropical cyclone,Tropical storm 'Eliakim',MDG,Madagascar,Sub-Saharan Africa,Africa,"Mandritsara, Soanierana Ivongo, Masoala, SAVA, Analanjirofo, Sofia,Alaotra Mangoro, Antsinana, Diana, Vatovavy Fitovinany regions",,Flood,,105.0,Kph,,,,2018,3.0,14.0,2018,3.0,20.0,21.0,,50872.0,50872.0,,,,,77.9972651879547,2018-03-19,2025-12-20
2018-0177-OMN,nat-met-sto-tro,Meteorological,Storm,Tropical cyclone,Cyclone 'Mekunu',OMN,Oman,Western Asia,Asia,,,Flood,,,Kph,,,,2018,5.0,23.0,2018,5.0,23.0,6.0,,,,,,,,77.9972651879547,2018-07-03,2025-12-20
2018-0177-YEM,nat-met-sto-tro,Meteorological,Storm,Tropical cyclone,Cyclone 'Mekunu',YEM,Yemen,Western Asia,Asia,Socotra Isl.,,Flood,,,Kph,,,,2018,5.0,23.0,2018,5.0,23.0,24.0,,750.0,750.0,,,,,77.9972651879547,2018-07-03,2025-12-20
2023-0079-NZL,nat-met-sto-tro,Meteorological,Storm,Tropical cyclone,Cyclone 'Gabrielle',NZL,New Zealand,Australia and New Zealand,Oceania,"Northland, Auckland, Tairawhiti, Bay of Plenty, Waikato, and Hawkes Bay",,"Flood|Slide (land, mud, snow, rock)",,140.0,Kph,,,,2023,2.0,11.0,2023,2.0,17.0,11.0,,10500.0,10500.0,1900000.0,2007510.0,2800000.0,2958435.0,94.6446220103845,2023-02-13,2024-01-16
2018-0280-DOM,nat-met-sto-tro,Meteorological,Storm,Tropical cyclone,Hurricane 'Beryl',DOM,Dominican Republic,Latin America and the Caribbean,Americas,San Cristóbal and Santo Domingo provinces,,,,,Kph,,,,2018,7.0,9.0,2018,7.0,11.0,,,,8000.0,,,,,77.9972651879547,2018-08-09,2025-12-20
2018-0280-PRI,nat-met-sto-tro,Meteorological,Storm,Tropical cyclone,Hurricane 'Beryl',PRI,Puerto Rico,Latin America and the Caribbean,Americas,,,"Flood|Slide (land, mud, snow, rock)",,,Kph,,,,2018,7.0,9.0,2018,7.0,11.0,,,,,,,,,77.9972651879547,2018-08-09,2025-12-20
2018-0285-CHN,nat-met-sto-tro,Meteorological,Storm,Tropical cyclone,Typhoon 'Maria' (Gardo),CHN,China,Eastern Asia,Asia,Fujian province,,Flood,,,Kph,,,,2018,7.0,10.0,2018,7.0,11.0,,,45000.0,45000.0,,,490000.0,628227.0,77.9972651879547,2018-08-09,2025-12-20
2018-0305-LAO,nat-met-sto-tro,Meteorological,Storm,Tropical cyclone,Typhoon 'Bebinca',LAO,Lao People's Democratic Republic,South-eastern Asia,Asia,"Attapeu, Khammouane, Savannakhet, Champasak and Oudomxay",,Flood,,,Kph,,,,2018,8.0,13.0,2018,8.0,16.0,,,615145.0,615145.0,,,225000.0,288472.0,77.9972651879547,2018-11-07,2025-12-20
2018-0347-CHN,nat-met-sto-tro,Meteorological,Storm,Tropical cyclone,Tropical Storm Yagi,CHN,China,Eastern Asia,Asia,"Zhejiang, Anhui, Jiangsu, Shandong provinces",,Flood,,,Kph,,,,2018,8.0,12.0,2018,8.0,12.0,3.0,,2400.0,2400.0,,,367000.0,470529.0,77.9972651879547,2018-09-19,2025-12-20
2018-0348-CHN,nat-met-sto-tro,Meteorological,Storm,Tropical cyclone,Tropical storm Rumbia,CHN,China,Eastern Asia,Asia,"Shanghai, Jiangsu, Zhejiang, Anhui, Shandong, Henan",,Flood,,,Kph,,,,2018,8.0,15.0,2018,8.0,17.0,53.0,,39600.0,39600.0,,,5400000.0,6923320.0,77.9972651879547,2018-09-19,2025-12-20
2018-0353-JPN,nat-met-sto-tro,Meteorological,Storm,Tropical cyclone,Typhoon Trami,JPN,Japan,Eastern Asia,Asia,"Tokyo, Okinawa, Wakayama",,Flood,,216.0,Kph,,,,2018,9.0,28.0,2018,10.0,1.0,4.0,200.0,18000.0,18200.0,,,4500000.0,5769433.0,77.9972651879547,2018-10-02,2025-12-20
2018-0376-PRT,nat-met-sto-tro,Meteorological,Storm,Tropical cyclone,Storm 'Leslie',PRT,Portugal,Southern Europe,Europe,"Coimbra, Leiria dsitricts",,,,190.0,Kph,,,,2018,10.0,13.0,2018,10.0,13.0,2.0,28.0,60.0,88.0,60000.0,76926.0,115500.0,148082.0,77.9972651879547,2018-10-15,2025-12-20
2018-0399-MNP,nat-met-sto-tro,Meteorological,Storm,Tropical cyclone,Typhoon 'Yutu' (Rosita),MNP,Northern Mariana Islands,Micronesia,Oceania,"Tinian, Saipan",,,,290.0,Kph,,,,2018,10.0,25.0,2018,10.0,25.0,2.0,,,,,,,,77.9972651879547,2018-11-26,2025-12-20
2018-0421-MEX,nat-met-sto-tro,Meteorological,Storm,Tropical cyclone,Tropical storm 'Vicente',MEX,Mexico,Latin America and the Caribbean,Americas,Michoacán and Oaxaca,,Flood,,,Kph,,,,2018,10.0,19.0,2018,10.0,23.0,14.0,,,,,,7005.0,8981.0,77.9972651879547,2018-11-19,2025-12-20
2018-0431-IND,nat-met-sto-tro,Meteorological,Storm,Tropical cyclone,Cyclone 'Gaja',IND,India,Southern Asia,Asia,"Tamil Nadu, Nagapattinam, Tiruvarur, Thanjavur, Pudukottai, Dindigul and Ramnad, Chennai, Sivaganga, Theni, Madurai districts",,,,120.0,Kph,,,,2018,11.0,16.0,2018,11.0,16.0,45.0,,500000.0,500000.0,,,775000.0,993625.0,77.9972651879547,2018-11-27,2025-12-20
2019-0472-CHN,nat-met-sto-tro,Meteorological,Storm,Tropical cyclone,Tropical cyclone 'Mitag',CHN,China,Eastern Asia,Asia,Zhoushan,,,,,Kph,,,,2019,10.0,2.0,2019,10.0,2.0,3.0,,,,,,263000.0,331189.0,79.4107846043372,2019-11-08,2023-09-25
2018-0455-PHL,nat-met-sto-tro,Meteorological,Storm,Tropical cyclone,Tropical depression 'Usman',PHL,Philippines,South-eastern Asia,Asia,"Regions IV-A (Calabarzon), IV-B (Mimaropa), V (Bicol), and VIII (Eastern Visayas)",,"Flood|Slide (land, mud, snow, rock)",,,Kph,,,,2018,12.0,28.0,2018,12.0,31.0,182.0,105.0,1015958.0,1016063.0,,,106753.0,136868.0,77.9972651879547,2019-01-02,2025-12-20
2019-0110-MOZ,nat-met-sto-tro,Meteorological,Storm,Tropical cyclone,Cyclone 'Idai',MOZ,Mozambique,Sub-Saharan Africa,Africa,"Beira (Sofala province); Zambezia, Manica and Inhambane provinces",,"Slide (land, mud, snow, rock)",,140.0,Kph,,,,2019,3.0,14.0,2019,3.0,15.0,603.0,1500.0,1500000.0,1501500.0,150000.0,188891.0,2000000.0,2518550.0,79.4107846043372,2019-03-18,2025-12-20
2023-0095-MUS,nat-met-sto-tro,Meteorological,Storm,Tropical cyclone,Tropical cyclone 'Freddy',MUS,Mauritius,Sub-Saharan Africa,Africa,,,,,,Kph,,,,2023,2.0,21.0,2023,2.0,22.0,1.0,,2500.0,2500.0,,,,,94.6446220103845,2023-02-22,2023-09-26
2019-0335-USA,nat-met-sto-tro,Meteorological,Storm,Tropical cyclone,Tropical cylone 'Barry',USA,United States of America,Northern America,Americas,"Louisiana, Mississippi, Arkansas, Oklahoma, Great Lakes region",,,,,Kph,,,,2019,7.0,13.0,2019,7.0,15.0,1.0,,,,300000.0,377782.0,600000.0,755565.0,79.4107846043372,2019-07-15,2025-12-20
2019-0387-CHN,nat-met-sto-tro,Meteorological,Storm,Tropical cyclone,Tropical cyclone Lekima (Hanna),CHN,China,Eastern Asia,Asia,Zhejiang and Shandong provinces,,"Flood|Slide (land, mud, snow, rock)",,175.0,Kph,,,,2019,8.0,10.0,2019,8.0,12.0,72.0,,108000.0,108000.0,,,10000000.0,12592748.0,79.4107846043372,2019-08-16,2025-12-20
2019-0387-TWN,nat-met-sto-tro,Meteorological,Storm,Tropical cyclone,Tropical cyclone Lekima (Hanna),TWN,Taiwan (Province of China),Eastern Asia,Asia,,,,,175.0,Kph,,,,2019,8.0,10.0,2019,8.0,10.0,2.0,,,,,,,,79.4107846043372,2019-10-01,2025-12-20
2019-0424-KOR,nat-met-sto-tro,Meteorological,Storm,Tropical cyclone,Tropical cyclone 'Lingling',KOR,Republic of Korea,Eastern Asia,Asia,Jeju,,,,,Kph,,,,2019,9.0,6.0,2019,9.0,7.0,3.0,33.0,38.0,71.0,,,,,79.4107846043372,2019-09-20,2025-12-20
2019-0424-PRK,nat-met-sto-tro,Meteorological,Storm,Tropical cyclone,Tropical cyclone 'Lingling',PRK,Democratic People's Republic of Korea,Eastern Asia,Asia,"Yonggwang, Yodok, Jangjin Counties; Tanchon City (South Hamgyong Province)",,,,,Kph,,,,2019,9.0,6.0,2019,9.0,7.0,5.0,,5300000.0,5300000.0,,,24000.0,30223.0,79.4107846043372,2019-09-20,2025-12-20
2023-0095-REU,nat-met-sto-tro,Meteorological,Storm,Tropical cyclone,Tropical cyclone 'Freddy',REU,Réunion,Sub-Saharan Africa,Africa,,,"Slide (land, mud, snow, rock)",,,Kph,,,,2023,2.0,21.0,2023,2.0,21.0,,,25000.0,25000.0,,,,,94.6446220103845,2023-02-22,2023-09-26
2023-0095-ZWE,nat-met-sto-tro,Meteorological,Storm,Tropical cyclone,Tropical cyclone 'Freddy',ZWE,Zimbabwe,Sub-Saharan Africa,Africa,,,,,,Kph,,,,2023,2.0,24.0,2023,3.0,8.0,2.0,,,,,,,,94.6446220103845,2023-03-06,2023-09-26
2019-0519-MEX,nat-met-sto-tro,Meteorological,Storm,Tropical cyclone,Tropical storm 'Fernand',MEX,Mexico,Latin America and the Caribbean,Americas,"Coahuila, Nuevo León, Tamaulipas, San Luis Potosí states",,Flood,,,Kph,,,,2019,9.0,5.0,2019,9.0,6.0,1.0,,,,25000.0,31482.0,383000.0,482302.0,79.4107846043372,2019-10-28,2025-12-20
2019-0534-VNM,nat-met-sto-tro,Meteorological,Storm,Tropical cyclone,Typhoon 'Matmo',VNM,Viet Nam,South-eastern Asia,Asia,"Quang Ngai, Binh Dinh, Phu Yen, Gia Lai, Thua Thien Hue province",,"Flood|Slide (land, mud, snow, rock)",,,Kph,,,,2019,11.0,3.0,2019,11.0,3.0,1.0,14.0,20000.0,20014.0,,,,,79.4107846043372,2019-11-05,2025-12-20
2019-0550-BGD,nat-met-sto-tro,Meteorological,Storm,Tropical cyclone,Tropical cyclone 'Bulbul',BGD,Bangladesh,Southern Asia,Asia,"Satkhira, Khulna, Bhola, Bagerhat,Patuakhlai, Barguna, Pirojpur districts",,,,130.0,Kph,,,,2019,11.0,9.0,2019,11.0,10.0,40.0,71.0,251435.0,251506.0,,,5785.0,7285.0,79.4107846043372,2019-11-19,2025-12-20
2019-0634-PHL,nat-met-sto-tro,Meteorological,Storm,Tropical cyclone,Tropical cyclone 'Phanfone' (Ursula),PHL,Philippines,South-eastern Asia,Asia,"Salcedo, Eastern Samar; Tacloban City, Leyte; Gigantes Islands, Carles, Iloilo; Ibajay, Aklan; Semirara Island, Caluya, Antique; Bulalacao, Oriental Mindoro; Cabucgayan, Biliran; Cagayan Valley, Cordillera Administrative Region",,"Flood|Slide (land, mud, snow, rock)",,150.0,Kph,,,,2019,12.0,24.0,2019,12.0,28.0,63.0,369.0,3296877.0,3297246.0,,,15722.0,19798.0,79.4107846043372,2020-01-03,2025-12-20
2020-0103-MDG,nat-met-sto-tro,Meteorological,Storm,Tropical cyclone,Cyclone 'Herold',MDG,Madagascar,Sub-Saharan Africa,Africa,"Sava region, Maroantsetra (Analanjirofo), Antalaha (Sava)",,Flood,,148.0,Kph,-14.488,48.767,,2020,3.0,13.0,2020,3.0,17.0,4.0,,3200.0,3200.0,,,,,80.3903830082114,2020-03-17,2025-12-20
2020-0132-FJI,nat-met-sto-tro,Meteorological,Storm,Tropical cyclone,Cyclone 'Harold',FJI,Fiji,Melanesia,Oceania,"Kadavvu, Southern Lau, Matuku, Vatulele",,,,,Kph,,,,2020,4.0,8.0,2020,4.0,9.0,1.0,,180000.0,180000.0,,,13000.0,16171.0,80.3903830082114,2020-04-16,2025-12-20
2020-0211-BGD,nat-met-sto-tro,Meteorological,Storm,Tropical cyclone,Cyclone 'Amphan',BGD,Bangladesh,Southern Asia,Asia,"Cox's Bazar; Satkhira, Jashore, Khulna, Barguna, Bagerhat, Patuakhali, Bhola, Pirojpur districts",,,,,Kph,,,,2020,5.0,20.0,2020,5.0,20.0,26.0,,2600000.0,2600000.0,,,1500000.0,1865895.0,80.3903830082114,2020-05-27,2025-12-20
2020-0211-IND,nat-met-sto-tro,Meteorological,Storm,Tropical cyclone,Cyclone 'Amphan',IND,India,Southern Asia,Asia,"Balasore (Baleshwar) , Bhadrak, Kendrapada and Jagatsinghpur (Odisha); East Midunapur, West Midhunapur, North24 Parganas, South24 Parganas, Nadia, Howrah, Kolkata and Hoogli (West Bengal)",,,,185.0,Kph,,,,2020,5.0,20.0,2020,5.0,20.0,90.0,,18000000.0,18000000.0,,,13500000.0,16793053.0,80.3903830082114,2020-05-27,2025-12-20
2020-0211-LKA,nat-met-sto-tro,Meteorological,Storm,Tropical cyclone,Cyclone 'Amphan',LKA,Sri Lanka,Southern Asia,Asia,"Ratnapura district, Kegalle, Kottampitiya (Kegalle), Pelmadulla (Ratnapura), Polonnaruwa",,,,,Kph,,,,2020,5.0,17.0,2020,5.0,20.0,4.0,,1100.0,1100.0,,,,,80.3903830082114,2020-06-11,2025-12-20
2020-0217-IND,nat-met-sto-tro,Meteorological,Storm,Tropical cyclone,Cyclone 'Nisarga',IND,India,Southern Asia,Asia,"Raigad, Pune Districts (Maharashtra State)",,,,120.0,Kph,,,,2020,6.0,3.0,2020,6.0,3.0,6.0,,7500.0,7500.0,,,820000.0,1020023.0,80.3903830082114,2020-06-05,2025-12-20
2020-0218-GTM,nat-met-sto-tro,Meteorological,Storm,Tropical cyclone,Tropical storm 'Amanda',GTM,Guatemala,Latin America and the Caribbean,Americas,"Chiquimula, El Progreso, Jalapa, Jutiapa, Santa Rosa",,"Slide (land, mud, snow, rock)",,,Kph,,,,2020,5.0,30.0,2020,5.0,31.0,2.0,,306000.0,306886.0,,,,,80.3903830082114,2020-06-05,2025-12-20
2020-0218-SLV,nat-met-sto-tro,Meteorological,Storm,Tropical cyclone,Tropical storm 'Amanda',SLV,El Salvador,Latin America and the Caribbean,Americas,"La Libertad, Santa Ana, San Salvador",,"Flood|Slide (land, mud, snow, rock)",,,Kph,,,,2020,5.0,31.0,2020,5.0,31.0,32.0,,149840.0,149840.0,,,220000.0,273665.0,80.3903830082114,2020-06-05,2025-12-20
2020-0307-LAO,nat-met-sto-tro,Meteorological,Storm,Tropical cyclone,Tropical cyclone 'Sinlaku',LAO,Lao People's Democratic Republic,South-eastern Asia,Asia,Xayaboury Province,,,,75.0,Kph,,,,2020,8.0,1.0,2020,8.0,3.0,,,1000.0,1000.0,,,,,80.3903830082114,2020-08-04,2025-12-20
2020-0307-VNM,nat-met-sto-tro,Meteorological,Storm,Tropical cyclone,Tropical cyclone 'Sinlaku',VNM,Viet Nam,South-eastern Asia,Asia,"Hoa Binh, Quang Ninh Provinces",,,,75.0,Kph,,,,2020,7.0,29.0,2020,7.0,30.0,2.0,,10000.0,10000.0,,,232.0,289.0,80.3903830082114,2020-12-14,2025-12-20
2020-0312-DOM,nat-met-sto-tro,Meteorological,Storm,Tropical cyclone,Hurricane 'Isaias',DOM,Dominican Republic,Latin America and the Caribbean,Americas,"Duarte, Hato Mayor, El Seibo, Monte Plata, María Trinidad Sánchez, Samaná, San Cristóbal and San Pedro de Macorís departments",,,,,Kph,,,,2020,7.0,31.0,2020,8.0,2.0,2.0,,5595.0,5595.0,,,165000.0,205248.0,80.3903830082114,2020-08-04,2025-12-20
2020-0316-MEX,nat-met-sto-tro,Meteorological,Storm,Tropical cyclone,Hurricane 'Hanna',MEX,Mexico,Latin America and the Caribbean,Americas,"Coahuila, Nuevo León,Tamaulipas states",,Flood,,,Kph,,,,2020,7.0,25.0,2020,7.0,26.0,5.0,,,,,,135000.0,167931.0,80.3903830082114,2020-08-10,2025-12-20
2020-0316-USA,nat-met-sto-tro,Meteorological,Storm,Tropical cyclone,Hurricane 'Hanna',USA,United States of America,Northern America,Americas,Texas,,Flood,,150.0,Kph,,,,2020,7.0,25.0,2020,7.0,25.0,,,,,,,1100000.0,1368323.0,80.3903830082114,2020-08-10,2025-12-20
2020-0376-USA,nat-met-sto-tro,Meteorological,Storm,Tropical cyclone,Hurricane 'Laura',USA,United States of America,Northern America,Americas,"Louisiana, Texas, Arkansas, Mississippi",,Industrial accidents,,240.0,Kph,,,,2020,8.0,27.0,2020,8.0,28.0,33.0,,6500.0,6500.0,10000000.0,12439299.0,13000000.0,16171089.0,80.3903830082114,2020-08-28,2025-12-20
2020-0403-KOR,nat-met-sto-tro,Meteorological,Storm,Tropical cyclone,Typhoon 'Maisak' (Julian),KOR,Republic of Korea,Eastern Asia,Asia,"Gangwon, Jeju, South Gyeongsang, Busan",,Flood,,155.0,Kph,,,,2020,9.0,3.0,2020,9.0,4.0,1.0,,2400.0,2400.0,,,,,80.3903830082114,2020-09-07,2025-12-20
2020-0470-VNM,nat-met-sto-tro,Meteorological,Storm,Tropical cyclone,Typhoon 'Molave' (Quinta),VNM,Viet Nam,South-eastern Asia,Asia,Quang Nam,,"Slide (land, mud, snow, rock)",,145.0,Kph,,,,2020,10.0,29.0,2020,10.0,29.0,41.0,,450000.0,450000.0,,,540000.0,671722.0,80.3903830082114,2020-11-04,2025-12-20
2020-0411-VNM,nat-met-sto-tro,Meteorological,Storm,Tropical cyclone,Tropical storm Linfa,VNM,Viet Nam,South-eastern Asia,Asia,"Da Nang, Ha Tinh, Quang Bình, Quang Nam, Quang Tri, Thua Thien-Hue, Nghe An, Da Nang, Quang Nam, Quang Ngai, Binh Dinh, Kon Tum, Gia Lai, Dak Lak, Lam Dong, Phu Yen provinces",,Flood,,,Kph,,,,2020,10.0,6.0,2020,11.0,3.0,243.0,,1500000.0,1500000.0,,,850000.0,1057340.0,80.3903830082114,2020-10-13,2025-12-20
2020-0412-USA,nat-met-sto-tro,Meteorological,Storm,Tropical cyclone,Hurricane 'Delta',USA,United States of America,Northern America,Americas,"Louisiana, Texas, Mississippi, Georgia, North and South Carolina",,Flood,,195.0,Kph,,,,2020,10.0,7.0,2020,10.0,11.0,4.0,,9400.0,9400.0,,,2900000.0,3607397.0,80.3903830082114,2020-10-13,2025-12-20
2020-0438-USA,nat-met-sto-tro,Meteorological,Storm,Tropical cyclone,Hurricane 'Sally',USA,United States of America,Northern America,Americas,"Alabama, Florida",,Flood,,165.0,Kph,,,,2020,9.0,11.0,2020,9.0,18.0,8.0,,,,3500000.0,4353755.0,6300000.0,7836758.0,80.3903830082114,2020-10-15,2025-12-20
2020-0474-COL,nat-met-sto-tro,Meteorological,Storm,Tropical cyclone,Hurricane 'Eta',COL,Colombia,Latin America and the Caribbean,Americas,"Magdalena, Bolivar, Atlantico",,,,,Kph,,,,2020,11.0,2.0,2020,11.0,4.0,,,49800.0,49800.0,,,25000.0,31098.0,80.3903830082114,2020-11-05,2025-12-20
2020-0474-PAN,nat-met-sto-tro,Meteorological,Storm,Tropical cyclone,Hurricane 'Eta',PAN,Panama,Latin America and the Caribbean,Americas,"Bocas del Toro, Chiriquí, Coclé, Colón, Comarca Ngäbe Buglé, Herrera, Veraguas",,,,,Kph,,,,2020,11.0,3.0,2020,11.0,4.0,79.0,,5000.0,5000.0,,,11000.0,13683.0,80.3903830082114,2020-11-05,2025-12-20
2020-0483-MEX,nat-met-sto-tro,Meteorological,Storm,Tropical cyclone,Hurricane 'Zeta',MEX,Mexico,Latin America and the Caribbean,Americas,"Quintana Roo, Yucatán, Chiapas, Campeche,Tabasco",,,,110.0,Kph,,,,2020,10.0,7.0,2020,10.0,11.0,,,,,,,100000.0,124393.0,80.3903830082114,2020-11-20,2025-12-20
2020-0495-NIC,nat-met-sto-tro,Meteorological,Storm,Tropical cyclone,Hurricane 'Iota',NIC,Nicaragua,Latin America and the Caribbean,Americas,"Waspam, Bilwi/Puerto Cabezas, Prinzapolka, La Cruz de Rio Grande, Laguna de Perlas",,,,,Kph,,,,2020,11.0,17.0,2020,11.0,18.0,18.0,,900000.0,900000.0,,,741000.0,921752.0,80.3903830082114,2020-11-24,2025-12-20
2020-0495-PAN,nat-met-sto-tro,Meteorological,Storm,Tropical cyclone,Hurricane 'Iota',PAN,Panama,Latin America and the Caribbean,Americas,"Nole Duima, Soloy (Ngäbe-Buglé Comarca)",,,,,Kph,,,,2020,11.0,17.0,2020,11.0,18.0,4.0,,,,,,,,80.3903830082114,2020-11-24,2025-12-20
2020-0524-IND,nat-met-sto-tro,Meteorological,Storm,Tropical cyclone,Cyclone Nivar,IND,India,Southern Asia,Asia,Tamil Nadu and Puducherry,,Flood,,,Kph,,,,2020,11.0,25.0,2020,11.0,26.0,14.0,,,,,,600000.0,746358.0,80.3903830082114,2020-12-01,2025-12-20
2020-0558-VNM,nat-met-sto-tro,Meteorological,Storm,Tropical cyclone,Tropical depression 'Vicky' (Krovanh),VNM,Viet Nam,South-eastern Asia,Asia,,,,,,Kph,,,,2020,12.0,21.0,2020,12.0,21.0,1.0,4.0,,4.0,,,,,80.3903830082114,2020-12-23,2023-09-25
2020-0307-THA,nat-met-sto-tro,Meteorological,Storm,Tropical cyclone,Tropical cyclone 'Sinlaku',THA,Thailand,South-eastern Asia,Asia,Loei Province,,Flood|Surge,,75.0,Kph,,,,2020,8.0,1.0,2020,8.0,3.0,4.0,,,,,,,,80.3903830082114,2020-08-04,2025-12-20
2021-0036-SWZ,nat-met-sto-tro,Meteorological,Storm,Tropical cyclone,Tropical cyclone 'Eloise',SWZ,Eswatini,Sub-Saharan Africa,Africa,,,,,,Kph,,,,2021,1.0,23.0,2021,1.0,23.0,,,,,,,,,84.1669829572524,2021-04-02,2025-06-25
2021-0091-PHL,nat-met-sto-tro,Meteorological,Storm,Tropical cyclone,Tropical storm 'Dujuan' (Auring),PHL,Philippines,South-eastern Asia,Asia,Caraga Region (northern Mindanao) and Eastern Visayas Region,,,,,Kph,,,,2021,2.0,21.0,2021,2.0,22.0,5.0,2.0,272451.0,272453.0,,,3114.0,3700.0,84.1669829572524,2021-02-23,2025-12-20
2021-0236-PLW,nat-met-sto-tro,Meteorological,Storm,Tropical cyclone,Tropical cyclone 'Surigae',PLW,Palau,Micronesia,Oceania,"Anguar, Peleliu, Kayangel, Koror",,Surge,,136.0,Kph,,,,2021,4.0,13.0,2021,4.0,16.0,,,7288.0,7288.0,,,,,84.1669829572524,2021-07-27,2025-12-20
2021-0295-BGD,nat-met-sto-tro,Meteorological,Storm,Tropical cyclone,Cyclone 'Yaas',BGD,Bangladesh,Southern Asia,Asia,"Bhola, Patuakhali, Sathkira, Bagerhat, Barguna, Khulna, Jhalokathi, Barisal and Pirojpur",,,,150.0,Kph,,,,2021,5.0,25.0,2021,5.0,29.0,3.0,,1300000.0,1300000.0,,,,,84.1669829572524,2021-06-21,2025-12-20
2021-0373-LCA,nat-met-sto-tro,Meteorological,Storm,Tropical cyclone,Hurricane 'Elsa',LCA,Saint Lucia,Latin America and the Caribbean,Americas,Soufrière,,,,,Kph,,,,2021,7.0,3.0,2021,7.0,3.0,1.0,,,,,,34000.0,40396.0,84.1669829572524,2021-07-05,2025-12-20
2021-0578-KOR,nat-met-sto-tro,Meteorological,Storm,Tropical cyclone,Tropical depression 'Omais' (Isang),KOR,Republic of Korea,Eastern Asia,Asia,"Jeju Island, South Jeolla, and South Gyeongsang Provinces",,Flood,,,Kph,,,,2021,8.0,23.0,2021,8.0,24.0,,,600.0,600.0,,,13000.0,15445.0,84.1669829572524,2021-09-15,2025-12-20
2021-0595-PHL,nat-met-sto-tro,Meteorological,Storm,Tropical cyclone,Tropical cyclone 'Conson' (Jolina),PHL,Philippines,South-eastern Asia,Asia,"Mimaropa, Bicol, Western Visayas, Eastern Visayas, Central Luzon, Western Calabarzon, NCR",,"Flood|Slide (land, mud, snow, rock)",,,Kph,,,,2021,9.0,6.0,2021,9.0,8.0,17.0,24.0,313373.0,313397.0,,,,,84.1669829572524,2021-09-17,2025-12-20
2021-0645-IND,nat-met-sto-tro,Meteorological,Storm,Tropical cyclone,Cyclone 'Shaheen',IND,India,Southern Asia,Asia,"Koraput and Malkangiri (Odisha); Srikakulam, Vizianagaram, Visakhapatnam districts (Andhra Pradesh); Telengana, Maharashtra, Gujarta",,,,,Kph,,,,2021,10.0,3.0,2021,10.0,3.0,7.0,,179000.0,179000.0,,,,,84.1669829572524,2021-11-05,2025-12-20
2021-0670-PHL,nat-met-sto-tro,Meteorological,Storm,Tropical cyclone,Tropical cyclone 'Kompasu' (Maring),PHL,Philippines,South-eastern Asia,Asia,"Sur Province (north-western Luzon), Palawan Province (central-western Philippines) Pangasinan Province (central-western Luzon); Regions I, II, III, MIMAROPA, CALABARZON, VI, VIII, CARAGA, Cordillera Administrative Region (CAR) and National Capital Region (NCR)",,"Slide (land, mud, snow, rock)",,102.0,Kph,,,,2021,10.0,11.0,2021,10.0,12.0,59.0,5.0,1140534.0,1140539.0,,,75610.0,89833.0,84.1669829572524,2021-10-12,2025-12-20
2021-0813-VNM,nat-met-sto-tro,Meteorological,Storm,Tropical cyclone,Typhoon 'Rai' (Odette),VNM,Viet Nam,South-eastern Asia,Asia,Quang Ngai city; Binh Duong province; Nghe An province,,,,,Kph,,,,2021,12.0,19.0,2021,12.0,19.0,3.0,,,,,,9000.0,10693.0,84.1669829572524,2022-01-03,2025-12-20
2022-0052-MDG,nat-met-sto-tro,Meteorological,Storm,Tropical cyclone,Tropical storm 'Ana',MDG,Madagascar,Sub-Saharan Africa,Africa,Analamanga region,,,,,Kph,,,,2022,1.0,22.0,2022,1.0,25.0,55.0,,131555.0,131555.0,,,,,90.9026974595266,2022-01-27,2025-12-20
2022-0400-NIC,nat-met-sto-tro,Meteorological,Storm,Tropical cyclone,Tropical storm 'Bonnie',NIC,Nicaragua,Latin America and the Caribbean,Americas,,,Flood,,,Kph,,,,2022,7.0,2.0,2022,7.0,2.0,4.0,12.0,3000.0,3012.0,,,,,90.9026974595266,2022-07-05,2023-09-26
2022-0101-MDG,nat-met-sto-tro,Meteorological,Storm,Tropical cyclone,Cyclone 'Emnati',MDG,Madagascar,Sub-Saharan Africa,Africa,Androka Municipality (Atsimo-Andrefana Region),,,,140.0,Kph,,,,2022,2.0,23.0,2022,2.0,24.0,15.0,,169000.0,169000.0,,,16000.0,17601.0,90.9026974595266,2022-02-24,2025-12-20
2022-0137-MOZ,nat-met-sto-tro,Meteorological,Storm,Tropical cyclone,Tropical cyclone 'Gombe',MOZ,Mozambique,Sub-Saharan Africa,Africa,"Nampula, Zambezia, Sofala, Beira,Tete and Niassa provinces",,Flood,,185.0,Kph,,,,2022,3.0,11.0,2022,3.0,14.0,63.0,108.0,736015.0,736123.0,,,,,90.9026974595266,2022-03-16,2025-12-20
2022-0333-MEX,nat-met-sto-tro,Meteorological,Storm,Tropical cyclone,Tropical cyclone 'Agatha',MEX,Mexico,Latin America and the Caribbean,Americas,"Coastal and Santiago Xanica (Sierra Sur Regions of Oaxaca); Chiapas, Guerrero, Tabasco, and Veracruz states",,"Flood|Slide (land, mud, snow, rock)",,16.0,Kph,,,,2022,5.0,30.0,2022,5.0,31.0,31.0,,,,,,51000.0,56104.0,90.9026974595266,2022-06-01,2025-12-20
2022-0647-CRI,nat-met-sto-tro,Meteorological,Storm,Tropical cyclone,Hurricane 'Julia',CRI,Costa Rica,Latin America and the Caribbean,Americas,"Guanacaste, San Jose; Parrita, Garabito, Quepos; Buenos Aires, Golfito and Osa (, Punta Arenas)",,Flood,,,Kph,,,,2022,10.0,8.0,2022,10.0,20.0,,,300000.0,300000.0,,,,,90.9026974595266,2022-10-10,2026-02-11
2022-0647-SLV,nat-met-sto-tro,Meteorological,Storm,Tropical cyclone,Hurricane 'Julia',SLV,El Salvador,Latin America and the Caribbean,Americas,"San Salvador, La Libertad, La Paz, San Vicente, Usulután, San Miguel, La Unión and Sonsonate",,Flood,,70.0,Kph,,,,2022,10.0,10.0,2022,10.0,11.0,10.0,,9273.0,9273.0,,,17000.0,18701.0,90.9026974595266,2022-10-10,2025-12-20
2022-0675-MEX,nat-met-sto-tro,Meteorological,Storm,Tropical cyclone,Tropical storm 'Karl',MEX,Mexico,Latin America and the Caribbean,Americas,"Tabasco, Veracruz; Pichucalco, Ostuaca Municipalities (Chiapa); Oaxaca states",,"Flood|Slide (land, mud, snow, rock)",,,Kph,,,,2022,10.0,15.0,2022,10.0,16.0,3.0,,1000.0,1000.0,,,,,90.9026974595266,2022-10-17,2025-12-20
2022-0680-PHL,nat-met-sto-tro,Meteorological,Storm,Tropical cyclone,Tropical cyclone 'Nesat',PHL,Philippines,South-eastern Asia,Asia,Luzon,,Flood,,148.0,Kph,,,,2022,10.0,15.0,2022,10.0,16.0,,2.0,103600.0,103602.0,,,,,90.9026974595266,2022-10-18,2025-12-20
2022-0698-MEX,nat-met-sto-tro,Meteorological,Storm,Tropical cyclone,Hurricane 'Roslyn',MEX,Mexico,Latin America and the Caribbean,Americas,"Santiago Ixcuintla, Rosamorada (Nayarit state); Jalisco, and Sinaloa",,"Flood|Slide (land, mud, snow, rock)",,215.0,Kph,,,,2022,10.0,23.0,2022,10.0,23.0,4.0,,15000.0,15000.0,,,,,90.9026974595266,2022-10-25,2025-12-20
2022-0707-PHL,nat-met-sto-tro,Meteorological,Storm,Tropical cyclone,Storm 'Nalgae' (Paeng),PHL,Philippines,South-eastern Asia,Asia,"Cotabato; Datu Blah Sinsuat (Mindanao Isl.); Virac, Catanduanes, Caramoan, Camarines Sur, Buenavista, Quezon, Santa Cruz, Marinduque, San Juan, Batangas; Region III (Central Luzon), Region VI (Western Visayas), Region VII (Central Visayas), National Capital region (NCR)",,"Flood|Slide (land, mud, snow, rock)",,130.0,Kph,,,,2022,10.0,27.0,2022,10.0,28.0,158.0,103.0,3323188.0,3323291.0,,,45569.0,50129.0,90.9026974595266,2022-10-28,2026-01-29
2023-0020-MDG,nat-met-sto-tro,Meteorological,Storm,Tropical cyclone,Tropical cyclone 'Cheneso',MDG,Madagascar,Sub-Saharan Africa,Africa,Antalaha (Sava Region); Diana regon,,"Flood|Slide (land, mud, snow, rock)",,106.0,Kph,,,,2023,1.0,19.0,2023,1.0,23.0,53.0,,90870.0,90870.0,,,20000.0,21132.0,94.6446220103845,2023-01-23,2025-12-20
2019-0600-SOM,nat-met-sto-tro,Meteorological,Storm,Tropical cyclone,Tropical Storm 'Pawan',SOM,Somalia,Sub-Saharan Africa,Africa,"Las Qoray (Sanaag Region); Nugal, Bari provinces",Heavy rains,"Flood|Slide (land, mud, snow, rock)",,,Kph,,,,2019,12.0,7.0,2019,12.0,10.0,6.0,,30000.0,30000.0,,,,,79.4107846043372,2019-12-10,2025-12-20
2019-0601-MDG,nat-met-sto-tro,Meteorological,Storm,Tropical cyclone,Cyclone 'Belna',MDG,Madagascar,Sub-Saharan Africa,Africa,"Mahanjanga, Soalala districts (Boeny); Diego I district (Diana); Besalampy district (Melaky); Morondava district (Menabe",,Broken Dam/Burst bank|Flood,,180.0,Kph,,,,2019,12.0,9.0,2019,12.0,10.0,5.0,6293.0,14000.0,20293.0,,,25000.0,31482.0,79.4107846043372,2019-12-10,2025-12-20
2020-0132-TON,nat-met-sto-tro,Meteorological,Storm,Tropical cyclone,Cyclone 'Harold',TON,Tonga,Polynesia,Oceania,"Tongatapu, 'Eua",,,,222.0,Kph,,,,2020,4.0,6.0,2020,4.0,9.0,,,25000.0,25000.0,,,111000.0,138076.0,80.3903830082114,2020-04-16,2025-12-20
2020-0132-VUT,nat-met-sto-tro,Meteorological,Storm,Tropical cyclone,Cyclone 'Harold',VUT,Vanuatu,Melanesia,Oceania,"Pentecost, Espiritu Santo, Penama, Sanma, Malampa, Shefa, Torba",,,,252.0,Kph,,,,2020,4.0,6.0,2020,4.0,6.0,3.0,120.0,130000.0,130120.0,,,,,80.3903830082114,2020-04-16,2025-12-20
2020-0203-PHL,nat-met-sto-tro,Meteorological,Storm,Tropical cyclone,Tropical Cyclone 'Vongfong' (Ambo),PHL,Philippines,South-eastern Asia,Asia,"Calabazon, Eastern Visayas, Cordillera Administrative Region provinces",,,,185.0,Kph,,,,2020,5.0,15.0,2020,5.0,17.0,5.0,169.0,578571.0,578740.0,,,31100.0,38686.0,80.3903830082114,2020-05-18,2025-12-20
2020-0308-CHN,nat-met-sto-tro,Meteorological,Storm,Tropical cyclone,Tropical cyclone 'Hagupit' (Dindo),CHN,China,Eastern Asia,Asia,"Zhejiang, Jiangsu Provinces",,,,130.0,Kph,,,,2020,8.0,5.0,2020,8.0,5.0,,,15100.0,15100.0,,,,,80.3903830082114,2020-08-05,2025-12-20
2020-0312-CUB,nat-met-sto-tro,Meteorological,Storm,Tropical cyclone,Hurricane 'Isaias',CUB,Cuba,Latin America and the Caribbean,Americas,Baracoa,,,,,Kph,,,,2020,7.0,31.0,2020,8.0,2.0,,,500.0,500.0,,,,,80.3903830082114,2020-08-04,2025-12-20
2020-0312-USA,nat-met-sto-tro,Meteorological,Storm,Tropical cyclone,Hurricane 'Isaias',USA,United States of America,Northern America,Americas,"North Carolina, South Carolina, New York, Maryland, Delaware, New Jersey, Connecticut, Florida, Virginia, Pennsylvania, New Hampshire",,,,,Kph,,,,2020,7.0,31.0,2020,8.0,2.0,16.0,,,,,,4800000.0,5970863.0,80.3903830082114,2020-08-12,2025-12-20
2020-0355-CHN,nat-met-sto-tro,Meteorological,Storm,Tropical cyclone,Tropical cyclone 'Mekkhala' (Ferdie),CHN,China,Eastern Asia,Asia,Zhangzhou Prefecture (Fujian province),,,,,Kph,,,,2020,8.0,10.0,2020,8.0,11.0,,,12235.0,12235.0,,,161000.0,200273.0,80.3903830082114,2020-08-12,2025-12-20
2020-0376-HTI,nat-met-sto-tro,Meteorological,Storm,Tropical cyclone,Hurricane 'Laura',HTI,Haiti,Latin America and the Caribbean,Americas,,,,,,Kph,,,,2020,8.0,23.0,2020,8.0,23.0,39.0,,44175.0,44175.0,,,,,80.3903830082114,2020-08-28,2025-12-20
2020-0400-JPN,nat-met-sto-tro,Meteorological,Storm,Tropical cyclone,Tropical cyclone 'Haishen' (Kristine),JPN,Japan,Eastern Asia,Asia,"Miyazaki Prefecture, Kyushu region, Kagoshima, Okinawa",,,,185.0,Kph,,,,2020,9.0,7.0,2020,9.0,7.0,2.0,52.0,,52.0,,,,,80.3903830082114,2020-09-07,2025-12-20
2020-0400-KOR,nat-met-sto-tro,Meteorological,Storm,Tropical cyclone,Tropical cyclone 'Haishen' (Kristine),KOR,Republic of Korea,Eastern Asia,Asia,Ulsan,,,,185.0,Kph,,,,2020,9.0,6.0,2020,9.0,8.0,2.0,,,,800000.0,995144.0,1200000.0,1492716.0,80.3903830082114,2020-10-21,2025-12-20
2020-0403-JPN,nat-met-sto-tro,Meteorological,Storm,Tropical cyclone,Typhoon 'Maisak' (Julian),JPN,Japan,Eastern Asia,Asia,Okinawa Prefecture,,,,175.0,Kph,,,,2020,9.0,2.0,2020,9.0,2.0,,8.0,,8.0,,,,,80.3903830082114,2020-09-07,2025-12-20
2020-0411-KHM,nat-met-sto-tro,Meteorological,Storm,Tropical cyclone,Tropical storm Linfa,KHM,Cambodia,South-eastern Asia,Asia,"Pursat, Battambang, Pailin, Kampong Speu, Kampong Chhnang, Banteay Meanchey, Kampong Thom, Phnom Penh, Kandal, Sway Rieng, Stung Treng, Takao, Siem Reap, Preah Videar, Oddar Meanchey Provinces.",,Flood,,,Kph,,,,2020,10.0,1.0,2020,10.0,24.0,44.0,,759360.0,759360.0,,,100000.0,124393.0,80.3903830082114,2020-10-13,2025-12-20
2020-0416-MEX,nat-met-sto-tro,Meteorological,Storm,Tropical cyclone,Tropical storm 'Gamma',MEX,Mexico,Latin America and the Caribbean,Americas,"Tabasco, Quintana Roo, Yucatán, Campeche",,,,56.0,Kph,,,,2020,10.0,2.0,2020,10.0,6.0,6.0,,3500.0,3500.0,,,100000.0,124393.0,80.3903830082114,2020-10-13,2025-12-20
2020-0462-THA,nat-met-sto-tro,Meteorological,Storm,Tropical cyclone,Tropical storm 'Noul' (Leon),THA,Thailand,South-eastern Asia,Asia,"Mae Hong Son, Chiang Mai, Uttaradit, Sukhothai, Tak, Kamphaeng Phet, Phitsanulok, Phichit, Phetchabun (North); Chaiyaphum, Nakhon Ratchasima (NothEast); Ratchaburi, Kanchanaburi, Uthai Thani, Chai Nat, Nakhon Sawan, Lop Buri and Saraburi (Central); Nakhon Nayok, Prachin Buri, Chanthaburi, Trat (East); Phetchaburi, Prachuap Khiri Khan, Chumphon, Ranong, Phangnga, Phuket (South)",,Flood,,,Kph,,,,2020,9.0,18.0,2020,9.0,21.0,1.0,,,,,,,,80.3903830082114,2020-10-21,2025-12-20
2020-0470-PHL,nat-met-sto-tro,Meteorological,Storm,Tropical cyclone,Typhoon 'Molave' (Quinta),PHL,Philippines,South-eastern Asia,Asia,"Regions III, CALABARZON, MIMAROPA, V, VI, VII and VIII",,,,155.0,Kph,,,,2020,10.0,28.0,2020,10.0,28.0,31.0,40.0,888375.0,888415.0,,,87100.0,108346.0,80.3903830082114,2020-11-04,2025-12-20
2023-0675-MEX,nat-met-sto-tro,Meteorological,Storm,Tropical cyclone,Tropical storm 'Otis',MEX,Mexico,Latin America and the Caribbean,Americas,Acapulco (central Guerrero State),,"Flood|Slide (land, mud, snow, rock)",,270.0,Kph,,,,2023,10.0,22.0,2023,10.0,25.0,84.0,,988000.0,988000.0,4000000.0,4226336.0,12000000.0,12679009.0,94.6446220103845,2023-10-30,2025-07-15
2020-0474-BLZ,nat-met-sto-tro,Meteorological,Storm,Tropical cyclone,Hurricane 'Eta',BLZ,Belize,Latin America and the Caribbean,Americas,"Cayo, Belize, Stann Creek, and Toledo districts",,,,,Kph,,,,2020,11.0,4.0,2020,11.0,4.0,,,60000.0,60000.0,,,,,80.3903830082114,2020-11-05,2025-12-20
2020-0474-SLV,nat-met-sto-tro,Meteorological,Storm,Tropical cyclone,Hurricane 'Eta',SLV,El Salvador,Latin America and the Caribbean,Americas,"La Union, department of La Union",,,,,Kph,,,,2020,11.0,2.0,2020,11.0,4.0,,,,,,,,,80.3903830082114,2020-11-05,2025-07-17
2020-0495-HND,nat-met-sto-tro,Meteorological,Storm,Tropical cyclone,Hurricane 'Iota',HND,Honduras,Latin America and the Caribbean,Americas,"Sulla Valley, San Pedro Sula, Santa Barbara, Central District, Santa Rosa de Aguan, Tocoa Copán, Choluteca (Sula Valley); Comayagua; Puerto Cortés, Yoro, Atlántida, Santa Barbara, Olancho, departments",,,,,Kph,,,,2020,11.0,17.0,2020,11.0,18.0,14.0,,578000.0,578000.0,,,,,80.3903830082114,2020-11-24,2025-12-20
2020-0501-VNM,nat-met-sto-tro,Meteorological,Storm,Tropical cyclone,Tyhoon 'Ulysses' (Vamco),VNM,Viet Nam,South-eastern Asia,Asia,"Ha Thinh, Quang Binh, Quang Tri, Thua Thien Hue Province",,Flood,,130.0,Kph,,,,2020,11.0,15.0,2020,11.0,15.0,,,,,,,,,80.3903830082114,2020-11-24,2025-12-20
2020-0558-PHL,nat-met-sto-tro,Meteorological,Storm,Tropical cyclone,Tropical depression 'Vicky' (Krovanh),PHL,Philippines,South-eastern Asia,Asia,"Mindanao Island, Leyte Province (Eastern Visayas), Cagayan Valley (north-eastern Luzon Island), Isabela Province (Luzon)",,Flood,,,Kph,,,,2020,12.0,18.0,2020,12.0,21.0,9.0,2.0,36030.0,36032.0,,,2293.0,2852.0,80.3903830082114,2020-12-21,2025-12-20
2021-0036-MDG,nat-met-sto-tro,Meteorological,Storm,Tropical cyclone,Tropical cyclone 'Eloise',MDG,Madagascar,Sub-Saharan Africa,Africa,"Antalaha, Maroantsetra, Vavatenina and Toamasina districts",,,,,Kph,,,,2021,1.0,23.0,2021,1.0,23.0,2.0,,1000.0,1000.0,,,,,84.1669829572524,2021-01-27,2025-06-25
2021-0036-MOZ,nat-met-sto-tro,Meteorological,Storm,Tropical cyclone,Tropical cyclone 'Eloise',MOZ,Mozambique,Sub-Saharan Africa,Africa,"Beira, Sofala, South of Manica, North of Inhambane and Eastern Gaza",,Flood,,160.0,Kph,,,,2021,1.0,23.0,2021,1.0,23.0,11.0,15.0,481886.0,481901.0,,,,,84.1669829572524,2021-01-27,2025-12-20
2021-0036-ZWE,nat-met-sto-tro,Meteorological,Storm,Tropical cyclone,Tropical cyclone 'Eloise',ZWE,Zimbabwe,Sub-Saharan Africa,Africa,"Chivi, Masvingo Rural districts (Masvingo province); Beitbridge district i(Matebeleland South province); Chipinge (Manicaland province)",,Flood,,160.0,Kph,,,,2021,1.0,23.0,2021,1.0,23.0,3.0,,2400.0,2400.0,,,,,84.1669829572524,2021-01-27,2025-12-20
2021-0070-FJI,nat-met-sto-tro,Meteorological,Storm,Tropical cyclone,Tropical cyclone 'Ana',FJI,Fiji,Melanesia,Oceania,Viti levu,,,,140.0,Kph,,,,2021,1.0,30.0,2021,1.0,31.0,6.0,,82751.0,82751.0,,,10000.0,11881.0,84.1669829572524,2021-02-08,2025-12-20
2021-0252-LKA,nat-met-sto-tro,Meteorological,Storm,Tropical cyclone,Tropical cyclone 'Tauktae',LKA,Sri Lanka,Southern Asia,Asia,"Western, Central and Southern Provinces",,,,,Kph,,,,2021,5.0,16.0,2021,5.0,17.0,,,879.0,879.0,,,,,84.1669829572524,2021-05-17,2025-12-20
2021-0327-LAO,nat-met-sto-tro,Meteorological,Storm,Tropical cyclone,Tropical storm 'Koguma',LAO,Lao People's Democratic Republic,South-eastern Asia,Asia,Xayaboury Province,,Flood,,,Kph,,,,2021,6.0,13.0,2021,6.0,13.0,,,26000.0,26000.0,,,,,84.1669829572524,2021-07-09,2025-12-20
2021-0339-PHL,nat-met-sto-tro,Meteorological,Storm,Tropical cyclone,Tropical storm 'Choi-Wan',PHL,Philippines,South-eastern Asia,Asia,,,"Flood|Slide (land, mud, snow, rock)",,,Kph,,,,2021,6.0,1.0,2021,6.0,3.0,11.0,,21000.0,21000.0,,,11000.0,13069.0,84.1669829572524,2021-06-23,2023-09-25
2021-0339-TWN,nat-met-sto-tro,Meteorological,Storm,Tropical cyclone,Tropical storm 'Choi-Wan',TWN,Taiwan (Province of China),Eastern Asia,Asia,,,,,,Kph,,,,2021,6.0,4.0,2021,6.0,4.0,,,,,,,,,84.1669829572524,2021-07-09,2023-09-25
2022-0398-JPN,nat-met-sto-tro,Meteorological,Storm,Tropical cyclone,Tropical depression 'Aere',JPN,Japan,Eastern Asia,Asia,"Unzen, Nagasaki, Arao, Kumamoto, Omuta, Fukuoka prefectures",,"Flood|Slide (land, mud, snow, rock)",,46.0,Kph,,,,2022,7.0,4.0,2022,7.0,5.0,,2.0,390.0,392.0,,,,,90.9026974595266,2022-07-05,2026-02-10
2021-0551-CUB,nat-met-sto-tro,Meteorological,Storm,Tropical cyclone,Tropical storm 'Ida',CUB,Cuba,Latin America and the Caribbean,Americas,Isle of Youth (Isla de la Juventud) and the Pinar del Rio Province,,,,,Kph,,,,2021,8.0,28.0,2021,9.0,2.0,,,,,,,100000.0,118811.0,84.1669829572524,2021-09-10,2025-12-20
2021-0583-USA,nat-met-sto-tro,Meteorological,Storm,Tropical cyclone,Tropical storm 'Nicholas',USA,United States of America,Northern America,Americas,"Texas, Louisiana",,Flood,,,Kph,,,,2021,9.0,12.0,2021,9.0,17.0,,,,,,,1000000.0,1188114.0,84.1669829572524,2021-09-15,2025-12-20
2021-0645-OMN,nat-met-sto-tro,Meteorological,Storm,Tropical cyclone,Cyclone 'Shaheen',OMN,Oman,Western Asia,Asia,"Al Suwayq Town (Al Batinah North Governorate); Muscat Province; Al- Dhahira, Muscat, and Al-Dakhilay Governorates",Formed by the remnants of tropical cyclone GULAB,"Flood|Slide (land, mud, snow, rock)",,102.0,Kph,,,,2021,10.0,3.0,2021,10.0,3.0,13.0,,,,,,,,84.1669829572524,2021-10-05,2025-12-20
2021-0698-VNM,nat-met-sto-tro,Meteorological,Storm,Tropical cyclone,Tropical depression 'Twe',VNM,Viet Nam,South-eastern Asia,Asia,"Binh Son district (Quang Ngai); Nui Thanh, Thang Binh and Phu Ninh districts (Quang Nam)",,"Flood|Slide (land, mud, snow, rock)",,,Kph,,,,2021,10.0,22.0,2021,10.0,27.0,5.0,,82500.0,82500.0,,,7500.0,8911.0,84.1669829572524,2021-10-29,2025-12-20
2021-0813-PHL,nat-met-sto-tro,Meteorological,Storm,Tropical cyclone,Typhoon 'Rai' (Odette),PHL,Philippines,South-eastern Asia,Asia,"Eastern Visayas, Northern Mindanao, Davao, Caraga, Surigao del Norte, Dinagat Islands, Southern Leyte, Bohol, Cebu, Negros Oriental, Palawan, Iliolo",,,,240.0,Kph,,,,2021,12.0,16.0,2021,12.0,17.0,457.0,1371.0,10607625.0,10608996.0,,,915271.0,1087447.0,84.1669829572524,2021-12-16,2025-12-20
2022-0052-MWI,nat-met-sto-tro,Meteorological,Storm,Tropical cyclone,Tropical storm 'Ana',MWI,Malawi,Sub-Saharan Africa,Africa,"Nsanje, Chikwawa districs",,,,,Kph,,,,2022,1.0,22.0,2022,1.0,25.0,64.0,206.0,945728.0,945934.0,,,,,90.9026974595266,2022-01-27,2025-12-20
2022-0052-ZWE,nat-met-sto-tro,Meteorological,Storm,Tropical cyclone,Tropical storm 'Ana',ZWE,Zimbabwe,Sub-Saharan Africa,Africa,"Kariba, Hurungwe districts (Mashonaland West) ; Muzarabani district (tMashonaland Central); Mudzi, Chikomba districts (Mashonaland East); Masvingo rural, Chici districts (Masvingo); Mutasa, Chimanimani, Chipinge, Nyanga districts (Manicaland)",,,,,Kph,,,,2022,1.0,25.0,2022,1.0,25.0,,,3000.0,3000.0,,,,,90.9026974595266,2022-02-10,2025-12-20
2022-0061-MDG,nat-met-sto-tro,Meteorological,Storm,Tropical cyclone,Cyclone 'Batsirai',MDG,Madagascar,Sub-Saharan Africa,Africa,"Fianarantsoa and Ambositra ; Manakara Atsimo, Ikongo District (Fitovinany Region); Nosy-Varika, Mananjary (Vatovavy Region)",,Flood,,235.0,Kph,,,,2022,2.0,5.0,2022,2.0,7.0,92.0,,112115.0,112115.0,,,,,90.9026974595266,2022-02-08,2025-12-20
2022-0099-MDG,nat-met-sto-tro,Meteorological,Storm,Tropical cyclone,Tropical storm 'Dumako',MDG,Madagascar,Sub-Saharan Africa,Africa,Analanjirofo Region,,,,75.0,Kph,,,,2022,2.0,15.0,2022,2.0,16.0,14.0,,9900.0,9900.0,,,,,90.9026974595266,2022-02-18,2025-12-20
2022-0099-MOZ,nat-met-sto-tro,Meteorological,Storm,Tropical cyclone,Tropical storm 'Dumako',MOZ,Mozambique,Sub-Saharan Africa,Africa,"Zambezia, Nampula, Niassa,Tete, Sofala, and Manica provinces",,,,66.0,Kph,,,,2022,2.0,18.0,2022,2.0,18.0,14.0,,23733.0,23733.0,,,,,90.9026974595266,2022-04-08,2025-12-20
2022-0137-MWI,nat-met-sto-tro,Meteorological,Storm,Tropical cyclone,Tropical cyclone 'Gombe',MWI,Malawi,Sub-Saharan Africa,Africa,"Nsanje, Chikwawa, Phalombe, Machinga, Mangochi districts.",,Flood,,,Kph,,,,2022,3.0,11.0,2022,3.0,14.0,7.0,,,,,,,,90.9026974595266,2022-03-16,2025-12-20
2022-0204-PHL,nat-met-sto-tro,Meteorological,Storm,Tropical cyclone,Tropical storm 'Megi' (Agaton),PHL,Philippines,South-eastern Asia,Asia,"Davao Region, Northern Mindanao, Leyte, Southern Leyte,Negros Occidental and Iloilo provinces",,"Flood|Slide (land, mud, snow, rock)",,80.0,Kph,,,,2022,4.0,10.0,2022,4.0,12.0,346.0,8.0,2298780.0,2298788.0,,,41556.0,45715.0,90.9026974595266,2022-04-11,2025-12-20
2022-0367-CUB,nat-met-sto-tro,Meteorological,Storm,Tropical cyclone,,CUB,Cuba,Latin America and the Caribbean,Americas,"Havana, Pinar del Río, Artemisa, Sancti Spíritus, and Matanzas provinces",,,,,Kph,,,,2022,6.0,2.0,2022,6.0,3.0,3.0,,6780.0,6780.0,,,,,90.9026974595266,2022-06-29,2025-12-20
2022-0577-KOR,nat-met-sto-tro,Meteorological,Storm,Tropical cyclone,Typhoon 'Hinnamnor',KOR,Republic of Korea,Eastern Asia,Asia,"Jeju Isl., Busan, Pohang, Sancheong, Ulsan, Namhe, Tongyeong, Jindo, Sinan",,Flood,,,Kph,,,,2022,9.0,4.0,2022,9.0,6.0,12.0,3.0,36000.0,36003.0,,,,,90.9026974595266,2022-09-06,2026-02-11
2022-0603-CAN,nat-met-sto-tro,Meteorological,Storm,Tropical cyclone,Hurricane 'Fiona',CAN,Canada,Northern America,Americas,"Nova Scotia, Prince Edward Island, Newfoundland, and Quebec",,,,,Kph,,,,2022,9.0,24.0,2022,9.0,25.0,1.0,,4000.0,4000.0,,,,,90.9026974595266,2022-10-06,2025-12-20
2022-0603-DOM,nat-met-sto-tro,Meteorological,Storm,Tropical cyclone,Hurricane 'Fiona',DOM,Dominican Republic,Latin America and the Caribbean,Americas,"La Altagracia, La Romana, El Seibo, Samana, Hato Mayor, María Trinidad Sanchez, Duarte, Monte Plata, La Vega, Espaillat, San Pedro de Macorís, San José de Ocoa, Puerto Plata and Sánchez Ramirez",,"Slide (land, mud, snow, rock)",,150.0,Kph,,,,2022,9.0,19.0,2022,9.0,20.0,2.0,,1434802.0,1434802.0,,,,,90.9026974595266,2022-09-20,2025-12-20
2022-0603-GLP,nat-met-sto-tro,Meteorological,Storm,Tropical cyclone,Hurricane 'Fiona',GLP,Guadeloupe,Latin America and the Caribbean,Americas,,,Flood,,,Kph,,,,2022,9.0,16.0,2022,9.0,17.0,1.0,,,,,,,,90.9026974595266,2022-09-20,2023-09-26
2022-0614-USA,nat-met-sto-tro,Meteorological,Storm,Tropical cyclone,Hurricane 'Ian',USA,United States of America,Northern America,Americas,Charlotte and Lee Counties (Florida Peninsula); North Carolina,,Flood,,240.0,Kph,,,,2022,9.0,28.0,2022,10.0,2.0,152.0,,,,60000000.0,66004642.0,100000000.0,110007737.0,90.9026974595266,2022-09-30,2025-12-20
2022-0647-GTM,nat-met-sto-tro,Meteorological,Storm,Tropical cyclone,Hurricane 'Julia',GTM,Guatemala,Latin America and the Caribbean,Americas,"Alta Verapaz, Izabal, Quiché, Huehuetenango, Zacapa, Petén, Chimaltenango, Totonicapán, Sacatepéquez, Jalapa, Guatemala, Sololá, San Marcos, Quetzaltenango, Chiquimula",,"Flood|Slide (land, mud, snow, rock)",,,Kph,,,,2022,10.0,9.0,2022,10.0,10.0,4.0,11.0,457300.0,457311.0,,,,,90.9026974595266,2022-10-11,2025-12-20
2022-0695-BGD,nat-met-sto-tro,Meteorological,Storm,Tropical cyclone,Tropical storm 'Sitrang',BGD,Bangladesh,Southern Asia,Asia,"Chittagong, Barisal",,,,95.0,Kph,,,,2022,10.0,24.0,2022,10.0,25.0,35.0,,1000000.0,1000000.0,,,,,90.9026974595266,2022-10-25,2025-12-20
2022-0719-BLZ,nat-met-sto-tro,Meteorological,Storm,Tropical cyclone,Hurricane 'Lisa',BLZ,Belize,Latin America and the Caribbean,Americas,Dangriga and Belize City,,,,120.0,Kph,,,,2022,11.0,2.0,2022,11.0,3.0,,,172000.0,172150.0,,,100000.0,110008.0,90.9026974595266,2022-11-04,2026-01-29
2023-0095-MDG,nat-met-sto-tro,Meteorological,Storm,Tropical cyclone,Tropical cyclone 'Freddy',MDG,Madagascar,Sub-Saharan Africa,Africa,"Vatovavy, Fitovinany, Atsimo Atsinanana, Amoron’I Mania, Analamanga, Itasy, Alaotra-Mangoro, Menabe, Atsinanana",,,,165.0,Kph,,,,2023,2.0,21.0,2023,3.0,4.0,17.0,,299000.0,299000.0,,,,,94.6446220103845,2023-02-22,2025-12-20
2023-0300-JPN,nat-met-sto-tro,Meteorological,Storm,Tropical cyclone,Typhoon 'Mawar',JPN,Japan,Eastern Asia,Asia,Okinawa,,Flood,,215.0,Kph,,,,2023,6.0,2.0,2023,6.0,2.0,3.0,35.0,,35.0,,,,,94.6446220103845,2023-06-28,2025-12-20
2023-0300-TWN,nat-met-sto-tro,Meteorological,Storm,Tropical cyclone,Typhoon 'Mawar',TWN,Taiwan (Province of China),Eastern Asia,Asia,,,,,,Kph,,,,2023,5.0,29.0,2023,5.0,31.0,1.0,,,,,,,,94.6446220103845,2023-06-29,2025-03-18
2023-0623-HKG,nat-met-sto-tro,Meteorological,Storm,Tropical cyclone,Typhoon 'Koinu',HKG,"China, Hong Kong Special Administrative Region",Eastern Asia,Asia,,,,,,Kph,,,,2023,10.0,6.0,2023,10.0,9.0,,,,,,,,,94.6446220103845,2023-10-17,2024-03-05
2023-0331-IND,nat-met-sto-tro,Meteorological,Storm,Tropical cyclone,Cyclone 'Biparjoy',IND,India,Southern Asia,Asia,"Barmer, Jalore, Sirohi, Pali, and Rajmasand (Rajasthan); Gujarat",,"Flood|Slide (land, mud, snow, rock)",,125.0,Kph,,,,2023,6.0,19.0,2023,6.0,21.0,7.0,,10000.0,10000.0,,,,,94.6446220103845,2023-06-26,2025-12-20
2023-0360-VCT,nat-met-sto-tro,Meteorological,Storm,Tropical cyclone,Tropical storm 'Bret',VCT,Saint Vincent and the Grenadines,Latin America and the Caribbean,Americas,,,,,,Kph,,,,2023,6.0,22.0,2023,6.0,23.0,,,150.0,150.0,,,,,94.6446220103845,2023-06-29,2023-09-26
2023-0464-CHN,nat-met-sto-tro,Meteorological,Storm,Tropical cyclone,Tropical cyclone 'Doksuri' (Egay),CHN,China,Eastern Asia,Asia,"Fujian Province; Shijiazhuang, Hebei Province; Shanxi province",,"Flood|Slide (land, mud, snow, rock)",,185.0,Kph,,,,2023,7.0,27.0,2023,8.0,2.0,56.0,39.0,880000.0,880039.0,,,25000000.0,26414602.0,94.6446220103845,2023-07-31,2024-06-17
2023-0603-BRA,nat-met-sto-tro,Meteorological,Storm,Tropical cyclone,,BRA,Brazil,Latin America and the Caribbean,Americas,"Muçum, Roca Sales and Cruzeiro do Sul Municipalities (Rio Grande do Sul State)",,Flood|Hail,,,Kph,,,,2023,9.0,1.0,2023,9.0,4.0,46.0,924.0,341000.0,341924.0,,,705000.0,744892.0,94.6446220103845,2023-09-11,2024-01-29
2025-0710-MMR,nat-met-sto-tro,Meteorological,Storm,Tropical cyclone,Tropical cyclone 'Kajiki',MMR,Myanmar,South-eastern Asia,Asia,,,,,,Kph,,,,2025,8.0,25.0,2025,8.0,27.0,,,430.0,430.0,,,,,100.0,2025-08-28,2025-08-29
2024-0320-IND,nat-met-sto-tro,Meteorological,Storm,Tropical cyclone,Cyclone 'Remal',IND,India,Southern Asia,Asia,"Aizawl (Mizoram state); Bengal, Assam, Nagaland, Meghalaya states; West Bengal, Telangana",,"Flood|Industrial accidents|Slide (land, mud, snow, rock)",,,Kph,,,,2024,5.0,26.0,2024,5.0,30.0,51.0,500.0,2109143.0,2109643.0,,,,,97.436175616134,2024-06-06,2024-06-14
2024-0422-GRD,nat-met-sto-tro,Meteorological,Storm,Tropical cyclone,Hurricane 'Beryl',GRD,Grenada,Latin America and the Caribbean,Americas,"The Union, Carriacou and Petite Martinique islands",,,,265.0,Kph,,,,2024,7.0,1.0,2024,7.0,4.0,8.0,27.0,12000.0,12027.0,44000.0,45158.0,218000.0,223736.0,97.436175616134,2024-07-08,2025-09-26
2024-0654-MMR,nat-met-sto-tro,Meteorological,Storm,Tropical cyclone,Typhoon 'Yagi' (Enteng),MMR,Myanmar,South-eastern Asia,Asia,"Bago, Kayah, Kayin, Magway, Mandalay, Mon, Nay Pyi Taw, Rakhine, Sagaing, eastern and southern Shan, and Tanintharyi regions/states",,"Flood|Slide (land, mud, snow, rock)",,,Kph,,,,2024,9.0,8.0,2024,9.0,12.0,460.0,48.0,1000000.0,1000048.0,,,222000.0,227841.0,97.436175616134,2024-09-23,2026-03-23
2024-0654-PHL,nat-met-sto-tro,Meteorological,Storm,Tropical cyclone,Typhoon 'Yagi' (Enteng),PHL,Philippines,South-eastern Asia,Asia,"Luzon Isl., Isabela province, Visayas",,"Slide (land, mud, snow, rock)",,75.0,Kph,,,,2024,9.0,1.0,2024,9.0,4.0,33.0,22.0,3000000.0,3000022.0,,,33000.0,33868.0,97.436175616134,2024-09-23,2024-10-22
2024-0681-CHN,nat-met-sto-tro,Meteorological,Storm,Tropical cyclone,Typhoon 'Pulasan',CHN,China,Eastern Asia,Asia,Shanghai,,Flood,,83.0,Kph,,,,2024,9.0,20.0,2024,9.0,20.0,,,,,,,,,97.436175616134,2024-09-24,2024-10-28
2024-0681-KOR,nat-met-sto-tro,Meteorological,Storm,Tropical cyclone,Typhoon 'Pulasan',KOR,Republic of Korea,Eastern Asia,Asia,"South Gyeongsang, North Gyeongsang, Jeolla, and Gangwon",,Flood,,,Kph,,,,2024,9.0,20.0,2024,9.0,21.0,1.0,,,,,,,,97.436175616134,2024-10-17,2024-10-28
2024-0685-MEX,nat-met-sto-tro,Meteorological,Storm,Tropical cyclone,Hurricane 'John',MEX,Mexico,Latin America and the Caribbean,Americas,Tlacoachistlahuaca town (Guerrero state); Michoacan state,,"Flood|Slide (land, mud, snow, rock)",,194.0,Kph,,,,2024,9.0,24.0,2024,9.0,27.0,24.0,,3150.0,3150.0,,,2450000.0,2514467.0,97.436175616134,2024-09-25,2025-03-03
2024-0695-PHL,nat-met-sto-tro,Meteorological,Storm,Tropical cyclone,Tropical depression 'Soulik',PHL,Philippines,South-eastern Asia,Asia,,,,,,Kph,,,,2024,9.0,15.0,2024,9.0,19.0,38.0,13.0,95000.0,95013.0,,,,,97.436175616134,2024-09-30,2024-10-28
2024-0801-PHL,nat-met-sto-tro,Meteorological,Storm,Tropical cyclone,Typhoon 'Kong-Rey' (Leon),PHL,Philippines,South-eastern Asia,Asia,,,,,,Kph,,,,2024,10.0,26.0,2024,11.0,1.0,,,,,,,,,97.436175616134,2024-11-19,2025-01-21
2024-0801-TWN,nat-met-sto-tro,Meteorological,Storm,Tropical cyclone,Typhoon 'Kong-Rey' (Leon),TWN,Taiwan (Province of China),Eastern Asia,Asia,"Nantou county, Taoyuan city area, Taipei city area",,"Flood|Slide (land, mud, snow, rock)",,184.0,Kph,,,,2024,10.0,31.0,2024,10.0,31.0,3.0,690.0,,690.0,,,41000.0,42079.0,97.436175616134,2024-10-31,2025-01-21
2024-0829-PHL,nat-met-sto-tro,Meteorological,Storm,Tropical cyclone,Typhoon 'Toraji' (Nika),PHL,Philippines,South-eastern Asia,Asia,"Aurora, Isabela provinces",,,,150.0,Kph,,,,2024,11.0,11.0,2024,11.0,12.0,,2.0,310000.0,310002.0,,,10000.0,10263.0,97.436175616134,2024-11-12,2026-03-09
2024-0855-PHL,nat-met-sto-tro,Meteorological,Storm,Tropical cyclone,Typhoon 'Man-yi' (Pepito),PHL,Philippines,South-eastern Asia,Asia,"Cagayan, Ilocos, Central Luzon, Calabarzon, Bicol",,"Slide (land, mud, snow, rock)",,305.0,Kph,,,,2024,11.0,16.0,2024,11.0,17.0,15.0,14.0,3967000.0,3967014.0,,,100000.0,102631.0,97.436175616134,2024-11-18,2025-01-28
2024-0857-CRI,nat-met-sto-tro,Meteorological,Storm,Tropical cyclone,Cyclone 'Sara',CRI,Costa Rica,Latin America and the Caribbean,Americas,,,,,,Kph,,,,2024,11.0,15.0,2024,11.0,16.0,,,3418.0,3418.0,,,,,97.436175616134,2024-11-19,2024-11-28
2024-0857-GTM,nat-met-sto-tro,Meteorological,Storm,Tropical cyclone,Cyclone 'Sara',GTM,Guatemala,Latin America and the Caribbean,Americas,"Petén, Izabal, and northern Alta Verapaz",,"Flood|Slide (land, mud, snow, rock)",,,Kph,,,,2024,11.0,15.0,2024,11.0,17.0,,,50240.0,50240.0,,,,,97.436175616134,2024-11-18,2024-11-28
2024-0857-SLV,nat-met-sto-tro,Meteorological,Storm,Tropical cyclone,Cyclone 'Sara',SLV,El Salvador,Latin America and the Caribbean,Americas,,,"Flood|Slide (land, mud, snow, rock)",,,Kph,,,,2024,11.0,15.0,2024,11.0,16.0,,,480.0,480.0,,,,,97.436175616134,2024-11-19,2024-11-28
2024-0910-MDG,nat-met-sto-tro,Meteorological,Storm,Tropical cyclone,Tropical cyclone 'Chido',MDG,Madagascar,Sub-Saharan Africa,Africa,Diana region,,,,100.0,Kph,,,,2024,12.0,13.0,2024,12.0,17.0,,,135838.0,135838.0,,,,,97.436175616134,2024-12-23,2026-01-19
2025-0012-MDG,nat-met-sto-tro,Meteorological,Storm,Tropical cyclone,Cyclone 'Dikeledi',MDG,Madagascar,Sub-Saharan Africa,Africa,"Vohémar, Analanjirofo, Diana and Sava, (Toliara province)",,,,180.0,Kph,,,,2025,1.0,11.0,2025,1.0,12.0,3.0,,7028.0,7028.0,,,,,100.0,2025-01-13,2025-02-14
2025-0466-TWN,nat-met-sto-tro,Meteorological,Storm,Tropical cyclone,Typhoon 'Danas',TWN,Taiwan (Province of China),Eastern Asia,Asia,Chiayi county,,"Flood|Slide (land, mud, snow, rock)",,222.0,Kph,,,,2025,7.0,6.0,2025,7.0,7.0,2.0,330.0,,330.0,,,82000.0,82000.0,100.0,2025-07-07,2025-07-14
2025-0471-MEX,nat-met-sto-tro,Meteorological,Storm,Tropical cyclone,Hurricane 'Erik',MEX,Mexico,Latin America and the Caribbean,Americas,Oaxaca and Guerrero states,,"Flood|Slide (land, mud, snow, rock)",,,Kph,,,,2025,6.0,17.0,2025,6.0,20.0,1.0,,150.0,150.0,,,213000.0,213000.0,100.0,2025-07-07,2026-02-11
2025-0593-HKG,nat-met-sto-tro,Meteorological,Storm,Tropical cyclone,"Typhoon 'Wipha' (Crising), 'Francisco' (Dante), 'Co-May' (Emong'",HKG,"China, Hong Kong Special Administrative Region",Eastern Asia,Asia,,,Flood,,,Kph,,,,2025,7.0,20.0,2025,7.0,21.0,,26.0,,26.0,,,255000.0,255000.0,100.0,2025-07-22,2026-03-04
2025-0854-PRI,nat-met-sto-tro,Meteorological,Storm,Tropical cyclone,Hurricane 'Imelda',PRI,Puerto Rico,Latin America and the Caribbean,Americas,,,Flood,,160.0,Kph,,,,2025,9.0,27.0,2025,9.0,28.0,1.0,,,,,,,,100.0,2025-10-06,2025-12-12
2025-0879-PHL,nat-met-sto-tro,Meteorological,Storm,Tropical cyclone,Tropical cyclone 'Matmo',PHL,Philippines,South-eastern Asia,Asia,,,,,,Kph,,,,2025,9.0,29.0,2025,10.0,3.0,1.0,,314000.0,314000.0,,,,,100.0,2025-10-20,2025-10-20
2025-0896-VNM,nat-met-sto-tro,Meteorological,Storm,Tropical cyclone,Tropical storm 'Fengshen',VNM,Viet Nam,South-eastern Asia,Asia,"Quang Tri, Da Nang, Quang Ngai provinces, and Ho Chi Minh city",,,,,Kph,,,,2025,10.0,23.0,2025,10.0,24.0,1.0,,696.0,696.0,,,,,100.0,2025-10-24,2025-12-05
2025-0922-IND,nat-met-sto-tro,Meteorological,Storm,Tropical cyclone,Tropical storm 'Montha',IND,India,Southern Asia,Asia,"Konaseema district (Andhra Pradesh); Odisha, and Telangana states",,,,110.0,Kph,,,,2025,10.0,28.0,2025,10.0,30.0,8.0,,1800000.0,1800000.0,,,600000.0,600000.0,100.0,2025-10-29,2026-02-04
2025-0935-PHL,nat-met-sto-tro,Meteorological,Storm,Tropical cyclone,Typhoon 'Kalmaegi' (Tino),PHL,Philippines,South-eastern Asia,Asia,"Calabarzon, Mimaropa, Region 5, Region 6, Region 7, Region 8, Region 10, Caraga, and the Negros Islands Region (NIR)",,Flood,,148.0,Kph,,,,2025,11.0,2.0,2025,11.0,5.0,372.0,502.0,5458858.0,5459360.0,,,,,100.0,2025-11-04,2026-03-04
2000-0037-REU,nat-met-sto-tro,Meteorological,Storm,Tropical cyclone,Connie,REU,Réunion,Sub-Saharan Africa,Africa,"Arrondissement du vent, Arrondissement sous le vent provinces",,,,153.0,Kph,,,,2000,1.0,30.0,2000,1.0,30.0,2.0,,,600.0,,,,,53.4877366816787,2003-07-01,2025-12-20
2000-0107-MDG,nat-met-sto-tro,Meteorological,Storm,Tropical cyclone,"Eline, Gloria",MDG,Madagascar,Sub-Saharan Africa,Africa,"Marolambo, Antanambao Manampontsy, Mahanoro, Vatomandry, Brickaville districts (Atsinanana province), Ambositra district (Amoron I Mania province), Antananarivo Avaradrano, Andramasina, Manjakandriana districts (Analamanga province), Ambatolampy, Antsirabe II, Antanifotsy districts (Vakinankaratra province), Antalaha, Sambava, Andapa, Vohemar districts (Sava province), Morondava, Belo Sur Tsiribihina, Mahabo districts (Menabe province), Morombe district (Atsimo Andrefana province), Maroantsetra district (Analanjirofo province)",,Flood,8840.0,,Kph,,,,2000,2.0,17.0,2000,3.0,11.0,130.0,,736937.0,736937.0,,,9000.0,16826.0,53.4877366816787,2007-04-17,2023-09-25
2000-0715-PHL,nat-met-sto-tro,Meteorological,Storm,Tropical cyclone,Bebinca (Seniang),PHL,Philippines,South-eastern Asia,Asia,"Metropolitan Manila district (National Capital region (NCR) province), Rizal, Laguna districts (Region IV-A (Calabarzon) province), Cagayan, Nueva Vizcaya districts (Region II (Cagayan Valley) province)",,,,120.0,Kph,,,,2000,11.0,3.0,2000,11.0,5.0,94.0,,1747872.0,1747872.0,,,31000.0,57957.0,53.4877366816787,2004-10-19,2025-12-20
2001-0758-PHL,nat-met-sto-tro,Meteorological,Storm,Tropical cyclone,Kajiki (Quedan),PHL,Philippines,South-eastern Asia,Asia,"Cebu district (Region VII (Central Visayas) province), Leyte district (Region VIII (Eastern Visayas) province)",,"Flood|Slide (land, mud, snow, rock)",,,Kph,,,,2001,12.0,5.0,2001,12.0,7.0,6.0,8.0,54832.0,54840.0,,,96.0,175.0,54.9993852662954,2004-10-28,2025-12-20
2002-0004-MDG,nat-met-sto-tro,Meteorological,Storm,Tropical cyclone,Cyprien,MDG,Madagascar,Sub-Saharan Africa,Africa,"Morondava district (Menabe province), Morombe, Toliary-I districts (Atsimo Andrefana province)",,,,150.0,Kph,,,,2002,1.0,2.0,2002,1.0,2.0,2.0,,1900.0,1900.0,,,181.0,324.0,55.8716960740501,2004-03-24,2023-09-25
2002-0636-CUB,nat-met-sto-tro,Meteorological,Storm,Tropical cyclone,Lili,CUB,Cuba,Latin America and the Caribbean,Americas,"Sandino, San Juan y Martinez, Mantua, Guane districts (Pinar del Rio province), Isla dela Juventud province, Batabano, Guira de Melena, Nueva Paz, San Nicolas, Melena del Sur, Quivican districts (La Habana province), Sancti Spiritus, La Sierpe, Fomento, Taguasco, Trinidad, Jatibonico districts (Sancti Spiritu province), Rodas, Aguada De Pasajeros, Cumanayagua districts (Cienfuegos province), Guantanamo, Maisi, Baracoa, Manuel Tames districts (Guantanamo province), Guama, Tercer Frente, Palma Soriano, Santiago de Cuba districts (Santiago de Cuba province), Niquero, Media Luna, Cauto Cristo, Pilon districts (Granma province)",,,,173.0,Kph,,,,2002,10.0,1.0,2002,10.0,1.0,3.0,,281470.0,281470.0,1000.0,1790.0,23000.0,41166.0,55.8716960740501,2008-03-21,2025-12-20
2002-0656-JAM,nat-met-sto-tro,Meteorological,Storm,Tropical cyclone,Isidore,JAM,Jamaica,Latin America and the Caribbean,Americas,"Westmoreland, Clarendon, Hanover provinces",,,,,Kph,,,,2002,9.0,18.0,2002,9.0,19.0,,,,,,,1000.0,1790.0,55.8716960740501,2008-03-21,2025-12-20
2002-0657-HTI,nat-met-sto-tro,Meteorological,Storm,Tropical cyclone,Lili,HTI,Haiti,Latin America and the Caribbean,Americas,"Grande Anse, Centre, Sud, Nippes, Ouest, Artibonite, Nord Ouest, Nord, Nord Est, Sud Est provinces",,Flood,,150.0,Kph,,,,2002,9.0,30.0,2002,9.0,30.0,4.0,,250.0,250.0,,,,,55.8716960740501,2006-10-12,2025-12-20
2002-0724-USA,nat-met-sto-tro,Meteorological,Storm,Tropical cyclone,Lili,USA,United States of America,Northern America,Americas,"St. Tammany, Terrebonne, Lafayette, Acadia, Evangeline, Rapides districts (Louisiana province)",,Flood,,,Kph,,,,2002,10.0,3.0,2002,10.0,3.0,,,,,750000.0,1342361.0,2000000.0,3579630.0,55.8716960740501,2008-03-21,2025-12-20
2002-0753-GUM,nat-met-sto-tro,Meteorological,Storm,Tropical cyclone,Pongsona,GUM,Guam,Micronesia,Oceania,Guam province,,,,180.0,Kph,,,,2002,12.0,8.0,2002,12.0,8.0,1.0,,6000.0,11100.0,,,70000.0,125287.0,55.8716960740501,2003-07-01,2025-12-20
2002-0850-NIC,nat-met-sto-tro,Meteorological,Storm,Tropical cyclone,Isidore,NIC,Nicaragua,Latin America and the Caribbean,Americas,Managua province,,,,,Kph,,,,2002,9.0,22.0,2002,9.0,22.0,2.0,,300.0,300.0,,,1000.0,1790.0,55.8716960740501,2008-03-21,2025-12-20
2003-0182-IND,nat-met-sto-tro,Meteorological,Storm,Tropical cyclone,,IND,India,Southern Asia,Asia,"Chirakhawa, Chirakhawa Topopara, Peepulbari part 1, Peepulbari part 2, Bhurakata, Baliabeel, Bengerbhita, Baushkata areas (Dhuburi district, Assam province)",,Rain,,100.0,Kph,,,,2003,4.0,22.0,2003,4.0,22.0,45.0,4000.0,,4600.0,,,,,57.1400352670416,2004-03-10,2025-12-20
2003-0602-MDG,nat-met-sto-tro,Meteorological,Storm,Tropical cyclone,Cela,MDG,Madagascar,Sub-Saharan Africa,Africa,"Antalaha district (Sava province), Ambanja district (Diana province)",,,,100.0,Kph,,,,2003,12.0,9.0,2003,12.0,9.0,,,141.0,164.0,,,,,57.1400352670416,2003-12-17,2023-09-25
2003-0605-IND,nat-met-sto-tro,Meteorological,Storm,Tropical cyclone,,IND,India,Southern Asia,Asia,"Krishna, Guntur, West Godavari districts (Andhra Pradesh province)",,Cold wave|Rain,,100.0,Kph,,,1214,2003,12.0,17.0,2003,12.0,17.0,50.0,,,40000.0,,,28000.0,49002.0,57.1400352670416,2004-03-02,2025-12-20
2004-0004-TON,nat-met-sto-tro,Meteorological,Storm,Tropical cyclone,Heta,TON,Tonga,Polynesia,Oceania,"Tafahi, Nuiatoputapu islands (Tonga province)",,,,,Kph,,,,2004,1.0,6.0,2004,1.0,6.0,,,,,,,,,58.6698092933412,2004-01-13,2025-12-20
2004-0312-GUM,nat-met-sto-tro,Meteorological,Storm,Tropical cyclone,Tingting,GUM,Guam,Micronesia,Oceania,"Agat, Merizo, Barrigada, Mangilao areas (Guam province)",,"Flood|Slide (land, mud, snow, rock)",,137.0,Kph,,,,2004,6.0,27.0,2004,6.0,28.0,1.0,,300.0,300.0,,,,,58.6698092933412,2012-04-23,2025-12-20
2004-0388-RUS,nat-met-sto-tro,Meteorological,Storm,Tropical cyclone,,RUS,Russian Federation,Eastern Europe,Europe,Ustordynskiy Buryatskiy Okrug province,,,,100.0,Kph,,,,2004,7.0,22.0,2004,7.0,22.0,6.0,62.0,,62.0,,,6000.0,10227.0,58.6698092933412,2005-03-23,2023-09-25
2004-0445-GUM,nat-met-sto-tro,Meteorological,Storm,Tropical cyclone,Chaba,GUM,Guam,Micronesia,Oceania,Guam province,,,,,Kph,,,,2004,8.0,30.0,2004,9.0,1.0,,,,,,,1000.0,1704.0,58.6698092933412,2007-02-23,2025-12-20
2005-0048-MDG,nat-met-sto-tro,Meteorological,Storm,Tropical cyclone,Ernest,MDG,Madagascar,Sub-Saharan Africa,Africa,"Tulear town (Toliary-II district, Atsimo Andrefana province) Tsihombe, Ambovombe districts (Androy province)",,,,100.0,Kph,,,,2005,1.0,22.0,2005,1.0,23.0,78.0,8.0,,7985.0,,,,,60.6603317527392,2005-02-04,2023-09-25
2005-0102-COK,nat-met-sto-tro,Meteorological,Storm,Tropical cyclone,Percy,COK,Cook Islands,Polynesia,Oceania,"Pukapuka, Nassau islands",,,,249.0,Kph,,,,2005,2.0,28.0,2005,2.0,28.0,,8.0,600.0,608.0,,,,,60.6603317527392,2005-03-18,2025-12-20
2005-0190-BGD,nat-met-sto-tro,Meteorological,Storm,Tropical cyclone,,BGD,Bangladesh,Southern Asia,Asia,"Manikganj district (Dhaka province), Natore, Sirajganj, Pabna districts (Rajshahi province)",,,,,Kph,,,,2005,3.0,31.0,2005,3.0,31.0,24.0,500.0,,10500.0,,,,,60.6603317527392,2005-04-11,2025-12-20
2005-0382-TTO,nat-met-sto-tro,Meteorological,Storm,Tropical cyclone,Emily,TTO,Trinidad and Tobago,Latin America and the Caribbean,Americas,"Arima, Chaguanas, Couva/Tabaquite/Talparo, Diego Martin, Penal/Debe, Point Fortin, Port Of Spain, Princes Town, Rio Claro/Mayaro, San Fernando, San Juan/Laventille, Sangre Grande, Siparia, Tobago, Tunapuna/Piarco provinces",,"Slide (land, mud, snow, rock)",,,Kph,,,,2005,7.0,14.0,2005,7.0,14.0,,,,,,,,,60.6603317527392,2006-01-17,2025-12-20
2005-0467-USA,nat-met-sto-tro,Meteorological,Storm,Tropical cyclone,Katrina,USA,United States of America,Northern America,Americas,"Mobile, Bayou La Batre, Dauphin Island, Coden areas (Mobile district, Alabama province), New Orleans city (Orleans district, Louisiana province), Slidell area (St. Tammany district, Louisiana province), St. Bernard district (Louisiana province), Biloxi, Gulfport cities (Harrison district, Mississippi province), Pascagoula city (Jackson district, Mississippi province), Waveland, Bay St. Louis cities (Hancock district, Mississippi province), Georgia, Florida provinces",,Broken Dam/Burst bank|Flood,,280.0,Kph,,,,2005,8.0,29.0,2005,9.0,19.0,1833.0,,500000.0,500000.0,60000000.0,98911427.0,125000000.0,206065474.0,60.6603317527392,2007-04-20,2025-12-20
2005-0492-CHN,nat-met-sto-tro,Meteorological,Storm,Tropical cyclone,Talim,CHN,China,Eastern Asia,Asia,"Anhui Sheng, Zhejiang Sheng, Fujian Sheng, Jiangxi Sheng, Hubei Sheng provinces",,"Flood|Slide (land, mud, snow, rock)",86.0,,Kph,,,,2005,9.0,1.0,2005,9.0,1.0,159.0,,19624000.0,19624000.0,,,1900000.0,3132195.0,60.6603317527392,2005-12-19,2025-12-20
2005-0524-MEX,nat-met-sto-tro,Meteorological,Storm,Tropical cyclone,Bret,MEX,Mexico,Latin America and the Caribbean,Americas,"Naranjal, Chinampa De Gorostiza districts (Veracruz province)",,Flood,,65.0,Kph,,,,2005,6.0,29.0,2005,6.0,30.0,2.0,,15000.0,15000.0,,,10000.0,16485.0,60.6603317527392,2006-03-16,2023-09-25
2005-0536-VNM,nat-met-sto-tro,Meteorological,Storm,Tropical cyclone,Vicente,VNM,Viet Nam,South-eastern Asia,Asia,"Thanh Hoa, Nghe An, Ha Tinh provinces",,Rain,,,Kph,,,,2005,9.0,18.0,2005,9.0,19.0,8.0,,8500.0,8500.0,,,20000.0,32970.0,60.6603317527392,2006-04-27,2025-12-20
2005-0540-PHL,nat-met-sto-tro,Meteorological,Storm,Tropical cyclone,Damrey,PHL,Philippines,South-eastern Asia,Asia,"Cordillera Administrative region (CAR), National Capital region (NCR), Region I (Ilocos region), Region II (Cagayan Valley), Region III (Central Luzon), Region IV (Southern Tagalog), Region IV-A (Calabarzon), Region V (Bicol region) provinces",,"Flood|Slide (land, mud, snow, rock)",,95.0,Kph,,,,2005,9.0,15.0,2005,9.0,22.0,16.0,,20000.0,20000.0,,,2000.0,3297.0,60.6603317527392,2007-07-20,2025-12-20
2005-0540-THA,nat-met-sto-tro,Meteorological,Storm,Tropical cyclone,Damrey,THA,Thailand,South-eastern Asia,Asia,"Lampang, Chiang Mai, Chiang Rai, Phayao, Mae Hong Son, Phrae, Yasothon, Ubon Ratchathani provinces",,Broken Dam/Burst bank,,,Kph,,,"Ping, Chi",2005,9.0,26.0,2005,9.0,30.0,10.0,,2000.0,2000.0,,,20000.0,32970.0,60.6603317527392,2007-07-20,2025-12-20
2005-0540-VNM,nat-met-sto-tro,Meteorological,Storm,Tropical cyclone,Damrey,VNM,Viet Nam,South-eastern Asia,Asia,"Yen Bai, Tram Tau, Nghia Lo districts (Yen Bai province), Nghe An, Phu Tho, Hoa Binh, Lao Cai, Thanh Hoa, Nam Dinh, Quang Ninh, Quang Nam, Da Nang City provinces",,"Flood|Slide (land, mud, snow, rock)",717.0,133.0,Kph,,,,2005,9.0,27.0,2005,9.0,30.0,75.0,28.0,337632.0,337660.0,,,219250.0,361439.0,60.6603317527392,2007-07-20,2025-12-20
2005-0567-CRI,nat-met-sto-tro,Meteorological,Storm,Tropical cyclone,Stan,CRI,Costa Rica,Latin America and the Caribbean,Americas,"Quepos (Aguirre district, Puntarenas province), Guanacaste province.",,,,,Kph,,,,2005,10.0,1.0,2005,10.0,16.0,1.0,,1074.0,1074.0,,,20000.0,32970.0,60.6603317527392,2006-01-17,2025-12-20
2005-0567-HND,nat-met-sto-tro,Meteorological,Storm,Tropical cyclone,Stan,HND,Honduras,Latin America and the Caribbean,Americas,"San Pedro Sula, Potrerillos, San Manuel districts (Cortes province)",,"Slide (land, mud, snow, rock)",,,Kph,,,,2005,9.0,28.0,2005,10.0,10.0,6.0,,2869.0,2869.0,,,100000.0,164852.0,60.6603317527392,2006-01-16,2025-12-20
2005-0567-SLV,nat-met-sto-tro,Meteorological,Storm,Tropical cyclone,Stan,SLV,El Salvador,Latin America and the Caribbean,Americas,"San Salvador, San Marcos districts (San Salvador province), La Libertad, Santa Tecla districts (La Libertad province), Lourdes city (Colon district, La Libertad province), Chaparral village (Chilanga district, Morazan province), Ateos city (Sacacoyo district, La Libertad province), El Chaparral area (Ciudad Barrios district, San Miguel province)",,"Slide (land, mud, snow, rock)",,,Kph,,,,2005,10.0,1.0,2005,10.0,13.0,69.0,,72141.0,72141.0,,,355700.0,586380.0,60.6603317527392,2007-02-15,2023-09-25
2005-0585-BHS,nat-met-sto-tro,Meteorological,Storm,Tropical cyclone,"Hurricane ""Wilma""",BHS,Bahamas,Latin America and the Caribbean,Americas,,,,,,Kph,,,,2005,10.0,19.0,2005,10.0,25.0,1.0,,1500.0,1500.0,,,,,60.6603317527392,2007-02-15,2025-12-20
2005-0585-CUB,nat-met-sto-tro,Meteorological,Storm,Tropical cyclone,"Hurricane ""Wilma""",CUB,Cuba,Latin America and the Caribbean,Americas,"Santiago de Cuba, Granma, Guantanamo, Matanzas, Sancti Spiritus, Villa Clara, Cienfuegos, Havana, Ciudad Havana, Pinar del Rio, Isla De La Juventud provinces",,"Flood|Slide (land, mud, snow, rock)",,,Kph,,,,2005,10.0,19.0,2005,10.0,24.0,4.0,,100000.0,100000.0,,,700000.0,1153967.0,60.6603317527392,2008-09-15,2025-12-20
2005-0585-USA,nat-met-sto-tro,Meteorological,Storm,Tropical cyclone,"Hurricane ""Wilma""",USA,United States of America,Northern America,Americas,"Florida Keys, Naples areas (Collier district, Florida province)",,Flood|Rain,,165.0,Kph,,,,2005,10.0,24.0,2005,10.0,24.0,4.0,,30000.0,30000.0,10350000.0,17062221.0,14300000.0,23573890.0,60.6603317527392,2005-11-17,2025-12-20
2005-0625-COL,nat-met-sto-tro,Meteorological,Storm,Tropical cyclone,Beta,COL,Colombia,Latin America and the Caribbean,Americas,"Providencia Isl. (Santa Catalina, Santa Catarina districts, San Andres y Providencia province), San Andres Isl. (San Andres y Providencia district, San Andres y Providencia province)",,,,175.0,Kph,,,,2005,10.0,29.0,2005,10.0,29.0,,,3074.0,3074.0,,,,,60.6603317527392,2007-02-15,2025-06-25
2005-0625-HND,nat-met-sto-tro,Meteorological,Storm,Tropical cyclone,Beta,HND,Honduras,Latin America and the Caribbean,Americas,"Gracias A Dios, Atlantida, Colon provinces",,Rain,,,Kph,,,,2005,10.0,30.0,2005,11.0,15.0,,,11000.0,11000.0,,,,,60.6603317527392,2006-01-17,2025-12-20
2005-0640-BLZ,nat-met-sto-tro,Meteorological,Storm,Tropical cyclone,Gamma,BLZ,Belize,Latin America and the Caribbean,Americas,"Belize, Cayo, Corozal, Orange Walk, Stann Creek, Toledo provinces",,,,,Kph,,,,2005,11.0,14.0,2005,11.0,21.0,3.0,,,,,,,,60.6603317527392,2006-10-12,2025-12-20
2005-0640-HND,nat-met-sto-tro,Meteorological,Storm,Tropical cyclone,Gamma,HND,Honduras,Latin America and the Caribbean,Americas,"Atlantida, Colon, Cortes, Gracias A Dios, Yoro provinces",,"Flood|Slide (land, mud, snow, rock)",507.0,75.0,Kph,,,,2005,11.0,18.0,2005,11.0,20.0,47.0,,90000.0,90000.0,,,15500.0,25552.0,60.6603317527392,2007-02-15,2025-12-20
2005-0662-SPI,nat-met-sto-tro,Meteorological,Storm,Tropical cyclone,,SPI,Canary Islands,Northern Africa,Africa,"Tenerife, La Palma Islands (Santa Cruz de Tenerife)",,,,152.0,Kph,,,,2005,11.0,27.0,2005,11.0,29.0,19.0,,,,,,375000.0,618196.0,60.6603317527392,2007-02-22,2025-12-20
2005-0732-SLV,nat-met-sto-tro,Meteorological,Storm,Tropical cyclone,Adrian,SLV,El Salvador,Latin America and the Caribbean,Americas,"Ahuachapan, Cabanas, Chalatenango, Cuscatlan, La Libertad, La Paz, La Union, Morazan, San Miguel, San Salvador, San Vicente, Santa Ana, Sonsonate, Usulutan provinces",,,,,Kph,,,,2005,5.0,19.0,2005,5.0,19.0,,,,,,,,,60.6603317527392,2006-01-17,2025-12-20
2006-0043-AUS,nat-met-sto-tro,Meteorological,Storm,Tropical cyclone,Clare,AUS,Australia,Australia and New Zealand,Oceania,"Wyndham-East Kimberley, Ashburton, East Pilbara, Port Hedland, Roebourne, Upper Gascoyne districts (Western Australia province)",,Flood,,,Kph,-23.26,116.94,,2006,1.0,9.0,2006,1.0,31.0,,,1500.0,1500.0,,,2354.0,3759.0,62.6171947810345,2007-01-04,2025-12-20
2006-0251-PHL,nat-met-sto-tro,Meteorological,Storm,Tropical cyclone,Chanchu (Caloy),PHL,Philippines,South-eastern Asia,Asia,"Region IV (Southern Tagalog), Region V (Bicol region), Region VI (Western Visayas), Region VII (Central Visayas), Region VIII (Eastern Visayas) provinces",,"Flood|Slide (land, mud, snow, rock)",,185.0,Kph,,,,2006,5.0,11.0,2006,5.0,12.0,41.0,,42000.0,42000.0,,,3328.0,5315.0,62.6171947810345,2006-05-18,2025-12-20
2006-0251-VNM,nat-met-sto-tro,Meteorological,Storm,Tropical cyclone,Chanchu (Caloy),VNM,Viet Nam,South-eastern Asia,Asia,Quang Nam province,,,,,Kph,,,,2006,5.0,17.0,2006,5.0,17.0,204.0,,600000.0,600000.0,,,,,62.6171947810345,2006-09-12,2025-12-20
2006-0362-VNM,nat-met-sto-tro,Meteorological,Storm,Tropical cyclone,Bilis,VNM,Viet Nam,South-eastern Asia,Asia,"Bac Kan, Lang Son, Vinh Phuc, Cao Bang, Thai Nguyen, Ha Giang provinces",,"Flood|Slide (land, mud, snow, rock)",,,Kph,24.0,112.11,Lo,2006,7.0,11.0,2006,7.0,19.0,17.0,,,2000.0,,,,,62.6171947810345,2007-01-06,2025-12-20
2006-0504-JPN,nat-met-sto-tro,Meteorological,Storm,Tropical cyclone,Shanshan (13),JPN,Japan,Eastern Asia,Asia,"Nagasaki, Hukuoka, Miyazaki, Okinawa, Hirosima, Okayama, Simane, Tottori, Yamaguti provinces",,"Flood|Slide (land, mud, snow, rock)",,,Kph,,,,2006,9.0,15.0,2006,9.0,20.0,10.0,448.0,12000.0,12448.0,1020000.0,1628946.0,2500000.0,3992514.0,62.6171947810345,2007-03-15,2025-12-20
2006-0738-BGD,nat-met-sto-tro,Meteorological,Storm,Tropical cyclone,,BGD,Bangladesh,Southern Asia,Asia,"Tangail district (Dhaka province), Sirajganj district (Rajshahi province)",,Flood,,,Kph,,,,2006,4.0,8.0,2006,4.0,8.0,22.0,500.0,,1500.0,,,,,62.6171947810345,2007-03-09,2025-12-20
2007-0080-MOZ,nat-met-sto-tro,Meteorological,Storm,Tropical cyclone,Favio,MOZ,Mozambique,Sub-Saharan Africa,Africa,Vilankulo district (Inhambane province),,,,180.0,Kph,,,,2007,2.0,22.0,2007,2.0,22.0,10.0,70.0,162700.0,162770.0,,,,,64.4034636847652,2007-08-18,2025-12-20
2007-0085-REU,nat-met-sto-tro,Meteorological,Storm,Tropical cyclone,Gamède,REU,Réunion,Sub-Saharan Africa,Africa,"Arrondissement du vent, Arrondissement sous le vent provinces",,"Slide (land, mud, snow, rock)",,205.0,Kph,,,,2007,2.0,25.0,2007,2.0,25.0,2.0,90.0,,90.0,,,,,64.4034636847652,2007-03-07,2025-12-20
2007-0095-MDG,nat-met-sto-tro,Meteorological,Storm,Tropical cyclone,Indlala,MDG,Madagascar,Sub-Saharan Africa,Africa,"Diana, Sava, Sofia, Analanjirofo provinces",,"Flood|Slide (land, mud, snow, rock)",18703.0,230.0,Kph,-14.84,49.94,,2007,3.0,15.0,2007,3.0,17.0,80.0,16.0,203182.0,215198.0,,,240000.0,372651.0,64.4034636847652,2008-08-04,2025-12-20
2007-0245-PAK,nat-met-sto-tro,Meteorological,Storm,Tropical cyclone,Cyclone 'Yemyin',PAK,Pakistan,Southern Asia,Asia,"Balochistan, Sindh, North-West Frontier provinces",,Broken Dam/Burst bank|Flood,35048.0,,Kph,25.26,67.9,,2007,6.0,26.0,2007,7.0,6.0,242.0,,1650000.0,1650000.0,,,1620000.0,2515393.0,64.4034636847652,2008-08-04,2025-12-20
2007-0359-USA,nat-met-sto-tro,Meteorological,Storm,Tropical cyclone,Erin,USA,United States of America,Northern America,Americas,"Texas, Oklahoma, Missouri provinces",,Flood,,132.0,Kph,,,,2007,8.0,16.0,2007,8.0,19.0,26.0,,,,,,248000.0,385072.0,64.4034636847652,2008-03-11,2025-12-20
2007-0380-CHN,nat-met-sto-tro,Meteorological,Storm,Tropical cyclone,Sepat,CHN,China,Eastern Asia,Asia,"Hunan Sheng, Jiangxi Sheng, Fujian Sheng, Zhejiang Sheng, Guangdong Sheng provinces",,Flood,,,Kph,,,,2007,8.0,18.0,2007,8.0,21.0,39.0,,8000000.0,8000000.0,,,890555.0,1382775.0,64.4034636847652,2008-08-04,2025-12-20
2007-0439-SLV,nat-met-sto-tro,Meteorological,Storm,Tropical cyclone,Felix,SLV,El Salvador,Latin America and the Caribbean,Americas,"Ahuachapan, Cabanas, Chalatenango, Cuscatlan, La Libertad, La Paz, La Union, Morazan, San Miguel, San Salvador, San Vicente, Santa Ana, Sonsonate, Usulutan provinces",,Flood,,,Kph,,,,2007,9.0,4.0,2007,9.0,4.0,,,2800.0,2800.0,,,,,64.4034636847652,2008-08-04,2025-12-20
2007-0457-CHN,nat-met-sto-tro,Meteorological,Storm,Tropical cyclone,Wipha/Goring,CHN,China,Eastern Asia,Asia,Zhejiang Sheng province,,"Flood|Slide (land, mud, snow, rock)",,,Kph,,,,2007,9.0,20.0,2007,9.0,20.0,9.0,,,,,,638000.0,990630.0,64.4034636847652,2008-08-04,2025-12-20
2007-0457-JPN,nat-met-sto-tro,Meteorological,Storm,Tropical cyclone,Wipha/Goring,JPN,Japan,Eastern Asia,Asia,"Iwate, Akita provinces",,Flood,,,Kph,38.57,125.83,,2007,9.0,17.0,2007,9.0,25.0,4.0,,,,,,,,64.4034636847652,2008-08-04,2025-12-20
2007-0457-PRK,nat-met-sto-tro,Meteorological,Storm,Tropical cyclone,Wipha/Goring,PRK,Democratic People's Republic of Korea,Eastern Asia,Asia,"Hwanghae-bukto, Hwanghae-namdo provinces",,Flood,,,Kph,38.57,125.83,,2007,9.0,17.0,2007,9.0,25.0,,,,1649.0,,,,,64.4034636847652,2008-08-04,2025-12-20
2007-0523-BHS,nat-met-sto-tro,Meteorological,Storm,Tropical cyclone,Noel,BHS,Bahamas,Latin America and the Caribbean,Americas,"Abaco, Long Island, Exuma, Cat Island, Andros, New Providence islands (Administrative unit not available)",,Flood,,,Kph,18.53,-70.06,,2007,10.0,28.0,2007,11.0,2.0,1.0,,7000.0,7000.0,,,,,64.4034636847652,2008-08-01,2025-12-20
2007-0523-CUB,nat-met-sto-tro,Meteorological,Storm,Tropical cyclone,Noel,CUB,Cuba,Latin America and the Caribbean,Americas,"Granma, Holguin, Las Tunas, Guantanamo, Santiago de Cuba provinces",,Broken Dam/Burst bank|Flood,,,Kph,18.53,-70.06,,2007,10.0,28.0,2007,11.0,2.0,1.0,,192488.0,192488.0,,,500000.0,776356.0,64.4034636847652,2009-05-29,2025-12-20
2007-0523-DOM,nat-met-sto-tro,Meteorological,Storm,Tropical cyclone,Noel,DOM,Dominican Republic,Latin America and the Caribbean,Americas,"Santo Domingo, Distrito Nacional, San Cristobal, Peravia, Azua, Barahona, Pedernales, Independencia, Baoruco, San Juan, Santiago, Puerto Plata, Espaillat, Salcedo, Duarte, La Vega, Monte Plata, Monsenor Nouel, Hato Mayor, El Seibo, Dajabon, Monte Cristi, Santiago Rodriguez, La Altagracia, San Pedro de Macoris provinces",,"Flood|Slide (land, mud, snow, rock)",,,Kph,18.53,-70.06,,2007,10.0,28.0,2007,11.0,2.0,129.0,,79728.0,79728.0,,,77700.0,120646.0,64.4034636847652,2009-05-29,2025-12-20
2007-0552-TWN,nat-met-sto-tro,Meteorological,Storm,Tropical cyclone,Krosa,TWN,Taiwan (Province of China),Eastern Asia,Asia,"Yilan, Pingdong, Tainan, Hualian, Jianyi, Taidong, Nantou, Gaoxiong, Yunlin, Xinzhu areas (Taiwan Sheng province)",,"Flood|Slide (land, mud, snow, rock)",,,Kph,23.76,121.02,,2007,10.0,6.0,2007,10.0,10.0,18.0,67.0,1000.0,1067.0,,,35000.0,54345.0,64.4034636847652,2008-08-01,2025-12-20
2007-0560-PHL,nat-met-sto-tro,Meteorological,Storm,Tropical cyclone,Kabayan (Peipah),PHL,Philippines,South-eastern Asia,Asia,"Isabela, Cagayan districts (Region II (Cagayan Valley) province)",Tropical storm Peipah,,,,Kph,17.57,121.76,Cagayan river and tributaries,2007,11.0,4.0,2007,11.0,6.0,8.0,,33884.0,33884.0,,,2971.0,4613.0,64.4034636847652,2008-08-01,2025-12-20
2007-0612-HTI,nat-met-sto-tro,Meteorological,Storm,Tropical cyclone,Olga,HTI,Haiti,Latin America and the Caribbean,Americas,"Nord, Nord Est, Nord Ouest provinces",,Flood,,,Kph,18.93,-71.03,,2007,12.0,11.0,2007,12.0,17.0,3.0,2.0,2090.0,2352.0,,,,,64.4034636847652,2008-08-01,2025-12-20
2008-0184-LKA,nat-met-sto-tro,Meteorological,Storm,Tropical cyclone,Cyclone 'Nargis',LKA,Sri Lanka,Southern Asia,Asia,"Colombo, Kalutara, Gampaha districts (Western province), Ratnapura, Kegalle districts (Sabaragamuwa province), Puttalam district (North Western province), Nuwara Eliya district (Central province), Galle district (Southern province)",,"Flood|Slide (land, mud, snow, rock)",,,Kph,,,,2008,4.0,27.0,2008,5.0,3.0,9.0,,50000.0,50000.0,,,,,66.8759741789087,2008-07-31,2025-12-20
2008-0329-CHN,nat-met-sto-tro,Meteorological,Storm,Tropical cyclone,"Tropical storm ""Kammuri"" (Julian)",CHN,China,Eastern Asia,Asia,Zhanjiang district (Guangdong Sheng province),,Flood,,,Kph,22.33,113.15,,2008,8.0,8.0,2008,8.0,11.0,,,42000.0,42000.0,,,80000.0,119624.0,66.8759741789087,2009-01-13,2025-12-20
2008-0329-THA,nat-met-sto-tro,Meteorological,Storm,Tropical cyclone,"Tropical storm ""Kammuri"" (Julian)",THA,Thailand,South-eastern Asia,Asia,"Chiang Rai, Loei, Nakhon Phanom, Nan, Nong Khai, Phayao, Phitsanulok, Sakon Nakhon, Udon Thani, Uttaradit provinces",,Flood,,,Kph,17.31,103.66,,2008,8.0,11.0,2008,8.0,20.0,,,,,,,,,66.8759741789087,2008-09-16,2025-12-20
2008-0338-HTI,nat-met-sto-tro,Meteorological,Storm,Tropical cyclone,"Tropical Storm ""Fay""",HTI,Haiti,Latin America and the Caribbean,Americas,"Grande Anse, Centre, Sud, Nippes, Ouest, Artibonite, Nord Ouest, Nord, Nord Est, Sud Est provinces",,Transport accident,,,Kph,,,,2008,8.0,18.0,2008,8.0,18.0,10.0,,190.0,220.0,,,,,66.8759741789087,2008-08-20,2025-12-20
2008-0369-HKG,nat-met-sto-tro,Meteorological,Storm,Tropical cyclone,"Tropical storm ""Nuri"" (Karen)",HKG,"China, Hong Kong Special Administrative Region",Eastern Asia,Asia,Hong Kong,,,,,Kph,,,,2008,9.0,22.0,2008,9.0,22.0,2.0,112.0,,112.0,,,380.0,568.0,66.8759741789087,2008-09-11,2025-12-20
2008-0378-USA,nat-met-sto-tro,Meteorological,Storm,Tropical cyclone,Hurricane 'Hanna',USA,United States of America,Northern America,Americas,"Florida, North Carolina, Maryland provinces",,,,,Kph,,,,2008,8.0,28.0,2008,8.0,28.0,7.0,,,,,,160000.0,239249.0,66.8759741789087,2009-01-12,2025-12-20
2008-0384-USA,nat-met-sto-tro,Meteorological,Storm,Tropical cyclone,Hurricane Ike,USA,United States of America,Northern America,Americas,"Galveston, Brazoria, Harris, Chambers, Jefferson districts (Texas province), Louisiana, Tennessee, Arkansas, Ohio, Indiana, Illinois, Missouri, Kentucky, Pennsylvania, Michigan provinces",,Flood,,200.0,Kph,35.05,-90.45,,2008,9.0,12.0,2008,9.0,16.0,82.0,,200000.0,200000.0,15000000.0,22429580.0,30000000.0,44859160.0,66.8759741789087,2008-11-18,2025-12-20
2008-0426-HKG,nat-met-sto-tro,Meteorological,Storm,Tropical cyclone,"Typhoon ""Hagupit"" (Nina)",HKG,"China, Hong Kong Special Administrative Region",Eastern Asia,Asia,Hong Kong,,Flood,,,Kph,,,,2008,9.0,25.0,2008,9.0,25.0,,58.0,,58.0,,,,,66.8759741789087,2009-01-06,2025-12-20
2008-0426-VNM,nat-met-sto-tro,Meteorological,Storm,Tropical cyclone,"Typhoon ""Hagupit"" (Nina)",VNM,Viet Nam,South-eastern Asia,Asia,"Lang Son, Son La, Bac Giang, Lao Cai, Quang Ninh, Vinh Phuc provinces",,"Flood|Slide (land, mud, snow, rock)",,,Kph,21.9,104.59,,2008,9.0,25.0,2008,9.0,28.0,46.0,61.0,51755.0,58511.0,,,63000.0,94204.0,66.8759741789087,2009-01-06,2025-12-20
2008-0609-PHL,nat-met-sto-tro,Meteorological,Storm,Tropical cyclone,"TYphoon ""Rammasun"" (Butchoy)",PHL,Philippines,South-eastern Asia,Asia,"Lambayong, Esperanza areas (Sultan Kudarat district, Region XII (Soccsksargen) province)",,Flood,,,Kph,,,,2008,5.0,13.0,2008,5.0,13.0,1.0,40.0,8350.0,8390.0,,,280.0,419.0,66.8759741789087,2009-01-11,2025-12-20
2008-0514-CYM,nat-met-sto-tro,Meteorological,Storm,Tropical cyclone,Hurricane Paloma,CYM,Cayman Islands,Latin America and the Caribbean,Americas,"Cayman Brac, Little Cayman provinces",,Flood|Surge,,220.0,Kph,,,,2008,11.0,8.0,2008,11.0,8.0,,,,,,,,,66.8759741789087,2008-11-21,2025-12-20
2008-0604-KNA,nat-met-sto-tro,Meteorological,Storm,Tropical cyclone,"Hurricane ""Omar""",KNA,Saint Kitts and Nevis,Latin America and the Caribbean,Americas,,,,,,Kph,,,,2008,10.0,15.0,2008,10.0,16.0,,,,,,,,,66.8759741789087,2021-12-13,2025-12-20
2008-0604-ATG,nat-met-sto-tro,Meteorological,Storm,Tropical cyclone,"Hurricane ""Omar""",ATG,Antigua and Barbuda,Latin America and the Caribbean,Americas,All country affected (no more data),,Flood,,,Kph,,,,2008,10.0,15.0,2008,10.0,16.0,,,25800.0,25800.0,,,,,66.8759741789087,2009-01-08,2025-12-20
2009-0048-AUS,nat-met-sto-tro,Meteorological,Storm,Tropical cyclone,"Tropical storm ""Dominic""",AUS,Australia,Australia and New Zealand,Oceania,Queensland province,,Flood,,,Kph,-20.11,120.56,,2009,1.0,26.0,2009,2.0,20.0,,,400.0,400.0,,,,,66.6382010716644,2009-05-22,2025-12-20
2009-0157-BGD,nat-met-sto-tro,Meteorological,Storm,Tropical cyclone,"Cyclone ""Bijli""",BGD,Bangladesh,Southern Asia,Asia,"Banshkhali, Anowara, Sitakunda, Mirsaharai, Sandwip, Patiya, Boalkhali, Satkania, Chandanaish, City Corportaion of Chittagong (CCC) areas (Chittagong district, Chittagong province), Sadar, Ramu, Chakaria, Pekua, Maheshkhali, Kutubdia areas (Cox's Bazar district, Chittagong province), Hatiya area (Noakhali district, Chittagong province), Charfashion area (Bhola district, Barisal province), Pirganj area (Thakurgao district, Rangpur province)",,,,100.0,Kph,,,,2009,4.0,19.0,2009,4.0,20.0,7.0,84.0,19125.0,19209.0,,,,,66.6382010716644,2010-03-05,2025-12-20
2009-0165-PHL,nat-met-sto-tro,Meteorological,Storm,Tropical cyclone,"Typhoon ""Emong"" (Chanom)",PHL,Philippines,South-eastern Asia,Asia,"Aringay, Agoo, Bacnotan, Bagulin, Bauang, Burgos, Caba, Naguillian Pugo, Rosario, San Gabriel, San Juan, Sto Thomas, Tubao, San Fernando areas (La Union district, Region I (Ilocos region) province), Anda, Agno, Bani, Bolinao, Dasol, Infanta, Lingayan, Mabini, Sta Barbara, Sual, Alaminos city, Dagupan areas (Pangasinan district, Region I (Ilocos region) province), Ambaguio, Bagabag, Bambang, Bayombong, Dupax del Sur, Solano, Sta Fe areas (Nueva Vizcaya district, Region II (Cagayan Valley) province), Aurora, Cabaruan, Cordon, Delfin Albano, Ilagan, Luna, Quirino, Ramon, Reina Mercedes, Cauayan city, Santiago areas (Isabela district, Region II (Cagayan Valley) province), Cabarroguis, Saguiday areas (Quirino district, Region II (Cagayan Valley) province), Rizal area (Cagayan district, Region II (Cagayan Valley) province), Sta Cruz, Olongapo areas (Zambales district, Region III (Central Luzon) province), Guagua area (Pampanga district, Region III (Central Luzon) province), Kiangan, Asipulo, Lamut, Lagawe, Hingyon, Hungduan, Tinoc, Aguinaldo, Alfonso Lista areas (Ifugao district, Cordillera Administrative region (CAR) province), Pinukpuk, Lubuagan areas (Kalinga district, Cordillera Administrative region (CAR) province), Baguio city (Benguet district, Cordillera Administrative region (CAR) province)",,"Flood|Slide (land, mud, snow, rock)",,139.0,Kph,,,,2009,5.0,7.0,2009,5.0,10.0,77.0,53.0,400954.0,401007.0,,,30342.0,45532.0,66.6382010716644,2010-03-05,2025-12-20
2009-0204-IND,nat-met-sto-tro,Meteorological,Storm,Tropical cyclone,"Cyclone ""Aila""",IND,India,Southern Asia,Asia,"Sagar, Namkhana, Kakdwip, Pathar Pratima, Canning, Basanti, Mathurapur, Kultali villages (South 24 Parganas district, West Bengal province), Kolkata, North 24 Parganas, Haora, Hugli, Darjiling districts (West Bengal province)",,"Flood|Slide (land, mud, snow, rock)",,110.0,Kph,,,,2009,5.0,25.0,2009,5.0,25.0,96.0,,5100000.0,5100000.0,,,,,66.6382010716644,2010-01-06,2025-12-20
2009-0399-CHN,nat-met-sto-tro,Meteorological,Storm,Tropical cyclone,"Typhoon ""Koppu""",CHN,China,Eastern Asia,Asia,Guangdong Sheng province,,Flood,,126.0,Kph,,,,2009,9.0,14.0,2009,9.0,14.0,13.0,58.0,1000000.0,1000058.0,,,295001.0,442691.0,66.6382010716644,2009-10-13,2025-12-20
2009-0477-MEX,nat-met-sto-tro,Meteorological,Storm,Tropical cyclone,"Hurricane ""Ida""",MEX,Mexico,Latin America and the Caribbean,Americas,Tabasco province,,,,,Kph,,,,2009,11.0,8.0,2009,11.0,8.0,,,40000.0,40000.0,,,,,66.6382010716644,2014-07-28,2025-12-20
2009-0478-KHM,nat-met-sto-tro,Meteorological,Storm,Tropical cyclone,"Tropical storm ""Mirinae"" (Santi)",KHM,Cambodia,South-eastern Asia,Asia,Kaoh Nheaek district (Mondul Kiri province),,,,,Kph,,,,2009,11.0,2.0,2009,11.0,3.0,2.0,,,,,,,,66.6382010716644,2010-01-18,2025-12-20
2009-0478-PHL,nat-met-sto-tro,Meteorological,Storm,Tropical cyclone,"Tropical storm ""Mirinae"" (Santi)",PHL,Philippines,South-eastern Asia,Asia,"Aurora, Bataan, Bulacan districts (Region III (Central Luzon) province), Mindoro Occidental, Mindoro Oriental districts (Region IV (Southern Tagalog) province), Albay, Camarines Norte, Camarines Sur districts (Region V (Bicol region) province), National Capital region (NCR), Region IV-A (Calabarzon) province",,"Slide (land, mud, snow, rock)",,140.0,Kph,,,,2009,10.0,28.0,2009,10.0,28.0,39.0,20.0,802155.0,802175.0,,,15194.0,22801.0,66.6382010716644,2010-01-18,2025-12-20
2009-0521-PHL,nat-met-sto-tro,Meteorological,Storm,Tropical cyclone,"Tropical depression ""Urduja""",PHL,Philippines,South-eastern Asia,Asia,"Agusan del Norte district (Region XIII (Caraga) province), Region VII (Central Visayas), Region X (Northern Mindanao) provinces",,"Slide (land, mud, snow, rock)",,,Kph,,,,2009,11.0,25.0,2009,11.0,25.0,4.0,13.0,48129.0,48142.0,,,12.0,18.0,66.6382010716644,2009-12-03,2025-12-20
2010-0044-PYF,nat-met-sto-tro,Meteorological,Storm,Tropical cyclone,"Cyclone ""Oli""",PYF,French Polynesia,Polynesia,Oceania,"Tubuai island (Australes archipelagos), Bora Bora, Maupiti, Raiatea, Tahaa, Huahine islands (Iles sous le Vent group), Tahiti, Moorea, Maiao island (Iles du vent group)",,Flood|Surge,,260.0,Kph,,,,2010,2.0,4.0,2010,2.0,4.0,1.0,11.0,3400.0,3411.0,,,11000.0,16241.0,67.7310945291778,2010-02-10,2025-12-20
2010-0078-COK,nat-met-sto-tro,Meteorological,Storm,Tropical cyclone,Pat,COK,Cook Islands,Polynesia,Oceania,"Aitutaki, Rarotonga, Palmerston islands",,,,200.0,Kph,,,,2010,2.0,11.0,2010,2.0,19.0,,8.0,2194.0,2202.0,,,,,67.7310945291778,2010-03-25,2025-12-20
2010-0171-BGD,nat-met-sto-tro,Meteorological,Storm,Tropical cyclone,,BGD,Bangladesh,Southern Asia,Asia,"Rangpur, Dinajpur, Nilphamari, Lalmonirhat, Kurigram, Gaibandha districts (Rangpur province), Sirajganj, Bogra districts (Rajshahi province)",,,,120.0,Kph,,,,2010,4.0,13.0,2010,4.0,14.0,8.0,200.0,246910.0,247110.0,,,,,67.7310945291778,2010-08-13,2025-12-20
2010-0211-SLV,nat-met-sto-tro,Meteorological,Storm,Tropical cyclone,Hurricane 'Agatha',SLV,El Salvador,Latin America and the Caribbean,Americas,"San Salvador, Sonsonate, Ahuachapan, La Libertad provinces",,"Flood|Slide (land, mud, snow, rock)",,,Kph,,,,2010,5.0,29.0,2010,6.0,1.0,11.0,3.0,11250.0,11253.0,,,20000.0,29529.0,67.7310945291778,2014-07-28,2025-12-20
2010-0260-NIC,nat-met-sto-tro,Meteorological,Storm,Tropical cyclone,"Tropical storm ""Alex""",NIC,Nicaragua,Latin America and the Caribbean,Americas,Atlantico Norte province,,,,,Kph,,,,2010,6.0,27.0,2010,6.0,27.0,5.0,,,,,,,,67.7310945291778,2010-07-12,2025-12-20
2010-0308-VNM,nat-met-sto-tro,Meteorological,Storm,Tropical cyclone,Typhoon Conson (Basyang),VNM,Viet Nam,South-eastern Asia,Asia,"Thanh Hoa, Quang Ngai, Quang Ninh provinces",,,,,Kph,,,,2010,7.0,17.0,2010,7.0,17.0,11.0,,,1500.0,,,500.0,738.0,67.7310945291778,2010-07-26,2025-12-20
2010-0332-VNM,nat-met-sto-tro,Meteorological,Storm,Tropical cyclone,Typhoon Chanthu,VNM,Viet Nam,South-eastern Asia,Asia,"Cao Bang, Ha Giang, Lao Cai provinces",,"Slide (land, mud, snow, rock)",,,Kph,22.11,105.95,,2010,7.0,23.0,2010,7.0,25.0,10.0,,12400.0,12400.0,,,,,67.7310945291778,2011-01-10,2025-12-20
2010-0426-MEX,nat-met-sto-tro,Meteorological,Storm,Tropical cyclone,Hurricane Frank,MEX,Mexico,Latin America and the Caribbean,Americas,"Oaxaca, Tabasco, Veracruz provinces",,"Flood|Slide (land, mud, snow, rock)",,,Kph,,,,2010,8.0,23.0,2010,8.0,24.0,6.0,,154000.0,154000.0,,,,,67.7310945291778,2010-08-31,2025-12-20
2010-0432-VNM,nat-met-sto-tro,Meteorological,Storm,Tropical cyclone,Typhoon Mindulle,VNM,Viet Nam,South-eastern Asia,Asia,"Nghe An, Thanh Hoa, Ha Tinh provinces",,,,230.0,Kph,,,,2010,8.0,24.0,2010,8.0,25.0,14.0,20.0,20560.0,20700.0,,,44000.0,64963.0,67.7310945291778,2011-03-16,2025-12-20
2010-0479-PRK,nat-met-sto-tro,Meteorological,Storm,Tropical cyclone,Typhoon Kompasu,PRK,Democratic People's Republic of Korea,Eastern Asia,Asia,"Hamgyong-bukto, Hamgyong-namdo, Hwanghae-bukto, Hwanghae-namdo, Kaesong-si, Kangwon-do, P'yongan-namdo, P'yongyang-si provinces",,"Flood|Slide (land, mud, snow, rock)",,,Kph,,,,2010,9.0,2.0,2010,9.0,2.0,20.0,,40000.0,40000.0,,,,,67.7310945291778,2010-09-20,2025-12-20
2010-0554-MMR,nat-met-sto-tro,Meteorological,Storm,Tropical cyclone,Cyclone 'Giri',MMR,Myanmar,South-eastern Asia,Asia,"Kyaukpyu, Manaung areas (Kyaukpyu district, Rakhine province), Minbya, Myebon, Pauktaw areas (Sittwe district, Rakhine province), Salin area (Minbu district, Magway province), Seikphyu, Pakokku, Paukkhaung areas (Pakokku district, Magway province)",,Flood|Tsunami/Tidal wave,,193.0,Kph,,,,2010,10.0,22.0,2010,10.0,22.0,45.0,49.0,260000.0,260049.0,,,57000.0,84156.0,67.7310945291778,2014-07-28,2025-12-20
2010-0571-LCA,nat-met-sto-tro,Meteorological,Storm,Tropical cyclone,Hurricane Tomas,LCA,Saint Lucia,Latin America and the Caribbean,Americas,"Region Number 1, Region Number 2, Region Number 8 provinces",,"Flood|Slide (land, mud, snow, rock)",,150.0,Kph,,,,2010,10.0,30.0,2010,10.0,30.0,14.0,,181000.0,181000.0,,,500.0,738.0,67.7310945291778,2014-07-28,2025-12-20
2010-0571-VCT,nat-met-sto-tro,Meteorological,Storm,Tropical cyclone,Hurricane Tomas,VCT,Saint Vincent and the Grenadines,Latin America and the Caribbean,Americas,"Charlotte, Grenadines, Saint Andrew, Saint David, Saint George, Saint Patrick provinces",,,,,Kph,,,,2010,10.0,29.0,2010,10.0,29.0,,,6000.0,6100.0,,,48000.0,70868.0,67.7310945291778,2014-07-28,2025-12-20
2010-0691-CHN,nat-met-sto-tro,Meteorological,Storm,Tropical cyclone,Typhoon Meranti,CHN,China,Eastern Asia,Asia,"Fujian Sheng, Zhejiang Sheng provinces",,,,100.0,Kph,,,,2010,9.0,9.0,2010,9.0,9.0,3.0,,,186000.0,,,,,67.7310945291778,2011-03-17,2025-12-20
2010-0693-IND,nat-met-sto-tro,Meteorological,Storm,Tropical cyclone,Cyclone Jal,IND,India,Southern Asia,Asia,Andhra Pradesh province,,Flood,,100.0,Kph,,,,2010,10.0,31.0,2010,11.0,3.0,22.0,,,,,,,,67.7310945291778,2011-03-17,2025-12-20
2011-0070-PNG,nat-met-sto-tro,Meteorological,Storm,Tropical cyclone,"Tropical Cyclone ""Yasi""",PNG,Papua New Guinea,Melanesia,Oceania,Alotau district (Milne Bay province),,,,,Kph,,,,2011,2.0,2.0,2011,2.0,2.0,,,,,,,,,69.869263508865,2011-04-01,2023-09-25
2011-0071-VUT,nat-met-sto-tro,Meteorological,Storm,Tropical cyclone,"Tropical cyclone ""Vania""",VUT,Vanuatu,Melanesia,Oceania,Tafea province,,,195.0,,Kph,,,,2011,1.0,12.0,2011,1.0,13.0,,,32000.0,32000.0,,,,,69.869263508865,2014-07-28,2025-12-20
2011-0267-MEX,nat-met-sto-tro,Meteorological,Storm,Tropical cyclone,"Tropical storm ""Dora""",MEX,Mexico,Latin America and the Caribbean,Americas,"Guerrero, Oaxaca provinces",,Flood,,150.0,Kph,,,,2011,7.0,20.0,2011,7.0,20.0,3.0,,200000.0,200000.0,,,,,69.869263508865,2011-08-02,2025-12-20
2011-0279-PRK,nat-met-sto-tro,Meteorological,Storm,Tropical cyclone,"Typhoon ""Kabayan"" (Muifa)",PRK,Democratic People's Republic of Korea,Eastern Asia,Asia,"Byoksong, Haeju, Chongdan, Baechon, Bongchon, Waudo districts (Hwanghae-namdo province), Sohung district (Hwanghae-bukto province), Kaesong-si, P'yongan-namdo province",,Flood,,,Kph,,,,2011,8.0,7.0,2011,8.0,9.0,10.0,887.0,5612.0,6499.0,,,,,69.869263508865,2014-07-28,2025-12-20
2011-0303-HTI,nat-met-sto-tro,Meteorological,Storm,Tropical cyclone,"Tropical storm ""Emily""",HTI,Haiti,Latin America and the Caribbean,Americas,Sud province,,,,,Kph,,,,2011,8.0,4.0,2011,8.0,4.0,1.0,,1500.0,1500.0,,,,,69.869263508865,2011-08-10,2025-12-20
2011-0303-MTQ,nat-met-sto-tro,Meteorological,Storm,Tropical cyclone,"Tropical storm ""Emily""",MTQ,Martinique,Latin America and the Caribbean,Americas,"Fort-de-France, La Trinite, Saint-Pierre, Le Marin provinces",,,,,Kph,,,,2011,8.0,3.0,2011,8.0,3.0,1.0,,,,,,,,69.869263508865,2011-08-08,2025-12-20
2011-0328-USA,nat-met-sto-tro,Meteorological,Storm,Tropical cyclone,Hurricane Irene,USA,United States of America,Northern America,Americas,"New York, New Jersey, Pennsylvania, North Carolina, Virginia, Maryland, District of Columbia, Connecticut, Florida provinces",,Flood,,,Kph,40.186,-70.06,,2011,8.0,27.0,2011,9.0,13.0,46.0,,370000.0,370000.0,,,7300000.0,10448085.0,69.869263508865,2011-11-07,2025-12-20
2011-0378-PHL,nat-met-sto-tro,Meteorological,Storm,Tropical cyclone,Typhoon Quiel (Nalgae),PHL,Philippines,South-eastern Asia,Asia,"Cordillera Administrative region (CAR), Region I (Ilocos region), Region II (Cagayan Valley), Region III (Central Luzon) provinces",,"Slide (land, mud, snow, rock)",,,Kph,,,,2011,10.0,1.0,2011,10.0,1.0,25.0,12.0,1113763.0,1113775.0,,,2655.0,3800.0,69.869263508865,2011-10-14,2025-12-20
2011-0384-PHL,nat-met-sto-tro,Meteorological,Storm,Tropical cyclone,Tropical Storm Ramon (Banyan),PHL,Philippines,South-eastern Asia,Asia,"Mindoro Oriental, Romblon districts (Region IV (Southern Tagalog) province), Capiz, Iloilo, Negros Occidental districts (Region VI (Western Visayas) province), Cebu district (Region VII (Central Visayas) province), Southern Leyte district (Region VIII (Eastern Visayas) province), Misamis Oriental district (Region X (Northern Mindanao) province), South Cotabato district (Region XII (Soccsksargen) province), Dinagat district (Region XIII (Caraga) province)",,,,,Kph,,,,2011,10.0,13.0,2011,10.0,13.0,11.0,6.0,75632.0,75638.0,,,,,69.869263508865,2011-10-13,2025-12-20
2011-0414-OMN,nat-met-sto-tro,Meteorological,Storm,Tropical cyclone,Keila,OMN,Oman,Western Asia,Asia,"A Dakhliya, A Sharqiya, Al Batnah, Al Dhahira, Al Wusta, Dhofar, Musandam, Muscat provinces",,,,,Kph,,,,2011,11.0,3.0,2011,11.0,3.0,14.0,200.0,,200.0,,,,,69.869263508865,2011-11-04,2025-12-20
2011-0432-DMA,nat-met-sto-tro,Meteorological,Storm,Tropical cyclone,Tropical storm Orphelia,DMA,Dominica,Latin America and the Caribbean,Americas,"Canefield, Massacre, Mahaut, Cochrane, Campbell villages (St. Paul province), Coulibistrie village (St. Joseph province)",,Flood,,,Kph,,,,2011,9.0,25.0,2011,9.0,29.0,,,144.0,240.0,,,,,69.869263508865,2011-11-07,2023-09-25
2012-0282-CHN,nat-met-sto-tro,Meteorological,Storm,Tropical cyclone,Typhoon Haikui,CHN,China,Eastern Asia,Asia,"Jiangxi Sheng, Shanghai Shi, Anhui Sheng, Jiangsu Sheng, Zhejiang Sheng provinces",,,,150.0,Kph,,,,2012,8.0,8.0,2012,8.0,8.0,3.0,7.0,6000000.0,6000007.0,230000.0,322512.0,1500000.0,2103342.0,71.3150877335761,2012-08-13,2025-12-20
2012-0294-CHN,nat-met-sto-tro,Meteorological,Storm,Tropical cyclone,TYphoon Kai-Tak,CHN,China,Eastern Asia,Asia,"Guangdong Sheng, Guangxi Zhuangzu Zizhiqu provinces",,,,,Kph,,,,2012,8.0,17.0,2012,8.0,17.0,2.0,,107500.0,107500.0,,,262000.0,367384.0,71.3150877335761,2013-02-06,2025-12-20
2012-0313-CUB,nat-met-sto-tro,Meteorological,Storm,Tropical cyclone,Hurricane Isaac,CUB,Cuba,Latin America and the Caribbean,Americas,"Gantanamo, Santiago de Cuba, Granma; Holguin, Las Tunas, Camagüey provinces",,,,,Kph,,,,2012,8.0,25.0,2012,8.0,25.0,1.0,,45496.0,45496.0,,,,,71.3150877335761,2012-11-19,2025-12-20
2012-0406-VNM,nat-met-sto-tro,Meteorological,Storm,Tropical cyclone,Typhoon Son Tinh (Ofel),VNM,Viet Nam,South-eastern Asia,Asia,"Nghe An, Thanh Hoa, Ninh Binh, Nam Dinh, Thai Binh, Hai Phong City provinces",,Flood,,,Kph,,,,2012,10.0,28.0,2012,10.0,28.0,11.0,90.0,,278490.0,,,336000.0,471149.0,71.3150877335761,2012-11-12,2025-12-20
2012-0414-KOR,nat-met-sto-tro,Meteorological,Storm,Tropical cyclone,Typhoon Bolaven,KOR,Republic of Korea,Eastern Asia,Asia,"Cheju-do, Chollabuk-do, Chollanam-do, Chungchongbuk-do, Chungchongnam-do, Inchon, Kang-won-do, Kwangju, Kyonggi-do, Kyongsangbuk-do, Kyongsangnam-do, Pusan, Seoul, Taegu, Taejon provinces",,,,,Kph,,,,2012,8.0,28.0,2012,8.0,28.0,20.0,,,,,,450000.0,631003.0,71.3150877335761,2013-02-06,2025-12-20
2012-0414-PRK,nat-met-sto-tro,Meteorological,Storm,Tropical cyclone,Typhoon Bolaven,PRK,Democratic People's Republic of Korea,Eastern Asia,Asia,"Hamgyong-bukto, Hamgyong-namdo, Hwanghae-bukto, Hwanghae-namdo, Kangwon-do, Yanggang-do provinces",,Flood,,,Kph,38.19,126.24,,2012,8.0,28.0,2012,8.0,30.0,59.0,1.0,10960.0,44461.0,,,,,71.3150877335761,2012-11-22,2025-12-20
2012-0425-LKA,nat-met-sto-tro,Meteorological,Storm,Tropical cyclone,Cyclone Nilam,LKA,Sri Lanka,Southern Asia,Asia,"Central, Eastern, North Central, North Western, Northern, Sabaragamuwa, Southern, Uva, Western provinces",,,,,Kph,,,,2012,10.0,29.0,2012,10.0,31.0,,,,69000.0,,,57000.0,79927.0,71.3150877335761,2013-02-06,2025-12-20
2013-0026-SYC,nat-met-sto-tro,Meteorological,Storm,Tropical cyclone,Topical Depression Feleng,SYC,Seychelles,Sub-Saharan Africa,Africa,"Anse Aux Pins, Au Cap, Pointe Larue provinces",,Flood,,,Kph,,,,2013,2.0,7.0,2013,2.0,7.0,,,3000.0,3000.0,,,9300.0,12852.0,72.3597374789251,2013-09-23,2025-12-20
2012-0498-WLF,nat-met-sto-tro,Meteorological,Storm,Tropical cyclone,Cyclone Evan,WLF,Wallis and Futuna Islands,Polynesia,Oceania,Wallis and Futuna province,,,,156.0,Kph,,,,2012,12.0,15.0,2012,12.0,15.0,,2.0,1250.0,1252.0,,,,,71.3150877335761,2014-07-29,2025-12-20
2012-0498-WSM,nat-met-sto-tro,Meteorological,Storm,Tropical cyclone,Cyclone Evan,WSM,Samoa,Polynesia,Oceania,Samoa province,,Flood,3458.0,,Kph,,,,2012,12.0,13.0,2012,12.0,13.0,12.0,,12703.0,12703.0,,,133000.0,186496.0,71.3150877335761,2014-07-29,2025-12-20
2012-0540-PHL,nat-met-sto-tro,Meteorological,Storm,Tropical cyclone,Tropical storm Wukong (Quinta),PHL,Philippines,South-eastern Asia,Asia,"Region IV (Southern Tagalog), Region V (Bicol region), Region VI (Western Visayas), Region VII (Central Visayas), Region VIII (Eastern Visayas) provinces",,Flood|Surge,120.0,,Kph,,,,2012,12.0,25.0,2012,12.0,27.0,24.0,3.0,241603.0,241606.0,,,5526.0,7749.0,71.3150877335761,2013-01-30,2025-12-20
2013-0008-AUS,nat-met-sto-tro,Meteorological,Storm,Tropical cyclone,Ex-Tropical cyclone Oswald,AUS,Australia,Australia and New Zealand,Oceania,"Brisbane, Ipswich, Bundaberg, Rockhampton districts (Queensland province), New South Wales province",,Flood,,,Kph,,,,2013,1.0,23.0,2013,1.0,30.0,6.0,,7500.0,7500.0,1000000.0,1381984.0,2000000.0,2763968.0,72.3597374789251,2014-03-19,2025-12-20
2013-0026-MDG,nat-met-sto-tro,Meteorological,Storm,Tropical cyclone,Topical Depression Feleng,MDG,Madagascar,Sub-Saharan Africa,Africa,"Analanjirofo, Atsimo Atsinanana, Atsinanana, Sava, Vatovavy Fitovinanay provinces",,,,,Kph,,,,2013,1.0,30.0,2013,2.0,2.0,9.0,,4598.0,4598.0,,,,,72.3597374789251,2014-07-29,2025-12-20
2013-0138-BGD,nat-met-sto-tro,Meteorological,Storm,Tropical cyclone,Tropical cyclone Mahasen,BGD,Bangladesh,Southern Asia,Asia,"Patuakhali, Bhola, Barguna districts (Barisal province)",,,,,Kph,,,,2013,5.0,16.0,2013,5.0,16.0,17.0,65.0,1498579.0,1498644.0,,,,,72.3597374789251,2014-01-15,2025-12-20
2013-0138-LKA,nat-met-sto-tro,Meteorological,Storm,Tropical cyclone,Tropical cyclone Mahasen,LKA,Sri Lanka,Southern Asia,Asia,"Central, Eastern, North Central, North Western, Northern, Sabaragamuwa, Southern, Uva, Western provinces",,,,,Kph,,,,2013,5.0,13.0,2013,5.0,16.0,7.0,,3478.0,7339.0,,,,,72.3597374789251,2013-08-27,2025-12-20
2013-0272-PHL,nat-met-sto-tro,Meteorological,Storm,Tropical cyclone,Tropical storm Utor (Labuyo),PHL,Philippines,South-eastern Asia,Asia,"Region I (Ilocos region), Region II (Cagayan Valley), Region III (Central Luzon) provinces",,,,,Kph,,,,2013,8.0,12.0,2013,8.0,15.0,18.0,7.0,395723.0,395730.0,,,32431.0,44819.0,72.3597374789251,2013-11-21,2025-12-20
2013-0249-CHN,nat-met-sto-tro,Meteorological,Storm,Tropical cyclone,Typhoon Soulik,CHN,China,Eastern Asia,Asia,"Guangdong Sheng, Fujian Sheng, Zhejiang Sheng, Jiangxi Sheng, Anhui Sheng provinces",,,,120.0,Kph,,,,2013,7.0,14.0,2013,7.0,14.0,9.0,150.0,390000.0,390150.0,,,460000.0,635713.0,72.3597374789251,2013-08-27,2025-12-20
2013-0258-CHN,nat-met-sto-tro,Meteorological,Storm,Tropical cyclone,Typhoon Rumbia,CHN,China,Eastern Asia,Asia,"Guangxi Zhuangzu Zizhiqu, Yunnan Sheng provinces",,,,110.0,Kph,,,,2013,7.0,1.0,2013,7.0,1.0,7.0,,21000.0,21000.0,,,177000.0,244611.0,72.3597374789251,2013-11-27,2025-12-20
2013-0258-PHL,nat-met-sto-tro,Meteorological,Storm,Tropical cyclone,Typhoon Rumbia,PHL,Philippines,South-eastern Asia,Asia,"Region III (Central Luzon), Region VI (Western Visayas), Region VII (Central Visayas), Region VIII (Eastern Visayas) provinces",,,,,Kph,,,,2013,6.0,30.0,2013,6.0,30.0,7.0,4.0,3592.0,3596.0,,,1000.0,1382.0,72.3597374789251,2013-11-27,2025-12-20
2013-0261-CHN,nat-met-sto-tro,Meteorological,Storm,Tropical cyclone,Tropical storm Ciramon,CHN,China,Eastern Asia,Asia,"Guangdong Sheng, Zheijiang Sheng, Fujian Sheng provinces",,,,,Kph,25.8633,118.14,,2013,7.0,13.0,2013,7.0,15.0,1.0,,3000.0,3000.0,,,253000.0,349642.0,72.3597374789251,2013-08-27,2025-12-20
2013-0272-CHN,nat-met-sto-tro,Meteorological,Storm,Tropical cyclone,Tropical storm Utor (Labuyo),CHN,China,Eastern Asia,Asia,"Hunan Sheng, Guangxi Zhuangzu Zizhiqu, Guangdong Sheng, Hainan Sheng provinces",,Flood,,,Kph,22.7696,113.69,,2013,8.0,15.0,2013,8.0,21.0,88.0,,8000000.0,8000000.0,,,2120000.0,2929806.0,72.3597374789251,2013-11-21,2025-12-20
2013-0306-TWN,nat-met-sto-tro,Meteorological,Storm,Tropical cyclone,Typhoon Trami (Maring),TWN,Taiwan (Province of China),Eastern Asia,Asia,Taiwan Sheng province,,,,,Kph,,,,2013,8.0,22.0,2013,8.0,22.0,2.0,,,,,,12000.0,16584.0,72.3597374789251,2014-04-07,2025-12-20
2013-0373-PHL,nat-met-sto-tro,Meteorological,Storm,Tropical cyclone,Typhoon Usagi (Odette),PHL,Philippines,South-eastern Asia,Asia,"Cordillera Administrative region (CAR), Region I (Ilocos region), Region II (Cagayan Valley), Region III (Central Luzon), Region IV-A (Calabarzon), Region IV (Southern Tagalog), Region V (Bicol region), Region VI (Western Visayas) provinces",,"Flood|Slide (land, mud, snow, rock)",,,Kph,,,,2013,9.0,21.0,2013,9.0,22.0,5.0,,72696.0,72696.0,,,,,72.3597374789251,2013-11-26,2025-12-20
2013-0373-TWN,nat-met-sto-tro,Meteorological,Storm,Tropical cyclone,Typhoon Usagi (Odette),TWN,Taiwan (Province of China),Eastern Asia,Asia,Taiwan Sheng province,,,,,Kph,,,,2013,9.0,22.0,2013,9.0,22.0,,,,,,,6100.0,8430.0,72.3597374789251,2013-10-28,2025-12-20
2013-0415-JPN,nat-met-sto-tro,Meteorological,Storm,Tropical cyclone,Tropical storm Man-Yi,JPN,Japan,Eastern Asia,Asia,"Aiti, Kyooto provinces",,Flood,,,Kph,,,,2013,9.0,16.0,2013,9.0,16.0,6.0,141.0,30147.0,30288.0,,,2000.0,2764.0,72.3597374789251,2013-10-28,2025-12-20
2013-0430-PHL,nat-met-sto-tro,Meteorological,Storm,Tropical cyclone,Tropical storm Nari (SAnti),PHL,Philippines,South-eastern Asia,Asia,"Nueva Vizcaya district (Region II (Cagayan Valley) province), Pangasinan district (Region I (Ilocos region) province), Region III (Central Luzon) province",,Flood,,,Kph,,,,2013,10.0,12.0,2013,10.0,14.0,20.0,154.0,871601.0,871755.0,,,96723.0,133670.0,72.3597374789251,2014-07-29,2025-12-20
2013-0433-PHL,nat-met-sto-tro,Meteorological,Storm,Tropical cyclone,Typhoon Haiyan (Yolanda),PHL,Philippines,South-eastern Asia,Asia,"Samar, Leyte districts (Region VIII (Eastern Visayas) province), Cebu district (Region VII (Central Visayas) province), Iloilo, Capiz, Aklan districts (Region VI (Western Visayas) province), Palawan district (Region IV (Southern Tagalog) province)",,Surge,865152.0,315.0,Kph,,,,2013,11.0,8.0,2013,11.0,8.0,7354.0,28689.0,16078181.0,16106870.0,700000.0,967389.0,10000000.0,13819840.0,72.3597374789251,2014-07-29,2025-12-20
2013-0515-IND,nat-met-sto-tro,Meteorological,Storm,Tropical cyclone,Helen,IND,India,Southern Asia,Asia,"Krishna, Guntur, East Godavari, West Godavari, Vishakhapatnam districts (Andhra Pradesh province)",,Flood,,65.0,Kph,,,,2013,11.0,22.0,2013,11.0,22.0,10.0,,,,,,262000.0,362080.0,72.3597374789251,2013-12-07,2025-12-20
2014-0016-REU,nat-met-sto-tro,Meteorological,Storm,Tropical cyclone,Cyclone Beisja,REU,Réunion,Sub-Saharan Africa,Africa,"Arrondissement du vent, Arrondissement sous le vent provinces",,,,151.0,Kph,,,,2014,1.0,2.0,2014,1.0,2.0,1.0,15.0,250.0,265.0,49000.0,66636.0,85000.0,115593.0,73.5335770092672,2014-01-16,2025-12-20
2014-0001-TON,nat-met-sto-tro,Meteorological,Storm,Tropical cyclone,Ian,TON,Tonga,Polynesia,Oceania,"Mo'unga'one, Ha'ano, Foa, Lifuka, Lofanga, Uiha islands (Ha'apai island group, Tonga province), Vava'u island group (Tonga province)",,,,270.0,Kph,,,,2014,1.0,6.0,2014,1.0,11.0,1.0,14.0,4000.0,4014.0,,,31000.0,42158.0,73.5335770092672,2014-07-29,2025-12-20
2014-0055-PHL,nat-met-sto-tro,Meteorological,Storm,Tropical cyclone,Topical storm Basyang (Kajiki),PHL,Philippines,South-eastern Asia,Asia,"Antique, Negros Occidental districts (Region VI (Western Visayas) province), Cebu (Region VII (Central Visayas) province), Biliran, Leyte, Southern Leyte districts (Region VIII (Eastern Visayas) province), Agusan del Norte, Dinagat, Surigao del Norte districts (Region XIII (Caraga) province)",,"Flood|Slide (land, mud, snow, rock)",,,Kph,,,,2014,1.0,31.0,2014,2.0,1.0,6.0,,47740.0,47740.0,,,3200.0,4352.0,73.5335770092672,2014-03-06,2025-12-20
2014-0092-MDG,nat-met-sto-tro,Meteorological,Storm,Tropical cyclone,Cyclone Helen,MDG,Madagascar,Sub-Saharan Africa,Africa,"Betsiboka, Boeny, Diana, Melaky, Sofia provinces",,,,240.0,Kph,,,,2014,3.0,29.0,2014,4.0,1.0,17.0,,,1736.0,,,,,73.5335770092672,2015-01-15,2025-12-20
2014-0183-GTM,nat-met-sto-tro,Meteorological,Storm,Tropical cyclone,Boris,GTM,Guatemala,Latin America and the Caribbean,Americas,"Alta Verapaz, Huehuetenango, Petén, Quiché, San Marcos provinces",,"Flood|Slide (land, mud, snow, rock)",,,Kph,,,,2014,5.0,30.0,2014,6.0,6.0,5.0,,100000.0,100000.0,,,,,73.5335770092672,2014-06-11,2025-12-20
2014-0227-CHN,nat-met-sto-tro,Meteorological,Storm,Tropical cyclone,Typhoon Rammasun (Glenda),CHN,China,Eastern Asia,Asia,"Hainan Sheng, Guangdong Sheng, Guangxi Zhuangzu Zizhiqu, Yunnan Sheng provinces",,"Flood|Slide (land, mud, snow, rock)",,200.0,Kph,,,,2014,7.0,18.0,2014,7.0,19.0,71.0,99.0,9960000.0,9960099.0,,,4232973.0,5756517.0,73.5335770092672,2014-07-22,2025-12-20
2014-0227-VNM,nat-met-sto-tro,Meteorological,Storm,Tropical cyclone,Typhoon Rammasun (Glenda),VNM,Viet Nam,South-eastern Asia,Asia,Mong Cai Township district (Quang Ninh province),,"Flood|Slide (land, mud, snow, rock)",,,Kph,,,,2014,7.0,19.0,2014,7.0,20.0,27.0,,36000.0,36000.0,,,6200.0,8432.0,73.5335770092672,2014-07-22,2025-12-20
2014-0236-JPN,nat-met-sto-tro,Meteorological,Storm,Tropical cyclone,Typhoon Neoguri,JPN,Japan,Eastern Asia,Asia,"Ehime, Kagawa, Kooti, Tokusima, Hukuoka, Kagosima, Kumamoto, Miyazaki, Nagasaki, Ooita, Saga, Hukusima, Nagano, Hokkaidoo provinces",,"Flood|Slide (land, mud, snow, rock)",,130.0,Kph,,,,2014,7.0,7.0,2014,7.0,10.0,7.0,66.0,600.0,666.0,,,156000.0,212148.0,73.5335770092672,2014-07-22,2025-12-20
2014-0240-CHN,nat-met-sto-tro,Meteorological,Storm,Tropical cyclone,Typhoon Henry (Matmo),CHN,China,Eastern Asia,Asia,"Fujian Sheng, Jiangxi Sheng, Shandong Sheng provinces",,,,120.0,Kph,,,,2014,7.0,22.0,2014,7.0,24.0,14.0,,,,,,500000.0,679961.0,73.5335770092672,2014-08-28,2025-12-20
2014-0240-TWN,nat-met-sto-tro,Meteorological,Storm,Tropical cyclone,Typhoon Henry (Matmo),TWN,Taiwan (Province of China),Eastern Asia,Asia,Taiwan Sheng province,,Flood,,160.0,Kph,,,,2014,7.0,22.0,2014,8.0,24.0,,,,,,,20000.0,27198.0,73.5335770092672,2014-08-28,2025-12-20
2014-0314-KOR,nat-met-sto-tro,Meteorological,Storm,Tropical cyclone,Tropical storm Nakri,KOR,Republic of Korea,Eastern Asia,Asia,"Chungchongnam-do, Chollabuk-do provinces",,,,,Kph,,,,2014,8.0,3.0,2014,8.0,6.0,14.0,,,,,,,,73.5335770092672,2014-09-23,2025-12-20
2014-0330-PHL,nat-met-sto-tro,Meteorological,Storm,Tropical cyclone,Tropical strom Fung-Wong (Mario),PHL,Philippines,South-eastern Asia,Asia,"Dagupan, Lingayen areas (Pangasinan district, Region I (Ilocos region) province), Pampanga district (Region III (Central Luzon) province), Metropolitan Manila district (National Capital region (NCR) province)",,"Slide (land, mud, snow, rock)|Transport accident",,85.0,Kph,,,,2014,9.0,17.0,2014,9.0,22.0,22.0,16.0,2052141.0,2052157.0,,,75783.0,103059.0,73.5335770092672,2014-09-30,2025-12-20
2014-0386-MEX,nat-met-sto-tro,Meteorological,Storm,Tropical cyclone,Hurricane Norbert,MEX,Mexico,Latin America and the Caribbean,Americas,"La Paz district (Bafa California Sur province), Manzanillo district (Colima province), Mazatlan district (Sinaloa province), Baja Peninsula, Chihuahua, Jalisco, Nayarit,",,Flood,,205.0,Kph,,,,2014,9.0,2.0,2014,9.0,11.0,3.0,,7500.0,7500.0,,,25000.0,33998.0,73.5335770092672,2014-10-10,2025-12-20
2014-0390-CHN,nat-met-sto-tro,Meteorological,Storm,Tropical cyclone,Typhoon Kalmaegi (Luis),CHN,China,Eastern Asia,Asia,"Hainan Sheng, Guangdong Sheng, Guangxi Zhuangzu Zizhiqu provinces",,Flood,,,Kph,,,,2014,9.0,10.0,2014,9.0,16.0,9.0,,394000.0,394000.0,,,2900000.0,3943777.0,73.5335770092672,2014-10-10,2025-12-20
2014-0390-VNM,nat-met-sto-tro,Meteorological,Storm,Tropical cyclone,Typhoon Kalmaegi (Luis),VNM,Viet Nam,South-eastern Asia,Asia,"Bac Giang, Bac Kan, Bac Ninh, Cao Bang, Dien Bien, Ha Giang, Ha Nam, Ha Noi City, Ha Tay, Ha Tinh, Hai Duong, Hai Phong City, Hoa Binh, Hung Yen, Lai Chau, Lang Son, Lao Cai, Nam Dinh, Nghe An, Ninh Binh, Phu Tho, Quang Ninh, Son La, Thai Binh, Thai Nguyen, Thanh Hoa, Tuyen Quang, Vinh Phuc, Yen Bai provinces",,,,130.0,Kph,,,,2014,9.0,16.0,2014,9.0,16.0,11.0,,11325.0,11325.0,,,4500.0,6120.0,73.5335770092672,2014-10-10,2025-12-20
2014-0417-MEX,nat-met-sto-tro,Meteorological,Storm,Tropical cyclone,Tropical storm Trudy,MEX,Mexico,Latin America and the Caribbean,Americas,"Tlacoachistlahuaca, Huamuxtitlan, Tlalixtaquilla, Malinaltepec districts (Guerrero province), Oaxaca province",,"Flood|Slide (land, mud, snow, rock)",,,Kph,,,,2014,10.0,18.0,2014,10.0,20.0,6.0,,30000.0,30000.0,,,2000.0,2720.0,73.5335770092672,2014-10-20,2025-12-20
2014-0423-PNG,nat-met-sto-tro,Meteorological,Storm,Tropical cyclone,Cyclone Ita,PNG,Papua New Guinea,Melanesia,Oceania,Milne Bay province,,,,,Kph,,,,2014,4.0,7.0,2014,4.0,9.0,,,12346.0,12346.0,,,,,73.5335770092672,2014-10-27,2025-12-20
2014-0474-VNM,nat-met-sto-tro,Meteorological,Storm,Tropical cyclone,Tropical storm 'Sinlaku' (Queenie),VNM,Viet Nam,South-eastern Asia,Asia,"Phu Yen, Binh Dinh provinces",,,,,Kph,,,,2014,11.0,30.0,2014,11.0,30.0,,,750.0,750.0,,,,,73.5335770092672,2014-12-12,2025-12-20
2015-0017-PHL,nat-met-sto-tro,Meteorological,Storm,Tropical cyclone,Tropical storm 'Amang' (Mekkhala),PHL,Philippines,South-eastern Asia,Asia,"Albay, Camarines Norte, Catanduanes, Sorsogon districts (Region V (Bicol region) province), Cebu district (Region VII (Central Visayas) province), Eastern Samar, Samar districts (Region VIII (Eastern Visayas) province)",,"Flood|Slide (land, mud, snow, rock)",,,Kph,,,,2015,1.0,19.0,2015,1.0,19.0,2.0,,21687.0,21687.0,,,1000.0,1358.0,73.6208029365864,2015-01-19,2025-12-20
2015-0176-PHL,nat-met-sto-tro,Meteorological,Storm,Tropical cyclone,Typhoon Noul (Dodong),PHL,Philippines,South-eastern Asia,Asia,"Benito Soliven, Dinapigue, Dilvilacan, Maconacon, Palanan areas (Isabela district, Region II (Cagayan Valley) province), Aparri, Buguey, Calayan, Gonzaga, Santa Ana, Santa Teresita areas (Cagayan district, Region II (Cagayan Valley) province)",,,,220.0,Kph,,,,2015,5.0,11.0,2015,5.0,11.0,2.0,,523.0,523.0,,,348.0,473.0,73.6208029365864,2015-05-21,2025-12-20
2015-0105-FSM,nat-met-sto-tro,Meteorological,Storm,Tropical cyclone,Typhoon' Maysak',FSM,Micronesia (Federated States of),Micronesia,Oceania,"Chuuk, Ulithi Atoll, Yap areas (Micronesia province)",,,,260.0,Kph,,,,2015,3.0,27.0,2015,3.0,30.0,5.0,,35000.0,35000.0,,,11000.0,14941.0,73.6208029365864,2015-04-01,2025-12-20
2015-0105-PHL,nat-met-sto-tro,Meteorological,Storm,Tropical cyclone,Typhoon' Maysak',PHL,Philippines,South-eastern Asia,Asia,"Isabela district (Region II (Cagayan Valley) province), Aurora district (Region III (Central Luzon) province)",,,,200.0,Kph,,,,2015,4.0,6.0,2015,4.0,6.0,,,2761.0,2761.0,,,,,73.6208029365864,2015-04-07,2025-12-20
2015-0261-JPN,nat-met-sto-tro,Meteorological,Storm,Tropical cyclone,Typhoon Nangka,JPN,Japan,Eastern Asia,Asia,"Aiti, Akita, Aomori, Gifu, Gunma, Hirosima, Hukui, Hukusima, Hyoogo, Ibaraki, Iwate, Kanagawa, Kyooto, Mie, Miyagi, Nagano, Nara, Niigata, Okayama, Okinawa, Oosaka, Saitama, Siga, Simane, Sizuoka, Tiba, Tookyoo, Totigi, Tottori, Toyama, Wakayama, Yamagata, Yamaguti, Yamanasi, Ehime, Kagawa, Kooti, Tokusima provinces",,"Flood|Slide (land, mud, snow, rock)",,185.0,Kph,,,,2015,7.0,16.0,2015,7.0,17.0,2.0,56.0,789.0,845.0,127000.0,172506.0,207000.0,281171.0,73.6208029365864,2015-07-23,2025-12-20
2015-0281-SLB,nat-met-sto-tro,Meteorological,Storm,Tropical cyclone,Tropical cylone Raquel,SLB,Solomon Islands,Melanesia,Oceania,Solomon Islands province,,,,,Kph,,,,2015,7.0,5.0,2015,7.0,6.0,9.0,,,400.0,,,2000.0,2717.0,73.6208029365864,2015-07-23,2025-12-20
2015-0339-TWN,nat-met-sto-tro,Meteorological,Storm,Tropical cyclone,Typhoon 'Soudelor' (Hanna),TWN,Taiwan (Province of China),Eastern Asia,Asia,Taiwan Sheng province,,Flood,,,Kph,,,,2015,8.0,8.0,2015,8.0,9.0,6.0,380.0,,380.0,,,,,73.6208029365864,2015-08-10,2025-12-20
2015-0543-PHL,nat-met-sto-tro,Meteorological,Storm,Tropical cyclone,Typhoon Melor (Nona),PHL,Philippines,South-eastern Asia,Asia,"Nueva Vizcaya district (Region II (Cagayan Valley) province), Quezon, Batangas districts (Region IV-A (Calabarzon) province), Marinduque, Mindoro Oriental, Mindoro Occidental, Romblon districts (Region IV (Southern Tagalog) province), Catanduanes, Albay, Masbate, Sorsogon districts (Region V (Bicol region) province), Biliran districts (Region VII (Central Visayas) province), Samar, Northern Samar districts (Region VIII (Eastern Visayas) province), Quezon City area (Metropolitan Manila district, National Capital region (NCR) province)",,"Flood|Slide (land, mud, snow, rock)",,185.0,Kph,,,,2015,12.0,14.0,2015,12.0,15.0,46.0,24.0,287227.0,287251.0,,,135217.0,183667.0,73.6208029365864,2015-12-15,2025-12-20
2016-0041-FJI,nat-met-sto-tro,Meteorological,Storm,Tropical cyclone,Cyclone Winston,FJI,Fiji,Melanesia,Oceania,"Savusavu (Cakaudrove district, Northern province, Vanua Levu Isl. and Taveuni Isl.), Bua, Macuata districts (Northern province, Vanua Levu Isl.), Western, Central provinces (Viti Levu, Yasawa, Mamanuca Isl.), Lau district (Eastern province, Vanua Balavu, Nayau Isl.), Lomaiviti district (Eastern province, Koro Isl.)",,Flood|Surge,41862.0,,Kph,,,,2016,2.0,20.0,2016,2.0,21.0,45.0,144.0,540414.0,540558.0,50000.0,67069.0,600000.0,804833.0,74.5496029864344,2016-02-22,2025-12-20
2016-0141-TON,nat-met-sto-tro,Meteorological,Storm,Tropical cyclone,Tropical cyclone Zena,TON,Tonga,Polynesia,Oceania,"Eua, Tongatapu, Ha'apai, Tongatapu, 'Eua, Vava'u islands (Administrative unit not available)",,,,,Kph,,,,2016,4.0,7.0,2016,4.0,7.0,,,,,,,,,74.5496029864344,2016-12-07,2025-12-20
2016-0284-GTM,nat-met-sto-tro,Meteorological,Storm,Tropical cyclone,Tropical storm 'Earl',GTM,Guatemala,Latin America and the Caribbean,Americas,"Petén, Izabal provinces",,,,,Kph,,,,2016,8.0,6.0,2016,8.0,6.0,,,55.0,55.0,,,,,74.5496029864344,2016-08-17,2025-12-20
2016-0319-MEX,nat-met-sto-tro,Meteorological,Storm,Tropical cyclone,Hurricane Newton,MEX,Mexico,Latin America and the Caribbean,Americas,"Cabo San Lucas city (La Paz district, Baja California Sur province), Oaxaca, Colima, Jalisco provinces",,Flood,,,Kph,,,,2016,9.0,6.0,2016,9.0,7.0,11.0,,10500.0,10500.0,,,50000.0,67069.0,74.5496029864344,2016-09-14,2025-12-20
2016-0355-DOM,nat-met-sto-tro,Meteorological,Storm,Tropical cyclone,Hurricane 'Matthew',DOM,Dominican Republic,Latin America and the Caribbean,Americas,"Azua, San José de Ocoa, San Juan de la Maguana, Pedernales, Barahona, Independencia, Dajabon, Monte Cristi, Bahoruco, Elias Pina, San Cristobal, Peravia, Santiago Rodriguez, Puerto Plata, Valverde, Santo Domingo, Distrito Nacional, Monsenor Noel, Sanchez Ramirez, Monte Plata, La Vega",,,,,Kph,,,Yabacao,2016,10.0,3.0,2016,10.0,4.0,6.0,,39.0,48.0,,,,,74.5496029864344,2017-10-05,2025-12-20
2016-0361-JPN,nat-met-sto-tro,Meteorological,Storm,Tropical cyclone,Typhoon Chaba (Chyba?),JPN,Japan,Eastern Asia,Asia,Hokkaidoo province (Hokkaido island),,,,,Kph,,,,2016,10.0,5.0,2016,10.0,6.0,,,,,,,,,74.5496029864344,2016-11-16,2025-12-20
2016-0503-PHL,nat-met-sto-tro,Meteorological,Storm,Tropical cyclone,Typhoon 'Nina' (Nock-Ten),PHL,Philippines,South-eastern Asia,Asia,"Batangas, Cavite, Laguna, Quezon, Rizal (Calabarzon); Mariduque, Mindoro Occidental (Mimaropa); Albay, Camarines Norte, Camarines Sur, Catanduanes , Masbate, Sorsogon (Region V, Bicol region); Northern Samar (Region VIII, Eastern Visayas)",,,,185.0,Kph,,,,2016,12.0,25.0,2016,12.0,26.0,24.0,,1893404.0,1893404.0,,,103661.0,139050.0,74.5496029864344,2017-01-02,2025-12-20
2017-0281-LAO,nat-met-sto-tro,Meteorological,Storm,Tropical cyclone,Tropical Storm Talas,LAO,Lao People's Democratic Republic,South-eastern Asia,Asia,"Borikhamxay province (Thongsaen, Napae villages)",,,,,Kph,,,"Phao, Kata, and Nam Thern rivers",2017,7.0,17.0,2017,7.0,19.0,,,,,,,,,76.1376037057766,2017-07-26,2025-12-20
2017-0326-PHL,nat-met-sto-tro,Meteorological,Storm,Tropical cyclone,Typhoon Nesat & Haitang,PHL,Philippines,South-eastern Asia,Asia,"National Capital Region (Valenzuela, Quezon, Manila, Malabon, Paranaque, Makati), Ilocos (Pangasinan, La Union, Ilocos Norte, Ilocos Sur), Central Luzon (Balagtas, Meycauayan, Marilao-Bulacan, MacabebeBrgy. Sto. Rosario - City of San Fernando -Pampanga), Calabarzon (Cavite, Rizal), Cordillera Administrative Region (CAR) (Benguet, Baguio city, Abra,Mt Province, Ifugao)",,"Flood|Slide (land, mud, snow, rock)",,,Kph,,,,2017,7.0,25.0,2017,7.0,27.0,,,7339.0,7339.0,,,174.92,230.0,76.1376037057766,2017-08-07,2025-12-20
2017-0352-HKG,nat-met-sto-tro,Meteorological,Storm,Tropical cyclone,Typhoon 'Hato',HKG,"China, Hong Kong Special Administrative Region",Eastern Asia,Asia,"Tai O, on Lantau Island",,Flood,,,Kph,,,,2017,8.0,24.0,2017,8.0,24.0,,129.0,27.0,156.0,,,755500.0,992282.0,76.1376037057766,2017-08-25,2025-12-20
2017-0381-KNA,nat-met-sto-tro,Meteorological,Storm,Tropical cyclone,Hurricane 'Irma',KNA,Saint Kitts and Nevis,Latin America and the Caribbean,Americas,,,,,,Kph,,,,2017,9.0,6.0,2017,9.0,6.0,,,500.0,500.0,2300.0,3021.0,20000.0,26268.0,76.1376037057766,2017-09-08,2025-12-20
2017-0381-MAF,nat-met-sto-tro,Meteorological,Storm,Tropical cyclone,Hurricane 'Irma',MAF,Saint Martin (French Part),Latin America and the Caribbean,Americas,,,,,,Kph,,,,2017,9.0,8.0,2017,9.0,9.0,12.0,110.0,,110.0,1231200.0,1617072.0,4100000.0,5384987.0,76.1376037057766,2017-09-21,2025-06-25
2017-0381-USA,nat-met-sto-tro,Meteorological,Storm,Tropical cyclone,Hurricane 'Irma',USA,United States of America,Northern America,Americas,"Keys islands, Monroe, South Florida, Jacksonville (Duval), Marco Island, Naples (Collier), Fort Lauderdale (Broward), Lakeland (Polk), Orlando (Orange), Clay (Florida), Savannah, Tybee Island (Chatham), Brunswick, St. Simons Island (Glynn), McIntosh, Camden (Georgia), Charleston, Folly Beach, the Isle of Palms, Sullivan’s Island (Charleston) Hilton Head, Beaufort, Edisto Beach (Colleton) (South Carolina)",,Flood,,300.0,Kph,,,,2017,9.0,10.0,2017,9.0,28.0,97.0,,,70000.0,29000000.0,38088932.0,57000000.0,74864452.0,76.1376037057766,2017-09-12,2025-12-20
2017-0383-MTQ,nat-met-sto-tro,Meteorological,Storm,Tropical cyclone,Hurricane 'Maria',MTQ,Martinique,Latin America and the Caribbean,Americas,"Le Morne-rouge, Le Carbet (St Pierre), Le Marigot, Gros-Morne (La Trinité), Northern coast, Fort-de-France, Schoelcher (Fort de France)",,"Slide (land, mud, snow, rock)",,,Kph,,,,2017,9.0,18.0,2017,9.0,18.0,,2.0,,2.0,,,44000.0,57790.0,76.1376037057766,2017-09-22,2025-12-20
2017-0383-USA,nat-met-sto-tro,Meteorological,Storm,Tropical cyclone,Hurricane 'Maria',USA,United States of America,Northern America,Americas,"Jersey shore, Seaside Park, Point Pleasant Beach (Ocean), Long Branch (Monmouth) (New Jersey), Fernandina beach (Nassau-Florida)",,,,,Kph,,,,2017,9.0,26.0,2017,9.0,27.0,4.0,,,,,,,,76.1376037057766,2018-03-07,2025-12-20
2017-0410-CRI,nat-met-sto-tro,Meteorological,Storm,Tropical cyclone,Tropical depression'16/Hurricane 'Nate',CRI,Costa Rica,Latin America and the Caribbean,Americas,"South Pacific, Region 8- South Zone – Central Pacific: Region 6- Puntarenas (Parrita)- North Pacific: Region 5- Guanacaste (Hojancha, Sardinal de Carrillo)- Huetar Norte: Region 9- North Zone- Central Valley: Region 1, Cartago (Llano Grande de Cartago), Alajuela (Sarchí de Valverde Vega,Athens, ), San Jose (Puriscal,San Marcos de Tarrazú), Esperanza de Santa Cruz, Mollejones de Cabagra",,"Flood|Slide (land, mud, snow, rock)",,,Kph,,,"Tempisque, Bebedero, and Sierpe Rivers in Catsa, Taboga, El Viejo, and Osa, Aranjuez River",2017,9.0,4.0,2017,10.0,6.0,13.0,,11500.0,11500.0,,,185000.0,242981.0,76.1376037057766,2017-10-09,2025-12-20
2017-0410-NIC,nat-met-sto-tro,Meteorological,Storm,Tropical cyclone,Tropical depression'16/Hurricane 'Nate',NIC,Nicaragua,Latin America and the Caribbean,Americas,"Rivas, Chontales, Madriz, Boaco, Rio San Juan, Nueva Segovia, Carazo, Granada and North Caribbean (Bilwi, Waspam, Prinzapolka, Siuna, Rosita, Bonanza)",,,,,Kph,,,,2017,10.0,5.0,2017,10.0,6.0,15.0,,39200.0,39200.0,,,,,76.1376037057766,2017-10-06,2025-12-20
2017-0410-USA,nat-met-sto-tro,Meteorological,Storm,Tropical cyclone,Tropical depression'16/Hurricane 'Nate',USA,United States of America,Northern America,Americas,"Mexico Gulf, Louisiania, Mississippi (coastal areas, Biloxi), Alabama (Dauphin Island, Autauga, Chilton, Lowndes Counties), Florida, South Carolina (Pickens, Laurens, Spartanburg, Newberry, Greenville, Union), North Carolina (Polk, Wilkes, Ashe )",,,,140.0,Kph,,,,2017,10.0,7.0,2017,10.0,8.0,,,60.0,60.0,,,250000.0,328353.0,76.1376037057766,2017-10-09,2025-12-20
2017-0422-PHL,nat-met-sto-tro,Meteorological,Storm,Tropical cyclone,Typhoon 'Damrey' / 'Ramil',PHL,Philippines,South-eastern Asia,Asia,"southern Luzon: Batangas (San Juan town), Palawan (Busuanga town), Camarines Sur (Barangay Sibaguan near Sagnay town, Lagonoy), Albay, Camarines Norte (Vinzons, Mercedes), Oriental Mindoro (Calapan city), Laguna - Calabarzon, Mimaropa, and Bicol Regions",Precursor of Damrey,"Flood|Slide (land, mud, snow, rock)",,75.0,Kph,,,,2017,11.0,1.0,2017,11.0,3.0,6.0,,305.0,305.0,,,,,76.1376037057766,2018-03-08,2025-12-20
2017-0485-CHN,nat-met-sto-tro,Meteorological,Storm,Tropical cyclone,Tropical storm 'Pakhar'/'Jolina',CHN,China,Eastern Asia,Asia,"Guangdong, Fujian, Guangxi Zhuang, Hainan, Yunnan",,,,,Kph,,,,2017,8.0,27.0,2017,8.0,27.0,12.0,,300.0,300.0,,,56000.0,73551.0,76.1376037057766,2017-11-23,2025-12-20
2017-0485-HKG,nat-met-sto-tro,Meteorological,Storm,Tropical cyclone,Tropical storm 'Pakhar'/'Jolina',HKG,"China, Hong Kong Special Administrative Region",Eastern Asia,Asia,,,,,126.0,Kph,,,,2017,8.0,27.0,2017,8.0,27.0,1.0,,,,,,,,76.1376037057766,2018-04-11,2025-12-20
2017-0515-IDN,nat-met-sto-tro,Meteorological,Storm,Tropical cyclone,Cyclone 'Cempaka',IDN,Indonesia,South-eastern Asia,Asia,"East Java’s Pacitan Regency (Klesem village in the Kebonagung Sub-district, Sidomulyo Village in Ngadirojo Sub-district)",,"Flood|Slide (land, mud, snow, rock)",,65.0,Kph,,,,2017,11.0,28.0,2017,11.0,29.0,11.0,35.0,,2035.0,,,,,76.1376037057766,2017-12-08,2025-12-20
2018-0004-PHL,nat-met-sto-tro,Meteorological,Storm,Tropical cyclone,Agaton (01W),PHL,Philippines,South-eastern Asia,Asia,"Aklan, Capiz (Region VI); Bohol, Cebu (Region VII); Camiguin, Lanao del NOrte, Misamis Oriental (Region X); Agusan del NOrte, Dinagat Isl., Surigao del Norte , Surigao del Sur (Caraga)",,,,,Kph,,,,2018,1.0,1.0,2018,1.0,3.0,3.0,9.0,83908.0,83917.0,,,12292.0,15760.0,77.9972651879547,2018-01-05,2025-12-20
2018-0044-PHL,nat-met-sto-tro,Meteorological,Storm,Tropical cyclone,Tropical storm 'Basyang' (Sanba),PHL,Philippines,South-eastern Asia,Asia,"Palawan (Mimaropa); Capiz, Iloilo, Negros occidental (Region IV - Western Visayas); Bohol, Cebu, Negros Oriental, Siquijor (Region VII - Central Visayas); Biliran, Eastern Samar, Leyte, Samar, Southern Leyte (Region VII - Eastern Visayas); Agusan del Norte, Dinagat Isl., Surigao del Norte, Surigao del Sur (REgion XIII - Caraga)",,"Flood|Slide (land, mud, snow, rock)",,75.0,Kph,,,,2018,2.0,12.0,2018,2.0,16.0,,,254859.0,254859.0,,,3070.0,3936.0,77.9972651879547,2018-02-20,2026-03-13
2018-0201-CHN,nat-met-sto-tro,Meteorological,Storm,Tropical cyclone,Tropical storm 'Ewiniar',CHN,China,Eastern Asia,Asia,"Guangdong, Jiangxi, Fujian, and Zhejiang provinces, Hainan Island",,,,,Kph,,,,2018,7.0,19.0,2018,7.0,19.0,14.0,,16200.0,16200.0,,,570000.0,730795.0,77.9972651879547,2018-07-19,2025-12-20
2018-0201-VNM,nat-met-sto-tro,Meteorological,Storm,Tropical cyclone,Tropical storm 'Ewiniar',VNM,Viet Nam,South-eastern Asia,Asia,,,Flood,,,Kph,,,,2018,6.0,6.0,2018,6.0,19.0,1.0,,,,,,,,77.9972651879547,2018-07-19,2023-09-25
2018-0305-VNM,nat-met-sto-tro,Meteorological,Storm,Tropical cyclone,Typhoon 'Bebinca',VNM,Viet Nam,South-eastern Asia,Asia,"Nghe An,Son La, Thanh Hóa, Yên Bái,Bac Giang provinces",,"Flood|Slide (land, mud, snow, rock)",,,Kph,,,,2018,8.0,17.0,2018,8.0,19.0,13.0,,50000.0,50000.0,,,2000.0,2564.0,77.9972651879547,2018-08-23,2025-12-20
2018-0341-CHN,nat-met-sto-tro,Meteorological,Storm,Tropical cyclone,Typhoon Mangkut (Ompong),CHN,China,Eastern Asia,Asia,Shenzhen,,,,,Kph,,,,2018,9.0,10.0,2018,9.0,18.0,,,,,,,770000.0,987214.0,77.9972651879547,2018-10-11,2025-12-20
2018-0341-PHL,nat-met-sto-tro,Meteorological,Storm,Tropical cyclone,Typhoon Mangkut (Ompong),PHL,Philippines,South-eastern Asia,Asia,"Apayao, Benguet, Cagayan, Kalinga, Isabela, Abra, Ilocos Norte and Ilocos Sur",,"Slide (land, mud, snow, rock)",,240.0,Kph,,,,2018,9.0,16.0,2018,9.0,16.0,84.0,138.0,3800000.0,3800138.0,,,32033.0,41069.0,77.9972651879547,2018-09-18,2025-12-20
2018-0342-USA,nat-met-sto-tro,Meteorological,Storm,Tropical cyclone,Hurricane Florence,USA,United States of America,Northern America,Americas,"South and North Carolina, Virginia",,Flood,,,Kph,,,,2018,9.0,12.0,2018,9.0,18.0,53.0,,1500000.0,1500000.0,5000000.0,6410481.0,14000000.0,17949347.0,77.9972651879547,2018-09-18,2025-12-20
2018-0373-CUB,nat-met-sto-tro,Meteorological,Storm,Tropical cyclone,Hurricane Michael,CUB,Cuba,Latin America and the Caribbean,Americas,"Sandino, San Juan municipalities (Pinar del Rio province)",,,,,Kph,,,,2018,10.0,10.0,2018,10.0,11.0,,,540.0,540.0,,,,,77.9972651879547,2018-10-11,2025-12-20
2018-0373-USA,nat-met-sto-tro,Meteorological,Storm,Tropical cyclone,Hurricane Michael,USA,United States of America,Northern America,Americas,"Florida, Georgia, Alabama, North Carolina, Virginia, Maryland",,Surge,,250.0,Kph,,,,2018,10.0,10.0,2018,10.0,11.0,49.0,,5000.0,5000.0,10000000.0,12820962.0,16000000.0,20513540.0,77.9972651879547,2018-10-11,2025-12-20
2018-0406-MEX,nat-met-sto-tro,Meteorological,Storm,Tropical cyclone,Hurricane Willa,MEX,Mexico,Latin America and the Caribbean,Americas,"Sinaloa, Nayarit, Jalisco, Durango, Zacatec",,,,195.0,Kph,,,,2018,10.0,23.0,2018,10.0,23.0,6.0,,10000.0,10000.0,,,536800.0,688229.0,77.9972651879547,2018-11-06,2025-12-20
2018-0473-IND,nat-met-sto-tro,Meteorological,Storm,Tropical cyclone,Tropical storm 'Phethai',IND,India,Southern Asia,Asia,"Andhra Pradesh, Odisha",,,,100.0,Kph,,,,2018,12.0,17.0,2018,12.0,19.0,8.0,,10000.0,10000.0,,,100000.0,128210.0,77.9972651879547,2019-01-22,2025-12-20
2019-0009-THA,nat-met-sto-tro,Meteorological,Storm,Tropical cyclone,Tropical cylone 'Pabuk',THA,Thailand,South-eastern Asia,Asia,"Nakhon Si Thammarat, Surat Thani provinces",,,,,Kph,,,,2019,1.0,4.0,2019,1.0,4.0,7.0,,720885.0,720885.0,,,,,79.4107846043372,2019-01-17,2025-12-20
2019-0110-MDG,nat-met-sto-tro,Meteorological,Storm,Tropical cyclone,Cyclone 'Idai',MDG,Madagascar,Sub-Saharan Africa,Africa,Besalampy (Melaky),,,,,Kph,,,,2019,3.0,15.0,2019,3.0,15.0,3.0,,1100.0,1100.0,,,,,79.4107846043372,2019-10-03,2025-06-25
2019-0164-BGD,nat-met-sto-tro,Meteorological,Storm,Tropical cyclone,Cyclone 'Fani',BGD,Bangladesh,Southern Asia,Asia,"Barguna, Kishoreganj,Noakhali, Laxmipur, Feni, Chandpur, Bhola, Patuakhali, Barishal, Pirozpur, Jhalokathi, Bagherhat, Khulna, Satkhira districts",,,,200.0,Kph,,,,2019,5.0,4.0,2019,5.0,4.0,39.0,45.0,,10045.0,,,,,79.4107846043372,2019-05-06,2025-12-20
2019-0165-MOZ,nat-met-sto-tro,Meteorological,Storm,Tropical cyclone,Cyclone 'Kenneth',MOZ,Mozambique,Sub-Saharan Africa,Africa,Cabo Delgado,,,,300.0,Kph,,,,2019,4.0,25.0,2019,4.0,25.0,45.0,94.0,400000.0,400094.0,,,230000.0,289633.0,79.4107846043372,2019-05-06,2025-12-20
2019-0412-USA,nat-met-sto-tro,Meteorological,Storm,Tropical cyclone,Tropical cyclone 'Dorian',USA,United States of America,Northern America,Americas,"Florida, Georgia, South Carolina, North Carolina, Virginia",,Flood,,150.0,Kph,,,,2019,8.0,28.0,2019,9.0,6.0,10.0,,,,,,1600000.0,2014840.0,79.4107846043372,2019-10-28,2025-12-20
2019-0417-USA,nat-met-sto-tro,Meteorological,Storm,Tropical cyclone,Tropical storm ' Imelda',USA,United States of America,Northern America,Americas,Texas,,Flood,,65.0,Kph,,,,2019,9.0,17.0,2019,9.0,21.0,5.0,,1000.0,1000.0,1200000.0,1511130.0,3500000.0,4407462.0,79.4107846043372,2019-09-20,2025-12-20
2019-0418-MEX,nat-met-sto-tro,Meteorological,Storm,Tropical cyclone,Tropical cyclone 'Lorena',MEX,Mexico,Latin America and the Caribbean,Americas,"Baja California Peninsula, coastal Baja California Sur, Jalisco, Sinaloa, Nayarit, Michoacan, Colima States",,Flood,,130.0,Kph,,,,2019,9.0,20.0,2019,9.0,20.0,1.0,,200.0,200.0,,,,,79.4107846043372,2019-09-20,2025-12-20
2019-0424-JPN,nat-met-sto-tro,Meteorological,Storm,Tropical cyclone,Tropical cyclone 'Lingling',JPN,Japan,Eastern Asia,Asia,"Nagano, Yamaguchi, Hiroshima, Tottori, Okayama, Okinawa and Miyazaki Prefectures",,,,,Kph,,,,2019,9.0,5.0,2019,9.0,8.0,,,,,,,10000.0,12593.0,79.4107846043372,2019-10-28,2025-12-20
2019-0472-KOR,nat-met-sto-tro,Meteorological,Storm,Tropical cyclone,Tropical cyclone 'Mitag',KOR,Republic of Korea,Eastern Asia,Asia,South Jeolla Province,,,,75.0,Kph,,,,2019,10.0,2.0,2019,10.0,2.0,15.0,11.0,1400.0,1411.0,,,553000.0,696379.0,79.4107846043372,2019-10-03,2025-12-20
2019-0521-JPN,nat-met-sto-tro,Meteorological,Storm,Tropical cyclone,Typhoon 'Faxai',JPN,Japan,Eastern Asia,Asia,Chiba prefecture; Tokyo,,,,170.0,Kph,,,,2019,10.0,8.0,2019,10.0,8.0,3.0,150.0,120000.0,120150.0,7000000.0,8814924.0,9100000.0,11459401.0,79.4107846043372,2019-10-28,2025-12-20
2019-0550-IND,nat-met-sto-tro,Meteorological,Storm,Tropical cyclone,Tropical cyclone 'Bulbul',IND,India,Southern Asia,Asia,"South Assam, Meghalaya, Tripura, Mizoram, West Begal, Odisha state",,,,,Kph,,,,2019,11.0,9.0,2019,11.0,10.0,12.0,,130000.0,130000.0,,,,,79.4107846043372,2019-11-19,2025-12-20
