storm_id,hurricane_name,season,basin,peak_category,peak_wind_kts,peak_wind_mph,min_pressure_mb,start_date,end_date,duration_days,landfall_status,landfall_category,landfall_time,landfall_lat,landfall_lon,landfall_wind_kts
2000217N11342,Alberto (2000),2000,Unknown,Category 3,110.0,126.6,950.0,2000-08-03,2000-08-25,21.5,At Sea / Open Water,At Sea / Open Water,N/A,,,
2000142N12262,Aletta (2000),2000,EP,Category 2,90.0,103.6,970.0,2000-05-21,2000-05-28,7.0,At Sea / Open Water,At Sea / Open Water,N/A,,,
1999357S08076,Astride (2000),2000,SI,Category 1,65.0,74.8,,1999-12-23,2000-01-03,11.2,Landfall,Tropical Storm,1999-12-31 21:00,-12.8108,49.5134,42.0
2000003S13082,Babiola (2000),2000,SI,Category 2,90.0,103.6,,2000-01-03,2000-01-14,11.2,At Sea / Open Water,At Sea / Open Water,N/A,,,
2000305N06136,Bebinca (2000),2000,WP,Category 2,85.0,97.8,,2000-10-30,2000-11-08,8.5,Landfall,Category 1,2000-11-02 03:00,13.8944,124.201,67.0
2000227N23267,Beryl (2000),2000,Unknown,Tropical Storm,45.0,51.8,1007.0,2000-08-13,2000-08-15,2.0,Landfall,Tropical Storm,2000-08-15 06:00,24.5,-97.7,45.0
2000230N08139,Bilis (2000),2000,WP,Category 5,140.0,161.1,,2000-08-17,2000-08-27,10.0,Landfall,Category 4,2000-08-22 15:00,23.0779,121.218,135.0
2000202N12131,Bolaven (2000),2000,WP,Tropical Storm,50.0,57.5,,2000-07-19,2000-08-02,13.5,Landfall,Tropical Depression,2000-08-01 00:00,43.5,135.1,
2000248N18126,Bopha (2000),2000,WP,Tropical Storm,55.0,63.3,,2000-09-04,2000-09-12,7.8,Landfall,Tropical Storm,2000-09-11 03:00,18.2944,121.959,42.0
2000164N12256,Bud (2000),2000,EP,Tropical Storm,45.0,51.8,994.0,2000-06-12,2000-06-17,5.5,At Sea / Open Water,At Sea / Open Water,N/A,,,
2000170N10268,Carlotta (2000),2000,EP,Category 4,135.0,155.4,932.0,2000-06-17,2000-06-25,7.8,At Sea / Open Water,At Sea / Open Water,N/A,,,
2000209N06182,Chanchu (2000),2000,WP,Tropical Storm,40.0,46.0,,2000-07-26,2000-07-30,3.8,At Sea / Open Water,At Sea / Open Water,N/A,,,
2000231N14308,Chris (2000),2000,Unknown,Tropical Storm,35.0,40.3,1008.0,2000-08-17,2000-08-19,2.0,At Sea / Open Water,At Sea / Open Water,N/A,,,
2000025S15056,Connie (2000),2000,SI,Category 4,120.0,138.1,,2000-01-25,2000-02-02,8.5,At Sea / Open Water,At Sea / Open Water,N/A,,,
2000031S11074,Damienne (2000),2000,SI,Tropical Storm,50.0,57.5,,2000-01-30,2000-02-07,7.2,At Sea / Open Water,At Sea / Open Water,N/A,,,
2000125N06136,Damrey (2000),2000,WP,Category 5,155.0,178.4,,2000-05-03,2000-05-16,13.0,At Sea / Open Water,At Sea / Open Water,N/A,,,
2000205N10260,Daniel (2000),2000,EP,Category 3,110.0,126.6,954.0,2000-07-22,2000-08-05,13.8,At Sea / Open Water,At Sea / Open Water,N/A,,,
2000233N12316,Debby (2000),2000,Unknown,Category 1,75.0,86.3,991.0,2000-08-19,2000-08-24,4.8,At Sea / Open Water,At Sea / Open Water,N/A,,,
2000032S11116,Eline:Leone (2000),2000,SI,Category 4,115.0,132.3,,2000-02-01,2000-02-29,28.3,Landfall,Category 1,2000-02-17 18:00,-19.5667,48.5,75.0
2000206N11266,Emilia (2000),2000,EP,Tropical Storm,55.0,63.3,994.0,2000-07-24,2000-07-30,6.0,At Sea / Open Water,At Sea / Open Water,N/A,,,
2000246N15315,Ernesto (2000),2000,Unknown,Tropical Storm,35.0,40.3,1008.0,2000-09-01,2000-09-03,2.2,At Sea / Open Water,At Sea / Open Water,N/A,,,
2000222N14143,Ewiniar (2000),2000,WP,Category 1,75.0,86.3,,2000-08-08,2000-08-21,12.8,At Sea / Open Water,At Sea / Open Water,N/A,,,
2000215N15254,Fabio (2000),2000,EP,Tropical Storm,45.0,51.8,1000.0,2000-08-01,2000-08-08,6.2,At Sea / Open Water,At Sea / Open Water,N/A,,,
2000050S13078,Felicia (2000),2000,SI,Category 1,65.0,74.8,,2000-02-18,2000-02-26,7.8,At Sea / Open Water,At Sea / Open Water,N/A,,,
2000255N31289,Florence (2000),2000,Unknown,Category 1,70.0,80.6,985.0,2000-09-10,2000-09-17,7.0,At Sea / Open Water,At Sea / Open Water,N/A,,,
2000217N12260,Gilma (2000),2000,EP,Category 1,70.0,80.6,984.0,2000-08-04,2000-08-11,7.0,At Sea / Open Water,At Sea / Open Water,N/A,,,
2000058S14063,Gloria (2000),2000,SI,Tropical Storm,50.0,57.5,,2000-02-27,2000-03-10,12.5,Landfall,Tropical Storm,2000-03-01 18:00,-13.8667,50.1,50.0
2000259N20273,Gordon (2000),2000,Unknown,Category 1,70.0,80.6,981.0,2000-09-14,2000-09-21,6.8,Landfall,Tropical Depression,2000-09-14 18:00,20.4,-87.4,25.0
2000223N18257,Hector (2000),2000,EP,Category 1,70.0,80.6,983.0,2000-08-10,2000-08-16,6.5,At Sea / Open Water,At Sea / Open Water,N/A,,,
2000260N15308,Helene (2000),2000,Unknown,Tropical Storm,60.0,69.0,986.0,2000-09-15,2000-09-25,10.2,Landfall,Tropical Storm,2000-09-22 12:00,30.5,-86.6,35.0
2000067S15189,Hr19S(Mona):Mona (2000),2000,SP,Category 1,80.0,92.1,,2000-03-06,2000-03-14,7.5,At Sea / Open Water,At Sea / Open Water,N/A,,,
2000083S17102,Hudah (2000),2000,SI,Category 4,125.0,143.8,,2000-03-22,2000-04-09,17.8,Landfall,Category 3,2000-04-02 21:00,-14.9236,49.7874,107.0
2000226N16258,Ileana (2000),2000,EP,Tropical Storm,60.0,69.0,991.0,2000-08-13,2000-08-17,4.0,At Sea / Open Water,At Sea / Open Water,N/A,,,
1999343S09095,Ilsa (2000),2000,SI,Tropical Storm,60.0,69.0,,1999-12-08,1999-12-17,8.6,Landfall,Tropical Storm,1999-12-17 06:00,-19.9357,120.835,35.0
2000103S10095,Innocente (2000),2000,SI,Tropical Storm,45.0,51.8,,2000-04-11,2000-04-24,13.0,At Sea / Open Water,At Sea / Open Water,N/A,,,
2000006S15164,Iris (2000),2000,SP,Category 1,70.0,80.6,,2000-01-06,2000-01-10,4.8,At Sea / Open Water,At Sea / Open Water,N/A,,,
2000266N12337,Isaac (2000),2000,Unknown,Category 4,120.0,138.1,943.0,2000-09-21,2000-10-04,12.8,At Sea / Open Water,At Sea / Open Water,N/A,,,
2000214N22155,Jelawat (2000),2000,WP,Category 4,125.0,143.8,,2000-07-31,2000-08-12,12.0,Landfall,Category 1,2000-08-10 12:00,29.325,121.825,65.0
2000023S15172,Jo (2000),2000,SP,Category 1,65.0,74.8,,2000-01-23,2000-02-02,10.7,At Sea / Open Water,At Sea / Open Water,N/A,,,
1999343S11123,John (2000),2000,SI,Category 4,130.0,149.6,,1999-12-09,1999-12-16,6.8,Landfall,Category 4,1999-12-15 00:00,-20.8325,117.586,130.0
2000241N15223,John (2000),2000,EP,Tropical Storm,60.0,69.0,994.0,2000-08-28,2000-09-01,4.2,At Sea / Open Water,At Sea / Open Water,N/A,,,
2000270N11330,Joyce (2000),2000,Unknown,Category 1,80.0,92.1,975.0,2000-09-25,2000-10-02,6.8,At Sea / Open Water,At Sea / Open Water,N/A,,,
2000232N12116,Kaemi (2000),2000,WP,Tropical Storm,45.0,51.8,,2000-08-18,2000-08-23,5.2,Landfall,Tropical Storm,2000-08-22 09:00,16.0121,107.79,40.0
2000185N15117,Kai-Tak (2000),2000,WP,Category 1,75.0,86.3,,2000-07-02,2000-07-12,9.5,Landfall,Tropical Storm,2000-07-09 06:00,24.525,121.55,55.0
2000273N16277,Keith (2000),2000,Unknown,Category 4,120.0,138.1,939.0,2000-09-28,2000-10-06,7.8,Landfall,Tropical Storm,2000-10-03 03:00,17.9,-88.2,60.0
2000055S23227,Kim (2000),2000,SP,Category 3,100.0,115.1,,2000-02-23,2000-03-03,8.5,At Sea / Open Water,At Sea / Open Water,N/A,,,
2000184N13133,Kirogi (2000),2000,WP,Category 4,115.0,132.3,,2000-07-02,2000-07-10,8.2,At Sea / Open Water,At Sea / Open Water,N/A,,,
2000024S12100,Kirrily (2000),2000,SI,Category 2,85.0,97.8,,2000-01-24,2000-02-01,8.8,At Sea / Open Water,At Sea / Open Water,N/A,,,
2000244N13229,Kristy (2000),2000,EP,Tropical Storm,35.0,40.3,1004.0,2000-08-31,2000-09-03,3.0,At Sea / Open Water,At Sea / Open Water,N/A,,,
2000249N15258,Lane (2000),2000,EP,Category 2,85.0,97.8,967.0,2000-09-05,2000-09-14,9.0,At Sea / Open Water,At Sea / Open Water,N/A,,,
2000064S19209,Leo (2000),2000,SP,Tropical Storm,55.0,63.3,,2000-03-04,2000-03-10,6.0,At Sea / Open Water,At Sea / Open Water,N/A,,,
2000279N29279,Leslie (2000),2000,Unknown,Tropical Storm,60.0,69.0,973.0,2000-10-04,2000-10-10,6.2,Landfall,Tropical Depression,2000-10-04 12:00,29.0,-81.4,30.0
2000138N16119,Longwang (2000),2000,WP,Tropical Storm,40.0,46.0,,2000-05-17,2000-05-24,7.0,Landfall,Tropical Depression,2000-05-17 15:00,15.9767,119.827,
2000240N22115,Maria (2000),2000,WP,Tropical Storm,55.0,63.3,,2000-08-27,2000-09-02,6.5,Landfall,Tropical Storm,2000-08-31 21:00,22.8227,114.884,47.0
2000290N30289,Michael (2000),2000,Unknown,Category 2,85.0,97.8,965.0,2000-10-15,2000-10-20,5.2,Landfall,Category 1,2000-10-20 00:00,48.0,-56.5,75.0
2000260N19253,Miriam (2000),2000,EP,Tropical Storm,35.0,40.3,1004.0,2000-09-15,2000-09-17,1.8,At Sea / Open Water,At Sea / Open Water,N/A,,,
2000294N26300,Nadine (2000),2000,Unknown,Tropical Storm,50.0,57.5,999.0,2000-10-19,2000-10-22,3.0,At Sea / Open Water,At Sea / Open Water,N/A,,,
2000104S17182,Neil (2000),2000,SP,Tropical Storm,40.0,46.0,,2000-04-13,2000-04-20,7.2,At Sea / Open Water,At Sea / Open Water,N/A,,,
2000060S17123,Norman (2000),2000,SI,Category 4,120.0,138.1,,2000-02-28,2000-03-10,10.2,Landfall,Tropical Depression,2000-02-28 22:00,-17.3,123.0,
2000264N17257,Norman (2000),2000,EP,Tropical Storm,45.0,51.8,998.0,2000-09-20,2000-09-22,2.8,Landfall,Tropical Storm,2000-09-20 18:00,18.3,-103.1,45.0
2000060S12086,Not_Named (2000),2000,SI,Tropical Storm,35.0,40.3,,2000-02-29,2000-03-11,10.8,At Sea / Open Water,At Sea / Open Water,N/A,,,
2000141N24130,Not_Named (2000),2000,WP,Tropical Storm,35.0,40.3,,2000-05-19,2000-05-20,0.5,At Sea / Open Water,At Sea / Open Water,N/A,,,
2000272N24165,Not_Named (2000),2000,WP,Tropical Storm,35.0,40.3,,2000-09-27,2000-09-30,3.0,At Sea / Open Water,At Sea / Open Water,N/A,,,
2000281N11111,Not_Named (2000),2000,WP,Tropical Storm,40.0,46.0,,2000-10-06,2000-10-14,8.0,At Sea / Open Water,At Sea / Open Water,N/A,,,
2000289N15089,Not_Named (2000),2000,NI,Tropical Storm,35.0,40.3,,2000-10-14,2000-10-19,4.5,At Sea / Open Water,At Sea / Open Water,N/A,,,
2000299N13093,Not_Named (2000),2000,NI,Tropical Storm,35.0,40.3,,2000-10-25,2000-10-29,3.6,Landfall,Tropical Storm,2000-10-28 00:00,21.6286,88.9571,35.0
2000299N22291,Not_Named (2000),2000,Unknown,Tropical Storm,55.0,63.3,976.0,2000-10-25,2000-10-29,4.5,At Sea / Open Water,At Sea / Open Water,N/A,,,
2000331N09092,Not_Named (2000),2000,NI,Category 1,65.0,74.8,,2000-11-26,2000-12-06,9.9,Landfall,Tropical Storm,2000-11-29 15:00,11.4087,79.2812,60.0
2000358N08086,Not_Named (2000),2000,NI,Category 1,65.0,74.8,,2000-12-23,2000-12-29,5.9,Landfall,Category 1,2000-12-26 12:00,8.5,81.0,65.0
2000075S17119,Olga (2000),2000,SI,Tropical Storm,50.0,57.5,,2000-03-14,2000-03-20,5.4,At Sea / Open Water,At Sea / Open Water,N/A,,,
2000277N15257,Olivia (2000),2000,EP,Tropical Storm,55.0,63.3,994.0,2000-10-02,2000-10-10,7.8,At Sea / Open Water,At Sea / Open Water,N/A,,,
2000102S13128,Paul (2000),2000,SI,Category 4,130.0,149.6,,2000-04-10,2000-04-21,10.8,At Sea / Open Water,At Sea / Open Water,N/A,,,
2000299N10252,Paul (2000),2000,EP,Tropical Storm,40.0,46.0,1003.0,2000-10-25,2000-10-29,3.8,At Sea / Open Water,At Sea / Open Water,N/A,,,
2000237N08138,Prapiroon (2000),2000,WP,Category 1,75.0,86.3,,2000-08-24,2000-09-04,11.2,Landfall,Tropical Storm,2000-08-31 15:00,38.2851,125.887,55.0
2000309N10270,Rosa (2000),2000,EP,Tropical Storm,55.0,63.3,993.0,2000-11-03,2000-11-08,4.8,Landfall,Tropical Storm,2000-11-08 07:00,15.671,-96.3345,35.0
2000105S09127,Rosita (2000),2000,SI,Category 4,125.0,143.8,,2000-04-14,2000-04-21,6.8,Landfall,Category 4,2000-04-19 18:00,-18.4026,122.309,125.0
2000332N08133,Rumbia (2000),2000,WP,Tropical Storm,55.0,63.3,,2000-11-27,2000-12-08,11.0,Landfall,Tropical Storm,2000-11-30 00:00,11.1,125.4,55.0
2000245N14157,Saomai (2000),2000,WP,Category 5,140.0,161.1,,2000-08-31,2000-09-19,18.2,Landfall,Tropical Storm,2000-09-15 21:00,35.2826,128.439,60.0
2000260N15178,Shanshan (2000),2000,WP,Category 4,135.0,155.4,,2000-09-15,2000-09-25,10.0,At Sea / Open Water,At Sea / Open Water,N/A,,,
2000258N22138,Sonamu (2000),2000,WP,Category 1,75.0,86.3,,2000-09-14,2000-09-20,6.5,At Sea / Open Water,At Sea / Open Water,N/A,,,
2000364N07130,Soulik (2000),2000,WP,Category 3,110.0,126.6,,2000-12-28,2001-01-05,7.5,At Sea / Open Water,At Sea / Open Water,N/A,,,
2000056S17152,Steve (2000),2000,SI,Category 1,65.0,74.8,,2000-02-25,2000-03-11,15.9,Landfall,Tropical Storm,2000-02-27 09:00,-16.6886,145.514,37.0
2000199N20145,Tembin (2000),2000,WP,Tropical Storm,45.0,51.8,,2000-07-17,2000-07-23,6.2,At Sea / Open Water,At Sea / Open Water,N/A,,,
2000091S14156,Tessi (2000),2000,SP,Tropical Storm,50.0,57.5,,2000-03-31,2000-04-03,3.5,Landfall,Tropical Storm,2000-04-02 21:00,-18.8211,146.32,40.0
2000201N11224,Upana (2000),2000,EP,Tropical Storm,40.0,46.0,,2000-07-19,2000-07-24,5.2,At Sea / Open Water,At Sea / Open Water,N/A,,,
2000089S20168,Vaughan (2000),2000,SP,Tropical Storm,50.0,57.5,,2000-03-28,2000-04-07,9.0,At Sea / Open Water,At Sea / Open Water,N/A,,,
2000228N31180,Wene (2000),2000,EP,Tropical Storm,45.0,51.8,,2000-08-14,2000-08-17,2.8,At Sea / Open Water,At Sea / Open Water,N/A,,,
2000248N17117,Wukong (2000),2000,WP,Category 2,95.0,109.3,,2000-09-04,2000-09-10,6.5,Landfall,Category 1,2000-09-09 06:00,18.2,109.675,75.0
2000299N08139,Xangsane (2000),2000,WP,Category 2,90.0,103.6,,2000-10-24,2000-11-02,8.5,Landfall,Category 1,2000-10-27 21:00,13.7106,122.979,70.0
2000295N20146,Yagi (2000),2000,WP,Category 3,105.0,120.8,,2000-10-21,2000-10-28,7.2,At Sea / Open Water,At Sea / Open Water,N/A,,,
2001054S15155,Abigail (2001),2001,SI,Tropical Storm,60.0,69.0,,2001-02-23,2001-03-08,13.0,Landfall,Tropical Depression,2001-02-24 06:00,-16.5333,145.367,30.0
2001146N14259,Adolph (2001),2001,EP,Category 4,125.0,143.8,940.0,2001-05-25,2001-06-01,7.0,At Sea / Open Water,At Sea / Open Water,N/A,,,
2001106S08137,Alistair (2001),2001,SI,Category 1,65.0,74.8,,2001-04-15,2001-04-24,8.5,Landfall,Tropical Depression,2001-04-23 21:00,-24.6278,113.695,
2001157N28265,Allison (2001),2001,Unknown,Tropical Storm,50.0,57.5,1000.0,2001-06-05,2001-06-19,13.5,Landfall,Tropical Storm,2001-06-06 00:00,29.3,-95.3,45.0
2000366S09068,Ando (2001),2001,SI,Category 4,120.0,138.1,,2000-12-31,2001-01-13,12.8,At Sea / Open Water,At Sea / Open Water,N/A,,,
2001171N12234,Barbara (2001),2001,EP,Tropical Storm,50.0,57.5,997.0,2001-06-20,2001-06-26,6.2,At Sea / Open Water,At Sea / Open Water,N/A,,,
2001215N26275,Barry (2001),2001,Unknown,Tropical Storm,60.0,69.0,990.0,2001-08-02,2001-08-08,5.8,Landfall,Tropical Storm,2001-08-06 06:00,30.6,-86.4,60.0
2001003S09091,Bindu (2001),2001,SI,Category 3,100.0,115.1,,2001-01-03,2001-01-22,19.0,At Sea / Open Water,At Sea / Open Water,N/A,,,
2001227N13323,Chantal (2001),2001,Unknown,Tropical Storm,60.0,69.0,997.0,2001-08-14,2001-08-22,7.8,Landfall,Tropical Storm,2001-08-21 06:00,18.2,-88.1,55.0
2001018S12086,Charly (2001),2001,SI,Category 3,105.0,120.8,,2001-01-17,2001-02-01,14.8,At Sea / Open Water,At Sea / Open Water,N/A,,,
2001170N11138,Chebi (2001),2001,WP,Category 3,100.0,115.1,944.0,2001-06-19,2001-06-25,6.5,Landfall,Category 2,2001-06-23 15:00,25.5842,119.463,87.0
2001125N05129,Cimaron (2001),2001,WP,Tropical Storm,60.0,69.0,984.0,2001-05-05,2001-05-15,10.5,Landfall,Tropical Depression,2001-05-07 21:00,11.15,125.257,25.0
2001194N15252,Cosme (2001),2001,EP,Tropical Storm,40.0,46.0,1000.0,2001-07-13,2001-07-15,2.0,At Sea / Open Water,At Sea / Open Water,N/A,,,
2001202N11266,Dalila (2001),2001,EP,Category 1,65.0,74.8,987.0,2001-07-21,2001-07-28,7.5,At Sea / Open Water,At Sea / Open Water,N/A,,,
2001246N19156,Danas (2001),2001,WP,Category 3,105.0,120.8,938.0,2001-09-03,2001-09-12,9.8,Landfall,Category 1,2001-09-10 21:00,34.6969,138.972,72.0
2001235N18296,Dean (2001),2001,Unknown,Tropical Storm,60.0,69.0,994.0,2001-08-22,2001-08-29,7.0,At Sea / Open Water,At Sea / Open Water,N/A,,,
2001064S10052,Dera (2001),2001,SI,Category 2,90.0,103.6,,2001-03-04,2001-03-13,8.5,Landfall,Tropical Depression,2001-03-06 00:00,-12.7,49.4,
2001180N15118,Durian (2001),2001,WP,Category 1,75.0,86.3,967.0,2001-06-29,2001-07-03,4.5,Landfall,Category 1,2001-07-01 21:00,21.108,110.319,75.0
2001202N14243,Erick (2001),2001,EP,Tropical Storm,35.0,40.3,1001.0,2001-07-20,2001-07-24,3.2,At Sea / Open Water,At Sea / Open Water,N/A,,,
2001245N13326,Erin (2001),2001,Unknown,Category 3,105.0,120.8,968.0,2001-09-01,2001-09-17,15.2,Landfall,Tropical Storm,2001-09-16 09:00,60.7869,-43.363,55.0
2001093S10062,Evariste (2001),2001,SI,Category 1,75.0,86.3,,2001-04-02,2001-04-08,6.2,At Sea / Open Water,At Sea / Open Water,N/A,,,
2001347N04162,Faxai (2001),2001,WP,Category 5,155.0,178.4,879.0,2001-12-13,2001-12-26,13.2,At Sea / Open Water,At Sea / Open Water,N/A,,,
2001251N14332,Felix (2001),2001,Unknown,Category 3,100.0,115.1,962.0,2001-09-07,2001-09-19,11.2,At Sea / Open Water,At Sea / Open Water,N/A,,,
2001239N19116,Fitow (2001),2001,WP,Tropical Storm,45.0,51.8,991.0,2001-08-27,2001-09-12,15.8,Landfall,Tropical Depression,2001-08-29 15:00,19.8436,110.691,25.0
2001238N19252,Flossie (2001),2001,EP,Category 2,90.0,103.6,972.0,2001-08-26,2001-09-02,6.8,At Sea / Open Water,At Sea / Open Water,N/A,,,
2001260N14167,Francisco (2001),2001,WP,Category 3,100.0,115.1,944.0,2001-09-17,2001-09-27,9.8,At Sea / Open Water,At Sea / Open Water,N/A,,,
2001255N26276,Gabrielle (2001),2001,Unknown,Category 1,70.0,80.6,975.0,2001-09-11,2001-09-21,10.0,Landfall,Tropical Storm,2001-09-14 15:00,27.6024,-82.1547,52.0
2001247N15237,Gil (2001),2001,EP,Category 2,85.0,97.8,975.0,2001-09-04,2001-09-09,5.5,At Sea / Open Water,At Sea / Open Water,N/A,,,
2001284N16132,Haiyan (2001),2001,WP,Category 2,90.0,103.6,954.0,2001-10-11,2001-10-18,7.5,At Sea / Open Water,At Sea / Open Water,N/A,,,
2001248N17251,Henriette (2001),2001,EP,Tropical Storm,55.0,63.3,994.0,2001-09-04,2001-09-08,4.0,At Sea / Open Water,At Sea / Open Water,N/A,,,
2001265N25296,Humberto (2001),2001,Unknown,Category 2,90.0,103.6,970.0,2001-09-21,2001-09-27,6.2,At Sea / Open Water,At Sea / Open Water,N/A,,,
2001278N12302,Iris (2001),2001,Unknown,Category 4,125.0,143.8,948.0,2001-10-04,2001-10-09,5.0,Landfall,Category 3,2001-10-09 03:00,16.2424,-88.7091,108.0
2001254N15261,Ivo (2001),2001,EP,Tropical Storm,45.0,51.8,997.0,2001-09-10,2001-09-15,4.5,At Sea / Open Water,At Sea / Open Water,N/A,,,
2001280N11309,Jerry (2001),2001,Unknown,Tropical Storm,45.0,51.8,1004.0,2001-10-06,2001-10-08,2.2,At Sea / Open Water,At Sea / Open Water,N/A,,,
2001264N13269,Juliette (2001),2001,EP,Category 4,125.0,143.8,923.0,2001-09-21,2001-10-03,11.8,Landfall,Tropical Storm,2001-09-30 00:00,25.0,-112.0,35.0
2001338N10130,Kajiki (2001),2001,WP,Tropical Storm,35.0,40.3,997.0,2001-12-04,2001-12-09,5.5,Landfall,Tropical Depression,2001-12-05 06:00,10.6867,125.007,30.0
2001284N28297,Karen (2001),2001,Unknown,Category 1,70.0,80.6,982.0,2001-10-11,2001-10-15,4.5,Landfall,Tropical Storm,2001-10-15 12:00,44.2,-64.8,40.0
2001265N16244,Kiko (2001),2001,EP,Category 1,65.0,74.8,990.0,2001-09-21,2001-09-25,4.0,At Sea / Open Water,At Sea / Open Water,N/A,,,
2001202N23152,Kong-Rey (2001),2001,WP,Category 2,85.0,97.8,958.0,2001-07-21,2001-08-03,13.5,At Sea / Open Water,At Sea / Open Water,N/A,,,
2001276N13146,Krosa (2001),2001,WP,Category 3,105.0,120.8,938.0,2001-10-03,2001-10-10,7.5,At Sea / Open Water,At Sea / Open Water,N/A,,,
2001264N21126,Lekima (2001),2001,WP,Category 2,95.0,109.3,949.0,2001-09-21,2001-09-30,9.2,Landfall,Category 1,2001-09-26 12:00,22.525,120.9,65.0
2001309N10130,Lingling (2001),2001,WP,Category 4,115.0,132.3,927.0,2001-11-05,2001-11-12,7.2,Landfall,Tropical Depression,2001-11-06 18:00,10.52,125.147,30.0
2001275N12258,Lorena (2001),2001,EP,Tropical Storm,50.0,57.5,997.0,2001-10-02,2001-10-04,2.8,At Sea / Open Water,At Sea / Open Water,N/A,,,
2001301N27325,Lorenzo (2001),2001,Unknown,Tropical Storm,35.0,40.3,1007.0,2001-10-27,2001-10-31,3.8,At Sea / Open Water,At Sea / Open Water,N/A,,,
2001212N10158,Man-Yi (2001),2001,WP,Category 4,120.0,138.1,922.0,2001-07-31,2001-08-11,10.8,At Sea / Open Water,At Sea / Open Water,N/A,,,
2001284N14261,Manuel (2001),2001,EP,Tropical Storm,50.0,57.5,997.0,2001-10-10,2001-10-18,7.5,At Sea / Open Water,At Sea / Open Water,N/A,,,
2001303N13276,Michelle (2001),2001,Unknown,Category 4,120.0,138.1,933.0,2001-10-29,2001-11-06,8.0,Landfall,Tropical Depression,2001-10-29 18:00,13.3,-83.6,30.0
2001294N11235,Narda (2001),2001,EP,Category 1,75.0,86.3,980.0,2001-10-20,2001-10-25,4.8,At Sea / Open Water,At Sea / Open Water,N/A,,,
2001248N23125,Nari (2001),2001,WP,Category 3,100.0,115.1,944.0,2001-09-05,2001-09-21,16.0,Landfall,Category 1,2001-09-16 18:00,24.625,121.625,65.0
2001308N34310,Noel (2001),2001,Unknown,Category 1,65.0,74.8,986.0,2001-11-04,2001-11-06,2.8,At Sea / Open Water,At Sea / Open Water,N/A,,,
2000214S06080,Not_Named (2001),2001,SI,Tropical Storm,35.0,40.3,,2000-08-01,2000-08-03,2.5,At Sea / Open Water,At Sea / Open Water,N/A,,,
2000315S08083,Not_Named (2001),2001,SI,Tropical Storm,35.0,40.3,,2000-11-10,2000-11-20,10.0,At Sea / Open Water,At Sea / Open Water,N/A,,,
2001047S17157,Not_Named (2001),2001,SP,Tropical Storm,35.0,40.3,,2001-02-16,2001-02-19,3.0,At Sea / Open Water,At Sea / Open Water,N/A,,,
2001091S13094,Not_Named (2001),2001,SI,Tropical Storm,35.0,40.3,,2001-04-01,2001-04-07,6.0,At Sea / Open Water,At Sea / Open Water,N/A,,,
2001141N14068,Not_Named (2001),2001,NI,Category 3,110.0,126.6,927.0,2001-05-21,2001-05-29,8.2,Landfall,Tropical Storm,2001-05-29 12:00,23.4,68.8,55.0
2001171S35037,Not_Named (2001),2001,SI,Category 1,65.0,74.8,991.0,2001-06-19,2001-06-24,4.5,At Sea / Open Water,At Sea / Open Water,N/A,,,
2001266N10217,Not_Named (2001),2001,EP,Tropical Storm,35.0,40.3,1008.0,2001-09-22,2001-09-25,2.8,At Sea / Open Water,At Sea / Open Water,N/A,,,
2001267N17070,Not_Named (2001),2001,NI,Tropical Storm,35.0,40.3,997.0,2001-09-24,2001-09-28,4.5,At Sea / Open Water,At Sea / Open Water,N/A,,,
2001281N18071,Not_Named (2001),2001,NI,Tropical Storm,35.0,40.3,997.0,2001-10-08,2001-10-13,5.0,At Sea / Open Water,At Sea / Open Water,N/A,,,
2001321N07148,Not_Named (2001),2001,WP,Tropical Storm,35.0,40.3,997.0,2001-11-16,2001-11-25,9.0,At Sea / Open Water,At Sea / Open Water,N/A,,,
2001323N05107,Not_Named (2001),2001,WP,Tropical Storm,35.0,40.3,997.0,2001-11-18,2001-11-23,4.8,At Sea / Open Water,At Sea / Open Water,N/A,,,
2001345N05155,Not_Named (2001),2001,WP,Tropical Storm,35.0,40.3,997.0,2001-12-10,2001-12-13,2.5,At Sea / Open Water,At Sea / Open Water,N/A,,,
2001304N12237,Octave (2001),2001,EP,Category 1,75.0,86.3,980.0,2001-10-31,2001-11-03,3.8,At Sea / Open Water,At Sea / Open Water,N/A,,,
2001327N31309,Olga (2001),2001,Unknown,Category 1,80.0,92.1,973.0,2001-11-23,2001-12-04,11.5,At Sea / Open Water,At Sea / Open Water,N/A,,,
2001049S17198,Oma (2001),2001,SP,Tropical Storm,45.0,51.8,,2001-02-18,2001-02-24,6.0,At Sea / Open Water,At Sea / Open Water,N/A,,,
2001225N18146,Pabuk (2001),2001,WP,Category 2,90.0,103.6,954.0,2001-08-13,2001-08-23,9.8,Landfall,Tropical Storm,2001-08-21 12:00,33.7,135.75,55.0
2001056S11163,Paula (2001),2001,SP,Category 3,105.0,120.8,,2001-02-25,2001-03-08,11.5,At Sea / Open Water,At Sea / Open Water,N/A,,,
2001291N05158,Podul (2001),2001,WP,Category 5,140.0,161.1,898.0,2001-10-17,2001-10-29,12.0,At Sea / Open Water,At Sea / Open Water,N/A,,,
2001060S19223,Rita (2001),2001,SP,Tropical Storm,40.0,46.0,,2001-02-28,2001-03-06,5.2,At Sea / Open Water,At Sea / Open Water,N/A,,,
2000333S11140,Sam (2001),2001,SI,Category 3,110.0,126.6,,2000-11-28,2000-12-14,16.0,Landfall,Tropical Depression,2000-12-04 00:00,-14.2,127.6,30.0
2001238N18162,Sepat (2001),2001,WP,Tropical Storm,45.0,51.8,991.0,2001-08-26,2001-08-31,5.2,At Sea / Open Water,At Sea / Open Water,N/A,,,
2001094S12172,Sose (2001),2001,SP,Category 1,70.0,80.6,,2001-04-03,2001-04-12,8.6,At Sea / Open Water,At Sea / Open Water,N/A,,,
2001028S15128,Terri (2001),2001,SI,Tropical Storm,50.0,57.5,,2001-01-27,2001-01-31,4.2,Landfall,Tropical Depression,2001-01-27 18:00,-15.4,128.0,25.0
2001206N14134,Toraji (2001),2001,WP,Category 3,100.0,115.1,944.0,2001-07-25,2001-08-02,8.5,Landfall,Category 3,2001-07-29 18:00,23.75,121.3,100.0
2001189N13130,Trami (2001),2001,WP,Tropical Storm,40.0,46.0,997.0,2001-07-07,2001-07-12,4.5,Landfall,Tropical Storm,2001-07-11 12:00,22.7846,120.923,35.0
2001220N17118,Usagi (2001),2001,WP,Tropical Storm,40.0,46.0,994.0,2001-08-08,2001-08-11,3.0,Landfall,Tropical Storm,2001-08-10 18:00,18.3538,105.9,40.0
2001181N08141,Utor (2001),2001,WP,Category 1,80.0,92.1,963.0,2001-06-30,2001-07-07,7.8,Landfall,Category 1,2001-07-06 00:00,22.75,114.8,65.0
2001361N01106,Vamei (2001),2001,NI,Category 1,65.0,74.8,976.0,2001-12-26,2002-01-01,5.8,Landfall,Tropical Storm,2001-12-27 09:00,1.52832,104.1,55.0
2001039S13117,Vincent (2001),2001,SI,Tropical Storm,35.0,40.3,,2001-02-07,2001-02-15,8.0,Landfall,Tropical Depression,2001-02-15 18:00,-19.7,121.8,30.0
2001259N20138,Vipa (2001),2001,WP,Category 1,75.0,86.3,967.0,2001-09-16,2001-09-22,6.2,At Sea / Open Water,At Sea / Open Water,N/A,,,
2001091S11111,Walter (2001),2001,SI,Category 2,90.0,103.6,,2001-04-01,2001-04-08,7.2,At Sea / Open Water,At Sea / Open Water,N/A,,,
2001039S11139,Winsome (2001),2001,SP,Tropical Storm,40.0,46.0,,2001-02-08,2001-02-14,6.0,Landfall,Tropical Depression,2001-02-10 15:00,-13.9968,136.643,32.0
2001238N16139,Wutip (2001),2001,WP,Category 4,130.0,149.6,910.0,2001-08-26,2001-09-04,9.2,At Sea / Open Water,At Sea / Open Water,N/A,,,
2001204N19127,Yutu (2001),2001,WP,Category 2,85.0,97.8,958.0,2001-07-22,2001-07-26,4.2,Landfall,Category 1,2001-07-25 21:00,21.5266,110.711,67.0
2001298S07098,Alex:Andre (2002),2002,SI,Tropical Storm,55.0,63.3,984.0,2001-10-24,2001-11-08,14.5,At Sea / Open Water,At Sea / Open Water,N/A,,,
2002234N11221,Alika (2002),2002,EP,Tropical Storm,55.0,63.3,995.0,2002-08-21,2002-08-28,6.5,At Sea / Open Water,At Sea / Open Water,N/A,,,
2002145N11259,Alma (2002),2002,EP,Category 3,100.0,115.1,960.0,2002-05-24,2002-06-01,7.8,At Sea / Open Water,At Sea / Open Water,N/A,,,
2002196N34283,Arthur (2002),2002,Unknown,Tropical Storm,50.0,57.5,992.0,2002-07-14,2002-07-19,4.8,Landfall,Tropical Storm,2002-07-17 12:00,48.0,-54.0,40.0
2001329S06095,Bako:Bessi (2002),2002,SI,Category 1,75.0,86.3,967.0,2001-11-25,2001-12-09,14.5,At Sea / Open Water,At Sea / Open Water,N/A,,,
2002282N10156,Bavi (2002),2002,WP,Category 1,70.0,80.6,972.0,2002-10-08,2002-10-16,7.8,At Sea / Open Water,At Sea / Open Water,N/A,,,
2001365S12138,Bernie (2002),2002,SP,Tropical Storm,45.0,51.8,991.0,2001-12-30,2002-01-06,6.4,Landfall,Tropical Depression,2002-01-05 03:00,-16.885,138.357,
2002217N29272,Bertha (2002),2002,Unknown,Tropical Storm,35.0,40.3,1007.0,2002-08-04,2002-08-09,4.8,Landfall,Tropical Depression,2002-08-04 21:00,29.0768,-88.9888,30.0
2002098S07133,Bonnie (2002),2002,SI,Tropical Storm,50.0,57.5,987.0,2002-04-07,2002-04-15,7.8,Landfall,Tropical Depression,2002-04-10 12:00,-10.0,124.567,30.0
2002160N16258,Boris (2002),2002,EP,Tropical Storm,50.0,57.5,997.0,2002-06-08,2002-06-12,3.5,At Sea / Open Water,At Sea / Open Water,N/A,,,
2002178N04155,Chataan (2002),2002,WP,Category 4,130.0,149.6,910.0,2002-06-27,2002-07-13,15.8,Landfall,Tropical Storm,2002-07-10 15:00,35.0259,139.925,50.0
2002033S13121,Chris (2002),2002,SI,Category 4,125.0,143.8,916.0,2002-02-02,2002-02-07,5.0,Landfall,Category 4,2002-02-05 21:00,-20.095,119.984,117.0
2002042S20156,Claudia (2002),2002,SP,Category 1,75.0,86.3,967.0,2002-02-10,2002-02-15,5.0,At Sea / Open Water,At Sea / Open Water,N/A,,,
2002191N12260,Cristina (2002),2002,EP,Tropical Storm,55.0,63.3,994.0,2002-07-09,2002-07-16,7.2,At Sea / Open Water,At Sea / Open Water,N/A,,,
2002218N32283,Cristobal (2002),2002,Unknown,Tropical Storm,45.0,51.8,999.0,2002-08-05,2002-08-08,3.0,At Sea / Open Water,At Sea / Open Water,N/A,,,
2001364S19036,Cyprien (2002),2002,SI,Tropical Storm,50.0,57.5,987.0,2001-12-30,2002-01-03,4.8,Landfall,Tropical Storm,2002-01-02 06:00,-22.0333,43.2667,45.0
2002062S15154,Des (2002),2002,SP,Tropical Storm,50.0,57.5,987.0,2002-03-03,2002-03-09,6.0,At Sea / Open Water,At Sea / Open Water,N/A,,,
2002096S10103,Dianne:Jery (2002),2002,SI,Category 3,105.0,120.8,938.0,2002-04-05,2002-04-13,7.5,At Sea / Open Water,At Sea / Open Water,N/A,,,
2002017S07078,Dina (2002),2002,SI,Category 4,130.0,149.6,910.0,2002-01-16,2002-01-28,12.0,At Sea / Open Water,At Sea / Open Water,N/A,,,
2002242N10329,Dolly (2002),2002,Unknown,Tropical Storm,50.0,57.5,997.0,2002-08-29,2002-09-04,6.2,At Sea / Open Water,At Sea / Open Water,N/A,,,
2002202N13254,Douglas (2002),2002,EP,Category 2,90.0,103.6,970.0,2002-07-20,2002-07-27,6.5,At Sea / Open Water,At Sea / Open Water,N/A,,,
2002023S10089,Eddy (2002),2002,SI,Category 1,75.0,86.3,967.0,2002-01-22,2002-01-30,7.5,At Sea / Open Water,At Sea / Open Water,N/A,,,
2002245N29281,Edouard (2002),2002,Unknown,Tropical Storm,55.0,63.3,1002.0,2002-09-01,2002-09-06,4.8,Landfall,Tropical Storm,2002-09-05 00:45,29.4,-81.1,35.0
2002237N10202,Ele (2002),2002,WP,Category 4,115.0,132.3,927.0,2002-08-25,2002-09-12,18.0,At Sea / Open Water,At Sea / Open Water,N/A,,,
2002204N12263,Elida (2002),2002,EP,Category 5,140.0,161.1,921.0,2002-07-23,2002-07-31,8.5,At Sea / Open Water,At Sea / Open Water,N/A,,,
2002128S05097,Errol (2002),2002,SI,Tropical Storm,45.0,51.8,991.0,2002-05-08,2002-05-14,6.4,At Sea / Open Water,At Sea / Open Water,N/A,,,
2002234N13253,Fausto (2002),2002,EP,Category 4,125.0,143.8,936.0,2002-08-21,2002-09-03,12.5,At Sea / Open Water,At Sea / Open Water,N/A,,,
2002249N28266,Fay (2002),2002,Unknown,Tropical Storm,50.0,57.5,998.0,2002-09-05,2002-09-11,5.2,Landfall,Tropical Depression,2002-09-07 12:00,29.1,-96.9,30.0
2002195N11172,Fengshen (2002),2002,WP,Category 5,145.0,166.9,892.0,2002-07-13,2002-07-28,14.8,Landfall,Tropical Depression,2002-07-27 21:00,36.2407,119.885,
2002030S13093,Francesca (2002),2002,SI,Category 4,115.0,132.3,927.0,2002-01-30,2002-02-14,15.0,At Sea / Open Water,At Sea / Open Water,N/A,,,
2002200N21150,Fung-Wong (2002),2002,WP,Category 1,65.0,74.8,976.0,2002-07-18,2002-07-27,9.0,At Sea / Open Water,At Sea / Open Water,N/A,,,
2002238N15250,Genevieve (2002),2002,EP,Tropical Storm,60.0,69.0,989.0,2002-08-26,2002-09-01,6.2,At Sea / Open Water,At Sea / Open Water,N/A,,,
2002045S18049,Guillaume (2002),2002,SI,Category 4,120.0,138.1,922.0,2002-02-14,2002-02-23,9.8,Landfall,Tropical Depression,2002-02-14 00:00,-17.8,49.1,
2002252N29289,Gustav (2002),2002,Unknown,Category 2,85.0,97.8,960.0,2002-09-08,2002-09-15,6.5,Landfall,Category 1,2002-09-12 04:30,45.6,-60.4,80.0
2002133N03150,Hagibis (2002),2002,WP,Category 5,140.0,161.1,898.0,2002-05-13,2002-05-22,9.0,At Sea / Open Water,At Sea / Open Water,N/A,,,
2002252N20121,Hagupit (2002),2002,WP,Tropical Storm,45.0,51.8,991.0,2002-09-08,2002-09-15,7.0,Landfall,Tropical Depression,2002-09-11 21:00,21.7512,111.597,25.0
2002323N09155,Haishen (2002),2002,WP,Category 2,95.0,109.3,949.0,2002-11-19,2002-11-26,7.5,At Sea / Open Water,At Sea / Open Water,N/A,,,
2002187N11160,Halong (2002),2002,WP,Category 4,135.0,155.4,904.0,2002-07-05,2002-07-19,14.2,Landfall,Tropical Storm,2002-07-16 03:00,35.5945,140.399,45.0
2002255N26273,Hanna (2002),2002,Unknown,Tropical Storm,50.0,57.5,1001.0,2002-09-12,2002-09-15,3.5,Landfall,Tropical Storm,2002-09-14 08:00,29.1,-89.1,50.0
2002063S11066,Hary (2002),2002,SI,Category 5,140.0,161.1,898.0,2002-03-03,2002-03-17,14.0,Landfall,Category 5,2002-03-10 06:00,-15.4,50.5,140.0
2002242N14257,Hernan (2002),2002,EP,Category 5,140.0,161.1,921.0,2002-08-30,2002-09-06,7.5,At Sea / Open Water,At Sea / Open Water,N/A,,,
2002268N15163,Higos (2002),2002,WP,Category 4,135.0,155.4,904.0,2002-09-25,2002-10-04,9.0,Landfall,Category 1,2002-10-01 11:00,35.249,139.594,82.0
2002297N09206,Huko (2002),2002,EP,Category 1,75.0,86.3,967.0,2002-10-23,2002-11-07,15.0,At Sea / Open Water,At Sea / Open Water,N/A,,,
2002081S08084,Ikala (2002),2002,SI,Category 3,110.0,126.6,933.0,2002-03-21,2002-04-03,12.2,At Sea / Open Water,At Sea / Open Water,N/A,,,
2002258N15256,Iselle (2002),2002,EP,Tropical Storm,60.0,69.0,990.0,2002-09-15,2002-09-20,5.2,At Sea / Open Water,At Sea / Open Water,N/A,,,
2002258N10300,Isidore (2002),2002,Unknown,Category 3,110.0,126.6,934.0,2002-09-14,2002-09-27,13.0,Landfall,Tropical Depression,2002-09-14 21:00,10.0856,-61.4549,25.0
2002261N33308,Josephine (2002),2002,Unknown,Tropical Storm,50.0,57.5,1004.0,2002-09-17,2002-09-19,2.0,At Sea / Open Water,At Sea / Open Water,N/A,,,
2002268N15258,Julio (2002),2002,EP,Tropical Storm,40.0,46.0,1000.0,2002-09-25,2002-09-26,1.5,Landfall,Tropical Storm,2002-09-26 00:00,18.0,-102.4,40.0
2002214N19120,Kammuri (2002),2002,WP,Tropical Storm,50.0,57.5,987.0,2002-08-01,2002-08-07,5.2,Landfall,Tropical Storm,2002-08-05 00:00,23.0,115.675,50.0
2002295N11261,Kenna (2002),2002,EP,Category 5,145.0,166.9,913.0,2002-10-22,2002-10-26,4.0,Landfall,Category 4,2002-10-25 16:30,21.7,-105.4,120.0
2002122S07063,Kesiny (2002),2002,SI,Category 1,65.0,74.8,976.0,2002-05-02,2002-05-11,9.5,Landfall,Tropical Storm,2002-05-09 15:00,-12.7115,49.4724,60.0
2002264N28308,Kyle (2002),2002,Unknown,Category 1,75.0,86.3,980.0,2002-09-20,2002-10-12,21.8,Landfall,Tropical Storm,2002-10-11 17:00,33.0,-79.5,35.0
2002265N10315,Lili (2002),2002,Unknown,Category 4,125.0,143.8,938.0,2002-09-21,2002-10-04,12.8,Landfall,Category 2,2002-10-01 14:00,22.1,-84.0,90.0
2002296N11230,Lowell (2002),2002,EP,Tropical Storm,45.0,51.8,1002.0,2002-10-22,2002-10-31,8.2,At Sea / Open Water,At Sea / Open Water,N/A,,,
2002298N17169,Maysak (2002),2002,WP,Category 1,75.0,86.3,967.0,2002-10-25,2002-10-30,5.2,At Sea / Open Water,At Sea / Open Water,N/A,,,
2002264N13114,Mekkhala (2002),2002,WP,Tropical Storm,55.0,63.3,984.0,2002-09-21,2002-09-28,7.2,Landfall,Tropical Storm,2002-09-25 15:00,18.5012,109.023,55.0
2002057N06156,Mitag (2002),2002,WP,Category 5,140.0,161.1,898.0,2002-02-26,2002-03-09,10.8,At Sea / Open Water,At Sea / Open Water,N/A,,,
2002189N21116,Nakri (2002),2002,WP,Tropical Storm,40.0,46.0,990.0,2002-07-07,2002-07-13,5.8,Landfall,Tropical Storm,2002-07-09 18:00,24.5,120.8,35.0
2002155N20112,Noguri (2002),2002,WP,Category 2,85.0,97.8,958.0,2002-06-03,2002-06-11,7.8,Landfall,Tropical Depression,2002-06-11 03:00,33.7138,134.441,
2001277S10082,Not_Named (2002),2002,SI,Tropical Storm,35.0,40.3,997.0,2001-10-04,2001-10-08,3.8,At Sea / Open Water,At Sea / Open Water,N/A,,,
2001320S11146,Not_Named (2002),2002,SP,Tropical Storm,35.0,40.3,997.0,2001-11-16,2001-11-23,7.0,Landfall,Tropical Depression,2001-11-16 21:00,-9.02743,142.858,22.0
2001324S12081,Not_Named (2002),2002,SI,Tropical Storm,35.0,40.3,997.0,2001-11-20,2001-11-24,4.2,At Sea / Open Water,At Sea / Open Water,N/A,,,
2002054S17176,Not_Named (2002),2002,SP,Tropical Storm,35.0,40.3,997.0,2002-02-23,2002-02-26,2.8,At Sea / Open Water,At Sea / Open Water,N/A,,,
2002073S16161,Not_Named (2002),2002,SP,Tropical Storm,35.0,40.3,997.0,2002-03-13,2002-03-16,2.5,At Sea / Open Water,At Sea / Open Water,N/A,,,
2002126N09068,Not_Named (2002),2002,NI,Tropical Storm,45.0,51.8,991.0,2002-05-05,2002-05-10,5.0,Landfall,Tropical Depression,2002-05-10 15:00,16.915,53.1725,32.0
2002129N08096,Not_Named (2002),2002,NI,Tropical Storm,45.0,51.8,991.0,2002-05-09,2002-05-12,3.2,Landfall,Tropical Depression,2002-05-12 03:00,17.5759,96.4962,30.0
2002199N08130,Not_Named (2002),2002,WP,Tropical Storm,35.0,40.3,997.0,2002-07-17,2002-07-22,4.8,Landfall,Tropical Depression,2002-07-19 03:00,11.745,125.255,30.0
2002222N11131,Not_Named (2002),2002,WP,Tropical Storm,35.0,40.3,997.0,2002-08-10,2002-08-14,4.5,Landfall,Tropical Depression,2002-08-13 12:00,14.4,120.9,20.0
2002287N31149,Not_Named (2002),2002,WP,Tropical Storm,45.0,51.8,991.0,2002-10-13,2002-10-14,0.6,At Sea / Open Water,At Sea / Open Water,N/A,,,
2002314N12083,Not_Named (2002),2002,NI,Tropical Storm,55.0,63.3,984.0,2002-11-09,2002-11-12,2.9,Landfall,Tropical Storm,2002-11-12 09:00,22.3415,88.3949,42.0
2002327N10089,Not_Named (2002),2002,NI,Tropical Storm,45.0,51.8,991.0,2002-11-22,2002-11-28,5.8,At Sea / Open Water,At Sea / Open Water,N/A,,,
2002355N02079,Not_Named (2002),2002,NI,Tropical Storm,35.0,40.3,997.0,2002-12-21,2002-12-25,4.5,At Sea / Open Water,At Sea / Open Water,N/A,,,
2002222N09163,Phanfone (2002),2002,WP,Category 4,135.0,155.4,904.0,2002-08-10,2002-08-25,14.8,At Sea / Open Water,At Sea / Open Water,N/A,,,
2002335N05166,Pongsona (2002),2002,WP,Category 4,130.0,149.6,910.0,2002-12-01,2002-12-11,10.5,At Sea / Open Water,At Sea / Open Water,N/A,,,
2002178N10139,Rammasun (2002),2002,WP,Category 3,110.0,126.6,933.0,2002-06-26,2002-07-07,11.2,Landfall,Tropical Storm,2002-07-06 00:00,36.5643,126.893,35.0
2002234N14164,Rusa (2002),2002,WP,Category 4,115.0,132.3,927.0,2002-08-22,2002-09-03,12.8,Landfall,Tropical Storm,2002-08-31 09:00,34.8418,127.37,62.0
2002240N16155,Sinlaku (2002),2002,WP,Category 3,110.0,126.6,933.0,2002-08-27,2002-09-09,12.5,Landfall,Category 1,2002-09-07 12:00,27.2,120.35,65.0
2002008N07141,Tapah (2002),2002,WP,Tropical Storm,50.0,57.5,987.0,2002-01-08,2002-01-14,5.8,Landfall,Tropical Storm,2002-01-13 15:00,16.9682,122.329,35.0
2001334S21200,Trina (2002),2002,SP,Tropical Storm,35.0,40.3,997.0,2001-11-30,2001-12-03,3.8,At Sea / Open Water,At Sea / Open Water,N/A,,,
2002143S07157,Upia (2002),2002,SP,Tropical Storm,35.0,40.3,997.0,2002-05-23,2002-05-29,6.5,Landfall,Tropical Depression,2002-05-23 12:00,-7.0,156.9,25.0
2002227N14115,Vongfong (2002),2002,WP,Tropical Storm,55.0,63.3,984.0,2002-08-14,2002-08-20,5.5,Landfall,Tropical Storm,2002-08-19 12:00,21.3267,110.62,55.0
2001363S10185,Waka (2002),2002,SP,Category 3,100.0,115.1,944.0,2001-12-28,2002-01-06,8.5,At Sea / Open Water,At Sea / Open Water,N/A,,,
2002247S03067,Abaimba (2003),2003,SI,Tropical Storm,35.0,40.3,997.0,2002-09-04,2002-09-09,4.8,At Sea / Open Water,At Sea / Open Water,N/A,,,
2003011S09182,Ami (2003),2003,SP,Category 3,110.0,126.6,944.0,2003-01-10,2003-01-17,6.5,At Sea / Open Water,At Sea / Open Water,N/A,,,
2003108N29294,Ana (2003),2003,Unknown,Tropical Storm,50.0,57.5,994.0,2003-04-18,2003-04-27,9.5,At Sea / Open Water,At Sea / Open Water,N/A,,,
2003140N10258,Andres (2003),2003,EP,Tropical Storm,50.0,57.5,997.0,2003-05-19,2003-05-26,6.8,At Sea / Open Water,At Sea / Open Water,N/A,,,
2002307S07070,Atang (2003),2003,SI,Tropical Storm,45.0,51.8,991.0,2002-11-03,2002-11-13,9.8,Landfall,Tropical Depression,2002-11-12 21:00,-10.2127,39.8624,27.0
2003021S10163,Beni (2003),2003,SP,Category 4,125.0,143.8,916.0,2003-01-20,2003-02-05,15.2,Landfall,Tropical Depression,2003-01-22 15:00,-10.8,162.3,
2003179N20271,Bill (2003),2003,Unknown,Tropical Storm,50.0,57.5,997.0,2003-06-28,2003-07-03,4.8,Landfall,Tropical Depression,2003-06-28 06:00,19.5,-89.0,20.0
2003168N16257,Blanca (2003),2003,EP,Tropical Storm,50.0,57.5,997.0,2003-06-17,2003-06-24,7.5,At Sea / Open Water,At Sea / Open Water,N/A,,,
2002319S06078,Boura (2003),2003,SI,Category 1,75.0,86.3,967.0,2002-11-14,2002-11-27,12.5,At Sea / Open Water,At Sea / Open Water,N/A,,,
2003177N14263,Carlos (2003),2003,EP,Tropical Storm,55.0,63.3,996.0,2003-06-26,2003-06-28,2.8,Landfall,Tropical Storm,2003-06-27 03:00,16.0,-97.8,55.0
2003138N04148,Chan-Hom (2003),2003,WP,Category 4,115.0,132.3,927.0,2003-05-18,2003-05-28,10.2,At Sea / Open Water,At Sea / Open Water,N/A,,,
2003259N13133,Choi-Wan (2003),2003,WP,Category 3,100.0,115.1,944.0,2003-09-16,2003-09-24,8.0,At Sea / Open Water,At Sea / Open Water,N/A,,,
2003025S16173,Cilla (2003),2003,SP,Tropical Storm,35.0,40.3,997.0,2003-01-25,2003-01-31,5.8,Landfall,Tropical Depression,2003-01-26 15:00,-16.5237,179.378,27.0
2003188N11307,Claudette (2003),2003,Unknown,Category 1,80.0,92.1,979.0,2003-07-07,2003-07-17,10.5,Landfall,Tropical Storm,2003-07-11 10:00,20.8,-86.9,50.0
2003067S13130,Craig (2003),2003,SI,Tropical Storm,35.0,40.3,997.0,2003-03-07,2003-03-13,5.5,Landfall,Tropical Depression,2003-03-07 12:00,-13.0,130.3,
2002356S07070,Crystal (2003),2003,SI,Category 2,90.0,103.6,954.0,2002-12-21,2003-01-03,12.2,At Sea / Open Water,At Sea / Open Water,N/A,,,
2003198N31306,Danny (2003),2003,Unknown,Category 1,65.0,74.8,1000.0,2003-07-16,2003-07-27,10.8,At Sea / Open Water,At Sea / Open Water,N/A,,,
2002364S16045,Delfina (2003),2003,SI,Tropical Storm,55.0,63.3,984.0,2002-12-30,2003-01-14,15.0,Landfall,Tropical Storm,2002-12-31 21:00,-15.9982,40.1458,52.0
2003187N14244,Dolores (2003),2003,EP,Tropical Storm,35.0,40.3,1005.0,2003-07-06,2003-07-08,2.5,At Sea / Open Water,At Sea / Open Water,N/A,,,
2003036S10197,Dovi (2003),2003,SP,Category 4,130.0,149.6,910.0,2003-02-04,2003-02-15,10.2,At Sea / Open Water,At Sea / Open Water,N/A,,,
2003240N20139,Dujuan (2003),2003,WP,Category 4,125.0,143.8,916.0,2003-08-27,2003-09-03,6.8,Landfall,Category 2,2003-09-02 12:00,22.575,114.725,85.0
2003007S10072,Ebula (2003),2003,SI,Category 1,65.0,74.8,976.0,2003-01-06,2003-01-15,8.8,At Sea / Open Water,At Sea / Open Water,N/A,,,
2003192N14254,Enrique (2003),2003,EP,Tropical Storm,55.0,63.3,993.0,2003-07-10,2003-07-16,5.5,At Sea / Open Water,At Sea / Open Water,N/A,,,
2003061S21148,Erica (2003),2003,SP,Category 4,130.0,149.6,910.0,2003-03-01,2003-03-17,15.5,Landfall,Tropical Depression,2003-03-01 12:00,-21.0,147.5,
2003227N26277,Erika (2003),2003,Unknown,Category 1,65.0,74.8,986.0,2003-08-14,2003-08-17,2.2,Landfall,Category 1,2003-08-16 10:30,25.3,-97.4,65.0
2003068S14172,Eseta (2003),2003,SP,Category 3,110.0,126.6,952.0,2003-03-08,2003-03-15,6.5,At Sea / Open Water,At Sea / Open Water,N/A,,,
2003212N09150,Etau (2003),2003,WP,Category 3,110.0,126.6,933.0,2003-07-31,2003-08-11,11.5,Landfall,Category 2,2003-08-08 15:00,33.7313,134.388,85.0
2003240N15329,Fabian (2003),2003,Unknown,Category 4,125.0,143.8,939.0,2003-08-27,2003-09-09,13.0,At Sea / Open Water,At Sea / Open Water,N/A,,,
2003021S11081,Fari (2003),2003,SI,Tropical Storm,55.0,63.3,984.0,2003-01-21,2003-02-02,12.5,Landfall,Tropical Storm,2003-01-29 00:00,-20.3,48.4667,55.0
2003199N14255,Felicia (2003),2003,EP,Tropical Storm,45.0,51.8,1000.0,2003-07-17,2003-07-24,6.8,At Sea / Open Water,At Sea / Open Water,N/A,,,
2003103S14180,Fili (2003),2003,SP,Tropical Storm,45.0,51.8,997.0,2003-04-13,2003-04-15,2.5,At Sea / Open Water,At Sea / Open Water,N/A,,,
2003034S12117,Fiona (2003),2003,SI,Category 3,110.0,126.6,933.0,2003-02-03,2003-02-13,10.0,At Sea / Open Water,At Sea / Open Water,N/A,,,
2003037S12061,Gerry (2003),2003,SI,Category 3,105.0,120.8,938.0,2003-02-05,2003-02-18,13.0,At Sea / Open Water,At Sea / Open Water,N/A,,,
2003155S10172,Gina (2003),2003,SP,Category 2,90.0,103.6,954.0,2003-06-04,2003-06-09,5.2,At Sea / Open Water,At Sea / Open Water,N/A,,,
2003243N24268,Grace (2003),2003,Unknown,Tropical Storm,35.0,40.3,1007.0,2003-08-30,2003-09-02,2.8,Landfall,Tropical Storm,2003-08-31 12:00,29.4,-95.2,35.0
2003056S17119,Graham (2003),2003,SI,Tropical Storm,40.0,46.0,994.0,2003-02-24,2003-03-01,5.2,Landfall,Tropical Storm,2003-02-28 18:00,-19.5333,121.267,35.0
2003219N16244,Guillermo (2003),2003,EP,Tropical Storm,50.0,57.5,997.0,2003-08-07,2003-08-13,5.8,At Sea / Open Water,At Sea / Open Water,N/A,,,
2003039S15066,Hape (2003),2003,SI,Category 2,90.0,103.6,954.0,2003-02-07,2003-02-16,8.5,At Sea / Open Water,At Sea / Open Water,N/A,,,
2003060S13103,Harriet (2003),2003,SI,Tropical Storm,35.0,40.3,997.0,2003-03-01,2003-03-11,9.8,At Sea / Open Water,At Sea / Open Water,N/A,,,
2003247N27272,Henri (2003),2003,Unknown,Tropical Storm,50.0,57.5,997.0,2003-09-03,2003-09-08,5.0,Landfall,Tropical Depression,2003-09-06 09:00,27.9,-82.8,30.0
2003221N14249,Hilda (2003),2003,EP,Tropical Storm,35.0,40.3,1004.0,2003-08-09,2003-08-13,4.2,At Sea / Open Water,At Sea / Open Water,N/A,,,
2003235N20253,Ignacio (2003),2003,EP,Category 2,90.0,103.6,970.0,2003-08-22,2003-08-27,5.2,Landfall,Category 1,2003-08-25 15:00,24.15,-109.95,72.0
2003196N05150,Imbudo (2003),2003,WP,Category 4,130.0,149.6,910.0,2003-07-15,2003-07-25,10.5,Landfall,Category 3,2003-07-22 03:00,16.6566,122.202,102.0
2003088S07131,Inigo (2003),2003,SI,Category 5,140.0,161.1,898.0,2003-03-29,2003-04-08,10.5,Landfall,Tropical Depression,2003-03-30 21:00,-8.65748,125.465,25.0
2003249N14329,Isabel (2003),2003,Unknown,Category 5,145.0,166.9,915.0,2003-09-06,2003-09-20,14.0,Landfall,Category 1,2003-09-18 21:00,35.8281,-77.0428,75.0
2003035S10099,Isha (2003),2003,SI,Tropical Storm,45.0,51.8,991.0,2003-02-03,2003-02-15,11.5,At Sea / Open Water,At Sea / Open Water,N/A,,,
2003056S21042,Japhet (2003),2003,SI,Category 4,115.0,132.3,927.0,2003-02-24,2003-03-05,8.8,Landfall,Category 2,2003-03-02 18:00,-21.6667,35.1333,85.0
2003240N14230,Jimena (2003),2003,EP,Category 2,90.0,103.6,970.0,2003-08-28,2003-09-05,8.5,At Sea / Open Water,At Sea / Open Water,N/A,,,
2003268N28298,Juan (2003),2003,Unknown,Category 2,90.0,103.6,969.0,2003-09-24,2003-09-29,5.0,At Sea / Open Water,At Sea / Open Water,N/A,,,
2003062S10080,Kalunde (2003),2003,SI,Category 5,140.0,161.1,898.0,2003-03-03,2003-03-17,14.0,At Sea / Open Water,At Sea / Open Water,N/A,,,
2003269N12322,Kate (2003),2003,Unknown,Category 3,110.0,126.6,952.0,2003-09-25,2003-10-10,14.2,At Sea / Open Water,At Sea / Open Water,N/A,,,
2003290N15132,Ketsana (2003),2003,WP,Category 4,125.0,143.8,916.0,2003-10-17,2003-10-26,9.5,At Sea / Open Water,At Sea / Open Water,N/A,,,
2003247N19249,Kevin (2003),2003,EP,Tropical Storm,35.0,40.3,1000.0,2003-09-03,2003-09-10,6.8,At Sea / Open Water,At Sea / Open Water,N/A,,,
2003196N11137,Koni (2003),2003,WP,Category 1,65.0,74.8,976.0,2003-07-14,2003-07-22,8.2,Landfall,Tropical Storm,2003-07-17 06:00,11.25,124.5,40.0
2003267N15140,Koppu (2003),2003,WP,Category 2,90.0,103.6,954.0,2003-09-23,2003-10-03,9.8,At Sea / Open Water,At Sea / Open Water,N/A,,,
2003226N07156,Krovanh (2003),2003,WP,Category 2,90.0,103.6,954.0,2003-08-13,2003-08-26,12.8,Landfall,Category 1,2003-08-22 15:00,17.3905,121.319,75.0
2003098N03159,Kujira (2003),2003,WP,Category 4,135.0,155.4,904.0,2003-04-08,2003-04-25,17.2,Landfall,Tropical Depression,2003-04-25 09:00,33.28,131.957,30.0
2003271N18275,Larry (2003),2003,EP,Tropical Storm,55.0,63.3,993.0,2003-09-27,2003-10-07,10.0,Landfall,Tropical Depression,2003-09-29 00:00,20.0,-87.5,20.0
2003257N15252,Linda (2003),2003,EP,Category 1,65.0,74.8,987.0,2003-09-13,2003-09-23,9.5,At Sea / Open Water,At Sea / Open Water,N/A,,,
2003144N16119,Linfa (2003),2003,WP,Tropical Storm,55.0,63.3,984.0,2003-05-24,2003-06-04,11.0,Landfall,Tropical Storm,2003-05-27 00:00,16.1,119.875,55.0
2003319N13172,Lupit (2003),2003,WP,Category 5,145.0,166.9,892.0,2003-11-14,2003-12-03,18.8,At Sea / Open Water,At Sea / Open Water,N/A,,,
2003247N10153,Maemi (2003),2003,WP,Category 5,150.0,172.6,885.0,2003-09-04,2003-09-16,12.0,Landfall,Category 2,2003-09-12 12:00,34.9,128.3,95.0
2003122S11065,Manou (2003),2003,SI,Category 1,75.0,86.3,967.0,2003-05-01,2003-05-13,11.5,At Sea / Open Water,At Sea / Open Water,N/A,,,
2003262N17254,Marty (2003),2003,EP,Category 2,85.0,97.8,970.0,2003-09-18,2003-09-26,7.2,Landfall,Category 2,2003-09-22 09:30,23.0,-109.7,85.0
2003302N11133,Melor (2003),2003,WP,Category 1,75.0,86.3,967.0,2003-10-28,2003-11-06,8.2,Landfall,Category 1,2003-11-01 00:00,16.875,122.5,75.0
2003284N19291,Mindy (2003),2003,Unknown,Tropical Storm,40.0,46.0,1002.0,2003-10-10,2003-10-14,3.2,At Sea / Open Water,At Sea / Open Water,N/A,,,
2003212N12130,Morakot (2003),2003,WP,Category 1,65.0,74.8,976.0,2003-07-30,2003-08-05,5.2,Landfall,Tropical Storm,2003-08-03 15:00,22.5793,120.729,62.0
2003150N17119,Nangka (2003),2003,WP,Tropical Storm,45.0,51.8,991.0,2003-05-30,2003-06-07,8.5,At Sea / Open Water,At Sea / Open Water,N/A,,,
2003316N11141,Nepartak (2003),2003,WP,Category 1,75.0,86.3,967.0,2003-11-11,2003-11-19,8.0,Landfall,Tropical Storm,2003-11-13 18:00,12.15,124.925,50.0
2003286N09323,Nicholas (2003),2003,Unknown,Tropical Storm,60.0,69.0,990.0,2003-10-13,2003-11-01,19.8,At Sea / Open Water,At Sea / Open Water,N/A,,,
2003275N16252,Nora (2003),2003,EP,Category 2,90.0,103.6,969.0,2003-10-01,2003-10-09,7.5,Landfall,Tropical Depression,2003-10-09 06:00,23.8,-106.7,25.0
2003129N05091,Not_Named (2003),2003,NI,Tropical Storm,60.0,69.0,980.0,2003-05-08,2003-05-19,11.4,Landfall,Tropical Storm,2003-05-19 15:00,19.171,93.6629,42.0
2003295N09101,Not_Named (2003),2003,NI,Tropical Storm,35.0,40.3,997.0,2003-10-21,2003-10-28,7.0,Landfall,Tropical Depression,2003-10-24 15:00,12.3374,99.9876,25.0
2003315N09067,Not_Named (2003),2003,NI,Category 1,80.0,92.1,963.0,2003-11-10,2003-11-18,7.8,At Sea / Open Water,At Sea / Open Water,N/A,,,
2003345N05092,Not_Named (2003),2003,NI,Tropical Storm,55.0,63.3,984.0,2003-12-11,2003-12-16,5.2,Landfall,Tropical Storm,2003-12-15 15:00,15.9425,81.0312,52.0
2003357N11142,Not_Named (2003),2003,WP,Tropical Storm,35.0,40.3,997.0,2003-12-23,2003-12-27,4.8,At Sea / Open Water,At Sea / Open Water,N/A,,,
2003339N13284,Odette (2003),2003,Unknown,Tropical Storm,55.0,63.3,993.0,2003-12-04,2003-12-09,5.2,Landfall,Tropical Storm,2003-12-06 23:00,17.8,-71.5,50.0
2003276N12262,Olaf (2003),2003,EP,Category 1,65.0,74.8,987.0,2003-10-03,2003-10-08,4.8,Landfall,Tropical Storm,2003-10-07 08:00,19.2,-104.6,50.0
2003291N17147,Parma (2003),2003,WP,Category 4,130.0,149.6,910.0,2003-10-18,2003-11-01,14.5,At Sea / Open Water,At Sea / Open Water,N/A,,,
2003294N10260,Patricia (2003),2003,EP,Category 1,70.0,80.6,984.0,2003-10-20,2003-10-26,6.0,At Sea / Open Water,At Sea / Open Water,N/A,,,
2003342N28326,Peter (2003),2003,Unknown,Tropical Storm,60.0,69.0,990.0,2003-12-07,2003-12-11,3.5,At Sea / Open Water,At Sea / Open Water,N/A,,,
2003158N08156,Soudelor (2003),2003,WP,Category 4,115.0,132.3,927.0,2003-06-07,2003-06-24,17.0,At Sea / Open Water,At Sea / Open Water,N/A,,,
2003230N18125,Vamco (2003),2003,WP,Tropical Storm,35.0,40.3,997.0,2003-08-18,2003-08-20,2.5,Landfall,Tropical Depression,2003-08-20 03:00,27.952,120.166,30.0
2003011N02180,Yanyan (2003),2003,WP,Tropical Storm,50.0,57.5,987.0,2003-01-11,2003-01-21,10.2,At Sea / Open Water,At Sea / Open Water,N/A,,,
2002335S13182,Yolande (2003),2003,SP,Tropical Storm,35.0,40.3,997.0,2002-12-01,2002-12-11,9.8,At Sea / Open Water,At Sea / Open Water,N/A,,,
2002358S08185,Zoe (2003),2003,SP,Category 5,155.0,178.4,879.0,2002-12-23,2003-01-04,11.8,At Sea / Open Water,At Sea / Open Water,N/A,,,
2003272S05066,Abaimba (2004),2004,SI,Tropical Storm,45.0,51.8,991.0,2003-09-28,2003-10-05,6.8,At Sea / Open Water,At Sea / Open Water,N/A,,,
2004231N09147,Aere (2004),2004,WP,Category 2,90.0,103.6,954.0,2004-08-17,2004-08-31,13.2,Landfall,Category 1,2004-08-25 15:00,24.7429,118.495,70.0
2004143N15252,Agatha (2004),2004,EP,Tropical Storm,50.0,57.5,997.0,2004-05-22,2004-05-26,4.0,At Sea / Open Water,At Sea / Open Water,N/A,,,
2004214N30282,Alex (2004),2004,Unknown,Category 3,105.0,120.8,957.0,2004-07-31,2004-08-06,6.0,At Sea / Open Water,At Sea / Open Water,N/A,,,
2003313S05079,Beni (2004),2004,SI,Category 3,100.0,115.1,944.0,2003-11-08,2003-11-25,16.8,At Sea / Open Water,At Sea / Open Water,N/A,,,
2004195N15255,Blas (2004),2004,EP,Tropical Storm,55.0,63.3,991.0,2004-07-12,2004-07-19,6.8,At Sea / Open Water,At Sea / Open Water,N/A,,,
2004217N13306,Bonnie (2004),2004,Unknown,Tropical Storm,55.0,63.3,1001.0,2004-08-03,2004-08-14,10.5,Landfall,Tropical Storm,2004-08-12 15:00,29.7947,-84.7512,37.0
2003338S09065,Cela (2004),2004,SI,Category 1,65.0,74.8,976.0,2003-12-04,2003-12-22,18.0,Landfall,Tropical Storm,2003-12-09 18:00,-13.2333,49.7333,35.0
2004201N14247,Celia (2004),2004,EP,Category 1,75.0,86.3,981.0,2004-07-19,2004-07-26,7.2,At Sea / Open Water,At Sea / Open Water,N/A,,,
2004230N09172,Chaba (2004),2004,WP,Category 5,155.0,178.4,879.0,2004-08-17,2004-09-05,19.5,Landfall,Category 2,2004-08-30 06:00,33.475,131.125,85.0
2004158N07142,Chanthu (2004),2004,WP,Category 1,75.0,86.3,967.0,2004-06-05,2004-06-15,10.0,Landfall,Tropical Storm,2004-06-09 06:00,10.9,123.933,35.0
2004223N11301,Charley (2004),2004,Unknown,Category 4,130.0,149.6,941.0,2004-08-09,2004-08-15,6.0,Landfall,Category 3,2004-08-13 04:30,22.7,-82.6,105.0
2004156N16117,Conson (2004),2004,WP,Category 3,100.0,115.1,944.0,2004-06-04,2004-06-14,10.5,Landfall,Tropical Depression,2004-06-11 07:00,33.3123,134.138,
2004227N12338,Danielle (2004),2004,Unknown,Category 2,95.0,109.3,964.0,2004-08-13,2004-08-24,11.2,At Sea / Open Water,At Sea / Open Water,N/A,,,
2004209N12247,Darby (2004),2004,EP,Category 3,105.0,120.8,957.0,2004-07-26,2004-08-01,5.8,At Sea / Open Water,At Sea / Open Water,N/A,,,
2003358S06067,Darius (2004),2004,SI,Tropical Storm,55.0,63.3,984.0,2003-12-23,2004-01-04,11.8,At Sea / Open Water,At Sea / Open Water,N/A,,,
2003350S10140,Debbie (2004),2004,SI,Category 1,65.0,74.8,976.0,2003-12-16,2003-12-23,7.0,Landfall,Tropical Storm,2003-12-20 15:00,-12.1233,133.5,60.0
2004164N06139,Dianmu (2004),2004,WP,Category 5,155.0,178.4,879.0,2004-06-11,2004-06-28,16.8,At Sea / Open Water,At Sea / Open Water,N/A,,,
2004227N09314,Earl (2004),2004,Unknown,Tropical Storm,45.0,51.8,1009.0,2004-08-13,2004-08-15,2.0,At Sea / Open Water,At Sea / Open Water,N/A,,,
2004025S16044,Elita (2004),2004,SI,Category 1,65.0,74.8,976.0,2004-01-24,2004-02-13,19.5,Landfall,Tropical Storm,2004-01-28 15:00,-15.8449,46.0309,55.0
2004232N12228,Estelle (2004),2004,EP,Tropical Storm,60.0,69.0,989.0,2004-08-19,2004-08-25,6.5,At Sea / Open Water,At Sea / Open Water,N/A,,,
2004072S11146,Fay (2004),2004,SI,Category 4,120.0,138.1,922.0,2004-03-12,2004-03-28,16.5,Landfall,Tropical Depression,2004-03-12 21:00,-11.1015,142.698,
2004238N11325,Frances (2004),2004,Unknown,Category 4,125.0,143.8,935.0,2004-08-25,2004-09-10,16.8,Landfall,Category 2,2004-09-05 04:30,27.2,-80.2,90.0
2004026S12063,Frank (2004),2004,SI,Category 4,125.0,143.8,916.0,2004-01-26,2004-02-09,14.2,At Sea / Open Water,At Sea / Open Water,N/A,,,
2004236N17250,Frank (2004),2004,EP,Category 1,75.0,86.3,979.0,2004-08-23,2004-08-27,4.2,At Sea / Open Water,At Sea / Open Water,N/A,,,
2004041S14147,Fritz (2004),2004,SP,Tropical Storm,35.0,40.3,997.0,2004-02-10,2004-02-15,4.8,Landfall,Tropical Depression,2004-02-10 18:00,-14.5571,144.3,20.0
2004061S12072,Gafilo (2004),2004,SI,Category 5,140.0,161.1,898.0,2004-03-01,2004-03-18,17.0,Landfall,Category 4,2004-03-07 03:00,-15.0547,49.9295,122.0
2004241N32282,Gaston (2004),2004,Unknown,Category 1,65.0,74.8,985.0,2004-08-27,2004-09-03,6.5,Landfall,Category 1,2004-08-29 14:00,33.0,-79.6,65.0
2004240N15254,Georgette (2004),2004,EP,Tropical Storm,55.0,63.3,995.0,2004-08-26,2004-09-03,8.0,At Sea / Open Water,At Sea / Open Water,N/A,,,
2004081S15148,Grace (2004),2004,SP,Tropical Storm,35.0,40.3,997.0,2004-03-20,2004-03-26,5.5,At Sea / Open Water,At Sea / Open Water,N/A,,,
2004255N23120,Haima (2004),2004,WP,Tropical Storm,35.0,40.3,997.0,2004-09-10,2004-09-19,8.5,Landfall,Tropical Depression,2004-09-11 00:00,22.8,120.233,25.0
2004068S13089,Helma:Nicky (2004),2004,SI,Category 1,65.0,74.8,976.0,2004-03-07,2004-03-16,9.0,At Sea / Open Water,At Sea / Open Water,N/A,,,
2004241N29295,Hermine (2004),2004,Unknown,Tropical Storm,50.0,57.5,1002.0,2004-08-27,2004-08-31,3.8,At Sea / Open Water,At Sea / Open Water,N/A,,,
2003359S15177,Heta (2004),2004,SP,Category 5,140.0,161.1,898.0,2003-12-25,2004-01-12,17.8,At Sea / Open Water,At Sea / Open Water,N/A,,,
2004244N12257,Howard (2004),2004,EP,Category 4,120.0,138.1,943.0,2004-08-30,2004-09-10,10.8,At Sea / Open Water,At Sea / Open Water,N/A,,,
2004252N15250,Isis (2004),2004,EP,Category 1,65.0,74.8,987.0,2004-09-08,2004-09-21,12.8,At Sea / Open Water,At Sea / Open Water,N/A,,,
2004081S12103,Itsang:Itseng:Oscar (2004),2004,SI,Category 4,115.0,132.3,927.0,2004-03-21,2004-03-29,8.5,At Sea / Open Water,At Sea / Open Water,N/A,,,
2004247N10332,Ivan (2004),2004,Unknown,Category 5,145.0,166.9,910.0,2004-09-02,2004-09-24,21.5,Landfall,Category 2,2004-09-16 09:00,30.7208,-87.8481,90.0
2004052S15172,Ivy (2004),2004,SP,Category 3,105.0,120.8,938.0,2004-02-21,2004-03-02,10.0,Landfall,Category 3,2004-02-25 18:00,-16.35,167.8,105.0
2003340S07093,Jana (2004),2004,SI,Category 1,80.0,92.1,963.0,2003-12-06,2003-12-17,11.8,At Sea / Open Water,At Sea / Open Water,N/A,,,
2004255N11267,Javier (2004),2004,EP,Category 4,130.0,149.6,930.0,2004-09-10,2004-09-20,9.2,Landfall,Tropical Depression,2004-09-19 11:00,26.6,-113.0,25.0
2004258N16300,Jeanne (2004),2004,Unknown,Category 3,105.0,120.8,950.0,2004-09-13,2004-09-29,15.8,Landfall,Tropical Storm,2004-09-15 16:00,18.0,-66.0,60.0
2004125S08084,Juba (2004),2004,SI,Category 1,65.0,74.8,976.0,2004-05-04,2004-05-17,13.2,At Sea / Open Water,At Sea / Open Water,N/A,,,
2004260N11331,Karl (2004),2004,Unknown,Category 4,125.0,143.8,938.0,2004-09-16,2004-09-28,11.8,Landfall,Tropical Depression,2004-09-27 21:00,65.4074,12.6972,32.0
2004279N14249,Kay (2004),2004,EP,Tropical Storm,40.0,46.0,1004.0,2004-10-04,2004-10-07,2.8,At Sea / Open Water,At Sea / Open Water,N/A,,,
2004001S16124,Ken (2004),2004,SI,Tropical Storm,35.0,40.3,997.0,2004-01-01,2004-01-06,5.2,Landfall,Tropical Depression,2004-01-01 06:00,-16.4,124.2,15.0
2004193N19136,Kompasu (2004),2004,WP,Tropical Storm,45.0,51.8,991.0,2004-07-11,2004-07-16,5.2,Landfall,Tropical Storm,2004-07-16 09:00,22.5882,114.255,35.0
2004286N14263,Lester (2004),2004,EP,Tropical Storm,45.0,51.8,1000.0,2004-10-11,2004-10-13,1.8,At Sea / Open Water,At Sea / Open Water,N/A,,,
2004028S06090,Linda (2004),2004,SI,Tropical Storm,45.0,51.8,991.0,2004-01-28,2004-02-02,5.2,At Sea / Open Water,At Sea / Open Water,N/A,,,
2004264N13328,Lisa (2004),2004,Unknown,Category 1,65.0,74.8,987.0,2004-09-19,2004-10-03,13.5,At Sea / Open Water,At Sea / Open Water,N/A,,,
2004275N14139,Ma-On (2004),2004,WP,Category 5,140.0,161.1,898.0,2004-10-01,2004-10-10,8.8,Landfall,Category 2,2004-10-09 09:00,35.6229,139.825,95.0
2004222N24150,Malakas (2004),2004,WP,Tropical Storm,35.0,40.3,997.0,2004-08-09,2004-08-14,5.0,At Sea / Open Water,At Sea / Open Water,N/A,,,
2004215N22148,Malou (2004),2004,WP,Tropical Storm,35.0,40.3,997.0,2004-08-02,2004-08-06,4.5,Landfall,Tropical Depression,2004-08-04 16:00,34.8947,134.422,30.0
2004283N24265,Matthew (2004),2004,Unknown,Tropical Storm,40.0,46.0,997.0,2004-10-08,2004-10-11,2.8,Landfall,Tropical Storm,2004-10-10 11:00,29.2,-91.0,35.0
2004263N13153,Meari (2004),2004,WP,Category 4,125.0,143.8,916.0,2004-09-18,2004-10-02,14.2,Landfall,Category 1,2004-09-29 00:00,31.725,130.5,65.0
2004227N15141,Megi (2004),2004,WP,Category 1,65.0,74.8,976.0,2004-08-14,2004-08-22,8.2,Landfall,Tropical Depression,2004-08-19 21:00,40.9459,140.51,
2004216N16166,Meranti (2004),2004,WP,Category 2,90.0,103.6,954.0,2004-08-02,2004-08-13,10.2,At Sea / Open Water,At Sea / Open Water,N/A,,,
2004174N14146,Mindulle (2004),2004,WP,Category 4,125.0,143.8,916.0,2004-06-21,2004-07-05,14.0,Landfall,Tropical Storm,2004-07-01 15:00,23.6651,121.447,60.0
2004056S18125,Monty (2004),2004,SI,Category 3,110.0,126.6,933.0,2004-02-25,2004-03-03,6.8,Landfall,Tropical Depression,2004-02-25 06:00,-17.8,124.5,
2004319N10134,Muifa (2004),2004,WP,Category 4,115.0,132.3,927.0,2004-11-13,2004-11-26,12.2,Landfall,Category 1,2004-11-19 15:00,13.9745,123.227,82.0
2004206N20151,Namtheun (2004),2004,WP,Category 4,115.0,132.3,927.0,2004-07-24,2004-08-03,10.5,Landfall,Tropical Storm,2004-07-31 07:00,33.1756,133.224,49.0
2004333N06154,Nanmadol (2004),2004,WP,Category 4,130.0,149.6,910.0,2004-11-28,2004-12-04,6.2,Landfall,Category 3,2004-12-02 15:00,16.5891,121.009,107.0
2004284N30295,Nicole (2004),2004,Unknown,Tropical Storm,45.0,51.8,986.0,2004-10-10,2004-10-11,1.8,At Sea / Open Water,At Sea / Open Water,N/A,,,
2004134N07132,Nida (2004),2004,WP,Category 5,140.0,161.1,898.0,2004-05-13,2004-05-22,9.8,Landfall,Category 4,2004-05-17 00:00,14.025,124.225,130.0
2004288N09164,Nock-Ten (2004),2004,WP,Category 3,110.0,126.6,933.0,2004-10-13,2004-10-27,13.2,At Sea / Open Water,At Sea / Open Water,N/A,,,
2004352N10154,Noru (2004),2004,WP,Tropical Storm,55.0,63.3,984.0,2004-12-16,2004-12-23,6.5,At Sea / Open Water,At Sea / Open Water,N/A,,,
2004042N08148,Not_Named (2004),2004,WP,Tropical Storm,40.0,46.0,994.0,2004-02-10,2004-02-19,8.5,At Sea / Open Water,At Sea / Open Water,N/A,,,
2004074N03143,Not_Named (2004),2004,WP,Tropical Storm,35.0,40.3,997.0,2004-03-14,2004-03-23,9.5,At Sea / Open Water,At Sea / Open Water,N/A,,,
2004086S29318,Not_Named (2004),2004,SA,Category 1,75.0,86.3,981.0,2004-03-25,2004-03-28,2.8,Landfall,Category 1,2004-03-28 06:00,-29.0,-49.6,75.0
2004098S15173,Not_Named (2004),2004,SP,Tropical Storm,35.0,40.3,997.0,2004-04-07,2004-04-09,1.8,Landfall,Tropical Storm,2004-04-08 03:00,-17.5151,178.087,35.0
2004125N11074,Not_Named (2004),2004,NI,Tropical Storm,45.0,51.8,991.0,2004-05-04,2004-05-10,6.4,At Sea / Open Water,At Sea / Open Water,N/A,,,
2004135N09114,Not_Named (2004),2004,WP,Tropical Storm,35.0,40.3,997.0,2004-05-14,2004-05-18,4.5,At Sea / Open Water,At Sea / Open Water,N/A,,,
2004136N15090,Not_Named (2004),2004,NI,Category 1,65.0,74.8,976.0,2004-05-14,2004-05-19,5.0,Landfall,Category 1,2004-05-19 06:00,20.1,93.1,65.0
2004274N16069,Not_Named (2004),2004,NI,Tropical Storm,35.0,40.3,997.0,2004-09-30,2004-10-10,9.8,Landfall,Tropical Depression,2004-10-09 21:00,20.99,70.4677,25.0
2004307N09068,Not_Named (2004),2004,NI,Tropical Storm,40.0,46.0,994.0,2004-11-01,2004-11-08,7.0,At Sea / Open Water,At Sea / Open Water,N/A,,,
2004332N02072,Not_Named (2004),2004,NI,Category 1,65.0,74.8,976.0,2004-11-27,2004-12-05,8.2,Landfall,Tropical Depression,2004-12-04 15:00,5.37991,48.5799,25.0
2004136N05148,Omais (2004),2004,WP,Tropical Storm,60.0,69.0,980.0,2004-05-15,2004-05-22,7.0,At Sea / Open Water,At Sea / Open Water,N/A,,,
2004331N28320,Otto (2004),2004,Unknown,Tropical Storm,45.0,51.8,995.0,2004-11-26,2004-12-05,9.5,At Sea / Open Water,At Sea / Open Water,N/A,,,
2004219N15137,Rananim (2004),2004,WP,Category 2,90.0,103.6,954.0,2004-08-06,2004-08-15,9.2,Landfall,Category 2,2004-08-12 12:00,28.15,121.35,85.0
2004248N14156,Sarika (2004),2004,WP,Tropical Storm,60.0,69.0,980.0,2004-09-03,2004-09-09,5.2,At Sea / Open Water,At Sea / Open Water,N/A,,,
2004239N11171,Songda (2004),2004,WP,Category 4,125.0,143.8,916.0,2004-08-26,2004-09-10,15.8,Landfall,Category 2,2004-09-07 03:00,33.8277,130.636,87.0
2004093N07154,Sudal (2004),2004,WP,Category 4,130.0,149.6,910.0,2004-04-02,2004-04-18,16.0,At Sea / Open Water,At Sea / Open Water,N/A,,,
2004344N06178,Talas (2004),2004,WP,Tropical Storm,50.0,57.5,987.0,2004-12-09,2004-12-20,11.2,At Sea / Open Water,At Sea / Open Water,N/A,,,
2004177N12154,Tingting (2004),2004,WP,Category 1,80.0,92.1,963.0,2004-06-24,2004-07-13,18.2,At Sea / Open Water,At Sea / Open Water,N/A,,,
2004284N07157,Tokage (2004),2004,WP,Category 4,125.0,143.8,916.0,2004-10-10,2004-10-23,12.8,Landfall,Tropical Storm,2004-10-20 08:00,34.1498,134.578,53.0
2005092S11102,Adeline:Juliet (2005),2005,SI,Category 4,125.0,143.8,916.0,2005-04-01,2005-04-16,14.8,At Sea / Open Water,At Sea / Open Water,N/A,,,
2005138N10265,Adrian (2005),2005,EP,Category 1,70.0,80.6,982.0,2005-05-17,2005-05-21,3.2,Landfall,Tropical Depression,2005-05-20 21:00,13.3,-87.6,20.0
2005296N16293,Alpha (2005),2005,Unknown,Tropical Storm,45.0,51.8,998.0,2005-10-22,2005-10-24,2.2,Landfall,Tropical Storm,2005-10-23 10:00,18.3,-71.3,45.0
2005160N17276,Arlene (2005),2005,Unknown,Tropical Storm,60.0,69.0,989.0,2005-06-08,2005-06-14,5.5,Landfall,Tropical Storm,2005-06-10 08:00,21.8,-84.5,45.0
2004312S05085,Arola (2005),2005,SI,Category 1,65.0,74.8,976.0,2004-11-06,2004-11-18,12.2,At Sea / Open Water,At Sea / Open Water,N/A,,,
2005330N09096,Baaz (2005),2005,NI,Tropical Storm,45.0,51.8,991.0,2005-11-26,2005-12-04,7.8,Landfall,Tropical Depression,2005-12-03 03:00,12.7225,80.1849,27.0
2005202N13138,Banyan (2005),2005,WP,Tropical Storm,60.0,69.0,980.0,2005-07-20,2005-07-31,10.8,At Sea / Open Water,At Sea / Open Water,N/A,,,
2005173N14258,Beatriz (2005),2005,EP,Tropical Storm,45.0,51.8,1000.0,2005-06-21,2005-06-26,4.5,At Sea / Open Water,At Sea / Open Water,N/A,,,
2004325S06078,Bentojana (2005),2005,SI,Category 5,140.0,161.1,898.0,2004-11-19,2004-12-04,14.8,At Sea / Open Water,At Sea / Open Water,N/A,,,
2005300N10279,Beta (2005),2005,Unknown,Category 3,100.0,115.1,962.0,2005-10-26,2005-10-31,4.2,Landfall,Category 2,2005-10-30 12:00,12.9,-83.5,90.0
2005316N05134,Bolaven (2005),2005,WP,Category 1,70.0,80.6,972.0,2005-11-12,2005-11-20,8.8,Landfall,Tropical Depression,2005-11-20 03:00,17.3307,122.168,32.0
2005180N20265,Bret (2005),2005,Unknown,Tropical Storm,35.0,40.3,1002.0,2005-06-28,2005-06-30,1.2,Landfall,Tropical Storm,2005-06-29 12:00,20.8,-97.3,35.0
2005177N13263,Calvin (2005),2005,EP,Tropical Storm,45.0,51.8,1000.0,2005-06-26,2005-07-03,7.2,At Sea / Open Water,At Sea / Open Water,N/A,,,
2004357S06095,Chambo (2005),2005,SI,Category 3,105.0,120.8,944.0,2004-12-21,2005-01-03,13.2,At Sea / Open Water,At Sea / Open Water,N/A,,,
2005185N18273,Cindy (2005),2005,Unknown,Category 1,65.0,74.8,991.0,2005-07-03,2005-07-11,7.5,Landfall,Tropical Depression,2005-07-04 03:30,19.0,-87.6,30.0
2005262N13127,Damrey (2005),2005,WP,Category 2,90.0,103.6,954.0,2005-09-19,2005-09-28,9.0,Landfall,Category 1,2005-09-25 21:00,18.8617,110.331,75.0
2005015S06089,Daren (2005),2005,SI,Tropical Storm,45.0,51.8,991.0,2005-01-15,2005-01-23,8.5,At Sea / Open Water,At Sea / Open Water,N/A,,,
2005324N27312,Delta (2005),2005,Unknown,Tropical Storm,60.0,69.0,980.0,2005-11-19,2005-11-29,10.2,Landfall,Tropical Storm,2005-11-29 09:00,31.4789,-8.88589,42.0
2005186N12299,Dennis (2005),2005,Unknown,Category 4,130.0,149.6,930.0,2005-07-04,2005-07-18,13.5,Landfall,Category 4,2005-07-08 02:45,19.9,-77.6,120.0
2005185N15261,Dora (2005),2005,EP,Tropical Storm,40.0,46.0,1002.0,2005-07-04,2005-07-06,2.8,At Sea / Open Water,At Sea / Open Water,N/A,,,
2005192N11318,Emily (2005),2005,Unknown,Category 5,140.0,161.1,929.0,2005-07-11,2005-07-21,10.5,Landfall,Category 2,2005-07-18 09:00,20.6198,-88.0304,92.0
2005333N32311,Epsilon (2005),2005,Unknown,Category 1,75.0,86.3,981.0,2005-11-29,2005-12-09,10.5,At Sea / Open Water,At Sea / Open Water,N/A,,,
2005017S09061,Ernest (2005),2005,SI,Category 3,100.0,115.1,944.0,2005-01-16,2005-01-25,8.8,Landfall,Category 1,2005-01-23 09:00,-25.1897,44.3635,82.0
2005199N15256,Eugene (2005),2005,EP,Tropical Storm,60.0,69.0,989.0,2005-07-18,2005-07-21,3.5,At Sea / Open Water,At Sea / Open Water,N/A,,,
2005338N09093,Fanoos (2005),2005,NI,Tropical Storm,60.0,69.0,980.0,2005-12-04,2005-12-12,8.5,Landfall,Tropical Storm,2005-12-10 06:00,10.3854,79.9433,45.0
2005222N14246,Fernanda (2005),2005,EP,Category 1,75.0,86.3,978.0,2005-08-09,2005-08-17,8.0,At Sea / Open Water,At Sea / Open Water,N/A,,,
2005203N25285,Franklin (2005),2005,Unknown,Tropical Storm,60.0,69.0,997.0,2005-07-21,2005-07-31,9.2,At Sea / Open Water,At Sea / Open Water,N/A,,,
2005318N13298,Gamma (2005),2005,Unknown,Tropical Storm,45.0,51.8,1002.0,2005-11-14,2005-11-22,8.0,Landfall,Tropical Depression,2005-11-18 03:00,15.7648,-84.4725,30.0
2005029S11072,Gerard (2005),2005,SI,Tropical Storm,60.0,69.0,980.0,2005-01-29,2005-02-05,7.5,At Sea / Open Water,At Sea / Open Water,N/A,,,
2005205N19267,Gert (2005),2005,Unknown,Tropical Storm,40.0,46.0,1005.0,2005-07-23,2005-07-25,2.0,Landfall,Tropical Storm,2005-07-25 00:00,21.8,-97.6,40.0
2005223N13251,Greg (2005),2005,EP,Tropical Storm,45.0,51.8,1000.0,2005-08-11,2005-08-15,4.5,At Sea / Open Water,At Sea / Open Water,N/A,,,
2005229N21156,Guchol (2005),2005,WP,Category 1,65.0,74.8,976.0,2005-08-17,2005-08-27,9.8,At Sea / Open Water,At Sea / Open Water,N/A,,,
2005192N22155,Haitang (2005),2005,WP,Category 5,140.0,161.1,898.0,2005-07-10,2005-07-21,11.0,Landfall,Category 2,2005-07-18 09:00,24.2163,121.468,92.0
2005035S14136,Harvey (2005),2005,SP,Tropical Storm,50.0,57.5,987.0,2005-02-03,2005-02-07,4.2,Landfall,Tropical Depression,2005-02-03 12:00,-14.0,135.8,
2005215N28291,Harvey (2005),2005,Unknown,Tropical Storm,55.0,63.3,994.0,2005-08-02,2005-08-14,11.2,At Sea / Open Water,At Sea / Open Water,N/A,,,
2005079S10067,Hennie (2005),2005,SI,Category 1,65.0,74.8,976.0,2005-03-19,2005-04-01,13.2,At Sea / Open Water,At Sea / Open Water,N/A,,,
2005232N13263,Hilary (2005),2005,EP,Category 2,90.0,103.6,970.0,2005-08-19,2005-08-28,8.2,At Sea / Open Water,At Sea / Open Water,N/A,,,
2005063S12141,Ingrid (2005),2005,SP,Category 4,135.0,155.4,904.0,2005-03-03,2005-03-17,13.3,Landfall,Tropical Depression,2005-03-04 15:00,-11.7028,142.45,15.0
2005217N13327,Irene (2005),2005,Unknown,Category 2,90.0,103.6,970.0,2005-08-04,2005-08-18,13.8,At Sea / Open Water,At Sea / Open Water,N/A,,,
2005238N17255,Irwin (2005),2005,EP,Tropical Storm,45.0,51.8,1000.0,2005-08-25,2005-09-02,8.2,At Sea / Open Water,At Sea / Open Water,N/A,,,
2005089S10085,Isang (2005),2005,SI,Tropical Storm,55.0,63.3,984.0,2005-03-29,2005-04-08,10.2,At Sea / Open Water,At Sea / Open Water,N/A,,,
2005235N19266,Jose (2005),2005,Unknown,Tropical Storm,50.0,57.5,998.0,2005-08-22,2005-08-23,1.0,Landfall,Tropical Storm,2005-08-23 03:30,19.7,-96.4,50.0
2005255N15246,Jova (2005),2005,EP,Category 3,110.0,126.6,951.0,2005-09-12,2005-09-25,13.0,At Sea / Open Water,At Sea / Open Water,N/A,,,
2005301N13117,Kai-Tak (2005),2005,WP,Category 2,85.0,97.8,958.0,2005-10-27,2005-11-02,5.8,Landfall,Tropical Storm,2005-11-02 03:00,18.1429,106.445,45.0
2005236N23285,Katrina (2005),2005,Unknown,Category 5,150.0,172.6,902.0,2005-08-23,2005-08-31,7.5,Landfall,Category 1,2005-08-25 22:30,26.0,-80.1,70.0
2005258N12242,Kenneth (2005),2005,EP,Category 4,115.0,132.3,947.0,2005-09-14,2005-09-30,16.0,At Sea / Open Water,At Sea / Open Water,N/A,,,
2005003S09177,Kerry (2005),2005,SP,Category 2,90.0,103.6,954.0,2005-01-03,2005-01-18,15.0,At Sea / Open Water,At Sea / Open Water,N/A,,,
2005248N08142,Khanun (2005),2005,WP,Category 4,115.0,132.3,927.0,2005-09-05,2005-09-13,8.5,Landfall,Category 2,2005-09-11 09:00,28.8138,121.372,92.0
2005282N22138,Kirogi (2005),2005,WP,Category 4,115.0,132.3,927.0,2005-10-09,2005-10-19,10.5,At Sea / Open Water,At Sea / Open Water,N/A,,,
2005013N05153,Kulap (2005),2005,WP,Category 1,65.0,74.8,976.0,2005-01-13,2005-01-19,6.5,At Sea / Open Water,At Sea / Open Water,N/A,,,
2005241N14315,Lee (2005),2005,Unknown,Tropical Storm,35.0,40.3,1006.0,2005-08-28,2005-09-03,6.2,At Sea / Open Water,At Sea / Open Water,N/A,,,
2005261N13245,Lidia (2005),2005,EP,Tropical Storm,35.0,40.3,1005.0,2005-09-17,2005-09-19,1.5,At Sea / Open Water,At Sea / Open Water,N/A,,,
2005268N19146,Longwang (2005),2005,WP,Category 4,125.0,143.8,916.0,2005-09-25,2005-10-03,8.8,Landfall,Category 2,2005-10-02 00:00,23.975,120.8,95.0
2005245N19315,Maria (2005),2005,Unknown,Category 3,100.0,115.1,962.0,2005-09-01,2005-09-14,12.5,At Sea / Open Water,At Sea / Open Water,N/A,,,
2005211N09141,Matsa (2005),2005,WP,Category 2,90.0,103.6,954.0,2005-07-29,2005-08-09,10.5,Landfall,Tropical Storm,2005-08-05 21:00,28.2499,121.264,60.0
2005230N20144,Mawar (2005),2005,WP,Category 4,125.0,143.8,916.0,2005-08-18,2005-09-01,14.0,Landfall,Category 2,2005-08-25 18:00,35.25,139.75,85.0
2005261N14252,Max (2005),2005,EP,Category 1,70.0,80.6,987.0,2005-09-17,2005-09-22,5.0,At Sea / Open Water,At Sea / Open Water,N/A,,,
2005032S14195,Meena (2005),2005,SP,Category 4,125.0,143.8,916.0,2005-02-01,2005-02-11,10.5,At Sea / Open Water,At Sea / Open Water,N/A,,,
2005241N15155,Nabi (2005),2005,WP,Category 5,140.0,161.1,898.0,2005-08-28,2005-09-09,12.0,Landfall,Category 1,2005-09-06 05:00,32.7495,130.137,82.0
2005199N21168,Nalgae (2005),2005,WP,Tropical Storm,55.0,63.3,984.0,2005-07-18,2005-07-27,9.8,At Sea / Open Water,At Sea / Open Water,N/A,,,
2005042S12190,Nancy (2005),2005,SP,Category 4,125.0,143.8,916.0,2005-02-10,2005-02-18,7.8,At Sea / Open Water,At Sea / Open Water,N/A,,,
2005249N28293,Nate (2005),2005,Unknown,Category 1,80.0,92.1,979.0,2005-09-05,2005-09-12,7.0,At Sea / Open Water,At Sea / Open Water,N/A,,,
2005148N06156,Nesat (2005),2005,WP,Category 4,125.0,143.8,916.0,2005-05-27,2005-06-11,14.8,At Sea / Open Water,At Sea / Open Water,N/A,,,
2005266N15252,Norma (2005),2005,EP,Tropical Storm,50.0,57.5,997.0,2005-09-23,2005-10-01,8.0,At Sea / Open Water,At Sea / Open Water,N/A,,,
2004299S09063,Not_Named (2005),2005,SI,Tropical Storm,35.0,40.3,997.0,2004-10-24,2004-10-29,4.2,At Sea / Open Water,At Sea / Open Water,N/A,,,
2004338S09113,Not_Named (2005),2005,SI,Tropical Storm,35.0,40.3,997.0,2004-12-03,2004-12-06,3.0,At Sea / Open Water,At Sea / Open Water,N/A,,,
2005012N04090,Not_Named (2005),2005,NI,Tropical Storm,35.0,40.3,997.0,2005-01-11,2005-01-17,5.8,At Sea / Open Water,At Sea / Open Water,N/A,,,
2005013S14124,Not_Named (2005),2005,SI,Tropical Storm,35.0,40.3,997.0,2005-01-13,2005-01-18,5.2,At Sea / Open Water,At Sea / Open Water,N/A,,,
2005274N17086,Not_Named (2005),2005,NI,Tropical Storm,40.0,46.0,994.0,2005-10-01,2005-10-03,2.0,Landfall,Tropical Storm,2005-10-03 06:00,22.2,88.1,35.0
2005277N34328,Not_Named (2005),2005,Unknown,Tropical Storm,45.0,51.8,997.0,2005-10-04,2005-10-05,1.5,At Sea / Open Water,At Sea / Open Water,N/A,,,
2005281N26303,Not_Named (2005),2005,Unknown,Tropical Storm,40.0,46.0,1005.0,2005-10-08,2005-10-14,6.5,At Sea / Open Water,At Sea / Open Water,N/A,,,
2005298N12088,Not_Named (2005),2005,NI,Tropical Storm,35.0,40.3,997.0,2005-10-25,2005-10-29,4.1,Landfall,Tropical Depression,2005-10-28 12:00,15.5,79.95,30.0
2005349N06090,Not_Named (2005),2005,NI,Tropical Storm,45.0,51.8,991.0,2005-12-14,2005-12-24,9.2,At Sea / Open Water,At Sea / Open Water,N/A,,,
2005350N08127,Not_Named (2005),2005,WP,Tropical Storm,45.0,51.8,991.0,2005-12-15,2005-12-21,5.8,Landfall,Tropical Depression,2005-12-15 21:00,8.61874,125.794,22.0
2005041S13181,Olaf (2005),2005,SP,Category 5,145.0,166.9,892.0,2005-02-10,2005-02-23,13.0,At Sea / Open Water,At Sea / Open Water,N/A,,,
2005249N26281,Ophelia (2005),2005,Unknown,Category 1,75.0,86.3,976.0,2005-09-06,2005-09-23,16.8,Landfall,Tropical Storm,2005-09-18 06:00,44.8,-62.6,45.0
2005271N17255,Otis (2005),2005,EP,Category 2,90.0,103.6,970.0,2005-09-28,2005-10-05,7.5,At Sea / Open Water,At Sea / Open Water,N/A,,,
2005054S09173,Percy (2005),2005,SP,Category 5,140.0,161.1,898.0,2005-02-23,2005-03-05,10.5,At Sea / Open Water,At Sea / Open Water,N/A,,,
2005261N13306,Philippe (2005),2005,Unknown,Category 1,70.0,80.6,985.0,2005-09-17,2005-09-24,6.8,At Sea / Open Water,At Sea / Open Water,N/A,,,
2004243S03088,Phoebe (2005),2005,SI,Tropical Storm,55.0,63.3,984.0,2004-08-30,2004-09-05,6.2,At Sea / Open Water,At Sea / Open Water,N/A,,,
2005060S12179,Rae (2005),2005,SP,Tropical Storm,35.0,40.3,997.0,2005-02-28,2005-03-08,7.2,At Sea / Open Water,At Sea / Open Water,N/A,,,
2004365S13120,Raymond (2005),2005,SP,Tropical Storm,50.0,57.5,987.0,2004-12-30,2005-01-10,11.0,Landfall,Tropical Storm,2005-01-02 18:00,-15.0667,125.633,45.0
2005261N21290,Rita (2005),2005,Unknown,Category 5,155.0,178.4,895.0,2005-09-18,2005-09-26,8.2,Landfall,Category 2,2005-09-24 09:00,29.944,-93.8198,89.0
2005071N06152,Roke (2005),2005,WP,Category 1,80.0,92.1,963.0,2005-03-12,2005-03-19,7.2,Landfall,Category 1,2005-03-16 18:00,11.025,124.8,75.0
2005006S09099,Sally (2005),2005,SI,Tropical Storm,45.0,51.8,991.0,2005-01-06,2005-01-10,4.0,At Sea / Open Water,At Sea / Open Water,N/A,,,
2005222N14131,Sanvu (2005),2005,WP,Category 1,65.0,74.8,976.0,2005-08-09,2005-08-15,5.2,Landfall,Tropical Storm,2005-08-13 03:00,23.309,116.847,55.0
2005262N20155,Saola (2005),2005,WP,Category 3,100.0,115.1,944.0,2005-09-19,2005-09-28,9.0,At Sea / Open Water,At Sea / Open Water,N/A,,,
2005107N07151,Sonca (2005),2005,WP,Category 4,115.0,132.3,927.0,2005-04-16,2005-04-29,12.5,At Sea / Open Water,At Sea / Open Water,N/A,,,
2005275N19274,Stan (2005),2005,Unknown,Category 1,70.0,80.6,977.0,2005-10-01,2005-10-05,3.8,Landfall,Tropical Storm,2005-10-02 09:00,19.5456,-87.3758,36.0
2005237N14148,Talim (2005),2005,WP,Category 4,130.0,149.6,910.0,2005-08-24,2005-09-03,9.5,Landfall,Category 2,2005-08-31 18:00,23.85,121.475,95.0
2005278N27280,Tammy (2005),2005,Unknown,Tropical Storm,45.0,51.8,1001.0,2005-10-05,2005-10-07,1.8,Landfall,Tropical Storm,2005-10-06 00:00,30.5,-81.6,45.0
2005311N08140,Tembin (2005),2005,WP,Tropical Storm,45.0,51.8,991.0,2005-11-06,2005-11-12,6.0,Landfall,Tropical Storm,2005-11-10 15:00,16.045,121.216,40.0
2005022S14112,Tim (2005),2005,SI,Tropical Storm,35.0,40.3,997.0,2005-01-22,2005-01-26,4.5,At Sea / Open Water,At Sea / Open Water,N/A,,,
2005257N15120,Vicente (2005),2005,WP,Tropical Storm,50.0,57.5,987.0,2005-09-14,2005-09-19,4.8,Landfall,Tropical Storm,2005-09-18 09:00,18.1333,105.964,47.0
2005281N33339,Vince (2005),2005,Unknown,Category 1,65.0,74.8,988.0,2005-10-08,2005-10-11,3.2,Landfall,Tropical Depression,2005-10-11 09:00,37.2,-7.1,30.0
2005035S15118,Vivienne (2005),2005,SI,Tropical Storm,35.0,40.3,997.0,2005-02-04,2005-02-09,5.5,At Sea / Open Water,At Sea / Open Water,N/A,,,
2005210N19115,Washi (2005),2005,WP,Tropical Storm,45.0,51.8,991.0,2005-07-28,2005-07-31,3.2,Landfall,Tropical Storm,2005-07-29 21:00,19.0107,110.592,42.0
2005067S12120,Willy (2005),2005,SI,Category 2,90.0,103.6,954.0,2005-03-08,2005-03-14,6.2,At Sea / Open Water,At Sea / Open Water,N/A,,,
2005289N18282,Wilma (2005),2005,Unknown,Category 5,160.0,184.1,882.0,2005-10-15,2005-10-26,11.0,Landfall,Category 4,2005-10-22 03:00,20.7783,-86.8809,115.0
2005364N24324,Zeta (2005),2005,Unknown,Tropical Storm,55.0,63.3,994.0,2005-12-30,2006-01-07,8.8,At Sea / Open Water,At Sea / Open Water,N/A,,,
2006161N20275,Alberto (2006),2006,Unknown,Tropical Storm,60.0,69.0,969.0,2006-06-10,2006-06-19,9.0,Landfall,Tropical Storm,2006-06-13 16:30,29.9,-83.7,40.0
2006147N15259,Aletta (2006),2006,EP,Tropical Storm,40.0,46.0,1002.0,2006-05-27,2006-05-31,3.8,At Sea / Open Water,At Sea / Open Water,N/A,,,
2005322S04095,Alvin:Bertie (2006),2006,SI,Category 4,115.0,132.3,927.0,2005-11-18,2005-12-03,15.0,At Sea / Open Water,At Sea / Open Water,N/A,,,
2006272N13144,Bebinca (2006),2006,WP,Tropical Storm,35.0,40.3,997.0,2006-09-28,2006-10-06,7.8,At Sea / Open Water,At Sea / Open Water,N/A,,,
2006200N32287,Beryl (2006),2006,Unknown,Tropical Storm,50.0,57.5,1000.0,2006-07-18,2006-07-22,4.0,Landfall,Tropical Storm,2006-07-21 21:00,44.6272,-64.8886,35.0
2006188N10143,Bilis (2006),2006,WP,Tropical Storm,50.0,57.5,987.0,2006-07-07,2006-07-17,10.5,Landfall,Tropical Storm,2006-07-14 06:00,26.4267,119.487,40.0
2006021S11053,Boloetse (2006),2006,SI,Category 3,100.0,115.1,944.0,2006-01-20,2006-02-06,17.0,Landfall,Tropical Depression,2006-01-29 00:00,-20.5,48.2,30.0
2006217N20134,Bopha (2006),2006,WP,Tropical Storm,55.0,63.3,984.0,2006-08-05,2006-08-11,6.0,Landfall,Tropical Storm,2006-08-08 21:00,22.8106,120.763,50.0
2006192N13250,Bud (2006),2006,EP,Category 3,110.0,126.6,953.0,2006-07-11,2006-07-17,6.5,At Sea / Open Water,At Sea / Open Water,N/A,,,
2006054S09082,Carina (2006),2006,SI,Category 4,130.0,149.6,910.0,2006-02-22,2006-03-11,16.8,At Sea / Open Water,At Sea / Open Water,N/A,,,
2006193N13258,Carlotta (2006),2006,EP,Category 1,75.0,86.3,981.0,2006-07-12,2006-07-20,8.0,At Sea / Open Water,At Sea / Open Water,N/A,,,
2006128N09138,Chanchu (2006),2006,WP,Category 4,125.0,143.8,916.0,2006-05-07,2006-05-19,11.8,Landfall,Category 1,2006-05-11 15:00,12.2724,125.151,70.0
2006311N16143,Chebi (2006),2006,WP,Category 4,125.0,143.8,916.0,2006-11-07,2006-11-15,7.8,Landfall,Category 2,2006-11-11 03:00,15.995,121.016,92.0
2006213N16302,Chris (2006),2006,Unknown,Tropical Storm,55.0,63.3,1001.0,2006-08-01,2006-08-06,5.5,Landfall,Tropical Depression,2006-08-06 03:00,22.592,-79.5352,20.0
2006298N12143,Cimaron (2006),2006,WP,Category 5,140.0,161.1,898.0,2006-10-25,2006-11-07,13.5,Landfall,Category 4,2006-10-29 15:00,16.5405,121.965,127.0
2006006S11129,Clare (2006),2006,SI,Tropical Storm,60.0,69.0,980.0,2006-01-06,2006-01-10,4.5,Landfall,Tropical Storm,2006-01-09 18:00,-20.9,116.3,55.0
2006198N12252,Daniel (2006),2006,EP,Category 4,130.0,149.6,933.0,2006-07-16,2006-07-28,11.8,At Sea / Open Water,At Sea / Open Water,N/A,,,
2006017S15126,Daryl (2006),2006,SI,Tropical Storm,50.0,57.5,987.0,2006-01-17,2006-01-23,6.5,Landfall,Tropical Depression,2006-01-17 00:00,-15.3,125.6,
2006234N12338,Debby (2006),2006,Unknown,Tropical Storm,45.0,51.8,999.0,2006-08-21,2006-08-28,6.2,At Sea / Open Water,At Sea / Open Water,N/A,,,
2006060S13058,Diwa (2006),2006,SI,Tropical Storm,55.0,63.3,984.0,2006-03-01,2006-03-11,9.8,At Sea / Open Water,At Sea / Open Water,N/A,,,
2006329N06150,Durian (2006),2006,WP,Category 4,135.0,155.4,904.0,2006-11-24,2006-12-09,15.2,Landfall,Category 4,2006-11-30 06:00,13.425,123.55,125.0
2006094S08087,Elia (2006),2006,SI,Tropical Storm,50.0,57.5,985.0,2006-04-03,2006-04-17,13.8,At Sea / Open Water,At Sea / Open Water,N/A,,,
2006203N12257,Emilia (2006),2006,EP,Tropical Storm,55.0,63.3,990.0,2006-07-21,2006-07-31,10.0,At Sea / Open Water,At Sea / Open Water,N/A,,,
2006057S12114,Emma (2006),2006,SI,Tropical Storm,35.0,40.3,997.0,2006-02-25,2006-03-01,4.0,Landfall,Tropical Depression,2006-02-28 06:00,-21.74,116.14,30.0
2006237N13298,Ernesto (2006),2006,Unknown,Category 1,65.0,74.8,985.0,2006-08-24,2006-09-04,10.5,Landfall,Tropical Storm,2006-08-28 11:15,19.9,-75.5,35.0
2006180N06140,Ewiniar (2006),2006,WP,Category 4,130.0,149.6,910.0,2006-06-29,2006-07-12,13.5,Landfall,Tropical Storm,2006-07-10 03:00,34.6322,126.36,37.0
2006213N14239,Fabio (2006),2006,EP,Tropical Storm,45.0,51.8,1000.0,2006-07-31,2006-08-05,5.0,At Sea / Open Water,At Sea / Open Water,N/A,,,
2006247N14321,Florence (2006),2006,Unknown,Category 1,80.0,92.1,963.0,2006-09-03,2006-09-19,15.2,At Sea / Open Water,At Sea / Open Water,N/A,,,
2006078S12119,Floyd (2006),2006,SI,Category 4,115.0,132.3,927.0,2006-03-18,2006-03-27,8.8,At Sea / Open Water,At Sea / Open Water,N/A,,,
2006213N13256,Gilma (2006),2006,EP,Tropical Storm,35.0,40.3,1004.0,2006-08-01,2006-08-05,4.0,At Sea / Open Water,At Sea / Open Water,N/A,,,
2006081S14129,Glenda (2006),2006,SI,Category 4,120.0,138.1,922.0,2006-03-22,2006-03-31,9.2,Landfall,Tropical Depression,2006-03-24 03:00,-15.0458,128.964,15.0
2006254N20306,Gordon (2006),2006,Unknown,Category 3,105.0,120.8,955.0,2006-09-10,2006-09-24,14.0,Landfall,Tropical Storm,2006-09-21 18:00,52.5,-9.5,55.0
2006228N13247,Hector (2006),2006,EP,Category 2,95.0,109.3,966.0,2006-08-15,2006-08-24,8.5,At Sea / Open Water,At Sea / Open Water,N/A,,,
2006256N12338,Helene (2006),2006,Unknown,Category 3,105.0,120.8,955.0,2006-09-12,2006-09-27,15.2,At Sea / Open Water,At Sea / Open Water,N/A,,,
2006093S15115,Hubert (2006),2006,SI,Tropical Storm,55.0,63.3,984.0,2006-04-02,2006-04-08,5.8,Landfall,Tropical Depression,2006-04-07 21:00,-21.6872,115.416,27.0
2006234N12258,Ileana (2006),2006,EP,Category 3,105.0,120.8,955.0,2006-08-21,2006-08-29,7.8,At Sea / Open Water,At Sea / Open Water,N/A,,,
2006228N10218,Ioke (2006),2006,EP,Category 5,140.0,161.1,900.0,2006-08-16,2006-09-07,22.5,At Sea / Open Water,At Sea / Open Water,N/A,,,
2006271N26307,Isaac (2006),2006,Unknown,Category 1,75.0,86.3,985.0,2006-09-27,2006-10-03,5.8,At Sea / Open Water,At Sea / Open Water,N/A,,,
2006174N08135,Jelawat (2006),2006,WP,Tropical Storm,45.0,51.8,991.0,2006-06-22,2006-06-29,6.5,Landfall,Tropical Depression,2006-06-24 18:00,11.7,125.2,20.0
2006025S18147,Jim (2006),2006,SP,Category 1,80.0,92.1,963.0,2006-01-25,2006-02-03,9.0,At Sea / Open Water,At Sea / Open Water,N/A,,,
2006240N12265,John (2006),2006,EP,Category 4,115.0,132.3,948.0,2006-08-28,2006-09-04,7.5,Landfall,Category 2,2006-09-02 03:00,23.4011,-109.518,92.0
2006198N08152,Kaemi (2006),2006,WP,Category 1,75.0,86.3,967.0,2006-07-17,2006-07-29,12.0,Landfall,Tropical Storm,2006-07-24 18:00,23.05,120.725,55.0
2006053S11144,Kate (2006),2006,SP,Tropical Storm,45.0,51.8,989.0,2006-02-22,2006-02-24,2.0,At Sea / Open Water,At Sea / Open Water,N/A,,,
2006242N16246,Kristy (2006),2006,EP,Category 1,70.0,80.6,985.0,2006-08-30,2006-09-09,10.2,At Sea / Open Water,At Sea / Open Water,N/A,,,
2006257N16259,Lane (2006),2006,EP,Category 3,110.0,126.6,952.0,2006-09-13,2006-09-17,3.8,Landfall,Category 3,2006-09-16 19:15,24.1,-107.2,110.0
2006074S13158,Larry (2006),2006,SP,Category 4,115.0,132.3,937.0,2006-03-14,2006-03-21,7.0,Landfall,Category 3,2006-03-19 21:00,-17.533,146.088,107.0
2006114N08090,Mala (2006),2006,NI,Category 4,120.0,138.1,922.0,2006-04-24,2006-04-29,5.5,Landfall,Category 1,2006-04-29 09:00,17.9977,94.9498,77.0
2006216N21152,Maria (2006),2006,WP,Tropical Storm,60.0,69.0,980.0,2006-08-03,2006-08-14,10.8,At Sea / Open Water,At Sea / Open Water,N/A,,,
2006259N17245,Miriam (2006),2006,EP,Tropical Storm,40.0,46.0,999.0,2006-09-16,2006-09-21,5.2,At Sea / Open Water,At Sea / Open Water,N/A,,,
2006106S10153,Monica (2006),2006,SP,Category 5,155.0,178.4,879.0,2006-04-16,2006-04-27,11.8,Landfall,Category 2,2006-04-19 06:00,-13.2667,143.4,85.0
2006262N19069,Mukda (2006),2006,NI,Tropical Storm,55.0,63.3,984.0,2006-09-19,2006-09-26,7.2,At Sea / Open Water,At Sea / Open Water,N/A,,,
2006282N14243,Norman (2006),2006,EP,Tropical Storm,45.0,51.8,1000.0,2006-10-09,2006-10-15,6.8,At Sea / Open Water,At Sea / Open Water,N/A,,,
2005287S09084,Not_Named (2006),2006,SI,Tropical Storm,40.0,46.0,994.0,2005-10-13,2005-10-17,3.5,At Sea / Open Water,At Sea / Open Water,N/A,,,
2005308S07098,Not_Named (2006),2006,SI,Tropical Storm,35.0,40.3,997.0,2005-11-04,2005-11-08,4.0,At Sea / Open Water,At Sea / Open Water,N/A,,,
2005351S09084,Not_Named (2006),2006,SI,Tropical Storm,35.0,40.3,997.0,2005-12-17,2005-12-29,12.8,At Sea / Open Water,At Sea / Open Water,N/A,,,
2006012N03081,Not_Named (2006),2006,NI,Tropical Storm,45.0,51.8,991.0,2006-01-12,2006-01-19,7.2,At Sea / Open Water,At Sea / Open Water,N/A,,,
2006049S16051,Not_Named (2006),2006,SI,Tropical Storm,45.0,51.8,991.0,2006-02-18,2006-02-23,5.8,At Sea / Open Water,At Sea / Open Water,N/A,,,
2006060N04141,Not_Named (2006),2006,WP,Tropical Storm,35.0,40.3,997.0,2006-03-01,2006-03-07,6.2,At Sea / Open Water,At Sea / Open Water,N/A,,,
2006182N20088,Not_Named (2006),2006,NI,Tropical Storm,35.0,40.3,997.0,2006-06-30,2006-07-05,4.5,Landfall,Tropical Depression,2006-07-02 15:00,20.3963,86.6713,32.0
2006198N37291,Not_Named (2006),2006,Unknown,Tropical Storm,45.0,51.8,998.0,2006-07-16,2006-07-19,3.0,Landfall,Tropical Depression,2006-07-18 21:00,47.9231,-54.4496,25.0
2006271N18089,Not_Named (2006),2006,NI,Tropical Storm,35.0,40.3,997.0,2006-09-28,2006-09-30,2.0,Landfall,Tropical Depression,2006-09-29 12:00,19.1,84.5,30.0
2006300N07078,Not_Named (2006),2006,NI,Tropical Storm,55.0,63.3,984.0,2006-10-27,2006-10-30,3.2,Landfall,Tropical Depression,2006-10-28 03:00,10.7349,79.8227,17.0
2006283N13232,Olivia (2006),2006,EP,Tropical Storm,40.0,46.0,1000.0,2006-10-09,2006-10-14,5.0,At Sea / Open Water,At Sea / Open Water,N/A,,,
2006294N16254,Paul (2006),2006,EP,Category 2,90.0,103.6,970.0,2006-10-21,2006-10-26,5.0,At Sea / Open Water,At Sea / Open Water,N/A,,,
2006209N13130,Prapiroon (2006),2006,WP,Category 1,70.0,80.6,972.0,2006-07-28,2006-08-05,8.2,Landfall,Tropical Depression,2006-07-31 09:00,16.4564,121.88,30.0
2006312N13256,Rosa (2006),2006,EP,Tropical Storm,35.0,40.3,1002.0,2006-11-08,2006-11-10,2.5,At Sea / Open Water,At Sea / Open Water,N/A,,,
2006216N07151,Saomai (2006),2006,WP,Category 5,140.0,161.1,898.0,2006-08-04,2006-08-12,8.2,Landfall,Category 4,2006-08-10 12:00,27.2,119.975,115.0
2006318N12256,Sergio (2006),2006,EP,Category 2,95.0,109.3,965.0,2006-11-13,2006-11-20,7.0,At Sea / Open Water,At Sea / Open Water,N/A,,,
2006252N13139,Shanshan (2006),2006,WP,Category 4,120.0,138.1,922.0,2006-09-09,2006-09-19,10.8,Landfall,Category 1,2006-09-17 09:00,32.9804,129.735,70.0
2006225N17126,Sonamu (2006),2006,WP,Tropical Storm,45.0,51.8,991.0,2006-08-13,2006-08-16,3.5,At Sea / Open Water,At Sea / Open Water,N/A,,,
2006282N13160,Soulik (2006),2006,WP,Category 2,90.0,103.6,954.0,2006-10-08,2006-10-17,8.8,At Sea / Open Water,At Sea / Open Water,N/A,,,
2006007S15182,Tam (2006),2006,SP,Tropical Storm,40.0,46.0,994.0,2006-01-06,2006-01-14,8.0,At Sea / Open Water,At Sea / Open Water,N/A,,,
2006013S13184,Urmil (2006),2006,SP,Tropical Storm,60.0,69.0,980.0,2006-01-13,2006-01-16,3.2,At Sea / Open Water,At Sea / Open Water,N/A,,,
2006340N08142,Utor (2006),2006,WP,Category 3,100.0,115.1,944.0,2006-12-06,2006-12-15,9.2,Landfall,Category 1,2006-12-09 06:00,11.3,125.45,65.0
2006040S15181,Vaianu (2006),2006,SP,Category 1,75.0,86.3,967.0,2006-02-09,2006-02-22,13.0,At Sea / Open Water,At Sea / Open Water,N/A,,,
2006075S14185,Wati (2006),2006,SP,Category 1,80.0,92.1,963.0,2006-03-15,2006-03-28,12.2,Landfall,Tropical Depression,2006-03-28 00:00,-36.2,174.2,
2006224N21141,Wukong (2006),2006,WP,Tropical Storm,55.0,63.3,984.0,2006-08-12,2006-08-21,9.0,Landfall,Tropical Storm,2006-08-17 15:00,31.8107,131.505,52.0
2006268N12129,Xangsane (2006),2006,WP,Category 4,125.0,143.8,916.0,2006-09-25,2006-10-02,7.5,Landfall,Category 4,2006-09-27 09:00,13.0249,124.147,120.0
2006259N19155,Yagi (2006),2006,WP,Category 5,140.0,161.1,898.0,2006-09-16,2006-09-27,11.2,At Sea / Open Water,At Sea / Open Water,N/A,,,
2007133N15091,Akash (2007),2007,NI,Category 1,65.0,74.8,976.0,2007-05-12,2007-05-15,2.1,Landfall,Category 1,2007-05-14 18:00,21.2,92.1,65.0
2007147N13249,Alvin (2007),2007,EP,Tropical Storm,35.0,40.3,1003.0,2007-05-27,2007-06-06,10.5,At Sea / Open Water,At Sea / Open Water,N/A,,,
2007127N36286,Andrea (2007),2007,Unknown,Category 1,65.0,74.8,998.0,2007-05-06,2007-05-14,7.5,At Sea / Open Water,At Sea / Open Water,N/A,,,
2006330S06049,Anita (2007),2007,SI,Tropical Storm,45.0,51.8,989.0,2006-11-26,2006-12-04,8.0,At Sea / Open Water,At Sea / Open Water,N/A,,,
2007021S12183,Arthur (2007),2007,SP,Category 1,65.0,74.8,974.0,2007-01-20,2007-01-29,8.2,At Sea / Open Water,At Sea / Open Water,N/A,,,
2007150N14263,Barbara (2007),2007,EP,Tropical Storm,45.0,51.8,1000.0,2007-05-29,2007-06-02,4.0,Landfall,Tropical Storm,2007-06-02 15:00,14.901,-92.4551,37.0
2007151N18273,Barry (2007),2007,Unknown,Tropical Storm,50.0,57.5,990.0,2007-05-31,2007-06-05,5.5,Landfall,Tropical Depression,2007-06-02 15:00,27.9579,-82.5065,30.0
2007084S12157,Becky (2007),2007,SP,Category 1,70.0,80.6,970.0,2007-03-24,2007-03-29,5.0,At Sea / Open Water,At Sea / Open Water,N/A,,,
2006350S07071,Bondo (2007),2007,SI,Category 4,135.0,155.4,904.0,2006-12-15,2006-12-28,12.8,Landfall,Tropical Storm,2006-12-25 18:00,-16.3333,46.1667,50.0
2007212N36294,Chantal (2007),2007,Unknown,Tropical Storm,60.0,69.0,964.0,2007-07-31,2007-08-05,5.5,At Sea / Open Water,At Sea / Open Water,N/A,,,
2007091S14175,Cliff (2007),2007,SP,Tropical Storm,55.0,63.3,982.0,2007-04-01,2007-04-06,5.8,At Sea / Open Water,At Sea / Open Water,N/A,,,
2006364S12058,Clovis (2007),2007,SI,Category 1,65.0,74.8,976.0,2006-12-29,2007-01-04,6.2,Landfall,Tropical Storm,2007-01-03 12:00,-20.7333,48.4333,60.0
2007196N11234,Cosme (2007),2007,EP,Category 1,65.0,74.8,987.0,2007-07-14,2007-07-24,10.2,At Sea / Open Water,At Sea / Open Water,N/A,,,
2007203N13255,Dalila (2007),2007,EP,Tropical Storm,50.0,57.5,995.0,2007-07-22,2007-07-30,8.2,At Sea / Open Water,At Sea / Open Water,N/A,,,
2007249N24161,Danas (2007),2007,WP,Category 1,65.0,74.8,974.0,2007-09-06,2007-09-13,7.0,At Sea / Open Water,At Sea / Open Water,N/A,,,
2007225N12331,Dean (2007),2007,Unknown,Category 5,150.0,172.6,905.0,2007-08-13,2007-08-23,9.8,Landfall,Category 5,2007-08-21 08:30,18.7,-87.7,150.0
2007027S07069,Dora (2007),2007,SI,Category 4,115.0,132.3,927.0,2007-01-26,2007-02-13,18.0,At Sea / Open Water,At Sea / Open Water,N/A,,,
2007037S19050,Enok (2007),2007,SI,Tropical Storm,55.0,63.3,981.0,2007-02-05,2007-02-13,7.8,At Sea / Open Water,At Sea / Open Water,N/A,,,
2007213N13238,Erick (2007),2007,EP,Tropical Storm,35.0,40.3,1004.0,2007-07-31,2007-08-02,1.5,At Sea / Open Water,At Sea / Open Water,N/A,,,
2007227N24269,Erin (2007),2007,Unknown,Tropical Storm,50.0,57.5,995.0,2007-08-15,2007-08-19,4.8,Landfall,Tropical Depression,2007-08-16 15:00,28.4186,-97.4563,27.0
2007043S11071,Favio (2007),2007,SI,Category 4,120.0,138.1,922.0,2007-02-11,2007-02-23,12.0,Landfall,Category 2,2007-02-22 12:00,-21.6667,35.1,90.0
2007298N18136,Faxai (2007),2007,WP,Tropical Storm,40.0,46.0,993.0,2007-10-24,2007-10-28,4.0,At Sea / Open Water,At Sea / Open Water,N/A,,,
2007244N12303,Felix (2007),2007,Unknown,Category 5,150.0,172.6,929.0,2007-08-31,2007-09-06,6.2,Landfall,Category 5,2007-09-04 12:00,14.3,-83.2,140.0
2007240N17153,Fitow (2007),2007,WP,Category 1,80.0,92.1,963.0,2007-08-27,2007-09-08,11.2,Landfall,Category 1,2007-09-06 15:00,34.8057,138.931,70.0
2007221N13234,Flossie (2007),2007,EP,Category 4,120.0,138.1,949.0,2007-08-08,2007-08-16,7.8,At Sea / Open Water,At Sea / Open Water,N/A,,,
2007265N20122,Francisco (2007),2007,WP,Tropical Storm,45.0,51.8,989.0,2007-09-21,2007-09-26,4.5,Landfall,Tropical Storm,2007-09-24 06:00,19.825,110.55,40.0
2007251N30288,Gabrielle (2007),2007,Unknown,Tropical Storm,50.0,57.5,1004.0,2007-09-08,2007-09-11,3.2,Landfall,Tropical Storm,2007-09-09 21:00,35.624,-76.0981,42.0
2007050S16079,Gamede (2007),2007,SI,Category 3,105.0,120.8,938.0,2007-02-19,2007-03-06,15.2,At Sea / Open Water,At Sea / Open Water,N/A,,,
2007058S12135,George (2007),2007,SI,Category 3,110.0,126.6,941.0,2007-02-27,2007-03-12,13.2,Landfall,Tropical Depression,2007-02-27 03:00,-12.0877,134.815,
2007242N19251,Gil (2007),2007,EP,Tropical Storm,40.0,46.0,1001.0,2007-08-29,2007-09-03,4.5,At Sea / Open Water,At Sea / Open Water,N/A,,,
2007151N14072,Gonu (2007),2007,NI,Category 5,145.0,166.9,898.0,2007-05-31,2007-06-08,7.8,Landfall,Tropical Depression,2007-06-07 21:00,25.7051,57.9702,20.0
2007323N09128,Hagibis (2007),2007,WP,Category 1,80.0,92.1,963.0,2007-11-18,2007-11-28,9.5,Landfall,Tropical Depression,2007-11-19 06:00,10.3,124.767,30.0
2007274N28173,Haiyan (2007),2007,WP,Tropical Storm,50.0,57.5,985.0,2007-09-30,2007-10-07,6.8,At Sea / Open Water,At Sea / Open Water,N/A,,,
2007242N13264,Henriette (2007),2007,EP,Category 1,75.0,86.3,972.0,2007-08-30,2007-09-06,7.0,Landfall,Category 1,2007-09-04 21:00,23.1,-109.6,70.0
2007052S10093,Humba (2007),2007,SI,Category 1,80.0,92.1,963.0,2007-02-20,2007-03-04,11.5,At Sea / Open Water,At Sea / Open Water,N/A,,,
2007255N27265,Humberto (2007),2007,Unknown,Category 1,80.0,92.1,985.0,2007-09-12,2007-09-14,2.2,Landfall,Category 1,2007-09-13 09:00,29.8569,-94.0434,74.0
2007066S12066,Indlala (2007),2007,SI,Category 4,120.0,138.1,927.0,2007-03-07,2007-03-19,12.5,Landfall,Category 3,2007-03-15 03:00,-14.8941,50.2924,105.0
2007255N13316,Ingrid (2007),2007,Unknown,Tropical Storm,40.0,46.0,1002.0,2007-09-12,2007-09-18,6.2,At Sea / Open Water,At Sea / Open Water,N/A,,,
2006365S12114,Isobel (2007),2007,SI,Tropical Storm,40.0,46.0,994.0,2006-12-31,2007-01-03,3.2,At Sea / Open Water,At Sea / Open Water,N/A,,,
2007261N13254,Ivo (2007),2007,EP,Category 1,70.0,80.6,984.0,2007-09-18,2007-09-25,6.8,At Sea / Open Water,At Sea / Open Water,N/A,,,
2007062S14119,Jacob (2007),2007,SI,Category 1,75.0,86.3,967.0,2007-03-02,2007-03-12,10.0,Landfall,Tropical Depression,2007-03-12 03:00,-20.3599,118.741,32.0
2007085S11085,Jaya (2007),2007,SI,Category 3,110.0,126.6,941.0,2007-03-26,2007-04-08,13.5,Landfall,Category 1,2007-04-03 09:00,-14.5265,49.9959,72.0
2007266N36314,Jerry (2007),2007,Unknown,Tropical Storm,35.0,40.3,1003.0,2007-09-23,2007-09-24,1.8,At Sea / Open Water,At Sea / Open Water,N/A,,,
2007272N15251,Juliette (2007),2007,EP,Tropical Storm,50.0,57.5,997.0,2007-09-29,2007-10-05,6.0,At Sea / Open Water,At Sea / Open Water,N/A,,,
2007291N19148,Kajiki (2007),2007,WP,Category 4,115.0,132.3,937.0,2007-10-18,2007-10-23,5.2,At Sea / Open Water,At Sea / Open Water,N/A,,,
2007082S16125,Kara (2007),2007,SI,Category 3,105.0,120.8,944.0,2007-03-23,2007-03-30,6.8,Landfall,Tropical Depression,2007-03-23 06:00,-16.2,124.5,
2007268N10324,Karen (2007),2007,Unknown,Category 1,65.0,74.8,988.0,2007-09-25,2007-09-29,4.5,At Sea / Open Water,At Sea / Open Water,N/A,,,
2007288N15251,Kiko (2007),2007,EP,Tropical Storm,60.0,69.0,991.0,2007-10-15,2007-10-27,12.2,At Sea / Open Water,At Sea / Open Water,N/A,,,
2007090N06158,Kong-Rey (2007),2007,WP,Category 3,100.0,115.1,948.0,2007-03-30,2007-04-06,7.2,At Sea / Open Water,At Sea / Open Water,N/A,,,
2007274N18131,Krosa (2007),2007,WP,Category 4,130.0,149.6,926.0,2007-10-01,2007-10-14,12.8,Landfall,Category 3,2007-10-06 15:00,24.9597,121.582,102.0
2007272N17125,Lekima (2007),2007,WP,Category 1,70.0,80.6,970.0,2007-09-28,2007-10-04,6.0,Landfall,Tropical Depression,2007-09-29 00:00,16.5143,122.157,
2007282N19181,Lingling (2007),2007,WP,Tropical Storm,40.0,46.0,993.0,2007-10-09,2007-10-15,6.5,At Sea / Open Water,At Sea / Open Water,N/A,,,
2007269N22265,Lorenzo (2007),2007,Unknown,Category 1,70.0,80.6,990.0,2007-09-25,2007-09-28,3.0,Landfall,Category 1,2007-09-28 05:00,20.5,-97.0,65.0
2007188N04148,Man-Yi (2007),2007,WP,Category 4,125.0,143.8,929.0,2007-07-06,2007-07-23,16.5,Landfall,Category 1,2007-07-14 05:00,31.4521,130.839,81.0
2007271N14334,Melissa (2007),2007,Unknown,Tropical Storm,35.0,40.3,1005.0,2007-09-28,2007-10-05,7.5,At Sea / Open Water,At Sea / Open Water,N/A,,,
2007324N10140,Mitag (2007),2007,WP,Category 2,95.0,109.3,952.0,2007-11-19,2007-11-28,8.2,Landfall,Category 1,2007-11-25 18:00,17.525,121.95,75.0
2007254N18140,Nari (2007),2007,WP,Category 4,125.0,143.8,929.0,2007-09-11,2007-09-18,6.8,Landfall,Tropical Storm,2007-09-16 12:00,35.3267,127.92,60.0
2007032S11137,Nelson (2007),2007,SP,Tropical Storm,50.0,57.5,987.0,2007-01-31,2007-02-07,6.9,Landfall,Tropical Storm,2007-02-06 21:00,-16.3717,141.51,42.0
2007297N18300,Noel (2007),2007,Unknown,Category 1,75.0,86.3,965.0,2007-10-24,2007-11-06,13.0,Landfall,Tropical Storm,2007-10-29 15:00,19.7408,-73.2102,42.0
2006335S10164,Not_Named (2007),2007,SP,Tropical Storm,35.0,40.3,997.0,2006-12-01,2006-12-03,2.0,At Sea / Open Water,At Sea / Open Water,N/A,,,
2007033S12177,Not_Named (2007),2007,SP,Tropical Storm,35.0,40.3,997.0,2007-02-01,2007-02-05,4.0,At Sea / Open Water,At Sea / Open Water,N/A,,,
2007172N15088,Not_Named (2007),2007,NI,Tropical Storm,50.0,57.5,985.0,2007-06-20,2007-06-27,6.8,Landfall,Tropical Depression,2007-06-22 09:00,15.7173,79.556,27.0
2007178N18089,Not_Named (2007),2007,NI,Tropical Storm,45.0,51.8,988.0,2007-06-27,2007-06-30,3.2,Landfall,Tropical Storm,2007-06-29 03:00,20.0425,85.1798,42.0
2007285N30307,Not_Named (2007),2007,Unknown,Tropical Storm,45.0,51.8,996.0,2007-10-11,2007-10-17,6.2,At Sea / Open Water,At Sea / Open Water,N/A,,,
2007300N11068,Not_Named (2007),2007,NI,Tropical Storm,40.0,46.0,993.0,2007-10-27,2007-10-30,3.0,At Sea / Open Water,At Sea / Open Water,N/A,,,
2007345N18298,Olga (2007),2007,Unknown,Tropical Storm,50.0,57.5,1003.0,2007-12-10,2007-12-16,5.8,Landfall,Tropical Storm,2007-12-11 07:00,18.4,-66.5,40.0
2007216N18138,Pabuk (2007),2007,WP,Category 1,70.0,80.6,970.0,2007-08-04,2007-08-15,11.0,Landfall,Tropical Depression,2007-08-10 12:00,22.4364,113.5,
2007306N18133,Peipah (2007),2007,WP,Category 1,75.0,86.3,967.0,2007-11-01,2007-11-10,8.8,Landfall,Category 1,2007-11-04 15:00,16.9703,121.775,65.0
2007223N19136,Sepat (2007),2007,WP,Category 5,140.0,161.1,918.0,2007-08-11,2007-08-24,13.2,Landfall,Category 3,2007-08-18 00:00,23.55,121.025,100.0
2007314N10093,Sidr (2007),2007,NI,Category 5,140.0,161.1,918.0,2007-11-10,2007-11-16,5.9,Landfall,Category 3,2007-11-15 18:00,22.5429,90.3714,100.0
2007313N16148,Tapah (2007),2007,WP,Tropical Storm,35.0,40.3,996.0,2007-11-09,2007-11-13,3.8,At Sea / Open Water,At Sea / Open Water,N/A,,,
2007184N16112,Toraji (2007),2007,WP,Tropical Storm,35.0,40.3,996.0,2007-07-03,2007-07-06,3.0,Landfall,Tropical Depression,2007-07-04 06:00,18.6077,110.146,30.0
2007208N20155,Usagi (2007),2007,WP,Category 4,120.0,138.1,933.0,2007-07-27,2007-08-04,8.8,Landfall,Category 2,2007-08-02 09:00,32.4935,131.626,85.0
2007257N16134,Wipha (2007),2007,WP,Category 4,135.0,155.4,922.0,2007-09-14,2007-09-20,6.2,Landfall,Category 2,2007-09-18 21:00,27.4023,120.172,90.0
2006294S10168,Xavier (2007),2007,SP,Category 4,115.0,132.3,927.0,2006-10-20,2006-10-26,5.8,At Sea / Open Water,At Sea / Open Water,N/A,,,
2006322S09172,Yani (2007),2007,SP,Category 1,70.0,80.6,972.0,2006-11-18,2006-11-27,8.8,At Sea / Open Water,At Sea / Open Water,N/A,,,
2007135N08147,Yutu (2007),2007,WP,Category 4,130.0,149.6,926.0,2007-05-15,2007-05-25,10.0,At Sea / Open Water,At Sea / Open Water,N/A,,,
2007021S12195,Zita (2007),2007,SP,Tropical Storm,60.0,69.0,980.0,2007-01-20,2007-01-25,5.0,At Sea / Open Water,At Sea / Open Water,N/A,,,
2008150N10274,Alma (2008),2008,EP,Tropical Storm,55.0,63.3,994.0,2008-05-29,2008-05-30,1.5,Landfall,Tropical Storm,2008-05-29 21:00,12.4446,-87.0324,52.0
2007315S05095,Ariel:Lee-Ariel (2008),2008,SI,Tropical Storm,60.0,69.0,978.0,2007-11-11,2007-11-28,17.2,At Sea / Open Water,At Sea / Open Water,N/A,,,
2008152N18273,Arthur (2008),2008,Unknown,Tropical Storm,40.0,46.0,1004.0,2008-05-31,2008-06-02,2.0,Landfall,Tropical Storm,2008-05-31 09:00,17.9,-88.2,40.0
2008292N20152,Bavi (2008),2008,WP,Tropical Storm,45.0,51.8,989.0,2008-10-17,2008-10-22,4.8,At Sea / Open Water,At Sea / Open Water,N/A,,,
2008185N13337,Bertha (2008),2008,Unknown,Category 3,110.0,126.6,952.0,2008-07-03,2008-07-21,18.0,At Sea / Open Water,At Sea / Open Water,N/A,,,
2007322S06075,Bongwe (2008),2008,SI,Category 1,65.0,74.8,974.0,2007-11-17,2007-11-28,10.5,At Sea / Open Water,At Sea / Open Water,N/A,,,
2008179N12252,Boris (2008),2008,EP,Category 1,70.0,80.6,985.0,2008-06-27,2008-07-06,9.0,At Sea / Open Water,At Sea / Open Water,N/A,,,
2007346S12073,Celina (2008),2008,SI,Tropical Storm,40.0,46.0,993.0,2007-12-11,2007-12-23,12.0,At Sea / Open Water,At Sea / Open Water,N/A,,,
2008180N14238,Cristina (2008),2008,EP,Tropical Storm,45.0,51.8,999.0,2008-06-27,2008-07-03,5.2,At Sea / Open Water,At Sea / Open Water,N/A,,,
2008201N32280,Cristobal (2008),2008,Unknown,Tropical Storm,55.0,63.3,998.0,2008-07-19,2008-07-23,4.2,At Sea / Open Water,At Sea / Open Water,N/A,,,
2007352S12088,Dama (2008),2008,SI,Tropical Storm,50.0,57.5,985.0,2007-12-17,2007-12-24,6.5,At Sea / Open Water,At Sea / Open Water,N/A,,,
2007337S12186,Daman (2008),2008,SP,Category 3,110.0,126.6,941.0,2007-12-03,2007-12-10,7.0,At Sea / Open Water,At Sea / Open Water,N/A,,,
2008203N18276,Dolly (2008),2008,Unknown,Category 2,85.0,97.8,963.0,2008-07-20,2008-07-27,6.5,Landfall,Tropical Storm,2008-07-21 05:30,20.8,-87.0,45.0
2008343N16168,Dolphin (2008),2008,WP,Category 2,85.0,97.8,959.0,2008-12-08,2008-12-18,10.5,At Sea / Open Water,At Sea / Open Water,N/A,,,
2008184N15254,Douglas (2008),2008,EP,Tropical Storm,35.0,40.3,1003.0,2008-07-01,2008-07-06,4.5,At Sea / Open Water,At Sea / Open Water,N/A,,,
2008111S06082,Durga (2008),2008,SI,Tropical Storm,40.0,46.0,993.0,2008-04-20,2008-04-26,6.2,At Sea / Open Water,At Sea / Open Water,N/A,,,
2008217N28273,Edouard (2008),2008,Unknown,Tropical Storm,55.0,63.3,996.0,2008-08-03,2008-08-06,3.2,Landfall,Tropical Storm,2008-08-05 15:00,29.7993,-94.531,47.0
2008194N11266,Elida (2008),2008,EP,Category 2,90.0,103.6,970.0,2008-07-11,2008-07-21,10.0,At Sea / Open Water,At Sea / Open Water,N/A,,,
2008008S18184,Elisa (2008),2008,SP,Tropical Storm,50.0,57.5,985.0,2008-01-07,2008-01-11,4.0,At Sea / Open Water,At Sea / Open Water,N/A,,,
2007363S20043,Elnus (2008),2008,SI,Tropical Storm,40.0,46.0,993.0,2007-12-29,2008-01-05,7.5,At Sea / Open Water,At Sea / Open Water,N/A,,,
2008023S10050,Fame (2008),2008,SI,Category 2,85.0,97.8,959.0,2008-01-22,2008-02-01,9.8,Landfall,Category 1,2008-01-27 12:00,-16.35,44.55,75.0
2008198N10265,Fausto (2008),2008,EP,Category 1,80.0,92.1,977.0,2008-07-16,2008-07-24,8.0,At Sea / Open Water,At Sea / Open Water,N/A,,,
2008229N18293,Fay (2008),2008,Unknown,Tropical Storm,60.0,69.0,986.0,2008-08-15,2008-08-28,12.8,Landfall,Tropical Storm,2008-08-15 14:30,18.5,-68.4,35.0
2008169N08135,Fengshen (2008),2008,WP,Category 3,110.0,126.6,941.0,2008-06-17,2008-06-27,9.8,Landfall,Category 1,2008-06-20 06:00,11.5,125.375,75.0
2008015S16162,Funa (2008),2008,SP,Category 3,105.0,120.8,944.0,2008-01-15,2008-01-21,6.5,Landfall,Tropical Storm,2008-01-16 15:00,-14.725,166.566,50.0
2008206N22133,Fung-Wong (2008),2008,WP,Category 2,95.0,109.3,952.0,2008-07-23,2008-07-31,8.0,Landfall,Category 2,2008-07-28 00:00,23.525,121.3,85.0
2008026S12179,Gene (2008),2008,SP,Category 3,100.0,115.1,948.0,2008-01-26,2008-02-09,14.0,Landfall,Tropical Storm,2008-01-27 21:00,-16.4847,179.621,37.0
2008204N13260,Genevieve (2008),2008,EP,Category 1,65.0,74.8,987.0,2008-07-21,2008-07-31,9.8,At Sea / Open Water,At Sea / Open Water,N/A,,,
2007317S11150,Guba (2008),2008,SP,Category 1,75.0,86.3,967.0,2007-11-13,2007-11-19,6.5,At Sea / Open Water,At Sea / Open Water,N/A,,,
2008026S11064,Gula (2008),2008,SI,Category 2,90.0,103.6,956.0,2008-01-25,2008-02-03,8.8,At Sea / Open Water,At Sea / Open Water,N/A,,,
2008238N13293,Gustav (2008),2008,Unknown,Category 4,135.0,155.4,941.0,2008-08-25,2008-09-05,11.5,Landfall,Category 1,2008-08-26 18:00,18.1,-72.8,70.0
2008262N16142,Hagupit (2008),2008,WP,Category 4,125.0,143.8,929.0,2008-09-17,2008-09-25,8.2,Landfall,Category 3,2008-09-24 00:00,21.475,110.825,105.0
2008320N23146,Haishen (2008),2008,WP,Tropical Storm,40.0,46.0,993.0,2008-11-14,2008-11-19,4.2,At Sea / Open Water,At Sea / Open Water,N/A,,,
2008135N12116,Halong (2008),2008,WP,Category 1,75.0,86.3,967.0,2008-05-14,2008-05-24,10.0,Landfall,Category 1,2008-05-17 15:00,16.6085,120.563,65.0
2008241N19303,Hanna (2008),2008,Unknown,Category 1,75.0,86.3,977.0,2008-08-28,2008-09-08,11.5,Landfall,Tropical Storm,2008-09-06 09:00,34.5805,-78.498,54.0
2007365S15134,Helen (2008),2008,SI,Tropical Storm,50.0,57.5,985.0,2007-12-30,2008-01-07,7.5,Landfall,Tropical Depression,2007-12-30 18:00,-14.6,134.4,25.0
2008220N12250,Hernan (2008),2008,EP,Category 3,105.0,120.8,956.0,2008-08-06,2008-08-16,10.0,At Sea / Open Water,At Sea / Open Water,N/A,,,
2008272N08139,Higos (2008),2008,WP,Tropical Storm,40.0,46.0,993.0,2008-09-27,2008-10-06,8.5,Landfall,Tropical Storm,2008-09-30 09:00,12.5021,125.133,40.0
2008033S11083,Hondo (2008),2008,SI,Category 4,130.0,149.6,926.0,2008-02-02,2008-02-29,27.0,Landfall,Tropical Storm,2008-02-23 15:00,-21.1986,55.575,40.0
2008245N17323,Ike (2008),2008,Unknown,Category 4,125.0,143.8,935.0,2008-09-01,2008-09-15,14.2,Landfall,Category 3,2008-09-07 13:00,21.0,-73.2,110.0
2008227N16255,Iselle (2008),2008,EP,Tropical Storm,45.0,51.8,999.0,2008-08-13,2008-08-23,10.0,At Sea / Open Water,At Sea / Open Water,N/A,,,
2008037S10055,Ivan (2008),2008,SI,Category 4,125.0,143.8,929.0,2008-02-05,2008-02-27,21.8,Landfall,Category 2,2008-02-17 09:00,-17.1961,49.2748,92.0
2008268N12140,Jangmi (2008),2008,WP,Category 5,140.0,161.1,918.0,2008-09-23,2008-10-05,11.5,Landfall,Category 2,2008-09-28 12:00,24.2,121.425,85.0
2008062S10064,Jokwe (2008),2008,SI,Category 3,110.0,126.6,941.0,2008-03-02,2008-03-16,14.0,Landfall,Tropical Storm,2008-03-06 00:00,-12.45,49.0,55.0
2008246N12338,Josephine (2008),2008,Unknown,Tropical Storm,55.0,63.3,994.0,2008-09-02,2008-09-10,8.0,At Sea / Open Water,At Sea / Open Water,N/A,,,
2008237N18253,Julio (2008),2008,EP,Tropical Storm,45.0,51.8,998.0,2008-08-23,2008-08-27,3.8,Landfall,Tropical Storm,2008-08-25 03:00,24.5424,-111.215,37.0
2008193N20126,Kalmaegi (2008),2008,WP,Category 2,90.0,103.6,956.0,2008-07-11,2008-07-24,13.0,Landfall,Category 2,2008-07-17 15:00,24.4169,121.691,90.0
2008065S12096,Kamba (2008),2008,SI,Category 4,115.0,132.3,937.0,2008-03-05,2008-03-14,9.0,At Sea / Open Water,At Sea / Open Water,N/A,,,
2008217N19120,Kammuri (2008),2008,WP,Tropical Storm,50.0,57.5,985.0,2008-08-03,2008-08-08,4.8,Landfall,Tropical Storm,2008-08-06 12:00,21.575,111.6,45.0
2008246N19250,Karina (2008),2008,EP,Tropical Storm,35.0,40.3,1000.0,2008-09-02,2008-09-03,1.5,At Sea / Open Water,At Sea / Open Water,N/A,,,
2008317N11089,Khai-Muk (2008),2008,NI,Tropical Storm,45.0,51.8,989.0,2008-11-11,2008-11-16,4.5,Landfall,Tropical Storm,2008-11-16 00:00,15.08,79.68,35.0
2008218N10224,Kika (2008),2008,EP,Tropical Storm,35.0,40.3,1007.0,2008-08-04,2008-08-16,11.8,At Sea / Open Water,At Sea / Open Water,N/A,,,
2008269N21290,Kyle (2008),2008,Unknown,Category 1,75.0,86.3,984.0,2008-09-25,2008-09-30,5.5,Landfall,Category 1,2008-09-29 00:00,43.8,-66.2,65.0
2008270N39325,Laura (2008),2008,Unknown,Category 1,70.0,80.6,990.0,2008-09-26,2008-10-04,8.2,At Sea / Open Water,At Sea / Open Water,N/A,,,
2008079S12069,Lola (2008),2008,SI,Tropical Storm,35.0,40.3,996.0,2008-03-18,2008-03-31,13.0,At Sea / Open Water,At Sea / Open Water,N/A,,,
2008251N15256,Lowell (2008),2008,EP,Tropical Storm,45.0,51.8,998.0,2008-09-06,2008-09-11,5.0,Landfall,Tropical Depression,2008-09-11 12:00,23.0,-109.7,30.0
2008280N18268,Marco (2008),2008,Unknown,Tropical Storm,55.0,63.3,998.0,2008-10-06,2008-10-07,1.8,Landfall,Tropical Depression,2008-10-06 03:00,18.5352,-92.195,27.0
2008275N16245,Marie (2008),2008,EP,Category 1,70.0,80.6,984.0,2008-10-01,2008-10-19,18.2,At Sea / Open Water,At Sea / Open Water,N/A,,,
2008135N16125,Matmo (2008),2008,WP,Tropical Storm,40.0,46.0,993.0,2008-05-13,2008-05-17,3.2,At Sea / Open Water,At Sea / Open Water,N/A,,,
2008311N08128,Maysak (2008),2008,WP,Tropical Storm,55.0,63.3,982.0,2008-11-05,2008-11-13,8.2,Landfall,Tropical Depression,2008-11-06 00:00,9.84545,124.555,20.0
2008272N15113,Mekkhala (2008),2008,WP,Tropical Storm,55.0,63.3,982.0,2008-09-27,2008-09-30,3.0,Landfall,Tropical Storm,2008-09-30 03:00,17.6702,106.241,47.0
2007360S10116,Melanie (2008),2008,SI,Tropical Storm,60.0,69.0,978.0,2007-12-26,2008-01-02,7.2,At Sea / Open Water,At Sea / Open Water,N/A,,,
2008147N10141,Nakri (2008),2008,WP,Category 4,125.0,143.8,929.0,2008-05-26,2008-06-06,11.0,At Sea / Open Water,At Sea / Open Water,N/A,,,
2008286N16323,Nana (2008),2008,Unknown,Tropical Storm,35.0,40.3,1004.0,2008-10-12,2008-10-15,3.2,At Sea / Open Water,At Sea / Open Water,N/A,,,
2008117N11090,Nargis (2008),2008,NI,Category 4,115.0,132.3,937.0,2008-04-25,2008-05-04,8.5,Landfall,Category 4,2008-05-02 12:00,16.0,94.5,115.0
2008104N08128,Neoguri (2008),2008,WP,Category 3,100.0,115.1,948.0,2008-04-13,2008-04-19,6.8,Landfall,Tropical Depression,2008-04-13 06:00,8.75,126.1,15.0
2008042S16122,Nicholas (2008),2008,SI,Category 1,80.0,92.1,963.0,2008-02-10,2008-02-20,10.0,Landfall,Tropical Storm,2008-02-20 00:00,-23.72,113.73,40.0
2008329N09082,Nisha (2008),2008,NI,Tropical Storm,50.0,57.5,985.0,2008-11-24,2008-11-28,3.8,Landfall,Tropical Depression,2008-11-25 00:00,9.1,80.9,25.0
2008278N13261,Norbert (2008),2008,EP,Category 4,115.0,132.3,945.0,2008-10-04,2008-10-12,8.5,Landfall,Category 2,2008-10-11 17:00,24.4,-111.6,90.0
2007208S03086,Not_Named (2008),2008,SI,Tropical Storm,40.0,46.0,993.0,2007-07-26,2007-08-01,5.5,At Sea / Open Water,At Sea / Open Water,N/A,,,
2008012N12123,Not_Named (2008),2008,WP,Tropical Storm,40.0,46.0,993.0,2008-01-12,2008-01-17,5.5,Landfall,Tropical Depression,2008-01-12 12:00,12.4,121.3,20.0
2008035S14101,Not_Named (2008),2008,SI,Tropical Storm,40.0,46.0,993.0,2008-02-03,2008-02-11,7.5,At Sea / Open Water,At Sea / Open Water,N/A,,,
2008060S19151,Not_Named (2008),2008,SP,Tropical Storm,35.0,40.3,996.0,2008-02-28,2008-03-01,1.8,At Sea / Open Water,At Sea / Open Water,N/A,,,
2008080S17163,Not_Named (2008),2008,SP,Tropical Storm,35.0,40.3,996.0,2008-03-20,2008-03-26,6.0,At Sea / Open Water,At Sea / Open Water,N/A,,,
2008224N24122,Not_Named (2008),2008,WP,Tropical Storm,35.0,40.3,996.0,2008-08-11,2008-08-15,4.8,Landfall,Tropical Depression,2008-08-14 18:00,35.1,128.9,20.0
2008238N13130,Not_Named (2008),2008,WP,Tropical Storm,35.0,40.3,1000.0,2008-08-25,2008-08-29,4.2,At Sea / Open Water,At Sea / Open Water,N/A,,,
2008253N29150,Not_Named (2008),2008,WP,Tropical Storm,35.0,40.3,996.0,2008-09-09,2008-09-12,3.2,At Sea / Open Water,At Sea / Open Water,N/A,,,
2008257N28148,Not_Named (2008),2008,WP,Tropical Storm,35.0,40.3,996.0,2008-09-12,2008-09-15,2.5,At Sea / Open Water,At Sea / Open Water,N/A,,,
2008259N20089,Not_Named (2008),2008,NI,Tropical Storm,45.0,51.8,989.0,2008-09-15,2008-09-19,4.1,Landfall,Tropical Storm,2008-09-16 18:00,21.1,86.6,45.0
2008286N17109,Not_Named (2008),2008,WP,Tropical Storm,35.0,40.3,996.0,2008-10-12,2008-10-15,3.8,Landfall,Tropical Depression,2008-10-15 12:00,18.5,105.6,20.0
2008338N06092,Not_Named (2008),2008,NI,Tropical Storm,35.0,40.3,996.0,2008-12-03,2008-12-09,6.8,Landfall,Tropical Depression,2008-12-07 15:00,7.68746,81.5225,25.0
2008320N08122,Noul (2008),2008,WP,Tropical Storm,40.0,46.0,993.0,2008-11-14,2008-11-17,3.0,Landfall,Tropical Depression,2008-11-15 12:00,9.16667,118.133,20.0
2008229N13147,Nuri (2008),2008,WP,Category 3,100.0,115.1,948.0,2008-08-16,2008-08-23,7.2,Landfall,Tropical Storm,2008-08-22 09:00,22.2953,114.27,45.0
2008283N12271,Odile (2008),2008,EP,Tropical Storm,50.0,57.5,997.0,2008-10-08,2008-10-13,5.0,At Sea / Open Water,At Sea / Open Water,N/A,,,
2008287N15291,Omar (2008),2008,Unknown,Category 4,115.0,132.3,958.0,2008-10-13,2008-10-21,7.8,At Sea / Open Water,At Sea / Open Water,N/A,,,
2008058S15131,Ophelia (2008),2008,SI,Category 1,65.0,74.8,974.0,2008-02-26,2008-03-07,9.8,Landfall,Tropical Depression,2008-02-26 12:00,-14.8,131.4,15.0
2008311N14278,Paloma (2008),2008,Unknown,Category 4,125.0,143.8,944.0,2008-11-05,2008-11-14,8.5,Landfall,Category 2,2008-11-09 00:00,20.7,-78.0,90.0
2008083S12102,Pancho (2008),2008,SI,Category 3,100.0,115.1,948.0,2008-03-23,2008-03-30,7.0,At Sea / Open Water,At Sea / Open Water,N/A,,,
2008308N08252,Polo (2008),2008,EP,Tropical Storm,40.0,46.0,1003.0,2008-11-02,2008-11-05,2.5,At Sea / Open Water,At Sea / Open Water,N/A,,,
2008128N07134,Rammasun (2008),2008,WP,Category 4,135.0,155.4,922.0,2008-05-06,2008-05-14,7.5,At Sea / Open Water,At Sea / Open Water,N/A,,,
2008298N16085,Rashmi (2008),2008,NI,Tropical Storm,45.0,51.8,989.0,2008-10-24,2008-10-27,3.0,Landfall,Tropical Storm,2008-10-26 21:00,21.883,89.8106,40.0
2008111S08096,Rosie (2008),2008,SI,Tropical Storm,50.0,57.5,985.0,2008-04-20,2008-04-24,4.2,At Sea / Open Water,At Sea / Open Water,N/A,,,
2008252N16128,Sinlaku (2008),2008,WP,Category 4,125.0,143.8,929.0,2008-09-07,2008-09-23,16.0,Landfall,Category 2,2008-09-13 20:00,24.574,121.754,90.0
2008226N22134,Vongfong (2008),2008,WP,Tropical Storm,55.0,63.3,982.0,2008-08-12,2008-08-18,6.0,At Sea / Open Water,At Sea / Open Water,N/A,,,
2009143N17089,Aila (2009),2009,NI,Category 1,65.0,74.8,974.0,2009-05-22,2009-05-26,3.5,Landfall,Category 1,2009-05-25 06:00,21.55,88.15,65.0
2009222N14336,Ana (2009),2009,Unknown,Tropical Storm,35.0,40.3,1003.0,2009-08-10,2009-08-16,6.2,At Sea / Open Water,At Sea / Open Water,N/A,,,
2009171N15264,Andres (2009),2009,EP,Category 1,70.0,80.6,984.0,2009-06-19,2009-06-24,5.0,At Sea / Open Water,At Sea / Open Water,N/A,,,
2008323S08089,Anika (2009),2009,SI,Tropical Storm,60.0,69.0,978.0,2008-11-17,2008-11-22,4.5,At Sea / Open Water,At Sea / Open Water,N/A,,,
2008290S05071,Asma (2009),2009,SI,Tropical Storm,50.0,57.5,985.0,2008-10-15,2008-10-24,9.0,At Sea / Open Water,At Sea / Open Water,N/A,,,
2008319S07086,Bernard (2009),2009,SI,Tropical Storm,40.0,46.0,993.0,2008-11-13,2008-11-21,7.5,At Sea / Open Water,At Sea / Open Water,N/A,,,
2009104N13088,Bijli (2009),2009,NI,Tropical Storm,50.0,57.5,985.0,2009-04-14,2009-04-18,4.0,Landfall,Tropical Storm,2009-04-17 21:00,22.1481,92.4369,42.0
2009227N12328,Bill (2009),2009,Unknown,Category 4,115.0,132.3,943.0,2009-08-15,2009-08-26,10.8,Landfall,Tropical Storm,2009-08-24 06:00,48.0,-53.0,60.0
2008351S11128,Billy (2009),2009,SI,Category 3,110.0,126.6,941.0,2008-12-16,2009-01-04,19.0,Landfall,Tropical Storm,2008-12-19 21:00,-14.9136,128.041,40.0
2009185N13260,Blanca (2009),2009,EP,Tropical Storm,45.0,51.8,998.0,2009-07-03,2009-07-12,8.5,At Sea / Open Water,At Sea / Open Water,N/A,,,
2009190N09254,Carlos (2009),2009,EP,Category 2,90.0,103.6,971.0,2009-07-08,2009-07-16,8.2,At Sea / Open Water,At Sea / Open Water,N/A,,,
2009123N10111,Chan-Hom (2009),2009,WP,Category 2,90.0,103.6,956.0,2009-05-02,2009-05-13,10.2,Landfall,Tropical Storm,2009-05-07 15:00,16.6657,120.884,60.0
2009011S16140,Charlotte (2009),2009,SP,Tropical Storm,40.0,46.0,993.0,2009-01-10,2009-01-12,1.8,Landfall,Tropical Depression,2009-01-11 21:00,-16.6738,141.434,32.0
2009255N13155,Choi-Wan (2009),2009,WP,Category 5,140.0,161.1,918.0,2009-09-11,2009-09-20,9.2,At Sea / Open Water,At Sea / Open Water,N/A,,,
2008348S10077,Cinda (2009),2009,SI,Tropical Storm,55.0,63.3,982.0,2008-12-13,2008-12-24,11.0,At Sea / Open Water,At Sea / Open Water,N/A,,,
2009228N27277,Claudette (2009),2009,Unknown,Tropical Storm,50.0,57.5,1005.0,2009-08-16,2009-08-17,1.5,Landfall,Tropical Storm,2009-08-17 06:00,30.5,-86.6,40.0
2009238N24290,Danny (2009),2009,Unknown,Tropical Storm,50.0,57.5,1006.0,2009-08-26,2009-08-29,2.6,At Sea / Open Water,At Sea / Open Water,N/A,,,
2009194N11257,Dolores (2009),2009,EP,Tropical Storm,50.0,57.5,997.0,2009-07-12,2009-07-20,7.2,At Sea / Open Water,At Sea / Open Water,N/A,,,
2009024S17123,Dominic (2009),2009,SI,Tropical Storm,50.0,57.5,985.0,2009-01-24,2009-01-28,4.2,Landfall,Tropical Depression,2009-01-24 00:00,-17.3,123.3,
2009008S13069,Dongo (2009),2009,SI,Tropical Storm,55.0,63.3,982.0,2009-01-07,2009-01-14,7.0,At Sea / Open Water,At Sea / Open Water,N/A,,,
2009246N18130,Dujuan (2009),2009,WP,Tropical Storm,50.0,57.5,985.0,2009-09-02,2009-09-11,8.8,At Sea / Open Water,At Sea / Open Water,N/A,,,
2009031S16147,Ellie (2009),2009,SP,Tropical Storm,35.0,40.3,996.0,2009-01-30,2009-02-02,3.0,Landfall,Tropical Depression,2009-02-01 15:00,-18.0666,145.937,32.0
2009215N13252,Enrique (2009),2009,EP,Tropical Storm,55.0,63.3,994.0,2009-08-03,2009-08-08,5.5,At Sea / Open Water,At Sea / Open Water,N/A,,,
2009017S15059,Eric (2009),2009,SI,Tropical Storm,40.0,46.0,993.0,2009-01-16,2009-01-22,6.0,At Sea / Open Water,At Sea / Open Water,N/A,,,
2009245N17303,Erika (2009),2009,Unknown,Tropical Storm,45.0,51.8,1004.0,2009-09-01,2009-09-04,2.5,At Sea / Open Water,At Sea / Open Water,N/A,,,
2009219N19140,Etau (2009),2009,WP,Tropical Storm,40.0,46.0,992.0,2009-08-06,2009-08-16,9.2,At Sea / Open Water,At Sea / Open Water,N/A,,,
2009017S20043,Fanele (2009),2009,SI,Category 4,115.0,132.3,937.0,2009-01-17,2009-01-26,9.0,Landfall,Category 2,2009-01-21 03:00,-20.9299,43.9591,90.0
2009215N10242,Felicia (2009),2009,EP,Category 4,125.0,143.8,935.0,2009-08-03,2009-08-12,9.5,At Sea / Open Water,At Sea / Open Water,N/A,,,
2009251N12336,Fred (2009),2009,Unknown,Category 3,105.0,120.8,958.0,2009-09-07,2009-09-19,11.8,At Sea / Open Water,At Sea / Open Water,N/A,,,
2009034S16126,Freddy (2009),2009,SI,Tropical Storm,55.0,63.3,982.0,2009-02-03,2009-02-15,12.2,Landfall,Tropical Depression,2009-02-03 06:00,-15.5,125.5,
2009059S10101,Gabrielle (2009),2009,SI,Tropical Storm,35.0,40.3,996.0,2009-02-28,2009-03-06,6.0,At Sea / Open Water,At Sea / Open Water,N/A,,,
2009032S15071,Gael (2009),2009,SI,Category 4,120.0,138.1,933.0,2009-01-31,2009-02-12,11.8,At Sea / Open Water,At Sea / Open Water,N/A,,,
2009213N16130,Goni (2009),2009,WP,Tropical Storm,45.0,51.8,988.0,2009-07-31,2009-08-10,9.5,Landfall,Tropical Depression,2009-08-01 15:00,17.1854,121.599,
2009271N46317,Grace (2009),2009,Unknown,Tropical Storm,55.0,63.3,986.0,2009-09-27,2009-10-06,9.0,At Sea / Open Water,At Sea / Open Water,N/A,,,
2009222N09262,Guillermo (2009),2009,EP,Category 3,110.0,126.6,954.0,2009-08-09,2009-08-23,13.5,At Sea / Open Water,At Sea / Open Water,N/A,,,
2009064S13148,Hamish (2009),2009,SP,Category 4,135.0,155.4,922.0,2009-03-04,2009-03-14,9.2,At Sea / Open Water,At Sea / Open Water,N/A,,,
2009279N15311,Henri (2009),2009,Unknown,Tropical Storm,45.0,51.8,1005.0,2009-10-06,2009-10-11,5.5,At Sea / Open Water,At Sea / Open Water,N/A,,,
2009025S12177,Hettie (2009),2009,SP,Tropical Storm,35.0,40.3,996.0,2009-01-25,2009-01-29,4.8,At Sea / Open Water,At Sea / Open Water,N/A,,,
2009233N13230,Hilda (2009),2009,EP,Tropical Storm,55.0,63.3,995.0,2009-08-20,2009-08-31,11.2,At Sea / Open Water,At Sea / Open Water,N/A,,,
2009051S11075,Hina (2009),2009,SI,Category 1,65.0,74.8,974.0,2009-02-20,2009-03-02,10.0,At Sea / Open Water,At Sea / Open Water,N/A,,,
2009308N11279,Ida (2009),2009,Unknown,Category 2,90.0,103.6,975.0,2009-11-04,2009-11-11,7.0,Landfall,Category 1,2009-11-05 09:00,12.75,-83.4725,67.0
2009235N14252,Ignacio (2009),2009,EP,Tropical Storm,45.0,51.8,999.0,2009-08-22,2009-08-28,6.0,At Sea / Open Water,At Sea / Open Water,N/A,,,
2009074S10129,Ilsa (2009),2009,SI,Category 3,100.0,115.1,948.0,2009-03-15,2009-03-26,11.5,At Sea / Open Water,At Sea / Open Water,N/A,,,
2009045S18174,Innis (2009),2009,SP,Tropical Storm,40.0,46.0,993.0,2009-02-13,2009-02-19,5.2,At Sea / Open Water,At Sea / Open Water,N/A,,,
2009082S16039,Izilda (2009),2009,SI,Category 1,65.0,74.8,974.0,2009-03-22,2009-03-29,7.2,Landfall,Tropical Depression,2009-03-22 12:00,-16.2,39.2,
2009093S12062,Jade (2009),2009,SI,Category 1,65.0,74.8,974.0,2009-04-02,2009-04-12,9.8,Landfall,Category 1,2009-04-06 03:00,-15.6401,50.2272,65.0
2009082S15154,Jasper (2009),2009,SP,Tropical Storm,45.0,51.8,989.0,2009-03-23,2009-03-25,2.5,At Sea / Open Water,At Sea / Open Water,N/A,,,
2009239N12270,Jimena (2009),2009,EP,Category 4,135.0,155.4,931.0,2009-08-26,2009-09-05,9.8,Landfall,Category 2,2009-09-02 13:00,24.8387,-112.121,90.0
2009069S19204,Joni (2009),2009,SP,Tropical Storm,55.0,63.3,982.0,2009-03-10,2009-03-14,4.5,At Sea / Open Water,At Sea / Open Water,N/A,,,
2009075S18197,Ken (2009),2009,SP,Tropical Storm,60.0,69.0,978.0,2009-03-16,2009-03-20,4.5,At Sea / Open Water,At Sea / Open Water,N/A,,,
2009268N14128,Ketsana (2009),2009,WP,Category 2,90.0,103.6,955.0,2009-09-25,2009-09-30,5.8,Landfall,Tropical Storm,2009-09-26 06:00,15.35,121.225,35.0
2009239N10253,Kevin (2009),2009,EP,Tropical Storm,45.0,51.8,1000.0,2009-08-26,2009-09-06,10.5,At Sea / Open Water,At Sea / Open Water,N/A,,,
2009107S07133,Kirrily (2009),2009,SI,Tropical Storm,45.0,51.8,989.0,2009-04-17,2009-05-01,14.0,Landfall,Tropical Storm,2009-04-27 00:00,-6.75,134.4,35.0
2009254N14130,Koppu (2009),2009,WP,Category 1,75.0,86.3,967.0,2009-09-11,2009-09-15,4.5,Landfall,Tropical Storm,2009-09-15 00:00,22.025,112.025,60.0
2009238N20151,Krovanh (2009),2009,WP,Category 1,65.0,74.8,974.0,2009-08-26,2009-09-02,7.0,At Sea / Open Water,At Sea / Open Water,N/A,,,
2009121N13124,Kujira (2009),2009,WP,Category 4,115.0,132.3,937.0,2009-04-30,2009-05-13,12.5,Landfall,Tropical Depression,2009-05-01 12:00,12.7333,124.083,20.0
2009210N11231,Lana (2009),2009,EP,Tropical Storm,55.0,63.3,995.0,2009-07-28,2009-08-03,5.8,At Sea / Open Water,At Sea / Open Water,N/A,,,
2009092S15178,Lin (2009),2009,SP,Tropical Storm,55.0,63.3,982.0,2009-04-02,2009-04-06,4.8,At Sea / Open Water,At Sea / Open Water,N/A,,,
2009246N12250,Linda (2009),2009,EP,Category 1,70.0,80.6,985.0,2009-09-03,2009-09-15,11.8,At Sea / Open Water,At Sea / Open Water,N/A,,,
2009164N10131,Linfa (2009),2009,WP,Category 1,75.0,86.3,967.0,2009-06-13,2009-06-30,17.2,Landfall,Tropical Depression,2009-06-15 15:00,16.3275,122.157,15.0
2009287N10154,Lupit (2009),2009,WP,Category 5,140.0,161.1,918.0,2009-10-13,2009-10-30,17.0,At Sea / Open Water,At Sea / Open Water,N/A,,,
2009221N10201,Maka (2009),2009,WP,Tropical Storm,45.0,51.8,992.0,2009-08-08,2009-08-18,10.0,At Sea / Open Water,At Sea / Open Water,N/A,,,
2009257N14256,Marty (2009),2009,EP,Tropical Storm,40.0,46.0,1002.0,2009-09-13,2009-09-22,9.0,At Sea / Open Water,At Sea / Open Water,N/A,,,
2009272N07164,Melor (2009),2009,WP,Category 5,150.0,172.6,911.0,2009-09-28,2009-10-11,12.5,Landfall,Tropical Storm,2009-10-07 19:00,34.2849,136.899,63.0
2009299N12153,Mirinae (2009),2009,WP,Category 2,90.0,103.6,956.0,2009-10-25,2009-11-02,8.0,Landfall,Tropical Storm,2009-10-30 21:00,14.1987,121.008,52.0
2009196N14129,Molave (2009),2009,WP,Category 1,65.0,74.8,974.0,2009-07-15,2009-07-19,4.5,Landfall,Tropical Storm,2009-07-18 18:00,22.58,114.367,55.0
2009215N20133,Morakot (2009),2009,WP,Category 1,80.0,92.1,954.0,2009-08-02,2009-08-13,10.5,Landfall,Tropical Storm,2009-08-07 18:00,23.975,121.425,55.0
2009173N10132,Nangka (2009),2009,WP,Tropical Storm,45.0,51.8,988.0,2009-06-22,2009-06-27,5.2,Landfall,Tropical Storm,2009-06-23 09:00,11.988,124.896,35.0
2009289N12230,Neki (2009),2009,EP,Category 3,110.0,126.6,950.0,2009-10-15,2009-10-27,11.5,At Sea / Open Water,At Sea / Open Water,N/A,,,
2009281N15144,Nepartak (2009),2009,WP,Tropical Storm,55.0,63.3,982.0,2009-10-08,2009-10-15,7.8,At Sea / Open Water,At Sea / Open Water,N/A,,,
2009325N06148,Nida (2009),2009,WP,Category 5,155.0,178.4,907.0,2009-11-21,2009-12-03,12.2,At Sea / Open Water,At Sea / Open Water,N/A,,,
2009264N13252,Nora (2009),2009,EP,Tropical Storm,50.0,57.5,997.0,2009-09-20,2009-09-29,8.8,At Sea / Open Water,At Sea / Open Water,N/A,,,
2009066S12081,Not_Named (2009),2009,SI,Tropical Storm,35.0,40.3,996.0,2009-03-06,2009-03-13,7.0,At Sea / Open Water,At Sea / Open Water,N/A,,,
2009247N19089,Not_Named (2009),2009,NI,Tropical Storm,40.0,46.0,993.0,2009-09-03,2009-09-07,3.6,Landfall,Tropical Storm,2009-09-05 09:00,21.9613,87.7152,37.0
2009311N20157,Not_Named (2009),2009,WP,Tropical Storm,45.0,51.8,989.0,2009-11-06,2009-11-10,3.8,At Sea / Open Water,At Sea / Open Water,N/A,,,
2009337N14143,Not_Named (2009),2009,WP,Tropical Storm,35.0,40.3,996.0,2009-12-02,2009-12-05,3.0,At Sea / Open Water,At Sea / Open Water,N/A,,,
2009271N15257,Olaf (2009),2009,EP,Tropical Storm,40.0,46.0,996.0,2009-09-28,2009-10-04,6.5,Landfall,Tropical Depression,2009-10-04 09:00,24.3549,-111.442,25.0
2009270N10148,Parma (2009),2009,WP,Category 4,135.0,155.4,922.0,2009-09-27,2009-10-14,17.8,Landfall,Category 1,2009-10-03 06:00,17.775,122.125,80.0
2009282N16252,Patricia (2009),2009,EP,Tropical Storm,50.0,57.5,996.0,2009-10-08,2009-10-15,7.0,At Sea / Open Water,At Sea / Open Water,N/A,,,
2009313N11072,Phyan (2009),2009,NI,Tropical Storm,50.0,57.5,985.0,2009-11-09,2009-11-11,2.4,Landfall,Tropical Storm,2009-11-11 06:00,18.75,73.3,45.0
2009288N07267,Rick (2009),2009,EP,Category 5,155.0,178.4,906.0,2009-10-14,2009-10-21,7.3,Landfall,Tropical Storm,2009-10-21 15:00,23.4844,-106.209,45.0
2009189N17129,Soudelor (2009),2009,WP,Tropical Storm,35.0,40.3,996.0,2009-07-08,2009-07-12,4.8,Landfall,Tropical Depression,2009-07-12 00:00,20.4,110.175,30.0
2009228N11163,Vamco (2009),2009,WP,Category 4,120.0,138.1,933.0,2009-08-15,2009-08-26,11.0,At Sea / Open Water,At Sea / Open Water,N/A,,,
2009344N06085,Ward (2009),2009,NI,Tropical Storm,45.0,51.8,989.0,2009-12-10,2009-12-15,4.6,Landfall,Tropical Depression,2009-12-14 09:00,8.485,81.2038,27.0
2010149N13266,Agatha (2010),2010,EP,Tropical Storm,40.0,46.0,1001.0,2010-05-28,2010-05-30,1.8,Landfall,Tropical Storm,2010-05-30 00:00,14.6,-91.9,35.0
2010176N16278,Alex (2010),2010,Unknown,Category 2,95.0,109.3,946.0,2010-06-24,2010-07-02,7.2,Landfall,Tropical Storm,2010-06-27 00:00,17.5,-88.2,55.0
2009317S10073,Anja (2010),2010,SI,Category 3,105.0,120.8,944.0,2009-11-13,2009-11-20,6.8,At Sea / Open Water,At Sea / Open Water,N/A,,,
2010136N09057,Bandu (2010),2010,NI,Tropical Storm,55.0,63.3,982.0,2010-05-15,2010-05-22,7.2,At Sea / Open Water,At Sea / Open Water,N/A,,,
2010166N15255,Blas (2010),2010,EP,Tropical Storm,55.0,63.3,994.0,2010-06-15,2010-06-23,7.8,At Sea / Open Water,At Sea / Open Water,N/A,,,
2009325S12066,Bongani (2010),2010,SI,Tropical Storm,40.0,46.0,993.0,2009-11-20,2009-11-26,6.0,At Sea / Open Water,At Sea / Open Water,N/A,,,
2010203N22286,Bonnie (2010),2010,Unknown,Tropical Storm,40.0,46.0,1005.0,2010-07-22,2010-07-25,3.5,Landfall,Tropical Storm,2010-07-23 15:00,25.486,-80.3166,34.0
2010169N13266,Celia (2010),2010,EP,Category 5,140.0,161.1,921.0,2010-06-18,2010-06-30,12.2,At Sea / Open Water,At Sea / Open Water,N/A,,,
2010293N16147,Chaba (2010),2010,WP,Category 4,115.0,132.3,937.0,2010-10-20,2010-11-01,11.8,At Sea / Open Water,At Sea / Open Water,N/A,,,
2010198N15123,Chanthu (2010),2010,WP,Category 1,80.0,92.1,963.0,2010-07-17,2010-07-23,6.5,Landfall,Tropical Depression,2010-07-18 06:00,15.2667,121.233,25.0
2009337S07096,Cleo (2010),2010,SI,Category 4,115.0,132.3,937.0,2009-12-03,2009-12-17,14.2,At Sea / Open Water,At Sea / Open Water,N/A,,,
2010215N13319,Colin (2010),2010,Unknown,Tropical Storm,50.0,57.5,1005.0,2010-08-02,2010-08-08,5.8,At Sea / Open Water,At Sea / Open Water,N/A,,,
2010191N12138,Conson (2010),2010,WP,Category 1,80.0,92.1,963.0,2010-07-10,2010-07-18,7.8,Landfall,Tropical Storm,2010-07-13 15:00,14.4079,121.673,55.0
2010234N11329,Danielle (2010),2010,Unknown,Category 4,115.0,132.3,942.0,2010-08-21,2010-09-03,12.5,At Sea / Open Water,At Sea / Open Water,N/A,,,
2010172N08272,Darby (2010),2010,EP,Category 3,105.0,120.8,959.0,2010-06-20,2010-06-29,9.2,At Sea / Open Water,At Sea / Open Water,N/A,,,
2009346S07086,David (2010),2010,SI,Tropical Storm,55.0,63.3,982.0,2009-12-12,2009-12-31,19.2,At Sea / Open Water,At Sea / Open Water,N/A,,,
2010218N20127,Dianmu (2010),2010,WP,Tropical Storm,55.0,63.3,982.0,2010-08-06,2010-08-13,7.0,Landfall,Tropical Storm,2010-08-10 21:00,34.4209,127.339,45.0
2010236N12341,Earl (2010),2010,Unknown,Category 4,125.0,143.8,927.0,2010-08-24,2010-09-06,13.0,Landfall,Category 1,2010-09-04 15:00,44.3,-64.5,65.0
2010002S09096,Edzani (2010),2010,SI,Category 5,140.0,161.1,918.0,2010-01-01,2010-01-15,13.5,At Sea / Open Water,At Sea / Open Water,N/A,,,
2010217N15265,Estelle (2010),2010,EP,Tropical Storm,55.0,63.3,994.0,2010-08-04,2010-08-10,6.2,At Sea / Open Water,At Sea / Open Water,N/A,,,
2010032S20042,Fami (2010),2010,SI,Tropical Storm,50.0,57.5,985.0,2010-02-01,2010-02-03,2.0,Landfall,Tropical Storm,2010-02-02 09:00,-20.9795,43.9324,45.0
2010256N17137,Fanapi (2010),2010,WP,Category 3,105.0,120.8,944.0,2010-09-13,2010-09-21,8.5,Landfall,Category 2,2010-09-19 03:00,23.3179,121.103,90.0
2010242N14318,Fiona (2010),2010,Unknown,Tropical Storm,55.0,63.3,998.0,2010-08-30,2010-09-04,5.8,At Sea / Open Water,At Sea / Open Water,N/A,,,
2010234N14267,Frank (2010),2010,EP,Category 1,80.0,92.1,978.0,2010-08-21,2010-08-29,7.2,At Sea / Open Water,At Sea / Open Water,N/A,,,
2010244N12328,Gaston (2010),2010,Unknown,Tropical Storm,35.0,40.3,1005.0,2010-09-01,2010-09-08,7.2,At Sea / Open Water,At Sea / Open Water,N/A,,,
2010046S10058,Gelane (2010),2010,SI,Category 4,125.0,143.8,929.0,2010-02-15,2010-02-25,10.2,At Sea / Open Water,At Sea / Open Water,N/A,,,
2010264N20252,Georgette (2010),2010,EP,Tropical Storm,35.0,40.3,999.0,2010-09-20,2010-09-23,2.5,Landfall,Tropical Storm,2010-09-21 18:00,23.0,-109.7,35.0
2010293N17093,Giri (2010),2010,NI,Category 4,135.0,155.4,922.0,2010-10-19,2010-10-24,4.5,Landfall,Category 3,2010-10-22 15:00,20.0748,93.4915,107.0
2010247N15266,Hermine (2010),2010,EP,Tropical Storm,60.0,69.0,989.0,2010-09-03,2010-09-10,6.2,Landfall,Tropical Depression,2010-09-04 07:00,16.2,-95.2,30.0
2010066S19050,Hubert (2010),2010,SI,Tropical Storm,50.0,57.5,985.0,2010-03-07,2010-03-15,8.0,Landfall,Tropical Storm,2010-03-10 21:00,-20.9512,48.4137,45.0
2010251N14337,Igor (2010),2010,Unknown,Category 4,135.0,155.4,924.0,2010-09-08,2010-09-23,14.8,Landfall,Category 1,2010-09-21 15:00,46.6,-53.2,75.0
2010080S06089,Imani (2010),2010,SI,Category 1,80.0,92.1,963.0,2010-03-20,2010-03-29,9.0,At Sea / Open Water,At Sea / Open Water,N/A,,,
2010305N06105,Jal (2010),2010,NI,Tropical Storm,55.0,63.3,982.0,2010-10-31,2010-11-08,7.4,Landfall,Tropical Depression,2010-11-01 21:00,7.63545,99.7997,20.0
2010255N13340,Julia (2010),2010,Unknown,Category 4,120.0,138.1,948.0,2010-09-12,2010-09-24,12.5,At Sea / Open Water,At Sea / Open Water,N/A,,,
2010257N16282,Karl (2010),2010,Unknown,Category 3,110.0,126.6,956.0,2010-09-13,2010-09-18,4.5,Landfall,Tropical Storm,2010-09-15 12:45,18.5,-87.8,55.0
2010240N15142,Kompasu (2010),2010,WP,Category 3,105.0,120.8,944.0,2010-08-27,2010-09-06,9.8,Landfall,Category 1,2010-09-02 00:00,38.1,127.15,65.0
2010137N10090,Laila (2010),2010,NI,Category 1,65.0,74.8,974.0,2010-05-16,2010-05-21,5.0,Landfall,Tropical Storm,2010-05-20 12:00,15.85,80.5,55.0
2009342S09140,Laurence (2010),2010,SI,Category 4,130.0,149.6,926.0,2009-12-08,2009-12-23,15.8,Landfall,Tropical Depression,2009-12-11 06:00,-11.3,132.1,
2010239N15118,Lionrock (2010),2010,WP,Tropical Storm,60.0,69.0,978.0,2010-08-26,2010-09-04,8.5,Landfall,Tropical Storm,2010-09-02 00:00,23.9,117.4,45.0
2010263N15328,Lisa (2010),2010,Unknown,Category 1,75.0,86.3,982.0,2010-09-20,2010-09-29,9.0,At Sea / Open Water,At Sea / Open Water,N/A,,,
2010019S11123,Magda (2010),2010,SI,Category 1,65.0,74.8,974.0,2010-01-18,2010-01-24,5.8,Landfall,Tropical Storm,2010-01-21 21:00,-15.5962,124.515,60.0
2010263N15149,Malakas (2010),2010,WP,Category 2,90.0,103.6,948.0,2010-09-19,2010-09-28,8.5,At Sea / Open Water,At Sea / Open Water,N/A,,,
2010243N12146,Malou (2010),2010,WP,Tropical Storm,45.0,51.8,989.0,2010-08-31,2010-09-10,10.0,Landfall,Tropical Depression,2010-09-08 02:00,35.6698,136.393,28.0
2010267N14285,Matthew (2010),2010,Unknown,Tropical Storm,50.0,57.5,998.0,2010-09-23,2010-09-26,3.2,Landfall,Tropical Storm,2010-09-24 19:00,14.7,-83.3,50.0
2010285N13145,Megi (2010),2010,WP,Category 5,160.0,184.1,903.0,2010-10-11,2010-10-24,12.8,Landfall,Category 4,2010-10-18 06:00,17.125,121.875,120.0
2010249N24125,Meranti (2010),2010,WP,Category 1,65.0,74.8,974.0,2010-09-06,2010-09-14,8.0,Landfall,Tropical Storm,2010-09-09 21:00,24.8619,118.712,57.0
2009346S10172,Mick (2010),2010,SP,Category 1,65.0,74.8,974.0,2009-12-11,2009-12-16,4.8,Landfall,Category 1,2009-12-14 03:00,-17.8088,177.844,65.0
2010233N17119,Mindulle (2010),2010,WP,Category 1,65.0,74.8,974.0,2010-08-20,2010-08-25,4.2,Landfall,Tropical Storm,2010-08-24 12:00,18.975,105.5,45.0
2010241N25125,Namtheun (2010),2010,WP,Tropical Storm,40.0,46.0,993.0,2010-08-29,2010-08-31,2.8,At Sea / Open Water,At Sea / Open Water,N/A,,,
2010271N19276,Nicole (2010),2010,Unknown,Tropical Storm,40.0,46.0,994.0,2010-09-28,2010-09-30,2.5,Landfall,Tropical Storm,2010-09-29 15:00,22.2,-80.5,40.0
2010027S14184,Nisha (2010),2010,SP,Tropical Storm,55.0,63.3,982.0,2010-01-26,2010-01-31,4.5,At Sea / Open Water,At Sea / Open Water,N/A,,,
2010027S17058,Not_Named (2010),2010,SI,Tropical Storm,35.0,40.3,996.0,2010-01-26,2010-01-31,4.5,At Sea / Open Water,At Sea / Open Water,N/A,,,
2010067S25317,Not_Named (2010),2010,SA,Tropical Storm,45.0,51.8,995.0,2010-03-08,2010-03-12,4.8,At Sea / Open Water,At Sea / Open Water,N/A,,,
2010022S12160,Olga (2010),2010,SP,Tropical Storm,45.0,51.8,987.0,2010-01-21,2010-01-30,8.8,Landfall,Tropical Depression,2010-01-24 18:00,-17.55,145.825,25.0
2010029S12177,Oli (2010),2010,SP,Category 4,115.0,132.3,937.0,2010-01-29,2010-02-08,10.5,At Sea / Open Water,At Sea / Open Water,N/A,,,
2010078N03153,Omais (2010),2010,WP,Tropical Storm,50.0,57.5,985.0,2010-03-19,2010-03-26,7.5,At Sea / Open Water,At Sea / Open Water,N/A,,,
2010350N30175,Omeka (2010),2010,EP,Tropical Storm,50.0,57.5,997.0,2010-12-16,2010-12-22,6.8,At Sea / Open Water,At Sea / Open Water,N/A,,,
2010279N22293,Otto (2010),2010,Unknown,Category 1,75.0,86.3,976.0,2010-10-06,2010-10-17,11.5,At Sea / Open Water,At Sea / Open Water,N/A,,,
2010038S08194,Pat (2010),2010,SP,Category 2,90.0,103.6,956.0,2010-02-06,2010-02-12,5.2,At Sea / Open Water,At Sea / Open Water,N/A,,,
2010084S09138,Paul (2010),2010,SP,Category 1,70.0,80.6,970.0,2010-03-24,2010-04-02,9.0,Landfall,Tropical Depression,2010-03-27 12:00,-12.3371,136.783,30.0
2010284N14278,Paula (2010),2010,Unknown,Category 2,90.0,103.6,981.0,2010-10-11,2010-10-15,4.8,Landfall,Tropical Storm,2010-10-11 12:00,15.0,-83.2,45.0
2010151N14065,Phet (2010),2010,NI,Category 4,125.0,143.8,929.0,2010-05-30,2010-06-07,7.8,Landfall,Category 2,2010-06-04 00:00,21.5,59.3,90.0
2010040S11185,Rene (2010),2010,SP,Category 3,100.0,115.1,948.0,2010-02-09,2010-02-19,9.8,At Sea / Open Water,At Sea / Open Water,N/A,,,
2010293N17277,Richard (2010),2010,Unknown,Category 2,85.0,97.8,977.0,2010-10-19,2010-10-26,6.8,Landfall,Category 2,2010-10-25 00:30,17.2,-88.3,85.0
2010091S09093,Robyn (2010),2010,SI,Category 1,65.0,74.8,974.0,2010-04-01,2010-04-10,9.0,At Sea / Open Water,At Sea / Open Water,N/A,,,
2010051S06195,Sarah (2010),2010,SP,Tropical Storm,35.0,40.3,996.0,2010-02-20,2010-03-04,12.5,At Sea / Open Water,At Sea / Open Water,N/A,,,
2010110S10118,Sean (2010),2010,SI,Tropical Storm,60.0,69.0,978.0,2010-04-20,2010-04-29,9.5,At Sea / Open Water,At Sea / Open Water,N/A,,,
2010302N26299,Shary (2010),2010,Unknown,Category 1,65.0,74.8,989.0,2010-10-28,2010-10-30,2.0,At Sea / Open Water,At Sea / Open Water,N/A,,,
2010069S12188,Tomas (2010),2010,SP,Category 4,115.0,132.3,937.0,2010-03-10,2010-03-20,10.2,At Sea / Open Water,At Sea / Open Water,N/A,,,
2010302N09306,Tomas (2010),2010,Unknown,Category 2,85.0,97.8,982.0,2010-10-29,2010-11-10,12.5,At Sea / Open Water,At Sea / Open Water,N/A,,,
2010070S15168,Ului (2010),2010,SP,Category 5,140.0,161.1,918.0,2010-03-10,2010-03-22,11.5,Landfall,Tropical Storm,2010-03-11 18:00,-14.75,166.55,35.0
2010331S07089,Abele (2011),2011,SI,Category 1,80.0,92.1,963.0,2010-11-26,2010-12-05,8.5,At Sea / Open Water,At Sea / Open Water,N/A,,,
2011158N11260,Adrian (2011),2011,EP,Category 4,120.0,138.1,944.0,2011-06-07,2011-06-14,7.2,At Sea / Open Water,At Sea / Open Water,N/A,,,
2011126N11129,Aere (2011),2011,WP,Tropical Storm,50.0,57.5,985.0,2011-05-05,2011-05-15,9.5,Landfall,Tropical Storm,2011-05-07 21:00,13.7418,124.439,47.0
2010302S08098,Anggrek (2011),2011,SI,Tropical Storm,55.0,63.3,982.0,2010-10-29,2010-11-06,8.2,At Sea / Open Water,At Sea / Open Water,N/A,,,
2011023S16147,Anthony (2011),2011,SP,Tropical Storm,55.0,63.3,982.0,2011-01-22,2011-01-31,8.5,Landfall,Tropical Storm,2011-01-30 12:00,-19.9571,148.143,55.0
2011179N20267,Arlene (2011),2011,Unknown,Tropical Storm,55.0,63.3,993.0,2011-06-28,2011-07-01,2.8,Landfall,Tropical Storm,2011-06-30 12:00,21.6,-97.3,55.0
2011048S14171,Atu (2011),2011,SP,Category 4,115.0,132.3,937.0,2011-02-16,2011-02-27,10.8,At Sea / Open Water,At Sea / Open Water,N/A,,,
2011170N12263,Beatriz (2011),2011,EP,Category 1,80.0,92.1,977.0,2011-06-18,2011-06-22,3.2,At Sea / Open Water,At Sea / Open Water,N/A,,,
2011021S16129,Bianca (2011),2011,SI,Category 2,95.0,109.3,952.0,2011-01-21,2011-01-30,9.2,Landfall,Tropical Depression,2011-01-21 00:00,-16.0,129.0,
2011038S11062,Bingiza (2011),2011,SI,Category 3,100.0,115.1,948.0,2011-02-06,2011-02-21,15.0,Landfall,Category 2,2011-02-14 06:00,-15.9,49.7,85.0
2011197N31280,Bret (2011),2011,Unknown,Tropical Storm,60.0,69.0,995.0,2011-07-16,2011-07-23,7.0,At Sea / Open Water,At Sea / Open Water,N/A,,,
2011082S17184,Bune (2011),2011,SP,Category 1,75.0,86.3,967.0,2011-03-22,2011-04-02,11.0,At Sea / Open Water,At Sea / Open Water,N/A,,,
2011188N14261,Calvin (2011),2011,EP,Category 1,70.0,80.6,984.0,2011-07-07,2011-07-14,7.0,At Sea / Open Water,At Sea / Open Water,N/A,,,
2011045S14132,Carlos (2011),2011,SI,Category 1,65.0,74.8,974.0,2011-02-14,2011-02-27,13.0,Landfall,Tropical Depression,2011-02-14 00:00,-14.0,132.0,
2011073S11089,Cherono (2011),2011,SI,Tropical Storm,45.0,51.8,989.0,2011-03-13,2011-03-25,11.5,At Sea / Open Water,At Sea / Open Water,N/A,,,
2011201N33301,Cindy (2011),2011,Unknown,Tropical Storm,60.0,69.0,994.0,2011-07-20,2011-07-23,3.0,At Sea / Open Water,At Sea / Open Water,N/A,,,
2011045S16119,Dianne (2011),2011,SI,Category 1,80.0,92.1,963.0,2011-02-14,2011-02-23,9.3,At Sea / Open Water,At Sea / Open Water,N/A,,,
2011208N22274,Don (2011),2011,Unknown,Tropical Storm,45.0,51.8,997.0,2011-07-27,2011-07-30,3.0,Landfall,Tropical Depression,2011-07-30 02:30,27.3,-97.4,30.0
2011199N10271,Dora (2011),2011,EP,Category 4,135.0,155.4,929.0,2011-07-18,2011-07-26,8.0,At Sea / Open Water,At Sea / Open Water,N/A,,,
2011214N15299,Emily (2011),2011,Unknown,Tropical Storm,45.0,51.8,1003.0,2011-08-02,2011-08-07,5.8,Landfall,Tropical Depression,2011-08-04 21:00,18.32,-74.0225,27.0
2011103S12126,Errol (2011),2011,SI,Tropical Storm,55.0,63.3,982.0,2011-04-12,2011-04-18,5.5,Landfall,Tropical Storm,2011-04-17 18:00,-10.0286,124.557,35.0
2011212N10264,Eugene (2011),2011,EP,Category 4,120.0,138.1,942.0,2011-07-30,2011-08-10,10.5,At Sea / Open Water,At Sea / Open Water,N/A,,,
2011227N12234,Fernanda (2011),2011,EP,Tropical Storm,60.0,69.0,992.0,2011-08-14,2011-08-21,7.0,At Sea / Open Water,At Sea / Open Water,N/A,,,
2011225N35294,Franklin (2011),2011,Unknown,Tropical Storm,40.0,46.0,1004.0,2011-08-12,2011-08-16,3.5,At Sea / Open Water,At Sea / Open Water,N/A,,,
2011225N26302,Gert (2011),2011,Unknown,Tropical Storm,55.0,63.3,1000.0,2011-08-13,2011-08-17,4.5,At Sea / Open Water,At Sea / Open Water,N/A,,,
2011229N14261,Greg (2011),2011,EP,Category 1,75.0,86.3,979.0,2011-08-16,2011-08-23,6.2,At Sea / Open Water,At Sea / Open Water,N/A,,,
2011167N08129,Haima (2011),2011,WP,Tropical Storm,35.0,40.3,993.0,2011-06-16,2011-06-25,9.5,Landfall,Tropical Storm,2011-06-23 09:00,21.2638,110.47,35.0
2011267N16111,Haitang (2011),2011,WP,Tropical Storm,35.0,40.3,996.0,2011-09-23,2011-09-27,3.5,Landfall,Tropical Depression,2011-09-27 03:00,16.7538,107.159,20.0
2011231N15278,Harvey (2011),2011,Unknown,Tropical Storm,55.0,63.3,994.0,2011-08-19,2011-08-22,3.5,Landfall,Tropical Storm,2011-08-20 17:30,17.0,-88.3,55.0
2011264N13264,Hilary (2011),2011,EP,Category 4,125.0,143.8,942.0,2011-09-21,2011-10-03,12.2,At Sea / Open Water,At Sea / Open Water,N/A,,,
2011233N15301,Irene (2011),2011,Unknown,Category 3,105.0,120.8,942.0,2011-08-21,2011-08-30,9.0,Landfall,Tropical Storm,2011-08-22 05:25,18.1,-65.8,60.0
2011278N12248,Irwin (2011),2011,EP,Category 2,85.0,97.8,976.0,2011-10-04,2011-10-18,13.8,At Sea / Open Water,At Sea / Open Water,N/A,,,
2011239N27301,Jose (2011),2011,Unknown,Tropical Storm,40.0,46.0,1006.0,2011-08-26,2011-08-29,3.0,At Sea / Open Water,At Sea / Open Water,N/A,,,
2011279N10257,Jova (2011),2011,EP,Category 3,110.0,126.6,955.0,2011-10-05,2011-10-12,7.2,Landfall,Category 2,2011-10-12 06:00,19.6,-105.1,85.0
2011240N10341,Katia (2011),2011,Unknown,Category 4,120.0,138.1,942.0,2011-08-28,2011-09-12,15.8,Landfall,Tropical Storm,2011-09-12 12:00,58.0,-7.0,60.0
2011302N13062,Keila (2011),2011,NI,Tropical Storm,55.0,63.3,982.0,2011-10-29,2011-11-05,7.0,Landfall,Tropical Storm,2011-11-02 18:00,17.0,54.5,45.0
2011323N09264,Kenneth (2011),2011,EP,Category 4,125.0,143.8,940.0,2011-11-18,2011-11-26,7.5,At Sea / Open Water,At Sea / Open Water,N/A,,,
2011249N18133,Kulap (2011),2011,WP,Tropical Storm,40.0,46.0,993.0,2011-09-05,2011-09-11,5.2,Landfall,Tropical Depression,2011-09-11 00:00,33.4,126.5,
2011245N27269,Lee (2011),2011,Unknown,Tropical Storm,50.0,57.5,986.0,2011-09-02,2011-09-06,4.8,Landfall,Tropical Storm,2011-09-04 10:30,29.6,-92.1,40.0
2011192N18158,Ma-On (2011),2011,WP,Category 4,115.0,132.3,937.0,2011-07-10,2011-07-31,20.2,Landfall,Category 1,2011-07-19 12:00,33.3,134.225,70.0
2011250N12324,Maria (2011),2011,Unknown,Category 1,70.0,80.6,983.0,2011-09-06,2011-09-16,10.0,Landfall,Tropical Storm,2011-09-16 18:30,47.0,-53.5,60.0
2011172N11133,Meari (2011),2011,WP,Tropical Storm,55.0,63.3,982.0,2011-06-20,2011-06-27,6.5,At Sea / Open Water,At Sea / Open Water,N/A,,,
2011215N24164,Merbok (2011),2011,WP,Category 1,75.0,86.3,967.0,2011-08-02,2011-08-12,9.5,At Sea / Open Water,At Sea / Open Water,N/A,,,
2011208N09145,Muifa (2011),2011,WP,Category 5,140.0,161.1,918.0,2011-07-26,2011-08-15,20.0,Landfall,Tropical Storm,2011-08-08 12:00,40.5,124.825,40.0
2011270N18139,Nalgae (2011),2011,WP,Category 4,130.0,149.6,926.0,2011-09-26,2011-10-05,9.0,Landfall,Category 4,2011-10-01 03:00,16.6531,121.888,115.0
2011233N12129,Nanmadol (2011),2011,WP,Category 5,140.0,161.1,918.0,2011-08-21,2011-08-31,10.2,Landfall,Category 4,2011-08-27 03:00,18.3538,122.184,122.0
2011250N20266,Nate (2011),2011,Unknown,Category 1,65.0,74.8,994.0,2011-09-06,2011-09-12,5.2,Landfall,Tropical Storm,2011-09-11 16:00,20.5,-97.0,40.0
2011266N13139,Nesat (2011),2011,WP,Category 4,115.0,132.3,937.0,2011-09-23,2011-09-30,7.8,Landfall,Category 2,2011-09-27 00:00,16.4,121.6,90.0
2011205N12130,Nock-Ten (2011),2011,WP,Category 1,65.0,74.8,974.0,2011-07-24,2011-07-31,7.0,Landfall,Tropical Storm,2011-07-27 06:00,16.55,121.525,55.0
2011245N21150,Noru (2011),2011,WP,Tropical Storm,45.0,51.8,989.0,2011-09-01,2011-09-09,7.5,Landfall,Tropical Depression,2011-09-07 09:00,50.6882,143.003,
2010298S09087,Not_Named (2011),2011,SI,Tropical Storm,35.0,40.3,996.0,2010-10-25,2010-10-31,6.2,At Sea / Open Water,At Sea / Open Water,N/A,,,
2011041S17113,Not_Named (2011),2011,SI,Tropical Storm,35.0,40.3,996.0,2011-02-09,2011-02-13,4.0,At Sea / Open Water,At Sea / Open Water,N/A,,,
2011069S20321,Not_Named (2011),2011,SA,Tropical Storm,45.0,51.8,989.0,2011-03-09,2011-03-16,7.0,Landfall,Tropical Depression,2011-03-11 09:00,-19.35,-39.78,27.0
2011088S10133,Not_Named (2011),2011,SI,Tropical Storm,35.0,40.3,996.0,2011-03-29,2011-04-05,7.0,Landfall,Tropical Depression,2011-03-31 06:00,-11.4,130.75,20.0
2011160N18070,Not_Named (2011),2011,NI,Tropical Storm,35.0,40.3,996.0,2011-06-09,2011-06-12,3.2,At Sea / Open Water,At Sea / Open Water,N/A,,,
2011244N37296,Not_Named (2011),2011,Unknown,Tropical Storm,40.0,46.0,1002.0,2011-08-31,2011-09-03,3.2,At Sea / Open Water,At Sea / Open Water,N/A,,,
2011290N15090,Not_Named (2011),2011,NI,Tropical Storm,35.0,40.3,996.0,2011-10-17,2011-10-20,3.0,Landfall,Tropical Depression,2011-10-19 15:00,21.395,92.3283,27.0
2011310N11066,Not_Named (2011),2011,NI,Tropical Storm,35.0,40.3,996.0,2011-11-06,2011-11-11,5.2,At Sea / Open Water,At Sea / Open Water,N/A,,,
2011330N06078,Not_Named (2011),2011,NI,Tropical Storm,35.0,40.3,996.0,2011-11-25,2011-12-01,5.8,At Sea / Open Water,At Sea / Open Water,N/A,,,
2011263N12323,Ophelia (2011),2011,Unknown,Category 4,120.0,138.1,940.0,2011-09-20,2011-10-04,14.2,Landfall,Tropical Storm,2011-10-03 10:00,46.9,-55.4,60.0
2011266N08343,Philippe (2011),2011,Unknown,Category 1,80.0,92.1,976.0,2011-09-23,2011-10-09,16.0,At Sea / Open Water,At Sea / Open Water,N/A,,,
2011295N13279,Rina (2011),2011,Unknown,Category 3,100.0,115.1,966.0,2011-10-22,2011-10-29,7.2,Landfall,Tropical Storm,2011-10-28 03:00,20.6219,-87.1859,50.0
2011253N20145,Roke (2011),2011,WP,Category 4,115.0,132.3,937.0,2011-09-09,2011-09-24,15.0,Landfall,Category 1,2011-09-21 06:00,34.85,137.825,75.0
2011310N29290,Sean (2011),2011,Unknown,Tropical Storm,55.0,63.3,982.0,2011-11-06,2011-11-12,6.8,At Sea / Open Water,At Sea / Open Water,N/A,,,
2011257N19154,Sonca (2011),2011,WP,Category 2,90.0,103.6,956.0,2011-09-13,2011-09-21,7.8,At Sea / Open Water,At Sea / Open Water,N/A,,,
2011140N08142,Songda (2011),2011,WP,Category 5,140.0,161.1,918.0,2011-05-19,2011-06-02,13.2,Landfall,Tropical Storm,2011-05-29 09:00,33.7171,135.429,40.0
2011236N15143,Talas (2011),2011,WP,Tropical Storm,55.0,63.3,982.0,2011-08-23,2011-09-07,14.5,Landfall,Tropical Storm,2011-09-03 00:00,33.45,133.875,45.0
2010358S13152,Tasha (2011),2011,SP,Tropical Storm,40.0,46.0,993.0,2010-12-23,2010-12-26,2.5,Landfall,Tropical Storm,2010-12-24 21:00,-17.32,145.638,40.0
2011360N09088,Thane (2011),2011,NI,Category 2,90.0,103.6,956.0,2011-12-25,2011-12-30,5.0,Landfall,Tropical Storm,2011-12-30 03:00,11.5799,79.536,57.0
2011010S17169,Vania (2011),2011,SP,Tropical Storm,55.0,63.3,982.0,2011-01-09,2011-01-15,6.0,At Sea / Open Water,At Sea / Open Water,N/A,,,
2011009S15113,Vince (2011),2011,SI,Tropical Storm,45.0,51.8,989.0,2011-01-09,2011-01-16,7.3,At Sea / Open Water,At Sea / Open Water,N/A,,,
2011346N03156,Washi (2011),2011,WP,Tropical Storm,50.0,57.5,985.0,2011-12-11,2011-12-19,7.8,Landfall,Tropical Storm,2011-12-16 09:00,8.09804,126.154,45.0
2011020S13182,Wilma (2011),2011,SP,Category 4,115.0,132.3,937.0,2011-01-20,2011-01-30,10.8,At Sea / Open Water,At Sea / Open Water,N/A,,,
2011028S13180,Yasi (2011),2011,SP,Category 4,135.0,155.4,922.0,2011-01-28,2011-02-06,9.8,Landfall,Category 4,2011-02-02 15:00,-17.9209,145.995,122.0
2011034S19199,Zaka (2011),2011,SP,Tropical Storm,45.0,51.8,989.0,2011-02-03,2011-02-08,5.2,At Sea / Open Water,At Sea / Open Water,N/A,,,
2011013S15151,Zelia (2011),2011,SP,Category 2,95.0,109.3,952.0,2011-01-12,2011-01-18,5.5,At Sea / Open Water,At Sea / Open Water,N/A,,,
2012140N33283,Alberto (2012),2012,Unknown,Tropical Storm,50.0,57.5,995.0,2012-05-19,2012-05-23,4.8,At Sea / Open Water,At Sea / Open Water,N/A,,,
2011336S06098,Alenga (2012),2012,SI,Category 2,95.0,109.3,952.0,2011-12-02,2011-12-10,8.0,At Sea / Open Water,At Sea / Open Water,N/A,,,
2012135N10255,Aletta (2012),2012,EP,Tropical Storm,45.0,51.8,1000.0,2012-05-13,2012-05-20,6.2,At Sea / Open Water,At Sea / Open Water,N/A,,,
2011361S09095,Benilde (2012),2012,SI,Category 2,90.0,103.6,956.0,2011-12-27,2012-01-09,13.0,At Sea / Open Water,At Sea / Open Water,N/A,,,
2012147N30284,Beryl (2012),2012,Unknown,Tropical Storm,60.0,69.0,992.0,2012-05-25,2012-06-02,7.5,Landfall,Tropical Storm,2012-05-28 06:00,30.2,-81.7,50.0
2012232N13141,Bolaven (2012),2012,WP,Category 4,125.0,143.8,929.0,2012-08-18,2012-09-01,14.2,Landfall,Tropical Storm,2012-08-28 15:00,40.1763,125.098,40.0
2012331N03157,Bopha (2012),2012,WP,Category 5,150.0,172.6,911.0,2012-11-25,2012-12-09,13.8,Landfall,Category 4,2012-12-03 21:00,7.63461,126.575,132.0
2012142N09262,Bud (2012),2012,EP,Category 3,100.0,115.1,961.0,2012-05-20,2012-05-26,6.0,At Sea / Open Water,At Sea / Open Water,N/A,,,
2012166N09269,Carlotta (2012),2012,EP,Category 2,95.0,109.3,973.0,2012-06-13,2012-06-17,3.5,Landfall,Category 2,2012-06-16 01:00,15.8,-96.9,90.0
2012006S15043,Chanda (2012),2012,SI,Tropical Storm,35.0,40.3,996.0,2012-01-05,2012-01-10,5.0,Landfall,Tropical Depression,2012-01-09 00:00,-20.95,43.85,30.0
2012169N29291,Chris (2012),2012,Unknown,Category 1,75.0,86.3,974.0,2012-06-17,2012-06-24,7.5,At Sea / Open Water,At Sea / Open Water,N/A,,,
2012037S17176,Cyril (2012),2012,SP,Tropical Storm,55.0,63.3,982.0,2012-02-05,2012-02-09,3.8,At Sea / Open Water,At Sea / Open Water,N/A,,,
2012209N25149,Damrey (2012),2012,WP,Category 1,80.0,92.1,963.0,2012-07-27,2012-08-04,7.8,Landfall,Tropical Storm,2012-08-02 18:00,34.86,119.22,55.0
2012186N12255,Daniel (2012),2012,EP,Category 3,100.0,115.1,961.0,2012-07-04,2012-07-14,10.0,At Sea / Open Water,At Sea / Open Water,N/A,,,
2012092S16166,Daphne (2012),2012,SP,Tropical Storm,55.0,63.3,982.0,2012-04-01,2012-04-06,5.0,Landfall,Tropical Depression,2012-04-01 09:00,-16.0012,167.186,27.0
2012176N26272,Debby (2012),2012,Unknown,Tropical Storm,55.0,63.3,990.0,2012-06-23,2012-06-27,4.0,Landfall,Tropical Depression,2012-06-27 00:00,29.4,-82.7,30.0
2012177N11135,Doksuri (2012),2012,WP,Tropical Storm,40.0,46.0,993.0,2012-06-25,2012-06-30,5.2,Landfall,Tropical Storm,2012-06-29 21:00,22.0824,112.781,35.0
2012189N10262,Emilia (2012),2012,EP,Category 4,120.0,138.1,945.0,2012-07-07,2012-07-18,10.8,At Sea / Open Water,At Sea / Open Water,N/A,,,
2012215N12313,Ernesto (2012),2012,Unknown,Category 2,85.0,97.8,973.0,2012-08-01,2012-08-10,8.8,Landfall,Category 2,2012-08-08 03:15,18.8,-87.7,85.0
2012017S10074,Ethel (2012),2012,SI,Category 1,70.0,80.6,970.0,2012-01-17,2012-01-24,6.8,At Sea / Open Water,At Sea / Open Water,N/A,,,
2012267N16141,Ewiniar (2012),2012,WP,Tropical Storm,55.0,63.3,982.0,2012-09-23,2012-09-30,7.5,At Sea / Open Water,At Sea / Open Water,N/A,,,
2012193N12259,Fabio (2012),2012,EP,Category 2,95.0,109.3,966.0,2012-07-10,2012-07-20,9.8,At Sea / Open Water,At Sea / Open Water,N/A,,,
2012216N12337,Florence (2012),2012,Unknown,Tropical Storm,50.0,57.5,1002.0,2012-08-03,2012-08-08,5.0,At Sea / Open Water,At Sea / Open Water,N/A,,,
2012018S16041,Funso (2012),2012,SI,Category 4,115.0,132.3,937.0,2012-01-17,2012-02-01,15.2,At Sea / Open Water,At Sea / Open Water,N/A,,,
2012273N13112,Gaemi (2012),2012,WP,Tropical Storm,55.0,63.3,982.0,2012-09-29,2012-10-07,8.5,Landfall,Tropical Storm,2012-10-06 12:00,13.1769,108.715,35.0
2012219N12254,Gilma (2012),2012,EP,Category 1,70.0,80.6,984.0,2012-08-06,2012-08-14,8.0,At Sea / Open Water,At Sea / Open Water,N/A,,,
2012039S14075,Giovanna (2012),2012,SI,Category 4,120.0,138.1,933.0,2012-02-07,2012-02-22,14.8,Landfall,Category 2,2012-02-14 00:00,-19.0,48.7,95.0
2012229N28305,Gordon (2012),2012,Unknown,Category 2,95.0,109.3,965.0,2012-08-15,2012-08-21,6.0,At Sea / Open Water,At Sea / Open Water,N/A,,,
2011358S11132,Grant (2012),2012,SI,Tropical Storm,60.0,69.0,978.0,2011-12-23,2011-12-29,6.0,Landfall,Tropical Storm,2011-12-25 12:00,-11.65,132.8,60.0
2012162N06150,Guchol (2012),2012,WP,Category 4,130.0,149.6,926.0,2012-06-10,2012-06-22,12.2,Landfall,Tropical Storm,2012-06-19 09:00,33.7561,136.044,47.0
2012215N23146,Haikui (2012),2012,WP,Category 1,65.0,74.8,974.0,2012-08-01,2012-08-11,9.8,Landfall,Tropical Storm,2012-08-08 00:00,29.375,121.375,60.0
2012225N18255,Hector (2012),2012,EP,Tropical Storm,45.0,51.8,995.0,2012-08-11,2012-08-20,8.8,At Sea / Open Water,At Sea / Open Water,N/A,,,
2012009S12121,Heidi (2012),2012,SI,Category 1,65.0,74.8,974.0,2012-01-09,2012-01-13,4.3,Landfall,Tropical Storm,2012-01-11 21:00,-20.445,118.678,55.0
2012223N14317,Helene (2012),2012,Unknown,Tropical Storm,40.0,46.0,1004.0,2012-08-09,2012-08-19,9.2,Landfall,Tropical Depression,2012-08-14 18:00,14.3,-83.6,30.0
2012042S12110,Hilwa (2012),2012,SI,Tropical Storm,40.0,46.0,993.0,2012-02-11,2012-02-24,12.8,At Sea / Open Water,At Sea / Open Water,N/A,,,
2012024S15116,Iggy (2012),2012,SI,Category 1,70.0,80.6,970.0,2012-01-23,2012-02-03,10.5,Landfall,Tropical Depression,2012-02-03 00:00,-29.7,115.2,25.0
2012239N11261,Ileana (2012),2012,EP,Category 1,75.0,86.3,978.0,2012-08-25,2012-09-06,11.5,At Sea / Open Water,At Sea / Open Water,N/A,,,
2012056S13057,Irina (2012),2012,SI,Tropical Storm,60.0,69.0,978.0,2012-02-25,2012-03-12,16.0,Landfall,Tropical Depression,2012-02-26 18:00,-13.9,49.8,25.0
2012234N16315,Isaac (2012),2012,Unknown,Category 1,70.0,80.6,965.0,2012-08-20,2012-09-01,11.8,Landfall,Tropical Storm,2012-08-25 06:00,18.3,-72.7,55.0
2012032S15141,Jasmine (2012),2012,SP,Category 4,115.0,132.3,937.0,2012-01-31,2012-02-16,16.0,Landfall,Tropical Depression,2012-02-02 00:00,-14.8,142.0,
2012263N15141,Jelawat (2012),2012,WP,Category 5,140.0,161.1,918.0,2012-09-19,2012-10-03,14.0,Landfall,Tropical Storm,2012-09-30 06:00,33.45,135.8,60.0
2012247N18252,John (2012),2012,EP,Tropical Storm,40.0,46.0,1000.0,2012-09-02,2012-09-07,4.8,At Sea / Open Water,At Sea / Open Water,N/A,,,
2012066S10101,Joni:Koji (2012),2012,SI,Category 1,75.0,86.3,967.0,2012-03-05,2012-03-15,9.8,At Sea / Open Water,At Sea / Open Water,N/A,,,
2012235N11328,Joyce (2012),2012,Unknown,Tropical Storm,35.0,40.3,1006.0,2012-08-21,2012-08-24,2.8,At Sea / Open Water,At Sea / Open Water,N/A,,,
2012225N16133,Kai-Tak (2012),2012,WP,Category 1,65.0,74.8,974.0,2012-08-11,2012-08-18,7.0,Landfall,Tropical Storm,2012-08-15 03:00,18.3933,121.531,55.0
2012196N19144,Khanun (2012),2012,WP,Tropical Storm,55.0,63.3,982.0,2012-07-13,2012-07-20,6.2,Landfall,Tropical Storm,2012-07-18 15:00,34.7039,126.283,45.0
2012242N24317,Kirk (2012),2012,Unknown,Category 2,90.0,103.6,970.0,2012-08-28,2012-09-03,5.2,At Sea / Open Water,At Sea / Open Water,N/A,,,
2012216N24162,Kirogi (2012),2012,WP,Tropical Storm,45.0,51.8,989.0,2012-08-03,2012-08-12,9.0,Landfall,Tropical Storm,2012-08-10 09:00,44.9939,147.507,37.0
2012256N15257,Kristy (2012),2012,EP,Tropical Storm,50.0,57.5,998.0,2012-09-11,2012-09-19,8.0,At Sea / Open Water,At Sea / Open Water,N/A,,,
2012156S07066,Kuena (2012),2012,SI,Tropical Storm,55.0,63.3,982.0,2012-06-03,2012-06-08,5.0,At Sea / Open Water,At Sea / Open Water,N/A,,,
2012260N13237,Lane (2012),2012,EP,Category 1,75.0,86.3,985.0,2012-09-15,2012-09-20,4.8,At Sea / Open Water,At Sea / Open Water,N/A,,,
2012242N13333,Leslie (2012),2012,Unknown,Category 1,70.0,80.6,968.0,2012-08-28,2012-09-12,14.5,Landfall,Category 1,2012-09-11 12:00,47.7,-54.9,65.0
2012070S17112,Lua (2012),2012,SI,Category 2,95.0,109.3,952.0,2012-03-10,2012-03-18,8.2,Landfall,Category 2,2012-03-17 07:00,-20.0248,120.028,89.0
2012274N13151,Maliksi (2012),2012,WP,Tropical Storm,45.0,51.8,989.0,2012-09-29,2012-10-06,7.2,At Sea / Open Water,At Sea / Open Water,N/A,,,
2012287N16147,Maria (2012),2012,WP,Tropical Storm,55.0,63.3,982.0,2012-10-12,2012-10-20,7.2,At Sea / Open Water,At Sea / Open Water,N/A,,,
2012152N12130,Mawar (2012),2012,WP,Category 3,105.0,120.8,944.0,2012-05-31,2012-06-13,13.0,At Sea / Open Water,At Sea / Open Water,N/A,,,
2012246N29323,Michael (2012),2012,Unknown,Category 3,100.0,115.1,964.0,2012-09-02,2012-09-12,10.2,At Sea / Open Water,At Sea / Open Water,N/A,,,
2012266N14254,Miriam (2012),2012,EP,Category 3,105.0,120.8,959.0,2012-09-22,2012-10-02,10.8,At Sea / Open Water,At Sea / Open Water,N/A,,,
2012297N11067,Murjan (2012),2012,NI,Tropical Storm,35.0,40.3,996.0,2012-10-22,2012-10-26,3.4,Landfall,Tropical Depression,2012-10-25 15:00,9.52797,50.4953,32.0
2012255N16322,Nadine (2012),2012,Unknown,Category 1,80.0,92.1,978.0,2012-09-10,2012-10-04,23.8,At Sea / Open Water,At Sea / Open Water,N/A,,,
2012301N11087,Nilam (2012),2012,NI,Tropical Storm,50.0,57.5,985.0,2012-10-27,2012-11-01,5.5,Landfall,Tropical Storm,2012-10-31 12:00,12.7,79.8,50.0
2012272N22251,Norman (2012),2012,EP,Tropical Storm,45.0,51.8,997.0,2012-09-28,2012-09-30,2.0,Landfall,Tropical Depression,2012-09-29 06:00,25.8,-109.4,30.0
2011337S13069,Not_Named (2012),2012,SI,Tropical Storm,35.0,40.3,996.0,2011-12-02,2011-12-11,9.2,At Sea / Open Water,At Sea / Open Water,N/A,,,
2012060S12069,Not_Named (2012),2012,SI,Tropical Storm,35.0,40.3,996.0,2012-02-28,2012-03-02,3.0,At Sea / Open Water,At Sea / Open Water,N/A,,,
2012180S11153,Not_Named (2012),2012,SP,Tropical Storm,35.0,40.3,996.0,2012-06-28,2012-06-30,2.8,At Sea / Open Water,At Sea / Open Water,N/A,,,
2012321N14090,Not_Named (2012),2012,NI,Tropical Storm,35.0,40.3,996.0,2012-11-16,2012-11-23,7.2,Landfall,Tropical Depression,2012-11-22 18:00,12.8,80.2,25.0
2012357N09064,Not_Named (2012),2012,NI,Tropical Storm,35.0,40.3,996.0,2012-12-22,2012-12-25,2.8,At Sea / Open Water,At Sea / Open Water,N/A,,,
2012281N14242,Olivia (2012),2012,EP,Tropical Storm,50.0,57.5,997.0,2012-10-06,2012-10-10,4.0,At Sea / Open Water,At Sea / Open Water,N/A,,,
2012277N12322,Oscar (2012),2012,Unknown,Tropical Storm,45.0,51.8,994.0,2012-10-02,2012-10-05,3.0,At Sea / Open Water,At Sea / Open Water,N/A,,,
2012086N10116,Pakhar (2012),2012,WP,Tropical Storm,60.0,69.0,978.0,2012-03-26,2012-04-02,7.2,Landfall,Tropical Storm,2012-04-01 12:00,10.6533,107.307,35.0
2012285N26288,Patty (2012),2012,Unknown,Tropical Storm,40.0,46.0,1005.0,2012-10-10,2012-10-13,2.5,At Sea / Open Water,At Sea / Open Water,N/A,,,
2012288N14248,Paul (2012),2012,EP,Category 3,105.0,120.8,959.0,2012-10-13,2012-10-18,4.5,Landfall,Tropical Storm,2012-10-17 15:00,27.0849,-114.163,35.0
2012279N15145,Prapiroon (2012),2012,WP,Category 3,105.0,120.8,944.0,2012-10-05,2012-10-23,18.8,At Sea / Open Water,At Sea / Open Water,N/A,,,
2012287N15297,Rafael (2012),2012,Unknown,Category 1,80.0,92.1,966.0,2012-10-12,2012-10-26,13.8,Landfall,Tropical Depression,2012-10-26 09:00,40.1362,-8.3173,27.0
2012304N14246,Rosa (2012),2012,EP,Tropical Storm,45.0,51.8,1001.0,2012-10-29,2012-11-05,6.5,At Sea / Open Water,At Sea / Open Water,N/A,,,
2012254N09135,Sanba (2012),2012,WP,Category 5,155.0,178.4,907.0,2012-09-10,2012-09-18,8.8,Landfall,Category 1,2012-09-17 03:00,35.0967,128.16,65.0
2012296N14283,Sandy (2012),2012,Unknown,Category 3,100.0,115.1,940.0,2012-10-21,2012-10-31,9.8,Landfall,Category 1,2012-10-24 19:00,17.9,-76.6,75.0
2012141N11148,Sanvu (2012),2012,WP,Category 1,80.0,92.1,963.0,2012-05-20,2012-05-30,10.2,At Sea / Open Water,At Sea / Open Water,N/A,,,
2012209N11131,Saola (2012),2012,WP,Category 2,90.0,103.6,956.0,2012-07-26,2012-08-05,9.2,Landfall,Tropical Storm,2012-08-03 00:00,26.875,119.925,35.0
2012296N06135,Son-Tinh (2012),2012,WP,Category 3,105.0,120.8,944.0,2012-10-21,2012-10-29,8.0,Landfall,Tropical Storm,2012-10-24 09:00,11.0796,124.568,35.0
2012168N19112,Talim (2012),2012,WP,Tropical Storm,50.0,57.5,985.0,2012-06-16,2012-06-21,4.8,At Sea / Open Water,At Sea / Open Water,N/A,,,
2012230N21126,Tembin (2012),2012,WP,Category 4,120.0,138.1,933.0,2012-08-17,2012-09-01,14.8,Landfall,Category 3,2012-08-23 21:00,22.2716,120.937,107.0
2012296N20309,Tony (2012),2012,Unknown,Tropical Storm,45.0,51.8,1000.0,2012-10-21,2012-10-26,4.8,At Sea / Open Water,At Sea / Open Water,N/A,,,
2012201N15129,Vicente (2012),2012,WP,Category 4,115.0,132.3,937.0,2012-07-18,2012-07-25,6.8,Landfall,Category 3,2012-07-23 21:00,22.0342,112.828,100.0
2012359N08134,Wukong (2012),2012,WP,Tropical Storm,35.0,40.3,996.0,2012-12-23,2012-12-29,5.8,Landfall,Tropical Storm,2012-12-25 18:00,10.75,124.75,35.0
2013134N07265,Alvin (2013),2013,EP,Tropical Storm,50.0,57.5,1000.0,2013-05-13,2013-05-17,3.5,At Sea / Open Water,At Sea / Open Water,N/A,,,
2012285S04077,Anais (2013),2013,SI,Category 4,115.0,132.3,937.0,2012-10-10,2012-10-19,9.0,At Sea / Open Water,At Sea / Open Water,N/A,,,
2013157N25273,Andrea (2013),2013,Unknown,Tropical Storm,55.0,63.3,992.0,2013-06-05,2013-06-08,3.0,Landfall,Tropical Storm,2013-06-06 22:00,29.5,-83.4,50.0
2013149N14264,Barbara (2013),2013,EP,Category 1,70.0,80.6,983.0,2013-05-28,2013-05-30,2.2,Landfall,Category 1,2013-05-29 19:50,16.0,-94.0,70.0
2013167N12279,Barry (2013),2013,Unknown,Tropical Storm,40.0,46.0,1003.0,2013-06-16,2013-06-21,5.0,Landfall,Tropical Depression,2013-06-16 15:00,14.5225,-83.2851,25.0
2013171N15117,Bebinca (2013),2013,WP,Tropical Storm,35.0,40.3,996.0,2013-06-19,2013-06-24,4.5,Landfall,Tropical Depression,2013-06-22 06:00,19.175,110.1,30.0
2012325S09084,Boldwin (2013),2013,SI,Tropical Storm,55.0,63.3,982.0,2012-11-20,2012-11-25,5.5,At Sea / Open Water,At Sea / Open Water,N/A,,,
2013189N09319,Chantal (2013),2013,Unknown,Tropical Storm,55.0,63.3,1003.0,2013-07-07,2013-07-10,3.0,At Sea / Open Water,At Sea / Open Water,N/A,,,
2013196N14128,Cimaron (2013),2013,WP,Tropical Storm,40.0,46.0,993.0,2013-07-14,2013-07-19,4.2,Landfall,Tropical Depression,2013-07-18 15:00,24.1872,117.751,30.0
2012337S06089,Claudia (2013),2013,SI,Category 4,115.0,132.3,937.0,2012-12-02,2012-12-13,11.8,At Sea / Open Water,At Sea / Open Water,N/A,,,
2013175N12256,Cosme (2013),2013,EP,Category 1,75.0,86.3,980.0,2013-06-23,2013-06-30,7.2,At Sea / Open Water,At Sea / Open Water,N/A,,,
2013180N11256,Dalila (2013),2013,EP,Category 1,70.0,80.6,984.0,2013-06-28,2013-07-08,10.0,At Sea / Open Water,At Sea / Open Water,N/A,,,
2013274N18152,Danas (2013),2013,WP,Category 4,120.0,138.1,933.0,2013-10-01,2013-10-09,8.2,At Sea / Open Water,At Sea / Open Water,N/A,,,
2013204N11340,Dorian (2013),2013,Unknown,Tropical Storm,50.0,57.5,1002.0,2013-07-22,2013-08-04,12.5,At Sea / Open Water,At Sea / Open Water,N/A,,,
2012362S08071,Dumile (2013),2013,SI,Category 1,75.0,86.3,967.0,2012-12-27,2013-01-06,10.2,At Sea / Open Water,At Sea / Open Water,N/A,,,
2013009S11084,Emang (2013),2013,SI,Tropical Storm,35.0,40.3,996.0,2013-01-08,2013-01-19,11.0,At Sea / Open Water,At Sea / Open Water,N/A,,,
2013186N13262,Erick (2013),2013,EP,Category 1,70.0,80.6,983.0,2013-07-04,2013-07-09,5.2,At Sea / Open Water,At Sea / Open Water,N/A,,,
2013227N14337,Erin (2013),2013,Unknown,Tropical Storm,40.0,46.0,1006.0,2013-08-15,2013-08-19,4.8,At Sea / Open Water,At Sea / Open Water,N/A,,,
2012346S14180,Evan (2013),2013,SP,Category 4,125.0,143.8,929.0,2012-12-10,2012-12-27,16.2,Landfall,Tropical Depression,2012-12-27 00:00,-37.9,175.0,
2013026S13067,Felleng (2013),2013,SI,Category 4,115.0,132.3,937.0,2013-01-25,2013-02-05,11.0,At Sea / Open Water,At Sea / Open Water,N/A,,,
2013238N19266,Fernand (2013),2013,Unknown,Tropical Storm,50.0,57.5,1001.0,2013-08-25,2013-08-26,1.2,Landfall,Tropical Storm,2013-08-26 06:00,19.7,-96.6,45.0
2013272N10135,Fitow (2013),2013,WP,Category 2,90.0,103.6,956.0,2013-09-29,2013-10-07,8.0,Landfall,Tropical Storm,2013-10-06 18:00,27.1133,120.287,55.0
2013206N15238,Flossie (2013),2013,EP,Tropical Storm,60.0,69.0,994.0,2013-07-25,2013-07-30,5.5,At Sea / Open Water,At Sea / Open Water,N/A,,,
2013289N14149,Francisco (2013),2013,WP,Category 5,140.0,161.1,918.0,2013-10-15,2013-10-26,11.0,At Sea / Open Water,At Sea / Open Water,N/A,,,
2012362S08165,Freda (2013),2013,SP,Category 3,110.0,126.6,941.0,2012-12-26,2013-01-03,8.2,At Sea / Open Water,At Sea / Open Water,N/A,,,
2013248N16294,Gabrielle (2013),2013,Unknown,Tropical Storm,55.0,63.3,1003.0,2013-09-04,2013-09-13,8.8,At Sea / Open Water,At Sea / Open Water,N/A,,,
2013019S12174,Garry (2013),2013,SP,Category 2,85.0,97.8,959.0,2013-01-18,2013-01-29,10.8,At Sea / Open Water,At Sea / Open Water,N/A,,,
2013211N11248,Gil (2013),2013,EP,Category 1,75.0,86.3,985.0,2013-07-30,2013-08-06,7.8,At Sea / Open Water,At Sea / Open Water,N/A,,,
2013041S10087,Gino (2013),2013,SI,Category 2,90.0,103.6,956.0,2013-02-09,2013-02-17,8.0,At Sea / Open Water,At Sea / Open Water,N/A,,,
2013306N07162,Haiyan (2013),2013,WP,Category 5,170.0,195.6,895.0,2013-11-02,2013-11-11,9.2,Landfall,Category 5,2013-11-08 00:00,11.025,124.775,165.0
2013040S16199,Haley (2013),2013,SP,Tropical Storm,45.0,51.8,989.0,2013-02-08,2013-02-14,6.0,At Sea / Open Water,At Sea / Open Water,N/A,,,
2013046S20042,Haruna (2013),2013,SI,Category 3,105.0,120.8,944.0,2013-02-14,2013-02-28,14.2,Landfall,Tropical Depression,2013-02-16 12:00,-17.25,37.9,25.0
2013322N13090,Helen (2013),2013,NI,Category 1,70.0,80.6,970.0,2013-11-18,2013-11-23,5.2,Landfall,Tropical Storm,2013-11-22 09:00,16.0425,81.2111,42.0
2013214N13243,Henriette (2013),2013,EP,Category 2,90.0,103.6,976.0,2013-08-02,2013-08-12,10.0,At Sea / Open Water,At Sea / Open Water,N/A,,,
2013251N13342,Humberto (2013),2013,Unknown,Category 1,80.0,92.1,979.0,2013-09-08,2013-09-19,11.2,At Sea / Open Water,At Sea / Open Water,N/A,,,
2013093S08074,Imelda (2013),2013,SI,Category 2,85.0,97.8,959.0,2013-04-02,2013-04-20,17.2,At Sea / Open Water,At Sea / Open Water,N/A,,,
2013255N19268,Ingrid (2013),2013,Unknown,Category 1,75.0,86.3,983.0,2013-09-12,2013-09-17,5.0,Landfall,Tropical Storm,2013-09-16 12:00,23.7,-97.8,55.0
2013232N14252,Ivo (2013),2013,EP,Tropical Storm,40.0,46.0,997.0,2013-08-20,2013-08-27,7.5,At Sea / Open Water,At Sea / Open Water,N/A,,,
2013128S05086,Jamala (2013),2013,SI,Tropical Storm,45.0,51.8,989.0,2013-05-07,2013-05-16,8.8,At Sea / Open Water,At Sea / Open Water,N/A,,,
2013210N13122,Jebi (2013),2013,WP,Tropical Storm,60.0,69.0,978.0,2013-07-28,2013-08-03,5.8,Landfall,Tropical Depression,2013-07-28 21:00,12.8151,121.396,
2013271N21310,Jerry (2013),2013,Unknown,Tropical Storm,45.0,51.8,1005.0,2013-09-28,2013-10-06,8.0,At Sea / Open Water,At Sea / Open Water,N/A,,,
2013241N19254,Juliette (2013),2013,EP,Tropical Storm,55.0,63.3,997.0,2013-08-28,2013-08-30,2.2,At Sea / Open Water,At Sea / Open Water,N/A,,,
2013276N21273,Karen (2013),2013,Unknown,Tropical Storm,55.0,63.3,998.0,2013-10-03,2013-10-06,3.0,At Sea / Open Water,At Sea / Open Water,N/A,,,
2013242N15245,Kiko (2013),2013,EP,Category 1,65.0,74.8,989.0,2013-08-29,2013-09-04,5.5,At Sea / Open Water,At Sea / Open Water,N/A,,,
2013237N11129,Kong-Rey (2013),2013,WP,Tropical Storm,50.0,57.5,985.0,2013-08-25,2013-08-31,6.2,Landfall,Tropical Depression,2013-08-31 03:00,33.3279,130.669,
2013301N13142,Krosa (2013),2013,WP,Category 3,105.0,120.8,944.0,2013-10-27,2013-11-04,8.0,Landfall,Category 2,2013-10-31 12:00,18.25,121.8,90.0
2013167N12128,Leepi (2013),2013,WP,Tropical Storm,35.0,40.3,996.0,2013-06-16,2013-06-23,7.5,Landfall,Tropical Depression,2013-06-21 06:00,32.75,129.85,
2013324N07103,Lehar (2013),2013,NI,Category 1,75.0,86.3,967.0,2013-11-19,2013-11-29,9.2,Landfall,Tropical Depression,2013-11-20 21:00,6.27748,101.865,15.0
2013292N09162,Lekima (2013),2013,WP,Category 5,140.0,161.1,918.0,2013-10-19,2013-10-28,9.8,At Sea / Open Water,At Sea / Open Water,N/A,,,
2013248N17255,Lorena (2013),2013,EP,Tropical Storm,45.0,51.8,1002.0,2013-09-04,2013-09-09,4.5,At Sea / Open Water,At Sea / Open Water,N/A,,,
2013294N28304,Lorenzo (2013),2013,Unknown,Tropical Storm,45.0,51.8,1000.0,2013-10-21,2013-10-26,5.0,At Sea / Open Water,At Sea / Open Water,N/A,,,
2013339N09084,Madi (2013),2013,NI,Category 2,85.0,97.8,959.0,2013-12-05,2013-12-12,7.8,Landfall,Tropical Depression,2013-12-12 18:00,10.05,78.8,25.0
2013130N04093,Mahasen:Viyaru (2013),2013,NI,Tropical Storm,45.0,51.8,989.0,2013-05-09,2013-05-16,7.0,Landfall,Tropical Storm,2013-05-16 09:00,23.4494,91.9417,37.0
2013255N20148,Man-Yi (2013),2013,WP,Tropical Storm,60.0,69.0,978.0,2013-09-11,2013-09-20,8.8,Landfall,Tropical Storm,2013-09-16 00:00,35.2467,137.733,55.0
2013217N11118,Mangkhut (2013),2013,WP,Tropical Storm,45.0,51.8,989.0,2013-08-05,2013-08-08,3.2,Landfall,Tropical Storm,2013-08-07 15:00,19.6318,105.828,35.0
2013257N15259,Manuel (2013),2013,EP,Category 1,65.0,74.8,983.0,2013-09-13,2013-09-19,6.2,Landfall,Tropical Storm,2013-09-15 12:00,18.2,-103.2,60.0
2013321N24308,Melissa (2013),2013,Unknown,Tropical Storm,55.0,63.3,980.0,2013-11-17,2013-11-23,6.2,At Sea / Open Water,At Sea / Open Water,N/A,,,
2012362S13116,Mitchell (2013),2013,SI,Tropical Storm,45.0,51.8,989.0,2012-12-26,2012-12-31,5.2,At Sea / Open Water,At Sea / Open Water,N/A,,,
2013280N13242,Narda (2013),2013,EP,Tropical Storm,55.0,63.3,997.0,2013-10-06,2013-10-12,5.8,At Sea / Open Water,At Sea / Open Water,N/A,,,
2013005S10126,Narelle (2013),2013,SI,Category 4,120.0,138.1,933.0,2013-01-05,2013-01-15,10.2,At Sea / Open Water,At Sea / Open Water,N/A,,,
2013282N14132,Nari (2013),2013,WP,Category 3,100.0,115.1,948.0,2013-10-08,2013-10-16,8.0,Landfall,Category 2,2013-10-11 15:00,15.4732,121.466,95.0
2013054S13100,Not_Named (2013),2013,SI,Tropical Storm,40.0,46.0,993.0,2013-02-22,2013-02-27,5.0,At Sea / Open Water,At Sea / Open Water,N/A,,,
2013305N07141,Not_Named (2013),2013,NI,Tropical Storm,35.0,40.3,996.0,2013-11-01,2013-11-21,19.8,Landfall,Tropical Depression,2013-11-04 03:00,9.61093,125.745,30.0
2013310N06066,Not_Named (2013),2013,NI,Tropical Storm,45.0,51.8,989.0,2013-11-06,2013-11-12,6.0,Landfall,Tropical Storm,2013-11-11 00:00,8.42857,50.0571,35.0
2013338N34332,Not_Named (2013),2013,Unknown,Tropical Storm,55.0,63.3,995.0,2013-12-03,2013-12-07,3.8,At Sea / Open Water,At Sea / Open Water,N/A,,,
2013286N15251,Octave (2013),2013,EP,Tropical Storm,55.0,63.3,994.0,2013-10-12,2013-10-16,3.2,Landfall,Tropical Storm,2013-10-15 06:00,25.1,-112.0,40.0
2013018S14138,Oswald (2013),2013,SP,Tropical Storm,45.0,51.8,989.0,2013-01-17,2013-01-28,11.0,Landfall,Tropical Depression,2013-01-18 06:00,-16.8,138.5,
2013262N14149,Pabuk (2013),2013,WP,Category 2,90.0,103.6,956.0,2013-09-19,2013-09-29,9.8,At Sea / Open Water,At Sea / Open Water,N/A,,,
2013020S17124,Peta (2013),2013,SI,Tropical Storm,35.0,40.3,996.0,2013-01-20,2013-01-26,6.4,Landfall,Tropical Depression,2013-01-20 12:00,-17.12,123.0,
2013227N08193,Pewa (2013),2013,WP,Category 1,65.0,74.8,987.0,2013-08-15,2013-08-26,11.8,At Sea / Open Water,At Sea / Open Water,N/A,,,
2013281N12098,Phailin (2013),2013,NI,Category 5,140.0,161.1,918.0,2013-10-07,2013-10-14,6.8,Landfall,Category 3,2013-10-12 18:00,19.5,84.85,100.0
2013287N13243,Priscilla (2013),2013,EP,Tropical Storm,40.0,46.0,1001.0,2013-10-13,2013-10-18,5.0,At Sea / Open Water,At Sea / Open Water,N/A,,,
2013293N13260,Raymond (2013),2013,EP,Category 3,110.0,126.6,951.0,2013-10-19,2013-11-01,12.2,At Sea / Open Water,At Sea / Open Water,N/A,,,
2013178N09133,Rumbia (2013),2013,WP,Category 1,70.0,80.6,970.0,2013-06-27,2013-07-02,5.8,Landfall,Tropical Depression,2013-06-29 00:00,11.75,125.225,30.0
2013052S13126,Rusty (2013),2013,SI,Category 3,100.0,115.1,948.0,2013-02-21,2013-03-01,7.8,Landfall,Category 1,2013-02-27 12:00,-20.2,119.8,75.0
2013064S18149,Sandra (2013),2013,SP,Category 3,110.0,126.6,941.0,2013-03-05,2013-03-17,12.2,At Sea / Open Water,At Sea / Open Water,N/A,,,
2013272N26152,Sepat (2013),2013,WP,Tropical Storm,40.0,46.0,993.0,2013-09-29,2013-10-03,4.5,At Sea / Open Water,At Sea / Open Water,N/A,,,
2013001N04141,Sonamu (2013),2013,WP,Tropical Storm,40.0,46.0,993.0,2013-01-01,2013-01-10,9.0,Landfall,Tropical Depression,2013-01-02 18:00,8.13333,126.167,20.0
2013305N16252,Sonia (2013),2013,EP,Tropical Storm,40.0,46.0,1002.0,2013-11-01,2013-11-04,3.0,Landfall,Tropical Depression,2013-11-04 06:00,24.6,-107.5,25.0
2013187N20156,Soulik (2013),2013,WP,Category 4,125.0,143.8,929.0,2013-07-06,2013-07-14,8.5,Landfall,Category 1,2013-07-12 21:00,24.8148,121.461,78.0
2013072S12140,Tim (2013),2013,SP,Tropical Storm,50.0,57.5,985.0,2013-03-12,2013-03-20,7.8,Landfall,Tropical Depression,2013-03-12 21:00,-11.3987,142.3,
2013243N26122,Toraji (2013),2013,WP,Tropical Storm,50.0,57.5,985.0,2013-08-31,2013-09-05,5.2,Landfall,Tropical Depression,2013-08-31 03:00,25.14,121.688,
2013228N23124,Trami (2013),2013,WP,Category 1,75.0,86.3,967.0,2013-08-16,2013-08-24,8.2,Landfall,Category 1,2013-08-21 18:00,25.7,119.625,70.0
2013224N12220,Unala (2013),2013,EP,Tropical Storm,35.0,40.3,1005.0,2013-08-12,2013-08-19,7.2,At Sea / Open Water,At Sea / Open Water,N/A,,,
2013259N17132,Usagi (2013),2013,WP,Category 4,135.0,155.4,922.0,2013-09-16,2013-09-24,8.0,Landfall,Category 1,2013-09-22 12:00,22.85,115.375,80.0
2013220N12137,Utor (2013),2013,WP,Category 4,130.0,149.6,926.0,2013-08-08,2013-08-18,10.0,Landfall,Category 3,2013-08-11 21:00,16.3784,121.513,107.0
2013097S06099,Victoria (2013),2013,SI,Category 1,75.0,86.3,967.0,2013-04-06,2013-04-12,5.6,At Sea / Open Water,At Sea / Open Water,N/A,,,
2013282N14149,Wipha (2013),2013,WP,Category 4,120.0,138.1,933.0,2013-10-09,2013-10-18,9.5,At Sea / Open Water,At Sea / Open Water,N/A,,,
2013269N15118,Wutip (2013),2013,WP,Category 3,100.0,115.1,948.0,2013-09-25,2013-10-01,5.2,Landfall,Category 1,2013-09-30 12:00,17.8267,105.833,75.0
2013158N13129,Yagi (2013),2013,WP,Tropical Storm,55.0,63.3,982.0,2013-06-06,2013-06-16,9.5,At Sea / Open Water,At Sea / Open Water,N/A,,,
2013117S10155,Zane (2013),2013,SP,Category 1,65.0,74.8,974.0,2013-04-26,2013-05-02,5.5,Landfall,Tropical Depression,2013-05-02 00:00,-11.7,142.9,20.0
2013324S11113,Alessia (2014),2014,SI,Tropical Storm,45.0,51.8,989.0,2013-11-20,2013-11-30,10.8,Landfall,Tropical Storm,2013-11-23 15:00,-14.0097,126.145,37.0
2014142N10254,Amanda (2014),2014,EP,Category 4,135.0,155.4,932.0,2014-05-22,2014-05-29,7.2,At Sea / Open Water,At Sea / Open Water,N/A,,,
2013348S10082,Amara (2014),2014,SI,Category 4,130.0,149.6,926.0,2013-12-14,2013-12-28,14.0,At Sea / Open Water,At Sea / Open Water,N/A,,,
2014284N10231,Ana (2014),2014,EP,Category 1,75.0,86.3,985.0,2014-10-10,2014-10-26,16.0,At Sea / Open Water,At Sea / Open Water,N/A,,,
2014180N32282,Arthur (2014),2014,Unknown,Category 2,85.0,97.8,973.0,2014-06-28,2014-07-09,11.0,Landfall,Category 2,2014-07-04 03:15,34.7,-76.6,85.0
2013362S09053,Bejisa (2014),2014,SI,Category 4,115.0,132.3,937.0,2013-12-27,2014-01-07,11.2,At Sea / Open Water,At Sea / Open Water,N/A,,,
2014210N10323,Bertha (2014),2014,Unknown,Category 1,70.0,80.6,996.0,2014-07-29,2014-08-09,11.2,Landfall,Tropical Storm,2014-08-02 21:00,18.557,-68.323,40.0
2014153N12267,Boris (2014),2014,EP,Tropical Storm,40.0,46.0,998.0,2014-06-01,2014-06-04,3.2,At Sea / Open Water,At Sea / Open Water,N/A,,,
2013350S08099,Bruce (2014),2014,SI,Category 5,140.0,161.1,918.0,2013-12-16,2013-12-25,9.5,At Sea / Open Water,At Sea / Open Water,N/A,,,
2013360S12124,Christine (2014),2014,SI,Category 3,100.0,115.1,948.0,2013-12-25,2014-01-01,6.9,Landfall,Category 2,2013-12-30 18:00,-21.1,117.05,85.0
2014007S11104,Colin (2014),2014,SI,Category 4,120.0,138.1,933.0,2014-01-07,2014-01-16,9.2,At Sea / Open Water,At Sea / Open Water,N/A,,,
2014160N15259,Cristina (2014),2014,EP,Category 4,130.0,149.6,935.0,2014-06-09,2014-06-19,10.0,At Sea / Open Water,At Sea / Open Water,N/A,,,
2014236N22288,Cristobal (2014),2014,Unknown,Category 1,75.0,86.3,963.0,2014-08-23,2014-09-02,9.5,Landfall,Tropical Storm,2014-09-01 00:00,64.0,-22.0,50.0
2014015S16043,Deliwe (2014),2014,SI,Tropical Storm,50.0,57.5,985.0,2014-01-14,2014-01-22,7.8,Landfall,Tropical Depression,2014-01-15 03:00,-16.3126,44.4901,22.0
2014245N19268,Dolly (2014),2014,Unknown,Tropical Storm,45.0,51.8,1000.0,2014-09-01,2014-09-04,2.5,Landfall,Tropical Storm,2014-09-03 04:00,22.0,-97.7,40.0
2014180N14255,Douglas (2014),2014,EP,Tropical Storm,45.0,51.8,999.0,2014-06-28,2014-07-09,10.2,At Sea / Open Water,At Sea / Open Water,N/A,,,
2014024S13160,Dylan (2014),2014,SP,Tropical Storm,45.0,51.8,989.0,2014-01-24,2014-01-31,7.3,Landfall,Tropical Storm,2014-01-30 21:00,-20.69,148.117,40.0
2014034S14058,Edilson (2014),2014,SI,Tropical Storm,55.0,63.3,982.0,2014-02-03,2014-02-09,6.5,At Sea / Open Water,At Sea / Open Water,N/A,,,
2014032S18152,Edna (2014),2014,SP,Tropical Storm,55.0,63.3,982.0,2014-01-31,2014-02-07,6.6,At Sea / Open Water,At Sea / Open Water,N/A,,,
2014254N14327,Edouard (2014),2014,Unknown,Category 3,105.0,120.8,955.0,2014-09-10,2014-09-22,11.5,At Sea / Open Water,At Sea / Open Water,N/A,,,
2014181N17257,Elida (2014),2014,EP,Tropical Storm,45.0,51.8,1002.0,2014-06-30,2014-07-02,2.5,At Sea / Open Water,At Sea / Open Water,N/A,,,
2014187N11247,Fausto (2014),2014,EP,Tropical Storm,40.0,46.0,1004.0,2014-07-06,2014-07-09,3.0,At Sea / Open Water,At Sea / Open Water,N/A,,,
2014058N09149,Faxai (2014),2014,WP,Category 1,80.0,92.1,963.0,2014-02-26,2014-03-08,9.5,At Sea / Open Water,At Sea / Open Water,N/A,,,
2014283N22299,Fay (2014),2014,Unknown,Category 1,70.0,80.6,983.0,2014-10-10,2014-10-13,3.0,At Sea / Open Water,At Sea / Open Water,N/A,,,
2014248N19129,Fengshen (2014),2014,WP,Category 1,65.0,74.8,974.0,2014-09-05,2014-09-11,6.0,At Sea / Open Water,At Sea / Open Water,N/A,,,
2014036S12073,Fobane (2014),2014,SI,Tropical Storm,60.0,69.0,978.0,2014-02-05,2014-02-17,12.2,At Sea / Open Water,At Sea / Open Water,N/A,,,
2014260N13135,Fung-Wong (2014),2014,WP,Tropical Storm,50.0,57.5,981.0,2014-09-17,2014-09-25,8.0,Landfall,Tropical Storm,2014-09-19 03:00,18.2968,121.902,35.0
2014204N10239,Genevieve (2014),2014,EP,Category 5,140.0,161.1,918.0,2014-07-22,2014-08-14,22.5,At Sea / Open Water,At Sea / Open Water,N/A,,,
2014066S09138,Gillian (2014),2014,SI,Category 5,140.0,161.1,918.0,2014-03-07,2014-03-28,21.8,Landfall,Tropical Depression,2014-03-10 12:00,-14.2,141.55,30.0
2014285N16305,Gonzalo (2014),2014,Unknown,Category 4,125.0,143.8,940.0,2014-10-11,2014-10-20,8.5,At Sea / Open Water,At Sea / Open Water,N/A,,,
2014048S16039,Guito (2014),2014,SI,Category 1,65.0,74.8,974.0,2014-02-17,2014-02-24,7.0,Landfall,Tropical Depression,2014-02-17 00:00,-16.3,38.6,
2014059S13160,Hadi (2014),2014,SP,Tropical Storm,40.0,46.0,993.0,2014-02-28,2014-03-17,17.5,Landfall,Tropical Depression,2014-03-16 18:00,-14.7737,166.747,
2014164N19116,Hagibis (2014),2014,WP,Tropical Storm,50.0,57.5,985.0,2014-06-13,2014-06-23,10.0,Landfall,Tropical Storm,2014-06-15 12:00,23.3,116.55,40.0
2014334N02156,Hagupit (2014),2014,WP,Category 5,155.0,178.4,907.0,2014-11-30,2014-12-12,12.2,Landfall,Category 3,2014-12-06 18:00,11.9,125.325,100.0
2014209N12152,Halong (2014),2014,WP,Category 5,140.0,161.1,918.0,2014-07-27,2014-08-15,18.2,Landfall,Tropical Storm,2014-08-10 00:00,34.125,134.3,55.0
2014294N20265,Hanna (2014),2014,Unknown,Tropical Storm,35.0,40.3,1000.0,2014-10-21,2014-10-29,8.8,Landfall,Tropical Depression,2014-10-23 03:00,19.065,-91.0275,22.0
2014086S10041,Hellen (2014),2014,SI,Category 4,130.0,149.6,926.0,2014-03-26,2014-04-05,9.8,Landfall,Tropical Depression,2014-04-01 15:00,-16.5998,44.3946,
2014207N12255,Hernan (2014),2014,EP,Category 1,65.0,74.8,992.0,2014-07-26,2014-07-31,5.2,At Sea / Open Water,At Sea / Open Water,N/A,,,
2014279N11096,Hudhud (2014),2014,NI,Category 4,115.0,132.3,937.0,2014-10-06,2014-10-14,8.1,Landfall,Category 3,2014-10-12 09:00,17.7887,83.0748,110.0
2014004S17183,Ian (2014),2014,SP,Category 4,130.0,149.6,926.0,2014-01-04,2014-01-15,11.0,At Sea / Open Water,At Sea / Open Water,N/A,,,
2014212N11242,Iselle (2014),2014,EP,Category 4,120.0,138.1,947.0,2014-07-30,2014-08-10,11.0,Landfall,Tropical Storm,2014-08-08 12:00,19.2,-155.3,50.0
2014092S11159,Ita (2014),2014,SP,Category 5,140.0,161.1,918.0,2014-04-02,2014-04-18,16.8,Landfall,Category 2,2014-04-11 12:00,-14.925,145.225,90.0
2014093S11085,Ivanoe (2014),2014,SI,Tropical Storm,45.0,51.8,989.0,2014-04-03,2014-04-07,4.2,At Sea / Open Water,At Sea / Open Water,N/A,,,
2014106S10100,Jack (2014),2014,SI,Category 2,90.0,103.6,956.0,2014-04-15,2014-04-22,7.0,At Sea / Open Water,At Sea / Open Water,N/A,,,
2014362N07130,Jangmi (2014),2014,WP,Tropical Storm,45.0,51.8,989.0,2014-12-27,2015-01-01,5.0,Landfall,Tropical Storm,2014-12-29 00:00,8.9,126.0,40.0
2014214N13249,Julio (2014),2014,EP,Category 3,105.0,120.8,960.0,2014-08-02,2014-08-18,16.2,At Sea / Open Water,At Sea / Open Water,N/A,,,
2014017S14160,June (2014),2014,SP,Tropical Storm,45.0,51.8,989.0,2014-01-16,2014-01-19,2.5,At Sea / Open Water,At Sea / Open Water,N/A,,,
2014029N10143,Kajiki (2014),2014,WP,Tropical Storm,35.0,40.3,996.0,2014-01-29,2014-02-01,3.5,Landfall,Tropical Depression,2014-01-31 15:00,10.5689,124.966,32.0
2014254N10142,Kalmaegi (2014),2014,WP,Category 1,80.0,92.1,963.0,2014-09-10,2014-09-17,7.2,Landfall,Category 1,2014-09-14 12:00,17.8,121.675,70.0
2014267N18150,Kammuri (2014),2014,WP,Tropical Storm,55.0,63.3,982.0,2014-09-23,2014-10-01,8.2,At Sea / Open Water,At Sea / Open Water,N/A,,,
2014225N15255,Karina (2014),2014,EP,Category 1,75.0,86.3,983.0,2014-08-12,2014-08-28,15.5,At Sea / Open Water,At Sea / Open Water,N/A,,,
2014056S18175,Kofi (2014),2014,SP,Tropical Storm,50.0,57.5,985.0,2014-02-25,2014-03-05,8.8,Landfall,Tropical Depression,2014-02-27 03:00,-17.03,178.749,20.0
2014229N16246,Lowell (2014),2014,EP,Category 1,65.0,74.8,980.0,2014-08-17,2014-08-28,11.8,At Sea / Open Water,At Sea / Open Water,N/A,,,
2014068S16169,Lusi (2014),2014,SP,Category 1,70.0,80.6,970.0,2014-03-08,2014-03-17,9.0,Landfall,Tropical Storm,2014-03-10 09:00,-15.2438,166.895,42.0
2014234N12261,Marie (2014),2014,EP,Category 5,140.0,161.1,918.0,2014-08-22,2014-09-02,11.2,At Sea / Open Water,At Sea / Open Water,N/A,,,
2014197N10137,Matmo (2014),2014,WP,Category 2,85.0,97.8,959.0,2014-07-16,2014-07-26,9.8,Landfall,Category 1,2014-07-22 18:00,23.525,121.0,80.0
2014077S11196,Mike (2014),2014,SP,Tropical Storm,35.0,40.3,996.0,2014-03-17,2014-03-26,8.5,At Sea / Open Water,At Sea / Open Water,N/A,,,
2014209N16134,Nakri (2014),2014,WP,Tropical Storm,40.0,46.0,992.0,2014-07-27,2014-08-04,7.5,Landfall,Tropical Depression,2014-08-04 00:00,35.85,126.75,
2014159N12068,Nanauk (2014),2014,NI,Tropical Storm,55.0,63.3,982.0,2014-06-08,2014-06-14,6.2,At Sea / Open Water,At Sea / Open Water,N/A,,,
2014184N08147,Neoguri (2014),2014,WP,Category 5,140.0,161.1,918.0,2014-07-02,2014-07-13,10.8,Landfall,Tropical Storm,2014-07-10 00:00,32.275,131.325,40.0
2014297N11062,Nilofar (2014),2014,NI,Category 4,115.0,132.3,937.0,2014-10-23,2014-11-01,9.0,At Sea / Open Water,At Sea / Open Water,N/A,,,
2014246N17254,Norbert (2014),2014,EP,Category 3,110.0,126.6,950.0,2014-09-02,2014-09-11,8.5,At Sea / Open Water,At Sea / Open Water,N/A,,,
2013296S07079,Not_Named (2014),2014,SI,Tropical Storm,40.0,46.0,993.0,2013-10-23,2013-10-29,6.8,At Sea / Open Water,At Sea / Open Water,N/A,,,
2014003N08086,Not_Named (2014),2014,NI,Tropical Storm,40.0,46.0,993.0,2014-01-02,2014-01-08,5.8,Landfall,Tropical Depression,2014-01-06 06:00,9.05,80.85,30.0
2014309N13088,Not_Named (2014),2014,NI,Tropical Storm,35.0,40.3,996.0,2014-11-05,2014-11-09,4.2,At Sea / Open Water,At Sea / Open Water,N/A,,,
2014303N13141,Nuri (2014),2014,WP,Category 5,155.0,178.4,907.0,2014-10-30,2014-11-07,8.2,At Sea / Open Water,At Sea / Open Water,N/A,,,
2014253N13260,Odile (2014),2014,EP,Category 4,120.0,138.1,918.0,2014-09-09,2014-09-18,8.5,Landfall,Category 3,2014-09-15 04:45,22.9,-109.9,110.0
2014093N02148,Peipah (2014),2014,WP,Tropical Storm,35.0,40.3,996.0,2014-04-02,2014-04-09,7.0,At Sea / Open Water,At Sea / Open Water,N/A,,,
2014271N10160,Phanfone (2014),2014,WP,Category 4,135.0,155.4,922.0,2014-09-27,2014-10-08,10.2,Landfall,Category 1,2014-10-06 00:00,34.88,138.367,70.0
2014259N11262,Polo (2014),2014,EP,Category 1,65.0,74.8,979.0,2014-09-16,2014-09-26,10.8,At Sea / Open Water,At Sea / Open Water,N/A,,,
2014267N15257,Rachel (2014),2014,EP,Category 1,75.0,86.3,980.0,2014-09-24,2014-10-03,9.0,At Sea / Open Water,At Sea / Open Water,N/A,,,
2014190N08154,Rammasun (2014),2014,WP,Category 5,140.0,161.1,918.0,2014-07-09,2014-07-20,11.0,Landfall,Category 4,2014-07-15 12:00,13.375,123.4,115.0
2014274N15260,Simon (2014),2014,EP,Category 4,115.0,132.3,946.0,2014-09-30,2014-10-09,8.5,Landfall,Tropical Depression,2014-10-08 18:00,28.2,-114.0,25.0
2014329N08131,Sinlaku (2014),2014,WP,Tropical Storm,55.0,63.3,982.0,2014-11-25,2014-11-30,5.0,Landfall,Tropical Depression,2014-11-26 09:00,9.03835,126.158,27.0
2014117N10145,Tapah (2014),2014,WP,Category 1,70.0,80.6,970.0,2014-04-26,2014-05-02,5.8,At Sea / Open Water,At Sea / Open Water,N/A,,,
2014290N14261,Trudy (2014),2014,EP,Tropical Storm,55.0,63.3,998.0,2014-10-17,2014-10-19,1.8,Landfall,Tropical Storm,2014-10-18 12:00,16.7,-98.7,45.0
2014303N11261,Vance (2014),2014,EP,Category 2,95.0,109.3,964.0,2014-10-29,2014-11-05,6.5,At Sea / Open Water,At Sea / Open Water,N/A,,,
2014275N06166,Vongfong (2014),2014,WP,Category 5,155.0,178.4,907.0,2014-10-01,2014-10-16,14.8,Landfall,Tropical Storm,2014-10-13 00:00,31.375,130.35,50.0
2014195N11232,Wali (2014),2014,EP,Tropical Storm,40.0,46.0,1003.0,2014-07-13,2014-07-19,5.5,At Sea / Open Water,At Sea / Open Water,N/A,,,
2014319S06066,Adjali (2015),2015,SI,Category 1,70.0,80.6,970.0,2014-11-15,2014-11-24,9.5,At Sea / Open Water,At Sea / Open Water,N/A,,,
2015126N27281,Ana (2015),2015,Unknown,Tropical Storm,50.0,57.5,998.0,2015-05-06,2015-05-12,6.5,Landfall,Tropical Storm,2015-05-10 10:00,33.8,-78.8,40.0
2015148N11250,Andres (2015),2015,EP,Category 4,125.0,143.8,937.0,2015-05-28,2015-06-07,9.8,At Sea / Open Water,At Sea / Open Water,N/A,,,
2015157N13069,Ashobaa (2015),2015,NI,Tropical Storm,55.0,63.3,982.0,2015-06-06,2015-06-12,6.0,At Sea / Open Water,At Sea / Open Water,N/A,,,
2015226N15164,Atsani (2015),2015,WP,Category 5,140.0,161.1,918.0,2015-08-14,2015-08-29,15.2,At Sea / Open Water,At Sea / Open Water,N/A,,,
2014344S09100,Bakung (2015),2015,SI,Tropical Storm,40.0,46.0,993.0,2014-12-10,2014-12-14,4.0,At Sea / Open Water,At Sea / Open Water,N/A,,,
2015009S19054,Bansi (2015),2015,SI,Category 5,140.0,161.1,918.0,2015-01-08,2015-01-19,11.0,At Sea / Open Water,At Sea / Open Water,N/A,,,
2015069N04173,Bavi (2015),2015,WP,Tropical Storm,50.0,57.5,985.0,2015-03-10,2015-03-21,11.2,Landfall,Tropical Depression,2015-03-21 06:00,14.2,122.55,
2015167N27266,Bill (2015),2015,Unknown,Tropical Storm,50.0,57.5,997.0,2015-06-16,2015-06-21,5.0,Landfall,Tropical Storm,2015-06-16 21:00,28.5148,-96.7739,45.0
2015152N12258,Blanca (2015),2015,EP,Category 4,125.0,143.8,936.0,2015-05-31,2015-06-09,8.8,Landfall,Tropical Storm,2015-06-08 11:15,24.5,-111.8,40.0
2015162N12262,Carlos (2015),2015,EP,Category 1,80.0,92.1,978.0,2015-06-10,2015-06-18,7.5,Landfall,Tropical Storm,2015-06-17 09:00,19.3,-104.9,45.0
2015286N13161,Champi (2015),2015,WP,Category 4,125.0,143.8,929.0,2015-10-13,2015-10-26,13.8,At Sea / Open Water,At Sea / Open Water,N/A,,,
2015180N09160,Chan-Hom (2015),2015,WP,Category 4,120.0,138.1,933.0,2015-06-29,2015-07-13,13.8,Landfall,Tropical Depression,2015-07-12 18:00,38.24,125.4,20.0
2015301N11065,Chapala (2015),2015,NI,Category 4,130.0,149.6,926.0,2015-10-27,2015-11-04,7.5,Landfall,Tropical Storm,2015-11-03 03:00,14.1,48.4,60.0
2015013S18038,Chedza (2015),2015,SI,Tropical Storm,50.0,57.5,985.0,2015-01-13,2015-01-22,9.2,Landfall,Tropical Depression,2015-01-13 06:00,-17.5,37.6,
2015274N17167,Choi-Wan (2015),2015,WP,Category 1,70.0,80.6,970.0,2015-10-01,2015-10-11,10.5,At Sea / Open Water,At Sea / Open Water,N/A,,,
2015193N35285,Claudette (2015),2015,Unknown,Tropical Storm,45.0,51.8,1003.0,2015-07-12,2015-07-15,3.5,At Sea / Open Water,At Sea / Open Water,N/A,,,
2015229N10331,Danny (2015),2015,Unknown,Category 3,110.0,126.6,960.0,2015-08-17,2015-08-24,7.5,At Sea / Open Water,At Sea / Open Water,N/A,,,
2015024S11090,Diamondra (2015),2015,SI,Tropical Storm,45.0,51.8,989.0,2015-01-24,2015-02-01,8.0,At Sea / Open Water,At Sea / Open Water,N/A,,,
2015192N11263,Dolores (2015),2015,EP,Category 4,115.0,132.3,946.0,2015-07-11,2015-07-22,11.0,At Sea / Open Water,At Sea / Open Water,N/A,,,
2015127N04158,Dolphin (2015),2015,WP,Category 5,140.0,161.1,918.0,2015-05-06,2015-05-24,17.8,At Sea / Open Water,At Sea / Open Water,N/A,,,
2015263N14148,Dujuan (2015),2015,WP,Category 4,130.0,149.6,926.0,2015-09-19,2015-09-30,10.5,Landfall,Category 3,2015-09-28 12:00,24.125,121.05,100.0
2015189N13223,Ela (2015),2015,EP,Tropical Storm,40.0,46.0,1002.0,2015-07-07,2015-07-12,5.0,At Sea / Open Water,At Sea / Open Water,N/A,,,
2015194N13235,Enrique (2015),2015,EP,Tropical Storm,45.0,51.8,1000.0,2015-07-12,2015-07-21,9.2,At Sea / Open Water,At Sea / Open Water,N/A,,,
2015237N14315,Erika (2015),2015,Unknown,Tropical Storm,45.0,51.8,1001.0,2015-08-24,2015-08-28,3.8,At Sea / Open Water,At Sea / Open Water,N/A,,,
2015249N18142,Etau (2015),2015,WP,Tropical Storm,60.0,69.0,978.0,2015-09-05,2015-09-11,6.0,Landfall,Tropical Storm,2015-09-09 03:00,35.8501,136.762,40.0
2015024S15078,Eunice (2015),2015,SI,Category 5,140.0,161.1,918.0,2015-01-24,2015-02-03,10.0,At Sea / Open Water,At Sea / Open Water,N/A,,,
2015204N16247,Felicia (2015),2015,EP,Tropical Storm,35.0,40.3,1004.0,2015-07-22,2015-07-27,5.2,At Sea / Open Water,At Sea / Open Water,N/A,,,
2015242N12343,Fred (2015),2015,Unknown,Category 1,75.0,86.3,986.0,2015-08-30,2015-09-06,7.5,At Sea / Open Water,At Sea / Open Water,N/A,,,
2015036S20038,Fundi (2015),2015,SI,Tropical Storm,55.0,63.3,982.0,2015-02-05,2015-02-11,6.5,At Sea / Open Water,At Sea / Open Water,N/A,,,
2015050S11094,Glenda (2015),2015,SI,Tropical Storm,55.0,63.3,982.0,2015-02-19,2015-03-03,11.8,At Sea / Open Water,At Sea / Open Water,N/A,,,
2015226N12151,Goni (2015),2015,WP,Category 4,120.0,138.1,933.0,2015-08-13,2015-08-30,16.5,Landfall,Tropical Depression,2015-08-26 18:00,42.85,133.05,
2015248N12337,Grace (2015),2015,Unknown,Tropical Storm,50.0,57.5,1000.0,2015-09-05,2015-09-09,4.0,At Sea / Open Water,At Sea / Open Water,N/A,,,
2015209N07248,Guillermo (2015),2015,EP,Category 2,95.0,109.3,967.0,2015-07-27,2015-08-08,12.2,At Sea / Open Water,At Sea / Open Water,N/A,,,
2015092N06161,Haishen (2015),2015,WP,Tropical Storm,45.0,51.8,989.0,2015-04-02,2015-04-06,4.8,At Sea / Open Water,At Sea / Open Water,N/A,,,
2015064S14052,Haliba (2015),2015,SI,Tropical Storm,40.0,46.0,993.0,2015-03-04,2015-03-13,8.2,At Sea / Open Water,At Sea / Open Water,N/A,,,
2015188N08194,Halola (2015),2015,WP,Category 2,85.0,97.8,959.0,2015-07-06,2015-07-26,19.8,Landfall,Tropical Depression,2015-07-26 09:00,32.8512,129.63,30.0
2015251N31298,Henri (2015),2015,Unknown,Tropical Storm,45.0,51.8,1003.0,2015-09-08,2015-09-11,3.0,At Sea / Open Water,At Sea / Open Water,N/A,,,
2015038N08158,Higos (2015),2015,WP,Category 4,130.0,149.6,926.0,2015-02-06,2015-02-12,6.0,At Sea / Open Water,At Sea / Open Water,N/A,,,
2015218N12231,Hilda (2015),2015,EP,Category 4,125.0,143.8,937.0,2015-08-06,2015-08-14,8.8,At Sea / Open Water,At Sea / Open Water,N/A,,,
2015259N09336,Ida (2015),2015,Unknown,Tropical Storm,45.0,51.8,1001.0,2015-09-15,2015-09-28,12.5,At Sea / Open Water,At Sea / Open Water,N/A,,,
2015236N12231,Ignacio (2015),2015,EP,Category 4,125.0,143.8,942.0,2015-08-23,2015-09-08,15.8,At Sea / Open Water,At Sea / Open Water,N/A,,,
2015094S10087,Ikola (2015),2015,SI,Category 4,115.0,132.3,937.0,2015-04-04,2015-04-08,4.0,At Sea / Open Water,At Sea / Open Water,N/A,,,
2015321N04164,In-Fa (2015),2015,WP,Category 4,120.0,138.1,933.0,2015-11-16,2015-11-27,10.5,At Sea / Open Water,At Sea / Open Water,N/A,,,
2015190N12210,Iune (2015),2015,EP,Tropical Storm,35.0,40.3,1004.0,2015-07-08,2015-07-17,8.5,At Sea / Open Water,At Sea / Open Water,N/A,,,
2015238N10255,Jimena (2015),2015,EP,Category 4,135.0,155.4,932.0,2015-08-25,2015-09-10,15.5,At Sea / Open Water,At Sea / Open Water,N/A,,,
2015092S18074,Joalane (2015),2015,SI,Category 2,90.0,103.6,956.0,2015-04-02,2015-04-17,15.5,At Sea / Open Water,At Sea / Open Water,N/A,,,
2015270N27291,Joaquin (2015),2015,Unknown,Category 4,135.0,155.4,931.0,2015-09-26,2015-10-15,18.2,Landfall,Tropical Storm,2015-10-12 12:00,39.5,-9.1,35.0
2014356S08101,Kate (2015),2015,SI,Category 3,105.0,120.8,944.0,2014-12-21,2015-01-04,13.9,At Sea / Open Water,At Sea / Open Water,N/A,,,
2015313N22289,Kate (2015),2015,Unknown,Category 1,75.0,86.3,980.0,2015-11-08,2015-11-13,4.8,At Sea / Open Water,At Sea / Open Water,N/A,,,
2015244N12248,Kevin (2015),2015,EP,Tropical Storm,50.0,57.5,998.0,2015-08-31,2015-09-06,5.5,At Sea / Open Water,At Sea / Open Water,N/A,,,
2015229N08212,Kilo (2015),2015,EP,Category 4,120.0,138.1,940.0,2015-08-17,2015-09-13,26.8,At Sea / Open Water,At Sea / Open Water,N/A,,,
2015207N22091,Komen (2015),2015,NI,Tropical Storm,45.0,51.8,989.0,2015-07-26,2015-08-02,7.4,Landfall,Tropical Depression,2015-07-30 21:00,22.9392,91.0634,32.0
2015285N14151,Koppu (2015),2015,WP,Category 4,130.0,149.6,926.0,2015-10-12,2015-10-21,9.2,Landfall,Category 4,2015-10-17 18:00,16.05,122.125,120.0
2015257N14152,Krovanh (2015),2015,WP,Category 3,100.0,115.1,948.0,2015-09-13,2015-09-26,12.5,At Sea / Open Water,At Sea / Open Water,N/A,,,
2015171N15112,Kujira (2015),2015,WP,Tropical Storm,50.0,57.5,985.0,2015-06-19,2015-06-25,5.2,Landfall,Tropical Storm,2015-06-22 12:00,18.9,110.35,40.0
2015045S12145,Lam (2015),2015,SP,Category 3,100.0,115.1,948.0,2015-02-14,2015-02-20,6.8,Landfall,Tropical Depression,2015-02-15 03:00,-12.8454,143.189,
2015248N10256,Linda (2015),2015,EP,Category 3,110.0,126.6,950.0,2015-09-04,2015-09-14,10.0,At Sea / Open Water,At Sea / Open Water,N/A,,,
2015183N13130,Linfa (2015),2015,WP,Category 1,75.0,86.3,967.0,2015-07-01,2015-07-10,8.2,Landfall,Tropical Storm,2015-07-05 00:00,17.625,121.85,50.0
2015231N13183,Loke (2015),2015,EP,Category 1,65.0,74.8,985.0,2015-08-19,2015-08-26,7.8,At Sea / Open Water,At Sea / Open Water,N/A,,,
2015260N12187,Malia (2015),2015,EP,Tropical Storm,45.0,51.8,992.0,2015-09-17,2015-09-23,5.8,At Sea / Open Water,At Sea / Open Water,N/A,,,
2015047S15152,Marcia (2015),2015,SP,Category 4,125.0,143.8,929.0,2015-02-16,2015-02-22,6.2,Landfall,Category 4,2015-02-20 00:00,-22.775,150.475,115.0
2015270N13257,Marty (2015),2015,EP,Category 1,70.0,80.6,987.0,2015-09-26,2015-09-30,4.2,At Sea / Open Water,At Sea / Open Water,N/A,,,
2015085N06162,Maysak (2015),2015,WP,Category 5,150.0,172.6,911.0,2015-03-25,2015-04-07,12.2,Landfall,Tropical Depression,2015-04-05 03:00,16.7863,121.977,25.0
2015309N14067,Megh (2015),2015,NI,Category 3,110.0,126.6,941.0,2015-11-04,2015-11-10,6.0,Landfall,Tropical Depression,2015-11-10 09:00,13.4541,46.5591,22.0
2015012N09146,Mekkhala (2015),2015,WP,Category 1,70.0,80.6,970.0,2015-01-12,2015-01-20,8.5,Landfall,Tropical Storm,2015-01-17 09:00,12.1686,125.482,60.0
2015344N07145,Melor (2015),2015,WP,Category 4,125.0,143.8,929.0,2015-12-10,2015-12-17,7.0,Landfall,Category 3,2015-12-14 09:00,12.715,124.028,112.0
2015218N18149,Molave (2015),2015,WP,Tropical Storm,45.0,51.8,989.0,2015-08-06,2015-08-18,12.0,At Sea / Open Water,At Sea / Open Water,N/A,,,
2015273N12130,Mujigae (2015),2015,WP,Category 4,115.0,132.3,937.0,2015-09-30,2015-10-05,5.2,Landfall,Tropical Depression,2015-10-01 18:00,15.7,121.325,30.0
2015184N08172,Nangka (2015),2015,WP,Category 4,135.0,155.4,922.0,2015-07-02,2015-07-18,15.5,Landfall,Tropical Storm,2015-07-16 14:00,33.3707,134.123,61.0
2015068S12151,Nathan (2015),2015,SP,Category 3,100.0,115.1,948.0,2015-03-09,2015-03-27,18.0,Landfall,Category 3,2015-03-19 19:00,-14.6685,144.901,96.0
2015266N11214,Niala (2015),2015,EP,Tropical Storm,55.0,63.3,992.0,2015-09-23,2015-09-30,7.5,At Sea / Open Water,At Sea / Open Water,N/A,,,
2015020S12208,Niko (2015),2015,SP,Tropical Storm,55.0,63.3,982.0,2015-01-20,2015-01-25,5.0,At Sea / Open Water,At Sea / Open Water,N/A,,,
2015282N11230,Nora (2015),2015,EP,Tropical Storm,60.0,69.0,993.0,2015-10-09,2015-10-15,6.5,At Sea / Open Water,At Sea / Open Water,N/A,,,
2014327S08077,Not_Named (2015),2015,SI,Tropical Storm,35.0,40.3,996.0,2014-11-23,2014-12-02,8.8,At Sea / Open Water,At Sea / Open Water,N/A,,,
2015063S14042,Not_Named (2015),2015,SI,Tropical Storm,35.0,40.3,996.0,2015-03-04,2015-03-09,4.8,Landfall,Tropical Depression,2015-03-08 15:00,-17.992,44.1532,25.0
2015203N16126,Not_Named (2015),2015,WP,Tropical Storm,35.0,40.3,996.0,2015-07-22,2015-07-25,3.8,At Sea / Open Water,At Sea / Open Water,N/A,,,
2015280N13071,Not_Named (2015),2015,NI,Tropical Storm,35.0,40.3,996.0,2015-10-07,2015-10-12,5.0,At Sea / Open Water,At Sea / Open Water,N/A,,,
2015293N16164,Not_Named (2015),2015,WP,Tropical Storm,35.0,40.3,996.0,2015-10-19,2015-10-23,3.2,At Sea / Open Water,At Sea / Open Water,N/A,,,
2015122N07144,Noul (2015),2015,WP,Category 5,140.0,161.1,918.0,2015-05-02,2015-05-16,13.8,Landfall,Tropical Depression,2015-05-12 15:00,36.2597,140.352,
2015274N13201,Oho (2015),2015,EP,Category 2,95.0,109.3,957.0,2015-10-01,2015-10-10,9.2,Landfall,Tropical Depression,2015-10-10 09:00,61.1262,-140.881,30.0
2015030S16161,Ola (2015),2015,SP,Category 2,85.0,97.8,959.0,2015-01-29,2015-02-04,5.8,At Sea / Open Water,At Sea / Open Water,N/A,,,
2015288N10243,Olaf (2015),2015,EP,Category 4,130.0,149.6,938.0,2015-10-15,2015-10-28,13.5,At Sea / Open Water,At Sea / Open Water,N/A,,,
2015068S14113,Olwyn (2015),2015,SI,Category 2,90.0,103.6,956.0,2015-03-08,2015-03-14,6.1,Landfall,Category 1,2015-03-13 12:00,-26.145,113.895,65.0
2015066S08170,Pam (2015),2015,SP,Category 5,150.0,172.6,911.0,2015-03-07,2015-03-20,12.8,At Sea / Open Water,At Sea / Open Water,N/A,,,
2015293N13266,Patricia (2015),2015,EP,Category 5,185.0,212.9,872.0,2015-10-20,2015-10-24,4.2,Landfall,Category 4,2015-10-23 23:00,19.4,-105.0,130.0
2015117S12115,Quang (2015),2015,SI,Category 4,120.0,138.1,933.0,2015-04-27,2015-05-01,4.5,Landfall,Tropical Storm,2015-05-01 09:00,-22.1137,114.454,45.0
2015180S04163,Raquel (2015),2015,SP,Tropical Storm,45.0,51.8,989.0,2015-06-28,2015-07-04,5.8,At Sea / Open Water,At Sea / Open Water,N/A,,,
2015079S15182,Reuben (2015),2015,SP,Tropical Storm,45.0,51.8,989.0,2015-03-19,2015-03-25,5.8,At Sea / Open Water,At Sea / Open Water,N/A,,,
2015322N13253,Rick (2015),2015,EP,Tropical Storm,35.0,40.3,1002.0,2015-11-18,2015-11-26,8.0,At Sea / Open Water,At Sea / Open Water,N/A,,,
2015328N11260,Sandra (2015),2015,EP,Category 4,130.0,149.6,934.0,2015-11-23,2015-11-29,6.0,At Sea / Open Water,At Sea / Open Water,N/A,,,
2015099S13163,Solo (2015),2015,SP,Tropical Storm,55.0,63.3,982.0,2015-04-09,2015-04-12,3.5,At Sea / Open Water,At Sea / Open Water,N/A,,,
2015211N13162,Soudelor (2015),2015,WP,Category 5,155.0,178.4,907.0,2015-07-29,2015-08-12,13.5,Landfall,Category 2,2015-08-08 00:00,23.9,120.9,95.0
2015256N16113,Vamco (2015),2015,WP,Tropical Storm,35.0,40.3,996.0,2015-09-13,2015-09-15,2.2,Landfall,Tropical Depression,2015-09-14 15:00,15.6351,108.219,32.0
2016279N19130,Aere (2016),2016,WP,Tropical Storm,55.0,63.3,985.0,2016-10-04,2016-10-14,10.0,Landfall,Tropical Storm,2016-10-13 18:00,16.4909,107.382,35.0
2016183N13246,Agatha (2016),2016,EP,Tropical Storm,45.0,51.8,1002.0,2016-07-01,2016-07-08,7.0,At Sea / Open Water,At Sea / Open Water,N/A,,,
2016007N27285,Alex (2016),2016,Unknown,Category 1,75.0,86.3,978.0,2016-01-07,2016-01-17,10.0,At Sea / Open Water,At Sea / Open Water,N/A,,,
2016108S17181,Amos (2016),2016,SP,Category 2,90.0,103.6,956.0,2016-04-17,2016-04-24,7.5,At Sea / Open Water,At Sea / Open Water,N/A,,,
2015323S05080,Annabelle (2016),2016,SI,Tropical Storm,60.0,69.0,978.0,2015-11-18,2015-11-27,8.8,At Sea / Open Water,At Sea / Open Water,N/A,,,
2016185N11253,Blas (2016),2016,EP,Category 4,120.0,138.1,947.0,2016-07-02,2016-07-11,9.0,At Sea / Open Water,At Sea / Open Water,N/A,,,
2015342S09079,Bohale (2016),2016,SI,Tropical Storm,35.0,40.3,996.0,2015-12-07,2015-12-17,9.2,At Sea / Open Water,At Sea / Open Water,N/A,,,
2016148N27288,Bonnie (2016),2016,Unknown,Tropical Storm,40.0,46.0,1006.0,2016-05-27,2016-06-09,13.5,Landfall,Tropical Depression,2016-05-29 12:30,32.8,-79.8,30.0
2016188N12254,Celia (2016),2016,EP,Category 2,85.0,97.8,972.0,2016-07-06,2016-07-21,15.5,At Sea / Open Water,At Sea / Open Water,N/A,,,
2016269N15165,Chaba (2016),2016,WP,Category 5,150.0,172.6,911.0,2016-09-24,2016-10-07,13.0,At Sea / Open Water,At Sea / Open Water,N/A,,,
2016225N16138,Chanthu (2016),2016,WP,Tropical Storm,60.0,69.0,978.0,2016-08-12,2016-08-18,6.8,Landfall,Tropical Storm,2016-08-17 09:00,42.4045,142.972,60.0
2016158N22272,Colin (2016),2016,Unknown,Tropical Storm,50.0,57.5,987.0,2016-06-05,2016-06-08,3.2,Landfall,Tropical Storm,2016-06-07 02:00,29.8,-83.6,45.0
2016221N19163,Conson (2016),2016,WP,Tropical Storm,55.0,63.3,982.0,2016-08-07,2016-08-16,9.0,Landfall,Tropical Depression,2016-08-15 00:00,43.7,145.6,
2016020S14078,Corentin (2016),2016,SI,Category 1,80.0,92.1,963.0,2016-01-19,2016-01-31,11.5,At Sea / Open Water,At Sea / Open Water,N/A,,,
2016171N19268,Danielle (2016),2016,Unknown,Tropical Storm,40.0,46.0,1007.0,2016-06-18,2016-06-21,2.5,Landfall,Tropical Storm,2016-06-20 22:00,21.2,-97.4,35.0
2016194N15255,Darby (2016),2016,EP,Category 3,105.0,120.8,958.0,2016-07-11,2016-07-26,15.0,Landfall,Tropical Storm,2016-07-24 00:00,19.3,-155.3,35.0
2016039S14061,Daya (2016),2016,SI,Tropical Storm,50.0,57.5,985.0,2016-02-07,2016-02-13,5.8,At Sea / Open Water,At Sea / Open Water,N/A,,,
2016228N22117,Dianmu (2016),2016,WP,Tropical Storm,45.0,51.8,989.0,2016-08-15,2016-08-20,4.8,Landfall,Tropical Depression,2016-08-18 09:00,20.6784,110.11,27.0
2016215N16283,Earl (2016),2016,Unknown,Category 1,75.0,86.3,979.0,2016-08-02,2016-08-06,4.2,Landfall,Category 1,2016-08-04 06:00,17.4,-88.3,75.0
2016075S11087,Emeraude (2016),2016,SI,Category 4,125.0,143.8,929.0,2016-03-14,2016-03-23,8.5,At Sea / Open Water,At Sea / Open Water,N/A,,,
2016197N14256,Estelle (2016),2016,EP,Tropical Storm,60.0,69.0,990.0,2016-07-15,2016-07-24,9.2,At Sea / Open Water,At Sea / Open Water,N/A,,,
2016102S12074,Fantala (2016),2016,SI,Category 5,155.0,178.4,907.0,2016-04-10,2016-04-26,16.0,At Sea / Open Water,At Sea / Open Water,N/A,,,
2016230N12328,Fiona (2016),2016,Unknown,Tropical Storm,45.0,51.8,1004.0,2016-08-16,2016-08-24,7.5,At Sea / Open Water,At Sea / Open Water,N/A,,,
2016203N13259,Frank (2016),2016,EP,Category 1,75.0,86.3,979.0,2016-07-21,2016-07-30,9.5,At Sea / Open Water,At Sea / Open Water,N/A,,,
2016235N11341,Gaston (2016),2016,Unknown,Category 3,105.0,120.8,955.0,2016-08-21,2016-09-03,13.0,At Sea / Open Water,At Sea / Open Water,N/A,,,
2016203N10249,Georgette (2016),2016,EP,Category 4,115.0,132.3,952.0,2016-07-21,2016-07-30,9.0,At Sea / Open Water,At Sea / Open Water,N/A,,,
2016288N07145,Haima (2016),2016,WP,Category 5,145.0,166.9,914.0,2016-10-14,2016-10-26,12.0,Landfall,Category 3,2016-10-19 18:00,17.775,121.55,105.0
2016242N24279,Hermine (2016),2016,Unknown,Category 1,70.0,80.6,981.0,2016-08-28,2016-09-08,11.0,Landfall,Category 1,2016-09-02 05:30,30.1,-84.1,70.0
2016214N15240,Howard (2016),2016,EP,Tropical Storm,50.0,57.5,998.0,2016-07-31,2016-08-07,7.0,At Sea / Open Water,At Sea / Open Water,N/A,,,
2016256N20312,Ian (2016),2016,Unknown,Tropical Storm,55.0,63.3,984.0,2016-09-12,2016-09-17,5.0,At Sea / Open Water,At Sea / Open Water,N/A,,,
2016216N14243,Ivette (2016),2016,EP,Tropical Storm,50.0,57.5,1000.0,2016-08-03,2016-08-11,8.0,At Sea / Open Water,At Sea / Open Water,N/A,,,
2016220N18258,Javier (2016),2016,EP,Tropical Storm,55.0,63.3,997.0,2016-08-06,2016-08-10,3.8,Landfall,Tropical Storm,2016-08-09 03:30,23.1,-109.7,45.0
2016257N27280,Julia (2016),2016,Unknown,Tropical Storm,45.0,51.8,1007.0,2016-09-13,2016-09-21,8.0,Landfall,Tropical Depression,2016-09-13 09:00,27.6151,-80.445,32.0
2016257N13341,Karl (2016),2016,Unknown,Tropical Storm,60.0,69.0,980.0,2016-09-12,2016-09-26,13.2,At Sea / Open Water,At Sea / Open Water,N/A,,,
2016230N12254,Kay (2016),2016,EP,Tropical Storm,45.0,51.8,1000.0,2016-08-17,2016-08-26,9.2,At Sea / Open Water,At Sea / Open Water,N/A,,,
2016232N22153,Kompasu (2016),2016,WP,Tropical Storm,35.0,40.3,996.0,2016-08-18,2016-08-22,3.8,Landfall,Tropical Depression,2016-08-21 14:00,43.0755,144.13,
2016295N13089,Kyant (2016),2016,NI,Tropical Storm,40.0,46.0,993.0,2016-10-21,2016-10-29,8.2,At Sea / Open Water,At Sea / Open Water,N/A,,,
2016237N14253,Lester (2016),2016,EP,Category 4,125.0,143.8,944.0,2016-08-24,2016-09-08,14.8,At Sea / Open Water,At Sea / Open Water,N/A,,,
2016230N25160,Lionrock (2016),2016,WP,Category 4,120.0,138.1,933.0,2016-08-16,2016-08-30,14.0,Landfall,Tropical Storm,2016-08-30 09:00,39.2776,141.476,60.0
2016263N13333,Lisa (2016),2016,Unknown,Tropical Storm,45.0,51.8,999.0,2016-09-19,2016-09-26,7.2,At Sea / Open Water,At Sea / Open Water,N/A,,,
2016205N25152,Lupit (2016),2016,WP,Tropical Storm,45.0,51.8,989.0,2016-07-22,2016-07-26,3.5,At Sea / Open Water,At Sea / Open Water,N/A,,,
2016313N11163,Ma-On (2016),2016,WP,Tropical Storm,35.0,40.3,996.0,2016-11-08,2016-11-13,4.8,At Sea / Open Water,At Sea / Open Water,N/A,,,
2016240N13224,Madeline (2016),2016,EP,Category 4,115.0,132.3,950.0,2016-08-26,2016-09-03,8.0,At Sea / Open Water,At Sea / Open Water,N/A,,,
2016256N12146,Malakas (2016),2016,WP,Category 4,115.0,132.3,937.0,2016-09-11,2016-09-20,9.0,Landfall,Tropical Storm,2016-09-20 06:00,34.2846,136.077,55.0
2016273N13300,Matthew (2016),2016,Unknown,Category 5,145.0,166.9,934.0,2016-09-28,2016-10-10,11.5,Landfall,Category 4,2016-10-04 11:00,18.3,-74.3,130.0
2016305N10147,Meari (2016),2016,WP,Category 2,90.0,103.6,962.0,2016-10-30,2016-11-09,10.0,At Sea / Open Water,At Sea / Open Water,N/A,,,
2016266N11144,Megi (2016),2016,WP,Category 4,120.0,138.1,933.0,2016-09-22,2016-09-29,7.8,Landfall,Category 2,2016-09-27 09:00,23.8963,121.035,90.0
2016253N13144,Meranti (2016),2016,WP,Category 5,170.0,195.6,895.0,2016-09-08,2016-09-17,8.8,Landfall,Category 1,2016-09-14 21:00,24.7801,117.981,77.0
2016230N15138,Mindulle (2016),2016,WP,Category 1,65.0,74.8,974.0,2016-08-16,2016-08-23,6.5,Landfall,Tropical Storm,2016-08-22 06:00,35.85,140.025,60.0
2016207N17116,Mirinae (2016),2016,WP,Category 1,65.0,74.8,974.0,2016-07-25,2016-07-28,3.5,Landfall,Tropical Storm,2016-07-26 15:00,18.8131,110.303,42.0
2016335N07088,Nada (2016),2016,NI,Tropical Storm,45.0,51.8,989.0,2016-11-29,2016-12-02,2.8,Landfall,Tropical Depression,2016-12-01 21:00,10.8317,79.8983,22.0
2016244N21123,Namtheun (2016),2016,WP,Category 3,100.0,115.1,948.0,2016-08-30,2016-09-05,5.8,Landfall,Tropical Depression,2016-09-04 16:00,32.8425,129.754,33.0
2016185N08145,Nepartak (2016),2016,WP,Category 5,155.0,178.4,907.0,2016-07-02,2016-07-10,7.5,Landfall,Category 2,2016-07-08 00:00,22.6,120.65,95.0
2016248N15255,Newton (2016),2016,EP,Category 1,80.0,92.1,977.0,2016-09-04,2016-09-08,4.0,Landfall,Category 1,2016-09-06 14:00,23.9,-110.8,75.0
2016278N23300,Nicole (2016),2016,Unknown,Category 4,120.0,138.1,950.0,2016-10-04,2016-10-19,15.2,At Sea / Open Water,At Sea / Open Water,N/A,,,
2016212N12127,Nida (2016),2016,WP,Category 1,80.0,92.1,963.0,2016-07-29,2016-08-03,4.5,Landfall,Category 1,2016-08-01 21:00,22.598,114.241,65.0
2016355N07146,Nock-Ten (2016),2016,WP,Category 5,140.0,161.1,915.0,2016-12-20,2016-12-28,8.5,Landfall,Category 3,2016-12-25 15:00,13.4837,123.381,110.0
2015213S08169,Not_Named (2016),2016,SP,Tropical Storm,40.0,46.0,993.0,2015-07-31,2015-08-06,6.0,At Sea / Open Water,At Sea / Open Water,N/A,,,
2015286S10175,Not_Named (2016),2016,SP,Tropical Storm,35.0,40.3,996.0,2015-10-13,2015-10-18,5.2,At Sea / Open Water,At Sea / Open Water,N/A,,,
2016074S16137,Not_Named (2016),2016,SP,Tropical Storm,40.0,46.0,993.0,2016-03-14,2016-03-17,3.2,Landfall,Tropical Storm,2016-03-16 09:00,-16.9652,141.53,35.0
2016087S13073,Not_Named (2016),2016,SI,Tropical Storm,45.0,51.8,989.0,2016-03-27,2016-03-30,3.2,At Sea / Open Water,At Sea / Open Water,N/A,,,
2016178N22068,Not_Named (2016),2016,NI,Tropical Storm,40.0,46.0,993.0,2016-06-26,2016-06-29,2.8,At Sea / Open Water,At Sea / Open Water,N/A,,,
2016236N13146,Not_Named (2016),2016,WP,Tropical Storm,40.0,46.0,993.0,2016-08-22,2016-08-24,1.8,At Sea / Open Water,At Sea / Open Water,N/A,,,
2016253N26152,Not_Named (2016),2016,WP,Tropical Storm,35.0,40.3,996.0,2016-09-09,2016-09-12,3.0,At Sea / Open Water,At Sea / Open Water,N/A,,,
2016216N17149,Omais (2016),2016,WP,Category 1,65.0,74.8,974.0,2016-08-02,2016-08-12,9.8,At Sea / Open Water,At Sea / Open Water,N/A,,,
2016255N12247,Orlene (2016),2016,EP,Category 2,95.0,109.3,967.0,2016-09-10,2016-09-17,6.8,At Sea / Open Water,At Sea / Open Water,N/A,,,
2016323N13279,Otto (2016),2016,EP,Category 3,100.0,115.1,975.0,2016-11-17,2016-11-26,8.8,Landfall,Category 3,2016-11-24 17:30,11.0,-83.8,100.0
2016262N16251,Paine (2016),2016,EP,Category 1,80.0,92.1,979.0,2016-09-18,2016-09-21,3.5,At Sea / Open Water,At Sea / Open Water,N/A,,,
2016006N02188,Pali (2016),2016,EP,Category 2,85.0,97.8,978.0,2016-01-06,2016-01-14,8.8,At Sea / Open Water,At Sea / Open Water,N/A,,,
2016138N10081,Roanu (2016),2016,NI,Tropical Storm,60.0,69.0,978.0,2016-05-17,2016-05-22,5.0,Landfall,Tropical Storm,2016-05-21 12:00,23.0,92.0,40.0
2016270N15240,Roslyn (2016),2016,EP,Tropical Storm,45.0,51.8,999.0,2016-09-25,2016-09-30,5.2,At Sea / Open Water,At Sea / Open Water,N/A,,,
2016287N13130,Sarika (2016),2016,WP,Category 4,115.0,132.3,944.0,2016-10-12,2016-10-20,7.5,Landfall,Category 2,2016-10-15 21:00,16.0249,120.855,95.0
2016296N11262,Seymour (2016),2016,EP,Category 4,130.0,149.6,940.0,2016-10-22,2016-10-30,8.0,At Sea / Open Water,At Sea / Open Water,N/A,,,
2016278N16181,Songda (2016),2016,WP,Category 4,130.0,149.6,926.0,2016-10-03,2016-10-13,10.0,At Sea / Open Water,At Sea / Open Water,N/A,,,
2016027S13119,Stan (2016),2016,SI,Category 1,65.0,74.8,974.0,2016-01-27,2016-02-01,5.0,Landfall,Tropical Storm,2016-01-30 18:00,-20.0,119.75,55.0
2016040S16155,Tatiana (2016),2016,SP,Tropical Storm,55.0,63.3,982.0,2016-02-09,2016-02-15,6.5,At Sea / Open Water,At Sea / Open Water,N/A,,,
2016318N18253,Tina (2016),2016,EP,Tropical Storm,35.0,40.3,1004.0,2016-11-13,2016-11-18,5.2,At Sea / Open Water,At Sea / Open Water,N/A,,,
2016328N09130,Tokage (2016),2016,WP,Category 1,80.0,92.1,963.0,2016-11-23,2016-11-28,4.8,Landfall,Tropical Storm,2016-11-24 12:00,10.68,124.787,35.0
2015330S10178,Tuni (2016),2016,SP,Tropical Storm,40.0,46.0,993.0,2015-11-26,2015-11-30,4.5,At Sea / Open Water,At Sea / Open Water,N/A,,,
2015364S09190,Ula (2016),2016,SP,Category 4,120.0,138.1,933.0,2015-12-29,2016-01-16,17.8,At Sea / Open Water,At Sea / Open Water,N/A,,,
2016270N12223,Ulika (2016),2016,EP,Category 1,65.0,74.8,992.0,2016-09-25,2016-10-03,7.5,At Sea / Open Water,At Sea / Open Water,N/A,,,
2016040S12094,Uriah (2016),2016,SI,Category 4,130.0,149.6,926.0,2016-02-09,2016-02-25,16.2,At Sea / Open Water,At Sea / Open Water,N/A,,,
2016341N08092,Vardah (2016),2016,NI,Category 2,85.0,97.8,959.0,2016-12-06,2016-12-19,12.8,Landfall,Category 1,2016-12-12 12:00,13.1,79.85,65.0
2016014S13195,Victor (2016),2016,SP,Category 2,90.0,103.6,956.0,2016-01-14,2016-01-23,8.8,At Sea / Open Water,At Sea / Open Water,N/A,,,
2016041S14170,Winston (2016),2016,SP,Category 5,155.0,178.4,907.0,2016-02-09,2016-02-28,18.8,Landfall,Category 5,2016-02-20 09:00,-17.4667,177.804,147.0
2016055S15202,Yalo (2016),2016,SP,Tropical Storm,55.0,63.3,982.0,2016-02-23,2016-02-26,3.0,At Sea / Open Water,At Sea / Open Water,N/A,,,
2016095S13162,Zena (2016),2016,SP,Category 2,90.0,103.6,956.0,2016-04-04,2016-04-07,3.2,Landfall,Tropical Storm,2016-04-05 09:00,-15.0251,167.012,50.0
2016195S06076,Abela (2017),2017,SI,Tropical Storm,55.0,63.3,982.0,2016-07-12,2016-07-20,8.0,Landfall,Tropical Depression,2016-07-20 12:00,-15.25,50.5,30.0
2017130N09269,Adrian (2017),2017,EP,Tropical Storm,40.0,46.0,1004.0,2017-05-09,2017-05-12,2.5,At Sea / Open Water,At Sea / Open Water,N/A,,,
2017046S17137,Alfred (2017),2017,SP,Tropical Storm,50.0,57.5,985.0,2017-02-15,2017-02-22,7.2,Landfall,Tropical Depression,2017-02-15 06:00,-17.0,137.1,
2017106N36310,Arlene (2017),2017,Unknown,Tropical Storm,55.0,63.3,986.0,2017-04-16,2017-04-22,6.5,At Sea / Open Water,At Sea / Open Water,N/A,,,
2017223N16172,Banyan (2017),2017,WP,Category 3,110.0,126.6,941.0,2017-08-10,2017-08-18,7.5,At Sea / Open Water,At Sea / Open Water,N/A,,,
2017051S18189,Bart (2017),2017,SP,Tropical Storm,40.0,46.0,993.0,2017-02-20,2017-02-23,3.0,At Sea / Open Water,At Sea / Open Water,N/A,,,
2017152N14262,Beatriz (2017),2017,EP,Tropical Storm,40.0,46.0,1001.0,2017-05-31,2017-06-02,1.8,Landfall,Tropical Storm,2017-06-02 00:00,15.7,-96.6,40.0
2017060S09139,Blanche (2017),2017,SI,Tropical Storm,55.0,63.3,982.0,2017-03-01,2017-03-06,5.8,Landfall,Tropical Depression,2017-03-04 21:00,-11.4462,130.396,30.0
2017170N08310,Bret (2017),2017,Unknown,Tropical Storm,45.0,51.8,1007.0,2017-06-18,2017-06-20,1.6,Landfall,Tropical Storm,2017-06-20 02:00,10.1,-61.1,45.0
2017081S10096,Caleb (2017),2017,SI,Tropical Storm,45.0,51.8,989.0,2017-03-21,2017-03-30,8.8,At Sea / Open Water,At Sea / Open Water,N/A,,,
2017163N14265,Calvin (2017),2017,EP,Tropical Storm,40.0,46.0,1004.0,2017-06-11,2017-06-13,1.8,Landfall,Tropical Storm,2017-06-13 00:00,15.9,-95.7,40.0
2017033S14056,Carlos (2017),2017,SI,Category 1,70.0,80.6,970.0,2017-02-02,2017-02-15,13.2,At Sea / Open Water,At Sea / Open Water,N/A,,,
2017171N24271,Cindy (2017),2017,Unknown,Tropical Storm,50.0,57.5,991.0,2017-06-19,2017-06-24,4.5,Landfall,Tropical Storm,2017-06-22 07:00,29.8,-93.7,45.0
2017097S12171,Cook (2017),2017,SP,Category 2,90.0,103.6,956.0,2017-04-06,2017-04-17,10.5,Landfall,Tropical Storm,2017-04-08 09:00,-16.2161,167.577,45.0
2017304N11127,Damrey (2017),2017,WP,Category 2,90.0,103.6,967.0,2017-10-31,2017-11-05,5.0,Landfall,Tropical Depression,2017-10-31 12:00,11.25,124.35,
2017082S14152,Debbie (2017),2017,SP,Category 4,115.0,132.3,937.0,2017-03-23,2017-04-01,8.8,Landfall,Category 1,2017-03-28 06:00,-20.375,148.45,80.0
2017043S19040,Dineo (2017),2017,SI,Category 2,85.0,97.8,959.0,2017-02-11,2017-02-17,5.8,Landfall,Category 1,2017-02-15 18:00,-23.4,35.25,75.0
2017253N14130,Doksuri (2017),2017,WP,Category 2,95.0,109.3,960.0,2017-09-10,2017-09-16,6.2,Landfall,Tropical Depression,2017-09-12 03:00,14.4994,121.278,30.0
2017198N10312,Don (2017),2017,Unknown,Tropical Storm,45.0,51.8,1005.0,2017-07-17,2017-07-18,1.5,At Sea / Open Water,At Sea / Open Water,N/A,,,
2017122S13170,Donna (2017),2017,SP,Category 4,125.0,143.8,929.0,2017-05-01,2017-05-10,8.9,At Sea / Open Water,At Sea / Open Water,N/A,,,
2017175N13264,Dora (2017),2017,EP,Category 2,90.0,103.6,974.0,2017-06-24,2017-07-01,7.0,At Sea / Open Water,At Sea / Open Water,N/A,,,
2017127S18184,Ella (2017),2017,SP,Category 1,70.0,80.6,970.0,2017-05-07,2017-05-15,8.2,At Sea / Open Water,At Sea / Open Water,N/A,,,
2017212N28275,Emily (2017),2017,Unknown,Tropical Storm,50.0,57.5,1001.0,2017-07-30,2017-08-02,2.2,Landfall,Tropical Storm,2017-07-31 18:00,27.5,-82.2,35.0
2017061S11063,Enawo (2017),2017,SI,Category 4,130.0,149.6,926.0,2017-03-02,2017-03-11,9.8,Landfall,Category 3,2017-03-07 15:00,-14.6749,49.9962,102.0
2017094S10115,Ernie (2017),2017,SI,Category 5,140.0,161.1,918.0,2017-04-04,2017-04-11,7.5,At Sea / Open Water,At Sea / Open Water,N/A,,,
2017189N11250,Eugene (2017),2017,EP,Category 3,100.0,115.1,966.0,2017-07-07,2017-07-14,6.8,At Sea / Open Water,At Sea / Open Water,N/A,,,
2017193N12252,Fernanda (2017),2017,EP,Category 4,125.0,143.8,948.0,2017-07-11,2017-07-23,11.2,At Sea / Open Water,At Sea / Open Water,N/A,,,
2017065S14079,Fernando (2017),2017,SI,Tropical Storm,45.0,51.8,989.0,2017-03-05,2017-03-16,10.5,At Sea / Open Water,At Sea / Open Water,N/A,,,
2017114S08137,Frances (2017),2017,SI,Category 1,80.0,92.1,963.0,2017-04-24,2017-04-30,6.8,Landfall,Tropical Depression,2017-04-26 00:00,-7.7,131.5,
2017219N16279,Franklin (2017),2017,Unknown,Category 1,75.0,86.3,981.0,2017-08-06,2017-08-10,3.8,Landfall,Tropical Storm,2017-08-08 03:45,19.1,-87.6,50.0
2017224N22293,Gert (2017),2017,Unknown,Category 2,95.0,109.3,962.0,2017-08-12,2017-08-18,6.8,At Sea / Open Water,At Sea / Open Water,N/A,,,
2017199N14255,Greg (2017),2017,EP,Tropical Storm,50.0,57.5,1000.0,2017-07-17,2017-07-27,9.8,At Sea / Open Water,At Sea / Open Water,N/A,,,
2017312N10134,Haikui (2017),2017,WP,Tropical Storm,45.0,51.8,989.0,2017-11-07,2017-11-14,7.0,Landfall,Tropical Depression,2017-11-08 21:00,12.4815,124.876,27.0
2017209N19118,Haitang (2017),2017,WP,Tropical Storm,40.0,46.0,992.0,2017-07-27,2017-08-03,6.8,Landfall,Tropical Storm,2017-07-30 12:00,22.95,120.575,40.0
2017228N14314,Harvey (2017),2017,Unknown,Category 4,115.0,132.3,937.0,2017-08-16,2017-09-02,17.2,Landfall,Tropical Depression,2017-08-22 06:00,18.6,-87.8,25.0
2017232N19130,Hato (2017),2017,WP,Category 3,100.0,115.1,948.0,2017-08-19,2017-08-25,5.5,Landfall,Category 2,2017-08-23 06:00,22.175,112.85,85.0
2017202N08274,Hilary (2017),2017,EP,Category 2,95.0,109.3,969.0,2017-07-20,2017-08-01,11.5,At Sea / Open Water,At Sea / Open Water,N/A,,,
2017242N16333,Irma (2017),2017,Unknown,Category 5,155.0,178.4,914.0,2017-08-30,2017-09-13,14.5,Landfall,Category 3,2017-09-10 19:30,25.9,-81.7,100.0
2017203N14248,Irwin (2017),2017,EP,Category 1,80.0,92.1,979.0,2017-07-22,2017-08-03,12.2,At Sea / Open Water,At Sea / Open Water,N/A,,,
2017247N09327,Jose (2017),2017,Unknown,Category 4,135.0,155.4,938.0,2017-09-04,2017-09-25,21.0,At Sea / Open Water,At Sea / Open Water,N/A,,,
2017224N19253,Jova (2017),2017,EP,Tropical Storm,35.0,40.3,1003.0,2017-08-11,2017-08-17,5.5,At Sea / Open Water,At Sea / Open Water,N/A,,,
2017347N11129,Kai-Tak (2017),2017,WP,Tropical Storm,50.0,57.5,985.0,2017-12-13,2017-12-23,10.8,Landfall,Tropical Depression,2017-12-16 12:00,12.125,125.3,30.0
2017249N22263,Katia (2017),2017,Unknown,Category 2,90.0,103.6,972.0,2017-09-05,2017-09-09,4.0,Landfall,Category 1,2017-09-09 03:00,20.6,-97.1,65.0
2017230N13249,Kenneth (2017),2017,EP,Category 4,115.0,132.3,951.0,2017-08-17,2017-08-27,10.2,At Sea / Open Water,At Sea / Open Water,N/A,,,
2017284N15134,Khanun (2017),2017,WP,Category 2,90.0,103.6,956.0,2017-10-11,2017-10-16,5.2,Landfall,Tropical Storm,2017-10-12 18:00,18.25,122.025,35.0
2017321N07124,Kirogi (2017),2017,WP,Tropical Storm,40.0,46.0,993.0,2017-11-16,2017-11-19,3.0,Landfall,Tropical Depression,2017-11-16 15:00,7.52218,123.056,
2017201N23178,Kulap (2017),2017,WP,Tropical Storm,50.0,57.5,985.0,2017-07-20,2017-07-28,8.0,At Sea / Open Water,At Sea / Open Water,N/A,,,
2017288N09138,Lan (2017),2017,WP,Category 4,135.0,155.4,922.0,2017-10-15,2017-10-23,8.8,Landfall,Category 1,2017-10-22 18:00,34.6857,138.207,70.0
2017258N10337,Lee (2017),2017,Unknown,Category 3,100.0,115.1,962.0,2017-09-14,2017-09-30,15.5,At Sea / Open Water,At Sea / Open Water,N/A,,,
2017242N17253,Lidia (2017),2017,EP,Tropical Storm,55.0,63.3,986.0,2017-08-29,2017-09-03,4.8,Landfall,Tropical Storm,2017-09-01 12:00,24.0,-110.9,50.0
2017104N08085,Maarutha (2017),2017,NI,Tropical Storm,50.0,57.5,985.0,2017-04-14,2017-04-17,3.0,Landfall,Tropical Storm,2017-04-16 18:00,18.8,94.25,35.0
2017260N12310,Maria (2017),2017,Unknown,Category 5,150.0,172.6,908.0,2017-09-16,2017-10-02,16.0,Landfall,Category 4,2017-09-20 10:15,18.0,-65.9,135.0
2017242N19122,Mawar (2017),2017,WP,Tropical Storm,45.0,51.8,989.0,2017-08-30,2017-09-04,5.0,Landfall,Tropical Depression,2017-09-03 15:00,22.8438,115.793,30.0
2017257N16258,Max (2017),2017,EP,Category 1,80.0,92.1,980.0,2017-09-13,2017-09-15,1.8,Landfall,Category 1,2017-09-14 21:00,16.6999,-98.855,70.0
2017161N13119,Merbok (2017),2017,WP,Tropical Storm,45.0,51.8,989.0,2017-06-10,2017-06-13,3.8,Landfall,Tropical Storm,2017-06-12 15:00,22.4925,114.486,40.0
2017147N14087,Mora (2017),2017,NI,Category 1,80.0,92.1,963.0,2017-05-27,2017-05-30,3.5,Landfall,Category 1,2017-05-30 03:00,21.8988,91.9716,67.0
2017113N09144,Muifa (2017),2017,WP,Tropical Storm,40.0,46.0,993.0,2017-04-22,2017-04-29,6.5,At Sea / Open Water,At Sea / Open Water,N/A,,,
2017212N26158,Nalgae (2017),2017,WP,Tropical Storm,60.0,69.0,978.0,2017-07-31,2017-08-09,9.0,At Sea / Open Water,At Sea / Open Water,N/A,,,
2017182N15132,Nanmadol (2017),2017,WP,Category 1,65.0,74.8,974.0,2017-07-01,2017-07-08,7.2,Landfall,Tropical Storm,2017-07-03 23:00,32.6505,129.847,50.0
2017277N11279,Nate (2017),2017,Unknown,Category 1,80.0,92.1,981.0,2017-10-03,2017-10-11,7.5,Landfall,Tropical Storm,2017-10-05 12:00,13.9,-83.5,35.0
2017206N13129,Nesat (2017),2017,WP,Category 2,90.0,103.6,956.0,2017-07-25,2017-07-31,6.0,Landfall,Category 1,2017-07-29 12:00,24.625,121.8,80.0
2017257N16251,Norma (2017),2017,EP,Category 1,65.0,74.8,985.0,2017-09-14,2017-09-22,8.0,At Sea / Open Water,At Sea / Open Water,N/A,,,
2017200N26162,Noru (2017),2017,WP,Category 4,135.0,155.4,922.0,2017-07-19,2017-08-09,21.0,Landfall,Tropical Storm,2017-08-07 09:00,34.559,135.69,60.0
2017026S16127,Not_Named (2017),2017,SI,Tropical Storm,50.0,57.5,985.0,2017-01-25,2017-02-03,8.5,Landfall,Tropical Depression,2017-01-25 12:00,-16.0,126.6,20.0
2017052S16178,Not_Named (2017),2017,SP,Tropical Storm,45.0,51.8,989.0,2017-02-21,2017-02-22,1.8,Landfall,Tropical Depression,2017-02-21 03:00,-16.7332,179.357,27.0
2017094S17191,Not_Named (2017),2017,SP,Tropical Storm,40.0,46.0,993.0,2017-04-04,2017-04-11,7.8,At Sea / Open Water,At Sea / Open Water,N/A,,,
2017240N31279,Not_Named (2017),2017,Unknown,Tropical Storm,40.0,46.0,1004.0,2017-08-27,2017-08-29,2.0,Landfall,Tropical Storm,2017-08-29 15:00,34.6712,-76.7586,37.0
2017340N09089,Not_Named (2017),2017,NI,Tropical Storm,45.0,51.8,989.0,2017-12-06,2017-12-10,4.1,At Sea / Open Water,At Sea / Open Water,N/A,,,
2017333N06082,Ockhi (2017),2017,NI,Category 3,100.0,115.1,948.0,2017-11-28,2017-12-05,7.0,Landfall,Tropical Depression,2017-11-29 06:00,6.1,80.6667,30.0
2017280N32321,Ophelia (2017),2017,Unknown,Category 3,100.0,115.1,957.0,2017-10-06,2017-10-17,11.2,Landfall,Tropical Storm,2017-10-16 15:00,53.7771,-9.08119,62.0
2017254N16251,Otis (2017),2017,EP,Category 3,100.0,115.1,965.0,2017-09-11,2017-09-21,9.8,At Sea / Open Water,At Sea / Open Water,N/A,,,
2017236N15129,Pakhar (2017),2017,WP,Tropical Storm,60.0,69.0,983.0,2017-08-24,2017-08-28,4.0,Landfall,Tropical Storm,2017-08-25 15:00,16.3866,121.754,40.0
2017301N18276,Philippe (2017),2017,Unknown,Tropical Storm,35.0,40.3,1000.0,2017-10-27,2017-10-29,1.2,Landfall,Tropical Storm,2017-10-28 22:00,22.2,-81.6,35.0
2017265N17257,Pilar (2017),2017,EP,Tropical Storm,45.0,51.8,1000.0,2017-09-22,2017-09-25,3.5,At Sea / Open Water,At Sea / Open Water,N/A,,,
2017277N14265,Ramon (2017),2017,EP,Tropical Storm,40.0,46.0,1002.0,2017-10-03,2017-10-04,1.0,At Sea / Open Water,At Sea / Open Water,N/A,,,
2017309N26308,Rina (2017),2017,Unknown,Tropical Storm,50.0,57.5,991.0,2017-11-04,2017-11-09,5.0,At Sea / Open Water,At Sea / Open Water,N/A,,,
2017202N19124,Roke (2017),2017,WP,Tropical Storm,35.0,40.3,996.0,2017-07-21,2017-07-23,2.2,Landfall,Tropical Depression,2017-07-23 03:00,22.5362,114.104,25.0
2017239N18147,Sanvu (2017),2017,WP,Category 2,90.0,103.6,953.0,2017-08-26,2017-09-06,10.8,At Sea / Open Water,At Sea / Open Water,N/A,,,
2017292N13151,Saola (2017),2017,WP,Category 1,65.0,74.8,974.0,2017-10-19,2017-10-29,10.2,At Sea / Open Water,At Sea / Open Water,N/A,,,
2017300N10271,Selma (2017),2017,EP,Tropical Storm,35.0,40.3,1004.0,2017-10-26,2017-10-28,1.8,Landfall,Tropical Storm,2017-10-28 11:00,13.4,-89.0,35.0
2017202N16116,Sonca (2017),2017,WP,Tropical Storm,45.0,51.8,989.0,2017-07-20,2017-07-29,9.0,Landfall,Tropical Storm,2017-07-25 09:00,16.9847,106.83,42.0
2017195N16114,Talas (2017),2017,WP,Tropical Storm,50.0,57.5,985.0,2017-07-14,2017-07-17,3.8,Landfall,Tropical Storm,2017-07-16 18:00,18.6,105.675,45.0
2017252N14147,Talim (2017),2017,WP,Category 4,120.0,138.1,933.0,2017-09-08,2017-09-22,14.2,Landfall,Tropical Storm,2017-09-17 03:00,31.4564,130.855,55.0
2017354N08134,Tembin (2017),2017,WP,Category 2,85.0,97.8,959.0,2017-12-20,2017-12-26,6.5,Landfall,Tropical Storm,2017-12-21 21:00,7.80427,126.061,47.0
2016354S15116,Yvette (2017),2017,SI,Tropical Storm,50.0,57.5,985.0,2016-12-18,2016-12-25,6.8,Landfall,Tropical Depression,2016-12-25 00:00,-17.35,122.5,20.0
2018146N19273,Alberto (2018),2018,Unknown,Tropical Storm,55.0,63.3,990.0,2018-05-25,2018-05-31,6.0,Landfall,Tropical Storm,2018-05-28 21:00,30.3,-86.0,40.0
2018157N14255,Aletta (2018),2018,EP,Category 4,120.0,138.1,943.0,2018-06-06,2018-06-16,10.0,At Sea / Open Water,At Sea / Open Water,N/A,,,
2018199N18128,Ampil (2018),2018,WP,Tropical Storm,55.0,63.3,982.0,2018-07-17,2018-07-26,8.8,Landfall,Tropical Storm,2018-07-22 06:00,31.825,121.825,55.0
2017364S12065,Ava (2018),2018,SI,Category 2,95.0,109.3,958.0,2017-12-30,2018-01-09,10.5,Landfall,Category 1,2018-01-05 12:00,-18.1,49.3,80.0
2018251N20122,Barijat (2018),2018,WP,Tropical Storm,45.0,51.8,996.0,2018-09-08,2018-09-13,5.5,Landfall,Tropical Storm,2018-09-13 00:00,21.2643,110.707,35.0
2018221N17112,Bebinca (2018),2018,WP,Tropical Storm,60.0,69.0,979.0,2018-08-09,2018-08-17,8.8,Landfall,Tropical Depression,2018-08-11 03:00,21.6512,112.222,20.0
2018010S10069,Berguitta (2018),2018,SI,Category 3,105.0,120.8,950.0,2018-01-10,2018-01-24,14.2,At Sea / Open Water,At Sea / Open Water,N/A,,,
2018186N10325,Beryl (2018),2018,Unknown,Category 1,70.0,80.6,991.0,2018-07-04,2018-07-17,12.8,Landfall,Tropical Depression,2018-07-10 09:00,18.6696,-71.1097,30.0
2017364N07138,Bolaven (2018),2018,WP,Tropical Storm,35.0,40.3,1001.0,2017-12-29,2018-01-04,5.5,Landfall,Tropical Depression,2018-01-01 15:00,9.34659,125.571,27.0
2018161N12260,Bud (2018),2018,EP,Category 4,120.0,138.1,943.0,2018-06-09,2018-06-16,6.2,Landfall,Tropical Storm,2018-06-15 02:00,23.0,-109.7,40.0
2018166N15260,Carlotta (2018),2018,EP,Tropical Storm,55.0,63.3,997.0,2018-06-14,2018-06-19,4.2,At Sea / Open Water,At Sea / Open Water,N/A,,,
2018025S09080,Cebile (2018),2018,SI,Category 4,115.0,132.3,942.0,2018-01-25,2018-02-09,15.5,At Sea / Open Water,At Sea / Open Water,N/A,,,
2018186N31292,Chris (2018),2018,Unknown,Category 2,90.0,103.6,969.0,2018-07-05,2018-07-17,12.2,At Sea / Open Water,At Sea / Open Water,N/A,,,
2018229N11160,Cimaron (2018),2018,WP,Category 4,115.0,132.3,936.0,2018-08-16,2018-08-24,8.2,Landfall,Tropical Storm,2018-08-23 15:00,35.0125,134.732,62.0
2017330S06093,Dahlia (2018),2018,SI,Tropical Storm,55.0,63.3,988.0,2017-11-26,2017-12-07,11.0,At Sea / Open Water,At Sea / Open Water,N/A,,,
2018174N12244,Daniel (2018),2018,EP,Tropical Storm,40.0,46.0,1004.0,2018-06-23,2018-06-28,5.2,At Sea / Open Water,At Sea / Open Water,N/A,,,
2018263N17089,Daye (2018),2018,NI,Tropical Storm,35.0,40.3,995.0,2018-09-19,2018-09-22,2.6,Landfall,Tropical Storm,2018-09-20 21:00,19.4153,84.3977,35.0
2018215N41326,Debby (2018),2018,Unknown,Tropical Storm,45.0,51.8,998.0,2018-08-02,2018-08-10,7.8,At Sea / Open Water,At Sea / Open Water,N/A,,,
2018060S13057,Dumazile (2018),2018,SI,Category 3,110.0,126.6,941.0,2018-03-01,2018-03-10,9.2,At Sea / Open Water,At Sea / Open Water,N/A,,,
2018073S12057,Eliakim (2018),2018,SI,Category 1,65.0,74.8,982.0,2018-03-13,2018-03-22,9.2,Landfall,Tropical Storm,2018-03-16 12:00,-15.8,50.2,60.0
2018178N12253,Emilia (2018),2018,EP,Tropical Storm,50.0,57.5,997.0,2018-06-27,2018-07-04,6.8,At Sea / Open Water,At Sea / Open Water,N/A,,,
2018227N37315,Ernesto (2018),2018,Unknown,Tropical Storm,40.0,46.0,999.0,2018-08-15,2018-08-19,4.2,Landfall,Tropical Storm,2018-08-19 00:00,54.2,-9.6,35.0
2018153N12113,Ewiniar (2018),2018,WP,Tropical Storm,40.0,46.0,996.0,2018-06-02,2018-06-11,9.0,Landfall,Tropical Storm,2018-06-06 00:00,20.475,110.4,35.0
2018182N11256,Fabio (2018),2018,EP,Category 2,95.0,109.3,964.0,2018-06-30,2018-07-09,8.5,At Sea / Open Water,At Sea / Open Water,N/A,,,
2018111S07055,Fakir (2018),2018,SI,Category 1,75.0,86.3,982.0,2018-04-20,2018-04-26,6.2,At Sea / Open Water,At Sea / Open Water,N/A,,,
2018027S11156,Fehi (2018),2018,SP,Tropical Storm,55.0,63.3,970.0,2018-01-26,2018-02-01,5.5,Landfall,Tropical Depression,2018-02-01 00:00,-44.1,171.5,
2018117S07098,Flamboyan (2018),2018,SI,Category 1,70.0,80.6,982.0,2018-04-27,2018-05-04,7.0,At Sea / Open Water,At Sea / Open Water,N/A,,,
2018242N13343,Florence (2018),2018,Unknown,Category 4,130.0,149.6,937.0,2018-08-30,2018-09-18,19.2,Landfall,Category 1,2018-09-14 11:15,34.2,-77.8,80.0
2018165N22117,Gaemi (2018),2018,WP,Tropical Storm,45.0,51.8,990.0,2018-06-13,2018-06-21,8.0,Landfall,Tropical Depression,2018-06-15 00:00,22.75,120.35,30.0
2018314N12093,Gaja (2018),2018,NI,Category 1,80.0,92.1,963.0,2018-11-10,2018-11-19,9.4,Landfall,Category 1,2018-11-15 21:00,10.4674,79.69,75.0
2018208N13238,Gilma (2018),2018,EP,Tropical Storm,40.0,46.0,1005.0,2018-07-26,2018-07-31,5.2,At Sea / Open Water,At Sea / Open Water,N/A,,,
2018038S15172,Gita (2018),2018,SP,Category 4,125.0,143.8,929.0,2018-02-07,2018-02-22,15.5,Landfall,Tropical Depression,2018-02-20 09:00,-42.0131,172.712,
2018246N22283,Gordon (2018),2018,Unknown,Tropical Storm,60.0,69.0,996.0,2018-09-02,2018-09-07,5.0,Landfall,Tropical Storm,2018-09-03 12:00,25.1,-80.7,45.0
2018213N12245,Hector (2018),2018,EP,Category 4,135.0,155.4,936.0,2018-07-31,2018-08-16,16.2,At Sea / Open Water,At Sea / Open Water,N/A,,,
2018251N13343,Helene (2018),2018,Unknown,Category 2,95.0,109.3,967.0,2018-09-07,2018-09-17,10.2,At Sea / Open Water,At Sea / Open Water,N/A,,,
2017360S15124,Hilda (2018),2018,SI,Tropical Storm,50.0,57.5,990.0,2017-12-26,2017-12-31,5.2,Landfall,Tropical Depression,2017-12-26 21:00,-16.6201,122.847,32.0
2018064S16172,Hola (2018),2018,SP,Category 3,105.0,120.8,950.0,2018-03-05,2018-03-13,7.8,Landfall,Tropical Storm,2018-03-07 03:00,-15.9873,167.302,55.0
2018217N12266,Ileana (2018),2018,EP,Tropical Storm,55.0,63.3,998.0,2018-08-04,2018-08-07,2.5,At Sea / Open Water,At Sea / Open Water,N/A,,,
2018079S09162,Iris (2018),2018,SP,Tropical Storm,55.0,63.3,987.0,2018-03-19,2018-04-09,21.1,Landfall,Tropical Depression,2018-03-21 09:00,-10.6727,162.103,
2018004S08095,Irving (2018),2018,SI,Category 2,95.0,109.3,962.0,2018-01-03,2018-01-11,7.5,At Sea / Open Water,At Sea / Open Water,N/A,,,
2018251N13325,Isaac (2018),2018,Unknown,Category 1,65.0,74.8,995.0,2018-09-07,2018-09-15,7.5,At Sea / Open Water,At Sea / Open Water,N/A,,,
2018239N11161,Jebi (2018),2018,WP,Category 5,155.0,178.4,907.0,2018-08-26,2018-09-07,11.5,Landfall,Category 2,2018-09-04 03:00,33.7833,134.593,90.0
2018082N04147,Jelawat (2018),2018,WP,Category 4,130.0,149.6,926.0,2018-03-23,2018-04-02,10.2,At Sea / Open Water,At Sea / Open Water,N/A,,,
2018218N14255,John (2018),2018,EP,Category 2,95.0,109.3,964.0,2018-08-05,2018-08-13,8.2,At Sea / Open Water,At Sea / Open Water,N/A,,,
2018204N15137,Jongdari (2018),2018,WP,Category 2,90.0,103.6,950.0,2018-07-23,2018-08-04,12.9,Landfall,Tropical Storm,2018-07-28 18:00,34.725,135.85,60.0
2018089S18172,Josie (2018),2018,SP,Tropical Storm,50.0,57.5,994.0,2018-03-30,2018-04-04,5.2,At Sea / Open Water,At Sea / Open Water,N/A,,,
2018007S13130,Joyce (2018),2018,SI,Tropical Storm,50.0,57.5,987.0,2018-01-07,2018-01-15,8.2,Landfall,Tropical Depression,2018-01-08 03:00,-14.6888,127.608,
2018255N37320,Joyce (2018),2018,Unknown,Tropical Storm,45.0,51.8,995.0,2018-09-12,2018-09-21,9.5,At Sea / Open Water,At Sea / Open Water,N/A,,,
2018044S10133,Kelvin (2018),2018,SI,Category 1,75.0,86.3,971.0,2018-02-12,2018-02-21,8.5,Landfall,Tropical Depression,2018-02-13 09:00,-11.7421,133.038,
2018096S15172,Keni (2018),2018,SP,Category 2,90.0,103.6,968.0,2018-04-06,2018-04-12,6.2,At Sea / Open Water,At Sea / Open Water,N/A,,,
2018265N08338,Kirk (2018),2018,Unknown,Tropical Storm,55.0,63.3,998.0,2018-09-22,2018-09-28,6.5,At Sea / Open Water,At Sea / Open Water,N/A,,,
2018271N06154,Kong-Rey (2018),2018,WP,Category 5,150.0,172.6,906.0,2018-09-27,2018-10-07,10.0,Landfall,Tropical Storm,2018-10-06 00:00,34.775,128.25,60.0
2018219N15237,Kristy (2018),2018,EP,Tropical Storm,60.0,69.0,991.0,2018-08-06,2018-08-13,6.2,At Sea / Open Water,At Sea / Open Water,N/A,,,
2018226N11245,Lane (2018),2018,EP,Category 5,140.0,161.1,926.0,2018-08-13,2018-08-29,15.8,At Sea / Open Water,At Sea / Open Water,N/A,,,
2018222N16147,Leepi (2018),2018,WP,Category 1,65.0,74.8,982.0,2018-08-10,2018-08-15,5.8,Landfall,Tropical Storm,2018-08-14 18:00,32.45,131.4,40.0
2018265N35315,Leslie (2018),2018,Unknown,Category 1,80.0,92.1,968.0,2018-09-22,2018-10-14,22.0,Landfall,Tropical Storm,2018-10-14 00:00,41.1,-7.6,40.0
2018070S10160,Linda (2018),2018,SP,Tropical Storm,55.0,63.3,989.0,2018-03-11,2018-03-15,4.5,Landfall,Tropical Depression,2018-03-11 06:00,-9.5,160.0,15.0
2018279N11069,Luban (2018),2018,NI,Category 2,85.0,97.8,959.0,2018-10-05,2018-10-15,9.2,Landfall,Tropical Storm,2018-10-14 06:00,15.85,52.15,35.0
2018155N10132,Maliksi (2018),2018,WP,Tropical Storm,60.0,69.0,974.0,2018-06-03,2018-06-12,9.0,At Sea / Open Water,At Sea / Open Water,N/A,,,
2018324N05155,Man-Yi (2018),2018,WP,Category 2,95.0,109.3,959.0,2018-11-20,2018-11-30,10.5,At Sea / Open Water,At Sea / Open Water,N/A,,,
2018250N12170,Mangkhut (2018),2018,WP,Category 5,155.0,178.4,896.0,2018-09-06,2018-09-17,11.2,Landfall,Category 4,2018-09-14 21:00,18.0325,121.419,127.0
2018073S09129,Marcus (2018),2018,SI,Category 5,150.0,172.6,906.0,2018-03-14,2018-03-25,11.0,Landfall,Tropical Storm,2018-03-16 12:00,-11.2,131.95,50.0
2018184N10147,Maria (2018),2018,WP,Category 5,145.0,166.9,910.0,2018-07-03,2018-07-13,10.0,Landfall,Category 2,2018-07-11 03:00,26.3821,119.097,85.0
2018136N11054,Mekunu:Sagar (2018),2018,NI,Category 3,100.0,115.1,948.0,2018-05-15,2018-05-27,11.5,Landfall,Tropical Storm,2018-05-19 09:00,10.525,44.0,52.0
2018280N18273,Michael (2018),2018,Unknown,Category 5,140.0,161.1,919.0,2018-10-06,2018-10-15,9.0,Landfall,Category 5,2018-10-10 17:30,30.0,-85.5,140.0
2018238N13239,Miriam (2018),2018,EP,Category 2,85.0,97.8,974.0,2018-08-25,2018-09-03,8.5,At Sea / Open Water,At Sea / Open Water,N/A,,,
2018282N09333,Nadine (2018),2018,Unknown,Tropical Storm,55.0,63.3,995.0,2018-10-08,2018-10-12,4.2,At Sea / Open Water,At Sea / Open Water,N/A,,,
2018079S08137,Nora (2018),2018,SP,Category 3,100.0,115.1,956.0,2018-03-20,2018-03-26,6.2,Landfall,Tropical Storm,2018-03-24 21:00,-15.8475,141.471,57.0
2018240N15251,Norman (2018),2018,EP,Category 4,130.0,149.6,937.0,2018-08-27,2018-09-10,13.5,At Sea / Open Water,At Sea / Open Water,N/A,,,
2018129N15153,Not_Named (2018),2018,WP,Tropical Storm,35.0,40.3,1004.0,2018-05-09,2018-05-14,5.8,At Sea / Open Water,At Sea / Open Water,N/A,,,
2018148N17090,Not_Named (2018),2018,NI,Tropical Storm,45.0,51.8,989.0,2018-05-28,2018-05-30,2.1,Landfall,Tropical Storm,2018-05-29 15:00,19.6584,93.6384,40.0
2018164N21120,Not_Named (2018),2018,WP,Tropical Storm,35.0,40.3,993.0,2018-06-13,2018-06-14,1.2,At Sea / Open Water,At Sea / Open Water,N/A,,,
2018202N18116,Not_Named (2018),2018,WP,Tropical Storm,35.0,40.3,995.0,2018-07-20,2018-07-24,3.5,At Sea / Open Water,At Sea / Open Water,N/A,,,
2018211N27152,Not_Named (2018),2018,WP,Tropical Storm,35.0,40.3,996.0,2018-07-30,2018-08-02,3.0,At Sea / Open Water,At Sea / Open Water,N/A,,,
2018244N14252,Olivia (2018),2018,EP,Category 4,115.0,132.3,951.0,2018-09-01,2018-09-14,13.5,At Sea / Open Water,At Sea / Open Water,N/A,,,
2018300N25315,Oscar (2018),2018,Unknown,Category 2,95.0,109.3,952.0,2018-10-26,2018-11-04,8.8,At Sea / Open Water,At Sea / Open Water,N/A,,,
2018365N08115,Pabuk (2018),2018,WP,Tropical Storm,50.0,57.5,996.0,2018-12-30,2019-01-07,8.2,Landfall,Tropical Storm,2019-01-04 09:00,8.26117,100.242,45.0
2018251N15248,Paul (2018),2018,EP,Tropical Storm,40.0,46.0,1002.0,2018-09-07,2018-09-14,7.2,At Sea / Open Water,At Sea / Open Water,N/A,,,
2018347N07089,Phethai (2018),2018,NI,Tropical Storm,55.0,63.3,989.0,2018-12-13,2018-12-17,4.8,Landfall,Tropical Depression,2018-12-17 15:00,17.3601,82.6085,27.0
2018179N19134,Prapiroon (2018),2018,WP,Category 1,80.0,92.1,960.0,2018-06-27,2018-07-05,7.8,Landfall,Tropical Depression,2018-07-05 06:00,41.7,140.35,
2018268N14253,Rosa (2018),2018,EP,Category 4,130.0,149.6,936.0,2018-09-25,2018-10-02,7.2,Landfall,Tropical Depression,2018-10-02 11:00,29.2,-114.6,30.0
2018226N23128,Rumbia (2018),2018,WP,Tropical Storm,50.0,57.5,978.0,2018-08-14,2018-08-20,6.8,Landfall,Tropical Storm,2018-08-16 21:00,30.904,121.228,47.0
2018039N08151,Sanba (2018),2018,WP,Tropical Storm,40.0,46.0,999.0,2018-02-08,2018-02-16,8.2,Landfall,Tropical Storm,2018-02-13 00:00,9.2,126.2,35.0
2018273N12259,Sergio (2018),2018,EP,Category 4,120.0,138.1,942.0,2018-09-29,2018-10-12,13.2,Landfall,Tropical Storm,2018-10-12 12:00,26.6,-113.0,45.0
2018214N19153,Shanshan (2018),2018,WP,Category 2,85.0,97.8,953.0,2018-08-02,2018-08-11,9.2,At Sea / Open Water,At Sea / Open Water,N/A,,,
2018195N19138,Son-Tinh (2018),2018,WP,Tropical Storm,50.0,57.5,989.0,2018-07-13,2018-07-24,11.2,Landfall,Tropical Storm,2018-07-17 21:00,18.7885,110.37,40.0
2018227N11145,Soulik (2018),2018,WP,Category 3,105.0,120.8,942.0,2018-08-15,2018-08-30,15.2,Landfall,Tropical Storm,2018-08-23 12:00,34.55,126.25,50.0
2018288N17257,Tara (2018),2018,EP,Tropical Storm,55.0,63.3,995.0,2018-10-14,2018-10-16,2.2,At Sea / Open Water,At Sea / Open Water,N/A,,,
2018281N14088,Titli (2018),2018,NI,Category 3,105.0,120.8,944.0,2018-10-08,2018-10-12,4.9,Landfall,Category 3,2018-10-11 00:00,18.75,84.35,100.0
2018263N12146,Trami (2018),2018,WP,Category 5,140.0,161.1,914.0,2018-09-20,2018-10-03,13.5,Landfall,Category 1,2018-09-30 11:00,33.8252,135.444,70.0
2018311N07179,Usagi (2018),2018,WP,Category 2,90.0,103.6,971.0,2018-11-07,2018-11-26,19.8,Landfall,Tropical Depression,2018-11-20 18:00,11.275,125.3,20.0
2018292N13269,Vicente (2018),2018,EP,Tropical Storm,45.0,51.8,1002.0,2018-10-19,2018-10-23,4.6,Landfall,Tropical Depression,2018-10-23 13:30,18.0,-102.4,25.0
2018269N11220,Walaka (2018),2018,EP,Category 5,140.0,161.1,921.0,2018-09-26,2018-10-07,11.2,At Sea / Open Water,At Sea / Open Water,N/A,,,
2018292N14261,Willa (2018),2018,EP,Category 5,140.0,161.1,925.0,2018-10-19,2018-10-24,5.2,Landfall,Category 3,2018-10-24 01:30,22.7,-105.8,100.0
2018202N21159,Wukong (2018),2018,WP,Category 1,65.0,74.8,974.0,2018-07-21,2018-07-27,6.2,At Sea / Open Water,At Sea / Open Water,N/A,,,
2018306N14249,Xavier (2018),2018,EP,Tropical Storm,55.0,63.3,995.0,2018-11-02,2018-11-09,7.0,At Sea / Open Water,At Sea / Open Water,N/A,,,
2018218N18134,Yagi (2018),2018,WP,Tropical Storm,45.0,51.8,983.0,2018-08-06,2018-08-16,10.0,Landfall,Tropical Storm,2018-08-12 15:00,28.3089,121.503,40.0
2018294N08161,Yutu (2018),2018,WP,Category 5,150.0,172.6,904.0,2018-10-20,2018-11-03,13.5,Landfall,Category 3,2018-10-29 21:00,16.7662,122.297,97.0
2019246N15225,Akoni (2019),2019,EP,Tropical Storm,35.0,40.3,1004.0,2019-09-03,2019-09-06,3.5,At Sea / Open Water,At Sea / Open Water,N/A,,,
2018309S06068,Alcide (2019),2019,SI,Category 4,115.0,132.3,952.0,2018-11-04,2018-11-15,11.2,At Sea / Open Water,At Sea / Open Water,N/A,,,
2019177N15256,Alvin (2019),2019,EP,Category 1,65.0,74.8,992.0,2019-06-25,2019-06-30,4.5,At Sea / Open Water,At Sea / Open Water,N/A,,,
2019141N28291,Andrea (2019),2019,Unknown,Tropical Storm,35.0,40.3,1006.0,2019-05-20,2019-05-22,1.5,At Sea / Open Water,At Sea / Open Water,N/A,,,
2019128S10162,Ann (2019),2019,SP,Tropical Storm,60.0,69.0,989.0,2019-05-08,2019-05-18,10.5,Landfall,Tropical Depression,2019-05-08 03:00,-10.4836,161.825,
2019231N13135,Bailu (2019),2019,WP,Tropical Storm,60.0,69.0,979.0,2019-08-19,2019-08-26,7.2,Landfall,Tropical Storm,2019-08-24 06:00,22.3,120.675,60.0
2019181N10252,Barbara (2019),2019,EP,Category 4,135.0,155.4,930.0,2019-06-30,2019-07-08,8.0,At Sea / Open Water,At Sea / Open Water,N/A,,,
2019192N29274,Barry (2019),2019,Unknown,Category 1,65.0,74.8,993.0,2019-07-10,2019-07-16,5.8,Landfall,Category 1,2019-07-13 15:00,29.6,-92.2,65.0
2018313S05090,Bouchra (2019),2019,SI,Tropical Storm,60.0,69.0,977.0,2018-11-09,2018-11-22,12.8,At Sea / Open Water,At Sea / Open Water,N/A,,,
2019290N08169,Bualoi (2019),2019,WP,Category 5,140.0,161.1,922.0,2019-10-17,2019-10-26,8.8,At Sea / Open Water,At Sea / Open Water,N/A,,,
2019302N11118,Bulbul:Matmo (2019),2019,NI,Category 3,105.0,120.8,955.0,2019-10-28,2019-11-11,13.5,Landfall,Tropical Storm,2019-10-30 18:00,13.475,108.775,50.0
2019233N40300,Chantal (2019),2019,Unknown,Tropical Storm,35.0,40.3,1007.0,2019-08-20,2019-08-26,6.0,At Sea / Open Water,At Sea / Open Water,N/A,,,
2018351S09059,Cilida (2019),2019,SI,Category 4,135.0,155.4,925.0,2018-12-16,2018-12-28,11.8,At Sea / Open Water,At Sea / Open Water,N/A,,,
2019188N16245,Cosme (2019),2019,EP,Tropical Storm,45.0,51.8,1001.0,2019-07-06,2019-07-10,4.2,At Sea / Open Water,At Sea / Open Water,N/A,,,
2019203N15244,Dalila (2019),2019,EP,Tropical Storm,40.0,46.0,1004.0,2019-07-22,2019-07-26,4.2,At Sea / Open Water,At Sea / Open Water,N/A,,,
2019195N13136,Danas (2019),2019,WP,Tropical Storm,45.0,51.8,984.0,2019-07-14,2019-07-23,9.2,Landfall,Tropical Depression,2019-07-20 15:00,36.0031,126.732,22.0
2019018S24033,Desmond (2019),2019,SI,Tropical Storm,45.0,51.8,989.0,2019-01-17,2019-01-22,4.5,Landfall,Tropical Depression,2019-01-17 12:00,-23.6,33.4,
2019236N10314,Dorian (2019),2019,Unknown,Category 5,160.0,184.1,910.0,2019-08-24,2019-09-09,15.8,Landfall,Category 1,2019-09-08 00:00,45.2,-62.9,80.0
2019285N15198,Ema (2019),2019,EP,Tropical Storm,45.0,51.8,1003.0,2019-10-11,2019-10-16,4.8,At Sea / Open Water,At Sea / Open Water,N/A,,,
2019209N11237,Erick (2019),2019,EP,Category 4,115.0,132.3,952.0,2019-07-27,2019-08-08,11.5,At Sea / Open Water,At Sea / Open Water,N/A,,,
2019239N32287,Erin (2019),2019,Unknown,Tropical Storm,35.0,40.3,1002.0,2019-08-26,2019-08-29,3.2,At Sea / Open Water,At Sea / Open Water,N/A,,,
2019116N02090,Fani (2019),2019,NI,Category 5,150.0,172.6,900.0,2019-04-25,2019-05-04,8.8,Landfall,Category 4,2019-05-03 06:00,20.2,85.9,115.0
2019242N14180,Faxai (2019),2019,WP,Category 4,115.0,132.3,940.0,2019-08-30,2019-09-11,12.2,Landfall,Category 2,2019-09-08 17:00,35.1308,139.55,91.0
2019314N12172,Fengshen (2019),2019,WP,Category 4,115.0,132.3,946.0,2019-11-09,2019-11-18,8.8,At Sea / Open Water,At Sea / Open Water,N/A,,,
2019246N24266,Fernand (2019),2019,Unknown,Tropical Storm,45.0,51.8,1000.0,2019-09-03,2019-09-05,1.8,Landfall,Tropical Depression,2019-09-04 18:00,24.3,-98.0,30.0
2019210N11253,Flossie (2019),2019,EP,Category 1,70.0,80.6,987.0,2019-07-28,2019-08-07,9.5,At Sea / Open Water,At Sea / Open Water,N/A,,,
2019213N17155,Francisco (2019),2019,WP,Category 1,80.0,92.1,966.0,2019-08-01,2019-08-11,10.2,Landfall,Category 1,2019-08-05 20:00,32.0448,131.446,74.0
2019035S13070,Funani (2019),2019,SI,Category 4,120.0,138.1,940.0,2019-02-03,2019-02-10,6.8,At Sea / Open Water,At Sea / Open Water,N/A,,,
2019322N11144,Fung-Wong (2019),2019,WP,Category 1,65.0,74.8,988.0,2019-11-17,2019-11-25,7.5,At Sea / Open Water,At Sea / Open Water,N/A,,,
2019246N16330,Gabrielle (2019),2019,Unknown,Tropical Storm,55.0,63.3,995.0,2019-09-03,2019-09-11,8.5,At Sea / Open Water,At Sea / Open Water,N/A,,,
2019035S11058,Gelena (2019),2019,SI,Category 4,120.0,138.1,946.0,2019-02-04,2019-02-16,12.2,At Sea / Open Water,At Sea / Open Water,N/A,,,
2019215N13242,Gil (2019),2019,EP,Tropical Storm,35.0,40.3,1006.0,2019-08-02,2019-08-06,3.2,At Sea / Open Water,At Sea / Open Water,N/A,,,
2019278N16165,Hagibis (2019),2019,WP,Category 5,160.0,184.1,890.0,2019-10-04,2019-10-14,10.2,Landfall,Category 1,2019-10-12 12:00,35.575,139.425,75.0
2019060S10078,Haleh (2019),2019,SI,Category 4,115.0,132.3,941.0,2019-02-28,2019-03-10,9.5,At Sea / Open Water,At Sea / Open Water,N/A,,,
2019306N10162,Halong (2019),2019,WP,Category 5,165.0,189.9,888.0,2019-11-01,2019-11-10,8.8,At Sea / Open Water,At Sea / Open Water,N/A,,,
2019224N18252,Henriette (2019),2019,EP,Tropical Storm,40.0,46.0,1003.0,2019-08-11,2019-08-15,3.2,At Sea / Open Water,At Sea / Open Water,N/A,,,
2019264N19071,Hikaa:Hikka (2019),2019,NI,Category 2,90.0,103.6,969.0,2019-09-20,2019-09-26,5.5,Landfall,Category 1,2019-09-24 15:00,19.7212,57.6138,67.0
2019256N23286,Humberto (2019),2019,Unknown,Category 3,110.0,126.6,950.0,2019-09-12,2019-09-20,8.0,At Sea / Open Water,At Sea / Open Water,N/A,,,
2019063S18038,Idai (2019),2019,SI,Category 4,115.0,132.3,947.0,2019-03-04,2019-03-16,12.5,Landfall,Tropical Depression,2019-03-04 15:00,-17.5149,37.2701,
2019261N28264,Imelda (2019),2019,Unknown,Tropical Storm,40.0,46.0,1003.0,2019-09-17,2019-09-19,1.5,Landfall,Tropical Storm,2019-09-17 17:45,28.9,-95.4,40.0
2019233N15255,Ivo (2019),2019,EP,Tropical Storm,60.0,69.0,990.0,2019-08-21,2019-08-27,5.8,At Sea / Open Water,At Sea / Open Water,N/A,,,
2019260N13317,Jerry (2019),2019,Unknown,Category 2,90.0,103.6,976.0,2019-09-17,2019-09-28,11.0,At Sea / Open Water,At Sea / Open Water,N/A,,,
2019078S13066,Joaninha (2019),2019,SI,Category 4,120.0,138.1,938.0,2019-03-18,2019-04-01,14.0,At Sea / Open Water,At Sea / Open Water,N/A,,,
2019244N13253,Juliette (2019),2019,EP,Category 3,110.0,126.6,953.0,2019-09-01,2019-09-09,8.5,At Sea / Open Water,At Sea / Open Water,N/A,,,
2019242N18126,Kajiki (2019),2019,WP,Tropical Storm,35.0,40.3,993.0,2019-08-30,2019-09-07,8.2,Landfall,Tropical Depression,2019-09-02 03:00,18.686,110.168,30.0
2019314N14136,Kalmaegi (2019),2019,WP,Category 2,90.0,103.6,963.0,2019-11-09,2019-11-22,12.8,Landfall,Tropical Storm,2019-11-19 21:00,17.9949,121.928,55.0
2019329N09160,Kammuri (2019),2019,WP,Category 4,120.0,138.1,938.0,2019-11-24,2019-12-06,12.0,Landfall,Category 4,2019-12-02 15:00,13.0068,124.094,117.0
2019265N12301,Karen (2019),2019,Unknown,Tropical Storm,40.0,46.0,1003.0,2019-09-22,2019-09-27,5.5,At Sea / Open Water,At Sea / Open Water,N/A,,,
2018348S08093,Kenanga (2019),2019,SI,Category 4,115.0,132.3,944.0,2018-12-14,2018-12-26,12.0,At Sea / Open Water,At Sea / Open Water,N/A,,,
2019112S10053,Kenneth (2019),2019,SI,Category 4,125.0,143.8,934.0,2019-04-21,2019-04-28,6.5,Landfall,Category 3,2019-04-25 15:00,-12.1612,40.4524,97.0
2019255N15251,Kiko (2019),2019,EP,Category 4,115.0,132.3,950.0,2019-09-12,2019-09-26,14.5,At Sea / Open Water,At Sea / Open Water,N/A,,,
2019216N16147,Krosa (2019),2019,WP,Category 3,100.0,115.1,945.0,2019-08-04,2019-08-17,13.5,Landfall,Tropical Storm,2019-08-15 03:00,33.3688,132.428,52.0
2019296N15066,Kyaar:Kyarr (2019),2019,NI,Category 4,135.0,155.4,924.0,2019-10-22,2019-11-03,11.5,At Sea / Open Water,At Sea / Open Water,N/A,,,
2019214N15134,Lekima (2019),2019,WP,Category 4,135.0,155.4,904.0,2019-08-02,2019-08-14,12.5,Landfall,Category 2,2019-08-09 18:00,28.325,121.375,90.0
2019127S06130,Lili (2019),2019,SI,Tropical Storm,55.0,63.3,993.0,2019-05-06,2019-05-11,4.8,At Sea / Open Water,At Sea / Open Water,N/A,,,
2019243N06136,Lingling (2019),2019,WP,Category 4,120.0,138.1,928.0,2019-08-30,2019-09-12,12.5,Landfall,Category 1,2019-09-07 06:00,37.9,125.225,65.0
2018269S09157,Liua (2019),2019,SP,Tropical Storm,45.0,51.8,989.0,2018-09-25,2018-09-30,5.0,Landfall,Tropical Depression,2018-09-26 09:00,-9.84252,159.843,30.0
2019260N12262,Lorena (2019),2019,EP,Category 1,75.0,86.3,985.0,2019-09-17,2019-09-22,5.2,Landfall,Category 1,2019-09-19 06:00,19.3,-104.8,65.0
2019266N11341,Lorenzo (2019),2019,Unknown,Category 5,140.0,161.1,925.0,2019-09-22,2019-10-04,11.5,Landfall,Tropical Storm,2019-10-04 06:00,54.5,-8.2,50.0
2019112S04079,Lorna (2019),2019,SI,Category 2,90.0,103.6,965.0,2019-04-21,2019-04-30,8.8,At Sea / Open Water,At Sea / Open Water,N/A,,,
2019301N05081,Maha (2019),2019,NI,Category 3,105.0,120.8,959.0,2019-10-28,2019-11-11,13.8,At Sea / Open Water,At Sea / Open Water,N/A,,,
2019260N10253,Mario (2019),2019,EP,Tropical Storm,60.0,69.0,991.0,2019-09-16,2019-09-24,8.2,At Sea / Open Water,At Sea / Open Water,N/A,,,
2019282N35286,Melissa (2019),2019,Unknown,Tropical Storm,55.0,63.3,994.0,2019-10-08,2019-10-14,6.0,At Sea / Open Water,At Sea / Open Water,N/A,,,
2019268N10155,Mitag (2019),2019,WP,Category 2,90.0,103.6,961.0,2019-09-24,2019-10-05,11.0,Landfall,Tropical Storm,2019-10-02 15:00,35.0475,127.236,40.0
2019001S10162,Mona (2019),2019,SP,Tropical Storm,50.0,57.5,989.0,2018-12-31,2019-01-09,8.5,At Sea / Open Water,At Sea / Open Water,N/A,,,
2019182N18114,Mun (2019),2019,WP,Tropical Storm,35.0,40.3,992.0,2019-07-01,2019-07-04,3.5,Landfall,Tropical Depression,2019-07-02 18:00,19.0,110.325,20.0
2019308N13114,Nakri (2019),2019,WP,Category 1,65.0,74.8,982.0,2019-11-04,2019-11-11,7.2,Landfall,Tropical Storm,2019-11-10 18:00,12.8067,109.28,45.0
2019272N14261,Narda (2019),2019,EP,Tropical Storm,45.0,51.8,997.0,2019-09-28,2019-10-01,2.8,Landfall,Tropical Storm,2019-09-29 14:00,18.0,-102.0,40.0
2019205N23137,Nari (2019),2019,WP,Tropical Storm,35.0,40.3,991.0,2019-07-24,2019-07-29,5.5,Landfall,Tropical Depression,2019-07-26 21:00,33.9774,136.182,32.0
2019040S17183,Neil (2019),2019,SP,Tropical Storm,40.0,46.0,994.0,2019-02-09,2019-02-10,1.5,At Sea / Open Water,At Sea / Open Water,N/A,,,
2019288N16136,Neoguri (2019),2019,WP,Category 2,95.0,109.3,964.0,2019-10-15,2019-10-22,7.0,At Sea / Open Water,At Sea / Open Water,N/A,,,
2019291N22264,Nestor (2019),2019,Unknown,Tropical Storm,50.0,57.5,996.0,2019-10-17,2019-10-21,3.5,Landfall,Tropical Storm,2019-10-19 18:00,30.2,-85.4,40.0
2018256S07076,Not_Named (2019),2019,SI,Tropical Storm,45.0,51.8,1002.0,2018-09-13,2018-09-19,6.0,At Sea / Open Water,At Sea / Open Water,N/A,,,
2019071N04161,Not_Named (2019),2019,WP,Tropical Storm,35.0,40.3,1001.0,2019-03-11,2019-03-19,7.8,Landfall,Tropical Depression,2019-03-19 00:00,6.42857,125.071,20.0
2019178N10137,Not_Named (2019),2019,WP,Tropical Storm,35.0,40.3,998.0,2019-06-27,2019-07-01,4.2,At Sea / Open Water,At Sea / Open Water,N/A,,,
2019337N11072,Not_Named (2019),2019,NI,Tropical Storm,55.0,63.3,993.0,2019-12-02,2019-12-06,3.8,At Sea / Open Water,At Sea / Open Water,N/A,,,
2019290N11234,Octave (2019),2019,EP,Tropical Storm,40.0,46.0,1006.0,2019-10-17,2019-10-21,4.2,At Sea / Open Water,At Sea / Open Water,N/A,,,
2019299N25265,Olga (2019),2019,Unknown,Tropical Storm,45.0,51.8,992.0,2019-10-25,2019-10-27,2.2,Landfall,Tropical Storm,2019-10-26 09:00,30.0482,-90.5544,45.0
2019042S17162,Oma (2019),2019,SP,Category 1,75.0,86.3,968.0,2019-02-11,2019-02-28,17.5,Landfall,Tropical Storm,2019-02-25 09:00,-22.3135,166.784,37.0
2018334S08156,Owen (2019),2019,SP,Category 2,85.0,97.8,965.0,2018-11-29,2018-12-22,22.1,Landfall,Tropical Storm,2018-12-09 18:00,-16.3,145.45,35.0
2019297N40322,Pablo (2019),2019,Unknown,Category 1,70.0,80.6,977.0,2019-10-23,2019-10-29,5.2,At Sea / Open Water,At Sea / Open Water,N/A,,,
2019335N05058,Pawan (2019),2019,NI,Tropical Storm,45.0,51.8,997.0,2019-11-30,2019-12-07,7.0,Landfall,Tropical Storm,2019-12-07 00:00,7.65,49.75,40.0
2019255N09162,Peipah (2019),2019,WP,Tropical Storm,35.0,40.3,999.0,2019-09-12,2019-09-17,5.0,At Sea / Open Water,At Sea / Open Water,N/A,,,
2018362S13147,Penny (2019),2019,SP,Tropical Storm,55.0,63.3,987.0,2018-12-28,2019-01-09,12.5,Landfall,Tropical Depression,2018-12-30 03:00,-13.2863,143.334,25.0
2019354N05151,Phanfone (2019),2019,WP,Category 3,105.0,120.8,958.0,2019-12-19,2019-12-29,9.8,At Sea / Open Water,At Sea / Open Water,N/A,,,
2019236N08143,Podul (2019),2019,WP,Tropical Storm,40.0,46.0,993.0,2019-08-24,2019-08-31,6.8,Landfall,Tropical Depression,2019-08-27 18:00,16.275,120.425,25.0
2019057S13184,Pola (2019),2019,SP,Category 3,100.0,115.1,948.0,2019-02-25,2019-03-03,5.5,At Sea / Open Water,At Sea / Open Water,N/A,,,
2019293N17257,Priscilla (2019),2019,EP,Tropical Storm,40.0,46.0,1003.0,2019-10-19,2019-10-21,1.5,Landfall,Tropical Storm,2019-10-20 19:30,18.9,-104.0,35.0
2019317N11248,Raymond (2019),2019,EP,Tropical Storm,45.0,51.8,1001.0,2019-11-13,2019-11-17,4.5,At Sea / Open Water,At Sea / Open Water,N/A,,,
2019300N41309,Rebekah (2019),2019,Unknown,Category 1,70.0,80.6,965.0,2019-10-27,2019-11-01,5.5,At Sea / Open Water,At Sea / Open Water,N/A,,,
2019021S09128,Riley (2019),2019,SI,Category 1,75.0,86.3,970.0,2019-01-21,2019-02-05,15.0,At Sea / Open Water,At Sea / Open Water,N/A,,,
2019067S11115,Savannah (2019),2019,SI,Category 3,105.0,120.8,957.0,2019-03-08,2019-03-22,14.5,At Sea / Open Water,At Sea / Open Water,N/A,,,
2019323N19302,Sebastien (2019),2019,Unknown,Tropical Storm,60.0,69.0,970.0,2019-11-19,2019-11-27,8.2,Landfall,Tropical Storm,2019-11-26 09:00,51.9343,-9.09763,47.0
2019260N20129,Tapah (2019),2019,WP,Category 1,65.0,74.8,967.0,2019-09-17,2019-09-23,6.5,At Sea / Open Water,At Sea / Open Water,N/A,,,
2019074S08151,Trevor (2019),2019,SP,Category 3,110.0,126.6,948.0,2019-03-14,2019-03-27,13.0,Landfall,Tropical Storm,2019-03-16 06:00,-9.685,149.44,35.0
2019160N11073,Vayu (2019),2019,NI,Category 3,100.0,115.1,948.0,2019-06-08,2019-06-18,9.5,Landfall,Tropical Depression,2019-06-17 21:00,23.2097,68.59,20.0
2019077S13123,Veronica (2019),2019,SI,Category 4,130.0,149.6,925.0,2019-03-18,2019-03-30,12.5,Landfall,Tropical Depression,2019-03-26 15:00,-21.8962,114.015,30.0
2019093S07133,Wallace (2019),2019,SI,Tropical Storm,60.0,69.0,992.0,2019-04-03,2019-04-13,10.8,At Sea / Open Water,At Sea / Open Water,N/A,,,
2019210N16117,Wipha (2019),2019,WP,Tropical Storm,55.0,63.3,983.0,2019-07-29,2019-08-04,6.2,Landfall,Tropical Storm,2019-07-31 22:00,19.9424,110.909,40.0
2019050N05163,Wutip (2019),2019,WP,Category 5,145.0,166.9,895.0,2019-02-18,2019-03-02,11.8,At Sea / Open Water,At Sea / Open Water,N/A,,,
2020259N47338,Alpha (2020),2020,Unknown,Tropical Storm,60.0,69.0,992.0,2020-09-14,2020-09-19,4.5,Landfall,Tropical Storm,2020-09-18 18:40,40.0,-8.9,45.0
2020152N12269,Amanda (2020),2020,EP,Tropical Storm,35.0,40.3,1003.0,2020-05-30,2020-05-31,0.8,Landfall,Tropical Storm,2020-05-31 12:00,14.1,-90.3,35.0
2019337S04065,Ambali (2020),2020,SI,Category 5,140.0,161.1,918.0,2019-12-03,2019-12-09,6.0,At Sea / Open Water,At Sea / Open Water,N/A,,,
2020136N10088,Amphan (2020),2020,NI,Category 5,145.0,166.9,901.0,2020-05-15,2020-05-21,6.2,Landfall,Category 2,2020-05-20 12:00,22.05,88.35,95.0
2020138N28281,Arthur (2020),2020,Unknown,Tropical Storm,55.0,63.3,989.0,2020-05-16,2020-05-21,4.2,At Sea / Open Water,At Sea / Open Water,N/A,,,
2020303N05149,Atsani (2020),2020,WP,Tropical Storm,50.0,57.5,993.0,2020-10-29,2020-11-07,9.6,At Sea / Open Water,At Sea / Open Water,N/A,,,
2020234N19123,Bavi (2020),2020,WP,Category 3,100.0,115.1,942.0,2020-08-20,2020-08-29,9.0,Landfall,Category 1,2020-08-26 21:00,38.0848,124.787,72.0
2019336S06055,Belna (2020),2020,SI,Category 3,105.0,120.8,955.0,2019-12-02,2019-12-11,9.2,Landfall,Category 3,2019-12-09 15:00,-16.1075,45.0175,100.0
2020148N32281,Bertha (2020),2020,Unknown,Tropical Storm,45.0,51.8,1005.0,2020-05-27,2020-05-28,1.2,Landfall,Tropical Storm,2020-05-27 13:30,32.9,-79.7,45.0
2020261N21265,Beta (2020),2020,Unknown,Tropical Storm,55.0,63.3,993.0,2020-09-17,2020-09-25,8.0,Landfall,Tropical Storm,2020-09-22 02:45,28.4,-96.4,45.0
2020004S14122,Blake (2020),2020,SI,Tropical Storm,55.0,63.3,989.0,2020-01-04,2020-01-10,6.0,Landfall,Tropical Storm,2020-01-06 09:00,-17.28,122.301,52.0
2020176N10228,Boris (2020),2020,EP,Tropical Storm,35.0,40.3,1005.0,2020-06-24,2020-06-30,6.0,At Sea / Open Water,At Sea / Open Water,N/A,,,
2020335N06090,Burevi (2020),2020,NI,Tropical Storm,45.0,51.8,999.0,2020-11-29,2020-12-05,5.8,Landfall,Tropical Storm,2020-12-02 21:00,8.99252,80.87,40.0
2019352S14070,Calvinia (2020),2020,SI,Category 1,75.0,86.3,969.0,2019-12-17,2020-01-03,17.2,At Sea / Open Water,At Sea / Open Water,N/A,,,
2020277N21141,Chan-Hom (2020),2020,WP,Category 1,80.0,92.1,963.0,2020-10-03,2020-10-19,16.0,At Sea / Open Water,At Sea / Open Water,N/A,,,
2020005S08133,Claudia (2020),2020,SI,Category 2,85.0,97.8,971.0,2020-01-04,2020-01-19,14.5,Landfall,Tropical Depression,2020-01-09 00:00,-12.0,134.05,25.0
2020189N10261,Cristina (2020),2020,EP,Tropical Storm,60.0,69.0,993.0,2020-07-06,2020-07-15,9.0,At Sea / Open Water,At Sea / Open Water,N/A,,,
2020154N19269,Cristobal (2020),2020,Unknown,Tropical Storm,50.0,57.5,982.0,2020-06-01,2020-06-12,10.5,Landfall,Tropical Storm,2020-06-03 15:00,18.5797,-91.9762,48.0
2020034S17129,Damien (2020),2020,SI,Category 2,95.0,109.3,956.0,2020-02-03,2020-02-10,7.5,Landfall,Tropical Depression,2020-02-03 00:00,-16.7,129.3,
2020279N16284,Delta (2020),2020,Unknown,Category 4,120.0,138.1,953.0,2020-10-04,2020-10-11,7.0,Landfall,Category 2,2020-10-07 10:30,20.8,-86.9,90.0
2020022S17043,Diane (2020),2020,SI,Tropical Storm,55.0,63.3,985.0,2020-01-22,2020-01-29,7.5,Landfall,Tropical Depression,2020-01-22 15:00,-16.7026,44.4086,20.0
2020174N39293,Dolly (2020),2020,Unknown,Tropical Storm,40.0,46.0,1000.0,2020-06-22,2020-06-25,2.8,At Sea / Open Water,At Sea / Open Water,N/A,,,
2020263N21136,Dolphin (2020),2020,WP,Tropical Storm,55.0,63.3,983.0,2020-09-19,2020-09-29,10.5,Landfall,Tropical Depression,2020-09-27 18:00,45.7,149.7,
2020202N15241,Douglas (2020),2020,EP,Category 4,115.0,132.3,954.0,2020-07-20,2020-07-30,10.0,At Sea / Open Water,At Sea / Open Water,N/A,,,
2020186N30289,Edouard (2020),2020,Unknown,Tropical Storm,40.0,46.0,1005.0,2020-07-04,2020-07-09,5.2,Landfall,Tropical Depression,2020-07-09 00:00,52.0,-9.0,30.0
2020221N13262,Elida (2020),2020,EP,Category 2,90.0,103.6,971.0,2020-08-08,2020-08-14,6.0,At Sea / Open Water,At Sea / Open Water,N/A,,,
2020291N32305,Epsilon (2020),2020,Unknown,Category 3,100.0,115.1,952.0,2020-10-16,2020-10-26,10.0,At Sea / Open Water,At Sea / Open Water,N/A,,,
2020023S19056,Esami (2020),2020,SI,Tropical Storm,45.0,51.8,991.0,2020-01-22,2020-01-26,4.0,Landfall,Tropical Depression,2020-01-22 21:00,-20.2206,57.7155,20.0
2020052S13140,Esther (2020),2020,SI,Tropical Storm,50.0,57.5,992.0,2020-02-21,2020-03-04,12.0,Landfall,Tropical Storm,2020-02-24 03:00,-16.7492,138.122,47.0
2020306N15288,Eta (2020),2020,Unknown,Category 4,130.0,149.6,922.0,2020-10-31,2020-11-14,13.2,Landfall,Category 4,2020-11-03 21:00,13.8,-83.5,120.0
2020312N10131,Etau (2020),2020,WP,Tropical Storm,45.0,51.8,995.0,2020-11-06,2020-11-11,4.8,Landfall,Tropical Depression,2020-11-07 09:00,12.4055,125.039,17.0
2020229N18242,Fausto (2020),2020,EP,Tropical Storm,35.0,40.3,1004.0,2020-08-16,2020-08-18,2.0,At Sea / Open Water,At Sea / Open Water,N/A,,,
2020188N28271,Fay (2020),2020,Unknown,Tropical Storm,50.0,57.5,998.0,2020-07-05,2020-07-11,6.2,Landfall,Tropical Depression,2020-07-06 06:00,29.9,-85.4,30.0
2020053S12119,Ferdinand (2020),2020,SI,Category 3,100.0,115.1,958.0,2020-02-22,2020-03-01,8.5,At Sea / Open Water,At Sea / Open Water,N/A,,,
2020034S13063,Francisco (2020),2020,SI,Tropical Storm,45.0,51.8,993.0,2020-02-03,2020-02-15,12.5,Landfall,Tropical Depression,2020-02-15 06:00,-20.0,48.8,30.0
2020045S15075,Gabekile (2020),2020,SI,Category 2,90.0,103.6,969.0,2020-02-13,2020-02-23,9.2,At Sea / Open Water,At Sea / Open Water,N/A,,,
2020276N17277,Gamma (2020),2020,Unknown,Category 1,65.0,74.8,978.0,2020-10-02,2020-10-06,4.5,Landfall,Tropical Storm,2020-10-03 18:00,20.4,-87.5,60.0
2020326N11063,Gati (2020),2020,NI,Category 3,100.0,115.1,967.0,2020-11-20,2020-11-24,4.0,Landfall,Category 1,2020-11-22 15:00,10.385,51.0137,77.0
2020230N11264,Genevieve (2020),2020,EP,Category 4,115.0,132.3,950.0,2020-08-16,2020-08-22,5.8,At Sea / Open Water,At Sea / Open Water,N/A,,,
2020299N11144,Goni (2020),2020,WP,Category 5,170.0,195.6,884.0,2020-10-25,2020-11-06,12.0,Landfall,Category 5,2020-10-31 21:00,13.5767,124.313,150.0
2020203N09323,Gonzalo (2020),2020,Unknown,Tropical Storm,55.0,63.3,997.0,2020-07-20,2020-07-25,5.2,Landfall,Tropical Depression,2020-07-25 15:30,10.5,-61.0,30.0
2020073S14149,Gretel (2020),2020,SP,Category 1,65.0,74.8,971.0,2020-03-13,2020-03-19,6.0,At Sea / Open Water,At Sea / Open Water,N/A,,,
2020213N15131,Hagupit (2020),2020,WP,Category 1,75.0,86.3,971.0,2020-07-30,2020-08-12,12.5,Landfall,Tropical Storm,2020-08-03 21:00,28.2375,120.864,62.0
2020244N25146,Haishen (2020),2020,WP,Category 4,135.0,155.4,913.0,2020-08-30,2020-09-10,10.8,Landfall,Category 1,2020-09-07 00:00,35.5,129.15,75.0
2020205N26272,Hanna (2020),2020,Unknown,Category 1,80.0,92.1,973.0,2020-07-23,2020-07-26,3.8,Landfall,Category 1,2020-07-25 23:15,26.7,-97.5,80.0
2020092S09155,Harold (2020),2020,SP,Category 5,145.0,166.9,909.0,2020-04-01,2020-04-11,10.0,Landfall,Category 4,2020-04-06 00:00,-15.6,166.867,120.0
2020238N16252,Hernan (2020),2020,EP,Tropical Storm,40.0,46.0,1001.0,2020-08-25,2020-08-28,3.5,At Sea / Open Water,At Sea / Open Water,N/A,,,
2020072S14054,Herold (2020),2020,SI,Category 3,100.0,115.1,960.0,2020-03-12,2020-03-21,8.8,At Sea / Open Water,At Sea / Open Water,N/A,,,
2020229N18123,Higos (2020),2020,WP,Tropical Storm,60.0,69.0,988.0,2020-08-16,2020-08-20,4.0,Landfall,Tropical Storm,2020-08-18 23:00,22.1349,113.177,55.0
2020318N16289,Iota (2020),2020,Unknown,Category 4,135.0,155.4,917.0,2020-11-12,2020-11-18,6.0,Landfall,Category 4,2020-11-17 03:40,13.6,-83.5,125.0
2020092S12069,Irondro (2020),2020,SI,Category 3,105.0,120.8,950.0,2020-04-01,2020-04-07,6.0,At Sea / Open Water,At Sea / Open Water,N/A,,,
2020211N13306,Isaias (2020),2020,Unknown,Category 1,80.0,92.1,986.0,2020-07-28,2020-08-05,7.8,Landfall,Tropical Storm,2020-07-30 18:00,18.9,-69.8,60.0
2020239N15243,Iselle (2020),2020,EP,Tropical Storm,50.0,57.5,997.0,2020-08-25,2020-08-31,5.8,At Sea / Open Water,At Sea / Open Water,N/A,,,
2020220N14128,Jangmi (2020),2020,WP,Tropical Storm,40.0,46.0,990.0,2020-08-06,2020-08-14,8.0,Landfall,Tropical Storm,2020-08-10 09:00,35.8339,129.231,35.0
2020104S12091,Jeruto (2020),2020,SI,Tropical Storm,40.0,46.0,1000.0,2020-04-13,2020-04-18,5.0,At Sea / Open Water,At Sea / Open Water,N/A,,,
2020224N11326,Josephine (2020),2020,Unknown,Tropical Storm,40.0,46.0,1004.0,2020-08-10,2020-08-16,5.8,At Sea / Open Water,At Sea / Open Water,N/A,,,
2020249N14265,Julio (2020),2020,EP,Tropical Storm,40.0,46.0,1004.0,2020-09-04,2020-09-07,2.5,At Sea / Open Water,At Sea / Open Water,N/A,,,
2020257N16248,Karina (2020),2020,EP,Tropical Storm,50.0,57.5,996.0,2020-09-12,2020-09-18,5.5,At Sea / Open Water,At Sea / Open Water,N/A,,,
2020270N17159,Kujira (2020),2020,WP,Category 1,65.0,74.8,974.0,2020-09-25,2020-10-02,6.5,At Sea / Open Water,At Sea / Open Water,N/A,,,
2020228N37286,Kyle (2020),2020,Unknown,Tropical Storm,45.0,51.8,1000.0,2020-08-14,2020-08-16,1.5,At Sea / Open Water,At Sea / Open Water,N/A,,,
2020233N14313,Laura (2020),2020,Unknown,Category 4,130.0,149.6,937.0,2020-08-20,2020-08-29,9.2,Landfall,Tropical Storm,2020-08-23 00:00,18.2,-68.8,45.0
2020281N14126,Linfa (2020),2020,WP,Tropical Storm,40.0,46.0,999.0,2020-10-06,2020-10-12,5.5,Landfall,Tropical Depression,2020-10-07 12:00,13.8,124.257,
2020265N16252,Lowell (2020),2020,EP,Tropical Storm,45.0,51.8,1001.0,2020-09-20,2020-09-27,7.0,At Sea / Open Water,At Sea / Open Water,N/A,,,
2020140S05094,Mangga (2020),2020,SI,Tropical Storm,40.0,46.0,996.0,2020-05-19,2020-05-23,4.5,At Sea / Open Water,At Sea / Open Water,N/A,,,
2020234N14280,Marco (2020),2020,Unknown,Category 1,65.0,74.8,991.0,2020-08-20,2020-08-25,5.0,At Sea / Open Water,At Sea / Open Water,N/A,,,
2020272N12257,Marie (2020),2020,EP,Category 4,120.0,138.1,945.0,2020-09-27,2020-10-10,12.5,At Sea / Open Water,At Sea / Open Water,N/A,,,
2020239N13134,Maysak (2020),2020,WP,Category 4,120.0,138.1,930.0,2020-08-26,2020-09-07,12.0,Landfall,Category 1,2020-09-02 18:00,35.4933,128.867,75.0
2020222N15117,Mekkhala (2020),2020,WP,Category 1,70.0,80.6,980.0,2020-08-08,2020-08-12,3.5,Landfall,Category 1,2020-08-11 00:00,24.1538,117.746,70.0
2020296N09137,Molave (2020),2020,WP,Category 3,105.0,120.8,952.0,2020-10-21,2020-10-29,7.5,Landfall,Category 1,2020-10-25 12:00,13.35,123.2,70.0
2020245N16285,Nana (2020),2020,Unknown,Category 1,65.0,74.8,994.0,2020-09-01,2020-09-04,2.8,Landfall,Category 1,2020-09-03 06:00,16.8,-88.3,65.0
2020285N17120,Nangka (2020),2020,WP,Tropical Storm,50.0,57.5,989.0,2020-10-11,2020-10-14,3.6,Landfall,Tropical Storm,2020-10-13 12:00,19.075,110.475,50.0
2020153N13072,Nisarga (2020),2020,NI,Category 2,85.0,97.8,968.0,2020-05-31,2020-06-04,3.5,Landfall,Category 1,2020-06-03 09:00,18.5137,73.2462,77.0
2020327N08086,Nivar (2020),2020,NI,Category 1,70.0,80.6,982.0,2020-11-22,2020-11-27,5.2,Landfall,Tropical Storm,2020-11-26 00:00,12.45,79.95,50.0
2020279N11256,Norbert (2020),2020,EP,Tropical Storm,50.0,57.5,1000.0,2020-10-04,2020-10-15,10.5,At Sea / Open Water,At Sea / Open Water,N/A,,,
2020019S11063,Not_Named (2020),2020,SI,Tropical Storm,45.0,51.8,998.0,2020-01-19,2020-01-24,5.0,At Sea / Open Water,At Sea / Open Water,N/A,,,
2020024S14190,Not_Named (2020),2020,SP,Tropical Storm,35.0,40.3,1000.0,2020-01-24,2020-01-28,4.5,At Sea / Open Water,At Sea / Open Water,N/A,,,
2020069S11113,Not_Named (2020),2020,SI,Tropical Storm,45.0,51.8,996.0,2020-03-09,2020-03-14,5.0,Landfall,Tropical Storm,2020-03-12 18:00,-22.0,114.55,45.0
2020202N15234,Not_Named (2020),2020,EP,Tropical Storm,35.0,40.3,1006.0,2020-07-19,2020-07-21,2.2,At Sea / Open Water,At Sea / Open Water,N/A,,,
2020222N26149,Not_Named (2020),2020,WP,Tropical Storm,45.0,51.8,1000.0,2020-08-09,2020-08-13,4.0,At Sea / Open Water,At Sea / Open Water,N/A,,,
2020258N11127,Noul (2020),2020,WP,Tropical Storm,50.0,57.5,990.0,2020-09-14,2020-09-19,5.0,Landfall,Tropical Depression,2020-09-14 15:00,12.5451,124.595,10.0
2020160N10133,Nuri (2020),2020,WP,Tropical Storm,35.0,40.3,995.0,2020-06-08,2020-06-14,6.5,Landfall,Tropical Depression,2020-06-10 06:00,12.07,125.36,20.0
2020309N14245,Odalys (2020),2020,EP,Tropical Storm,45.0,51.8,1000.0,2020-11-03,2020-11-07,4.0,At Sea / Open Water,At Sea / Open Water,N/A,,,
2020244N30279,Omar (2020),2020,Unknown,Tropical Storm,35.0,40.3,1003.0,2020-08-30,2020-09-06,6.5,At Sea / Open Water,At Sea / Open Water,N/A,,,
2020251N17319,Paulette (2020),2020,Unknown,Category 2,90.0,103.6,965.0,2020-09-07,2020-09-28,21.5,At Sea / Open Water,At Sea / Open Water,N/A,,,
2020323N15248,Polo (2020),2020,EP,Tropical Storm,40.0,46.0,1004.0,2020-11-17,2020-11-21,3.5,At Sea / Open Water,At Sea / Open Water,N/A,,,
2020251N15342,Rene (2020),2020,Unknown,Tropical Storm,40.0,46.0,1001.0,2020-09-06,2020-09-14,7.8,At Sea / Open Water,At Sea / Open Water,N/A,,,
2019326S08163,Rita (2020),2020,SP,Category 1,70.0,80.6,980.0,2019-11-22,2019-11-29,7.0,At Sea / Open Water,At Sea / Open Water,N/A,,,
2020256N25281,Sally (2020),2020,Unknown,Category 2,95.0,109.3,965.0,2020-09-11,2020-09-18,6.5,Landfall,Tropical Depression,2020-09-12 09:00,25.5422,-80.5001,32.0
2019359S08175,Sarai (2020),2020,SP,Category 1,75.0,86.3,971.0,2019-12-24,2020-01-02,8.8,At Sea / Open Water,At Sea / Open Water,N/A,,,
2020291N06141,Saudel (2020),2020,WP,Category 1,75.0,86.3,975.0,2020-10-16,2020-10-26,9.8,Landfall,Tropical Storm,2020-10-20 15:00,16.0334,121.082,42.0
2020211N14124,Sinlaku (2020),2020,WP,Tropical Storm,45.0,51.8,989.0,2020-07-29,2020-08-03,5.0,Landfall,Tropical Depression,2020-07-29 12:00,15.3,121.0,15.0
2020256N11329,Teddy (2020),2020,Unknown,Category 4,120.0,138.1,945.0,2020-09-12,2020-09-24,12.0,Landfall,Tropical Storm,2020-09-23 12:00,45.0,-62.1,55.0
2020314N28313,Theta (2020),2020,Unknown,Tropical Storm,60.0,69.0,987.0,2020-11-08,2020-11-16,8.0,At Sea / Open Water,At Sea / Open Water,N/A,,,
2020015S12170,Tino (2020),2020,SP,Category 2,85.0,97.8,955.0,2020-01-15,2020-01-20,5.5,At Sea / Open Water,At Sea / Open Water,N/A,,,
2020037S13163,Uesi (2020),2020,SP,Category 1,80.0,92.1,968.0,2020-02-06,2020-02-17,11.0,At Sea / Open Water,At Sea / Open Water,N/A,,,
2020313N08135,Vamco (2020),2020,WP,Category 4,115.0,132.3,945.0,2020-11-08,2020-11-16,8.2,Landfall,Category 2,2020-11-11 18:00,15.125,121.35,95.0
2020051S13186,Vicky (2020),2020,SP,Tropical Storm,45.0,51.8,997.0,2020-02-20,2020-02-24,4.2,Landfall,Tropical Depression,2020-02-20 09:00,-13.5235,-172.491,30.0
2020258N18332,Vicky (2020),2020,Unknown,Tropical Storm,45.0,51.8,1001.0,2020-09-14,2020-09-19,5.8,At Sea / Open Water,At Sea / Open Water,N/A,,,
2020129N07134,Vongfong (2020),2020,WP,Category 3,100.0,115.1,961.0,2020-05-08,2020-05-18,10.0,Landfall,Category 3,2020-05-14 06:00,12.2,125.3,100.0
2020052S11181,Wasi (2020),2020,SP,Tropical Storm,60.0,69.0,993.0,2020-02-20,2020-02-23,3.0,At Sea / Open Water,At Sea / Open Water,N/A,,,
2020261N10335,Wilfred (2020),2020,Unknown,Tropical Storm,35.0,40.3,1006.0,2020-09-17,2020-09-21,4.0,At Sea / Open Water,At Sea / Open Water,N/A,,,
2020299N18277,Zeta (2020),2020,Unknown,Category 3,100.0,115.1,970.0,2020-10-24,2020-10-30,5.5,Landfall,Category 1,2020-10-27 03:55,20.4,-87.4,75.0
2020317S04092,Alicia (2021),2021,SI,Category 1,75.0,86.3,978.0,2020-11-11,2020-11-20,9.0,At Sea / Open Water,At Sea / Open Water,N/A,,,
2021029S16171,Ana (2021),2021,SP,Category 1,65.0,74.8,975.0,2021-01-28,2021-02-03,5.8,Landfall,Tropical Storm,2021-01-30 18:00,-17.4,178.05,60.0
2021140N30305,Ana (2021),2021,Unknown,Tropical Storm,50.0,57.5,1004.0,2021-05-20,2021-05-24,4.0,At Sea / Open Water,At Sea / Open Water,N/A,,,
2021129N13254,Andres (2021),2021,EP,Tropical Storm,35.0,40.3,1005.0,2021-05-08,2021-05-12,4.0,At Sea / Open Water,At Sea / Open Water,N/A,,,
2021165N32282,Bill (2021),2021,Unknown,Tropical Storm,55.0,63.3,992.0,2021-06-13,2021-06-16,2.2,At Sea / Open Water,At Sea / Open Water,N/A,,,
2021029S14162,Bina (2021),2021,SP,Tropical Storm,50.0,57.5,988.0,2021-01-29,2021-02-01,3.2,Landfall,Tropical Depression,2021-02-01 03:00,-16.8838,179.029,25.0
2021151N11257,Blanca (2021),2021,EP,Tropical Storm,50.0,57.5,998.0,2021-05-30,2021-06-05,6.0,At Sea / Open Water,At Sea / Open Water,N/A,,,
2020332S11091,Bongoyo (2021),2021,SI,Tropical Storm,60.0,69.0,989.0,2020-11-26,2020-12-12,16.0,At Sea / Open Water,At Sea / Open Water,N/A,,,
2021163N11240,Carlos (2021),2021,EP,Tropical Storm,45.0,51.8,1003.0,2021-06-12,2021-06-17,5.0,At Sea / Open Water,At Sea / Open Water,N/A,,,
2021198N19117,Cempaka (2021),2021,WP,Category 1,80.0,92.1,965.0,2021-07-17,2021-07-25,8.0,Landfall,Category 1,2021-07-20 15:00,21.7663,111.831,65.0
2020355S11065,Chalane (2021),2021,SI,Category 1,70.0,80.6,985.0,2020-12-20,2021-01-04,15.0,Landfall,Tropical Depression,2020-12-26 21:00,-17.6257,49.313,32.0
2021171N09152,Champi (2021),2021,WP,Category 1,65.0,74.8,987.0,2021-06-19,2021-06-28,9.0,At Sea / Open Water,At Sea / Open Water,N/A,,,
2021248N12141,Chanthu (2021),2021,WP,Category 5,155.0,178.4,902.0,2021-09-05,2021-09-20,14.8,Landfall,Tropical Depression,2021-09-17 15:00,33.8357,132.769,32.0
2021148N05142,Choi-Wan (2021),2021,WP,Tropical Storm,45.0,51.8,996.0,2021-05-28,2021-06-06,9.0,Landfall,Tropical Depression,2021-06-01 15:00,11.8172,124.862,30.0
2021169N23268,Claudette (2021),2021,Unknown,Tropical Storm,40.0,46.0,1003.0,2021-06-17,2021-06-23,5.2,Landfall,Tropical Storm,2021-06-19 04:30,29.2,-91.0,40.0
2021248N11131,Conson (2021),2021,WP,Category 1,65.0,74.8,980.0,2021-09-05,2021-09-13,8.5,Landfall,Tropical Storm,2021-09-06 15:00,11.4426,125.495,60.0
2020366S12073,Danilo (2021),2021,SI,Tropical Storm,60.0,69.0,984.0,2020-12-30,2021-01-12,13.2,At Sea / Open Water,At Sea / Open Water,N/A,,,
2021179N30287,Danny (2021),2021,Unknown,Tropical Storm,40.0,46.0,1009.0,2021-06-27,2021-06-29,1.2,Landfall,Tropical Depression,2021-06-29 00:00,32.4,-80.7,30.0
2021264N13119,Dianmu (2021),2021,WP,Tropical Storm,35.0,40.3,1001.0,2021-09-21,2021-09-26,5.0,Landfall,Tropical Depression,2021-09-23 15:00,15.4378,108.722,32.0
2021169N14260,Dolores (2021),2021,EP,Tropical Storm,60.0,69.0,989.0,2021-06-17,2021-06-20,2.2,Landfall,Tropical Storm,2021-06-19 18:00,19.4,-103.9,50.0
2021046N06142,Dujuan (2021),2021,WP,Tropical Storm,45.0,51.8,991.0,2021-02-14,2021-02-23,8.5,Landfall,Tropical Depression,2021-02-21 21:00,11.1365,125.694,25.0
2021012S12086,Eloise (2021),2021,SI,Category 2,90.0,103.6,968.0,2021-01-11,2021-01-27,16.0,Landfall,Tropical Storm,2021-01-19 15:00,-15.1785,50.5321,47.0
2021182N09317,Elsa (2021),2021,Unknown,Category 1,75.0,86.3,991.0,2021-06-30,2021-07-10,9.5,Landfall,Tropical Storm,2021-07-05 18:30,22.2,-81.6,55.0
2021176N15259,Enrique (2021),2021,EP,Category 1,80.0,92.1,972.0,2021-06-25,2021-06-30,5.2,At Sea / Open Water,At Sea / Open Water,N/A,,,
2021035S11080,Faraji (2021),2021,SI,Category 5,140.0,161.1,920.0,2021-02-04,2021-02-16,12.2,At Sea / Open Water,At Sea / Open Water,N/A,,,
2021195N13249,Felicia (2021),2021,EP,Category 4,125.0,143.8,945.0,2021-07-14,2021-07-22,8.5,At Sea / Open Water,At Sea / Open Water,N/A,,,
2021222N14301,Fred (2021),2021,Unknown,Tropical Storm,55.0,63.3,991.0,2021-08-09,2021-08-20,10.5,Landfall,Tropical Storm,2021-08-11 17:00,18.4,-70.1,40.0
2021225N15313,Grace (2021),2021,Unknown,Category 3,105.0,120.8,967.0,2021-08-13,2021-08-21,8.2,Landfall,Tropical Storm,2021-08-16 16:30,17.7,-71.4,35.0
2021042S23040,Guambe (2021),2021,SI,Category 2,90.0,103.6,960.0,2021-02-11,2021-02-22,11.5,Landfall,Tropical Depression,2021-02-12 03:00,-22.5077,35.3824,
2021198N15254,Guillermo (2021),2021,EP,Tropical Storm,50.0,57.5,999.0,2021-07-17,2021-07-21,4.0,At Sea / Open Water,At Sea / Open Water,N/A,,,
2021267N18094,Gulab:Shaheen-Gu (2021),2021,NI,Category 1,70.0,80.6,976.0,2021-09-23,2021-10-04,10.5,Landfall,Tropical Storm,2021-09-26 15:00,18.336,83.8526,37.0
2021062S14064,Habana (2021),2021,SI,Category 4,135.0,155.4,928.0,2021-03-02,2021-03-17,14.8,At Sea / Open Water,At Sea / Open Water,N/A,,,
2021227N36297,Henri (2021),2021,Unknown,Category 1,65.0,74.8,986.0,2021-08-15,2021-08-24,9.8,Landfall,Tropical Storm,2021-08-22 18:00,41.5,-72.0,40.0
2021212N12248,Hilda (2021),2021,EP,Category 1,75.0,86.3,985.0,2021-07-30,2021-08-07,7.5,At Sea / Open Water,At Sea / Open Water,N/A,,,
2021239N17281,Ida (2021),2021,Unknown,Category 4,130.0,149.6,929.0,2021-08-26,2021-09-04,9.2,Landfall,Category 1,2021-08-27 23:25,22.4,-83.2,70.0
2021213N14253,Ignacio (2021),2021,EP,Tropical Storm,35.0,40.3,1004.0,2021-07-31,2021-08-04,3.5,At Sea / Open Water,At Sea / Open Water,N/A,,,
2021062S18040,Iman (2021),2021,SI,Tropical Storm,50.0,57.5,989.0,2021-03-02,2021-03-11,9.0,Landfall,Tropical Depression,2021-03-05 12:00,-18.1,44.65,25.0
2021001S14136,Imogen (2021),2021,SP,Tropical Storm,45.0,51.8,994.0,2021-01-01,2021-01-04,3.2,Landfall,Tropical Depression,2021-01-01 03:00,-13.9405,136.524,
2021197N17135,In-Fa (2021),2021,WP,Category 2,95.0,109.3,951.0,2021-07-15,2021-07-31,15.5,Landfall,Tropical Storm,2021-07-26 03:00,30.7487,121.072,37.0
2021335N08096,Jawad (2021),2021,NI,Tropical Storm,35.0,40.3,1000.0,2021-11-30,2021-12-06,5.5,Landfall,Tropical Depression,2021-12-06 06:00,22.3,88.5,10.0
2021208N13245,Jimena (2021),2021,EP,Tropical Storm,35.0,40.3,1004.0,2021-07-26,2021-08-07,11.2,At Sea / Open Water,At Sea / Open Water,N/A,,,
2021108S11067,Jobo (2021),2021,SI,Tropical Storm,55.0,63.3,994.0,2021-04-17,2021-04-24,7.0,Landfall,Tropical Depression,2021-04-24 18:00,-8.3,39.3,25.0
2021013S12099,Joshua (2021),2021,SI,Tropical Storm,50.0,57.5,993.0,2021-01-13,2021-01-21,8.8,At Sea / Open Water,At Sea / Open Water,N/A,,,
2021241N32308,Julian (2021),2021,Unknown,Tropical Storm,50.0,57.5,993.0,2021-08-28,2021-08-31,3.0,At Sea / Open Water,At Sea / Open Water,N/A,,,
2021240N13313,Kate (2021),2021,Unknown,Tropical Storm,40.0,46.0,1004.0,2021-08-27,2021-09-01,5.0,At Sea / Open Water,At Sea / Open Water,N/A,,,
2021219N15258,Kevin (2021),2021,EP,Tropical Storm,55.0,63.3,994.0,2021-08-06,2021-08-15,9.2,At Sea / Open Water,At Sea / Open Water,N/A,,,
2021015S14147,Kimi (2021),2021,SP,Tropical Storm,55.0,63.3,990.0,2021-01-15,2021-01-19,4.2,At Sea / Open Water,At Sea / Open Water,N/A,,,
2021161N18115,Koguma (2021),2021,WP,Tropical Storm,35.0,40.3,996.0,2021-06-10,2021-06-13,3.2,Landfall,Tropical Depression,2021-06-12 00:00,18.375,110.025,25.0
2021280N14137,Kompasu (2021),2021,WP,Tropical Storm,60.0,69.0,979.0,2021-10-07,2021-10-14,7.5,Landfall,Tropical Storm,2021-10-13 09:00,19.0803,110.077,47.0
2021244N12339,Larry (2021),2021,Unknown,Category 3,110.0,126.6,953.0,2021-08-31,2021-09-11,11.0,At Sea / Open Water,At Sea / Open Water,N/A,,,
2021222N12262,Linda (2021),2021,EP,Category 4,115.0,132.3,953.0,2021-08-09,2021-08-24,14.8,At Sea / Open Water,At Sea / Open Water,N/A,,,
2021276N07131,Lionrock (2021),2021,WP,Tropical Storm,45.0,51.8,989.0,2021-10-02,2021-10-10,8.0,Landfall,Tropical Depression,2021-10-04 00:00,10.0,125.0,15.0
2021029S14144,Lucas (2021),2021,SP,Category 1,65.0,74.8,980.0,2021-01-29,2021-02-04,6.0,At Sea / Open Water,At Sea / Open Water,N/A,,,
2021214N21110,Lupit (2021),2021,WP,Tropical Storm,45.0,51.8,976.0,2021-08-02,2021-08-15,13.5,Landfall,Tropical Depression,2021-08-02 06:00,20.7,110.4,15.0
2021295N09145,Malou (2021),2021,WP,Category 2,85.0,97.8,968.0,2021-10-22,2021-10-31,9.2,At Sea / Open Water,At Sea / Open Water,N/A,,,
2021052S13130,Marian (2021),2021,SI,Category 3,100.0,115.1,952.0,2021-02-21,2021-03-09,15.8,At Sea / Open Water,At Sea / Open Water,N/A,,,
2021235N20251,Marty (2021),2021,EP,Tropical Storm,40.0,46.0,1002.0,2021-08-23,2021-08-27,4.2,At Sea / Open Water,At Sea / Open Water,N/A,,,
2021265N11150,Mindulle (2021),2021,WP,Category 5,140.0,161.1,916.0,2021-09-22,2021-10-06,14.5,At Sea / Open Water,At Sea / Open Water,N/A,,,
2021252N28273,Mindy (2021),2021,Unknown,Tropical Storm,50.0,57.5,1000.0,2021-09-08,2021-09-10,2.0,Landfall,Tropical Storm,2021-09-09 01:15,29.7,-85.1,50.0
2021215N24124,Mirinae (2021),2021,WP,Tropical Storm,55.0,63.3,977.0,2021-08-03,2021-08-11,7.8,At Sea / Open Water,At Sea / Open Water,N/A,,,
2021282N16165,Namtheun (2021),2021,WP,Tropical Storm,55.0,63.3,988.0,2021-10-08,2021-10-20,11.2,At Sea / Open Water,At Sea / Open Water,N/A,,,
2021204N21146,Nepartak (2021),2021,WP,Tropical Storm,40.0,46.0,981.0,2021-07-22,2021-07-31,8.8,Landfall,Tropical Depression,2021-07-28 00:00,39.1533,141.427,30.0
2021256N21265,Nicholas (2021),2021,Unknown,Category 1,65.0,74.8,988.0,2021-09-12,2021-09-17,4.8,Landfall,Category 1,2021-09-14 06:00,28.8,-95.7,65.0
2021216N22144,Nida (2021),2021,WP,Tropical Storm,55.0,63.3,985.0,2021-08-03,2021-08-08,5.0,At Sea / Open Water,At Sea / Open Water,N/A,,,
2021058S16149,Niran (2021),2021,SP,Category 5,140.0,161.1,917.0,2021-02-27,2021-03-07,8.8,At Sea / Open Water,At Sea / Open Water,N/A,,,
2021236N12265,Nora (2021),2021,EP,Category 1,75.0,86.3,976.0,2021-08-24,2021-08-30,6.2,Landfall,Category 1,2021-08-28 21:00,19.8,-105.3,75.0
2020339S09106,Not_Named (2021),2021,SI,Tropical Storm,45.0,51.8,992.0,2020-12-04,2020-12-12,7.8,Landfall,Tropical Storm,2020-12-11 03:00,-20.3964,118.176,37.0
2020345S13183,Not_Named (2021),2021,SP,Tropical Storm,40.0,46.0,999.0,2020-12-09,2020-12-12,3.0,At Sea / Open Water,At Sea / Open Water,N/A,,,
2021018S11133,Not_Named (2021),2021,SI,Tropical Storm,45.0,51.8,995.0,2021-01-18,2021-01-23,5.2,Landfall,Tropical Storm,2021-01-22 06:00,-19.95,120.7,40.0
2021020S13107,Not_Named (2021),2021,SI,Tropical Storm,40.0,46.0,995.0,2021-01-19,2021-02-02,13.8,At Sea / Open Water,At Sea / Open Water,N/A,,,
2021028S15128,Not_Named (2021),2021,SI,Tropical Storm,35.0,40.3,991.0,2021-01-28,2021-02-08,11.0,Landfall,Tropical Depression,2021-01-28 00:00,-15.15,127.71,
2021038S14178,Not_Named (2021),2021,SP,Tropical Storm,45.0,51.8,989.0,2021-02-07,2021-02-12,4.8,Landfall,Tropical Depression,2021-02-08 09:00,-16.6075,179.752,25.0
2021099S15159,Not_Named (2021),2021,SP,Tropical Storm,40.0,46.0,998.0,2021-04-09,2021-04-13,3.8,Landfall,Tropical Depression,2021-04-10 06:00,-20.3,164.1,25.0
2021132N06132,Not_Named (2021),2021,WP,Tropical Storm,35.0,40.3,1000.0,2021-05-11,2021-05-15,3.2,Landfall,Tropical Depression,2021-05-13 18:00,7.48182,126.4,25.0
2021214N20155,Not_Named (2021),2021,WP,Tropical Storm,35.0,40.3,995.0,2021-08-01,2021-08-06,4.5,At Sea / Open Water,At Sea / Open Water,N/A,,,
2021244N24164,Not_Named (2021),2021,WP,Tropical Storm,35.0,40.3,1001.0,2021-09-01,2021-09-04,3.2,At Sea / Open Water,At Sea / Open Water,N/A,,,
2021296N06127,Not_Named (2021),2021,WP,Tropical Storm,35.0,40.3,1000.0,2021-10-22,2021-10-27,5.0,Landfall,Tropical Depression,2021-10-22 15:00,6.13052,125.667,10.0
2021312N07090,Not_Named (2021),2021,NI,Tropical Storm,40.0,46.0,994.0,2021-11-08,2021-11-11,3.5,Landfall,Tropical Depression,2021-11-11 12:00,12.95,80.05,30.0
2021333N11146,Nyatoh (2021),2021,WP,Category 4,130.0,149.6,928.0,2021-11-28,2021-12-04,6.2,At Sea / Open Water,At Sea / Open Water,N/A,,,
2021093S11103,Odette (2021),2021,SI,Tropical Storm,55.0,63.3,987.0,2021-04-03,2021-04-10,7.5,At Sea / Open Water,At Sea / Open Water,N/A,,,
2021259N30286,Odette (2021),2021,Unknown,Tropical Storm,55.0,63.3,989.0,2021-09-16,2021-09-26,10.5,At Sea / Open Water,At Sea / Open Water,N/A,,,
2021250N17254,Olaf (2021),2021,EP,Category 2,90.0,103.6,975.0,2021-09-06,2021-09-12,5.2,Landfall,Category 2,2021-09-10 02:50,23.0,-109.7,90.0
2021219N08193,Omais (2021),2021,WP,Tropical Storm,55.0,63.3,990.0,2021-08-07,2021-08-31,24.5,Landfall,Tropical Depression,2021-08-23 15:00,34.8167,128.389,25.0
2021283N14258,Pamela (2021),2021,EP,Category 1,65.0,74.8,987.0,2021-10-10,2021-10-13,3.5,Landfall,Category 1,2021-10-13 12:30,23.7,-106.7,65.0
2021262N16307,Peter (2021),2021,Unknown,Tropical Storm,45.0,51.8,1005.0,2021-09-19,2021-09-22,3.8,At Sea / Open Water,At Sea / Open Water,N/A,,,
2021346N05145,Rai (2021),2021,WP,Category 5,150.0,172.6,908.0,2021-12-11,2021-12-21,10.0,Landfall,Category 4,2021-12-16 12:00,10.1,124.175,120.0
2021296N13260,Rick (2021),2021,EP,Category 2,90.0,103.6,977.0,2021-10-22,2021-10-25,3.2,Landfall,Category 2,2021-10-25 12:00,18.1,-102.1,85.0
2021262N10333,Rose (2021),2021,Unknown,Tropical Storm,50.0,57.5,1004.0,2021-09-19,2021-09-24,5.2,At Sea / Open Water,At Sea / Open Water,N/A,,,
2021266N10327,Sam (2021),2021,Unknown,Category 4,135.0,155.4,927.0,2021-09-22,2021-10-07,14.5,At Sea / Open Water,At Sea / Open Water,N/A,,,
2021311N13248,Sandra (2021),2021,EP,Tropical Storm,35.0,40.3,1005.0,2021-11-07,2021-11-10,2.8,At Sea / Open Water,At Sea / Open Water,N/A,,,
2021093S11123,Seroja (2021),2021,SI,Category 1,75.0,86.3,968.0,2021-04-02,2021-04-12,9.8,Landfall,Tropical Storm,2021-04-04 06:00,-10.4,123.6,35.0
2021102N06144,Surigae (2021),2021,WP,Category 5,170.0,195.6,882.0,2021-04-11,2021-04-30,19.2,At Sea / Open Water,At Sea / Open Water,N/A,,,
2021133N10071,Tauktae (2021),2021,NI,Category 4,120.0,138.1,931.0,2021-05-13,2021-05-19,6.0,Landfall,Category 3,2021-05-17 18:00,20.9,71.2,110.0
2021267N31298,Teresa (2021),2021,Unknown,Tropical Storm,40.0,46.0,1008.0,2021-09-24,2021-09-26,2.2,At Sea / Open Water,At Sea / Open Water,N/A,,,
2021307N09275,Terry (2021),2021,EP,Tropical Storm,35.0,40.3,1006.0,2021-11-02,2021-11-10,7.8,At Sea / Open Water,At Sea / Open Water,N/A,,,
2021272N07338,Victor (2021),2021,Unknown,Tropical Storm,55.0,63.3,997.0,2021-09-29,2021-10-04,5.2,At Sea / Open Water,At Sea / Open Water,N/A,,,
2021299N33284,Wanda (2021),2021,Unknown,Tropical Storm,60.0,69.0,973.0,2021-10-25,2021-11-08,13.2,At Sea / Open Water,At Sea / Open Water,N/A,,,
2021143N15090,Yaas (2021),2021,NI,Category 1,65.0,74.8,974.0,2021-05-23,2021-05-27,4.8,Landfall,Tropical Storm,2021-05-26 06:00,21.5,86.9,55.0
2020346S13168,Yasa (2021),2021,SP,Category 5,140.0,161.1,914.0,2020-12-11,2020-12-21,10.0,Landfall,Category 3,2020-12-17 07:00,-16.5864,178.935,111.0
2020347S14190,Zazu (2021),2021,SP,Tropical Storm,55.0,63.3,985.0,2020-12-12,2020-12-16,4.2,At Sea / Open Water,At Sea / Open Water,N/A,,,
2022182N20130,Aere (2022),2022,WP,Tropical Storm,45.0,51.8,988.0,2022-06-30,2022-07-09,8.2,Landfall,Tropical Depression,2022-07-04 21:00,33.0821,129.914,25.0
2022148N13263,Agatha (2022),2022,EP,Category 2,95.0,109.3,964.0,2022-05-27,2022-06-01,4.5,Landfall,Category 2,2022-05-30 21:00,15.7,-96.6,90.0
2022154N21273,Alex (2022),2022,Unknown,Tropical Storm,60.0,69.0,984.0,2022-06-02,2022-06-06,4.0,Landfall,Tropical Depression,2022-06-02 18:00,21.3,-87.5,30.0
2022024S16044,Ana (2022),2022,SI,Tropical Storm,50.0,57.5,993.0,2022-01-23,2022-01-25,2.0,Landfall,Tropical Storm,2022-01-24 09:00,-16.2274,39.6422,47.0
2022127N10091,Asani (2022),2022,NI,Category 1,64.0,73.6,976.0,2022-05-07,2022-05-11,4.2,Landfall,Tropical Storm,2022-05-11 03:00,15.7001,80.87,45.0
2022304N08135,Banyan (2022),2022,WP,Tropical Storm,35.0,40.3,1000.0,2022-10-30,2022-10-31,1.0,At Sea / Open Water,At Sea / Open Water,N/A,,,
2022027S16084,Batsirai (2022),2022,SI,Category 4,124.0,142.7,932.0,2022-01-27,2022-02-08,12.5,Landfall,Category 3,2022-02-05 18:00,-21.0,48.3,99.0
2022165N14258,Blas (2022),2022,EP,Category 1,75.0,86.3,978.0,2022-06-14,2022-06-22,8.5,At Sea / Open Water,At Sea / Open Water,N/A,,,
2022179N08310,Bonnie (2022),2022,EP,Category 3,100.0,115.1,964.0,2022-06-27,2022-07-11,13.2,Landfall,Tropical Storm,2022-06-29 00:00,10.7,-61.6,35.0
2022167N11269,Celia (2022),2022,EP,Tropical Storm,50.0,57.5,997.0,2022-06-16,2022-06-30,14.5,At Sea / Open Water,At Sea / Open Water,N/A,,,
2022181N15115,Chaba (2022),2022,WP,Category 1,74.0,85.2,969.0,2022-06-29,2022-07-02,2.8,Landfall,Tropical Storm,2022-07-02 09:00,21.5826,111.003,60.0
2022035S18084,Cliff (2022),2022,SI,Tropical Storm,45.0,51.8,992.0,2022-02-04,2022-02-07,3.2,At Sea / Open Water,At Sea / Open Water,N/A,,,
2022009S18174,Cody (2022),2022,SP,Tropical Storm,51.0,58.7,980.0,2022-01-08,2022-01-15,7.0,At Sea / Open Water,At Sea / Open Water,N/A,,,
2022183N32280,Colin (2022),2022,Unknown,Tropical Storm,35.0,40.3,1011.0,2022-07-01,2022-07-02,1.0,Landfall,Tropical Storm,2022-07-01 23:30,32.4,-80.5,35.0
2022244N38313,Danielle (2022),2022,Unknown,Category 1,75.0,86.3,972.0,2022-08-31,2022-09-15,15.2,At Sea / Open Water,At Sea / Open Water,N/A,,,
2022191N14249,Darby (2022),2022,EP,Category 4,120.0,138.1,953.0,2022-07-09,2022-07-17,7.5,At Sea / Open Water,At Sea / Open Water,N/A,,,
2022044S15061,Dumako (2022),2022,SI,Tropical Storm,51.0,58.7,995.0,2022-02-13,2022-02-16,3.2,Landfall,Tropical Storm,2022-02-15 15:00,-17.1724,49.015,37.0
2022246N18301,Earl (2022),2022,Unknown,Category 2,95.0,109.3,948.0,2022-09-02,2022-09-15,12.8,At Sea / Open Water,At Sea / Open Water,N/A,,,
2022048S14068,Emnati (2022),2022,SI,Category 4,115.0,132.3,941.0,2022-02-16,2022-02-24,8.0,Landfall,Category 1,2022-02-23 00:00,-22.6952,47.6089,67.0
2022197N12260,Estelle (2022),2022,EP,Category 1,75.0,86.3,985.0,2022-07-15,2022-07-24,8.5,At Sea / Open Water,At Sea / Open Water,N/A,,,
2022094S17163,Fili (2022),2022,SP,Tropical Storm,54.0,62.1,986.0,2022-04-04,2022-04-11,6.8,At Sea / Open Water,At Sea / Open Water,N/A,,,
2022257N16312,Fiona (2022),2022,Unknown,Category 4,120.0,138.1,931.0,2022-09-14,2022-09-27,13.5,Landfall,Category 1,2022-09-18 19:20,18.0,-67.1,75.0
2022207N11262,Frank (2022),2022,EP,Category 1,80.0,92.1,976.0,2022-07-25,2022-08-04,9.5,At Sea / Open Water,At Sea / Open Water,N/A,,,
2022263N29314,Gaston (2022),2022,Unknown,Tropical Storm,55.0,63.3,994.0,2022-09-19,2022-09-27,8.2,At Sea / Open Water,At Sea / Open Water,N/A,,,
2022209N16246,Georgette (2022),2022,EP,Tropical Storm,50.0,57.5,998.0,2022-07-27,2022-08-05,9.0,At Sea / Open Water,At Sea / Open Water,N/A,,,
2022139S15169,Gina (2022),2022,SP,Tropical Storm,35.0,40.3,1002.0,2022-05-18,2022-05-22,4.2,At Sea / Open Water,At Sea / Open Water,N/A,,,
2022067S16050,Gombe (2022),2022,SI,Category 3,99.0,113.9,959.0,2022-03-08,2022-03-15,7.5,Landfall,Tropical Storm,2022-03-08 00:00,-15.5,50.4,35.0
2022291N29158,Haitang (2022),2022,WP,Tropical Storm,35.0,40.3,1004.0,2022-10-18,2022-10-19,1.2,At Sea / Open Water,At Sea / Open Water,N/A,,,
2022083S13076,Halima (2022),2022,SI,Category 4,119.0,136.9,938.0,2022-03-23,2022-04-03,10.8,At Sea / Open Water,At Sea / Open Water,N/A,,,
2022266N17341,Hermine (2022),2022,Unknown,Tropical Storm,35.0,40.3,1003.0,2022-09-23,2022-09-26,2.8,At Sea / Open Water,At Sea / Open Water,N/A,,,
2022240N26149,Hinnamnor (2022),2022,WP,Category 5,138.0,158.8,915.0,2022-08-28,2022-09-06,9.0,Landfall,Category 1,2022-09-05 21:00,35.2872,129.179,81.0
2022219N14255,Howard (2022),2022,EP,Category 1,75.0,86.3,983.0,2022-08-06,2022-08-13,6.5,At Sea / Open Water,At Sea / Open Water,N/A,,,
2022266N12294,Ian (2022),2022,Unknown,Category 5,140.0,161.1,937.0,2022-09-22,2022-10-01,8.5,Landfall,Category 3,2022-09-27 08:30,22.2,-83.7,110.0
2022225N15253,Ivette (2022),2022,EP,Tropical Storm,35.0,40.3,1005.0,2022-08-12,2022-08-22,10.2,At Sea / Open Water,At Sea / Open Water,N/A,,,
2022114S18040,Jasmine (2022),2022,SI,Tropical Storm,54.0,62.1,984.0,2022-04-24,2022-04-29,5.0,Landfall,Tropical Storm,2022-04-26 18:00,-23.5,44.0,51.0
2022244N15254,Javier (2022),2022,EP,Tropical Storm,45.0,51.8,999.0,2022-08-31,2022-09-07,6.5,At Sea / Open Water,At Sea / Open Water,N/A,,,
2022280N11294,Julia (2022),2022,EP,Category 1,75.0,86.3,982.0,2022-10-06,2022-10-10,4.0,Landfall,Tropical Depression,2022-10-07 03:00,12.0,-69.8,30.0
2022285N19266,Karl (2022),2022,Unknown,Tropical Storm,50.0,57.5,997.0,2022-10-11,2022-10-15,4.2,At Sea / Open Water,At Sea / Open Water,N/A,,,
2022248N14259,Kay (2022),2022,EP,Category 2,85.0,97.8,968.0,2022-09-04,2022-09-13,8.5,Landfall,Tropical Storm,2022-09-08 20:35,27.2,-114.3,60.0
2022269N22145,Kulap (2022),2022,WP,Category 1,64.0,73.6,970.0,2022-09-25,2022-09-29,3.2,At Sea / Open Water,At Sea / Open Water,N/A,,,
2022259N12265,Lester (2022),2022,EP,Tropical Storm,35.0,40.3,1005.0,2022-09-15,2022-09-17,2.0,Landfall,Tropical Depression,2022-09-17 12:00,15.8,-97.0,30.0
2022304N16287,Lisa (2022),2022,Unknown,Category 1,80.0,92.1,985.0,2022-10-30,2022-11-05,5.5,Landfall,Category 1,2022-11-02 21:30,17.4,-88.3,80.0
2022234N16124,Ma-On (2022),2022,WP,Tropical Storm,60.0,69.0,985.0,2022-08-22,2022-08-25,3.2,Landfall,Tropical Storm,2022-08-23 03:00,17.3124,122.24,57.0
2022255N16256,Madeline (2022),2022,EP,Tropical Storm,55.0,63.3,991.0,2022-09-11,2022-09-25,13.5,At Sea / Open Water,At Sea / Open Water,N/A,,,
2022097N04148,Malakas (2022),2022,WP,Category 4,115.0,132.3,939.0,2022-04-07,2022-04-15,8.2,At Sea / Open Water,At Sea / Open Water,N/A,,,
2022342N09084,Mandoug (2022),2022,NI,Tropical Storm,54.0,62.1,989.0,2022-12-08,2022-12-10,2.0,Landfall,Tropical Depression,2022-12-10 00:00,12.9,80.1,29.0
2022304N34296,Martin (2022),2022,Unknown,Category 1,75.0,86.3,932.0,2022-10-30,2022-11-04,5.0,At Sea / Open Water,At Sea / Open Water,N/A,,,
2022223N29136,Meari (2022),2022,WP,Tropical Storm,39.0,44.9,990.0,2022-08-11,2022-08-14,3.2,Landfall,Tropical Depression,2022-08-13 06:00,34.7,138.2,29.0
2022099N11127,Megi (2022),2022,WP,Tropical Storm,39.0,44.9,999.0,2022-04-09,2022-04-12,3.5,Landfall,Tropical Storm,2022-04-10 12:00,10.8,125.0,35.0
2022254N21160,Merbok (2022),2022,WP,Category 1,70.0,80.6,968.0,2022-09-10,2022-09-15,4.2,At Sea / Open Water,At Sea / Open Water,N/A,,,
2022250N19137,Muifa (2022),2022,WP,Category 4,115.0,132.3,942.0,2022-09-06,2022-09-16,9.2,Landfall,Category 1,2022-09-14 21:00,32.0075,121.415,65.0
2022300N13131,Nalgae (2022),2022,WP,Category 1,70.0,80.6,979.0,2022-10-27,2022-11-03,7.5,Landfall,Tropical Storm,2022-10-28 15:00,13.6825,124.394,49.0
2022256N22139,Nanmadol (2022),2022,WP,Category 4,134.0,154.2,917.0,2022-09-12,2022-09-19,7.0,Landfall,Category 2,2022-09-18 09:00,31.285,130.635,86.0
2022288N19128,Nesat (2022),2022,WP,Category 2,89.0,102.4,964.0,2022-10-14,2022-10-20,5.8,At Sea / Open Water,At Sea / Open Water,N/A,,,
2022265N17256,Newton (2022),2022,EP,Tropical Storm,55.0,63.3,997.0,2022-09-21,2022-09-29,7.5,At Sea / Open Water,At Sea / Open Water,N/A,,,
2022311N21293,Nicole (2022),2022,Unknown,Category 1,65.0,74.8,980.0,2022-11-06,2022-11-11,5.2,Landfall,Tropical Storm,2022-11-10 09:00,27.7454,-80.6875,62.0
2022265N18135,Noru (2022),2022,WP,Category 5,138.0,158.8,919.0,2022-09-22,2022-09-28,6.2,Landfall,Category 4,2022-09-25 12:00,15.1,121.4,115.0
2022061S11111,Not_Named (2022),2022,SI,Tropical Storm,35.0,40.3,1001.0,2022-03-02,2022-03-03,1.2,At Sea / Open Water,At Sea / Open Water,N/A,,,
2022062S25174,Not_Named (2022),2022,SP,Tropical Storm,39.0,44.9,987.0,2022-03-03,2022-03-04,1.8,At Sea / Open Water,At Sea / Open Water,N/A,,,
2022064N11084,Not_Named (2022),2022,NI,Tropical Storm,35.0,40.3,996.0,2022-03-04,2022-03-06,1.8,At Sea / Open Water,At Sea / Open Water,N/A,,,
2022224N22066,Not_Named (2022),2022,NI,Tropical Storm,35.0,40.3,989.0,2022-08-12,2022-08-13,1.2,At Sea / Open Water,At Sea / Open Water,N/A,,,
2022231N21090,Not_Named (2022),2022,NI,Tropical Storm,45.0,51.8,990.0,2022-08-18,2022-08-20,1.2,Landfall,Tropical Storm,2022-08-19 12:00,21.7,88.2,39.0
2022286N15151,Not_Named (2022),2022,WP,Tropical Storm,39.0,44.9,999.0,2022-10-12,2022-10-15,2.8,At Sea / Open Water,At Sea / Open Water,N/A,,,
2022349N13068,Not_Named (2022),2022,NI,Tropical Storm,45.0,51.8,999.0,2022-12-15,2022-12-17,2.8,At Sea / Open Water,At Sea / Open Water,N/A,,,
2022272N14258,Orlene (2022),2022,EP,Category 4,115.0,132.3,954.0,2022-09-28,2022-10-03,5.0,Landfall,Category 1,2022-10-03 14:35,22.9,-106.1,70.0
2022276N15249,Paine (2022),2022,EP,Tropical Storm,40.0,46.0,1005.0,2022-10-03,2022-10-07,4.2,At Sea / Open Water,At Sea / Open Water,N/A,,,
2022345N17125,Pakhar (2022),2022,WP,Tropical Storm,51.0,58.7,992.0,2022-12-10,2022-12-12,2.0,At Sea / Open Water,At Sea / Open Water,N/A,,,
2022271N22132,Roke (2022),2022,WP,Category 2,84.0,96.7,975.0,2022-09-28,2022-10-05,6.8,At Sea / Open Water,At Sea / Open Water,N/A,,,
2022293N15259,Roslyn (2022),2022,EP,Category 4,115.0,132.3,954.0,2022-10-20,2022-10-24,4.0,Landfall,Category 3,2022-10-23 12:00,22.1,-105.5,100.0
2022297N16088,Sitrang (2022),2022,NI,Tropical Storm,45.0,51.8,994.0,2022-10-23,2022-10-24,1.2,Landfall,Tropical Storm,2022-10-24 18:00,24.1,91.0,35.0
2022287N13112,Sonca (2022),2022,WP,Tropical Storm,35.0,40.3,998.0,2022-10-14,2022-10-15,1.0,Landfall,Tropical Depression,2022-10-14 21:00,15.5375,108.162,30.0
2022234N25152,Tokage (2022),2022,WP,Category 2,93.0,107.0,956.0,2022-08-22,2022-08-25,3.2,At Sea / Open Water,At Sea / Open Water,N/A,,,
2022317N21165,Yamaneko (2022),2022,WP,Tropical Storm,35.0,40.3,1000.0,2022-11-12,2022-11-14,2.2,At Sea / Open Water,At Sea / Open Water,N/A,,,
2023179N15256,Adrian (2023),2023,EP,Category 2,90.0,103.6,970.0,2023-06-27,2023-07-04,7.2,At Sea / Open Water,At Sea / Open Water,N/A,,,
2023152N26274,Arlene (2023),2023,Unknown,Tropical Storm,35.0,40.3,998.0,2023-05-31,2023-06-04,3.5,At Sea / Open Water,At Sea / Open Water,N/A,,,
2022270S13083,Ashley (2023),2023,SI,Tropical Storm,39.0,44.9,998.0,2022-09-26,2022-09-28,1.5,At Sea / Open Water,At Sea / Open Water,N/A,,,
2022279S10087,Balita (2023),2023,SI,Tropical Storm,39.0,44.9,998.0,2022-10-06,2022-10-09,3.5,At Sea / Open Water,At Sea / Open Water,N/A,,,
2023180N13264,Beatriz (2023),2023,EP,Category 1,75.0,86.3,992.0,2023-06-29,2023-07-01,2.5,At Sea / Open Water,At Sea / Open Water,N/A,,,
2023157N12066,Biparjoy (2023),2023,NI,Category 3,105.0,120.8,945.0,2023-06-06,2023-06-16,10.2,Landfall,Tropical Storm,2023-06-15 18:00,23.4,68.7,54.0
2023280N10154,Bolaven (2023),2023,WP,Category 5,154.0,177.2,903.0,2023-10-07,2023-10-14,7.5,At Sea / Open Water,At Sea / Open Water,N/A,,,
2023170N11323,Bret (2023),2023,Unknown,Tropical Storm,60.0,69.0,996.0,2023-06-19,2023-06-24,5.5,At Sea / Open Water,At Sea / Open Water,N/A,,,
2023191N10262,Calvin (2023),2023,EP,Category 3,110.0,126.6,953.0,2023-07-10,2023-07-19,9.5,At Sea / Open Water,At Sea / Open Water,N/A,,,
2023018S14058,Cheneso (2023),2023,SI,Category 1,80.0,92.1,967.0,2023-01-17,2023-01-30,12.5,Landfall,Tropical Storm,2023-01-19 06:00,-14.0,49.9,45.0
2023173N10320,Cindy (2023),2023,Unknown,Tropical Storm,50.0,57.5,1004.0,2023-06-22,2023-06-27,5.8,At Sea / Open Water,At Sea / Open Water,N/A,,,
2023235N17151,Damrey (2023),2023,WP,Category 1,64.0,73.6,977.0,2023-08-23,2023-08-28,5.5,At Sea / Open Water,At Sea / Open Water,N/A,,,
2022352S12093,Darian (2023),2023,SI,Category 4,134.0,154.2,922.0,2022-12-18,2023-01-01,13.8,At Sea / Open Water,At Sea / Open Water,N/A,,,
2023040S17089,Dingani (2023),2023,SI,Category 1,80.0,92.1,976.0,2023-02-09,2023-02-16,7.2,At Sea / Open Water,At Sea / Open Water,N/A,,,
2023203N14132,Doksuri (2023),2023,WP,Category 4,128.0,147.3,926.0,2023-07-21,2023-07-28,6.8,Landfall,Category 2,2023-07-28 03:00,24.7901,118.563,83.0
2023193N37305,Don (2023),2023,Unknown,Category 1,65.0,74.8,986.0,2023-07-11,2023-07-25,14.2,At Sea / Open Water,At Sea / Open Water,N/A,,,
2023213N14257,Dora (2023),2023,EP,Category 4,130.0,149.6,939.0,2023-07-31,2023-08-17,16.5,At Sea / Open Water,At Sea / Open Water,N/A,,,
2022356S13129,Ellie (2023),2023,SI,Tropical Storm,39.0,44.9,990.0,2022-12-22,2023-01-06,15.5,Landfall,Tropical Storm,2022-12-22 15:00,-13.7312,129.965,37.0
2023231N15327,Emily (2023),2023,Unknown,Tropical Storm,45.0,51.8,998.0,2023-08-18,2023-08-25,7.2,At Sea / Open Water,At Sea / Open Water,N/A,,,
2023053S14075,Enala (2023),2023,SI,Category 1,74.0,85.2,984.0,2023-02-22,2023-03-01,6.8,At Sea / Open Water,At Sea / Open Water,N/A,,,
2023217N15256,Eugene (2023),2023,EP,Tropical Storm,60.0,69.0,992.0,2023-08-04,2023-08-10,5.5,At Sea / Open Water,At Sea / Open Water,N/A,,,
2023134S05082,Fabien (2023),2023,SI,Category 3,99.0,113.9,962.0,2023-05-14,2023-05-22,8.5,At Sea / Open Water,At Sea / Open Water,N/A,,,
2023225N14248,Fernanda (2023),2023,EP,Category 4,115.0,132.3,949.0,2023-08-12,2023-08-24,12.0,At Sea / Open Water,At Sea / Open Water,N/A,,,
2023232N13300,Franklin (2023),2023,Unknown,Category 4,130.0,149.6,926.0,2023-08-19,2023-09-09,21.0,Landfall,Tropical Storm,2023-08-23 12:00,18.3,-71.1,40.0
2023037S12119,Freddy (2023),2023,SI,Category 5,138.0,158.8,924.0,2023-02-06,2023-02-24,18.0,Landfall,Category 2,2023-02-21 18:00,-21.1,48.3,89.0
2023061S22036,Freddy (2023),2023,SI,Category 3,99.0,113.9,957.0,2023-03-02,2023-03-14,11.8,Landfall,Category 2,2023-03-11 18:00,-17.8,37.1,89.0
2023039S15153,Gabrielle (2023),2023,SP,Category 2,89.0,102.4,958.0,2023-02-08,2023-02-12,4.2,At Sea / Open Water,At Sea / Open Water,N/A,,,
2023231N15313,Gert (2023),2023,Unknown,Tropical Storm,50.0,57.5,998.0,2023-08-19,2023-09-04,16.5,At Sea / Open Water,At Sea / Open Water,N/A,,,
2023226N11222,Greg (2023),2023,EP,Tropical Storm,45.0,51.8,1000.0,2023-08-14,2023-08-18,4.5,At Sea / Open Water,At Sea / Open Water,N/A,,,
2023157N13135,Guchol (2023),2023,WP,Category 2,89.0,102.4,956.0,2023-06-06,2023-06-13,7.5,At Sea / Open Water,At Sea / Open Water,N/A,,,
2023241N19141,Haikui (2023),2023,WP,Category 3,105.0,120.8,947.0,2023-08-28,2023-09-04,7.2,Landfall,Category 2,2023-09-03 09:00,22.8807,120.79,92.0
2023007S20153,Hale (2023),2023,SP,Tropical Storm,45.0,51.8,992.0,2023-01-06,2023-01-08,1.5,At Sea / Open Water,At Sea / Open Water,N/A,,,
2023296N18087,Hamoon (2023),2023,NI,Category 1,80.0,92.1,978.0,2023-10-23,2023-10-25,1.8,Landfall,Category 1,2023-10-24 18:00,21.6,92.1,74.0
2023234N25271,Harold (2023),2023,Unknown,Tropical Storm,50.0,57.5,995.0,2023-08-21,2023-08-23,2.0,Landfall,Tropical Storm,2023-08-22 18:00,27.25,-98.35,40.0
2023089S14102,Herman (2023),2023,SI,Category 4,128.0,147.3,932.0,2023-03-29,2023-04-02,4.0,At Sea / Open Water,At Sea / Open Water,N/A,,,
2023228N12259,Hilary (2023),2023,EP,Category 4,120.0,138.1,940.0,2023-08-16,2023-08-21,5.0,Landfall,Tropical Storm,2023-08-20 18:00,30.14,-115.78,50.0
2023239N21274,Idalia (2023),2023,Unknown,Category 4,115.0,132.3,942.0,2023-08-26,2023-09-08,12.8,Landfall,Category 3,2023-08-30 11:45,29.9155,-83.6226,100.0
2023099S11128,Ilsa (2023),2023,SI,Category 4,128.0,147.3,929.0,2023-04-08,2023-04-13,5.0,Landfall,Category 4,2023-04-13 18:00,-20.5,119.9,115.0
2023018S18163,Irene (2023),2023,SP,Tropical Storm,51.0,58.7,992.0,2023-01-18,2023-01-19,1.2,At Sea / Open Water,At Sea / Open Water,N/A,,,
2023239N16242,Irwin (2023),2023,EP,Tropical Storm,40.0,46.0,998.0,2023-08-26,2023-09-03,7.2,At Sea / Open Water,At Sea / Open Water,N/A,,,
2023352N08127,Jelawat (2023),2023,WP,Tropical Storm,35.0,40.3,1002.0,2023-12-17,2023-12-19,2.0,Landfall,Tropical Depression,2023-12-18 03:00,7.0975,126.265,27.0
2023241N28308,Jose (2023),2023,Unknown,Tropical Storm,55.0,63.3,996.0,2023-08-29,2023-09-02,4.0,At Sea / Open Water,At Sea / Open Water,N/A,,,
2023248N12257,Jova (2023),2023,EP,Category 5,140.0,161.1,926.0,2023-09-04,2023-09-14,9.5,At Sea / Open Water,At Sea / Open Water,N/A,,,
2023058S13171,Judy (2023),2023,SP,Category 3,109.0,125.4,941.0,2023-02-27,2023-03-04,5.8,At Sea / Open Water,At Sea / Open Water,N/A,,,
2023242N15339,Katia (2023),2023,Unknown,Tropical Storm,50.0,57.5,998.0,2023-08-30,2023-09-15,16.5,At Sea / Open Water,At Sea / Open Water,N/A,,,
2023261N13248,Kenneth (2023),2023,EP,Tropical Storm,45.0,51.8,1000.0,2023-09-18,2023-09-24,6.8,At Sea / Open Water,At Sea / Open Water,N/A,,,
2023061S14162,Kevin (2023),2023,SP,Category 4,134.0,154.2,918.0,2023-03-01,2023-03-07,5.5,At Sea / Open Water,At Sea / Open Water,N/A,,,
2023208N13140,Khanun (2023),2023,WP,Category 4,119.0,136.9,928.0,2023-07-27,2023-08-10,14.5,Landfall,Tropical Storm,2023-08-10 03:00,35.6077,128.424,42.0
2023242N12155,Kirogi (2023),2023,WP,Tropical Storm,60.0,69.0,991.0,2023-08-30,2023-09-04,5.8,At Sea / Open Water,At Sea / Open Water,N/A,,,
2023273N16134,Koinu (2023),2023,WP,Category 4,119.0,136.9,940.0,2023-09-29,2023-10-10,10.5,Landfall,Category 3,2023-10-05 00:00,22.0,120.8,109.0
2023220N24150,Lan (2023),2023,WP,Category 4,115.0,132.3,936.0,2023-08-07,2023-08-17,9.8,Landfall,Category 1,2023-08-14 21:00,33.8201,135.75,70.0
2023249N12320,Lee (2023),2023,Unknown,Category 5,145.0,166.9,926.0,2023-09-05,2023-09-18,13.2,Landfall,Tropical Storm,2023-09-17 03:00,45.2524,-65.6663,52.0
2023276N11254,Lidia (2023),2023,EP,Category 4,120.0,138.1,942.0,2023-10-03,2023-10-11,8.5,Landfall,Category 4,2023-10-11 00:00,20.1,-105.5,120.0
2023251N15334,Margot (2023),2023,Unknown,Category 1,80.0,92.1,969.0,2023-09-07,2023-09-18,11.2,At Sea / Open Water,At Sea / Open Water,N/A,,,
2023140N05149,Mawar (2023),2023,WP,Category 5,159.0,183.0,897.0,2023-05-20,2023-06-03,14.2,At Sea / Open Water,At Sea / Open Water,N/A,,,
2023281N14260,Max (2023),2023,EP,Tropical Storm,60.0,69.0,990.0,2023-10-08,2023-10-10,2.2,Landfall,Tropical Storm,2023-10-09 18:00,17.3727,-101.173,60.0
2023337N12083,Michaung (2023),2023,NI,Tropical Storm,60.0,69.0,987.0,2023-12-03,2023-12-05,2.0,Landfall,Tropical Storm,2023-12-04 18:00,14.3,80.1,60.0
2023321N19088,Midhili (2023),2023,NI,Tropical Storm,39.0,44.9,1001.0,2023-11-16,2023-11-17,0.8,Landfall,Tropical Storm,2023-11-17 09:00,22.3057,90.5228,37.0
2023131N11088,Mocha (2023),2023,NI,Category 5,138.0,158.8,918.0,2023-05-11,2023-05-14,3.8,Landfall,Category 3,2023-05-14 12:00,20.8,93.1,105.0
2023258N14318,Nigel (2023),2023,Unknown,Category 2,85.0,97.8,958.0,2023-09-15,2023-09-26,11.2,At Sea / Open Water,At Sea / Open Water,N/A,,,
2023290N12256,Norma (2023),2023,EP,Category 4,115.0,132.3,939.0,2023-10-17,2023-10-23,6.2,Landfall,Tropical Storm,2023-10-22 00:00,23.4,-109.9,60.0
2022210S11095,Not_Named (2023),2023,SI,Tropical Storm,45.0,51.8,995.0,2022-07-29,2022-08-01,3.0,At Sea / Open Water,At Sea / Open Water,N/A,,,
2022308S09094,Not_Named (2023),2023,SI,Tropical Storm,35.0,40.3,1004.0,2022-11-03,2022-11-06,3.0,At Sea / Open Water,At Sea / Open Water,N/A,,,
2023021S21162,Not_Named (2023),2023,SP,Tropical Storm,35.0,40.3,996.0,2023-01-20,2023-01-21,0.8,At Sea / Open Water,At Sea / Open Water,N/A,,,
2023161N20092,Not_Named (2023),2023,NI,Tropical Storm,39.0,44.9,991.0,2023-06-09,2023-06-10,0.5,At Sea / Open Water,At Sea / Open Water,N/A,,,
2023213N20092,Not_Named (2023),2023,NI,Tropical Storm,39.0,44.9,987.0,2023-07-31,2023-08-01,0.8,Landfall,Tropical Storm,2023-08-01 09:00,22.1219,89.9641,35.0
2023265N29284,Ophelia (2023),2023,Unknown,Tropical Storm,60.0,69.0,981.0,2023-09-21,2023-09-24,3.2,Landfall,Tropical Storm,2023-09-23 10:15,34.6936,-77.0522,60.0
2023294N09264,Otis (2023),2023,EP,Category 5,145.0,166.9,922.0,2023-10-21,2023-10-25,4.8,Landfall,Category 4,2023-10-25 09:00,17.2166,-100.133,116.0
2023266N16323,Philippe (2023),2023,Unknown,Tropical Storm,50.0,57.5,998.0,2023-09-23,2023-10-06,13.2,At Sea / Open Water,At Sea / Open Water,N/A,,,
2023302N10267,Pilar (2023),2023,EP,Tropical Storm,55.0,63.3,995.0,2023-10-28,2023-11-07,10.0,At Sea / Open Water,At Sea / Open Water,N/A,,,
2023326N10240,Ramon (2023),2023,EP,Tropical Storm,40.0,46.0,1002.0,2023-11-21,2023-11-27,6.0,At Sea / Open Water,At Sea / Open Water,N/A,,,
2023271N16316,Rina (2023),2023,Unknown,Tropical Storm,45.0,51.8,999.0,2023-09-28,2023-10-02,3.8,At Sea / Open Water,At Sea / Open Water,N/A,,,
2023291N16110,Sanba (2023),2023,WP,Tropical Storm,39.0,44.9,1001.0,2023-10-17,2023-10-21,3.5,Landfall,Tropical Storm,2023-10-19 18:00,21.4,109.3,39.0
2023110N05158,Sanvu (2023),2023,WP,Tropical Storm,45.0,51.8,999.0,2023-04-19,2023-04-22,2.8,At Sea / Open Water,At Sea / Open Water,N/A,,,
2023236N20125,Saola (2023),2023,WP,Category 4,134.0,154.2,921.0,2023-08-23,2023-09-03,10.8,Landfall,Category 2,2023-09-01 21:00,21.9572,113.035,91.0
2023284N10330,Sean (2023),2023,Unknown,Tropical Storm,40.0,46.0,1005.0,2023-10-10,2023-10-16,6.0,At Sea / Open Water,At Sea / Open Water,N/A,,,
2023196N17119,Talim (2023),2023,WP,Category 1,70.0,80.6,971.0,2023-07-14,2023-07-18,3.8,Landfall,Category 1,2023-07-17 15:00,21.2931,110.212,67.0
2023292N13309,Tammy (2023),2023,Unknown,Category 2,95.0,109.3,965.0,2023-10-18,2023-10-31,13.0,At Sea / Open Water,At Sea / Open Water,N/A,,,
2023294N09061,Tej (2023),2023,NI,Category 3,109.0,125.4,956.0,2023-10-20,2023-10-24,3.8,Landfall,Tropical Storm,2023-10-23 21:00,15.5575,52.1575,62.0
2023249N24133,Yun-Yeung (2023),2023,WP,Tropical Storm,39.0,44.9,992.0,2023-09-05,2023-09-08,3.0,At Sea / Open Water,At Sea / Open Water,N/A,,,
2024001S21041,Alvaro (2024),2024,SI,Tropical Storm,60.0,69.0,989.0,2024-01-01,2024-01-04,3.5,Landfall,Tropical Storm,2024-01-01 18:00,-21.4,43.8,54.0
2024016S09094,Anggrek (2024),2024,SI,Category 4,115.0,132.3,944.0,2024-01-15,2024-01-31,16.0,At Sea / Open Water,At Sea / Open Water,N/A,,,
2024013S13057,Belal (2024),2024,SI,Category 2,89.0,102.4,968.0,2024-01-12,2024-01-19,7.0,At Sea / Open Water,At Sea / Open Water,N/A,,,
2024025S21059,Candice (2024),2024,SI,Tropical Storm,51.0,58.7,982.0,2024-01-25,2024-01-28,3.0,At Sea / Open Water,At Sea / Open Water,N/A,,,
2024047S15065,Djoungou (2024),2024,SI,Category 4,119.0,136.9,942.0,2024-02-15,2024-02-20,4.2,At Sea / Open Water,At Sea / Open Water,N/A,,,
2024050S15055,Eleanor (2024),2024,SI,Tropical Storm,54.0,62.1,992.0,2024-02-19,2024-02-24,5.5,At Sea / Open Water,At Sea / Open Water,N/A,,,
2024146N11126,Ewiniar (2024),2024,WP,Category 2,93.0,107.0,957.0,2024-05-24,2024-05-28,3.2,Landfall,Tropical Depression,2024-05-24 18:00,11.2,125.5,25.0
2024071S20039,Filipo (2024),2024,SI,Tropical Storm,60.0,69.0,990.0,2024-03-10,2024-03-14,3.8,Landfall,Tropical Storm,2024-03-12 06:00,-21.5,34.9,51.0
2024086S13051,Gamane (2024),2024,SI,Category 2,89.0,102.4,970.0,2024-03-26,2024-03-29,3.5,Landfall,Category 2,2024-03-27 03:00,-12.9425,49.8499,84.0
2024123S09045,Hidaya (2024),2024,SI,Category 1,80.0,92.1,974.0,2024-05-01,2024-05-04,3.0,Landfall,Tropical Storm,2024-05-04 09:00,-7.68016,39.2101,49.0
2024138S09053,Ialy (2024),2024,SI,Tropical Storm,60.0,69.0,989.0,2024-05-16,2024-05-22,6.0,At Sea / Open Water,At Sea / Open Water,N/A,,,
2023339S09157,Jasper (2024),2024,SP,Category 4,119.0,136.9,937.0,2023-12-05,2023-12-15,10.2,Landfall,Tropical Storm,2023-12-13 12:00,-15.8,145.0,51.0
2024023S17154,Kirrily (2024),2024,SP,Tropical Storm,60.0,69.0,982.0,2024-01-23,2024-01-25,2.5,Landfall,Tropical Storm,2024-01-25 12:00,-19.3,146.1,51.0
2024032S17140,Kirrily (2024),2024,SP,Tropical Storm,45.0,51.8,991.0,2024-02-01,2024-02-03,2.0,Landfall,Tropical Depression,2024-02-01 00:00,-17.4,139.5,29.0
2024047S16138,Lincoln (2024),2024,SP,Tropical Storm,35.0,40.3,991.0,2024-02-15,2024-02-16,0.8,Landfall,Tropical Storm,2024-02-16 06:00,-16.2,137.1,35.0
2024051S18128,Lincoln (2024),2024,SI,Tropical Storm,39.0,44.9,990.0,2024-02-19,2024-02-24,4.8,Landfall,Tropical Depression,2024-02-19 18:00,-17.9,127.6,25.0
2023295S09168,Lola (2024),2024,SP,Category 4,119.0,136.9,941.0,2023-10-21,2023-10-26,4.2,At Sea / Open Water,At Sea / Open Water,N/A,,,
2023317S10171,Mal (2024),2024,SP,Category 1,74.0,85.2,977.0,2023-11-13,2023-11-16,3.0,At Sea / Open Water,At Sea / Open Water,N/A,,,
2024076S13137,Megan (2024),2024,SP,Category 2,93.0,107.0,957.0,2024-03-15,2024-03-18,3.2,Landfall,Category 1,2024-03-18 06:00,-16.0,136.7,64.0
2024037S15195,Nat (2024),2024,SP,Tropical Storm,45.0,51.8,993.0,2024-02-05,2024-02-08,3.2,At Sea / Open Water,At Sea / Open Water,N/A,,,
2024072S12103,Neville (2024),2024,SI,Category 4,115.0,132.3,948.0,2024-03-11,2024-03-24,13.0,At Sea / Open Water,At Sea / Open Water,N/A,,,
2024031S20066,Not_Named (2024),2024,SI,Tropical Storm,35.0,40.3,996.0,2024-01-31,2024-02-02,2.5,At Sea / Open Water,At Sea / Open Water,N/A,,,
2024039S16163,Not_Named (2024),2024,SP,Tropical Storm,39.0,44.9,995.0,2024-02-08,2024-02-13,5.5,At Sea / Open Water,At Sea / Open Water,N/A,,,
2024047S17196,Not_Named (2024),2024,SP,Tropical Storm,45.0,51.8,994.0,2024-02-15,2024-02-17,1.2,At Sea / Open Water,At Sea / Open Water,N/A,,,
2024141S02075,Not_Named (2024),2024,SI,Tropical Storm,35.0,40.3,1002.0,2024-05-19,2024-05-20,0.5,At Sea / Open Water,At Sea / Open Water,N/A,,,
2024097S13119,Olga (2024),2024,SI,Category 4,119.0,136.9,939.0,2024-04-05,2024-04-10,5.0,At Sea / Open Water,At Sea / Open Water,N/A,,,
2024038S14191,Osai (2024),2024,SP,Tropical Storm,51.0,58.7,992.0,2024-02-07,2024-02-08,1.5,At Sea / Open Water,At Sea / Open Water,N/A,,,
2024102S14154,Paul (2024),2024,SP,Tropical Storm,51.0,58.7,993.0,2024-04-10,2024-04-12,1.2,At Sea / Open Water,At Sea / Open Water,N/A,,,
2024147N19089,Remal (2024),2024,NI,Tropical Storm,54.0,62.1,978.0,2024-05-25,2024-05-27,2.2,Landfall,Tropical Storm,2024-05-26 18:00,21.7,88.4,54.0
