hurricane_name,date,severity,deaths,location,injuries,damage_billions,duration_days,event_trading_date,event_date_shift_days,spy_prev_5d_return,vix,energy_prev_5d_return,energy_20d_volatility,energy_volume_change,energy_drawdown,energy_beta,utilities_prev_5d_return,utilities_20d_volatility,utilities_volume_change,utilities_drawdown,utilities_beta,financials_prev_5d_return,financials_20d_volatility,financials_volume_change,financials_drawdown,financials_beta,industrials_prev_5d_return,industrials_20d_volatility,industrials_volume_change,industrials_drawdown,industrials_beta,energy_5d_abnormal_return,utilities_5d_abnormal_return,financials_5d_abnormal_return,industrials_5d_abnormal_return
Alberto (2000),2000-08-03,Category 3,0,Senegal; East Coast of the United States; Iceland; Greenland; Jan Mayen,Not reported,0.0,20,2000-08-03,0,-0.00537448899223647,20.0,0.02375902673615604,0.25520225290711473,-0.49936118866228174,-0.019717090367608825,0.19168368987424592,0.0354530939988702,0.16514791683405283,-0.8363320750557959,0.0,0.33363831866143023,0.0006016453021704393,0.19257080078564032,-0.7197152528717535,-0.0012011226549331067,0.8825589420902207,-0.01548377798949907,0.18808301678815295,-0.9129874315178859,-0.04108174876122683,0.7450496841671702,0.03934411034058716,-0.03594138150192461,0.020978545366125978,0.0502059193803992
Debby (2000),2000-08-19,Category 1,1,Lesser Antilles; Greater Antilles; Turks and Caicos; Florida,Not reported,0.000735,5,2000-08-21,2,0.002721101465771536,17.049999237060547,0.021695928704634992,0.21169650257675582,4.9414779302364025,-0.011450696294748375,0.09972525751162191,-0.015367846771540794,0.20328676959267383,-0.6823457544288332,-0.040128318657192574,0.31170164472831163,-0.02436398248831384,0.23775147674318423,-0.20458724084675117,-0.02436398248831384,0.8864032120144097,-0.015029937891079315,0.21255759648655537,0.43051771117166204,-0.015029937891079315,0.6999848603724693,-0.000717270633981304,0.0015579640669098893,-0.007283251968707605,0.013155211836513914
Florence (2000),2000-09-10,Category 1,3,Bermuda; North Carolina; Newfoundland,Not reported,0.0,7,2000-09-11,1,-0.01762266789010336,18.459999084472656,0.0052552446064595415,0.20380073392026782,2.8019346316103464,-0.016363522806920106,0.2822665754711122,0.04833534488869118,0.17989444725081472,18.804103515826373,0.0,0.2088281337233902,0.03459796531965065,0.22390888225262942,17.357941468292946,0.0,0.6971316267409984,-0.012757991779989819,0.13510549177936523,6.667366456729647,-0.01757815949647923,0.7937242526758844,0.03721345822430988,0.011104170256615475,-0.02952077063678349,-0.006764623008471027
Gordon (2000),2000-09-14,Category 1,26,Mexico; Southeastern United States; Mid-Atlantic states; New England,Not reported,0.0108,7,2000-09-14,0,-0.01294738337808543,18.31999969482422,0.0014091793133528263,0.23380835887637494,-0.6659313911919069,-0.017963589279033076,0.32696161945384905,0.04545469024059634,0.18651374005401405,-0.354143558865473,-0.009514410472837742,0.1353766692316149,0.03474868081495264,0.21202132616159824,-0.3395838157751221,-0.007932189615588059,0.5503606079886674,-0.01669935759578156,0.12194547978398514,-0.5823248737984925,-0.022460522614924372,0.8058942112485807,0.01721475847896803,0.020342045401140263,-0.00925721909923316,0.004682726210946564
Isaac (2000),2000-09-21,Category 4,1,Cape Verde; Bermuda; East Coast of the United States; British Isles,Not reported,0.0,10,2000-09-21,0,-0.029309967623736388,19.93000030517578,-0.019296909051618405,0.24799868247430368,1.709692097679357,-0.045955808052830505,0.11646838382674485,-0.030959976467960337,0.21175112057789733,-0.4386476245992422,-0.05279618874339087,0.033836052255769425,-0.042593262586050784,0.26317516256500945,-0.6738906170996344,-0.05373181908059532,0.6884129953145586,-0.04239580208583005,0.15393782415463833,-0.7213600937995723,-0.06483887612969219,0.7746888460814826,0.0007841363013187941,0.06104189700736917,0.039349789451867734,0.011976980047372576
Joyce (2000),2000-09-25,Category 1,0,Windward Islands; ABC Islands; Dominican Republic,Not reported,0.0,7,2000-09-25,0,0.0043210725958409135,20.739999771118164,-0.05928314048075756,0.2373708756929473,0.8719268298896843,-0.05928314048075756,0.11338825128871859,-0.0020594732731290533,0.22539075142661555,-0.8579968007184351,-0.021492110945978027,0.061047209315039264,0.014673460924922832,0.2697847542029809,-0.8305373851957545,-0.04630606222231182,0.7256011210185944,-0.01040592733116208,0.14673480104012257,-0.9199779249448123,-0.0687557057918523,0.6301401488308744,0.06432452822836243,0.06736515257496567,0.03292021995897487,-0.008419977317189242
Keith (2000),2000-09-28,Category 4,68,Central America; Mexico,Not reported,0.319,8,2000-09-28,0,0.003285499106777001,21.670000076293945,0.020874119791717494,0.2667242688371079,-0.9050808011089118,-0.03354754056596099,-0.04563714653661792,0.043385825327397765,0.2188772252517178,-0.7022389561118616,-0.00432543161707033,0.003608467995514412,0.029478953327052304,0.2641927421238806,-0.3749939158538248,-0.03675885953863611,0.8055203468281943,0.014613191015202975,0.17808168660745186,-0.8258901366762427,-0.0481924450235619,0.5492915302768691,-0.004898427664760119,0.022302433710793657,0.012047639903694063,0.015755040351985605
Michael (2000),2000-10-15,Category 2,0,Bermuda; Maine; Atlantic Canada,Not reported,0.0,5,2000-10-16,1,-0.017411013349724058,27.600000381469727,0.007633493366773436,0.29388792115528867,-0.7257865264790485,-0.03825083495064219,-0.41388321520220295,-0.016505230289108663,0.22712432547773256,-0.08942075309893194,-0.02502385542497887,0.31640404392385174,-0.036199249287100055,0.39940151498256493,0.6048178784666465,-0.09458008225845693,1.195143747924247,-0.023613905183171524,0.2554937479027162,-0.5939435650378527,-0.044220938719496616,0.7220158021454517,-0.021739250830221768,-0.0012580997858007148,-0.022777888727626427,-0.028371060804015635
Aletta (2000),2000-05-22,Category 2,0,Southwestern Mexico,Not reported,0.0,6,2000-05-22,0,-0.02860820319060242,25.440000534057617,-0.01404334029230525,0.2543780506739841,-0.7364730198567948,-0.01404334029230525,0.20141573221403672,-0.02994004949350393,0.2555250961567197,-0.9370319945541185,-0.04705876145089061,0.36985690067809623,-0.0276382537263542,0.3414637404772602,-0.4178350774874474,-0.03249986587596676,1.0442881819654277,-0.029622454020995614,0.3156058605931927,-0.9117047769979624,-0.0384615081164531,0.9285322932260524,-0.024336681293798845,-0.00904147130897437,-0.007198651689918956,-0.013117661534908676
Carlotta (2000),2000-06-18,Category 4,18,Southwestern Mexico; Northwestern Mexico,Not reported,0.0,7,2000-06-19,1,0.014246130059248907,20.5,0.0008960838224327805,0.28314313623349363,1.1639833574529668,-0.011221445806044228,0.11249520128184458,0.0005309532169950337,0.2159577460347469,4.378304466727439,-0.02054415572549184,0.3053913345858541,-0.05441249475018772,0.3599136473976892,2.29361529822654,-0.10596988588332423,0.8949340305807434,-0.005970918865596309,0.1721282981833393,1.9083245521601686,-0.030341515115812068,0.838128467595988,0.005124050257171664,0.001190482065688725,0.0023592783351228386,-0.00020117284490195342
Daniel (2000),2000-07-23,Category 3,0,Hawaiian Islands; Aleutian Islands,Not reported,0.0,13,2000-07-24,1,-0.02193691701064926,18.940000534057617,-0.022691327638655334,0.24620276966430565,-0.8158062773220689,-0.0790651107322724,0.2609479396616252,0.0,0.22129324919243332,-0.9817745136652534,-0.034482352735846544,0.32184476563660597,0.02038333354251387,0.208975529696774,-0.41141797274403635,-0.003017606946248974,0.7484737014950062,0.004709302153999895,0.1572910407583541,-0.9367922043718725,-0.0015600395258555944,0.7450097368336924,0.04527009142369309,0.017776707161454852,0.021361977959342915,-0.009501554216902242
Gilma (2000),2000-08-05,Category 1,0,None reported,Not reported,0.0,6,2000-08-07,2,0.02360160886862106,18.6200008392334,0.02783725407961324,0.2606640176986626,-0.8080798387870646,-0.029322145745381833,0.1254051279990342,0.03500823421899457,0.16234846467272748,-0.7009599864072721,-0.005426123824840534,0.38813580186371494,0.07194640418511233,0.2417458968328871,0.6911156126514035,0.0,0.8682154466350805,0.01741092656182852,0.19224689933411768,0.3151323455968038,-0.0275604960290593,0.7460856695925291,0.03486779575101595,-0.03295277675141017,0.007942626786407558,0.02907702145752067
Hector (2000),2000-08-10,Category 1,0,None reported,Not reported,0.0,6,2000-08-10,0,0.012663018765674439,19.18000030517578,0.037656592247002685,0.22502136236330755,-0.6015157071262682,0.0,0.09963711795739026,-0.028214862895033055,0.20703167819049365,0.2863601467201229,-0.04173330952583443,0.4232624715933893,0.034563792145797745,0.23772385393218007,0.9390424390301262,-0.006749065336037363,0.810006112312462,0.060639492375182735,0.21016200867996504,0.43220878421387643,0.0,0.7443314813875421,0.023310939859686908,-0.027551278571020688,-0.012822495289489977,-0.014430994389717622
Lane (2000),2000-09-05,Category 2,0,Socorro Island; Baja California Peninsula; Southwestern United States,Not reported,0.0,9,2000-09-05,0,0.004839457167754357,17.530000686645508,-0.001431249963719572,0.1901773736193141,-0.4417112880867603,-0.016447202912034276,0.24920725473855168,0.020833312683064653,0.18753477301160992,7.3178853415722624,-0.003745166788861498,0.3732598343746679,0.007874132954378998,0.21130858369360597,2.7526184777483165,-0.016465845565869164,0.7201511432523758,0.0004910063635112927,0.1316124712605122,-0.9228240674574818,0.0,0.780279284875043,0.05421827119769074,0.08419473567254177,0.05917807098109262,-0.0022241996777234707
Erin (2001),2001-09-01,Category 3,0,Bermuda; Atlantic Canada; East Coast of the United States,Not reported,0.0,14,2001-09-04,3,-0.035161757127717186,24.920000076293945,-0.028735542309982542,0.13647789130038598,-0.6678363592772607,-0.03331132263977843,0.33654050712823885,-0.021367347040745277,0.15338080555215047,-0.7567355479989537,-0.03218446380331952,0.5075605408309173,-0.02847624061775933,0.13840237932142757,0.7085173431608993,-0.06910021009145983,0.8267541509023162,-0.03499660291805695,0.1620625827430011,-0.7414448669201521,-0.04097792461566552,0.7408867252173555,0.058955981094721,0.07276330631265315,-0.007893882082259829,-0.04971077837479476
Felix (2001),2001-09-07,Category 3,0,None reported,Not reported,0.0,12,2001-09-07,0,-0.022503235389937037,28.610000610351562,0.002437011123776589,0.11812488971478925,-0.011178303096939679,-0.03095549157982269,0.3261146383792561,-0.002689034414439906,0.1419652507422509,-0.8476311403856837,-0.03543538994482942,0.4697781883215285,-0.03016514620159305,0.12884758583224487,1.7315701646828816,-0.08633119590214033,0.8235346414584235,-0.015217959404994152,0.16941401384733856,-0.5435189916538921,-0.06405008967924553,0.7313980575645073,-0.0319735203680217,0.1116466315366853,-0.010338037636174136,-0.08717333261977911
Gabrielle (2001),2001-09-11,Category 1,3,Florida; Newfoundland,Not reported,0.23,8,2001-09-17,6,-0.02971241159447724,31.84000015258789,-0.0010376690788871379,0.11714459376122632,1.332721175343341,-0.028600038602206945,0.27332283909957666,0.0013301443655748812,0.13064570398365047,-0.805146140394704,-0.009861709067091273,0.41519552686683797,-0.04625348787816852,0.13990447885868582,-0.12920703829570146,-0.10187143954977396,0.8193534168431396,-0.0413197424927737,0.16735994584401168,-0.7301638291037584,-0.08382443934036043,0.7698990778486298,-0.100742888393619,0.017666999324466803,0.001228690084157602,-0.0013082453093016255
Humberto (2001),2001-09-21,Category 2,0,Bermuda,Not reported,0.0,6,2001-09-21,0,-0.1030438588754855,43.7400016784668,-0.12677571531184884,0.2463194060117253,1.7488920267870873,-0.1488862374521558,0.424842710290497,0.0029883031686135375,0.1266808434512485,-0.799220111175641,-0.006902875674930753,0.33298087608265536,-0.10420867242059295,0.2332649222638969,-0.3972133902919174,-0.18579215961297957,0.8050817179623051,-0.17769379915584682,0.39921999195078217,1.1633384536610345,-0.24662315540770974,1.1260220597985116,-0.044096594204625195,-0.06913856491607273,0.05333855265609899,0.018186819277442146
Iris (2001),2001-10-04,Category 4,36,Windward Islands; Greater Antilles; Central America; Eastern Mexico,Not reported,0.25,5,2001-10-04,0,0.049672509726890635,31.34000015258789,0.058162338633934274,0.35972858522883855,-0.880739512116186,-0.08522870922555936,0.45842057649390566,0.05419628184701897,0.2184438272624515,-0.8386517033427853,0.0,0.3788362060071034,0.05493087396678176,0.3709281834510635,1.8862359054092273,-0.030727516444651104,0.9381187109639287,0.059689180768535355,0.5261043435295848,-0.27109014899774897,-0.11659112710517316,1.240934149689945,0.03172895697998612,-0.030191694420272808,-0.03456223275646686,0.0075629732774284975
Karen (2001),2001-10-12,Category 1,0,Bermuda; Atlantic Canada,Not reported,0.0014,3,2001-10-12,0,0.025832221537431144,31.5,0.04779377783084704,0.4100884396715794,-0.29101297955742134,-0.007264287700666561,0.5718245671327677,-0.00835819700245044,0.217777171329673,10.38675570395103,-0.01755542560760981,0.38813449728084043,0.0171707046701588,0.3880804477557128,-0.4323043120641814,-0.01854042937265621,0.9287007467161481,0.03223162228771792,0.5365569132743446,-0.22269161134580562,-0.039459659325765006,1.269379774316792,-0.028404835461800837,0.022010723795812592,0.01269316360966044,-0.009097224016717975
Michelle (2001),2001-10-29,Category 4,48,Greater Antilles; Central America; Florida; Bahamas; Bermuda,Not reported,2.43,7,2001-10-29,0,0.007764466896136968,28.420000076293945,0.02675996706305961,0.29714094101178734,-0.4669439904917546,-0.017537696582681672,0.5210557010547341,-0.024508313742970134,0.18680745849125052,0.37222288226208855,-0.06392849840475723,0.2596037535694767,0.023684950025910645,0.23885398973156766,-0.7024577372262182,0.0,0.9437417858494257,0.03420556526012386,0.2278970104972404,-0.6488375873841652,0.0,1.2699140824045438,-0.0797904742021891,-0.0258079397828459,0.0024592822656057667,-0.0062226502183275745
Noel (2001),2001-11-04,Category 1,0,None reported,Not reported,0.0,2,2001-11-05,1,0.016752567440838417,30.709999084472656,-0.04396349018165113,0.32807879325270783,0.9351813255523134,-0.0694490459256859,0.5310486431152902,-0.005317701035170486,0.17571130025927928,-0.6005932831867782,-0.07055330831114548,0.24903461523990483,0.010569390273403867,0.23428764024744209,-0.22030919521984282,-0.02509798362944282,0.9419811269263589,0.008889439003106014,0.27827652393694785,-0.6973224679860303,-0.028405306240935624,1.267519316869995,0.02231140102112783,-0.004784040532435974,-0.004322926607270405,-0.005092984320979932
Olga (2001),2001-11-24,Category 1,0,Bahamas; Greater Antilles; Florida,Not reported,0.0,10,2001-11-26,2,0.011542388498719136,23.25,0.030435103925553042,0.3693052772302576,-0.9578335636483569,-0.06926076190873842,0.4891605297669451,-0.00878126187583983,0.1254543074895528,-0.9692010170826917,-0.014664536600580536,0.1959483203950801,0.02119520063772362,0.23080259315533405,-0.8635569990698192,0.0,1.0009888164846255,0.009391116339131589,0.2435895423623875,-0.339622641509434,0.0,1.3285852143077121,0.02442143115811246,-0.0072985362952312505,-0.018833589256715966,-0.004955693681535367
Adolph (2001),2001-05-25,Category 4,0,None reported,Not reported,0.0,7,2001-05-25,0,-0.0008477550329724082,20.56999969482422,-0.029123664132739924,0.2207789931908666,-0.05615878575598365,-0.029123664132739924,0.4164237385106062,-0.003002677455438252,0.14658483930138652,-0.6327902767002844,-0.00658226851170729,0.2834000376387785,0.023951010464863698,0.1634185273592261,-0.5771892292895993,-0.0003446955419577069,0.9509550796377361,-0.010015033098529691,0.1822044222840824,0.44724977457168613,-0.019528632657102807,1.0259206146524593,0.020013955615983847,0.008687667556448342,0.013255852734680995,0.00015664789520142275
Dalila (2001),2001-07-08,Category 2,0,None reported,Not reported,0.0,6,2001-07-09,1,-0.028956393100897704,21.6299991607666,0.0013179103635836409,0.19997177332335409,-0.039069901883641345,-0.07839629652809732,0.07525821043705325,0.012840965126475812,0.20157362403620077,2.4187446259673258,-0.021085428571730236,0.14472121860564185,-0.015141421060581584,0.21959722258560418,0.14270525551235425,-0.04146711485260435,0.8379903578510399,-0.005882481289956609,0.1406301115764225,0.066536203522505,-0.06244721430167954,0.8803182560426537,-0.03447234016406453,-0.008124020858935932,-0.019842453488452483,-0.019194565368696348
Flossie (2001),2001-07-06,Category 3,0,None reported,Not reported,0.0,8,2001-07-06,0,-0.0038472495094190595,20.09000015258789,0.01836356158937469,0.20133689557014317,1.9954581500973254,-0.07506036849572695,0.07074939218011743,0.02465922902259332,0.2020280826142694,0.008933263268523284,-0.02015476157377183,0.15109117128811056,-0.0013990955342001454,0.20742714625309336,-0.8285678402344618,-0.021590253579013674,0.8289604796325132,0.0013682389206701728,0.13288655852644574,1.4240802675585282,-0.05650006030126631,0.8805598855279949,-0.050487232490701195,-0.024259587364631408,-0.02071694863371465,-0.01739731763724528
Gil (2001),2001-07-25,Category 2,0,None reported,Not reported,0.0,7,2001-07-25,0,-0.026526565530189172,25.239999771118164,-0.016353358116341865,0.222726796584856,-0.666296227696487,-0.09824590706271596,0.30231669367200054,-0.06937051321140364,0.18915019786190806,1.543578797580932,-0.08302185960384034,0.34476473898215754,-0.02948438096081818,0.1959610238292906,-0.8368278592536205,-0.04973850488283138,0.8413755263526826,-0.034955288550639785,0.21494855280827466,4.856717353817213,-0.04542347693098503,0.8863558747407251,-0.014793536360583337,-0.007346514936668491,0.0008797723744013997,-0.002346264749166993
Juliette (2001),2001-09-21,Category 4,7,Baja California Sur; Sonora,Not reported,0.4,12,2001-09-21,0,-0.1030438588754855,43.7400016784668,-0.12677571531184884,0.2463194060117253,1.7488920267870873,-0.1488862374521558,0.424842710290497,0.0029883031686135375,0.1266808434512485,-0.799220111175641,-0.006902875674930753,0.33298087608265536,-0.10420867242059295,0.2332649222638969,-0.3972133902919174,-0.18579215961297957,0.8050817179623051,-0.17769379915584682,0.39921999195078217,1.1633384536610345,-0.24662315540770974,1.1260220597985116,-0.044096594204625195,-0.06913856491607273,0.05333855265609899,0.018186819277442146
Kiko (2001),2001-10-14,Category 3,0,None reported,Not reported,0.0,6,2001-10-15,1,0.02787918232838904,35.27000045776367,0.038899107773486374,0.4035267023380518,-0.3025390027531355,-0.007015052504787955,0.5640329891814722,-0.024180086377105448,0.216689988244174,-0.6805685162587036,-0.024180086377105448,0.4002637183860891,0.024257274952757202,0.3548858507334145,0.34122827735871697,-0.033924809979579695,0.9294850093558524,0.034682473425972304,0.4093681215540512,-0.2655849701110162,-0.009485750336809762,1.269376320556312,-0.019907995261035594,-0.01651610614269372,0.011046770819755025,-0.016616202538500824
Narda (2001),2001-10-27,Category 1,0,Western Mexico,Not reported,0.0,6,2001-10-29,2,0.007764466896136968,28.420000076293945,0.02675996706305961,0.29714094101178734,-0.4669439904917546,-0.017537696582681672,0.5210557010547341,-0.024508313742970134,0.18680745849125052,0.37222288226208855,-0.06392849840475723,0.2596037535694767,0.023684950025910645,0.23885398973156766,-0.7024577372262182,0.0,0.9437417858494257,0.03420556526012386,0.2278970104972404,-0.6488375873841652,0.0,1.2699140824045438,-0.0797904742021891,-0.0258079397828459,0.0024592822656057667,-0.0062226502183275745
Octave (2001),2001-11-01,Category 1,0,None reported,Not reported,0.0,5,2001-11-01,0,-0.04314071020979893,33.560001373291016,-0.022561937847392577,0.3086499981525033,-0.41208935373257216,-0.057874281145568474,0.5443239347452528,-0.015974721747989973,0.17574246527598628,-0.8507706551930723,-0.08181545532462697,0.25400032380620435,-0.034906353602232376,0.2624518656064056,-0.5784796073665086,-0.045881955313064604,0.9570747450003235,-0.045184137756773324,0.2658402682691145,-0.3647058823529412,-0.06264665142874426,1.2884640884845973,-0.05382772941515512,-0.01944608498228284,0.009214300031126665,0.015988050687069988
Gustav (2002),2002-09-08,Category 2,0,Bermuda; Atlantic Canada,Not reported,0.1,4,2002-09-09,1,-0.019393433554035222,36.33000183105469,-0.02444335285496313,0.319897295036939,-0.23060053364523558,-0.056165434967510475,0.9641467884238027,-0.036279502309858436,0.28230031732208477,-0.2634131555016672,-0.07911085385241323,0.923549032955706,-0.0310905942273062,0.32748518808971033,-0.46637278679927885,-0.05913992193032991,1.0785127228578864,-0.030248122949454337,0.26154886182271464,-0.06194239102727506,-0.07413773508674781,0.9428787602447115,0.017453818464447823,-0.03551195199115853,-0.02569174548274744,-0.008589482256570857
Isidore (2002),2002-09-14,Category 3,22,Jamaica; Cayman Islands; Cuba; Yucatan Peninsula; Louisiana,Not reported,1.0,13,2002-09-16,2,-0.010919631167759958,35.81999969482422,0.0017921533466205286,0.28061031898099853,-0.5277574872169466,-0.052542485703152675,0.9899391636929925,-0.03288256196032424,0.25726976395096013,-0.13567633837351856,-0.11111068841608174,0.9087705594509203,-0.032020914922542776,0.29549555656154136,1.9183761840772466,-0.07485530027758003,1.073355743253086,-0.026777449006753606,0.25290358012742736,-0.49560117302052786,-0.09137921938882876,0.9456958134385575,0.009415013477173995,-0.008179299077995306,-0.002000743587240894,0.015173527818042598
Kyle (2002),2002-09-20,Category 1,0,Bermuda; South Carolina,Not reported,0.01,22,2002-09-20,0,-0.05542563822943858,40.650001525878906,-0.050536630772407665,0.2789144226271423,-0.734864254880908,-0.10042379627571552,1.0126232758507647,-0.03650020241188934,0.265179454757109,2.419561933534743,-0.14355532821065975,0.9282092307444626,-0.06526595508212918,0.29147342531345044,0.07003749584290642,-0.13523575269413335,1.0920922908603068,-0.03178383807043994,0.23740654695083208,4.295816640268331,-0.120258675147211,0.9325424874378078,0.03354381252938987,0.009824019840616871,0.016553166220882987,-0.015328414124197165
Lili (2002),2002-09-21,Category 4,15,Windward Islands; Jamaica; Cayman Islands; Cuba; Louisiana,Not reported,1.1,13,2002-09-23,2,-0.05742425638222459,38.97999954223633,-0.050362112891825905,0.2793957764212232,-0.48988644428672823,-0.09112415186736567,1.0219019878887003,-0.048227160259188495,0.2699138971417458,4.025780883794265,-0.16370890697113194,0.9373233642759135,-0.06758610725095393,0.2868127893322405,0.7068682665116546,-0.133576764489302,1.0900465411970093,-0.03770340925378868,0.23119255680052478,-0.3935299857389477,-0.10691833439908471,0.9332264682675071,0.022825086766775526,0.0538441005613951,0.02042091414146141,-0.008913645588960128
Alma (2002),2002-05-25,Category 2,0,None reported,Not reported,0.0,4,2002-05-28,3,-0.00920702433420173,18.899999618530273,0.014871024993684312,0.21351241856510414,-0.37967075106568926,-0.01235484889226024,0.6679403589502927,0.032950209007007514,0.1975277994524449,0.021287710591615605,-0.010279660154498771,0.7042088984459499,-0.003349998471196991,0.21513755596010292,-0.4752281075359108,-0.020489648322791543,0.8998863476659823,-0.0038388289288453503,0.26871006496608696,-0.8377074347540024,-0.011804629364815966,1.0592296187990882,-0.013289432157716385,-0.01983425152245566,0.0018989551924705195,-0.020511919355535313
Douglas (2002),2002-07-15,Category 2,0,None reported,Not reported,0.0,7,2002-07-15,0,-0.0634238881459227,32.939998626708984,-0.08925768653963517,0.25251431458222534,1.1371812783793223,-0.10452975681984855,0.6645796185938555,-0.08492135084046681,0.3507703181291079,0.3187036472620137,-0.17219774216056172,0.7537426380094896,-0.05846867329586425,0.3325551200681242,-0.3591439392220813,-0.10139124551302303,0.8795684346969266,-0.050552453623372795,0.2968853700779487,-0.5482564679415073,-0.09441130124788566,0.9569456841041607,-0.01860475410662088,-0.033778415129625095,-0.001537418162547266,0.012426076534645003
Elida (2002),2002-07-29,Category 3,0,None reported,Not reported,0.0,6,2002-07-29,0,0.04136262803849866,35.5099983215332,0.0602287253146101,0.458026876087298,-0.8295712770792304,-0.1870231360391077,0.8212230533641387,0.020686019002432277,0.5967345572218508,0.2818035426731078,-0.22680427019981286,0.9693145984291581,0.023132490329656363,0.44425692985086307,-0.0783692841835405,-0.15552906275307365,0.9755148823228178,0.047452061762779385,0.3788472928858016,0.4605067064083457,-0.12406029703248289,0.9400836705548596,-0.03569231962116837,0.09728370735520353,-0.0038031845734155523,-0.013055450134725866
Fausto (2002),2002-09-19,Category 1,0,None reported,Not reported,0.0,6,2002-09-19,0,-0.02794858862141747,37.52000045776367,-0.012206882402436725,0.2897695300084667,-0.42425074450334765,-0.07415286483868921,1.0113609610400907,-0.0015221915371272932,0.27937109161910695,0.9393939393939394,-0.12533314058439993,0.9306532695907868,-0.024323679150475064,0.2796162799498928,0.6098602246355884,-0.1042180081146028,1.0838966313079075,-0.03611076878166597,0.24353407957085565,0.4051935325820677,-0.10258586047908114,0.9362828365659869,0.024741693715545132,-0.032351488478865376,0.007919521993159817,-0.008976679160335177
Hernan (2002),2002-09-30,Category 3,0,Western Mexico,Not reported,0.0,6,2002-09-30,0,-0.010877089674445561,36.970001220703125,0.02033193590280713,0.34788225249748544,0.6422747759153289,-0.052922530340061336,1.0617728619927178,0.01767974598093658,0.35940582376340685,0.34024236668799923,-0.13281570999754488,0.9958692838259358,-0.0028970511684824896,0.3335000548157804,-0.643528466834115,-0.11579230469467461,1.1023125579601312,-0.02183685698425475,0.28616629976988656,-0.6524517159591461,-0.10678853438021563,0.9382267509127841,0.02921414067850081,-0.04085775398500402,-0.06278519383364656,-0.02024408786355414
Kenna (2002),2002-10-22,Category 5,4,Jalisco; Nayarit; Sinaloa,Not reported,0.2,4,2002-10-22,0,0.016572531668771706,33.11000061035156,0.009321165959677247,0.3347223699360999,-0.5984352012839373,0.0,0.8495614759746071,0.04848469317689763,0.588658769461586,0.6857821162193458,-0.08803362902139922,0.8282685411873998,0.02696628468517237,0.5744564559756871,-0.453717371246385,0.0,1.180422785360283,0.03495804856186613,0.47304537457899126,-0.7093701399688959,0.0,0.9919861268900401,-0.035541863173241595,0.057450554569851375,0.003986942871633481,-0.010130807171105038
Claudette (2003),2003-07-08,Category 1,3,Yucatan Peninsula; Texas,Not reported,0.18,9,2003-07-08,0,0.03144540436259402,20.059999465942383,-0.010395199123259813,0.1439176774333528,1.3156381627331686,-0.0658426719115156,0.392942527056788,-0.0036160640716867976,0.14105775563442444,-0.6193161790623898,-0.025942739081351363,0.5162175805632595,0.037066555997125716,0.1916944203513338,-0.7319627452174122,-0.014705412668975848,1.071656796628622,0.01741831715404696,0.1805317906953957,1.1929161900239582,-0.024778237054334462,0.981674877058693,-0.0130329543196257,-0.033453793099938456,0.017251748551149193,-0.017202351031246566
Danny (2003),2003-07-16,Category 1,0,None reported,Not reported,0.0,5,2003-07-16,0,-0.0006952699113597083,19.549999237060547,-0.029166570424683624,0.08837041904938792,1.0361092730881936,-0.05137652554940075,0.36066758942548205,-0.032703497168589,0.1327549394908889,1.4229846424847388,-0.07190564465846605,0.5891037188930799,0.01250548094864845,0.19009754286150696,0.6809533306298448,-0.005373829536689079,1.0945324165449521,-0.012775442493862976,0.15121084933047702,1.3024800108415775,-0.040617990652594194,1.0133149939704027,0.022403876938374645,0.01600717766449844,-0.0028915846126350564,0.022458935178291894
Fabian (2003),2003-08-25,Category 4,8,Bermuda; Puerto Rico,Not reported,0.3,14,2003-08-25,0,-0.00706637392410514,18.549999237060547,-0.006177681222397591,0.1559195078482385,-0.20614681117681977,-0.015503532141755594,0.37320077083653974,0.0004829722342734044,0.12283557379974325,0.20864166028748832,-0.013803194810434238,0.682886381872673,-0.02263009901004487,0.15007261138324268,1.564259599200574,-0.033564451870724765,1.075399176758021,0.002091823809803328,0.14631228536996316,-0.0779648035649011,-0.009511839829920765,0.9052694209122083,0.0007035864446747198,0.001058528231241418,-0.0036599786005027113,-0.0013276549859122522
Isabel (2003),2003-09-06,Category 5,51,North Carolina; Mid-Atlantic United States; Bahamas,Not reported,3.6,13,2003-09-08,2,0.013702947745782401,18.170000076293945,0.0008099324881234438,0.10303252355173306,-0.7998129353789455,-0.0060369197296097354,0.3412788055118168,0.020427973790674958,0.11379028024391612,0.9514141976410784,-0.0018587825423705961,0.7010265412096168,0.010663598033592958,0.12375331553297957,0.9167801484211555,-0.008907855500528639,1.0516303258541655,0.01081978361529834,0.13281798251715257,-0.1285510542342828,-0.011798138028604077,0.9041665507019135,-0.01301923961599738,0.010714708964380204,-0.00014413461409057415,0.0022263054200025723
Juan (2003),2003-09-24,Category 2,8,Nova Scotia; Bermuda,Not reported,0.15,5,2003-09-24,0,-0.0004329343539536401,19.469999313354492,0.013393651626607772,0.12735393658465602,-0.7989106170193767,-0.026672708334576245,0.4737380089938734,0.011773193730056475,0.09696841574827837,-0.6973914958202594,-0.000919426070451701,0.6909640111634653,0.014651828036945647,0.15556928772159215,0.23857500047109492,-0.00917704654460716,1.0879232806604473,-0.0018186595981530829,0.1361108710507421,-0.12911157344521051,-0.013590376021388129,0.8552199835160581,-0.008361963762580471,0.011832019766357282,0.009178683399848397,-0.007483877768099889
Kate (2003),2003-09-25,Category 3,0,None reported,Not reported,0.0,12,2003-09-25,0,-0.02965480797307407,21.219999313354492,0.01419094240897012,0.12770907411780702,0.17373179578799203,-0.02185681663952399,0.4270353772024632,-0.011282513504906722,0.11040098835571015,-0.5462420462420463,-0.012873497682419854,0.7106375034630152,-0.026312736539277903,0.16969246963528797,0.09635764339663666,-0.026312736539277903,1.0761422045327815,-0.0327714358683342,0.15496103014455273,-0.6337383027071517,-0.0327714358683342,0.8873536354911481,-0.004662398425061776,0.007649749922808091,0.0039011334729734948,-0.007182918023161955
Ignacio (2003),2003-08-22,Category 2,2,Baja California Sur,Not reported,0.02,5,2003-08-22,0,0.011544060532965084,17.84000015258789,0.009472711405096534,0.1433000343871494,-0.09307553956834536,0.0,0.3808438946954091,0.012042897817287512,0.11471165496011985,0.23240817393577617,0.0,0.6716210480687548,-0.0023439792879847987,0.13474028875174363,-0.07446606529627575,-0.018447788507801266,1.0671098632311835,0.026751146174295526,0.13999873776171123,-0.19456617784878483,0.0,0.9247402978411007,0.006054201274369397,-0.0008124399618036904,-0.005960536096467628,-0.013398265052135594
Jimena (2003),2003-08-28,Category 4,0,None reported,Not reported,0.0,7,2003-08-28,0,-0.0062515101415193675,19.1299991607666,-0.010607366828709441,0.14269208140154455,-0.6017087417334015,-0.010607366828709441,0.36088756148203205,-0.002855854110700884,0.12048014323312392,-0.01994440814608922,-0.002855854110700884,0.6618368424149442,-0.017619762353933033,0.1477932611791354,-0.6315094022355439,-0.02106980856894991,1.0737946431286314,-0.013647345994385218,0.13868788274126834,-0.4626502642780298,-0.013647345994385218,0.9045286837855282,-0.018515761630715222,0.002313677920938062,-0.0050677100941389774,-0.010144335392043846
Linda (2003),2003-09-09,Category 4,0,None reported,Not reported,0.0,8,2003-09-09,0,0.00856033750236862,18.260000228881836,0.008051866409953812,0.11149534095399236,-0.17687175685693102,0.0,0.32954320980599455,0.009328793037026939,0.11506821217167319,0.33153504171037507,0.0,0.6934611455792195,0.002716217938518284,0.12767835632985608,0.3482841835153532,0.0,1.0722927061739753,0.001230107248868073,0.1318746761668487,1.5186467020773748,-0.006916433415765644,0.894719703514826,-0.02178016533914373,0.0008534880255872679,-0.004464672350208865,0.004721265401465002
Marty (2003),2003-09-18,Category 2,12,Baja California Sur; Sinaloa,Not reported,0.05,6,2003-09-18,0,0.010952126370706416,18.149999618530273,-0.01676229317000566,0.1360028297439454,-0.44506322479198057,-0.03953681759982719,0.43816524826480896,0.00790707611347874,0.10541943040313363,-0.25390133865838327,-0.0027611315947521087,0.6945601025283906,0.014960581929495342,0.13734333903511306,-0.21413409695290908,-0.0023218491738888902,1.0164954086553857,0.009555857583289029,0.13610339208267708,-0.6795095851369881,-0.01139135910279121,0.8602737675647721,0.042655801318457365,0.028179665263943,0.0067383170000762105,-0.0024974092461176323
Nora (2003),2003-09-30,Category 4,0,None reported,Not reported,0.0,8,2003-09-30,0,-0.019526474419491846,21.670000076293945,-0.008247573423172727,0.11874362015825148,-0.6368085025041098,-0.034700296637364736,0.552566764190343,0.00966400860326977,0.10064366999454193,-0.6090299867206077,0.0,0.760285099845118,-0.016909812434477423,0.1630390673479038,-0.8431458694370149,-0.025931676843312768,1.110875575186663,-0.02730580739977717,0.15258405000947453,0.3043637899065559,-0.04052508723103465,0.9723458087371214,-0.004868724319431861,-0.034446033264696974,0.0029225764469096305,-0.0027618580238746304
Olaf (2003),2003-10-03,Category 1,3,Southwestern Mexico,Not reported,0.01,8,2003-10-03,0,0.025012623072787843,20.799999237060547,0.026326431981076537,0.1337211090406676,-0.5341016281835705,-0.014230888079898918,0.5528820076947132,0.019806572504120767,0.10440475314965984,-0.672133946943759,0.0,0.6590155317408719,0.031213455023741732,0.18711812991005686,-0.5139048969483552,-0.006130262575534506,1.110580369998035,0.025354740719770508,0.16806828491155065,-0.8614759501392127,-0.02624125843304803,0.95133003109519,-0.0033161867277848867,-0.020877956790292918,0.0003727957823178585,-0.009753591948080453
Patricia (2003),2003-10-04,Category 1,0,None reported,Not reported,0.0,4,2003-10-06,2,0.024373549422223695,19.5,0.02702651987454785,0.12504037934521509,1.634158602488375,-0.00861160501953917,0.5588965478016912,0.011395101798483909,0.10236354293242814,-0.3911011318333868,0.0,0.651717371508868,0.028147220312485288,0.18595004338355925,-0.5838513762186218,0.0,1.098503145618659,0.025095030976783672,0.17147206200285886,-0.5113181138085815,-0.01644703457365071,0.9514185920559322,-0.003976314349317445,-0.01181751043433621,0.013075576253711807,-0.004620444849247285
Alex (2004),2004-07-31,Category 2,0,North Carolina,Not reported,0.01,6,2004-08-02,2,0.01921836701586077,15.319999694824219,0.028200433925234858,0.12369610760681635,-0.08981672379555028,-0.006125535955963435,0.8512931253416245,0.026383163668342924,0.10620238034324894,0.37046399040315325,-0.004950055650026819,0.7281671745502011,0.014508302469779188,0.08192675392524139,-0.29878830797364053,-0.01721724373318123,0.8383110879252861,0.01604672228432036,0.09168148774662283,-0.34311078166640196,-0.013456280003052101,0.9303732833043391,0.006405279221179616,0.036232292227611596,0.007147505347255501,-0.006944053048031251
Charley (2004),2004-08-09,Category 4,10,Cuba; Jamaica; Florida; South Carolina,Not reported,16.9,6,2004-08-09,0,-0.03799359284706272,19.34000015258789,-0.04566482888101231,0.17826646394074883,0.8526555560797104,-0.057012102752095783,0.6986151475174489,0.002057708899217303,0.12259347799257618,1.463614804366915,-0.004497263437271526,0.5893021339863975,-0.028429303865145084,0.10233410858527671,0.10798310142243661,-0.02877407250917463,0.7814498812236172,-0.04573046142313686,0.13239272837811852,1.4289219406080842,-0.0541785032139972,0.974349429143286,-0.015648848687888517,-0.00021020787761338866,0.010552936184488493,0.005408153297984164
Danielle (2004),2004-08-13,Category 2,0,None reported,Not reported,0.0,8,2004-08-13,0,0.001216182096231977,19.079999923706055,-0.005819361290339553,0.17743347577600596,0.05809716811743337,-0.0624996900185989,0.713718244812563,0.008624880467008822,0.11961510486394226,-0.17074144296976346,-0.0004066061521278419,0.5399538927748652,0.005120854775334749,0.11753638853928675,-0.440848976560578,-0.023454031426267674,0.7823360934550297,0.002995169468715142,0.15512197700482244,-0.5478917799960519,-0.049325712430181246,0.9935633735286554,-0.02137728310891429,-0.020885349393515273,0.008929659096931442,0.0010955521350999309
Frances (2004),2004-08-25,Category 4,49,Bahamas; Florida; Eastern United States,Not reported,9.8,14,2004-08-25,0,0.002907869965753429,15.329999923706055,-0.0016128649537610062,0.2028803652757928,-0.17008513804478798,-0.0564025984527885,0.6915385306248838,-0.0008085258729100264,0.08822546731865277,-0.48480218533694475,-0.0008085258729100264,0.4425089028820242,0.004221285542111541,0.1337916633399865,-0.3902905289786035,-0.001748407887924297,0.823778295564213,-0.0018082748159863327,0.17708629692380803,-0.5903754014636972,-0.013933216984122754,1.036177704535068,0.0416792102645287,0.006484270605057185,-0.0030225960430637633,-0.0023388428848082343
Gaston (2004),2004-08-27,Category 1,8,South Carolina,Not reported,0.13,5,2004-08-27,0,0.005611653449435261,14.90999984741211,-0.001591192602063085,0.2041152885576582,-0.42955499726165536,-0.04359750936682927,0.7054947938970869,0.0040471327087425735,0.08424305977773676,-0.5775065884755098,0.0,0.4429759893399128,0.00944071361733334,0.13573200473510455,-0.6858679877824012,0.0,0.8272585083658077,0.011597492936477938,0.18170985537109596,-0.9075025693730729,-0.0028583021821255716,1.0374738467075004,0.03421678476914991,0.008504364534223985,0.00021688444898160242,0.004382900051426386
Ivan (2004),2004-09-02,Category 5,124,Grenada; Jamaica; Cuba; Gulf Coast of the United States,Not reported,20.5,22,2004-09-02,0,0.0019805320455481557,14.90999984741211,0.03634021217095884,0.19491903718062162,-0.03377777584531405,0.0,0.734512033238865,0.008464802650605341,0.06692590108039227,-0.0013809828556030634,-0.0031868323635122486,0.4175115950027951,-0.0034645544687608165,0.11851572357180673,-0.08764257609549186,-0.00449840856817596,0.8074716939420306,-0.0007161581633233771,0.16358427593315233,-0.279796095799306,-0.0007161581633233771,1.0308078095208115,0.006416899112364316,-0.0038672096770551168,0.0036430237440601143,-0.0010800558988068865
Jeanne (2004),2004-09-13,Category 3,3037,Puerto Rico; Dominican Republic; Haiti; Bahamas; Florida,Not reported,7.9,15,2004-09-13,0,0.008384260207892735,13.760000228881836,0.008526111499147948,0.16061523848681378,0.13501843525292867,-0.005405297482522831,0.6345440245260795,0.003975068894525258,0.07884484724613289,-0.20065829949550884,-0.003156568791781056,0.4154958840034438,0.008253170424458833,0.10856867924218569,-0.5473232106034691,-0.0037379917904909465,0.8044606926087361,0.006030157138402936,0.12354202872576003,1.0364581040024659,-0.0014087220142232626,1.0416821819635937,0.025783454960809693,0.013094699866150195,-0.0009060006446571789,0.009603570797944827
Karl (2004),2004-09-16,Category 4,0,None reported,Not reported,0.0,8,2004-09-16,0,0.002845244514344758,14.640000343322754,0.0027027018416159176,0.12400583035785773,0.28405193862868106,-0.003283230316057262,0.6336446992054446,-0.005553206372230446,0.08318732868451639,0.9078278549644188,-0.010655101765861819,0.4099066890796223,-0.00034295630586600456,0.09425379625998673,-0.7691022036245025,-0.008835101153300218,0.7913226112278775,-0.0028286842782861976,0.10219028108534299,0.3969647838390349,-0.009135309573537698,1.0332010548480064,0.04144548100847323,0.00883695173420318,-0.012570518714935197,0.0010948260475900362
Lisa (2004),2004-09-19,Category 1,0,None reported,Not reported,0.0,14,2004-09-20,1,0.001684457190730848,14.029999732971191,0.021146579865352733,0.1308861932448059,0.3247294780677703,0.0,0.6162358036986644,0.012380198744744497,0.0835297324987225,-0.4295957369639818,0.0,0.4133396704292267,0.00507432309027922,0.08691503601622017,-0.3306318723536045,-0.0014147271358985192,0.8109852244600028,0.01057000242042494,0.09205336082474382,0.32096672046415664,0.0,1.0316162023215314,0.03503899499140961,0.008113092680746337,-0.005792151297795534,-0.008617223291034426
Celia (2004),2004-06-13,Category 5,0,None reported,Not reported,0.0,8,2004-06-14,1,0.012125605922025384,15.039999961853027,0.01886771235739193,0.18095380902312047,-0.11574019038561778,-0.0009911561889728304,0.9436917681128346,-0.0004273493803433892,0.13369798512332703,-0.466404636931267,-0.008898799386514722,0.7194294284631116,0.007331943035659316,0.11603780489837906,-0.7988752516385793,-0.006884796865318732,0.9628705409782249,0.017614595405700095,0.11999440655291033,-0.04970614603048107,-0.0017999126456288428,1.0329744211140828,0.03864744599157732,0.025692256906254762,0.0009460536103607087,0.010598572914921833
Darby (2004),2004-06-22,Category 4,0,None reported,Not reported,0.0,6,2004-06-22,0,-0.003567954435566234,15.260000228881836,0.027400150747544094,0.18323066728586168,-0.7531215925366679,-0.002242076779547242,0.9854974932579099,0.024754010655764436,0.12012745349862594,2.5078599017238483,0.0,0.743984079144843,0.0005504169607530862,0.11549757742948238,0.13351636916851506,-0.016326464907648552,0.990314757344191,0.004961745562619413,0.10954555514356519,0.32146119638214365,-0.003926085760738607,1.0162686707365742,-0.005145465744648803,0.0007989019848986256,-0.005168664342858231,0.00968574915624476
Frank (2004),2004-08-22,Category 2,0,None reported,Not reported,0.0,8,2004-08-23,1,0.020129535912050356,16.0,0.0031929982126752687,0.20472219705217337,-0.049803308724470585,-0.04207326343028117,0.650289565177135,0.0052884358127591735,0.09669209006949586,-0.6259382866515554,-0.0008085258729100264,0.4532914865585053,0.0239895459731041,0.13492278809955383,-0.08274835227877819,0.0,0.8177429675328477,0.012849507014952799,0.182625600795956,-0.6954443123466472,-0.014290066177053307,1.0390080166055113,0.009895809677958889,0.005116175538200984,0.005075500062984073,0.0031694106002611022
Howard (2004),2004-08-31,Category 4,0,None reported,Not reported,0.0,6,2004-08-31,0,0.0016312129534876707,15.4399995803833,0.015508653816489026,0.19994765510778473,-0.13749332492930988,-0.04176867301005416,0.7290152695113256,0.006070945488892754,0.08047357677030859,-0.29721796587595606,0.0,0.40790366758318447,0.006304193437664862,0.1345723937699121,-0.6693162555973946,-0.005882577988240323,0.8173127904774136,0.005434651791928147,0.1808906355744487,-0.4161231449367042,-0.005732370038509016,1.0396458095360523,0.014313262123258008,-0.013229915357209077,-0.0018035727685883352,0.003628056555771586
Isis (2004),2004-09-14,Category 1,4,Baja California Sur,Not reported,0.01,6,2004-09-14,0,0.0050505086344740935,13.170000076293945,0.01676832259629646,0.16084872325031077,-0.10977879366982679,0.0,0.6386160767885037,-0.011049913163920344,0.08534446838103936,-0.5246576088224544,-0.011049913163920344,0.4011194823465247,-0.006456288930181686,0.10046649839509723,0.1814493941907238,-0.006456288930181686,0.7981861327300068,-0.0003522059299151392,0.10816476589022427,-0.28122098542620777,-0.0003522059299151392,1.0363251785355805,0.044071336637033665,0.018034859745647114,0.00366256653554331,0.008695940594207863
Javier (2004),2004-09-11,Category 4,0,Baja California Sur,Not reported,0.01,8,2004-09-13,2,0.008384260207892735,13.760000228881836,0.008526111499147948,0.16061523848681378,0.13501843525292867,-0.005405297482522831,0.6345440245260795,0.003975068894525258,0.07884484724613289,-0.20065829949550884,-0.003156568791781056,0.4154958840034438,0.008253170424458833,0.10856867924218569,-0.5473232106034691,-0.0037379917904909465,0.8044606926087361,0.006030157138402936,0.12354202872576003,1.0364581040024659,-0.0014087220142232626,1.0416821819635937,0.025783454960809693,0.013094699866150195,-0.0009060006446571789,0.009603570797944827
Cindy (2005),2005-07-03,Category 1,3,Yucatan Peninsula; Louisiana,Not reported,0.32,4,2005-07-05,2,0.0031886344152973756,11.399999618530273,-0.00416401322622717,0.20547979598684252,-0.3643433133482422,-0.00980692462786048,1.391753443887196,0.017246603103761693,0.08026208558918516,-0.5015236417766209,0.0,0.7006690784936753,0.006825693237417552,0.06565659377292811,-0.15242451685019198,-0.005729893321684054,0.9008826686033634,0.007863013111996997,0.11826991578823821,-0.3329619556312875,-0.028985698861996423,1.1656675578111484,-0.010416734856795173,-0.003722128986637374,-0.005611017613607716,-0.009955460197510924
Dennis (2005),2005-07-04,Category 4,89,Haiti; Jamaica; Cuba; Florida Panhandle,Not reported,3.9,14,2005-07-05,1,0.0031886344152973756,11.399999618530273,-0.00416401322622717,0.20547979598684252,-0.3643433133482422,-0.00980692462786048,1.391753443887196,0.017246603103761693,0.08026208558918516,-0.5015236417766209,0.0,0.7006690784936753,0.006825693237417552,0.06565659377292811,-0.15242451685019198,-0.005729893321684054,0.9008826686033634,0.007863013111996997,0.11826991578823821,-0.3329619556312875,-0.028985698861996423,1.1656675578111484,-0.010416734856795173,-0.003722128986637374,-0.005611017613607716,-0.009955460197510924
Emily (2005),2005-07-11,Category 5,17,Windward Islands; Jamaica; Yucatan Peninsula; Mexico,Not reported,1.01,10,2005-07-11,0,0.014975452262824929,11.449999809265137,0.017606233144646044,0.22207023958000652,0.1139343799328758,-0.011965589067960858,1.4579934164947146,0.00439572981668368,0.11533852967117078,0.2098380284845054,0.0,0.7269590103844473,0.0128812890453609,0.08301140259352795,-0.4386245626914811,0.0,0.865670947982636,0.011533652801078986,0.14026588690698358,0.9988669349422079,-0.017786357047788415,1.1575588473322465,-0.03341763797350661,-0.008646598382397896,-0.002029693024645063,-1.4343691915996715e-05
Irene (2005),2005-08-04,Category 2,0,None reported,Not reported,0.0,14,2005-08-04,0,0.0012038406921386358,11.829999923706055,0.011642705793419417,0.21190903325840324,-0.22372038559692808,-0.004908026472037141,1.2232914060432007,0.013019468785327337,0.13979163163229053,1.6213777973231167,0.0,0.7592899763146433,-0.0003313944905370958,0.08324722423402789,-0.2524742429931296,-0.005927013690805061,0.8829212925468743,-0.011067544651656713,0.10465272853334014,0.5468319223168321,-0.011067544651656713,1.1427452727935903,0.029954996976130577,-0.022366444269718677,-0.00714536168072033,0.006481418292504149
Katrina (2005),2005-08-23,Category 5,1392,Bahamas; Florida; Louisiana; Mississippi; Alabama,Not reported,125.0,8,2005-08-23,0,0.002127694531317559,13.420000076293945,-0.005967900493510592,0.1905552313600829,0.10314779681169894,-0.038997077073454456,0.9956697420737368,0.015624499280967541,0.1687501604725945,-0.5457164145856217,-0.025398026441840194,0.9320356739412375,0.0060704576793562115,0.08224969523017472,-0.017149650854917153,-0.01225179367563256,0.7876417132756373,0.004336537244433947,0.08362702845542808,-0.22568273021058982,-0.0198565071507798,1.019568244680194,0.03193042910770172,0.013473202964791597,-0.008145957372870272,-0.003944642325058534
Maria (2005),2005-09-01,Category 3,0,None reported,Not reported,0.0,9,2005-09-01,0,0.008142630118515237,12.600000381469727,0.04326354189393733,0.21712446771542215,0.6087292238498085,0.0,0.9275473301470962,0.008695347388415042,0.14217571599164378,-0.02013115224632367,0.0,0.8684031032895754,-0.00033947073327500465,0.10930290266685981,0.5660420265551389,-0.018011753401049546,0.8844558846039993,0.0,0.09343898482517721,0.5138545363300713,-0.02039459797496168,1.0096576708623837,-0.0010596885769371678,-0.003888466574579308,-0.005026574668717698,0.0019913474732935477
Nate (2005),2005-09-05,Category 1,0,Bermuda,Not reported,0.0,5,2005-09-06,1,0.004766263918118296,13.569999694824219,0.05312101610578934,0.24129474234301584,0.012127995091357535,-0.01943786149900384,0.8824503318260711,0.02230523733388856,0.10720585572701251,-0.03230611811306283,0.0,0.8742653275045178,0.004085960119567078,0.101164409952879,-0.27808549659726156,-0.012060702178710914,0.8821523226344208,-0.0013420263164406476,0.09351847492218539,-0.07905027932960895,-0.0210524610446734,1.0160189810286515,-0.0002607232474933774,-0.005680286331976814,-0.004366728299293077,0.006301338223420383
Ophelia (2005),2005-09-06,Category 1,1,Florida; North Carolina,Not reported,0.07,11,2005-09-06,0,0.004766263918118296,13.569999694824219,0.05312101610578934,0.24129474234301584,0.012127995091357535,-0.01943786149900384,0.8824503318260711,0.02230523733388856,0.10720585572701251,-0.03230611811306283,0.0,0.8742653275045178,0.004085960119567078,0.101164409952879,-0.27808549659726156,-0.012060702178710914,0.8821523226344208,-0.0013420263164406476,0.09351847492218539,-0.07905027932960895,-0.0210524610446734,1.0160189810286515,-0.0002607232474933774,-0.005680286331976814,-0.004366728299293077,0.006301338223420383
Philippe (2005),2005-09-17,Category 1,0,None reported,Not reported,0.0,6,2005-09-19,2,-0.002607960273055099,11.220000267028809,0.013717164194350318,0.22289398162184576,-0.03607604310575363,-0.007017870605286358,0.9872565030136379,0.013271243992538873,0.10820314853417114,-0.018038388250599335,0.0,0.9975661757239168,0.005488834354250738,0.12585140363503974,0.21731109244652225,0.0,0.949803913433978,-0.006284660151071431,0.09810735378109155,0.4318767352860251,-0.006284660151071431,0.9582249864286957,0.009658602177677666,-0.0038572028640475597,-0.004241918264857092,0.012267539789717952
Rita (2005),2005-09-18,Category 5,120,Florida Keys; Texas; Louisiana,Not reported,18.5,8,2005-09-19,1,-0.002607960273055099,11.220000267028809,0.013717164194350318,0.22289398162184576,-0.03607604310575363,-0.007017870605286358,0.9872565030136379,0.013271243992538873,0.10820314853417114,-0.018038388250599335,0.0,0.9975661757239168,0.005488834354250738,0.12585140363503974,0.21731109244652225,0.0,0.949803913433978,-0.006284660151071431,0.09810735378109155,0.4318767352860251,-0.006284660151071431,0.9582249864286957,0.009658602177677666,-0.0038572028640475597,-0.004241918264857092,0.012267539789717952
Stan (2005),2005-10-01,Category 1,1668,Central America; Southern Mexico,Not reported,3.9,4,2005-10-03,2,0.012008504649895224,11.920000076293945,0.002802875915323355,0.2179709352334041,-0.31554922222420423,-0.015590009536157079,0.8221473980151415,0.019727261708738286,0.12754381510413454,-0.1358213388626618,-0.0008916333028282653,0.9942461504258084,0.011305255816612014,0.14298635106797564,-0.3515137060678091,-0.014356917325316298,1.0785304121730408,0.015146134123713129,0.10226530073598343,-0.7662199446404536,-0.0046346736552997925,0.8443697399149213,-0.05610864235995405,-0.03447232529201372,0.011573247675322418,0.018950110126352837
Vince (2005),2005-10-08,Category 1,0,Spain; Portugal,Not reported,0.0,3,2005-10-10,2,-0.024387892914331633,14.59000015258789,-0.07472399341065938,0.29437525157748906,0.2713712546674043,-0.09152561419943472,1.3046499567702756,-0.050323064080778024,0.18271267112211206,-0.20576152327452957,-0.050323064080778024,1.17074521220965,-0.010526346208446724,0.13830372037888866,-0.37403855363477545,-0.027045010767140387,0.9987510271508054,-0.006004043871761788,0.11150349590022433,0.6205938376880065,-0.016515680720734616,0.8549239467590132,-0.0010202834686501294,-0.020072102809603365,0.005065867479078001,-0.0002412285288153626
Wilma (2005),2005-10-15,Category 5,87,Jamaica; Yucatan Peninsula; Cuba; Florida,Not reported,29.0,10,2005-10-17,2,0.0005898431514481661,14.869999885559082,-0.00902068726791938,0.3090565376622939,0.6016023237197861,-0.11335264800559619,1.2249865792850376,-0.026498508789018715,0.20729028828711238,0.5488877736283526,-0.09181865298044534,1.2307598427099633,0.008324802407018828,0.1350827221258629,0.04197147137122115,-0.020552622336902582,1.0094489631923973,0.0020288735450886275,0.10369961698570813,0.06124957600461545,-0.0175730240396359,0.8203456393585437,-0.033290379139175874,-0.00937977780531507,0.021729515925720033,-0.005452529326432698
Beta (2005),2005-10-26,Category 3,9,Nicaragua; Colombia,Not reported,0.015,5,2005-10-26,0,-0.0005003862933694592,14.529999732971191,0.019488940321477966,0.41809305478249087,0.3363810797019495,-0.10766641461414794,1.5869032385837387,0.013329242849707601,0.2539041180221744,0.28368587528140954,-0.0826954609353322,1.208549399803336,0.010866500037447047,0.15917843056287817,0.17103787097137269,-0.005677435309559109,0.9921551629089717,-0.005691230568411032,0.13396017503019875,-0.7053740709048506,-0.015251760574305107,0.801107414760655,0.01562851287478617,-0.014741387862698074,-0.00025175013577638516,-0.002954497562229763
Epsilon (2005),2005-11-29,Category 1,0,None reported,Not reported,0.0,9,2005-11-29,0,0.0037372443156635793,11.84000015258789,-0.019498404507436895,0.2872066321643477,0.057178576537688874,-0.034860738668777036,1.8401790488223875,0.012484125447395078,0.12581015795870323,-0.3917947583766449,-0.003779984935282865,1.2050068822653486,0.014128889037830827,0.10979005926854822,0.6422410839892851,-0.004622293927145638,0.9997005414263843,-0.0012704564293076759,0.08178918346395993,1.2732569287726596,-0.00537786187536482,0.8473268758285225,0.04263039549350789,-0.013673625046957683,-0.01601290780189557,-0.0013464517452157487
Adrian (2005),2005-05-17,Category 1,9,El Salvador,Not reported,0.02,4,2005-05-17,0,0.001715060756384723,15.680000305175781,-0.05665458369264054,0.3105493338200482,0.40327411038304617,-0.09383046602805323,1.3006196977395512,-0.016415141170187497,0.1355102885272687,1.0799122347165855,-0.025555783382435804,1.0106329193666501,0.003843597908511187,0.17139649995344053,-0.12362593667147093,-0.01237540006508464,1.017879174043376,0.005096727564987358,0.1811213194724575,-0.6647055266136208,-0.0067159290156040274,1.1032083443220277,0.01317181597109629,-0.014309603251074554,-0.006644218204674646,0.004153792712408899
Fernanda (2005),2005-07-22,Category 4,0,None reported,Not reported,0.0,7,2005-07-22,0,-0.0009767092823360635,10.970000267028809,0.008374976740232132,0.23433215441239488,-0.18541518905218246,-0.02659569021892283,1.2369919192528822,-0.012492589622277506,0.13295987603162143,1.6614052935233716,-0.022565931012874296,0.6990829957971116,-0.01251193200822276,0.08771821514476973,0.42874619234882383,-0.01251193200822276,0.9734116201673585,0.012654254657063158,0.1290859712911097,0.15692285797304262,-0.005233636713533163,1.1182959769629768,0.0028129373082570464,0.013162057461503673,-0.008915627459394226,-0.0016186551297574514
Hilary (2005),2005-09-19,Category 4,0,None reported,Not reported,0.0,5,2005-09-19,0,-0.002607960273055099,11.220000267028809,0.013717164194350318,0.22289398162184576,-0.03607604310575363,-0.007017870605286358,0.9872565030136379,0.013271243992538873,0.10820314853417114,-0.018038388250599335,0.0,0.9975661757239168,0.005488834354250738,0.12585140363503974,0.21731109244652225,0.0,0.949803913433978,-0.006284660151071431,0.09810735378109155,0.4318767352860251,-0.006284660151071431,0.9582249864286957,0.009658602177677666,-0.0038572028640475597,-0.004241918264857092,0.012267539789717952
Jova (2005),2005-09-25,Category 1,0,None reported,Not reported,0.0,5,2005-09-26,1,-0.013405101860625379,12.960000038146973,-0.020499286156411056,0.25287955383232735,0.04684077011227816,-0.024860508729453668,0.915166026348109,-0.024186764957726314,0.1305895358595325,0.0761041158496698,-0.027091198740204825,1.01796227934999,-0.011118074530974242,0.13329757875906334,-0.6345338642092608,-0.020032516906091646,1.0262808912667922,0.001346049426537821,0.11033483137036432,0.7820944357735196,-0.018165854385299274,0.9006014508926636,-0.00820276921482832,0.022870198946988607,0.0005177505975395569,0.0006984547207062874
Kenneth (2005),2005-09-14,Category 4,0,None reported,Not reported,0.0,9,2005-09-14,0,-0.0020181140514619056,12.390000343322754,-0.0021399886571169535,0.24685239266182818,-0.2892779296945921,-0.028787931323142057,0.9198143093695837,-0.006600208378040984,0.10522436412909195,0.002480652905560987,-0.00957195748661932,0.8983838427667862,-0.0023505014375121425,0.11490893411442583,-0.5142477374515959,-0.008344382986494425,0.8994167631722986,0.001984687348411507,0.09299758873424248,-0.19709162418816462,-0.004273625053366481,0.9946296989894371,0.05559305570969897,0.008385789123566134,-0.0017132710546596819,-0.0032728882846844165
Max (2005),2005-10-01,Category 1,0,Southwestern Mexico,Not reported,0.0,5,2005-10-03,2,0.012008504649895224,11.920000076293945,0.002802875915323355,0.2179709352334041,-0.31554922222420423,-0.015590009536157079,0.8221473980151415,0.019727261708738286,0.12754381510413454,-0.1358213388626618,-0.0008916333028282653,0.9942461504258084,0.011305255816612014,0.14298635106797564,-0.3515137060678091,-0.014356917325316298,1.0785304121730408,0.015146134123713129,0.10226530073598343,-0.7662199446404536,-0.0046346736552997925,0.8443697399149213,-0.05610864235995405,-0.03447232529201372,0.011573247675322418,0.018950110126352837
Otis (2005),2005-09-20,Category 1,0,None reported,Not reported,0.0,3,2005-09-20,0,-0.00037200116580315967,12.140000343322754,0.049403088934944384,0.23639316419175566,0.13263021228640715,0.0,0.9238570481408241,0.019103422927806646,0.1100383878124087,-0.37096056262797117,-0.0029764238464675685,0.9965431057049882,0.004809198991652774,0.13038278148195673,-0.337380135479898,-0.009014668127227954,0.9852985219934556,-0.015277339698319792,0.10958658653372087,1.0459114778694674,-0.019485675130002766,0.9826841746293888,0.011810277960868532,-0.007893959759428748,-0.003694782794691709,0.01629572565661086
Ernesto (2006),2006-08-24,Category 1,7,Haiti; Cuba; Florida; North Carolina,Not reported,0.5,9,2006-08-24,0,-0.002076250056666229,12.399999618530273,0.00759773417419729,0.16514576519424343,-0.2681842818428184,-0.030761316498955638,1.4061661471652265,0.0061836078425840935,0.11221479499304399,-0.3180787784914495,-0.01042559731005166,0.48112270086159087,-0.005673513033069955,0.11277684263158719,-0.4507763854933513,-0.007156054273081192,1.0402348738016804,-0.015639651624550388,0.15436647623055194,-0.14096738362112493,-0.015639651624550388,1.1914674412174957,-0.0439874561624215,0.0057710747844244015,-0.00583999822445147,0.0023851916076380597
Florence (2006),2006-09-03,Category 1,0,Bermuda,Not reported,0.0,10,2006-09-05,2,0.0075898769990183634,11.960000038146973,-0.01533641569867683,0.1846315240415875,-0.45756938257091717,-0.035835898369312,1.2888574643565274,0.006653534796194682,0.09699121221796025,0.25088863421845575,0.0,0.4428472687002916,0.0014932859900815831,0.09858710123672836,-0.6300054477870614,-0.0005968572236707548,1.050783405807406,0.012784164726476144,0.14434921596820982,-0.5025604431185537,-0.003987024176648757,1.1748310016421895,-0.09256956286005291,-0.011188453678897425,0.00787464412355976,-0.0010738483885377459
Gordon (2006),2006-09-10,Category 3,0,Azores,Not reported,0.0,11,2006-09-11,1,-0.008674163320889217,13.15999984741211,-0.04513255735975408,0.2366613244048221,0.06445709412615552,-0.07381910906562561,1.1119972963793638,-0.01293129249352587,0.10252952750139921,0.7265380634355496,-0.01293129249352587,0.4151430218809994,-0.0017898741205363278,0.08812408337937346,-0.07318292696574535,-0.005350778061499306,1.0422639817304982,-0.008928108670611334,0.1276818107584742,-0.3178480501240918,-0.012879536262138669,1.2315100991335337,0.0014411774915197295,-0.027617333803189648,0.006900452758064279,0.004905056798711449
Helene (2006),2006-09-12,Category 3,0,None reported,Not reported,0.0,13,2006-09-12,0,-0.009569793182914621,12.989999771118164,-0.08665263776748744,0.24955166245616042,1.8230933499621624,-0.10248888212808305,1.1279571062047753,-0.005809053958643506,0.10088975062856748,1.036274202673574,-0.01637970997902327,0.41951265118576114,-0.004756005514617523,0.08816810565828671,-0.4010717426894611,-0.004756005514617523,1.0459238054878264,-0.010138674905652345,0.12770053941656667,-0.44873084725635404,-0.011959784121082229,1.2641029202904122,0.004872615650645562,-0.007901982016976006,0.008095382816850627,0.0038659026933620666
Isaac (2006),2006-09-28,Category 1,0,Newfoundland,Not reported,0.0,5,2006-09-28,0,0.01418077708196086,11.579999923706055,0.035887683549638005,0.30263186416688426,0.4492714214054918,-0.06389021418376961,0.8940929989978242,0.025305040722800376,0.09893641090567679,-0.19655336747128604,-0.002359386052795176,0.27243857646753855,0.012880545198733051,0.08582128319434425,-0.19798537021772256,-0.00460339184600389,1.0212003562384293,0.02211969996816654,0.10671923030658055,0.24213529250849986,0.0,1.3731983132097367,-0.022229057466872093,-0.008814988781545186,0.004983649433237591,0.013332307212394756
Bud (2006),2006-05-10,Category 4,0,None reported,Not reported,0.0,6,2006-05-10,0,0.013216998404967484,11.989999771118164,0.008554003536560328,0.22907033852633207,-0.41992457129413696,-0.013224670879480316,1.0242170529618924,0.007317991553982495,0.1654290932563542,-0.5511784836099092,-0.01615840323682638,1.1174454264980194,0.01398347960494939,0.12580695299209016,0.235922318462094,-0.002341886980897434,1.1662232190449064,0.02119745652079663,0.12372882506009031,0.3912736298520505,-0.0008411093513777113,0.9114832342569446,-0.04388820200698407,0.009470075189700333,0.002534038460200061,0.002072292911288298
Carlotta (2006),2006-06-12,Category 1,0,None reported,Not reported,0.0,6,2006-06-12,0,-0.013923601791744455,18.1200008392334,-0.0356159041984907,0.2970953870690851,0.014052777387561832,-0.06943958681962503,1.4045616215814727,0.009953550257762789,0.15115819469377742,-0.14262526252233154,-0.0021515291405863612,1.023232203234893,-0.0006110768171982972,0.14303064045237657,0.05815748228593631,-0.022135665623459033,1.0219903755417226,-0.022618887729873083,0.1408713654619767,2.3326406224927596,-0.06010273653321019,0.9055399121827639,-0.010160162908543935,-0.020416139339344386,-0.01870024586623531,0.018348373341656288
Daniel (2006),2006-07-16,Category 4,0,Hawaiian Islands,Not reported,0.0,11,2006-07-17,1,-0.026251397448212477,18.049999237060547,0.016883816261850537,0.24248362292807246,-0.20477056464718202,-0.001381860616056163,1.4828031931502348,-0.0009175752107015711,0.10561611330916848,0.8881463078169678,-0.008500039293265926,0.7421918542546745,-0.02916790481123188,0.14515051022984826,0.17329546103895965,-0.03361906001090742,1.00124072963887,-0.040767252797538234,0.15509561734322352,2.5273306361366963,-0.05688140193766966,0.9290818899383781,-0.020230227812762624,0.007876078200490522,0.008928361724741318,-0.012921015148609216
Hector (2006),2006-08-16,Category 3,0,None reported,Not reported,0.0,9,2006-08-16,0,0.012994298269628057,13.420000076293945,-0.023208019890992748,0.22357851570273773,-0.07192453467353765,-0.027192585029560568,1.3988891377861978,0.009411628440241238,0.0997039173564619,0.15157511183593408,0.0,0.5694394005448716,0.019969330810355235,0.12456170228379561,-0.07237048679220504,-0.0015035862365383457,0.9958517926144974,0.022465279391445492,0.16717246084508047,-0.35191358847846377,-0.02538980531455104,1.066708685720536,6.429876472946461e-05,0.004537355648118524,-0.002859377316261069,-0.014892830950372304
Ileana (2006),2006-08-22,Category 4,0,None reported,Not reported,0.0,6,2006-08-22,0,0.01166148143522694,12.220000267028809,0.01083163990841629,0.16479140430928632,-0.3019639934533551,-0.016655485410363435,1.3755435262287763,0.002621765449072111,0.10911041840925147,-0.22384132340833185,0.0,0.5130615231206416,0.006325096419024678,0.11489885597259869,-0.48059927550049675,-0.0038764557483759177,1.0115780205817264,0.011927023468096154,0.1593665940162648,-0.13082766856930084,-0.011346329713963765,1.1331582625946812,-0.024650057247816104,-0.0015073598235741947,-0.005630987212550176,-0.009409277811001093
John (2006),2006-08-28,Category 4,6,Baja California Sur; Sinaloa,Not reported,0.13,8,2006-08-28,0,-0.0024591374984177516,12.3100004196167,0.00622159969838143,0.16522021875306964,-0.17078333733081308,-0.01053750947498766,1.4263466030968355,-0.0029057744313060185,0.10895492572080548,-0.3805131836347707,-0.006371277861956126,0.4627040348409445,-0.005386883987047009,0.09581956803860374,-0.46647148823964957,-0.009242457718025565,1.0306944143521628,-0.00930542294336223,0.14945228315140857,-0.46718471374516146,-0.020546170260482777,1.1916224622732907,-0.01194699515603903,-0.013556573070224953,-0.004428252272756561,0.005460638871384926
Kristy (2006),2006-08-24,Category 1,0,None reported,Not reported,0.0,4,2006-08-24,0,-0.002076250056666229,12.399999618530273,0.00759773417419729,0.16514576519424343,-0.2681842818428184,-0.030761316498955638,1.4061661471652265,0.0061836078425840935,0.11221479499304399,-0.3180787784914495,-0.01042559731005166,0.48112270086159087,-0.005673513033069955,0.11277684263158719,-0.4507763854933513,-0.007156054273081192,1.0402348738016804,-0.015639651624550388,0.15436647623055194,-0.14096738362112493,-0.015639651624550388,1.1914674412174957,-0.0439874561624215,0.0057710747844244015,-0.00583999822445147,0.0023851916076380597
Lane (2006),2006-09-13,Category 3,4,Sinaloa; Durango,Not reported,0.1,5,2006-09-13,0,0.009041266910322365,11.920000076293945,-0.06057897378972199,0.24693727107316538,0.43046826439766184,-0.10815421797795022,0.9725944331580736,-0.007288286444230518,0.09976951197360524,2.107282675517693,-0.021551899283926312,0.34459555251810864,0.011332759018572114,0.0790453684760765,0.14189197027619693,0.0,1.059025191602955,0.009624368317944887,0.11493019036102735,1.2972064062864184,-0.002760287150260332,1.271370287187629,-0.04347923227533079,-0.012713817041881681,0.006162720851286441,-0.002057471414997236
Paul (2006),2006-09-21,Category 4,0,None reported,Not reported,0.0,5,2006-09-21,0,0.006525159610603515,11.390000343322754,-0.01495931123953298,0.2861890494384007,0.4565166425269065,-0.12273487878661282,1.007116159544543,-0.002017071104469248,0.07568025699637668,-0.11328530108855961,-0.025533363248018248,0.3309499711331903,0.010397113720612694,0.07892865681634009,0.3582851595162069,0.0,1.0465895960356988,0.009152167483140294,0.08196782192268814,-0.006489594271254728,0.0,1.295893930917335,0.018788335321948013,0.008229199821354394,0.002592665270790162,0.01538400489179792
Sergio (2006),2006-11-27,Category 4,0,None reported,Not reported,0.0,9,2006-11-27,0,-0.0004979447475070842,10.729999542236328,0.007706204450334431,0.2011597883887703,-0.8086085839813614,-0.011849285466223214,1.1178167250798599,0.004439800339770095,0.07096834270623373,-0.9196651086648661,0.0,0.06270857352645305,0.0008328461832693979,0.08894772070430451,-0.6592064971483126,-0.006617658786991498,0.9441438097314555,0.001977718072156298,0.08114234587339852,-0.9262092911063851,-0.0019692995515493417,1.0955129657319667,0.037750894641975785,0.013065617688791775,-0.006637390512018504,-0.007266664871577122
Dean (2007),2007-08-13,Category 5,45,Lesser Antilles; Jamaica; Yucatan Peninsula; Mexico,Not reported,1.6,11,2007-08-13,0,-0.010258957311125805,28.299999237060547,0.018346410408181635,0.3171559265890992,-0.11071421401123505,-0.08917286169232486,1.2529533693062878,-0.0033211847658944915,0.3090814270104452,0.15131385520029395,-0.05200468677004688,1.1815274543927707,-0.010386133663416897,0.36398216176736287,0.03707671054977202,-0.09053729830295432,1.2697357519648127,-0.03044775205134742,0.2201952305134976,1.5292990918836646,-0.07156641040239198,0.9144118130093779,-0.0025747421448122365,-0.005373983697746554,0.034016806585405734,-0.008741908484746319
Felix (2007),2007-08-31,Category 5,133,Venezuela; Nicaragua; Honduras,Not reported,0.72,6,2007-08-31,0,-0.014697229243763266,25.059999465942383,-0.004765450352302025,0.303987629164963,-0.38227220596540334,-0.006200838041774959,1.2540278027474046,-0.02347893021656411,0.24366961406319962,-0.5476959073586223,-0.04328533640879828,1.0758115053588382,-0.03561147813479959,0.3540019409892146,-0.43451116420638314,-0.041439666737895786,1.28665131008661,-0.00943895654377891,0.2376420270651141,-0.6518953700802923,-0.0304617377320221,0.9531926671734176,0.01677813146856455,0.02359545987678968,-0.012989472848247252,-0.005053856598685513
Humberto (2007),2007-09-12,Category 1,1,Texas; Louisiana,Not reported,0.05,3,2007-09-12,0,-0.002029885614686422,25.270000457763672,0.008907914127423089,0.29445834026854767,0.24963770189465762,-0.0062677654999026,1.2784085969194212,0.0012736469440890463,0.17827255187750932,-0.4116394231170254,-0.007826279008868897,1.0309127153981203,-0.010714048673967524,0.257295615296118,-0.23711010622078976,-0.037637734098558084,1.275092406887177,-0.002806151587822603,0.20298199295694122,-0.20703392603905313,-0.012878358633039766,0.9446985522881873,0.013672439870691555,-3.454305740024921e-05,0.018111483036467924,0.009979742210123765
Karen (2007),2007-09-25,Category 1,0,None reported,Not reported,0.0,6,2007-09-25,0,-0.0003298439046365287,19.3700008392334,0.01214181363432365,0.22942013678739526,-0.022844818732669192,-0.001849596897783523,1.2025257612097884,0.00259568200557192,0.1630241262779634,-0.3616922137727715,-0.00838165941139335,0.9845728453308774,-0.01596229396263804,0.2345363981358241,-0.06604449457239747,-0.02212121467484296,1.3064587741603049,-0.0006573743335502868,0.224063092075012,0.022268914290359154,-0.01116398138306307,0.9973380672443888,-0.009896310760099114,-0.018575259276286893,0.020931036161316863,0.0036997151064559475
Lorenzo (2007),2007-09-25,Category 1,2,Veracruz; Tamaulipas,Not reported,0.02,4,2007-09-25,0,-0.0003298439046365287,19.3700008392334,0.01214181363432365,0.22942013678739526,-0.022844818732669192,-0.001849596897783523,1.2025257612097884,0.00259568200557192,0.1630241262779634,-0.3616922137727715,-0.00838165941139335,0.9845728453308774,-0.01596229396263804,0.2345363981358241,-0.06604449457239747,-0.02212121467484296,1.3064587741603049,-0.0006573743335502868,0.224063092075012,0.022268914290359154,-0.01116398138306307,0.9973380672443888,-0.009896310760099114,-0.018575259276286893,0.020931036161316863,0.0036997151064559475
Noel (2007),2007-10-28,Category 1,226,Dominican Republic; Haiti; Cuba; Bahamas; Eastern United States,Not reported,0.5,6,2007-10-29,1,0.020459995098734085,19.559999465942383,0.04622641387571158,0.242843585325175,-0.2559823091851384,-0.0147252695308413,1.1856237940253227,0.037980685523686386,0.1601193163970057,0.12141858780366599,0.0,0.8620584088745602,0.021211843450804846,0.21937604352377366,0.46050823115323336,-0.061019637888267586,1.3344050213833587,0.006242655126398544,0.14066603098939703,-0.10923858213752091,-0.03818654549575384,0.9825600264429396,-0.00042986157885560594,0.037685479588837834,-0.04838129920090717,0.013896838015870383
Cosme (2007),2007-06-01,Category 1,0,None reported,Not reported,0.0,5,2007-06-01,0,0.014961082067352915,13.050000190734863,0.024602151972996866,0.18432665704047996,-0.1881344105060555,-0.0052436435729686925,1.1638016996973566,0.01850050024582517,0.13462718230001305,0.2595407082040715,-0.023114867253657523,0.7037022720386257,0.010127400431033662,0.09990699840817943,-0.10422425879057107,-0.0028939152037453786,1.2591062796746502,0.022471222745733987,0.07377641038129845,0.6299754881602688,0.0,0.753579853964554,0.005220534563150525,-0.036265966046870934,-0.0013116226703387968,0.003691470904478633
Flossie (2007),2007-08-08,Category 4,0,Hawaiian Islands,Not reported,0.0,10,2007-08-08,0,0.009151051759167972,21.559999465942383,-0.01104342238722733,0.30724170799568645,0.010697742211050576,-0.0846002276341904,1.2856756810532,0.025476106117354513,0.30412378480650093,-0.25307985863661686,-0.03159174364925077,1.2621992362911745,0.0201386643197774,0.33885017013100205,0.5400632222345318,-0.07469990792101999,1.2731037744719778,0.001007649521364673,0.2066902943201439,-0.03165862986664558,-0.04240994586732383,0.917190741870498,0.0031510434943414767,-0.0006948644534524595,-0.015289888721853218,-0.0025061800762593567
Henriette (2007),2007-08-29,Category 1,7,Baja California Sur; Sonora,Not reported,0.025,9,2007-08-29,0,-0.019979832554724575,26.299999237060547,-0.006697009188314396,0.30585681659860625,-0.3049337511387131,-0.03749142002046246,1.2255366639509742,-0.031846722237661274,0.267589081506472,-0.02597573180414947,-0.0601038590243117,1.1116165965498117,-0.03636852092604537,0.38756703656290853,-0.2941736615890278,-0.0469066725217584,1.2930160268622428,-0.02353554805255409,0.23173941653624458,-0.3476661114777453,-0.04694110948437957,0.941926473015257,0.03033290574159042,0.003342503769562466,-0.015922371744939157,0.0006673021730549955
Ivo (2007),2007-08-22,Category 2,0,None reported,Not reported,0.0,5,2007-08-22,0,0.027580552526975888,25.25,0.013740620416945237,0.3237230298760667,-0.3763841656565181,-0.09413387848109778,1.2418714069390973,0.020247338158782435,0.2935113870507342,-0.4284239211209202,-0.04031654013120145,1.1350899623017916,0.0652576441871211,0.4094666946471669,-0.5087665180710792,-0.013525595108450972,1.3289516351530763,0.021276645608807154,0.24309625268827806,-0.41795730921530494,-0.05651074796982192,0.9274384033186502,0.026940097020773934,-0.011988476689946626,-0.023980489962634688,0.00023836334808258197
Bertha (2008),2008-07-03,Category 3,0,Bermuda,Not reported,0.0,17,2008-07-03,0,-0.015986858842557905,25.920000076293945,-0.0037002624009224716,0.29873858210401244,0.2121447338671838,-0.03331919392216265,0.6938319909143198,0.018218212719296245,0.20977634370627432,-0.18290884300813726,-0.012672149302120017,0.6621244381433766,-0.042583907456993586,0.3271051215639929,-0.08981989568508231,-0.18070950940379948,1.3926786407151688,-0.05043228260399801,0.23677749739143894,0.7451368251851043,-0.14037045890769373,1.0557945144207732,-0.016958155619124504,0.021536293594866085,-0.04363478659739395,0.00997697050187396
Dolly (2008),2008-07-20,Category 2,2,Yucatan Peninsula; Texas,Not reported,1.05,5,2008-07-21,1,0.026564282558085184,24.049999237060547,-0.06606737020518749,0.3374633547099884,0.10586176532502178,-0.137312284968366,0.4943453341659648,-0.041065215519529685,0.20407185795435345,-0.03364098344823219,-0.06707028023640427,0.4496903955916069,0.16647871388258673,0.7045578681850198,0.11808506910476813,-0.06807933761246421,2.075981601087357,0.03188930752249575,0.2898899669427721,-0.1340367349279027,-0.04642797716147018,1.0217605010236357,-0.04527444804566827,-0.01939097288959779,-0.02232651948668951,0.00018528149804242222
Gustav (2008),2008-08-25,Category 4,153,Haiti; Dominican Republic; Jamaica; Cuba; Louisiana,Not reported,8.31,10,2008-08-25,0,0.009813519828923756,18.809999465942383,0.06752529927154782,0.4418557147485432,-0.327058325186655,-0.038153784106381816,0.3592203354964102,0.02297294272664452,0.16899571732739638,-0.48347773102413827,-0.016627734804581684,0.34256784808791696,0.00973682303430956,0.5589998254248714,-0.17203396567988805,-0.07985845966697347,2.419593707775969,0.0011348954953271928,0.3071169578414871,-0.28868696506182234,-0.014245670757880857,1.1714447197712754,-0.04972743909192778,-0.01431190806328353,0.07782070260052754,0.006468549869424356
Hanna (2008),2008-08-28,Category 1,537,Haiti; Bahamas; South Carolina; North Carolina,Not reported,0.2,10,2008-08-28,0,0.006494265216437256,19.760000228881836,-0.00039277463902809284,0.36227324233904756,-0.33758039305151255,-0.00039277463902809284,0.3936934404422492,0.01140613686793679,0.15979650580498275,-0.4521832474291395,0.0,0.3511534852410302,0.029028864534190735,0.490421882635372,-0.460548467761849,-0.08784432024413502,2.4025824801423705,0.006356685813470486,0.25406889951143946,-0.3746792643128648,-0.027094837365233992,1.1498473006747387,-0.043413220173229794,-0.028997578520741807,0.060682682580228686,-0.00763188810071147
Ike (2008),2008-09-01,Category 4,195,Haiti; Cuba; Texas; Louisiana; Midwestern United States,Not reported,38.0,13,2008-09-02,1,0.013934551335017087,20.649999618530273,0.013577805055722258,0.3213858159287913,-0.361579085553434,-0.022521517985834683,0.23062174053086157,0.005607500612424321,0.1205268393645115,-0.5068335742158464,-0.01387801908660613,0.29443447965284236,0.07046428116194825,0.5134615926408125,-0.10023880013579822,-0.04969033486380381,2.5389050297262488,0.013817120255148474,0.2689207655657522,-0.5472863197904114,-0.016200942621432013,1.190491427078976,-0.06620443294774858,-0.018107676638615566,0.014709252969737796,-0.01779783658433376
Kyle (2008),2008-09-25,Category 1,0,Nova Scotia; Maine,Not reported,0.03,4,2008-09-25,0,-0.0037615293223249857,35.189998626708984,0.018223039309417377,0.6053381865819084,-0.37468289175873126,-0.10782126176053342,0.8524302952212613,-0.0017698840536789495,0.37297024844623333,-0.5353663805974082,-0.10580110904369744,0.5728766838056555,0.022199806736380223,0.9654618437227661,-0.5360376312094892,-0.09813826682364069,2.493078459472436,-0.023413574445549923,0.3399909709779473,-0.257885450072769,-0.11199452076581795,1.0015593881516773,-0.08184608988702291,0.018682838188897044,0.017336621539783326,-0.03418934550583319
Omar (2008),2008-10-13,Category 4,1,Lesser Antilles,Not reported,0.08,5,2008-10-13,0,-0.15488862834212647,69.94999694824219,-0.2093278462642706,0.8725154084576224,0.9098840886521533,-0.3908770857875865,1.2310372124850308,-0.15679199349440598,0.47058908119964293,0.7846058311500919,-0.2640002237753377,0.7312940005976262,-0.15168562541512876,1.2401250358715248,0.6292221079242857,-0.3252907133088635,1.8920224253827456,-0.13104454412935607,0.3800279798332889,0.4960359313321421,-0.2890366311411574,0.7786549944623866,0.03969971134594996,0.054503513266282666,0.014618568679676036,-0.025974705326584746
Paloma (2008),2008-11-05,Category 4,1,Cayman Islands; Cuba,Not reported,0.4,5,2008-11-05,0,0.0787492612456342,47.72999954223633,0.10159939410605734,1.396704963175954,-0.4288086260462466,0.0,1.3415958825150511,0.057944852739377106,0.8791452677996022,-0.22587498863393007,0.0,0.8384406729573178,0.153039543886059,1.1326622570025753,-0.5238435989388177,-0.04789354622281816,1.2189611672523164,0.09821476928772443,0.8371695741239685,-0.005230464265036372,-0.008825560372191288,0.7996763816693724,-0.011639856655914715,0.046526988494043575,-0.05830362180664794,0.004776393539069557
Boris (2008),2008-06-27,Category 1,0,None reported,Not reported,0.0,6,2008-06-27,0,-0.0254596312536276,23.93000030517578,0.008629689088461179,0.3472096653962691,0.04319690707081847,-0.029728936386771543,0.637851169775843,-0.01475296325532549,0.19940634846803082,0.23610932479418878,-0.03033766400516369,0.6600533188643986,-0.057709543769307925,0.34095475059324865,-0.0014128682563796513,-0.14841662189412286,1.4348238444205033,-0.03342633731580258,0.20057254244079842,0.6284342076848477,-0.10240668268232722,1.007716567455998,-0.03166539238640731,0.02597445508363394,-0.04303155146153759,0.009889334123577731
Elida (2008),2008-08-01,Category 1,0,None reported,Not reported,0.0,6,2008-08-01,0,0.010758845383709525,22.940000534057617,0.007993242275143198,0.42970550413562403,-0.1549837565462615,-0.12367487131580313,0.50291735376623,0.012496550553984687,0.18585291045970617,-0.2013293713894425,-0.06598021254881836,0.3674945595039569,0.03641589979834481,0.85734146256642,-0.36746363936627247,-0.038239759785404726,2.308017346620596,-0.00551236395665422,0.323355135070627,1.0541028792467726,-0.030543405771999876,1.154050322774098,-0.07128387746768283,-0.020578113992714586,-0.011111875341483834,0.017184203498721073
Fausto (2008),2008-08-04,Category 3,0,None reported,Not reported,0.0,6,2008-08-04,0,0.0203818400878224,22.56999969482422,0.003913799746123603,0.4242325372948235,-0.23819118804061068,-0.10124393485180949,0.5042857635094885,-0.01883249755275762,0.20687825497005852,0.44249449884999237,-0.0927151846185692,0.3804982460647029,0.08748152127364284,0.8447886724875291,-0.2957262528827733,-0.038239759785404726,2.3005646664352892,0.0169238652711321,0.32331890244519723,-0.10912049034008209,-0.03139171908350369,1.1524411784141189,-0.0449175055230322,-0.018707051626771554,-0.005670593659946821,0.004089334242554532
Genevieve (2008),2008-08-15,Category 4,0,None reported,Not reported,0.0,9,2008-08-15,0,0.001314029206715528,20.34000015258789,0.016483991718693636,0.4321500147010028,-0.08682921361957285,-0.089015152481009,0.4309990063812986,-0.00941572505075916,0.1994312828477657,-0.3335250783278303,-0.06095338513494242,0.37772089345634563,-0.033272505192531776,0.6650054312165224,-0.43730906914711054,-0.0590066243114179,2.35897209440407,-0.007281150443562701,0.32338278298667855,0.03524995984645707,-0.009776510274857375,1.1826332682504686,0.05794993745943511,0.02835220613781042,-0.02503115375370213,-0.00610298585943192
Hernan (2008),2008-08-30,Category 1,0,None reported,Not reported,0.0,3,2008-09-02,3,0.013934551335017087,20.649999618530273,0.013577805055722258,0.3213858159287913,-0.361579085553434,-0.022521517985834683,0.23062174053086157,0.005607500612424321,0.1205268393645115,-0.5068335742158464,-0.01387801908660613,0.29443447965284236,0.07046428116194825,0.5134615926408125,-0.10023880013579822,-0.04969033486380381,2.5389050297262488,0.013817120255148474,0.2689207655657522,-0.5472863197904114,-0.016200942621432013,1.190491427078976,-0.06620443294774858,-0.018107676638615566,0.014709252969737796,-0.01779783658433376
Marie (2008),2008-09-05,Category 3,0,None reported,Not reported,0.0,9,2008-09-05,0,-0.04731559429955723,24.030000686645508,-0.0839998556735897,0.3789931286763748,0.5389975377110081,-0.10043192869976791,0.29691441537609026,-0.053417470531375355,0.14558020126812513,0.1079598669266224,-0.053417470531375355,0.3087673083582685,-0.01916783817226342,0.4814280972151716,0.21204806058453585,-0.05961430733929041,2.467061544018424,-0.05167111786150824,0.2416473878700881,0.38525416261821,-0.05670401622124632,1.1773868552328348,-0.0059681876682546875,0.017376838075003898,-0.04056116584005198,-0.0030545152259864317
Norbert (2008),2008-10-04,Category 4,8,Baja California Sur; Sonora,Not reported,0.02,8,2008-10-06,2,-0.009337242122447464,45.13999938964844,-0.027493366486278314,0.7912436551769036,0.01722197825319083,-0.18582439976527698,1.089015664568557,-0.018337216193781702,0.4086098067434615,0.06003430531732423,-0.1117275085316719,0.6033498178232539,0.011308550278599006,1.1093947441143797,-0.16699662829778872,-0.16401942465974606,2.2017679925016,-0.08786876249716602,0.3790497056332875,0.28711408875242417,-0.18448827956024416,0.8205332833095335,-0.046885865767568924,-0.02281061853426336,-0.05321188212083949,-0.005839610384819727
Bill (2009),2009-08-15,Category 4,2,Bermuda; Newfoundland; East Coast of the United States,Not reported,0.0,10,2009-08-17,2,-0.0019799991758099322,24.270000457763672,-0.006659897830656902,0.22505675275567164,-0.08851777084480328,-0.023305222928169167,1.281007501210473,0.0020702045904970046,0.17524259159587244,-0.31948532150217057,-0.01759174401927377,0.8118411516015756,-0.003498668476737854,0.2861506260297338,-0.12046854404890595,-0.007665525211740909,1.4262827394067223,-0.0060291313463993745,0.18611528499343605,0.2811644969984617,-0.015525681177755546,1.2687912378944595,0.03319779768152675,-0.00784344720373542,0.01135208836633761,0.008951107360459787
Fred (2009),2009-09-07,Category 3,0,None reported,Not reported,0.0,6,2009-09-08,1,-0.003903888921645504,25.260000228881836,-0.004103621296166815,0.24991978306210239,-0.2828346919042599,-0.03885252684366369,1.2354277618027436,-0.010605321657186861,0.11773483317622808,0.20316856104142866,-0.028552318981802105,0.6875602925070774,-0.03265325987753254,0.361267300578718,-0.3300408050705098,-0.035932240203300436,1.5359931995413876,0.011590666511207548,0.23036656757969337,-0.19497978284664164,-0.007061552840986529,1.1704414155328058,0.014628924806179278,-0.006655017019817633,0.005906508338186622,0.02743974286770956
Ida (2009),2009-11-04,Category 2,7,Nicaragua; East Coast of the United States,Not reported,0.5,7,2009-11-04,0,0.0022991293706198235,28.809999465942383,0.006792627136711804,0.2880964508737346,-0.12551081684199772,-0.057563577958312795,1.305176414510804,-0.013946645841002026,0.14578549499828733,0.08854846135513994,-0.060776833503639605,0.5733848808081123,0.004239750479326343,0.35683724173268755,0.03546063164413926,-0.09663051600537254,1.7299332160852805,0.017599013231986094,0.25426730404723835,0.4968151796614837,-0.04862848937395581,1.1784202951705063,-0.015726283841161814,-0.013318175213238082,0.018674243455488737,0.01330209987582176
Neki (2009),2009-10-18,Category 4,0,None reported,Not reported,0.0,9,2009-10-19,1,0.011237032880405007,21.43000030517578,0.03636704253167089,0.2526528763265578,0.08596004616680997,-0.003041761856061753,1.2977523224677152,0.004737366572259649,0.11815311612707538,0.3104456654509504,0.0,0.5634481798020762,-0.009114570090563157,0.33115939381462817,0.10144152865637412,-0.03242153655307656,1.7418286445236868,0.021132348921143018,0.2289695629713562,-0.2662978215415913,-0.008428023758862091,1.2063314671095482,-0.014263343850505428,-0.009304662276525155,-0.011701913740568837,-0.0059438415282246915
Andres (2009),2009-06-28,Category 2,0,None reported,Not reported,0.0,6,2009-06-29,1,0.028673845075456672,25.93000030517578,0.024385272995953278,0.30747802408726516,-0.49453463002378073,-0.10911114469495553,1.250531428362377,0.012778306585889077,0.2012862247861977,-0.5931599607219176,-0.004390315551043411,0.480594136932772,0.05114642657566515,0.35624875517663657,-0.48415929345156694,-0.04148227071903621,2.36676936275538,0.02376584018693806,0.24236758722994647,-0.0244717742418058,-0.07033298243670005,1.2659690075884023,-0.028969247956957656,0.012687500416019959,-0.013739982949256935,-0.019797016446715054
Carlos (2009),2009-07-11,Category 4,0,None reported,Not reported,0.0,6,2009-07-13,2,-0.020490070752015588,29.020000457763672,-0.02232421145002783,0.2817815396938993,0.051063945203535965,-0.16093729967528547,1.351336005560803,-0.02500045384157623,0.21087471084271509,-0.20004786441317146,-0.04743376858951753,0.591545177629256,-0.03310063706351696,0.3468492554803534,-0.21138777090508387,-0.10670654093034271,2.0913900354485073,-0.030416431034028468,0.27126475280516676,0.13857118554238945,-0.1157936766200689,1.2921584815403908,0.03083176946324917,-0.024782495729988252,-0.019417676506510606,0.018525538711291256
Felicia (2009),2009-08-03,Category 4,0,Hawaiian Islands,Not reported,0.0,10,2009-08-03,0,0.004677089903594833,25.920000076293945,-0.014408315232776858,0.2510931445328258,-0.20035868522849332,-0.014408315232776858,1.3263551826519273,-0.018650244350610357,0.20057243300644692,-0.13971701047792962,-0.02097453952395667,0.7936659468763422,0.030903684445993562,0.33181055575965007,0.0663224591566407,0.0,1.6540877855688971,0.014443580950821433,0.2390566538809024,-0.042970239500299656,0.0,1.312175560938149,-0.02223274050545021,-0.014028403863299288,0.06573802462138567,0.014196561458037271
Guillermo (2009),2009-08-12,Category 4,0,None reported,Not reported,0.0,10,2009-08-12,0,-0.006772300623996252,25.989999771118164,-0.01948935189874168,0.22095118783189294,0.07908705160256568,-0.031009384155153974,1.2770796161733087,0.013985614570170446,0.17670192253688277,-0.4817417630432954,-0.018944839002013825,0.8368553791296885,-0.022726751514164922,0.2803071548255442,0.0018161373045084694,-0.04111498949637182,1.4034571605815407,0.006972427044561691,0.19194170208927855,0.19089326624833314,-0.02269145235323533,1.2766881972447393,0.0010572337654266573,0.0004404561252951966,-0.0009253329546138334,-0.01648618644317401
Jimena (2009),2009-08-28,Category 4,0,Baja California Sur,Not reported,0.01,8,2009-08-28,0,0.004176098156358998,24.68000030517578,-0.001146305326792052,0.2444930910172432,0.05199923902716597,-0.01376784592684166,1.2626519773996914,-0.005720187256515574,0.13047745072450204,0.024615689942382613,-0.007390276430160658,0.7136334394199136,0.012371156675245354,0.3341894503108711,-0.32834794445612137,0.0,1.496113764802217,0.006323809649986245,0.23319515954168996,-0.22263553060262875,-0.0011771138171875473,1.175765165950331,-0.010612235626140665,-0.006227479221625698,-0.02316404175705311,0.012373123888335225
Linda (2009),2009-09-06,Category 3,0,None reported,Not reported,0.0,7,2009-09-08,2,-0.003903888921645504,25.260000228881836,-0.004103621296166815,0.24991978306210239,-0.2828346919042599,-0.03885252684366369,1.2354277618027436,-0.010605321657186861,0.11773483317622808,0.20316856104142866,-0.028552318981802105,0.6875602925070774,-0.03265325987753254,0.361267300578718,-0.3300408050705098,-0.035932240203300436,1.5359931995413876,0.011590666511207548,0.23036656757969337,-0.19497978284664164,-0.007061552840986529,1.1704414155328058,0.014628924806179278,-0.006655017019817633,0.005906508338186622,0.02743974286770956
Rick (2009),2009-10-15,Category 5,0,Baja California Sur; Sinaloa,Not reported,0.01,7,2009-10-15,0,0.025326053696065776,22.860000610351562,0.03113312730600204,0.2481007725864738,0.12324110342324124,0.0,1.305609637521481,0.009975993909966396,0.1163744019865295,0.4370750520362827,-0.010781737481532883,0.6286023021848122,0.04103166217158649,0.31773157396685975,0.29305918912375084,0.0,1.689234012711387,0.030589330564265715,0.22958165614825016,0.4735015177579651,0.0,1.1891093586376624,0.008195996710487652,0.014616076104044584,-0.013855436156591683,0.00016107929431263823
Alex (2010),2010-06-25,Category 2,51,Belize; Yucatan Peninsula; Northeastern Mexico; Texas,Not reported,1.5,7,2010-06-25,0,-0.03857515204170292,29.739999771118164,-0.05880256630448555,0.39555096025705133,-0.3044417225836745,-0.05880256630448555,1.2326600259532303,-0.04554568979227902,0.23921183492341078,0.0011550594777998135,-0.04554568979227902,0.7220925632190771,-0.03910985177319215,0.30499630270060674,0.4786583339491628,-0.048637368264302205,1.3120508255632606,-0.04333321954844849,0.3268529099843691,-0.2354945523176526,-0.044925157620219536,1.2036690342922423,-0.0066863512768118305,0.02898437812130983,-0.02393925462670965,-0.013480945500338737
Danielle (2010),2010-08-21,Category 4,0,None reported,Not reported,0.0,9,2010-08-23,2,-0.006743180164071383,25.489999771118164,-0.02156027400560534,0.21122260055795672,-0.146501343820572,-0.07316668218818345,1.2498842674391941,-0.007491827682064689,0.15795793005681627,-0.0335274280174388,-0.025895238454123337,0.787406800685253,-0.01425524105330922,0.19790574360491361,-0.043481369543533654,-0.08289147802507879,1.2436804313940621,-0.005794565122878126,0.1987696149365019,-0.17147489942288519,-0.05963906256580365,1.221316144632263,0.00023312766179706124,0.016896937271676404,-0.004936729372396087,-0.002167692302087909
Earl (2010),2010-08-25,Category 4,4,Leeward Islands; North Carolina; Atlantic Canada,Not reported,0.03,11,2010-08-25,0,-0.03880122080755333,27.459999084472656,-0.04300833137524995,0.21703424723590323,0.04611588983517012,-0.0871955784884686,1.1989987158894597,-0.003567948546527422,0.1491319977267828,0.6202964618600961,-0.017902874409046143,0.7613552439990815,-0.048591807170693224,0.20167646045355128,0.39876552772298446,-0.10411143150947766,1.2350247798461096,-0.056742002619005305,0.21090712796587222,0.7516595303697222,-0.08897481652329164,1.2260921669730296,0.012708168965609001,0.001620320307381462,0.015327132744492378,0.015206983869866741
Igor (2010),2010-09-08,Category 4,4,Bermuda; Newfoundland,Not reported,0.2,13,2010-09-08,0,0.04111684104057822,23.799999237060547,0.04277367811293198,0.25661075797324495,-0.18515928396595338,-0.03645535198596017,1.1455057106661135,0.021096827722758782,0.16524004397114495,-0.4327895088872924,-0.005060300429631459,0.7449643353237034,0.04645991701355934,0.284883956007246,-0.24965622668980114,-0.03665980594817808,1.2777479579944633,0.05888678472253828,0.2765346212531117,-0.16158771687476214,-0.03084367047153347,1.2087314085862457,-0.009140429286952134,-0.02354363202336951,0.005823763607658128,-0.009262158248176222
Julia (2010),2010-09-12,Category 4,0,None reported,Not reported,0.0,8,2010-09-13,1,0.005320788374732155,21.989999771118164,0.0059040068561655445,0.2366038653219286,-0.43886616286053914,0.0,1.139100260055524,-0.005692356392095421,0.15205333221450684,-0.24622945386501394,-0.005692356392095421,0.7292902735626872,0.0006893828465808216,0.2578693821916944,-0.4684393916276658,0.0,1.2933167466283206,0.008961125947697601,0.2419592783000159,-0.3607707009127584,0.0,1.201621673617676,-0.01697032016632316,-0.01767139301383014,-0.013020063844455976,0.0015130526861166782
Karl (2010),2010-09-14,Category 3,22,Yucatan Peninsula; Veracruz,Not reported,3.9,4,2010-09-14,0,0.028091778070498563,21.209999084472656,0.02940596903487025,0.2378112873103037,-0.3057203409965691,0.0,1.1333252370463374,0.0028613342378527307,0.15216914804486226,-0.40090312702888653,-0.0022134454026518924,0.7228884502908304,0.045807393209641445,0.2666344310796868,0.04251031751121914,0.0,1.301466893141052,0.02847540339302146,0.24314803353304854,-0.23234772237929513,0.0,1.1968076802232923,-0.01134230331794539,-0.020111500482162592,-0.012251021629574366,0.007901857691683167
Lisa (2010),2010-09-20,Category 1,0,None reported,Not reported,0.0,7,2010-09-20,0,0.0033025055731692454,22.010000228881836,-0.014960756937696051,0.21474512628754977,0.10010420135733855,-0.014960756937696051,1.1069101361203921,-0.012156446824011291,0.13901803543457367,0.37779833525886874,-0.014342984595328012,0.698770074463931,-0.013287191246363683,0.2529110440852185,-0.12665851872855471,-0.013287191246363683,1.3243153619805235,0.005095949825522972,0.22022746947411523,-0.039617606354516166,0.0,1.1918681904156454,0.004219251387657552,0.00779200985713735,-0.030075469356504514,0.0020419888863534297
Otto (2010),2010-10-06,Category 1,0,Leeward Islands,Not reported,0.005,4,2010-10-06,0,0.013715823582478803,21.760000228881836,0.024625139421677433,0.16286505972214593,0.43788471471700197,0.0,1.117982148563144,0.011435491300000988,0.11667879862183082,-0.28876275959169306,0.0,0.6757643721529025,0.02505202303218068,0.21681388966664128,0.7595581293609974,-0.010745558187957971,1.3248484130511216,0.013057325203353898,0.17677522220857844,-0.04167844068593052,0.0,1.2119302066010518,0.004598059764435503,-0.011240513612065461,-0.006778941547400441,0.0030857496018581454
Paula (2010),2010-10-11,Category 2,0,Cuba; Yucatan Peninsula,Not reported,0.0,4,2010-10-11,0,0.02452766827662156,20.709999084472656,0.04028591677140536,0.16762637975403893,-0.014414348824814738,0.0,1.1511547601622536,0.011431963732509542,0.11124302096343816,-0.38490756079145994,0.0,0.6809205693168167,0.020833755855616642,0.1986153906931933,-0.21584337233260031,-0.012759891472484464,1.3028077430531835,0.03938000687434218,0.17545137190040763,-0.19666373733349352,0.0,1.2098934033789006,0.0005518908384067878,-0.012717479322745584,-0.014654751935752941,-0.010859263032215738
Richard (2010),2010-10-20,Category 3,4,Belize; Yucatan Peninsula,Not reported,0.4,6,2010-10-20,0,-0.010091989811085278,20.6299991607666,-0.016063362479231902,0.17393899028671922,0.2096983124996472,-0.01987526637266246,1.166884971610718,0.0034537150306492848,0.09373412227927876,0.5096397420089669,0.0,0.6266754559242598,-0.026244773888195683,0.2180048793934999,0.6066687627283687,-0.026244773888195683,1.3141559730181733,-0.025751066241876508,0.1870899353622961,0.37169721591208904,-0.025751066241876508,1.2045246215603553,0.002289840299679158,-0.023880294888684372,-0.006380028682961503,-0.005257901328966863
Shary (2010),2010-10-28,Category 1,0,Puerto Rico; Bermuda,Not reported,0.0,2,2010-10-28,0,0.0021163581473517823,20.709999084472656,0.007129162790830312,0.15797084494260233,-0.12636505460218406,-0.004195869863082069,1.1548963906535845,-0.015274240521844451,0.07413089466807973,0.18128649217647097,-0.01955341789565257,0.5828427806534658,-0.0020531516899296998,0.17622895741211667,-0.2937041772018978,-0.01884211611587272,1.330391302011868,-0.00892622830543055,0.15783071177427516,0.06888695742892126,-0.012875454838799039,1.2540454988737397,0.014695629920821185,-0.020286286592834157,0.011980173812504713,0.0016347620375760652
Tomas (2010),2010-10-29,Category 2,44,Windward Islands; Saint Lucia; Haiti,Not reported,0.5,9,2010-10-29,0,0.00042256993545208843,20.8799991607666,-0.001685836878449809,0.15382045880417758,-0.19187481235766646,-0.006377461949277796,1.1569408461253454,-0.006275513094548768,0.07209252431646904,0.046681410760592845,-0.017070765309218916,0.5821041885194935,-0.0013698476277171912,0.1723616755190282,-0.346192528317266,-0.01884211611587272,1.3297954312841351,-0.010776143845446562,0.15841277109395643,-0.09692906050054217,-0.015021403119668486,1.2552382073874284,0.01612414226390224,-0.02529554673635359,0.03435673237632475,0.003145328396549907
Celia (2010),2010-06-18,Category 5,0,None reported,Not reported,0.0,10,2010-06-18,0,0.02242854436358699,25.049999237060547,0.022090855040995283,0.4131982848410838,-0.4057734807006911,-0.001798165847391564,1.2253916086773118,0.03935687262981746,0.2244341009335284,-0.06151409994645063,0.0,0.7148372006886315,0.018608018392788583,0.3791920843325125,-0.41895306709615676,-0.015323193320340489,1.3173785619697742,0.02948230540883534,0.3400543458090576,-0.16456962047271617,0.0,1.202024489774695,-0.021557205812335778,-0.006675588705604918,0.02173599019694117,-0.0014522904597913389
Darby (2010),2010-06-23,Category 1,0,None reported,Not reported,0.0,5,2010-06-23,0,-0.016690615713909285,27.049999237060547,-0.026347245753292614,0.4165680856909216,-0.16798746076426785,-0.03128955726672611,1.2297840114794483,-0.023639811175500514,0.24376073485627855,0.46598507973934256,-0.03158279916535489,0.7271055535738912,-0.012794275218934503,0.34495459268389395,-0.18922814720604142,-0.0266057778219001,1.3142701230842202,-0.015890946478128276,0.344937260998602,-0.24284488999705522,-0.024292961705661864,1.2064128672742311,-0.015684913745477536,0.03389233497292066,0.006779450123425512,-0.0059165245717910375
Frank (2010),2010-08-21,Category 3,0,None reported,Not reported,0.0,7,2010-08-23,2,-0.006743180164071383,25.489999771118164,-0.02156027400560534,0.21122260055795672,-0.146501343820572,-0.07316668218818345,1.2498842674391941,-0.007491827682064689,0.15795793005681627,-0.0335274280174388,-0.025895238454123337,0.787406800685253,-0.01425524105330922,0.19790574360491361,-0.043481369543533654,-0.08289147802507879,1.2436804313940621,-0.005794565122878126,0.1987696149365019,-0.17147489942288519,-0.05963906256580365,1.221316144632263,0.00023312766179706124,0.016896937271676404,-0.004936729372396087,-0.002167692302087909
Irene (2011),2011-08-21,Category 3,56,Caribbean; Bahamas; East Coast of the United States,Not reported,14.2,10,2011-08-22,1,-0.066157759976045,43.04999923706055,-0.0863910965245942,0.5617583608676374,-0.16306694802680277,-0.2036271185295604,1.220303641476823,-0.01189733718145869,0.35411752480715836,0.10348405083478118,-0.04566828400037648,0.655954657763332,-0.08036371289415611,0.6377459493665745,-0.07881377440481763,-0.20249835183226228,1.3068317581139919,-0.08597427976665184,0.5179841117027332,-0.053141367752181035,-0.2086389656659281,1.1251049885613302,0.0031525297356773674,-0.03508123074988023,0.033629540756363596,0.01475883598405403
Katia (2011),2011-08-29,Category 4,0,United Kingdom; Ireland,Not reported,0.0,15,2011-08-29,0,0.04648232781732542,35.59000015258789,0.04909959954599197,0.6088445295798571,-0.3178934740999636,-0.1379357830363589,1.2315268656823126,0.02135567379379033,0.37309388938376703,-0.21885127425825524,-0.017856911323805624,0.6550596754784855,0.06594342988710866,0.6688129210043224,-0.35239182605503816,-0.13423754673418242,1.2771628745336467,0.057797516217342526,0.5615356887802138,-0.3607229660531188,-0.10243804136586876,1.1258523448001576,0.0030840947972889943,0.020556063096542787,-0.03767551644467759,-0.007237549419660927
Maria (2011),2011-09-06,Category 1,0,Newfoundland,Not reported,0.0,11,2011-09-06,0,-0.028922271706846248,33.91999816894531,-0.0222945002901066,0.47494134296335905,-0.37504552058009777,-0.04333994739811675,1.212336924805802,-0.010698486777255045,0.28426479462544757,-0.4410799495545258,-0.01770420128489547,0.6544720093670667,-0.057143093020183944,0.5823638034454569,-0.27096975716370064,-0.0627796372422309,1.300394017681577,-0.033218460888022605,0.47531249010909127,-0.13606863749940068,-0.04783970242320279,1.1341137029495132,-0.008243051616879993,-0.0015817536006452748,0.004141108804253335,0.0024329761630024205
Nate (2011),2011-09-07,Category 1,9,Mexico; Texas,Not reported,0.02,5,2011-09-07,0,-0.03854401923347739,37.0,-0.03860273852404983,0.4409851421359177,-0.37735856947041624,-0.05374157537150481,1.214354426950452,-0.016037776360540268,0.26572983483870477,-0.24367618648437195,-0.022425029752611736,0.6545322912191047,-0.06737358456814602,0.5090780927272582,-0.21264078409937814,-0.07922222039858828,1.301402669224846,-0.05127398299583108,0.44175802639958484,-0.24343967992075166,-0.05771617638799087,1.134490600985764,-0.01753556862331307,0.008245167919719854,-0.016364365340154285,0.003200990506373347
Ophelia (2011),2011-09-20,Category 4,0,Newfoundland,Not reported,0.0,14,2011-09-20,0,0.02711419058091935,32.72999954223633,0.013907605453398197,0.33472534796217585,-0.14972130412833484,-0.034247143186929674,1.2026746569522642,0.025382512920177236,0.18823481216739651,-0.3367492184898715,-0.005591252127976509,0.6562761135820859,0.012754584261953195,0.40314877815083777,-0.06030306825738829,-0.057638126205380225,1.3330756711811533,0.03400227297447733,0.3267856149306033,-0.13271716833095937,-0.01705961130033007,1.1362363874300498,-0.037395342731468384,0.0078829090978777,0.0011188867173320682,-0.005468230327458468
Philippe (2011),2011-09-24,Category 1,0,None reported,Not reported,0.0,13,2011-09-26,2,-0.05627131246419692,41.25,-0.11100994667960029,0.37017966349791714,0.33875279346513376,-0.14145531632742026,1.2158153442650248,-0.011246304841042054,0.18871694390235938,0.08597481251651273,-0.025379426075386236,0.6606250502914424,-0.07006352200806598,0.42635746664363755,0.08667437858235605,-0.12366331808955189,1.3304798879103774,-0.07451875296028765,0.35081739575522397,0.32228563570102464,-0.09030710330052982,1.143067934173727,-0.016721030663478298,0.028749817360273933,-0.021125686789187803,-0.0006239723006101761
Rina (2011),2011-10-23,Category 3,0,Yucatan Peninsula; Cuba,Not reported,0.005,6,2011-10-24,1,0.03110695676954056,31.31999969482422,0.048325331712870234,0.3935010351826249,-0.0658539333203344,0.0,1.2593587327392464,0.030732883224647845,0.17928816557369007,-0.29874809528866697,0.0,0.6186190285616444,0.07534794194724359,0.4861318138065769,0.33821779035178245,0.0,1.39940733710921,0.044771124405741825,0.3414415397414512,-0.28304098470481953,0.0,1.154672018106068,0.00366363040693396,0.0033755221130040702,0.005881410132400511,0.00412671777653828
Adrian (2011),2011-06-07,Category 4,0,None reported,Not reported,0.0,4,2011-06-07,0,-0.04343962912469612,18.489999771118164,-0.04603839463298143,0.21286457213131446,-0.1036019462702733,-0.04603839463298143,1.3599062423383024,-0.024505493946762713,0.10522928750512102,-0.08436225550225263,-0.03391816693578076,0.7181962049193673,-0.0574496158195833,0.18242119826882633,0.6164032442710496,-0.07953146572977421,1.0048031375580484,-0.04756878020804045,0.18664317006654513,0.05966303814100016,-0.07102125766299594,1.2141517215644848,-0.000752018952237643,0.0023474360882740353,0.007947265873402554,-0.0008371690884669825
Beatriz (2011),2011-06-19,Category 1,0,Southwestern Mexico,Not reported,0.0,4,2011-06-20,1,-0.00015736296874890865,21.850000381469727,-0.0031270889968852966,0.2271704240049549,0.17155599669919752,-0.06699104873420747,1.405279955644119,0.006228828492251592,0.09913641468602932,0.22845964250313822,-0.023548403041750432,0.6539277485621668,-0.002438101016455585,0.19687113699262465,-0.10784331197823316,-0.056598733945777524,1.0463818358683474,0.011520802858058898,0.19232075982431152,0.25832230734898354,-0.053261871793922055,1.2102385932920179,-0.009809279896542011,-0.006098938415367794,0.00013651967792194242,0.002315036175913887
Calvin (2011),2011-07-04,Category 1,0,None reported,Not reported,0.0,4,2011-07-05,1,0.046740649428280934,15.869999885559082,0.06660984754850219,0.23498101362030263,-0.35943303946837124,0.0,1.4067302432077595,0.025423313422724858,0.09948161514309599,0.4154304496970518,0.0,0.5553833768369322,0.04828953975225225,0.17271492557143203,-0.2962172074721616,0.0,1.0226104896875519,0.05569456291884145,0.17526733775576955,0.1770779252151209,0.0,1.2005387299331716,-0.004725807414353911,0.01415091133106361,-0.014913890675725239,-0.006922924724475976
Dora (2011),2011-07-18,Category 4,0,None reported,Not reported,0.0,8,2011-07-18,0,-0.0021215828185061625,19.530000686645508,0.023844111917580957,0.22693964490228163,0.3373230864406871,-0.008770080890663001,1.3541097871789742,-0.0011977334935225903,0.09551418661496665,-0.01950461780438184,-0.015638378894387683,0.5118046050013081,-0.012633318101483604,0.19148510535303628,0.3946433649240557,-0.051724526137491234,1.110373117290812,-0.015624476615360816,0.1770524997856992,-0.15171551033019992,-0.045952844716653396,1.1883386720390015,0.012030544251368624,0.0025849466532033016,0.01357132349072443,-0.005833216649703932
Eugene (2011),2011-08-04,Category 4,0,None reported,Not reported,0.0,8,2011-08-04,0,-0.031100934703202077,23.3799991607666,-0.04441854921698685,0.21923766420190205,0.8847920589010767,-0.07450156817707199,1.2386602639513877,-0.024172136610824957,0.121626870142939,0.9134006579180078,-0.03908302572122979,0.5031487571578787,-0.028302043108968777,0.2073809771736688,0.3863847615763598,-0.07918246076690194,1.1090911920223503,-0.03701531645853029,0.20420645401485799,1.0656467255149011,-0.12375956826558299,1.1862084155723605,-0.008518108395779156,0.03258384756977217,-0.035533774237632376,-0.005862835868436389
Greg (2011),2011-07-11,Category 1,0,None reported,Not reported,0.0,5,2011-07-11,0,0.0035838287405174363,15.949999809265137,0.010913032627837271,0.2259490132382859,-0.21091616640686328,-0.008382871214522969,1.361140098199901,-0.0035419227538067144,0.10117181779604907,-0.05728291851173206,-0.0038359816945984226,0.5417240140477091,-0.010876894588712771,0.18387452307486912,-0.2507657340925429,-0.012771791513136677,1.056876030864855,-0.002373648104128989,0.1682408802816305,0.05333576006817542,-0.012532516347139033,1.206083056514988,0.030686483371165307,-0.0004730297079523771,-0.015625260882885295,-0.01636446119899493
Hilary (2011),2011-09-21,Category 4,0,None reported,Not reported,0.0,9,2011-09-21,0,0.011909866807046532,32.86000061035156,-0.004719208630358462,0.29432477136825697,-0.16834623601950838,-0.04024386624129084,1.2048839429981302,0.03311379402056436,0.18477648179751602,0.7206394142954471,0.0,0.655925475069041,-0.0024888087986064678,0.3871639072871171,-0.4937916370517902,-0.060639108424872745,1.3331778622262977,0.008806018228836088,0.30728419255255274,-0.16633414078173003,-0.024198157484294658,1.1368554873718493,-0.03778901209872232,0.007128843214392444,0.013615653490409385,0.0014944393328873984
Jova (2011),2011-10-06,Category 3,2,Jalisco,Not reported,0.21,7,2011-10-06,0,-0.014045725055279012,37.810001373291016,0.003981401341402346,0.4379517398414755,0.3666460508604068,-0.0998872047877929,1.2458811434400077,-0.038823826557257246,0.2039673634566805,0.10767091725597577,-0.046674744753543274,0.6303357793703662,-0.027778078439476883,0.45231622203463023,0.01808086317189006,-0.07823395362310026,1.35445650049709,-0.013893579623025842,0.37549407075056934,-0.18435837904308827,-0.06756315784528955,1.1491788020728761,0.004090058177389944,-0.022482369947093295,-0.019839557991983447,0.005280411597875734
Irwin (2011),2011-09-27,Category 1,0,None reported,Not reported,0.0,6,2011-09-27,0,-0.032703409781228654,39.02000045776367,-0.07284394476462419,0.38054179646270486,0.3869884040571787,-0.11015628903631947,1.2294534430593658,-0.01750292672636744,0.17721378236890706,0.000732806649467399,-0.01750292672636744,0.6508627785641473,-0.025559004401826457,0.4309954254488898,0.04755867951814463,-0.08464823758754503,1.3448435708597082,-0.04421130516650795,0.3427780403959547,-0.09922359144624593,-0.06733963052579728,1.1407725777993352,-0.010190445219915856,0.010512343506743682,0.001009900860044266,-0.0012148165730480054
Kenneth (2011),2011-11-19,Category 4,0,None reported,Not reported,0.0,7,2011-11-21,2,-0.02773780249864788,32.0,-0.0443136498863379,0.4022008585114188,0.2701347247539534,-0.06694972482005757,1.3156709235999824,-0.008585708933421476,0.20047391792286687,-0.3860628643662879,-0.02146876516155727,0.5506919305170223,-0.03623795877736735,0.4589654863083914,-0.31911120476225263,-0.11032064035970457,1.5269060296932029,-0.023724742570235158,0.33207021887412597,-0.2432385180126344,-0.03911264663744818,1.1625698191383458,0.0003263568954592344,-0.0029672404013172393,-0.013103416539123391,-0.0007715773031220508
Chris (2012),2012-06-18,Category 1,0,None reported,Not reported,0.0,4,2012-06-18,0,0.02606364136686623,21.110000610351562,0.03641852212323715,0.2543397528028731,-0.10146396856602036,-0.004274384758477634,1.2085329962086442,0.013147560969925642,0.07618604355720565,-0.052522434415591124,0.0,0.35517756071229456,0.038109059984728466,0.25251721651205805,-0.08940091141407636,0.0,1.286598795357564,0.02257441224633383,0.21660055746279117,-0.30560599677499023,-0.007475676638804218,1.1107949630544292,-0.023369919937668793,-0.0008221624962487795,0.007489294863158857,-0.003624219074898072
Ernesto (2012),2012-08-01,Category 2,11,Lesser Antilles; Belize; Yucatan Peninsula; Mexico,Not reported,0.085,9,2012-08-01,0,0.027993617001656368,18.93000030517578,0.038158131347733715,0.20171918645603665,-0.13864073326938875,-0.01093420649547372,1.313796514216598,0.022929997295170645,0.10198142232325205,-0.3284288008458116,-0.008108565806449919,0.3646760917012212,0.02733012317433281,0.18042565659284468,-0.13709365777960925,-0.010128313157025337,1.2077710641529547,0.031691307986995376,0.18238160673067325,-0.28277460703094326,-0.005553766484345579,1.1307246247356644,0.004069708589168108,-0.026391434514478895,0.0029122427733405676,0.004507109813139065
Gordon (2012),2012-08-15,Category 2,0,Azores,Not reported,0.0,6,2012-08-15,0,0.0021350706716838364,14.850000381469727,0.003066086599856188,0.19187726838854394,-0.4357589815407227,-0.005527110489534248,1.3481995639691924,0.0008012934818835138,0.11493317482535188,0.013555301812571807,-0.020141189257376402,0.39041160412320774,-0.0006697180221841847,0.15048823726388677,-0.5258984666225885,-0.0013378295348597247,1.2007105272805956,0.001918645799052987,0.15381774927621944,-0.42453049736855497,-0.00354420308681902,1.124203941374831,-0.0006129730065793648,-0.018243226655129008,0.008513589998160542,-0.0004388709966809401
Isaac (2012),2012-08-21,Category 1,41,Haiti; Dominican Republic; Cuba; Louisiana,Not reported,3.0,10,2012-08-21,0,0.009944047375267218,14.020000457763672,0.004863046033531493,0.1750092977648283,-0.5026651868757133,-0.003857004918509599,1.3485604569314131,-0.008008786924056599,0.10929335405410713,-0.1947138454748939,-0.027988669688273626,0.38600433834322456,0.016075155514509998,0.12632109815858325,-0.39180750331490044,0.0,1.1984603776990335,0.015047717271041483,0.1343200408837036,-0.5473567803214792,-0.002151692071724609,1.12558782420252,0.0021233748937052876,-0.004508655871883538,-0.005344471411538376,-0.0125869656691463
Kirk (2012),2012-08-28,Category 3,0,None reported,Not reported,0.0,5,2012-08-28,0,-0.0015522037079704898,16.350000381469727,-0.0011096110507050616,0.13843428542115505,-0.38486274525706243,-0.008126812390927829,1.351109654427342,-0.0051506797943347005,0.08578822979730753,-0.3884159186457792,-0.032173129123908795,0.44626783997631914,-0.006570182533782498,0.10763801218465101,-0.5130189267673704,-0.006570182533782498,1.139218828140374,-0.011345354350952075,0.11310026344213879,-0.5109174164787363,-0.015599784082182322,1.122069964561333,-0.015268794423247134,-0.004724739902261743,0.007438285097464359,-0.012442633548038984
Leslie (2012),2012-08-30,Category 1,0,Newfoundland,Not reported,0.0,12,2012-08-30,0,0.006042932223481179,17.059999465942383,0.0002797864636008285,0.12339505063098917,-0.32578115670899177,-0.014049646687034567,1.3526602711932791,0.0032919315092470036,0.08115806003684574,-0.16695588052285748,-0.03407302581838623,0.4266736163564701,0.005316165975609577,0.09913243342874019,-0.4788024659459914,-0.005913184234794477,1.1106168697191836,-0.002462924848132486,0.10823654850531916,-0.2756976331175427,-0.01963399968942603,1.1224983666472057,0.009802449720866857,-0.021013085235411122,0.014527973553324802,-0.0035366638426863606
Michael (2012),2012-09-03,Category 3,0,None reported,Not reported,0.0,8,2012-09-04,1,-0.0026843975354836624,17.469999313354492,-0.006666021283684209,0.10676734750563009,0.18730402710589167,-0.01473866017024561,1.3739621813307283,-0.009537047829490608,0.06509341210108344,0.0861486411879282,-0.03759601600595419,0.42947151443115295,0.002645072489167122,0.06484128362300445,0.7245409014248596,-0.003942488653684295,1.1019255183270953,-0.006557100573457708,0.08517832717497666,-0.1258160924866205,-0.02205459530248899,1.1257835222014356,0.020857907248543084,-0.020421042351423502,0.01388019665250928,0.006816499261762976
Nadine (2012),2012-09-10,Category 1,0,Azores,Not reported,0.0,23,2012-09-10,0,0.022456811862159087,14.380000114440918,0.026841528699754535,0.13758546964306287,0.5923949988077146,0.0,1.3611040265331638,0.007427746685093828,0.07505796039851421,-0.1035599613017204,-0.02450725544810184,0.46455279035990527,0.03430123900393278,0.10886156481652248,0.5933788307921062,0.0,1.0953303589552048,0.017601735731986867,0.12322320366416935,0.019159716028887663,-0.004841058728692449,1.1355547208091188,0.016600648506856608,-0.02988814391267458,0.014791638347248615,-0.0002005707922343447
Rafael (2012),2012-10-12,Category 1,3,Lesser Antilles; Bermuda,Not reported,0.01,5,2012-10-12,0,-0.01902239938074546,15.59000015258789,-0.008425962613609395,0.13232183738617467,-0.2835557434114966,-0.04287951441498494,1.2003845416324046,-0.0008168650896276386,0.06613644706140435,-0.14339711276130596,-0.002445784405340601,0.5117709741418858,-0.0018683670357230175,0.1131649997809529,-0.028293124474997544,-0.011265007837962804,1.1236693278804075,-0.02018293266814919,0.09950061285840422,-0.22966212646513873,-0.029510371163870897,1.0693112845586634,0.014003443021194384,0.013212955357790435,0.015475983151463923,0.005828394881656429
Sandy (2012),2012-10-22,Category 3,233,Jamaica; Cuba; Bahamas; New Jersey; New York,Not reported,70.0,7,2012-10-22,0,-0.0047891094262952905,17.059999465942383,0.01234064317633976,0.1598272330192828,0.28070361179938375,-0.015861813710468242,1.1989934773366322,0.012550917324820166,0.07896283564531435,0.2389142767284167,-0.008019305652610553,0.4563722150453791,0.007505147689412794,0.14314256252710042,0.09201459973717818,-0.013471859865098024,1.1532640502055227,0.0024521543822999536,0.12477824831363069,0.4041481710369266,-0.016835856692051454,1.0486385509803688,-0.006327541368727041,0.011392089074107936,0.0013284035681920825,0.008912956081932322
Bud (2012),2012-05-21,Category 4,0,None reported,Not reported,0.0,5,2012-05-21,0,-0.03258535667835083,25.100000381469727,-0.034430749115637926,0.17026424527460346,0.24013667173790165,-0.115140112773504,1.1036184350361522,-0.01309554524004053,0.07076512362548507,0.18668120202599492,-0.014194234679820061,0.3360771463991454,-0.05099925653841342,0.16374063539501524,0.5291767299860566,-0.11674172175578401,1.4142857470106671,-0.03233122396555854,0.13014510772187407,0.220907213177844,-0.08672415235568975,1.1534752412777571,-0.0007253402826083999,-0.0009825164722077062,0.009912213937805836,0.0015123842440598612
Carlotta (2012),2012-06-14,Category 2,5,Oaxaca; Guerrero,Not reported,0.01,2,2012-06-14,0,0.00015163784794802737,24.270000457763672,-0.012249668445882378,0.24058371038098372,-0.307953047874294,-0.03805482282263972,1.2010212806652634,0.0027221854026453496,0.08059327397234853,0.05748425167798277,0.0,0.3479652441195669,0.005010776933103589,0.26122121587817954,0.02390184822009367,-0.012657962989251925,1.2898487223944823,0.00028982338041383393,0.22875313200420747,0.2370384294888881,-0.023735469129058218,1.1277669732084097,-0.01868611332171366,-0.010976533119698373,0.007383932125587189,0.001825359180491981
Daniel (2012),2012-07-04,Category 4,0,None reported,Not reported,0.0,5,2012-07-05,1,0.0318391099782982,16.65999984741211,0.06251020091095905,0.2790995429355986,-0.019638959036457737,0.0,1.305164887806549,0.01309669864091978,0.08698209218480332,-0.5652129435159268,-0.002417933594368704,0.2993990702515247,0.037114964267237704,0.20797642517316609,-0.5743362415370136,0.0,1.2392517950314101,0.03565214659670901,0.20766023143395607,-0.36236993330621936,0.0,1.1101375195149894,0.0019210691035362881,0.02668749107895685,0.004786610305688832,-0.017489937273768463
Emilia (2012),2012-07-06,Category 4,0,None reported,Not reported,0.0,9,2012-07-06,0,0.030122198884040108,17.5,0.04144066006550484,0.2852852412316427,-0.24120670695523017,-0.013090109329796151,1.3236449944273296,0.003534599831596985,0.08747561725651057,0.4101245717572033,-0.0083287639789843,0.3060230274211071,0.022424858336215436,0.21800255223645612,-0.3933971130802082,-0.014854722584907942,1.2375487917395929,0.035392560315154364,0.20767120105382877,-0.47337689336797717,-0.001120022776852636,1.1038540378266095,0.005321938528135561,0.011928397985728312,0.014666744982595015,-0.011575016322986964
Fabio (2012),2012-07-12,Category 3,0,None reported,Not reported,0.0,7,2012-07-12,0,-0.019225847749199332,17.950000762939453,-0.018778487618266393,0.2871493309186038,0.3769940729531196,-0.031622784492091216,1.3284621071819311,0.0013549893816011682,0.09061503023862776,-0.32669153793140704,-0.006985059984136344,0.30859486844803236,-0.008910403870448502,0.20248708993875725,0.2392801438329739,-0.023632764877741463,1.2157982798462224,-0.03782546894664818,0.20795473291733366,0.4121861704905152,-0.03890312633673554,1.100181195983893,0.014261769196892926,-0.015936861862716478,-0.011343070961778556,0.009023126738745724
Gilma (2012),2012-08-01,Category 3,0,None reported,Not reported,0.0,6,2012-08-01,0,0.027993617001656368,18.93000030517578,0.038158131347733715,0.20171918645603665,-0.13864073326938875,-0.01093420649547372,1.313796514216598,0.022929997295170645,0.10198142232325205,-0.3284288008458116,-0.008108565806449919,0.3646760917012212,0.02733012317433281,0.18042565659284468,-0.13709365777960925,-0.010128313157025337,1.2077710641529547,0.031691307986995376,0.18238160673067325,-0.28277460703094326,-0.005553766484345579,1.1307246247356644,0.004069708589168108,-0.026391434514478895,0.0029122427733405676,0.004507109813139065
Ileana (2012),2012-08-02,Category 3,0,None reported,Not reported,0.0,7,2012-08-02,0,0.010428145564020053,18.959999084472656,0.014347787582186244,0.19418994944270168,0.16799040987025182,-0.006106189441878684,1.313949347296696,-0.0005312623689933682,0.10382597028487978,1.672514052285912,-0.0156945640755094,0.3675729660227394,0.006901395579686165,0.17274975247537175,0.517241629419734,-0.011517468591083602,1.2076059351550468,0.009363653735906752,0.18406415082185662,-0.060461798076527296,-0.01221918916131104,1.1333162306968347,0.020640191496895,-0.028786657441979724,0.002023243891750459,0.0025926811594152444
Lane (2012),2012-09-13,Category 1,0,None reported,Not reported,0.0,4,2012-09-13,0,0.004312634617606781,15.800000190734863,0.02991698815385213,0.1428747995420848,0.018730937035352113,0.0,1.3496244830879676,-0.012520361080003095,0.07585335418578822,-0.3138430422665175,-0.026824064371830048,0.4655347103083724,0.01417545455354885,0.11713177834259308,0.5081007560123634,0.0,1.084894190497258,0.011446992464873906,0.12721922560652488,-0.16622101891848695,-0.0018826560329526787,1.1354175387240466,-0.00928771315459842,-0.01169115650566066,-0.01320228768733156,-0.0064144285279895685
Miriam (2012),2012-09-21,Category 4,0,None reported,Not reported,0.0,10,2012-09-21,0,-0.0035993379622772936,14.069999694824219,-0.02141814492108396,0.1593154933218214,0.23949174062687018,-0.02141814492108396,1.2492272796100654,-0.004105214512486244,0.09023447024400351,-0.21604075389435795,-0.010872547343661165,0.5117052735454342,-0.020270037080848957,0.15156312467527966,0.31399590256924714,-0.020270037080848957,1.1315941619025953,-0.011652368653515821,0.12969313359421672,0.21306257682341667,-0.011652368653515821,1.17220972049299,-0.0037123664481426566,0.02301734828358515,-0.002135861210460277,0.0011235730516298004
Paul (2012),2012-10-11,Category 3,0,Baja California Peninsula,Not reported,0.0,6,2012-10-11,0,-0.01950331530538507,16.290000915527344,-0.01803411871295102,0.13973051994059413,0.356049302931317,-0.049963915273603776,1.2008281087007189,-0.003532890338617256,0.07166685007179963,-0.44795960249969646,-0.003532890338617256,0.5126239696424384,-0.008089809523836422,0.1153315141005411,0.0040704747246438355,-0.016816315200461784,1.1178365345549697,-0.019978485815550617,0.10210512665263678,0.29989138071954,-0.03244257605070078,1.0710402502740763,0.01093745156830872,0.001908709416934773,0.0015553059404176395,0.010579471713682231
Humberto (2013),2013-09-08,Category 1,0,None reported,Not reported,0.0,11,2013-09-09,1,0.01460420365167292,15.850000381469727,0.016059694094588517,0.12974510174162743,-0.06933717054418675,-0.00012030656611372592,1.0170965690237854,-0.008579318199816055,0.11379482211575646,0.18195788327768625,-0.05518647672540822,0.8410171924674523,0.018518525623784532,0.1429401083597528,0.05095669857485463,-0.03131122101157846,1.1996497479042212,0.01861967487211702,0.12182271238108164,0.5651018169833646,-0.01945305907134154,1.14127214916109,-0.014555491824968403,-0.010598060873303838,0.003483629418767009,0.014615890406048049
Ingrid (2013),2013-09-12,Category 1,32,Northeastern Mexico; Tamaulipas,Not reported,1.5,5,2013-09-12,0,0.020728112427236267,13.819999694824219,0.01918265146600384,0.13473021286109957,0.22176784218708345,0.0,0.9900077800960279,0.008442170887461131,0.12346035872013257,1.589763669548541,-0.0374320099329426,0.8441224678899015,0.02474717223931222,0.15568634117622507,-0.14818384645307292,-0.003437874887613823,1.1991223642605817,0.030971078559335563,0.13821571516664782,0.44827461193119,0.0,1.1568171382192043,-0.008976021155370884,0.019149523264378132,0.0012820062061842386,0.01390736901365397
Barbara (2013),2013-05-28,Category 1,3,Oaxaca,Not reported,0.01,2,2013-05-28,0,-0.009704882865879783,13.989999771118164,-0.0188521430407097,0.15234756123299714,-0.2689728541316111,-0.0188521430407097,1.2009822957777256,-0.03215379881172398,0.13543919220787176,-0.1592513765429574,-0.06275629155886142,0.6629223860247035,-0.013006691373383616,0.1292427668362315,0.1715095519348,-0.015469633162643492,1.2059558582063103,-0.013318083461052677,0.12882206801119062,-0.20605084017612596,-0.0146527489145456,1.1179963127098516,-0.006898736272613948,-0.003065655229853026,0.003932154379070796,0.006462131628059753
Cosme (2013),2013-06-22,Category 1,0,None reported,Not reported,0.0,4,2013-06-24,2,-0.027537340205696315,18.899999618530273,-0.031031078827646552,0.19833361561488308,0.562418996957136,-0.04875123010964921,1.167724296500925,-0.03158874002337719,0.18710920631138775,0.10498244397004397,-0.04929542717941293,0.7744412157936167,-0.027504403420881784,0.20584301687249532,0.3629139343267713,-0.04823647935824693,1.174176984285368,-0.02575292047170985,0.17848694184010655,0.21104022375029996,-0.03700740187486107,1.0637018934107383,-0.0033552049377951754,-0.009575010566903686,0.011492601840814798,0.008206996469017458
Dalila (2013),2013-07-08,Category 2,0,None reported,Not reported,0.0,6,2013-07-08,0,0.01620729375071983,14.890000343322754,0.02120014788750635,0.18631272133221416,-0.16549419484781613,-0.014435557062741244,1.1852582622798098,-0.019399361934497206,0.1859193903835359,-0.0031926266849771068,-0.028672311683706875,0.7403839661158118,0.019022875002396855,0.20542894032294867,-0.3797481039150673,-0.00400929312210907,1.1963453796205723,0.015478207726111082,0.18502977995161937,-0.5310162167377117,-0.014241606978722787,1.1121922258620387,-0.00871911468030917,0.023540678188067377,-0.0020824124651181997,0.001788803865993227
Erick (2013),2013-07-04,Category 1,0,None reported,Not reported,0.0,5,2013-07-05,1,0.0012416613715025004,16.200000762939453,0.004451398628038117,0.1864791003244963,-0.5950795984694721,-0.02651469312324506,1.1858566196479567,-0.01411821197353813,0.18743056900013416,-0.5971345450437091,-0.025776701046643424,0.7626113572807673,-0.005109809371957819,0.20463283240946076,-0.6096378924208082,-0.021597318332161608,1.1846925512009587,-0.006062183335426297,0.1891184758125872,-0.5119624135869587,-0.02949474215728687,1.1031788892487622,-0.0031548927220432788,0.019612175277769595,-0.0008019998456283428,-0.0009832213826468372
Gil (2013),2013-07-27,Category 3,0,None reported,Not reported,0.0,10,2013-07-29,2,-0.002300911799166916,12.720000267028809,-0.005392456233422549,0.10980997440224868,-0.26961699297270625,-0.008600046173163456,1.1075048308793163,0.0,0.13679170610500035,-0.22553779642262695,-0.002534599591968223,0.8936915831215446,-0.011020549691543424,0.10589581355513031,-0.29531321769742847,-0.011020549691543424,1.2102295959691158,-0.011223219964179632,0.12626983245806497,-0.43005181347150256,-0.011223219964179632,1.1266237893239084,-0.0018241208636313733,-0.016066636125849687,0.0011499913836356956,0.01047078855799155
Henriette (2013),2013-08-31,Category 1,0,None reported,Not reported,0.0,8,2013-09-03,3,-0.014156509909465265,17.010000228881836,-0.0006123272369180643,0.12846039563180126,0.013559937486872675,-0.019473527887099218,1.0368288916756778,-0.002140044693042187,0.10987452939900805,-0.12928662065790208,-0.053539891463034506,0.8955751142839681,-0.024585904220302823,0.13473788824228602,-0.2771750198718107,-0.06403463422601252,1.2185072089036728,-0.02198530942047816,0.11391932981735653,0.12268005152040917,-0.03926695660820689,1.1117673691397338,-0.006929281661572029,-0.012878151092878154,0.006930879181726413,0.012458114364743533
Kiko (2013),2013-08-19,Category 3,0,None reported,Not reported,0.0,6,2013-08-19,0,-0.019395929709403625,14.369999885559082,-0.012280874780192796,0.09836602493270974,0.11095595659893864,-0.030205075991529995,1.057174618313451,-0.035705076583728346,0.11288593672622917,1.0596269546707253,-0.051780594162214144,0.8734989306669663,-0.015732764927420928,0.10036581689906646,-0.006747347637287571,-0.040728264490905275,1.18503931030314,-0.012513630314898161,0.09906149484000146,0.019913169283555687,-0.02259895692133651,1.0923442743118794,0.013551086903612397,-0.003165831562304433,0.0011387702423946156,-0.000982228925119344
Manuel (2013),2013-09-13,Category 1,169,Guerrero; Sinaloa; Western Mexico,Not reported,4.2,6,2013-09-13,0,0.01752591957788363,14.289999961853027,0.013272050411095693,0.13505692749945947,0.19617845215688545,-0.005918962932851213,1.0168635371151582,-0.0013518282490433409,0.1164247538659248,0.8264489639841397,-0.027646294087644185,0.788025208017486,0.017171719454797563,0.1481625264654029,-0.10054379183973339,-0.00739250908881306,1.2205990078732374,0.027195587606818172,0.13167540042091583,-0.025244016059713048,-0.004106060806234324,1.160901669984349,-0.0074072115436127905,0.005137896759554561,0.002251747475204846,0.007788340205243216
Raymond (2013),2013-10-20,Category 3,0,Southwestern Mexico,Not reported,0.0,10,2013-10-21,1,0.020182483360905445,13.039999961853027,0.02451130401464674,0.13399902187354937,0.27227420512334355,0.0,0.9306916563137005,0.01371648095143363,0.12669556360219203,-0.0646156625386971,0.0,0.7124307724050831,0.02449777540149456,0.1664616325081117,-0.12472867412725674,0.0,1.2373119084508746,0.015113001783111368,0.14633200337384542,0.24719732696639873,0.0,1.1041675276222624,-0.009106873180400266,0.009584841230189989,-0.013368376195263876,0.007912307814895714
Arthur (2014),2014-07-01,Category 2,0,North Carolina,Not reported,0.025,4,2014-07-01,0,0.0052386667202137804,11.569999694824219,0.009479976752958308,0.10832856316521376,-0.280509341548028,-0.011748420133225412,0.8408155343355517,0.018641552226725144,0.12105050057532463,0.04729349631698421,0.0,0.2985412842227949,0.00043998140894530025,0.08141194514142167,0.4986069003509057,-0.006118843662479612,1.0967035063308008,-0.0016616474339090637,0.09952618343277878,0.12967117456097865,-0.023085646351992284,1.1445720193845113,-0.0008560829532431313,-0.022136103738374047,-0.003953394048165082,-0.006156377610171959
Bertha (2014),2014-07-28,Category 1,0,Lesser Antilles; Bermuda,Not reported,0.0,9,2014-07-28,0,0.0019261153936791509,12.6899995803833,0.007060991428183172,0.11929340784498274,-0.40215852277925523,-0.007357213447589106,0.9187978100214113,-0.006089144230013166,0.13035967648891592,-0.37425726323564146,-0.041120237355795175,0.25501164092533163,0.001750233817338298,0.0988688054256974,0.5424632638373632,-0.006510796055148593,1.1252373622974106,-0.00774760110500472,0.0999530784255115,-0.1298643930222878,-0.017533887060162012,1.225969909394301,-0.001718435696335674,-0.0229924739834787,-0.0020660424332530347,-0.009380446686074628
Cristobal (2014),2014-08-23,Category 1,3,Bahamas; Bermuda,Not reported,0.0,6,2014-08-25,2,0.00927236403961973,11.470000267028809,0.00393276111440044,0.16282077659894142,-0.27338573765853535,-0.026004337497454788,1.1575483630624783,0.014094745894143168,0.15897407572206437,-0.47712423260796233,-0.01347879747566283,0.529883005462631,0.012702608929993753,0.13027143137678418,-0.27387191622972995,-0.0034480389563115166,1.0580240635748193,0.008567652590439012,0.1367033236225166,-0.5630548619949287,-0.004412895906474423,1.1264298296269695,-0.005930864302032046,0.0014609434841599267,0.003526496025283432,-0.004991798405961645
Edouard (2014),2014-09-11,Category 3,0,None reported,Not reported,0.0,8,2014-09-11,0,-0.0006994488577890534,12.880000114440918,-0.01565873446425059,0.11813926951569932,0.4017547631204148,-0.038687090514412215,1.263949486013044,-0.009517440887181539,0.12319748517240114,0.31011591102736413,-0.02177933658283182,0.5961229061850865,-0.0034143794567198515,0.08750886986530358,0.2663232137434737,-0.005113182776492087,1.050522090021049,0.0,0.07594919451339649,-0.29325535272984027,-0.004412895906474423,1.0202798420038859,-0.014221664864918715,-0.018975747475131977,0.009498025449061753,0.0029336738132004214
Fay (2014),2014-10-10,Category 1,0,Bermuda,Not reported,0.04,3,2014-10-10,0,-0.019234420916793615,18.760000228881836,-0.03890247297380578,0.19272795795288059,1.178910313091265,-0.10679522359667004,1.1124114740303028,0.004466436651032524,0.13491703906264926,0.3895186001309878,-0.0163439297214224,0.6719189769817201,-0.022336669971891654,0.17017057389214277,1.1533888100352985,-0.04014827468195503,1.0506581761387142,-0.03276497846481219,0.18685965081748254,1.0781264670508754,-0.06264311172193593,1.0753414110048274,0.0006901928832355742,0.012494135406824203,-0.0006507418317086566,0.033916893125685244
Gonzalo (2014),2014-10-12,Category 4,1,Leeward Islands; Bermuda,Not reported,0.4,7,2014-10-13,1,-0.02929371194366759,21.239999771118164,-0.05347237234062063,0.18976336837676422,2.3529020888586167,-0.11933822015085671,1.1307265916342402,0.00916772861686832,0.13537358562989257,0.5655427085934626,-0.011740038330322777,0.6196320659173941,-0.027143805719905156,0.17188919945582717,0.3886225159499912,-0.04773928943742611,1.0359526736186855,-0.044073457996691046,0.19166993940682922,0.6615937932747757,-0.0764094570668502,1.0889111427711777,0.014837673683975705,0.0011338177638908764,-0.012293167061724564,0.026767839739274768
Ana (2014),2014-10-13,Category 1,0,Hawaiian Islands,Not reported,0.0,12,2014-10-13,0,-0.02929371194366759,21.239999771118164,-0.05347237234062063,0.18976336837676422,2.3529020888586167,-0.11933822015085671,1.1307265916342402,0.00916772861686832,0.13537358562989257,0.5655427085934626,-0.011740038330322777,0.6196320659173941,-0.027143805719905156,0.17188919945582717,0.3886225159499912,-0.04773928943742611,1.0359526736186855,-0.044073457996691046,0.19166993940682922,0.6615937932747757,-0.0764094570668502,1.0889111427711777,0.014837673683975705,0.0011338177638908764,-0.012293167061724564,0.026767839739274768
Amanda (2014),2014-05-22,Category 5,0,None reported,Not reported,0.0,7,2014-05-22,0,0.009231628197380104,11.90999984741211,0.008436966261219814,0.09950207258286918,-0.3188067779737368,-0.007253801076344546,0.7894747144338295,-0.011663704451733259,0.1524034680814733,-0.5460804988978946,-0.04309686522517808,0.17932591215675012,0.0069060016368496235,0.11781567989297284,0.048093459713908215,-0.012641411782862821,1.085362369215435,0.0016972850868708367,0.11478040516714913,-0.1308581171751102,-0.014474004058453005,1.1163873544824392,-0.006016112344437774,0.00472478673786525,-0.0017331133521112374,-0.0005115802195072572
Cristina (2014),2014-08-09,Category 4,0,None reported,Not reported,0.0,7,2014-08-11,2,-0.0033524283762642604,15.770000457763672,-0.008824148374977359,0.17938106791248318,0.14643662065911456,-0.03957063998929111,1.1737610887875272,0.00606899181975229,0.16634657221813404,0.623786527913814,-0.036950795728297736,0.47220953600864485,-0.0008926646150144713,0.13175447028006093,0.6889292832139593,-0.027801594480804215,1.0395785128176194,0.004041956473882058,0.12801489310520134,0.005257367357116571,-0.045204755468055025,1.1073166664362015,-0.0181627816784109,-0.004565092249440683,0.0008270364694287213,0.006640085913084404
Genevieve (2014),2014-07-25,Category 4,0,None reported,Not reported,0.0,20,2014-07-25,0,0.00475417207671458,11.84000015258789,0.01606239331316206,0.1159622620840883,-0.3190029137176976,0.0,0.9048346634254341,0.0009355054294191145,0.12961635240674757,-0.38424510313127413,-0.03343857207995782,0.22221461661376882,0.004801322668396946,0.09692947249563308,-0.14265744588748708,-0.0008682505306011334,1.1233011395648478,-0.005715694378992331,0.10011994154341945,0.18362665163288505,-0.014976824109001918,1.245422684613246,-0.013562607785013836,0.002131871679061814,-0.002868688381731044,-0.010966510787291939
Hernan (2014),2014-08-24,Category 1,0,None reported,Not reported,0.0,6,2014-08-25,1,0.00927236403961973,11.470000267028809,0.00393276111440044,0.16282077659894142,-0.27338573765853535,-0.026004337497454788,1.1575483630624783,0.014094745894143168,0.15897407572206437,-0.47712423260796233,-0.01347879747566283,0.529883005462631,0.012702608929993753,0.13027143137678418,-0.27387191622972995,-0.0034480389563115166,1.0580240635748193,0.008567652590439012,0.1367033236225166,-0.5630548619949287,-0.004412895906474423,1.1264298296269695,-0.005930864302032046,0.0014609434841599267,0.003526496025283432,-0.004991798405961645
Iselle (2014),2014-07-31,Category 4,0,Hawaiian Islands,Not reported,0.079,9,2014-07-31,0,-0.00840688062173156,13.329999923706055,-0.018095002249667758,0.12141927966125708,0.37164065541732083,-0.018095002249667758,0.9992780667396493,-0.020336412066590537,0.13322359115114835,0.6430544407787551,-0.0289617289789198,0.2285319800982659,-0.006081377636311336,0.09952700083339165,0.6066387482254394,-0.006944348007552947,1.0964905455345597,-0.01909875933408056,0.10635010354563675,0.6152862413701301,-0.03378954468383588,1.289863024525458,-0.006096315122173568,-0.004361794604712754,-0.0004875485973226956,0.0031434378533455876
Julio (2014),2014-08-04,Category 3,0,None reported,Not reported,0.0,12,2014-08-04,0,-0.026795242368203853,17.030000686645508,-0.037650772610281824,0.14210801221157074,1.0683328181821872,-0.04702725736211444,1.0094263009149753,-0.037647875924552765,0.13863841904079743,0.7060550311642695,-0.04054653764722971,0.2949714500073311,-0.02969414352168298,0.12233534102649718,0.8366445781889962,-0.034752295945756795,1.073784980542458,-0.03251154527676525,0.1190149970049118,0.5915184332380254,-0.05234281719838019,1.1953690348225676,-0.008257520745856617,0.0028915413265049317,0.00046391733724537865,0.008547284701359015
Karina (2014),2014-08-13,Category 4,0,None reported,Not reported,0.0,14,2014-08-13,0,0.007602124860113246,14.130000114440918,0.0030332590644139845,0.16886071500212083,-0.03501440032120828,-0.04653005732954507,1.1892014923456975,0.02713419881835999,0.16377970819755708,-0.46583717354333076,-0.04113419025376852,0.4936738700850855,0.008535429035939845,0.1290190243310339,-0.30966197965617925,-0.024760969419438283,1.0338107536519379,0.0169293077101369,0.12745032292521458,-0.020131131019891946,-0.0435577499104165,1.111077026509853,-0.006700899190649201,0.003908999137404612,-0.00408899006770036,0.009759239654402396
Lowell (2014),2014-09-08,Category 1,0,None reported,Not reported,0.0,5,2014-09-08,0,0.0019926101137677232,12.09000015258789,-0.01681149345879729,0.10594032726710455,0.13117966302708406,-0.01681149345879729,1.280638438233174,0.007855924789851088,0.10817461682576597,0.0478203584429322,0.0,0.5690780829183618,0.0042809674784192175,0.07371256096737598,-0.08235161977839478,0.0,1.0440972309152894,0.005738624426920413,0.08071780426516302,0.11007703717881245,-0.0011033108446482087,1.0497058516720035,-0.0060992957641545775,-0.014345026379406378,0.004191148134726208,0.0023151423862685094
Marie (2014),2014-08-22,Category 5,1,California,Not reported,0.0,6,2014-08-22,0,0.01931378657865368,11.760000228881836,0.013385426228144981,0.1616077279170774,-0.4526062215011738,-0.021835393921212254,1.1501373992025157,0.01453396558299791,0.1671897743514177,-0.3449715913770798,-0.010457572965736017,0.5304929977382726,0.027457925872472533,0.12937354151314234,0.12963439493220874,0.0,1.0558239720495488,0.027414991995883486,0.1374607135458816,-0.22510095376195316,-0.0009194980938982411,1.123809856470268,0.010202071149878478,0.011921632228131473,0.0027495735127522902,-0.01003143519851879
Norbert (2014),2014-09-02,Category 4,5,Baja California Peninsula; Arizona,Not reported,0.005,6,2014-09-02,0,0.002547560522040193,12.09000015258789,0.008889154219557938,0.12982594188021787,-0.40486407252422163,0.0,1.1741447612665696,0.012634282270684416,0.14102411322421124,-0.5255111196811408,0.0,0.5368396774548904,0.001715399943835294,0.09410244151412327,-0.22461924871152184,-0.0004281207171050738,1.0594772456317993,-0.006254734204434231,0.09979234080635803,-0.48507722000430575,-0.006802896006372627,1.0919419838454223,-0.01757156987441022,0.005731384007891416,-0.0029508444648066456,0.004770123839026308
Odile (2014),2014-09-10,Category 4,15,Baja California Sur; Southwestern United States,Not reported,1.25,7,2014-09-10,0,-0.005885338468857082,13.5,-0.026598104215725726,0.11876881669407752,0.3325976143779743,-0.03635758203279982,1.2716127050146255,-0.0055681704050724035,0.12143023988466665,0.7191024195201969,-0.017423224710809926,0.6050691767139484,-0.0076886202827453065,0.0871694011035569,0.2836679766624517,-0.010225865278270962,1.058210841963102,-0.00036947867022241176,0.08177940246316204,-0.25373720390266885,-0.005148233777504063,1.0259801536317361,-0.004241728016097457,0.0008195479181181131,0.006450854764435743,0.002694874765467592
Polo (2014),2014-09-14,Category 2,0,None reported,Not reported,0.0,5,2014-09-15,1,-0.007278666873697381,13.3100004196167,-0.021031719912915747,0.1239642866239918,0.9883930347906322,-0.052461016154276674,1.2864811993702197,-0.02536918812279132,0.14141300338941273,1.0872298747003928,-0.031178310659824793,0.5704488313293001,-0.003408621759423691,0.08290535492389568,0.36547316024694365,-0.003408621759423691,1.0407414201239058,-0.005342765662015525,0.07602144864039852,0.23773322605892422,-0.007354507994681958,1.0121492202578897,-0.01969611988099018,-0.000565580712408309,0.0033248588761565223,-0.0036075358774798616
Rachel (2014),2014-09-17,Category 3,0,None reported,Not reported,0.0,5,2014-09-17,0,0.002049260032443101,12.729999542236328,0.004635660732514646,0.13232421779103026,0.6265992755169332,-0.03423077000825059,1.2902498400435474,0.006093757216291351,0.1413232449794223,0.3611133528316641,-0.015818297356008038,0.6118568110359139,0.005567760741918892,0.07604776773156349,0.2650604834341095,0.0,1.024058335095647,0.00221622793642573,0.05652539005175078,0.019580475104943984,-0.0022064479532372117,1.000286473835492,-0.02134076573848742,-0.010898294445031098,0.0003044233122777573,-0.00912395426396273
Simon (2014),2014-10-01,Category 4,0,None reported,Not reported,0.0,5,2014-10-01,0,-0.01272776113634888,16.309999465942383,-0.017349758091158574,0.14510957472778618,0.8049174888573933,-0.06817044275165496,1.201072181811789,0.0033378661479130933,0.12928727087907424,0.10398810282234683,-0.026378073209348818,0.6512185564990017,-0.012361326421632013,0.1047166313592191,-0.027697528408602956,-0.02285706149049882,1.0251942614312601,-0.009504084646989042,0.0953668344008963,0.611962375391923,-0.024466348478062505,0.9879257816723434,-0.020794471020089134,0.014439615169706377,0.003944758193360265,-0.00929023853270583
Vance (2014),2014-10-30,Category 2,0,None reported,Not reported,0.0,6,2014-10-30,0,0.016313365109192235,15.149999618530273,0.0010479072747420215,0.2908241092566003,-0.23999137106864932,-0.026271051834876324,1.2097630160866852,0.00861637631341261,0.14120504578473475,0.08728997181215825,-0.005811697831262563,0.5050021917556476,0.024475187861948244,0.1956986310423956,-0.20123547130677744,0.0,0.9836061501892764,0.02272735503270029,0.2424284550712708,-0.3524337395785667,-0.0034773544221459174,1.1651912251520475,-0.005486337994067503,-0.012089430465531237,0.005274814587906018,0.0059680856738439925
Danny (2015),2015-08-18,Category 3,0,Leeward Islands,Not reported,0.0,6,2015-08-18,0,0.009201196772156806,13.020000457763672,0.0027414231541948997,0.25958030517948544,-0.44240404867038574,-0.028247706928472782,0.9858801882011254,0.03061001620907544,0.13232661351641306,-0.2814016578512578,0.0,0.41006453321751557,0.003570365519875107,0.10292590409558798,-0.15821066721297194,-0.010945942699620237,1.027997493590838,0.010726668023605335,0.1462177182914308,-0.3766126993914447,-0.001644273676457808,1.0842919063145442,-0.03643753147501383,0.028249212727581297,-0.008539960296898963,0.006045075077513062
Fred (2015),2015-08-30,Category 1,0,Cabo Verde,Not reported,0.0,7,2015-08-31,1,0.05160965194308109,26.049999237060547,0.0941924154917364,0.40895831907825675,0.42880270326052883,-0.06816876659430382,1.1659982513859368,-0.004843523918311221,0.23275440732081246,-0.40030385298595184,-0.05929825963452495,0.5616084712748329,0.04418935475648156,0.29052832146633606,-0.3179752975765061,-0.07114779169897734,1.0298784718872904,0.042716078579747574,0.26121308954734207,-0.4647486810800153,-0.05462183736244697,0.9463286055930678,-0.02347376244820265,-0.013623230883170745,-0.007321847292685368,0.010182723049985465
Joaquin (2015),2015-09-28,Category 4,34,Bahamas; Turks and Caicos; East Coast of the United States,Not reported,0.2,9,2015-09-28,0,-0.01837543770680561,23.6200008392334,-0.017176106784204004,0.24688625095929434,-0.22739857575186817,-0.054191444857665916,1.1449536065186787,0.007783112293408667,0.18921084459062262,-0.14879288442792482,-0.0003828605166185106,0.6086900610379092,-0.00479938903316024,0.23552305144404576,0.03324930160426098,-0.029981094933541064,1.0163384105956015,-0.025435225429168096,0.22250396000294914,-0.1803695854606171,-0.046475513687545544,0.9791591469858962,0.04289487179911955,-0.022945353709866945,-0.015240849128299594,0.006007162383300013
Kate (2015),2015-11-08,Category 1,0,Bermuda,Not reported,0.0,3,2015-11-09,1,-0.0016632898939474838,14.329999923706055,0.0025853296341558085,0.23756017620952574,-0.22022567285086359,-0.022409049300679662,1.22671450663232,-0.035387909647530136,0.17188940527848937,1.825010672689352,-0.06917816049918368,0.5990574524291365,0.013109235118589524,0.17018838107229753,0.8321927313738209,0.0,1.0345591743373612,-0.0007287334898941067,0.14540503099076565,0.11403921568627462,-0.0014560707138511209,0.9549948458404799,-0.001634685391586177,0.03306853081822725,0.00160136683639156,0.007597468197023005
Kilo (2015),2015-08-20,Category 4,0,None reported,Not reported,0.0,16,2015-08-20,0,-0.0016294883180387743,15.25,-0.031227547902549002,0.27580669567841076,0.19410844182544817,-0.057538995115666514,1.0551732114048018,0.014150123939322246,0.1143696188726202,-0.27694212901502757,0.0,0.38472733616481974,-0.0007980623713074175,0.09921725011236349,0.6806852226871645,-0.015330380449364855,1.0251051888959468,0.0,0.14544121905396326,0.033464767091095915,-0.012787798663460692,1.1005801468511907,9.408093478313617e-05,-0.027834551630129267,-0.00876853503164654,0.0005558272078394211
Loke (2015),2015-09-16,Category 1,0,None reported,Not reported,0.0,6,2015-09-16,0,0.018841203769255577,22.540000915527344,-0.0007867670168999474,0.4103029272924834,-0.37364816778582643,-0.08247877672087556,1.0948186580499284,0.013556107034817355,0.2518601668538651,-0.533375155636773,-0.08720317000122235,0.5945917909700633,0.021388494176871387,0.34328154496773944,-0.37851958941927955,-0.07436696491572636,1.0220229949784634,0.018359339661218055,0.31044807710452677,-0.5166882938636987,-0.044179567562427025,0.9631170091072772,-0.016291120200736864,0.029884838688760795,-0.006097275982775208,-0.014613163435355347
Oho (2015),2015-10-05,Category 1,0,None reported,Not reported,0.0,3,2015-10-05,0,0.03717943975228888,20.940000534057617,0.06629935372316664,0.30376254638786154,0.1710592110636533,-0.015294262609925502,1.2168652376961826,0.01951986003403383,0.15789297261510327,0.2631570887973096,0.0,0.5982249356330321,0.018851004031511742,0.20626552804488232,0.5097597366344504,-0.03137971748386481,0.985045171981154,0.03235754732210383,0.20272432015829134,0.015082424897992164,-0.03498927831421972,0.957113218689987,0.019141249892123513,-0.009218606284230102,-0.011915986068207873,0.014531800054228494
Andres (2015),2015-05-28,Category 4,0,None reported,Not reported,0.0,7,2015-05-28,0,-0.0008455864026803983,13.270000457763672,-0.011912911634700651,0.14011922181787725,-0.11506214792115455,-0.050035901836515406,0.813133195671,-0.004254219007643001,0.13704610127618094,-0.4104911853080492,-0.007365935215436381,1.0918036075690802,-0.0024087012427604915,0.11944561314464451,-0.07121333567355947,-0.0052040933980720405,0.975202690905236,-0.003694377183964037,0.11374779819203483,-0.31116770408859906,-0.010136373269098331,1.0615840346959913,-0.0062353500420675445,-0.018425216958085855,0.004116860466471861,0.0012099890977183003
Blanca (2015),2015-05-31,Category 4,0,Baja California Peninsula,Not reported,0.0,8,2015-06-01,1,-0.008685666879565845,13.84000015258789,-0.022568490738523628,0.1390235455399406,0.023546191917769965,-0.054060392712184435,0.8112631193682128,-0.0015708444782320807,0.12871722158647195,-0.27776273198930423,-0.006696521270519673,1.0758070221231613,-0.010458658750737482,0.11722230641376968,-0.03930440317639283,-0.015212090237383458,0.9774636643418121,-0.019156436472992477,0.10660993275782514,0.5463420995207899,-0.024641800011633186,1.0648282901889052,0.0023272687908575396,-0.032297986260927614,0.015416642596870367,0.003723521840590327
Carlos (2015),2015-06-10,Category 4,0,None reported,Not reported,0.0,7,2015-06-10,0,-0.016374101735829094,14.470000267028809,-0.012405456614137944,0.11064252092741832,-0.047932164163552615,-0.04359678036028303,0.8716755012938512,-0.021929879686866105,0.12036275659200772,-0.13795933170104946,-0.051276078847726114,1.0035808695735733,-0.006835530169820414,0.10127144561729998,-0.03989241894062456,-0.011208450712720919,0.9376823886797815,-0.017891642471926317,0.09712801459655623,-0.23525873178177092,-0.031107846211855916,1.0508652258704605,-0.01095838786814085,0.012274347301712507,0.0013068212683422509,-0.0032945548248460854
Dolores (2015),2015-07-11,Category 4,0,None reported,Not reported,0.0,9,2015-07-13,2,0.0036767205660497293,16.829999923706055,-0.0008155156076369297,0.15449876258293407,0.11989107380789088,-0.04669869356758971,0.7549122244053126,0.013443579020066654,0.15465900496446985,-0.0695202648676787,-0.011047135614290049,0.7341711433748773,0.0040748471153477794,0.17310257667264725,-0.21313917632169077,-0.021056897867683944,1.062862711459638,0.0027770965844489126,0.13297910939684415,-0.09083978610557497,-0.033713645162758876,0.9747546006758018,-0.047628291725173355,-0.010186598600992802,0.005802933602847338,-0.010522575633745257
Guillermo (2015),2015-08-01,Category 4,0,None reported,Not reported,0.0,9,2015-08-03,2,0.017941052383023015,12.119999885559082,0.012698462462303217,0.2144841187357468,0.5399342665304552,-0.06922485276613477,0.999747727603772,0.026125943337932167,0.15727860324389184,0.013132514424753827,0.0,0.5365293117674365,0.010826130873692774,0.12980838961219016,-0.3207649446011046,-0.014464664081601741,1.0582808302738769,0.03001511094662379,0.1504286891308769,-0.2235121377318653,-0.01310504200263718,1.0369899304718455,0.014686055259033326,-0.0039439444256932354,0.0066076442903479915,0.010737097560016728
Hilda (2015),2015-08-06,Category 4,0,None reported,Not reported,0.0,10,2015-08-06,0,-0.0035577280925873644,12.510000228881836,-0.05286910302143033,0.20797446295069916,0.2715366529191836,-0.09873891372296573,0.9703897618693059,0.0016074025438275186,0.1372409887009589,-0.01073011036912963,-0.0135682410756095,0.5328622981883953,-0.0019777423279065953,0.10727690372431553,-0.27904518112494103,-0.013291944926185129,1.0565205681471006,-0.0007374203891103992,0.13322814937940866,-0.1280599098854217,-0.012922935024904825,1.057603067794835,0.01668050127004328,0.029982900152984104,-0.0046689244684740006,0.00018023227404917463
Ignacio (2015),2015-08-25,Category 4,0,Hawaiian Islands,Not reported,0.0,10,2015-08-25,0,-0.09753299109946745,40.7400016784668,-0.13202396781562165,0.32440621444716133,1.3247934500890426,-0.15875711283235006,1.113134933259148,-0.05078783711642276,0.19391560791503393,1.6419511020203865,-0.054719772241871745,0.5464208316246402,-0.1048261774747572,0.2244330289371118,2.4593996911409644,-0.11045616001549552,1.0532610927091282,-0.09019212088688422,0.2081074327777372,5.569670608400997,-0.09335035484901655,0.9768914033519095,0.05820581272570213,-0.041160321417428314,-0.00880354759853752,-0.004634062695315411
Jimena (2015),2015-08-29,Category 4,0,None reported,Not reported,0.0,10,2015-08-31,2,0.05160965194308109,26.049999237060547,0.0941924154917364,0.40895831907825675,0.42880270326052883,-0.06816876659430382,1.1659982513859368,-0.004843523918311221,0.23275440732081246,-0.40030385298595184,-0.05929825963452495,0.5616084712748329,0.04418935475648156,0.29052832146633606,-0.3179752975765061,-0.07114779169897734,1.0298784718872904,0.042716078579747574,0.26121308954734207,-0.4647486810800153,-0.05462183736244697,0.9463286055930678,-0.02347376244820265,-0.013623230883170745,-0.007321847292685368,0.010182723049985465
Linda (2015),2015-09-05,Category 3,2,Southwestern United States,Not reported,0.0,11,2015-09-08,3,-0.025699144272298136,27.799999237060547,-0.03974077188928227,0.40540348168184265,-0.32039614026783825,-0.0959463004586214,1.1217332654096428,-0.03532704845942125,0.24670146421083597,-0.1503987645936644,-0.10704168606461584,0.5875681083304368,-0.033290585845800025,0.3168649524597012,-0.18844457466448927,-0.10966998811301276,1.029459074400799,-0.01813259675293899,0.2805314840359917,-0.35374231451692517,-0.08001508548327696,0.9498357329713963,-0.02481895754057384,-0.004261087545292863,0.002101124240506902,0.0023187058513074454
Marty (2015),2015-09-24,Category 2,1,Colima,Not reported,0.01,4,2015-09-24,0,-0.025652077898396297,22.1299991607666,-0.04354806270815448,0.32109045452075113,-0.3706319355452071,-0.06010552249428047,1.1293368543295887,-0.01151403231974013,0.18856898334635774,-0.5905380189706111,-0.020878366356854472,0.6107016510329839,-0.02021010999999251,0.2468467529169217,-0.4268352846925997,-0.04167120611633246,1.0208111666826591,-0.038243798457371914,0.24039315711055947,-0.42883491896749026,-0.042455653213216094,0.9760249461751147,-0.01094840869970537,0.014860970270732854,0.01244317723269972,0.005399173512389388
Olaf (2015),2015-10-13,Category 4,0,None reported,Not reported,0.0,8,2015-10-13,0,0.018858314605272763,16.170000076293945,0.012046299353352774,0.3237383428334039,0.0869993899243291,-0.019311163011236365,1.2487072490245095,0.013070698612103193,0.14897884727550376,-0.3183586936102837,0.0,0.6049688567797535,0.008236164356422382,0.1891215899143945,-0.5006889112477124,-0.0074839530698038725,0.9861275936710909,0.03089416748128171,0.19942436546546408,-0.3829981515496955,0.0,0.9879629719185787,-0.003739015914396404,0.00568133468611598,0.011280663225696541,-0.01144275988136867
Patricia (2015),2015-10-20,Category 5,13,Jalisco; Colima; Central Mexico,Not reported,0.462,4,2015-10-20,0,0.01558078226228421,14.979999542236328,0.007722062465244095,0.30715858913366645,-0.053021050397702774,-0.022049243064708124,1.2326568509778453,0.01656099004839162,0.1341360398985717,0.012491879460721833,0.0,0.6142722199524474,0.01949716773257637,0.17735240038873987,-0.31696039915975693,-0.0008493999036920385,1.0023298217270875,-0.003786714845413708,0.1820269913333318,-0.41452293178058697,-0.0144221957675702,0.974956915767484,-0.05039375954986758,-0.03252954362024274,-0.007465773920584784,0.001129212325303719
Sandra (2015),2015-11-23,Category 4,0,None reported,Not reported,0.0,5,2015-11-23,0,0.017945658306760315,15.470000267028809,-0.0187735337144892,0.2636089551435008,-0.12813191497844711,-0.06302522042501502,1.245455155198414,0.0030049731041339456,0.1884858510450982,-0.058336858929159074,-0.02340775849430743,0.5720560907565547,0.01900071566342354,0.1669880702381343,-0.17899033660411856,-0.0024263213844938347,1.028660555935203,0.021398183855193098,0.11773987935647083,-0.3338914966066826,0.0,0.9862568546386136,0.00981243725748504,-0.003745894811042927,0.0028816458094742536,-0.009333979210990884
Alex (2016),2016-01-07,Category 1,0,Azores,Not reported,0.0,9,2016-01-07,0,-0.034526276636483,20.59000015258789,-0.030808174938170563,0.3200305725147002,0.08729281144117174,-0.06500328875001293,1.2252704961619345,-0.007543424305555102,0.15126126937646897,0.14571862117049972,-0.008449870005735938,0.49054040743422905,-0.04029909304860246,0.22067010394710007,0.31547385025690877,-0.04890600105652032,1.1988090718260773,-0.03314591074719664,0.17329814276273178,-0.24425400183787127,-0.04122557031822205,0.907962829177174,-0.00334041440947197,0.026458809810064543,-0.013128610414195663,-0.003210011284995984
Earl (2016),2016-08-02,Category 1,89,Belize; Mexico; Guatemala,Not reported,0.1,5,2016-08-02,0,0.000876698272322507,12.4399995803833,-0.03251690435050825,0.19901081505760101,1.5427539580545364,-0.06271604694223154,1.1508981096517055,-0.0011493789603895799,0.133124084417985,-0.19071408887047048,-0.015666355108791663,0.09683199184455385,-0.002537210852878169,0.09269670564964459,-0.16176882937980475,-0.004221761850459971,1.369944460970813,-0.008381731257728564,0.10351554915247534,-0.275656600216585,-0.013780316889862476,1.1296221673070266,0.023084050597898864,-0.03362558202634103,0.016870566927389863,0.00416663164942932
Gaston (2016),2016-08-22,Category 3,0,Azores,Not reported,0.0,12,2016-08-22,0,-0.002510348452194333,11.34000015258789,0.016750750202977116,0.199990431399367,-0.3167596977479551,-0.008309715814735608,1.210633364898215,0.002993061378124162,0.13690587915642954,0.03143678695300545,-0.04556666891937555,0.041759571481019525,-0.0004163939227659341,0.09824975505397376,-0.09938130682973545,-0.002492704472841001,1.4400808289036366,0.0011874811357668325,0.07690316640368036,0.0417848955377611,-0.0003386644785856596,1.1469062774309526,0.004369730175386111,-0.016087442853216838,0.013689301547485822,0.0026432729422688483
Hermine (2016),2016-08-28,Category 1,5,Florida; East Coast of the United States,Not reported,0.55,7,2016-08-29,1,-0.005674009896790011,13.649999618530273,-0.0031612892663184233,0.15345174767242892,-0.11430465644675447,-0.02281693841632393,1.2201730319635078,-0.024801977087348215,0.14327529252376156,0.5542046620937131,-0.057526445358037415,0.07508177458224749,0.004165203091306413,0.09689556540302312,0.9493801262023405,0.0,1.412827430733113,-0.005256798502298765,0.07068553086010945,1.035618684909486,-0.0064362366847994235,1.1499394919200048,0.0007970101084249226,0.00944419008333619,0.005566632149341055,-0.008484646447021627
Matthew (2016),2016-09-28,Category 5,652,Haiti; Cuba; Bahamas; Southeastern United States,Not reported,10.7,12,2016-09-28,0,-0.0011583226173763617,13.100000381469727,-0.023075894220203286,0.23468038385765516,0.19206697124145045,-0.06327526958907115,1.3228292558356456,-0.010261897018414956,0.20843950327564376,0.12012902375831658,-0.016280643097161485,0.895637567137275,-0.011316469629964576,0.13697925293732077,-0.210671799485734,-0.032440605591088856,0.9995614333227005,0.0038162792531839518,0.15478736849863356,-0.4169836844882777,-0.012620252143631383,1.1044185233725914,0.020855786109973518,-0.053045674312620306,0.019679757833574896,0.004490301490365778
Nicole (2016),2016-10-04,Category 4,0,Bermuda,Not reported,0.04,15,2016-10-04,0,0.0009738018529024117,13.569999694824219,0.054865967477537136,0.27545365094553104,-0.3139515569454523,-0.011880960994940293,1.4175060404683075,-0.03688967076385152,0.21343641155063311,0.15960953520316523,-0.05256972629733492,0.8949347187545138,-0.000520315850023545,0.15544915720037586,-0.4507797870655824,-0.031367271072871405,1.0269439197144234,0.0096765547640143,0.16127402553358544,0.046658610970129466,-0.0013715077882819893,1.0747284899163236,0.021000266282249047,-0.0009438756586244157,0.018783167428993996,-0.010055696375369516
Otto (2016),2016-11-20,Category 3,23,Nicaragua; Costa Rica; Panama,Not reported,0.19,6,2016-11-21,1,0.008818814414347065,12.850000381469727,0.018324772005762657,0.18083840411389634,-0.25905852869636103,-0.009607510708406819,1.283139373876831,0.00630385082251661,0.22329762516332047,-0.5072709599822594,-0.06352429279839955,0.8628937572862754,-0.0018019896072540842,0.24231664320510415,-0.031113409116447888,-0.0018019896072540842,1.10128955816101,-0.00016331560969418124,0.15518950281773414,-0.3973444152160367,-0.003900311651486299,1.0756408852191757,-0.030780294572874123,0.02839886894861543,-0.004801267543813714,0.007905608547573273
Pali (2016),2016-01-07,Category 2,0,None reported,Not reported,0.0,8,2016-01-07,0,-0.034526276636483,20.59000015258789,-0.030808174938170563,0.3200305725147002,0.08729281144117174,-0.06500328875001293,1.2252704961619345,-0.007543424305555102,0.15126126937646897,0.14571862117049972,-0.008449870005735938,0.49054040743422905,-0.04029909304860246,0.22067010394710007,0.31547385025690877,-0.04890600105652032,1.1988090718260773,-0.03314591074719664,0.17329814276273178,-0.24425400183787127,-0.04122557031822205,0.907962829177174,-0.00334041440947197,0.026458809810064543,-0.013128610414195663,-0.003210011284995984
Blas (2016),2016-07-03,Category 4,0,None reported,Not reported,0.0,8,2016-07-05,2,0.05170357680948601,14.770000457763672,0.0612621075236508,0.2642193170695343,-0.16174497842346858,-0.007164781182668278,1.170264190114893,0.02841478283472454,0.10302937645522692,0.35386078564477574,0.0,0.12194191920779918,0.060139645337355496,0.2918943338714164,-0.35739723638543397,-0.03333666422934756,1.3766069377663792,0.05819238913712943,0.22885767901487664,0.5472178511817731,-0.011376961867455626,1.0993866798847869,0.002835802671408816,-0.051997168549827055,0.010584637805818753,0.012441174494666862
Celia (2016),2016-07-12,Category 3,0,None reported,Not reported,0.0,5,2016-07-12,0,0.023943283903063328,13.539999961853027,0.009223534566937142,0.2548683032106951,-0.33973124439641045,-0.016953965096700774,1.1476182883382227,-0.006998595073152258,0.12971939663003676,0.00648428157553016,-0.009059911986546987,0.14466291625401348,0.029018241311331572,0.30171301572312165,-0.4163168501417095,-0.012001372838031377,1.3595798673564063,0.03430314494590658,0.23369229102333325,-0.07211921860686843,0.0,1.115716052023067,-0.014831286127853338,-0.0003616585846140108,0.005799028272481355,0.0036942937715260804
Darby (2016),2016-07-11,Category 3,0,Hawaiian Islands,Not reported,0.0,15,2016-07-11,0,0.013004893219074498,13.199999809265137,-0.01297348092787709,0.2552403984035619,-0.21869950300402774,-0.018837748215786987,1.1542839486738254,0.0011431661783198876,0.1298781905386375,0.14186780008585798,-0.008304861686088016,0.14482549744694875,0.007915861343023911,0.3022122253448701,-0.23288701479911322,-0.01757368316966701,1.3591635471567,0.018508283862494368,0.23755790625729442,0.005747607332987403,0.0,1.1130588875196499,0.007121269812195408,-0.020771849677733045,0.009756369105269114,0.004127220224852124
Frank (2016),2016-07-27,Category 4,0,None reported,Not reported,0.0,8,2016-07-27,0,-0.0015663104139755912,13.050000190734863,-0.020933221857740048,0.18459603240790365,-0.00779385257926446,-0.031214129453548622,1.1666101862077911,0.00869376848999659,0.14968939627790484,-0.13682483252782918,-0.014533680855394304,0.07165911031681761,0.0,0.14416581448957266,-0.42080049459600644,-0.0012666406163777122,1.3696784640779507,-0.0054442176009738,0.1329605929518698,-0.3154163120901379,-0.0054442176009738,1.1355544061507736,0.006518462104304068,-0.0005608375010244249,0.001147011144302157,-0.00735957842683943
Georgette (2016),2016-07-19,Category 4,0,Hawaiian Islands,Not reported,0.0,9,2016-07-19,0,0.006792472327921351,12.4399995803833,-0.003452468025382016,0.2677356203287327,-0.32391941343207753,-0.003452468025382016,1.1507277026931413,0.007145314411120873,0.1413756356402554,-0.2728370138793258,-0.015666355108791663,0.07991818492632734,0.01113953553684044,0.29986782845773857,-0.46016946079605703,0.0,1.3638502323371582,0.008947153792429274,0.2347501332015569,-0.6238344232742863,-0.0010221869289129826,1.1295525129920971,-0.0249445257778671,0.00029121514608276833,-0.0008962281192266275,-0.006169453506518763
Lester (2016),2016-08-24,Category 4,0,Hawaiian Islands,Not reported,0.0,18,2016-08-24,0,0.002747576592983636,12.380000114440918,0.007473982301001492,0.20189229509929718,-0.2399029878911827,-0.012816890833149963,1.2183645462190034,-0.0017903945136497068,0.13108821234891482,-0.335791055053267,-0.037775412045307766,0.043438233219045386,0.0,0.0981936955067539,-0.15085839263397094,-0.001246352236420556,1.4390205282981778,0.0027181393212094562,0.06970880578361612,0.07341100520533894,-0.0003386644785856596,1.14934175665051,-0.01646438624619484,-0.016383269786248045,0.024213070186726804,-0.002091398169203895
Madeline (2016),2016-08-26,Category 3,0,Hawaiian Islands,Not reported,0.0,8,2016-08-26,0,-0.003843565546190253,13.630000114440918,-0.011219873675882841,0.20175825988401855,-0.27484509581063,-0.019436355528894667,1.2196308393682567,-0.0015912998114223642,0.1265713278388373,-0.46691740865827447,-0.03758349461958699,0.04378791295219513,0.0029157363034351125,0.09782681871695306,-0.18918122485163236,0.0,1.4258250305848357,-0.0032191318055335705,0.06977102560496484,0.13531650344319557,-0.003556706078524763,1.146854126440587,-0.0092939194410252,0.004796341379218916,0.014108898667395842,-0.0003675720988283171
Newton (2016),2016-09-04,Category 1,4,Baja California Sur; Sonora,Not reported,0.01,4,2016-09-06,2,4.585793719669162e-05,11.979999542236328,-0.011023641411942897,0.15036282227770123,-0.21403615052171754,-0.027042001667669235,1.1880801337028242,0.0016148455073732304,0.15575697170237082,0.16954188330673214,-0.024950580131968714,0.1007364010410626,0.010279577222704228,0.06666797524362746,0.8281816649500757,0.0,1.4063720820015198,-0.002539069015696671,0.06051445655439364,0.46202271215250135,-0.002539069015696671,1.1454147108245538,0.0016653460567116474,-0.004016326538828663,-1.8377884337339445e-05,-0.0034723361340078807
Orlene (2016),2016-09-11,Category 3,0,None reported,Not reported,0.0,7,2016-09-12,1,-0.02330879130173069,17.5,0.008975104355606334,0.1948254173291233,0.6177457310127499,-0.029788286167450884,1.205159325428719,-0.023574424648676096,0.21060324070989417,0.8730873535644985,-0.047936809209382925,0.3153255954618874,-0.021571184114129394,0.09307422918828984,0.646109958805348,-0.021571184114129394,1.3131781885719471,-0.030714229093447454,0.11788679820492488,1.3064129691989756,-0.03317531256171191,1.1443400469457872,-0.027986759817732354,0.025880605492944464,-0.008952926790824378,-0.003180985231604261
Paine (2016),2016-09-16,Category 1,0,None reported,Not reported,0.0,5,2016-09-16,0,0.009377522837612062,16.299999237060547,-0.018508231056149183,0.21715444939715284,0.04488415840736559,-0.04774518874044631,1.230319583976951,0.015270003012629596,0.20701493539080193,0.6329356325962698,-0.03320929742655665,0.4070636316165228,-0.0033275576375692006,0.12058553590570603,0.34626879386200615,-0.02482696239324833,1.27728804707156,0.004902101542036075,0.13722745047035367,0.3679580836370868,-0.028435839770541982,1.1240063807871414,-0.009462327163820339,0.021826278543696453,-0.0022544102825248213,0.007329041537794678
Ulika (2016),2016-09-17,Category 1,0,None reported,Not reported,0.0,7,2016-09-19,2,-0.008746005649058808,15.369999885559082,-0.035975570768418064,0.21705793725502923,0.09692013048723358,-0.05543311319213973,1.2300942235434298,0.007300162534804144,0.2068722987253186,0.4189146160772048,-0.014285068867261663,0.40131696893433194,-0.023738384753134723,0.12533571497777585,0.41625994433167746,-0.03406912718854871,1.2691429683797852,-0.016086603702253566,0.1394220290209112,0.3999765577194849,-0.036571014442738026,1.1360327235420957,-0.0049277407159763476,0.017417854618352324,-0.016317903115440235,0.006839095300581022
Seymour (2016),2016-10-23,Category 4,0,None reported,Not reported,0.0,6,2016-10-24,1,0.007533558360719006,13.34000015258789,0.010509995480065148,0.2091136487812187,-0.05594731312799128,-0.021332872198151387,1.3706061326474244,-0.00020843389710301086,0.1468665891967941,0.09975062117530031,-0.05530438829575324,0.9854035946167233,0.01655441747152331,0.1246437114392396,-0.2767016596237186,-0.0035497484885333996,1.0025122501733619,-0.0015770283121423478,0.09870406669117332,0.04708964310598929,-0.024644848602261127,1.0501245800332581,-0.00854449642361177,0.036834130971300505,0.012411632917359583,0.01281577529190181
Franklin (2017),2017-08-06,Category 1,4,Yucatan Peninsula; Veracruz,Not reported,0.03,4,2017-08-07,1,0.002593451181819084,10.029999732971191,-0.014710744952701638,0.11239343416392085,-0.36199401550250376,-0.014710744952701638,0.4943001024590591,0.010522230905034569,0.08196587822513818,0.7091732008954239,-0.004442971760345582,0.22605915539175803,0.01195679916382919,0.08856868940864226,0.001108567366137958,0.0,1.0298943033180465,0.008344613964648584,0.05244885181490672,0.4965433675865567,-0.007921558666900808,1.0159992095326487,-0.015972794305776028,0.007218981564556803,-0.005679907700096187,0.0008649905534774405
Gert (2017),2017-08-12,Category 3,0,None reported,Not reported,0.0,5,2017-08-14,2,-0.015128796099285746,15.510000228881836,-0.01842187164678255,0.120312058652781,0.12718856295776249,-0.04022845438803202,0.48194354041281673,-0.003892574438439156,0.08421226916509325,-0.04408915199937746,-0.007938133937816061,0.2191977424851393,-0.024457772686143242,0.10320022040004986,-0.004814478924332621,-0.025994240215754583,0.8243190930780046,-0.01480837381755662,0.06370611170380334,0.10940434963584011,-0.02204939737262057,0.9597944139761209,-0.012686948565022726,0.026790438677191775,-0.005977661485738084,-0.004340220098823844
Harvey (2017),2017-08-17,Category 4,107,Texas; Louisiana,Not reported,125.0,15,2017-08-17,0,0.013045776752802052,11.739999771118164,-0.022685123828703135,0.10746061690734712,0.1580124555837319,-0.05583946508273596,0.36791657614912104,0.009433836858232292,0.0841113760290319,-0.279316968963883,0.0,0.20353051932324065,0.008457535824870854,0.11513933764052982,-0.2945904040722389,-0.01378461422478594,0.8501948315460276,0.011648720191498763,0.07471384350004451,-0.20363168197219128,-0.004353186654984298,0.9200220074729175,0.007747384713504557,0.010693942083933372,0.0015799479619760248,-0.007261652153542464
Irma (2017),2017-08-30,Category 5,134,Leeward Islands; Cuba; Florida,Not reported,77.2,13,2017-08-30,0,0.0011857221167577148,11.699999809265137,-0.0006380525441397333,0.10071420476388215,-0.31773745036708223,-0.056057920256465055,0.5543199994603706,0.0021817189416744043,0.06737468409274214,-0.13450183897759393,-0.0021725147476593376,0.17917251333591883,-0.00687148084545286,0.12094689826538625,-0.1143142442403492,-0.03229614899552269,0.8989785571451415,0.00830971230302846,0.11489696334031707,-0.15966750457274004,-0.013501784810505013,0.9894568702487094,0.035119278729464964,-0.0009486725701777221,-0.03551869404699204,-0.006280222727335971
Jose (2017),2017-09-05,Category 4,0,Leeward Islands; New England,Not reported,0.0,20,2017-09-05,0,0.013370321769242688,10.130000114440918,0.01371174037747891,0.10034712943148222,-0.03547020775383636,-0.023948338751968334,0.6174362998695194,-0.007965673644017457,0.06566441019550083,0.2654266226168043,-0.007965673644017457,0.15402676657675454,0.004868181908087799,0.11997362222712964,-0.10724015760169459,-0.022879854740013528,0.8974513606038179,0.015712964843795252,0.11500123283339506,0.7224314933246709,-0.005226742573941068,0.987194750640361,0.0069351943928741555,-0.01694359543850954,0.00729933684709283,0.003835102107615951
Katia (2017),2017-09-05,Category 2,3,Veracruz,Not reported,0.02,4,2017-09-05,0,0.013370321769242688,10.130000114440918,0.01371174037747891,0.10034712943148222,-0.03547020775383636,-0.023948338751968334,0.6174362998695194,-0.007965673644017457,0.06566441019550083,0.2654266226168043,-0.007965673644017457,0.15402676657675454,0.004868181908087799,0.11997362222712964,-0.10724015760169459,-0.022879854740013528,0.8974513606038179,0.015712964843795252,0.11500123283339506,0.7224314933246709,-0.005226742573941068,0.987194750640361,0.0069351943928741555,-0.01694359543850954,0.00729933684709283,0.003835102107615951
Lee (2017),2017-09-15,Category 3,0,None reported,Not reported,0.0,15,2017-09-15,0,0.01423463448014739,10.4399995803833,0.033384975780126336,0.10073853116800603,0.1765583847957619,0.0,0.604464743354344,-0.004877334408856515,0.09439027779600188,0.06469532581061688,-0.01325466069569703,0.16482538151816128,0.029045479927491735,0.145869179981942,-0.14091952896586002,-0.002012061468745885,1.0117443558029495,0.01684486290246423,0.08756736168844569,-0.28107460229441605,0.0,0.9854178611049625,0.019653089904100307,-0.028765792939921875,0.025642073535631305,0.018596132704274515
Maria (2017),2017-09-16,Category 5,3059,Dominica; Puerto Rico; Turks and Caicos,Not reported,90.0,16,2017-09-18,2,0.004882221393121666,10.170000076293945,0.02610436553041695,0.10073703360647504,0.06288181264370718,0.0,0.6046105041142734,-0.011864800394197128,0.09244785315129343,-0.12477714970554721,-0.011864800394197128,0.1618395027277207,0.014408939631179729,0.14615495746459667,0.06750221629828057,0.0,1.0086831480295604,0.012304485624800243,0.08532386128172317,0.05091738824442782,0.0,0.9860354928600721,0.034167641875669896,-0.005509674228020733,0.016731179526326856,0.017064447576124242
Nate (2017),2017-10-04,Category 1,45,Nicaragua; Honduras; Louisiana; Mississippi,Not reported,0.79,5,2017-10-04,0,0.011237803734220453,9.510000228881836,-0.0005845011262731736,0.08726290905392448,-0.44400755679112847,-0.0014601336472965798,0.623824253836634,0.0017009718781384464,0.11947899977122527,-0.23711192084961352,-0.04362981148371059,0.052887367475073103,0.01828767609736026,0.11892873637625491,-0.18519766749356936,0.0,1.2313046806959937,0.01369495484678751,0.04433138254140996,0.38057220453268403,0.0,0.9520747084661233,-0.006030408353125072,0.006292564107664322,0.0030172889120092528,-0.006929308737551931
Ophelia (2017),2017-10-09,Category 3,3,Portugal; Ireland; United Kingdom,Not reported,0.1,9,2017-10-09,0,0.008124286257693791,9.649999618530273,-0.005696831353629417,0.08076655657219879,-0.020284988944394344,-0.008448827591970853,0.6434696814617742,0.005457163628335149,0.11422445895954118,-0.1734126105711976,-0.035688400082523275,-0.007650728148917574,0.010352505965455672,0.08134570562132626,0.2391407487974797,0.0,1.311093817047805,0.006295075216939061,0.04188950515508034,-0.45406884745206955,-0.0001391202614232645,0.9469670434722129,-0.0041030527399990024,0.004629802165850183,-0.0033718303298675423,0.00029867704485941893
Dora (2017),2017-07-24,Category 4,0,None reported,Not reported,0.0,8,2017-07-24,0,0.005497898415477875,9.359999656677246,-0.003214838934592623,0.14028235136043163,-0.18398949310485002,-0.016019336734922285,0.49824869563215834,0.02166453038451044,0.09426269502804227,-0.18893721583325696,-0.005226694297001733,0.27399481965604644,-0.001610496771418779,0.10271317647355006,-0.4060310138611849,-0.01077001782908038,1.0131274975232911,-0.008790929937700476,0.08825816669725736,0.13591273177260232,-0.0093617955780112,1.028615631680529,0.025283358845846537,0.008348183362578254,0.007428356689862969,-0.0044602510564027975
Eugene (2017),2017-07-27,Category 4,0,None reported,Not reported,0.0,8,2017-07-27,0,0.0013353856376308038,9.600000381469727,0.0018247590426423432,0.14560323503125977,0.34607269074291835,-0.004382763484258145,0.5261600831545913,0.0015117095076819798,0.08982823922156853,-0.2545516336911362,-0.005629934644743595,0.2666424374662414,0.01008068112769367,0.10050188589544312,-0.10553182314164988,-0.006740876331823409,1.0031111391571386,-0.004063403519667275,0.07765143165954634,-0.006631943557305897,-0.01152259834231506,1.0279198537635388,-0.01585848453830807,0.01791384075321867,0.013415827096969979,0.008445051366964496
Fernanda (2017),2017-07-13,Category 4,0,None reported,Not reported,0.0,9,2017-07-13,0,0.014383823438932186,10.300000190734863,0.00998287131093667,0.16076809285677493,-0.18696095754542164,-0.023378756664866995,0.5042623235685832,0.007968778401959753,0.08615116270278288,-0.048585375026443445,-0.04158229029611571,0.2413015997196124,0.0,0.12167820359707007,-0.33821612747531815,-0.007578844745463331,1.2168743609945178,0.015411691878973732,0.10240390931667773,-0.2748176705426598,0.0,1.0623180040243108,0.0005719786504976287,0.012835472391833136,-0.020153904493407926,-0.014147268802925494
Hilary (2017),2017-08-11,Category 4,0,None reported,Not reported,0.0,8,2017-08-11,0,-0.014752870036781274,16.040000915527344,-0.019500024269013094,0.1184978114769156,0.09592159278830592,-0.03392390933812173,0.48284432935195354,0.005206662563267184,0.07968968657138296,-0.0018090316619472357,-0.0020305442054658895,0.231153806988214,-0.022055613904916394,0.10281966763532152,0.433810367737649,-0.022055613904916394,0.8286606011836846,-0.01538915878371061,0.0633972191891955,0.18152149787775085,-0.023188811326471992,0.9519344138963417,-0.019560415869602332,0.019918210791091684,0.0013279047782256415,-0.0046866616732991195
Irwin (2017),2017-08-22,Category 3,0,None reported,Not reported,0.0,6,2017-08-22,0,-0.014644280095323814,13.1899995803833,-0.023775725748556464,0.10135036095304929,-0.2626353437829809,-0.06934873702281197,0.5175778305655389,0.006439814536767896,0.07421416431410789,-0.43572829559217596,0.0,0.22261989106581007,-0.021522328459898987,0.12091296086387598,-0.1424542467096418,-0.03308355421040865,0.9176726070392218,-0.016953862950923715,0.09836817883854351,-0.2653196919340344,-0.023519053096952902,0.9551652518747904,0.006089296822038293,0.00787655195633552,-0.0076687198462001005,0.0012277804867769637
Kenneth (2017),2017-08-30,Category 4,0,None reported,Not reported,0.0,9,2017-08-30,0,0.0011857221167577148,11.699999809265137,-0.0006380525441397333,0.10071420476388215,-0.31773745036708223,-0.056057920256465055,0.5543199994603706,0.0021817189416744043,0.06737468409274214,-0.13450183897759393,-0.0021725147476593376,0.17917251333591883,-0.00687148084545286,0.12094689826538625,-0.1143142442403492,-0.03229614899552269,0.8989785571451415,0.00830971230302846,0.11489696334031707,-0.15966750457274004,-0.013501784810505013,0.9894568702487094,0.035119278729464964,-0.0009486725701777221,-0.03551869404699204,-0.006280222727335971
Otis (2017),2017-09-04,Category 1,0,None reported,Not reported,0.0,3,2017-09-05,1,0.013370321769242688,10.130000114440918,0.01371174037747891,0.10034712943148222,-0.03547020775383636,-0.023948338751968334,0.6174362998695194,-0.007965673644017457,0.06566441019550083,0.2654266226168043,-0.007965673644017457,0.15402676657675454,0.004868181908087799,0.11997362222712964,-0.10724015760169459,-0.022879854740013528,0.8974513606038179,0.015712964843795252,0.11500123283339506,0.7224314933246709,-0.005226742573941068,0.987194750640361,0.0069351943928741555,-0.01694359543850954,0.00729933684709283,0.003835102107615951
Max (2017),2017-09-13,Category 1,3,Guerrero,Not reported,0.01,2,2017-09-13,0,0.012758127742265035,10.579999923706055,0.006772483859214473,0.12157897077029571,-0.23724286523734983,0.0,0.6566199361182198,0.0038393479354585924,0.09303674154028056,1.0616420644679803,-0.01665783784038566,0.16550729862774188,0.020987516821177943,0.15919598100969842,0.23030909034438607,-0.011159799172915763,1.0225686780852543,0.018998508226842015,0.1103726802632522,-0.19756511831541634,0.0,1.0098396121024218,0.017979571661605798,-0.014416154875590448,0.02187483631511844,0.01851761365866733
Norma (2017),2017-09-15,Category 2,0,Baja California Sur,Not reported,0.0,5,2017-09-15,0,0.01423463448014739,10.4399995803833,0.033384975780126336,0.10073853116800603,0.1765583847957619,0.0,0.604464743354344,-0.004877334408856515,0.09439027779600188,0.06469532581061688,-0.01325466069569703,0.16482538151816128,0.029045479927491735,0.145869179981942,-0.14091952896586002,-0.002012061468745885,1.0117443558029495,0.01684486290246423,0.08756736168844569,-0.28107460229441605,0.0,0.9854178611049625,0.019653089904100307,-0.028765792939921875,0.025642073535631305,0.018596132704274515
Beryl (2018),2018-07-04,Category 1,0,Lesser Antilles,Not reported,0.0,11,2018-07-05,1,0.005755081100926596,16.139999389648438,-0.003704776577589497,0.194493893419203,-0.368168614171983,-0.0194232345705867,0.7678995041613963,0.011175218800966169,0.08300959691540376,-0.38070320807370184,0.0,-0.0897773604664467,0.004552204588582409,0.08385394619360155,-0.5022941959814831,-0.05289485281782624,1.0008326989966265,0.0025214761430598642,0.10966318625192654,-0.41468940932656184,-0.06192783125011925,1.1201665163908279,-0.014279037386883298,-0.027280707056939413,-0.0018211846240094864,-0.0026183806792394737
Chris (2018),2018-07-06,Category 2,0,Newfoundland,Not reported,0.0,6,2018-07-06,0,0.008195043707090566,14.970000267028809,-0.0034449065266511925,0.18557098904494498,-0.3130220209190807,-0.020465102527198575,0.7751922876749102,0.016962103049858124,0.08259678564417938,-0.3476556170452838,0.0,-0.0806060196662559,-0.0018804639034160076,0.0829944341023979,-0.33335617305118737,-0.05074895307101679,0.9706987634015375,0.006015615234762128,0.11029542157862599,-0.2980720757770732,-0.057339683054063784,1.1076850528548716,-0.0073431236426786395,-0.02698906233276932,-0.0035172469965460973,0.006893665935341797
Florence (2018),2018-08-31,Category 4,57,North Carolina; South Carolina,Not reported,24.0,18,2018-08-31,0,0.00970422991875508,13.529999732971191,0.006439829266101427,0.17135839764230917,-0.18400832028877545,-0.013932437772361639,0.9230786730650098,-0.0005579740604909622,0.08648810541644572,0.04327286535975938,-0.015040081030968988,-0.23872214447707682,0.004249154731909677,0.11604053961731922,0.009614818042109174,-0.009084433656566415,0.90636173016783,0.004301442020972157,0.11183233334223035,0.037105639497025944,-0.008237752064543025,1.2560987606596532,-0.01482139813255312,0.02444469843583319,0.006553577519371356,0.019156102824283816
Helene (2018),2018-09-07,Category 3,0,United Kingdom; Ireland,Not reported,0.0,11,2018-09-07,0,-0.007371822462169941,14.649999618530273,-0.029459071406009674,0.17794558377586164,0.24073255101430036,-0.03293945737426385,0.9646281953118484,0.019925399705947644,0.09954912142833983,-0.026293573338945664,0.0,-0.2873349421414836,0.0,0.11356614162814754,-0.10260222386842222,-0.009084433656566415,0.8931796078839809,0.010123283155299312,0.10750652947811054,-0.17802688827297686,0.0,1.1971013100103503,0.008650299303100795,-0.007708010627800688,-0.014934774657354377,0.007670181114376451
Isaac (2018),2018-09-07,Category 1,0,Lesser Antilles,Not reported,0.0,9,2018-09-07,0,-0.007371822462169941,14.649999618530273,-0.029459071406009674,0.17794558377586164,0.24073255101430036,-0.03293945737426385,0.9646281953118484,0.019925399705947644,0.09954912142833983,-0.026293573338945664,0.0,-0.2873349421414836,0.0,0.11356614162814754,-0.10260222386842222,-0.009084433656566415,0.8931796078839809,0.010123283155299312,0.10750652947811054,-0.17802688827297686,0.0,1.1971013100103503,0.008650299303100795,-0.007708010627800688,-0.014934774657354377,0.007670181114376451
Leslie (2018),2018-09-23,Category 1,1,Azores; Portugal; Spain,Not reported,0.03,20,2018-09-24,1,0.013726966211690117,11.680000305175781,0.01662265332846924,0.1030294347762567,0.30855839625932546,0.0,0.9070111676953554,-0.017308884269681135,0.12612349933503067,0.6061933976044405,-0.022512138210384003,-0.04496318245732194,0.026947916193694965,0.10746262901200108,0.596354854068349,-0.0038818395017151675,0.8853745582253136,0.016264356428878912,0.0741652029410485,0.7167463278979929,0.0,1.0772651300662033,0.005303091976582408,-0.004721836721786721,-0.02812593522902962,0.0034105665796801965
Michael (2018),2018-10-06,Category 5,74,Central America; Cuba; Florida; Georgia; Carolinas,Not reported,25.5,5,2018-10-08,2,-0.013402840083349798,14.819999694824219,0.004818400312068816,0.0952166316786632,-0.014942893453174566,-0.004258418898318572,0.7773223907607983,0.02210792433414488,0.16251851275752977,0.8923425818800881,-0.008753412788380932,0.10577743364812095,0.011195419069826684,0.1262357848492384,0.10567735708491677,-0.02952986082824116,0.8370827782568732,-0.0020229910675357843,0.0935689320062319,0.3645313363939884,-0.013375265950900328,1.0286243255399936,-0.014463096008449194,0.03035372327300212,-0.020064114622236673,-0.017698683069383048
Oscar (2018),2018-10-26,Category 3,0,None reported,Not reported,0.0,7,2018-10-26,0,-0.022334805017845905,24.219999313354492,-0.06360953240151501,0.2517866184736798,0.48551256847904334,-0.13896369294741828,0.9778564757740581,-0.003665484864809443,0.1787956091146861,0.38610966231673083,-0.015571480773947655,-0.0403393070982483,-0.038995040231005085,0.23369882895528496,-0.10519886360302622,-0.09081223893395096,0.9500944204971249,-0.04632462425821604,0.22475334976229688,0.33270619499163967,-0.12324144200774545,0.9665154257781541,-0.008478771376694505,-0.028845995903943877,0.019614551833420757,0.00262726421903392
Walaka (2018),2018-09-29,Category 5,0,Northwestern Hawaiian Islands,Not reported,0.0,7,2018-10-01,2,-0.0010302652502661713,12.119999885559082,-0.006036648220256735,0.11326013065655015,0.2618169599373903,-0.012387450291931001,0.9458326059664206,0.0011407702564882882,0.15448049274151182,0.0482044689708403,-0.03006517971914091,-0.021684678362199943,-0.02955657325302863,0.1175880456645886,0.46835227117682354,-0.0440869121498666,0.9824570402257473,-0.0029248146878190218,0.08976607390878241,-0.23181472495945477,-0.02000022337652707,1.198620015385151,0.01743988007205266,0.04408726578360611,0.03146002940322801,0.01390869753311541
Aletta (2018),2018-07-06,Category 4,0,None reported,Not reported,0.0,7,2018-07-06,0,0.008195043707090566,14.970000267028809,-0.0034449065266511925,0.18557098904494498,-0.3130220209190807,-0.020465102527198575,0.7751922876749102,0.016962103049858124,0.08259678564417938,-0.3476556170452838,0.0,-0.0806060196662559,-0.0018804639034160076,0.0829944341023979,-0.33335617305118737,-0.05074895307101679,0.9706987634015375,0.006015615234762128,0.11029542157862599,-0.2980720757770732,-0.057339683054063784,1.1076850528548716,-0.0073431236426786395,-0.02698906233276932,-0.0035172469965460973,0.006893665935341797
Bud (2018),2018-06-09,Category 4,0,Southwestern Mexico,Not reported,0.0,6,2018-06-11,2,0.011967984950689958,12.180000305175781,0.015583432615354997,0.20205387236794578,-0.2774998818509187,-0.025472232359367464,0.842671043605577,-0.02248553546104426,0.13856444337069607,-0.19463789261241538,-0.04510691792473398,0.14313723381945226,0.018498192430688176,0.17934662370325616,-0.05693513901605873,-0.009174360279779914,1.1149665440851073,0.01716598999804475,0.13709050174838147,-0.3190891562412068,-0.0003917485823290434,1.0091542115304482,-0.021650789088191735,0.034714804736101224,-0.014452356145957301,-0.016602329716160713
Fabio (2018),2018-07-01,Category 4,0,None reported,Not reported,0.0,7,2018-07-02,1,0.0010330984520885433,16.09000015258789,0.031233241980335613,0.1858496583235285,-0.10413033206551303,-0.010957705440697851,0.9113016821409113,0.007171975443110545,0.13598889035851722,-0.1644349192210145,0.0,-0.13237862424573854,-0.007094750456585475,0.10745722569473619,0.28781242950094166,-0.04896055772910157,0.9953585965996349,-0.0008370804065308546,0.11649288575337384,0.2877551399423066,-0.06100998450430162,1.1002546552249282,0.008185834642060241,-0.03181973085401768,-0.00868025533669714,0.0011275486261115297
Hector (2018),2018-07-31,Category 4,0,Hawaiian Islands,Not reported,0.0,13,2018-07-31,0,-0.005894977179568772,14.260000228881836,0.023311025753717463,0.139688287286928,-0.049281350145632286,-0.0014216691723439867,0.9619581103459947,0.004222926006693939,0.15039640458832196,-0.3778358451483289,-0.015986445494114432,-0.35868855783215703,0.004639718726954678,0.14759181401002047,-0.0018571320631664001,0.0,1.0893994655550678,0.013056904307487738,0.1354942807053304,0.14545658565431596,-0.009867183729938112,1.1577148275512943,-0.028592787510141493,-0.006204026758645842,0.000992908310051499,-0.020567402706516247
John (2018),2018-08-24,Category 4,0,None reported,Not reported,0.0,11,2018-08-24,0,0.0025610683393102462,12.40999984741211,0.019143610652639254,0.17495924692137502,-0.4784158885248916,-0.04219504806626084,0.8355203160873383,-0.01870843069640382,0.10024976378767549,-0.2147853580716853,-0.01870843069640382,-0.48658790802912205,-0.0010651057198390879,0.10554672752971564,-0.3622653133924224,-0.011590993136001981,0.9490889850931397,0.0014420081108528215,0.1421245353749803,-0.26905314916962364,-0.012538746959117275,1.2281868520871873,-0.01108077912995964,-0.014578319602100542,-0.006552510110060972,-0.004786318566025738
Lane (2018),2018-08-15,Category 5,0,Hawaiian Islands,Not reported,0.25,13,2018-08-15,0,-0.005464945057134463,13.3100004196167,-0.013504900834722777,0.12565714741538342,-0.08635426650735922,-0.03559456855799814,0.8762351739773124,0.0035863552783483854,0.09863915536170974,-0.2999079104111927,-0.003187172187027909,-0.37839609664195617,-0.017913430995562307,0.11406465455628534,-0.2173503385763338,-0.017913430995562307,1.104032949801095,-0.012210857819371479,0.13820559570483693,-0.24500366151685826,-0.021970639860124375,1.235480408078647,0.018351679393493248,-0.017816042025350143,0.0035267750142733423,0.007661133500256323
Miriam (2018),2018-08-30,Category 4,0,None reported,Not reported,0.0,9,2018-08-30,0,0.01990915364689183,12.25,0.01662159708333011,0.17209392000993504,-0.3255784648141309,-0.011172251241128417,0.9182441136557662,0.0033643395195688264,0.0949872280853535,-0.10579698231255441,-0.015407032689576106,-0.2516076478130011,0.015636208569655752,0.11306623206394338,-0.23308930614865764,-0.0013974500608213702,0.8911227961328834,0.01570870908221611,0.10773539872382613,-0.377087552658654,-0.0012871452538706363,1.2485167615185,-0.02029141344904628,0.016749495646513624,0.008243135578051675,0.016309288874379102
Norman (2018),2018-09-02,Category 4,0,None reported,Not reported,0.0,8,2018-09-04,2,0.0018294021803904048,12.859999656677246,-0.008656352446286819,0.17285407088398472,-0.2125272998372837,-0.02155618223952005,0.9320729869913137,0.001310626319183772,0.08813599230315015,-0.04663268621701566,-0.019259037710566362,-0.2327006926406558,-0.010132637540016365,0.11461757757574544,-0.20861287060380285,-0.010132637540016365,0.9078340227532027,-0.007594291636461747,0.11181020702150085,-0.2622627130031274,-0.007594291636461747,1.2548097520557038,-0.008417274189363,0.01230439958946139,-0.002294729283350394,0.014694106055042955
Olivia (2018),2018-09-01,Category 4,0,Hawaiian Islands,Not reported,0.01,12,2018-09-04,3,0.0018294021803904048,12.859999656677246,-0.008656352446286819,0.17285407088398472,-0.2125272998372837,-0.02155618223952005,0.9320729869913137,0.001310626319183772,0.08813599230315015,-0.04663268621701566,-0.019259037710566362,-0.2327006926406558,-0.010132637540016365,0.11461757757574544,-0.20861287060380285,-0.010132637540016365,0.9078340227532027,-0.007594291636461747,0.11181020702150085,-0.2622627130031274,-0.007594291636461747,1.2548097520557038,-0.008417274189363,0.01230439958946139,-0.002294729283350394,0.014694106055042955
Rosa (2018),2018-09-25,Category 4,2,Baja California; Arizona,Not reported,0.0,7,2018-09-25,0,0.004906217524063949,12.199999809265137,0.02476220316229827,0.11251524510736047,0.17945645089196138,0.0,0.8343877375442142,-0.024222121548699516,0.12829629832153105,0.030705606025682286,-0.031170391719872126,-0.008346675539762016,0.010480718678750334,0.10542856696365328,0.13754026779849138,-0.014972886101712435,0.917668580869548,-0.010149605142673379,0.09367299816087996,0.3106689276459329,-0.017125497595611883,1.1310701878695366,-0.00043827304564469927,0.02246973207805869,-0.02468607647998089,0.008440265648881562
Sergio (2018),2018-09-30,Category 4,0,None reported,Not reported,0.0,13,2018-10-01,1,-0.0010302652502661713,12.119999885559082,-0.006036648220256735,0.11326013065655015,0.2618169599373903,-0.012387450291931001,0.9458326059664206,0.0011407702564882882,0.15448049274151182,0.0482044689708403,-0.03006517971914091,-0.021684678362199943,-0.02955657325302863,0.1175880456645886,0.46835227117682354,-0.0440869121498666,0.9824570402257473,-0.0029248146878190218,0.08976607390878241,-0.23181472495945477,-0.02000022337652707,1.198620015385151,0.01743988007205266,0.04408726578360611,0.03146002940322801,0.01390869753311541
Willa (2018),2018-10-20,Category 5,12,Sinaloa; Nayarit; Durango,Not reported,0.825,4,2018-10-22,2,0.006741945366671054,19.889999389648438,-0.011880320114949217,0.1949828761671194,-0.1327012309440817,-0.08047301115651073,0.8408689735042592,0.02575225622392696,0.16592672192704808,0.42047035413769396,0.0,0.26983357463282187,0.013683032290719765,0.1999369542325614,-0.019166441436324955,-0.06157617483729827,0.9349952648904665,-0.011614817307370129,0.1895060095358597,0.0362998577779281,-0.08065303949963298,0.9989751813926575,-0.037205382276009225,0.03869947528775375,0.01678908723087036,-0.027740664445698338
Barry (2019),2019-07-11,Category 1,0,Louisiana,Not reported,0.6,4,2019-07-11,0,-0.0006356142863105374,13.029999732971191,0.016507828468857344,0.15790710787496656,-0.030051553805910625,0.0,0.9074172030924497,0.00461201802118083,0.11831441118939144,-0.27839724526923304,-0.0003277545706702467,0.10122789891708764,-0.003917450714244319,0.10632244301019783,-0.16804958389624547,-0.00674718480648584,0.9816162073367122,-0.016705155804233596,0.11974181921182299,0.11409186240226066,-0.016705155804233596,1.0805307340937125,-0.02488870222618378,0.005700911928141483,-0.0008851818262434197,0.0014733725780934348
Dorian (2019),2019-08-24,Category 5,84,Bahamas; East Coast of the United States; Atlantic Canada,Not reported,3.4,17,2019-08-26,2,-0.025587332419917064,19.8700008392334,-0.03980779516718913,0.28773078451049816,0.4419987322127259,-0.11033382991425766,1.0293248406900324,-0.004694888237338657,0.12430806455693982,0.1368238333796381,-0.01062134818272309,0.3293667021056163,-0.027570709953921635,0.27287340843022523,0.465025431679466,-0.08324549279534499,1.075426087972455,-0.025066337040302256,0.24249676058705802,1.5289360088415185,-0.07090175179457814,1.0048459762806008,0.00827985275569798,0.014606024039185428,0.0014920577552537395,0.0050126183157293
Humberto (2019),2019-09-13,Category 3,0,Bermuda,Not reported,0.0,6,2019-09-13,0,0.010870734997951326,14.220000267028809,0.026596718678811193,0.20735402490364055,0.20105312310361279,-0.006231662312301101,1.0538928292657235,0.008437793115076309,0.1137403247104013,0.3313824946927373,-0.00643152199859276,0.33254419397281815,0.0302478617154589,0.18113923414324898,0.33528088747047957,0.0,1.1006112031370883,0.022279282063131456,0.1796756612412158,0.753858844596772,0.0,1.0259484557724292,0.01720756123672651,0.027381675792312765,-0.0046087204464543285,-0.009453109563960727
Jerry (2019),2019-09-17,Category 3,0,Leeward Islands,Not reported,0.0,7,2019-09-17,0,0.0068091794904701075,14.670000076293945,0.03627697416079023,0.222853225946924,0.9629815784514688,0.0,1.0104671340484557,0.0065515393158201984,0.1152841018857308,-0.33674616416904624,-0.01192166988816068,0.33007193917739225,0.015379391525161878,0.17445202845739288,-0.31352099991225757,-0.0035099085075048775,1.1090830880896534,0.014589168121301732,0.1693476561807667,-0.25566621158285086,-0.0008823288663305506,1.0107978065268468,-0.009737890509722735,0.03726253622302933,-0.0024652910860621935,-0.00808561992192669
Lorenzo (2019),2019-09-22,Category 5,4,Azores; Ireland; United Kingdom,Not reported,0.05,10,2019-09-23,1,-0.0016742289234419339,15.319999694824219,-0.02042679093198496,0.1806230560014919,0.19064213109111616,-0.02042679093198496,1.0116221318300131,0.021812313171690967,0.10773779906758231,0.011367812270325128,0.0,0.315624335140387,-0.005877063333727173,0.12941901177219217,0.5442094867806284,-0.010408273747897878,1.1195578121294443,-0.013340174558908902,0.13229102889693284,-0.0420284455943154,-0.014210733004144216,1.0181539921246086,-0.029429027048999745,0.018291108897488972,0.00020713865873212,0.004442191432028286
Pablo (2019),2019-10-25,Category 1,0,None reported,Not reported,0.0,4,2019-10-25,0,0.008054378600846235,13.710000038146973,0.03524461077768137,0.20324228843989756,-0.15651625788320855,-0.009894220351860716,1.0840224318896434,0.01566908084255081,0.09588677745100725,-0.266390941324781,0.0,0.3388390627440339,0.013874398344785988,0.18422351507855178,-0.35022749104440876,-0.001401458313928683,1.120360533043299,0.015206798556760992,0.1723455418925864,-0.15155398324979896,0.0,1.0314113184707658,-0.01908494272006578,-0.016143848823334084,0.0017070112756840672,0.005557883183100243
Alvin (2019),2019-06-24,Category 1,0,None reported,Not reported,0.0,3,2019-06-24,0,0.020941715199480848,15.399999618530273,0.04259034996387867,0.19347010430204598,0.04857050266801677,0.0,0.9828906934128925,0.013800822527416656,0.14882208964244106,-0.16454680678362565,0.0,0.039214490033370006,0.013660472009811464,0.15278457659925554,0.5593479042405036,-0.002236073410465389,1.0531586927205372,0.03014221994797861,0.15766567121413483,0.0022951365625818454,-0.005329530150190331,1.1773539906979,0.005503876324124635,-0.03195676177111084,0.023368211241667547,0.00040024325977605635
Barbara (2019),2019-06-30,Category 4,0,None reported,Not reported,0.0,7,2019-07-01,1,-0.0021797717138908324,15.079999923706055,0.01143036368637107,0.17661972425120956,0.172133091793226,0.0,0.9711370459759103,-0.022619179775167475,0.1476623346434739,-0.08171852485968822,-0.022619179775167475,0.1003806287210332,0.018074317619109603,0.14002871326721608,0.7199028599556889,0.0,1.014727329861989,0.006369481870924121,0.14334659709331524,0.056736466376653194,-0.0009419112162769583,1.1348231326025033,-0.013642648345986386,0.01785818523396121,-0.0001621690564632683,-0.015369592723195713
Erick (2019),2019-07-24,Category 4,0,Hawaiian Islands,Not reported,0.0,11,2019-07-24,0,0.007691419605179162,12.609999656677246,0.012168007857932928,0.13255374757362073,-0.33594370942604,-0.01893231230516712,0.932447376229843,-0.014325556177987253,0.12800424703235805,0.15745953947992009,-0.022853216221089045,0.10877059058754283,0.01579881962581675,0.10659124359707474,0.1220243173453941,-0.0010591322346976684,1.0037569633359347,0.02080851721817978,0.1331352958148971,0.20982190647943266,-0.0010184021742424276,1.0939121024496223,0.0008598186997392787,0.007293778708557741,0.0017564989899176986,0.0004903708221246639
Flossie (2019),2019-08-27,Category 1,0,Hawaiian Islands,Not reported,0.0,4,2019-08-27,0,-0.007204711684531184,19.31999969482422,-0.027513162974024064,0.2831714236364533,-0.38831755768577036,-0.10651814632069123,1.0292913918062057,0.008432032677208268,0.12516117085432185,-0.32738251949306774,0.0,0.34752594929063724,-0.0049095517710592285,0.277587701683578,-0.44429733421908413,-0.07185634199136026,1.0782285513990164,-0.012070945091274154,0.2441276347182885,0.22261461331773047,-0.06404076422621396,1.0047364374865861,0.013502135285208494,-0.0017192740041553911,0.0021158328246333458,0.007757506854340068
Juliette (2019),2019-09-19,Category 4,0,None reported,Not reported,0.0,7,2019-09-19,0,-0.0006303611265862097,13.949999809265137,0.02227731358857543,0.23013094314860782,-0.3059721264482962,-0.018691569431142585,1.007039374192975,0.007420397677743162,0.11693432848792075,0.1656522738829933,0.0,0.32647940291302024,0.008843250264943814,0.16293065366859283,0.08069749824196926,0.0,1.1210873385819236,0.0025344442710475423,0.1670008501288821,-0.2499097111824149,-0.0028986810458054846,1.0136955834129433,-0.01697190895248235,0.02961868017271052,-0.0011296409975994903,0.0029298709219639507
Kiko (2019),2019-08-19,Category 4,0,None reported,Not reported,0.0,13,2019-08-19,0,0.0027076747331367113,18.469999313354492,-0.02363032334153581,0.2485754856499854,0.34839000747309745,-0.10190579484058904,0.9750213355653999,0.010370403287830676,0.11782377376226452,-0.134371489751955,0.0,0.3249760109395105,-0.0030020718627529197,0.264700892048555,-0.14481842760455332,-0.0738933609842799,1.0873536344498402,-0.0010751975001256353,0.22642240104729783,-0.1355448987624719,-0.057465298247813656,1.0083847285908139,-0.020877605878059646,0.021611337908072903,-0.0034441947760229796,-0.0030548477825077525
Lorena (2019),2019-09-17,Category 1,2,Baja California Sur; Jalisco,Not reported,0.01,5,2019-09-17,0,0.0068091794904701075,14.670000076293945,0.03627697416079023,0.222853225946924,0.9629815784514688,0.0,1.0104671340484557,0.0065515393158201984,0.1152841018857308,-0.33674616416904624,-0.01192166988816068,0.33007193917739225,0.015379391525161878,0.17445202845739288,-0.31352099991225757,-0.0035099085075048775,1.1090830880896534,0.014589168121301732,0.1693476561807667,-0.25566621158285086,-0.0008823288663305506,1.0107978065268468,-0.009737890509722735,0.03726253622302933,-0.0024652910860621935,-0.00808561992192669
Hanna (2020),2020-07-23,Category 1,5,Texas,Not reported,1.1,6,2020-07-23,0,0.018921672901992537,24.31999969482422,0.01558736196470556,0.4340096992607399,-0.2163940757016749,-0.012284206652481089,2.019921296741271,0.029381926865043484,0.20156783650578292,-0.1316134556603542,0.0,0.6748551998571288,0.006625283739730259,0.29410434734563484,-0.3825084020733591,0.0,1.5107785042231592,0.014950192263402329,0.2376962311080621,-0.34102150228452854,0.0,1.3402446049493995,-0.04339367397769878,-0.0022725766346591847,-0.015838231756789,-0.008896100198515056
Isaias (2020),2020-07-30,Category 1,16,Caribbean; Bahamas; East Coast of the United States,Not reported,4.8,7,2020-07-30,0,0.006688416195480995,24.100000381469727,-0.001060526152628527,0.3986055047940407,-0.27198451354800235,-0.015159396979767314,1.9303981580271532,0.0008240377548140998,0.17932965420379696,-0.4509883392017293,0.0,0.6605711311471077,0.005343076159228799,0.22597046145592425,-0.3981292685447102,0.0,1.5080629437940667,0.004280699077514827,0.20526404039773213,-0.30285191006051826,0.0,1.3635260460261351,-0.0063192650991534816,-0.037443666580099566,-0.01951994466534357,-0.006037682960898794
Laura (2020),2020-08-20,Category 4,47,Hispaniola; Louisiana; Texas,Not reported,19.0,10,2020-08-20,0,0.0011874830043339113,22.540000915527344,-0.02035402389530594,0.2633275793314671,-0.29460080353302776,-0.039398843385570315,1.8033017480693903,-0.01740258211347745,0.16661704804853233,-0.3712289173085247,-0.02667105129998648,0.5665952192339205,-0.019537460107358795,0.1669524184392068,0.34482876787360484,-0.028447197017944847,1.3205331237498683,-0.008804955189048003,0.15647652563082032,-0.32154730176650426,-0.014039245692066826,1.2033696187361027,-0.04239505203385874,-0.03678899701406846,0.00723692251168373,-0.004623451529906841
Marco (2020),2020-08-20,Category 1,0,Louisiana,Not reported,0.0,6,2020-08-20,0,0.0011874830043339113,22.540000915527344,-0.02035402389530594,0.2633275793314671,-0.29460080353302776,-0.039398843385570315,1.8033017480693903,-0.01740258211347745,0.16661704804853233,-0.3712289173085247,-0.02667105129998648,0.5665952192339205,-0.019537460107358795,0.1669524184392068,0.34482876787360484,-0.028447197017944847,1.3205331237498683,-0.008804955189048003,0.15647652563082032,-0.32154730176650426,-0.014039245692066826,1.2033696187361027,-0.04239505203385874,-0.03678899701406846,0.00723692251168373,-0.004623451529906841
Nana (2020),2020-09-01,Category 1,0,Belize,Not reported,0.02,3,2020-09-01,0,0.015082035537931526,26.40999984741211,-0.023287372428875908,0.2555950623003147,-0.05814476848450101,-0.07594603330793614,1.6158021618416176,-0.0020209430568848274,0.15320834946851586,-0.23596600638518161,-0.03642872211842729,0.5126041184117348,0.004006489966657423,0.1773594918024846,0.12540566848351586,-0.011829884643449251,1.2751376848118343,0.001029144049566444,0.15633097183742387,0.012618253005860725,-0.012437808310303278,1.1470664767595062,-0.008290063936843062,0.05767199920488919,0.026779710369300158,0.023098172816570894
Paulette (2020),2020-09-07,Category 2,0,Bermuda,Not reported,0.03,16,2020-09-08,1,-0.01929502043362663,30.75,-0.021879831510132175,0.21430920561522857,0.6927121842153516,-0.09616417840542768,1.1409535636864436,0.0020250355383961693,0.18268560058487546,0.34188377054035723,-0.034163151473959985,0.40299898187070987,0.009178273196157605,0.17344365304519588,1.1613028256517022,-0.00784620108258971,0.895957126093862,0.00038559928779435815,0.16440402171943005,0.951840102209855,-0.025782223627479506,0.9613471835360683,-0.04975656961869246,-0.002256408964020018,-0.018046557054587575,0.009617658505315374
Sally (2020),2020-09-11,Category 2,5,Florida; Alabama,Not reported,7.3,7,2020-09-11,0,-0.033295892500451174,29.709999084472656,-0.06832483510829646,0.26026803068870186,0.6702355363731316,-0.14663537474265187,1.1044949910283204,-0.015407842172800335,0.17561701268744578,0.37956786691803823,-0.0348054649325078,0.42216229808626204,-0.022310927677870573,0.20196418927607857,0.015135707724415859,-0.037269912661288984,0.8609669081514955,-0.014035736669569698,0.19160212644349467,0.44778073653325134,-0.041677438507023434,0.9060413642160363,0.03659522276924887,-0.0007117041196006424,0.0050315275301971996,0.02132094698459175
Teddy (2020),2020-09-12,Category 4,2,Bermuda; Atlantic Canada,Not reported,0.0,12,2020-09-14,2,-0.0248417181213767,26.8700008392334,-0.06452510580049542,0.2541228201707783,0.11744200013463524,-0.14584980052878993,1.1060948199205027,-0.007410921514710012,0.17415642207047335,-0.039845178133458004,-0.024175938328018676,0.4218809741814552,-0.022934111799938206,0.2032742949272827,0.2707458139724688,-0.030600367229695058,0.8600361733177707,-0.002954943016025391,0.1977813168917846,0.38676422969798385,-0.028660981641859262,0.9040151315308527,0.018701759989718014,0.003564380578991444,-0.009375390966511521,-0.0016394778889217143
Gamma (2020),2020-10-02,Category 1,6,Yucatan Peninsula,Not reported,0.02,5,2020-10-02,0,0.025279139245564686,26.700000762939453,-0.03810459254683418,0.3481361167356219,-0.02364171328416176,-0.1564436905751898,0.8773447986140924,0.021457909790927987,0.16904114802257938,-0.041777012105161826,0.0,0.5048235674290885,0.026394221347263658,0.2318672994536274,0.022107712016779857,-0.041415399315018475,0.6725864976912748,0.0033993409347883308,0.22208116597796893,-0.006300209771161969,-0.03290672931342731,0.8161461597605355,0.011524146404994218,0.007000787073115244,-0.0006991713167692204,0.0009726636672002797
Delta (2020),2020-10-04,Category 4,6,Yucatan Peninsula; Louisiana,Not reported,2.9,7,2020-10-05,1,-0.0010473025391752877,27.6299991607666,-0.05114957321906022,0.3540512625103402,-0.019557145535916476,-0.1456206602442197,0.805935697711656,0.03091552873624548,0.17173192202123366,0.26815180252305715,0.0,0.46066940777139376,0.010395084588957326,0.23204432103417422,-0.028249989380510376,-0.0338612180041028,0.6123195884031962,-0.0033392038352427766,0.22588650792861437,0.27187937209866786,-0.022070370545351325,0.78357637988815,-0.014766968021355131,0.0022531834604966328,-0.004497766023368044,-0.00799878170770807
Epsilon (2020),2020-10-19,Category 3,0,Bermuda,Not reported,0.0,8,2020-10-19,0,-0.014584532485608759,27.40999984741211,-0.02202800382602299,0.340210139420884,-0.29398212344549857,-0.05567729230421126,0.8422931210214503,0.0018784499131667687,0.130814833516278,-0.3331976038071718,0.0,0.4701925362582467,-0.020384046901039565,0.20598596781447256,-0.32884171826534714,-0.020384046901039565,0.6989548874332203,0.00529736032271888,0.1739572328830771,-0.22551404507888995,0.0,0.7807375241060551,-0.0007996218232565466,0.027673238233733133,0.010505038532847455,-0.010331573878618716
Zeta (2020),2020-10-24,Category 3,6,Yucatan Peninsula; Louisiana,Not reported,4.4,6,2020-10-26,2,0.01102269497591446,27.549999237060547,0.028426309897100044,0.3425960693558782,-0.0262456600325901,-0.02876322686229127,0.8414621851160402,0.02032767895397769,0.11627509968454477,-0.3459232754681266,0.0,0.5211764159001697,0.026005518168233488,0.1865619023903176,-0.18005155237641257,-0.010192147448615185,0.7144165926188558,0.007197092979773112,0.15659213960737076,-0.24667445142740396,-0.0052694461676676685,0.7877861697746715,0.04073000232067292,0.011938239568969777,0.012086152428766095,0.011662418727697021
Eta (2020),2020-10-31,Category 4,200,Nicaragua; Honduras; Guatemala; Cuba; Florida,Not reported,8.0,14,2020-11-02,2,-0.037862000922917916,38.02000045776367,-0.01979534432205754,0.36961640209433005,0.41065285828819076,-0.08213502000090933,0.9144656022858761,-0.03630457871304904,0.16296291537556956,0.5480448402506062,-0.036602222534467876,0.5678381234587797,-0.03322529893310222,0.21982110699699123,0.20326370580458963,-0.06468046517472159,0.7341303202655967,-0.0413188404853182,0.2272673440001786,0.3860446247464504,-0.07022022741520018,0.8408440623735292,0.03935797303811772,-0.0491457972415692,0.037292298166824,0.005667369042879455
Iota (2020),2020-11-13,Category 5,84,Nicaragua; Honduras; Colombia,Not reported,1.4,6,2020-11-13,0,0.008710321552416245,25.350000381469727,0.12996883482127997,0.6548490382637815,0.039950785020695934,-0.04219157670710594,1.0158262338480475,0.020427148764405656,0.20689176954983596,1.064393895148498,-0.01608824493679195,0.5243897981680434,0.0653045285767404,0.3882094596461995,-0.0425433441143066,-0.020626334307287997,0.8482670022319018,0.03147294713097626,0.30497284737769065,-0.17299058022426506,-0.019745312452799646,0.8687953204758334,0.0647010859189211,-0.03084853229519169,0.013284384239563019,0.018229763012744926
Douglas (2020),2020-07-20,Category 4,0,Hawaiian Islands,Not reported,0.0,9,2020-07-20,0,0.02185243702853179,25.68000030517578,0.03790654396949322,0.41568284552677803,-0.2793993564300762,-0.06617457174961772,1.9956444417078818,0.041155281021792556,0.20015654216705459,0.3219242860417726,0.0,0.6747326707833101,0.016553285043093613,0.3183762556411629,-0.3789666089513304,-0.008281824177026387,1.5176816091918268,0.054327200728533365,0.26864511217112497,-0.27100863205683035,0.0,1.3325100174162887,0.04413406049605584,0.005579445784140713,0.013039380783375298,0.017733574494048998
Elida (2020),2020-08-12,Category 4,0,None reported,Not reported,0.0,6,2020-08-12,0,0.0020775456045256657,24.030000686645508,0.020571729335062683,0.34160759269225927,0.14609983649129554,-0.003391826021935551,1.841663995591775,0.0014986768195017763,0.19484543474618818,0.6413387164883153,-0.021955038593783782,0.5740770478131086,0.04027935848574149,0.16616387072764877,0.4657267105048357,0.0,1.435609662043963,0.05163747456623535,0.1633517242369962,0.7789898513171853,0.0,1.2613499136949584,-0.03877641906148699,-0.018390940465526584,-0.025130271133276816,-0.0134168213679835
Genevieve (2020),2020-08-16,Category 4,4,Baja California Sur,Not reported,0.01,6,2020-08-17,1,0.0037846869147992734,22.049999237060547,-0.0036524556559266452,0.33984798669107164,-0.411786983234,-0.010108854270186596,1.8013041276504895,-0.017732184664177697,0.17569189880378908,-0.43494755780375083,-0.01805183622530726,0.5707120157215361,0.00639473776541144,0.16326239361638056,-0.37613719073431273,-0.005136193576892878,1.4045564874277756,0.007144749008992868,0.15452610439151634,-0.39713855805768794,-0.0014168884373153556,1.258245905562218,-0.039845839747566725,-0.02079668477832808,-0.009575758372747378,-0.0062736246966292875
Marie (2020),2020-08-22,Category 3,0,None reported,Not reported,0.0,4,2020-08-24,2,0.004646096522812115,22.540000915527344,-0.05109306581207074,0.27395370440684286,-0.15926874729211438,-0.06609674342733629,1.7922117777159914,-0.014593926842725757,0.16234688633077188,-0.3114000472804641,-0.03366427336282385,0.5773158499028463,-0.0181743209775046,0.16772801303159907,-0.21543360259625222,-0.039509935352724956,1.3174592549919395,-0.009330054097442475,0.15414228295006419,-0.24050227467091745,-0.015327247911618658,1.2023499351839029,-0.055641038904913454,-0.030145364953769627,-0.011804194502614163,-0.018890912828082085
Elsa (2021),2021-06-30,Category 1,13,Caribbean; Cuba; Florida,Not reported,0.08,10,2021-06-30,0,0.012068499398533605,16.020000457763672,-0.025101019539233382,0.28362584697671117,-0.4697535536282359,-0.04335631324528466,0.9038203967366087,-0.00015788080293310802,0.16333033758568988,0.11840364731507025,-0.03924740557551021,0.6328627298038643,0.013595921165935332,0.19527465163124505,0.02473997629296809,-0.046667871037112785,0.9607242373335272,0.0024665059291117952,0.1334520689109913,-0.040039315089752225,-0.03235886205800664,0.9537798056778464,-0.04603519719064941,0.013720563749895609,-0.03420908975183379,-0.011759372964629256
Grace (2021),2021-08-13,Category 3,11,Haiti; Jamaica; Yucatan Peninsula; Veracruz,Not reported,0.5,9,2021-08-13,0,0.005921032727283393,15.59000015258789,0.010098923552922301,0.2833082048704143,-0.36328950004454874,-0.0035864354932116926,1.7675460173858097,0.011119498684462936,0.13212714816816373,-0.2725722258554779,0.0,0.5958458048022808,0.026677139062479593,0.19683664891360683,-0.08912722059781131,0.0,1.406832730470618,0.017287987490144152,0.17220503678543894,-0.28061424935517487,-0.0018953116512507862,1.184176920942883,-0.06568772807687395,0.023941246721483345,-0.017328364485727943,-0.01683068278868216
Henri (2021),2021-08-15,Category 1,1,Northeastern United States,Not reported,0.55,10,2021-08-16,1,0.008572178692848542,15.449999809265137,0.012497310554018926,0.2515777185361969,-0.41185755445791394,-0.015341705603216238,1.8535656243074208,0.01853786249320799,0.11515608332945804,-0.07624120490413877,0.0,0.5860795868716737,0.016333314556637335,0.16125891689028166,-0.11101443808044231,-0.007460668250435898,1.4726022016546554,0.018132512962565572,0.15016888357713795,-0.30337016274348283,-0.0050221197660133,1.2305768381940785,-0.01920127106668179,-0.0016616047247517418,-0.013122754385625601,-0.0185868930177141
Ida (2021),2021-08-26,Category 4,107,Cuba; Louisiana; Northeastern United States,Not reported,75.0,10,2021-08-26,0,0.0205749461014475,16.790000915527344,0.06507968597493075,0.27805371230092446,-0.2302420591937392,-0.028292606164398548,1.9164815844645926,-0.005211912660756934,0.10680429108787347,-0.3288065928194167,-0.017445925929683415,0.5354946627970385,0.03256813546055737,0.14761237691483053,0.0785202248995911,-0.004887979739569559,1.4565932206750967,0.02246960251467267,0.12857646938388873,-0.2065409201955256,-0.008244204150380852,1.2344544524828847,0.002585013483800802,0.0067936787968270185,-0.02020531930247338,-0.005643812890615552
Larry (2021),2021-08-31,Category 3,0,Newfoundland,Not reported,0.0,12,2021-08-31,0,0.009509735727615487,16.190000534057617,0.0068181298190221895,0.2901152919547547,-0.38186080920830745,-0.02656842657564784,2.0009743838669416,0.0005831957510762376,0.0975363579911302,0.029847288192839994,-0.018732848222302256,0.5579379213459179,0.0057549281591575685,0.1592729527447563,-0.31326949571690454,-0.014102407927992333,1.4692771406976877,0.007789176901310535,0.12013250850308711,-0.4379364081724022,-0.006917509384751552,1.2316140676057057,-0.012816771574170382,0.01982278029353124,-0.015487724801031444,-0.013774559572365952
Nicholas (2021),2021-09-12,Category 1,1,Texas,Not reported,0.1,5,2021-09-13,1,-0.016862259537445023,20.950000762939453,-0.017070878200454387,0.27666073571706323,-0.25303129351451636,-0.03298240740740743,1.971441228486659,-0.014966057669833388,0.1449714094507392,0.0731430864703202,-0.02311946105342244,0.5932111413898037,-0.012870950215643218,0.12394808681807759,-0.010589325488215118,-0.03641033999510601,1.4624033119692188,-0.02514567193725481,0.11729014207848319,-0.13470021782484198,-0.03227025966646668,1.240915798733207,-0.0024151723666623326,-0.005063098169588609,-0.009281246535783882,-0.004875258085774048
Sam (2021),2021-09-22,Category 4,0,None reported,Not reported,0.0,14,2021-09-22,0,-0.02871486306828641,24.360000610351562,-0.04645338869360227,0.28556932509720373,-0.04133654087003591,-0.04645338869360227,1.8908406855761848,-0.028132308668067263,0.13617861154928151,0.08605574249671633,-0.056704270980389104,0.43246865180440824,-0.03174803925522185,0.15016145427862146,0.05698359963958288,-0.060050676378394674,1.3741321601300733,-0.0338104112898735,0.12294919600329839,0.26748902835442556,-0.06245742568064183,1.1862996984022784,0.09137709974988362,-0.010058446268788601,0.03527350971312526,0.015556221028040773
Enrique (2021),2021-06-24,Category 3,0,Jalisco,Not reported,0.0,5,2021-06-24,0,0.004769234065651551,16.31999969482422,0.021259582622142004,0.2934481209757329,-0.3135791920366858,-0.018725318286232473,0.7809738393655863,-0.029750976002850704,0.15070992304943345,0.16817955075899094,-0.0390956972326475,0.6177493544849715,0.0022926046608273687,0.1892900628043765,-0.1486303044872206,-0.059455440718158004,0.9147750943513814,0.007535839402053046,0.14094330076107198,-0.17458834668319367,-0.036477621241932656,0.9221298563246727,-0.016897271543040104,-0.002743214687426887,0.0008902587393415651,-0.0029438877633189975
Felicia (2021),2021-07-02,Category 4,0,None reported,Not reported,0.0,18,2021-07-02,0,0.008954142748119454,15.479999542236328,-0.009576866550474183,0.29419934639236195,-0.17255634831799094,-0.01459023398441528,0.9473415927501658,-0.0009378278750415969,0.16723719585817295,0.038751936377053875,-0.030602854389781053,0.650710114117982,0.0013538057114199642,0.19877270356143095,-0.4006100859389752,-0.03492417351706645,0.9704276017509554,0.007621045729891973,0.1401743664776857,0.15594921483851576,-0.017883615693840893,0.9599124009810309,-0.04285353528218283,0.004593003184026445,-0.004227608630863466,-0.004454949732257241
Hilda (2021),2021-07-30,Category 1,0,None reported,Not reported,0.0,6,2021-07-30,0,0.0016136006473106423,17.700000762939453,0.034418653780136754,0.31399127900268653,-0.2414009329621809,-0.0842913611110323,1.2415551554964859,0.012479043298089687,0.13359025649575856,0.24642168544127152,-0.004935737066819046,0.6437741897143251,0.01516805881499228,0.23327976878830717,-0.19684554926377218,-0.007013808221010498,1.1831265625649503,-0.00048274736057341006,0.1776014269835378,-0.2612341353893559,-0.0006755095321239191,1.1274802930027186,-0.006646554383056946,0.01335836177708516,0.027616383018647106,-0.007334658995393983
Linda (2021),2021-08-10,Category 4,0,None reported,Not reported,0.0,7,2021-08-10,0,0.0022215807529615272,16.719999313354492,-0.021058714845623494,0.3143544396573919,-0.27380143864882533,-0.067977791251288,1.7661518677262769,0.00852519521210171,0.1392752558421356,-0.3630276393249571,-0.0008891849188613632,0.5804836207342842,0.02761216410512146,0.2038109409527251,-0.05695515118186012,0.0,1.3954041653762914,-0.008269922889957537,0.16668330801637882,-0.42637755548695355,-0.008269922889957537,1.1957427252672774,-0.03649305363987099,0.021223977224673618,-0.006982408325001299,-0.0026883243783408783
Nora (2021),2021-08-25,Category 1,3,Jalisco,Not reported,0.01,7,2021-08-25,0,0.02001424352623249,17.219999313354492,0.029568111842205758,0.279060846937655,-0.1239420926383431,-0.035664505767180055,1.9168084943760069,-0.0030526888723531043,0.1068645775934153,0.022349543371255276,-0.01930478550449688,0.5360997405072998,0.012983492770646698,0.1469595430739459,-0.15299000443093502,-0.01646529209026182,1.4522474823226361,0.00882824117642822,0.12959761415908594,-0.3720790516187372,-0.014593018682023562,1.231476983511683,-0.028582643424012733,0.004186457478071892,-0.019364475484593302,-0.011693015874673418
Olaf (2021),2021-09-07,Category 2,0,Baja California Sur,Not reported,0.01,4,2021-09-07,0,0.001879351808824703,16.40999984741211,-0.0022573505452516684,0.2855609414668494,-0.22282153559167317,-0.028765802868682577,2.0436092637205747,0.012678342091786865,0.11031732986806399,-0.1388156282549582,-0.008277281658235602,0.5685088585361403,-0.009883284690684113,0.13633357005810337,-0.18083163660071755,-0.023846314506300037,1.4898188178929423,-0.0020039826849614917,0.11564337565951935,-0.06901696977540683,-0.008907629500682912,1.2502613154622197,0.01863049103242964,0.009293317367597975,0.00716247455135699,-0.0011709749018649074
Pamela (2021),2021-10-10,Category 2,0,Sinaloa,Not reported,0.0,4,2021-10-11,1,0.02150988004473331,18.770000457763672,0.033808355042588056,0.32872894299404104,0.12246447260170701,0.0,1.4195096682450326,0.00015425822350922935,0.13509631736171912,-0.3774949803060089,-0.04492287601616651,0.34529658084109327,0.031729279927241505,0.21139835465265414,-0.3552295588188631,0.0,1.2165406440632383,0.023418532550927962,0.1615087066813076,-0.3788224816495497,-0.009331509559320383,1.052641587621879,-0.01083582035940367,-0.010599976004283862,-0.00571712435050431,-0.0005956729503551195
Rick (2021),2021-10-23,Category 1,3,Michoacan,Not reported,0.005,4,2021-10-25,2,0.013260442820708818,15.430000305175781,0.010109876773785276,0.20872330214673734,-0.4344296800993289,-0.009232224522357724,1.2114965963046438,0.03381967144575326,0.16118028025812275,-0.19071660067541762,0.0,0.3967804252068861,0.027833825896463216,0.175767960349557,-0.27178035126794065,0.0,1.120219792520122,0.017871146732379994,0.14598457544671897,-0.17886369770805843,0.0,0.9944342930891745,-0.015638619893782568,-0.007018708512792404,-0.017004545341610777,-0.012331225143972002
Bonnie (2022),2022-07-01,Category 3,5,Nicaragua; Costa Rica,Not reported,0.0,9,2022-07-01,0,-0.03289069492051955,28.709999084472656,-0.0011174922933092635,0.5075889735332494,0.02344703341086407,-0.2163856721543317,0.818209147444853,0.01622939073642926,0.2835265244557381,0.16382806413948492,-0.05908120838683728,0.5031878444233043,-0.027519972921070113,0.2806817511232874,0.21624895932574972,-0.10634135618278373,0.8577495899372314,-0.016663108085003264,0.27297242482606515,-0.09853815879640848,-0.0978664500201536,0.8049726172884953,-0.039669796676244595,-0.02997191899050866,-0.00972486334380307,-0.01669658160170917
Danielle (2022),2022-09-01,Category 4,0,None reported,Not reported,0.0,11,2022-09-01,0,-0.057996352886264924,25.8700008392334,-0.039608463553049145,0.2789396806228024,0.27457043479097276,-0.04269222554708196,0.7046088878284926,-0.0331644502487356,0.13441823905212158,0.21977682197956616,-0.04373567014751101,0.5573229327158994,-0.049194213064857495,0.21298361075360495,0.2482299332934188,-0.07707342867959233,0.9413452631347116,-0.0608387338944929,0.20778641766621095,0.4572484328902313,-0.07559936659438671,0.9103266716352608,0.0008105663821704745,0.0004436889205354788,0.010820613243712751,-0.0017167914985349864
Earl (2022),2022-09-02,Category 3,0,Bermuda,Not reported,0.0,10,2022-09-02,0,-0.021933826781420418,25.559999465942383,-0.052148814100168916,0.2952028558873347,0.23565459074925754,-0.06623858259348903,0.7065257846071448,-0.003962137353488715,0.14347683960332785,0.5601799525740754,-0.02997148393257587,0.5494367708517064,-0.016903676691253477,0.21140775442373708,0.25005156648197135,-0.07428061146101017,0.9356798399873376,-0.02575364418742243,0.20775219608148082,0.28247963571158663,-0.0743061177646015,0.9032584959050128,-0.02123851955350231,-0.0005663894235115041,0.005455758527466825,-0.0076039865705290755
Fiona (2022),2022-09-14,Category 4,29,Puerto Rico; Dominican Republic; Turks and Caicos; Nova Scotia,Not reported,3.1,11,2022-09-14,0,-0.011765342887535057,27.270000457763672,0.02183936913402662,0.3033158478393198,0.27008511892534015,-0.048519233524735195,0.5217857867201598,-0.01413190762342409,0.20132819785457345,0.6428629841560609,-0.026626056989784708,0.48323080779129307,-0.0032873737418436244,0.2450650766305163,0.7118037266031012,-0.06869577546046124,0.928670292865801,-0.016419487404516597,0.23583782309851722,0.47181123175757933,-0.08236337654808779,0.8909229397889006,-0.026823988358257833,-0.0034470836804644245,0.009874797150643433,-0.0033282675959570573
Ian (2022),2022-09-23,Category 5,161,Cuba; Florida; South Carolina,Not reported,112.0,8,2022-09-23,0,-0.029411649751543312,27.350000381469727,-0.024409033567381666,0.2936442054802929,0.11049147920664892,-0.08995890035201826,0.6182964460840283,-0.018507858779000408,0.23045446602086844,0.38629857226523945,-0.06436641864534554,0.5285665873777019,-0.04065465341952279,0.2392055314895419,0.2595032596882134,-0.08757264632260198,0.9531512643617617,-0.027200616131891064,0.23376845098881488,-0.010023874289802226,-0.1229565426728797,0.927713201872187,0.051120200174427866,-0.057825628116141004,0.007047838786299221,0.006733183357820027
Julia (2022),2022-09-29,Category 1,43,Colombia; Venezuela; Nicaragua; Honduras; El Salvador,Not reported,0.15,11,2022-09-29,0,-0.009860555831773254,30.18000030517578,-0.0409512419433844,0.4102783460438109,0.08552658721536299,-0.10791854196108885,0.7797520713023111,-0.04145996302618249,0.24707805104971925,0.6038442541550599,-0.1031577523343642,0.5511150875174788,-0.016481521715193015,0.24308227598303622,-0.008835889109930384,-0.09950218661504817,0.9598144116173152,-0.010999336201850674,0.2342244526210971,0.20639566510858742,-0.10464359085029573,0.9528737689982134,0.10684326545805645,-0.05399360824940924,0.003942939973835102,0.00561597571572503
Lisa (2022),2022-10-30,Category 1,0,Belize,Not reported,0.03,7,2022-10-31,1,0.026790147371706263,25.75,0.021868511836588667,0.3134614347195145,-0.056004023388625535,0.0,0.8059299270955456,0.055921206792802325,0.3268257012805404,-0.2411231326274511,-0.021056936572595886,0.8492306968403059,0.04813004081323036,0.31759779235667257,-0.19649621316578458,0.0,0.9973410032946933,0.05285429194765201,0.27708191975358126,-0.03485059815517899,0.0,0.9618244461150715,0.04943077831605025,0.0016835761790036097,0.024154415635973314,0.034650792140915265
Martin (2022),2022-11-01,Category 3,0,None reported,Not reported,0.0,11,2022-11-01,0,0.0033513601312755714,25.8799991607666,0.029395083298880742,0.28434015878149704,0.1325992975771415,0.0,0.8017217378522801,0.025491144425927592,0.3181395866693244,-0.3757522123386745,-0.030206194723826796,0.8503862070178639,0.02938508133692186,0.2945571550664611,-0.1141691869272784,-0.006142216484014806,0.9974397270468456,0.03590245949212245,0.2545239941608628,-0.03776586677777993,-0.002853755498913868,0.9603689147328769,0.030873995891233075,-0.004932122148494367,0.017707122766557837,0.0348796401609085
Nicole (2022),2022-11-07,Category 1,5,Florida,Not reported,1.0,5,2022-11-07,0,-0.025530012886960662,24.549999237060547,0.015777519190316225,0.2807377043102061,0.19462398897147626,0.0,0.831524988474336,0.0046422322037737995,0.27184422615402637,-0.24312585309694046,-0.00474721185631255,0.8338504973903709,-0.0020598794576214274,0.2793276188655716,-0.0765795451559923,-0.008189443716076661,0.9850204734046623,0.007631223771089379,0.24782444469200587,0.13863577618862277,0.0,0.9415723143819074,-0.038743035767535794,-0.01774119376473915,-0.0075172761593660375,-0.01047461212745815
Agatha (2022),2022-05-28,Category 3,11,Oaxaca,Not reported,0.03,4,2022-05-31,3,0.04620559745165154,25.719999313354492,0.054807404728451914,0.4388614860910956,-0.5120817734554104,0.0,0.5349242842933324,0.03815442018213688,0.1655227409241514,-0.46399594835069646,0.0,0.28859953518424186,0.04648440763297157,0.30127554754026603,-0.46656527200975406,-0.013040953283020351,0.8727006528193506,0.04670556311882068,0.28300258254771254,-0.4469814446378646,-0.03321495080167569,0.753004860205993,0.04915802992347462,0.003957496776198832,-0.013289848670597793,0.020016294387852795
Blas (2022),2022-06-15,Category 3,0,None reported,Not reported,0.0,6,2022-06-15,0,-0.09082728219907021,32.689998626708984,-0.08712605660388206,0.32097364530880884,0.23224104791045974,-0.08712605660388206,0.809741226847776,-0.09937542971373148,0.254106456900717,0.8344825959865669,-0.11980882887978306,0.47257312642872423,-0.09618713506060839,0.29743631961049805,0.26857144870956096,-0.12032626111394529,0.8554614173304484,-0.07949299430833134,0.2798172478372056,0.017980336231367522,-0.09615366738736075,0.7828151160235083,-0.13394879374600954,0.022704601906025523,-0.010268098190564179,-0.029959699719918076
Darby (2022),2022-07-04,Category 4,0,Hawaiian Islands,Not reported,0.0,11,2022-07-05,1,-0.018914665408688136,26.700000762939453,-0.01506324382690416,0.5087278695230386,-0.07251582294385495,-0.2046605070165588,0.8259367956995496,0.032772614688162616,0.30018479818888755,0.032069791656623936,-0.036004612167026884,0.5251447975566107,-0.010859476935120349,0.2871105099881974,0.22246868357353766,-0.09052384815467274,0.8619850068937327,-0.005755233219713385,0.2772175368877376,0.21301303498078705,-0.09001614045554562,0.8051659549605124,-0.008519134189171607,0.010451300538109387,-0.0017629345819175635,0.006069704843842394
Estelle (2022),2022-08-04,Category 3,0,None reported,Not reported,0.0,7,2022-08-04,0,0.02063710065456492,21.950000762939453,-0.00984560051811234,0.3347964643456123,0.08900205945644246,-0.051007207993529424,0.7455746211062293,0.013911394281608036,0.17174072926871783,0.0007966123013709581,0.0,0.4818987761117478,0.009627009892064775,0.2288831197652206,-0.2990741021110226,-0.004449652514405655,0.9123879587002467,0.020382160975932262,0.20286742292991666,-0.2708995710278723,-0.0012531943838464121,0.8671387502572139,0.07274670731291,-0.0007634950562387388,0.03258475252684723,0.010851513425132353
Frank (2022),2022-08-24,Category 4,0,None reported,Not reported,0.0,5,2022-08-24,0,-0.03351669198041218,24.110000610351562,0.06162798671170511,0.3455473013160647,0.21518010669230825,0.0,0.6763480690526202,-0.016397550340276235,0.16133542259696185,-0.20016741272671956,-0.02006696886458137,0.554117498274452,-0.044344838804975306,0.1898611523746241,-0.31098582472794334,-0.049148222115485196,0.9438633278065173,-0.025970341142630304,0.178961704536278,0.44058938308076656,-0.03372133217775686,0.8850625743882814,0.012478142726788044,0.017479338863908733,0.010224672174760863,-0.0017834539537225913
Howard (2022),2022-09-04,Category 1,0,None reported,Not reported,0.0,5,2022-09-06,2,-0.025805398720752493,25.469999313354492,-0.049113902569939416,0.2998242533896574,0.24756815810909916,-0.049113902569939416,0.6771168794567605,-0.017645402911469432,0.14952442169762215,0.3736264031813603,-0.04039099083121922,0.5318695159409116,-0.01762228986738923,0.21296813435562306,0.2980573960984496,-0.08154142294864242,0.9286876854917658,-0.030812864467904988,0.2097142929615103,0.4003240614563979,-0.08325869025307353,0.9066263518266323,0.003983942467737922,0.010725250497768402,0.010470175791820191,-0.006637892558232439
Kay (2022),2022-09-04,Category 2,2,Baja California; Southern California,Not reported,0.01,6,2022-09-06,2,-0.025805398720752493,25.469999313354492,-0.049113902569939416,0.2998242533896574,0.24756815810909916,-0.049113902569939416,0.6771168794567605,-0.017645402911469432,0.14952442169762215,0.3736264031813603,-0.04039099083121922,0.5318695159409116,-0.01762228986738923,0.21296813435562306,0.2980573960984496,-0.08154142294864242,0.9286876854917658,-0.030812864467904988,0.2097142929615103,0.4003240614563979,-0.08325869025307353,0.9066263518266323,0.003983942467737922,0.010725250497768402,0.010470175791820191,-0.006637892558232439
Orlene (2022),2022-09-19,Category 4,2,Sinaloa; Nayarit,Not reported,0.03,5,2022-09-19,0,-0.05797577717242208,26.299999237060547,-0.04434702138659119,0.33041463170818797,0.3976916238480057,-0.06718990749199816,0.5098726236899047,-0.04672330825725812,0.2216947469915747,0.3737497761747628,-0.04672330825725812,0.4871694679532859,-0.04561157066502153,0.23857233918621787,0.4222438620172775,-0.05434766353305753,0.9327920494058849,-0.06937208212414636,0.24005244855852298,1.322988256053709,-0.0984333749886207,0.9216461103379018,-0.05211723261649348,-0.003382725470225001,-0.018792732050022964,-0.005732765363349657
Roslyn (2022),2022-10-20,Category 4,4,Nayarit; Jalisco,Not reported,0.3,4,2022-10-20,0,0.00691320423849362,30.760000228881836,0.01223177167608469,0.49258123761741435,0.05367263579763115,0.0,0.8415543874290318,0.011258963826948243,0.3448312599920922,-0.3471956540026161,-0.12162533849787771,0.8400384079652341,0.007292373134369701,0.3219985304023925,-0.27984578921696623,-0.017625224801444794,0.9911988788105236,0.016274260930597473,0.29471213241136046,-0.22109704470744262,-0.0071041161161241595,0.9706740433456765,0.012796039100708478,0.01562905514463564,0.02730557266208522,0.03137382273620837
Don (2023),2023-07-14,Category 1,0,None reported,Not reported,0.0,10,2023-07-14,0,0.02510540702728914,13.609999656677246,0.03552415465993386,0.20560662777370298,0.43422696324272003,-0.0038105081054180534,0.9226121443783157,0.0263039479640248,0.15961493436835422,-0.22078320021244868,0.0,0.37223712580941715,0.026496030614745703,0.11819025766594389,0.010082926590541552,0.0,1.0733525131255568,0.025706330364631436,0.12461733405119525,-0.1815100463572682,-0.0004586203334887573,1.0034894080916608,0.028536188425707598,0.017628955925673484,0.02303392155212336,0.0022000232421355292
Franklin (2023),2023-08-20,Category 4,7,Dominican Republic; Haiti; Bermuda,Not reported,0.03,11,2023-08-21,1,-0.025908820197614535,17.299999237060547,-0.00793110724295465,0.16090987532934972,-0.0842670780486261,-0.012124685263144808,0.5150571987630245,-0.008897819815173347,0.13469764675232884,-0.07644782978405029,-0.071783499538147,0.25564388534632687,-0.024963957045268548,0.11459726027015331,0.14990241589263076,-0.045505505492008935,0.8532686412859569,-0.0246948069703955,0.10309822662149104,0.2688647244902951,-0.04072232685282173,0.8635597614514032,-0.008577893806935966,0.0006161872141592362,-0.0007133539365296038,0.004466660796319966
Idalia (2023),2023-08-27,Category 4,12,Florida; Georgia; Carolinas,Not reported,3.6,4,2023-08-28,1,0.001434095730540541,15.680000305175781,-0.007478685351784975,0.15561455192387283,0.005077867058021157,-0.02569521448631762,0.5463836045835541,0.008559373698682426,0.13283158217675342,-0.09225852517900646,-0.05128976014272635,0.3842888189213839,0.0014730663043656111,0.11471215177275111,0.12993612967357993,-0.0398306309486427,0.8140184097232309,0.00405228450016204,0.11300665999410812,0.5905220978795862,-0.03801364790942885,0.8547993294287143,0.019839755727325548,-0.045128850398587494,-0.009954176870470288,-0.018731584115662336
Lee (2023),2023-09-05,Category 5,1,Caribbean; New England; Atlantic Canada,Not reported,0.03,11,2023-09-05,0,0.019039537937668438,13.09000015258789,0.02903145092105497,0.16011613870554348,0.006076540043248313,0.0,0.4634340057698568,-0.01540405331280359,0.10103478141637257,0.11429895789809152,-0.029890093463358025,0.3778022945013968,0.014920850993713097,0.11348271905031496,0.13112402346694685,-0.02005667103915998,0.7613262711168619,0.012941256745491403,0.10733357301875078,-0.1620510700699085,-0.007027512853140516,0.7810415345340703,0.0265284256700814,0.03706580132997506,0.017426487241887112,-0.008564373236816247
Margot (2023),2023-09-07,Category 2,0,None reported,Not reported,0.0,10,2023-09-07,0,-0.010620760617441993,14.449999809265137,0.027008710904968813,0.1552943750733641,0.11172376982877608,0.0,0.5017812741254485,-0.02752868363386951,0.11086637456671068,0.4940459084876643,-0.04258946183116186,0.4001436561760847,-0.0055056371349313515,0.11197781315060215,-0.031491170686486325,-0.017182201831793753,0.7874791743462085,-0.020327420515630412,0.12287777727855552,0.045338670445497886,-0.022933546566453744,0.8089554245637696,0.011635167816486991,0.028968048598889018,0.01040117109912897,-0.017566822043925456
Nigel (2023),2023-09-15,Category 3,0,None reported,Not reported,0.0,8,2023-09-15,0,0.010863622085224511,12.819999694824219,0.014231690713104594,0.15385066688643545,0.03800721684703179,0.0,0.37205035796307623,0.032288782227362756,0.12651758196184337,-0.039085009124676495,0.0,0.40765681290529376,0.020699893411327386,0.09527610689863586,0.7590378804190059,0.0,0.7485946812293996,-0.00018937165714905113,0.11947173828817187,0.18575371474049085,-0.02931993455935933,0.7789035584937407,0.007026124723176208,0.011697331717690496,-6.354774345163072e-05,0.0025856452637377236
Tammy (2023),2023-10-18,Category 2,1,Leeward Islands,Not reported,0.01,10,2023-10-18,0,-0.000687496441520441,17.8799991607666,0.04077201277534237,0.25869628518463295,-0.09840186243446658,-0.012140846618305945,0.39400948717962325,0.0031902058552604196,0.2690449245652791,-0.2893720354771788,-0.0675717176166587,0.4893373713017867,0.011094666916702911,0.13665701973990305,-0.09861909318825879,-0.022325424800431648,0.7940070377600063,-0.004343612378659656,0.1503775042532101,0.06435462715231566,-0.0066446908831213625,0.8812212219264017,-0.020268074009340276,0.03145337941783988,-0.001954478190941966,0.0001208909376947398
Dora (2023),2023-08-01,Category 4,0,None reported,Not reported,0.0,14,2023-08-01,0,0.005159962452766953,13.630000114440918,0.015909725342047043,0.20850855647542496,-0.034284570026244965,0.0,0.6678768988300027,-0.019444150458477694,0.16341687685090447,-0.06065800818394251,-0.020303537411696992,0.2772401343277368,-0.0011310120426036852,0.11218458091208312,-0.25329930615810925,-0.007584250915334767,0.976745540673854,0.0069305036162086164,0.09642927567000499,-0.30765087197921015,-9.053410722803523e-05,0.917248802350617,0.02129809193144061,-0.012802056737615475,0.009857990651533366,0.0017647227095854978
Adrian (2023),2023-06-25,Category 1,0,None reported,Not reported,0.0,4,2023-06-26,1,-0.014221927167972992,13.4399995803833,-0.03485804262697767,0.22137173988707773,-0.16814820675658537,-0.04978211195982041,0.9125394294152668,-0.02595759150949739,0.13183977263616706,-0.1205302152659875,-0.02595759150949739,0.27599006129113424,-0.020639911007108935,0.1339992069186856,-0.2561918330702342,-0.02267728596155394,1.0393894052127195,-0.016661985602142826,0.1685270902904494,-0.08940269328290562,-0.0182447888123648,1.0361678985140785,0.004517815969825589,-0.02466564282729644,0.009024308996531172,0.002102764470711449
Beatriz (2023),2023-06-30,Category 4,0,None reported,Not reported,0.0,5,2023-06-30,0,0.011311032029302392,13.539999961853027,0.04252855555732893,0.2167846557807103,-0.3123639457180595,-0.009370717716735921,0.8171176050783326,-0.004767031134353061,0.14032887496016028,0.06337632632683476,-0.03060088199695199,0.2533200600137675,0.02076921469860249,0.13549438528336014,0.05813348026969245,-0.0023790606838685058,1.0559205344841518,0.03030611094201885,0.15577875208670242,-0.13046543799745414,0.0,0.997884486390476,0.011246510657383135,0.003123684098571,0.00905613474948641,0.011800470715964906
Calvin (2023),2023-07-11,Category 1,0,Hawaiian Islands,Not reported,0.0,8,2023-07-11,0,-0.009306096018593779,15.069999694824219,0.0007375878266315805,0.1980387663925983,-0.1748005845907451,0.0,0.8886967634135341,-0.012437406442102339,0.14320560660734158,-0.033636348062538235,-0.024759296773640083,0.34018937856091663,-0.004719869753730399,0.11371472390331008,-0.31641038702859214,-0.004719869753730399,1.0664471580585995,0.0034471567450700125,0.1259198408549868,0.10282497314503924,0.0,1.0304876502686044,-0.03973058654245765,-0.03182052270119817,-0.0021994790307091616,-0.02054674385338151
Fernanda (2023),2023-07-30,Category 4,0,None reported,Not reported,0.0,10,2023-07-31,1,0.005988570615574229,13.329999923706055,0.002218070598220212,0.20030529928929083,-0.07025286003342257,-0.0033666777007450577,0.693937570180849,-0.018160457247393236,0.16511469902960058,-0.014025191555267269,-0.020741873554048662,0.24018771926314372,-0.011235927281977531,0.11276813656936013,-0.17057129116100112,-0.011235927281977531,0.9976152101237122,0.003278653318724123,0.09648515996203026,-0.2264790999865841,-0.0024448537275416626,0.933463312940085,0.010207308560983952,-0.030605669809687153,0.01744716956417014,0.007767987074338012
Hilary (2023),2023-08-16,Category 4,6,Baja California; Southern California,Not reported,0.9,4,2023-08-16,0,-0.006415987580199012,16.459999084472656,-0.010050699764498794,0.16261162123664302,0.1777615503102259,-0.0249165178329942,0.45177104633671256,-0.021732373703118202,0.16547999751166576,0.05922917794764282,-0.07946232961877808,0.29417664521026893,-0.01751839541800071,0.12673596998426084,0.596941608728591,-0.03904473494559901,0.9066488989407332,-0.013485016875271483,0.1017269827048473,-0.18159600442374135,-0.02898423856285004,0.8942446891460377,-0.0025327458768573674,-0.004235301856703844,-0.013858402114433788,-0.007617386832937445
Jova (2023),2023-09-06,Category 5,0,None reported,Not reported,0.0,7,2023-09-06,0,0.0001780050500117536,14.010000228881836,0.03166704487997185,0.16020304934396032,0.38553030063972615,0.0,0.4548039695827051,-0.034137158445367466,0.11081574823993068,0.4801131393819791,-0.04475761828911806,0.40484877851892176,-0.004349191066234326,0.11457766604912481,0.056191309958913305,-0.02109481114304823,0.7758324339712646,-0.011641824331858897,0.12230735540260201,0.028911585328740053,-0.019253824025513122,0.8104973136244763,0.010526946019798533,0.03914287690358109,0.010130807099635764,-0.01877055050744747
Lidia (2023),2023-10-01,Category 4,4,Jalisco,Not reported,0.06,10,2023-10-02,1,-0.010989519789826208,17.520000457763672,-0.0004425455960259672,0.2017387010479213,0.21626181769902697,-0.024667898913090958,0.5518078009918104,-0.06756337301568316,0.19165510629760352,0.4004229639996828,-0.08912110405303497,0.4287133310371059,-0.016893911488001456,0.11346540282522159,0.2480903112062267,-0.04832121530228661,0.7858887056030233,-0.008993370685241198,0.11646734383147009,0.2691561908418092,-0.06440282779481676,0.7985053875035314,-0.011654198045058406,0.01735434763183563,-0.0064852822000789345,0.007969290203451607
Norma (2023),2023-10-14,Category 3,8,Baja California Sur,Not reported,0.04,8,2023-10-16,2,-0.0018274623479740404,19.31999969482422,0.011288162863352103,0.2584904269789471,0.08624574172090238,-0.028834578502023422,0.41323382164278394,0.02559679930783454,0.2644273234438809,-0.2203433312506391,-0.07876338546636885,0.4610129855842094,0.004537057302203218,0.12779891260918838,0.16225452102414373,-0.04486617632018408,0.7852120688817629,-0.0059594602303731925,0.14430325102466388,-0.04567211608636079,-0.028082986072639593,0.8680652583541021,0.020318955802952843,-0.0038284481495654,-0.010753299825339457,-0.008906010021259902
Otis (2023),2023-10-22,Category 5,52,Guerrero; Acapulco,Not reported,16.0,3,2023-10-23,1,-0.03405650660486925,21.709999084472656,0.00077623846874042,0.2593679093757686,-0.001526786982113948,-0.021571707039149568,0.39021715819940417,-0.0313804961628672,0.27028356312736257,-0.2679300002669066,-0.08180395015853692,0.5049122626865484,-0.040524635456565705,0.15045642065187237,0.2355759381755298,-0.04564309696276059,0.8538646351178422,-0.04016358627532601,0.1683029308592209,0.2781890775318516,-0.047297418898060495,0.9247884577326864,-0.03222364216123186,0.040084484943485044,0.011894861906182608,0.005474798696837646
Beryl (2024),2024-06-28,Category 5,68,Grenada; Jamaica; Yucatan Peninsula; Texas,Not reported,6.5,11,2024-06-28,0,0.0034159734221892446,12.239999771118164,0.019823557948358106,0.20111189638511995,-0.4518184403709298,-0.017927244188418623,0.56193873883269,0.0010898698747205948,0.14149773749415967,-0.5152320567012509,-0.044752072511115015,0.3379412447357278,-0.004785199027333653,0.10737081113423606,-0.3300680438897623,-0.014907053921744295,0.5465319582798884,-0.0059486980685969915,0.11660526425088674,-0.5116759767166585,-0.010294821807237176,0.7851991951580569,-0.03787628791317221,-0.013278451274579162,-0.012538815260124903,-0.024425625534904793
Debby (2024),2024-08-03,Category 1,13,Florida; Georgia; Carolinas,Not reported,1.9,6,2024-08-05,2,-0.02177076571234582,23.389999389648438,-0.032822730068214456,0.20503018573670057,0.6924043734409315,-0.05343173542192381,0.3235782402653208,0.03818708327150788,0.1563934113931394,1.4841104993990122,0.0,0.10927630561655631,-0.029757626965672523,0.17599563249047429,1.0007094136544694,-0.040820801004905816,0.5548296405195572,-0.02657056511673417,0.208447905761872,0.6471246908531478,-0.04259296088557307,0.8626209698812588,0.008616919684093949,-0.010230834019494761,0.0020987985452771696,-0.005422222629662743
Ernesto (2024),2024-08-12,Category 2,6,Puerto Rico; Bermuda,Not reported,0.15,8,2024-08-12,0,0.030171285809532877,20.3700008392334,0.034239714379986186,0.22188227893237805,-0.27040588439647584,-0.042616810784155135,0.4641528828017618,0.018682341101508015,0.15156030093005446,-0.27771977944784154,-0.008219057392762852,0.21088340961038715,0.0381982713028044,0.21294659512950131,-0.5025563609164483,-0.03306708972952266,0.6631200532663025,0.03051409206770761,0.22963639818200837,-0.5005468094305552,-0.03050156937657189,0.8367990916574077,-0.035703913220950234,-0.03325545179618716,-0.006007877628042779,-0.01631607977764138
Francine (2024),2024-09-09,Category 2,4,Louisiana,Not reported,1.5,3,2024-09-09,0,-0.04137087709190124,22.3799991607666,-0.05773434493174434,0.19127299468409248,0.5037537314339049,-0.05773434493174434,0.4979920471192107,-0.004980968596332125,0.08170349954881351,0.19533056659588266,-0.011974391251079686,0.19032483462318264,-0.03170082801869889,0.12054278099713009,0.8153997739384089,-0.03170082801869889,0.640286395710749,-0.042370387827800116,0.14022081432736352,0.49997883445249425,-0.042370387827800116,0.8214712460513748,-0.030762040418963243,0.00201198546293746,-0.026954617438996964,-0.003312794979613898
Helene (2024),2024-09-24,Category 4,250,Florida; Georgia; Carolinas; Appalachian region,Not reported,78.0,3,2024-09-24,0,0.014824688076800818,15.890000343322754,0.024116367195716526,0.18681270497216768,-0.09396865964846379,-0.015600604580183641,0.525236122641346,0.022690505933631977,0.13939425099964253,0.04650083596857346,0.0,0.2015473807259981,0.006062155374035427,0.13284507341927054,-0.16835086185285408,-0.0029558096019496327,0.6302862620592173,0.016018781632040957,0.15281189980404902,0.09354250215830762,-0.00034392988880493913,0.8431685040387995,0.014814938474162265,0.025628893738321334,0.005135078220018574,0.011451739591578747
Isaac (2024),2024-09-25,Category 2,0,None reported,Not reported,0.0,7,2024-09-25,0,0.020755757258605456,15.390000343322754,0.01961272444853357,0.18404017970978392,0.16641941973097918,-0.018030748406130614,0.5241448576452822,0.02319674772762781,0.13850688782410592,0.23713463961144443,-0.007095897581583355,0.20011099996880635,0.0007396145285700761,0.13634357676906936,0.06279521247658248,-0.011293766536861982,0.6266870954553899,0.02417160069399449,0.15383656705190588,-0.024337312447532122,0.0,0.8469533956232986,0.04291450429223809,0.01815901021516164,0.009660968339390896,0.011699020557582429
Kirk (2024),2024-09-29,Category 4,0,Western Europe,Not reported,0.0,8,2024-09-30,1,0.0031596635494643976,16.959999084472656,-0.021656182986620198,0.21531301003753325,-0.06143220736556043,-0.03691893801931345,0.5304877842088586,0.0011202787930015834,0.14432406068541245,-0.3807575555400322,0.0,0.18973573223524365,-0.006382068989183698,0.13092204611079872,-0.4145645656810434,-0.00931901441033478,0.6314593572412966,0.008904674202593332,0.15134243403368458,-0.25781616154962794,0.0,0.8591454395165933,0.07542181644341628,-0.006200555679710673,0.00531283153859341,0.008467991446479584
Leslie (2024),2024-10-02,Category 2,0,None reported,Not reported,0.0,10,2024-10-02,0,-0.0024910577833180403,19.260000228881836,0.030289302118181594,0.20772135430104524,1.026746075977151,0.0,0.49185493923040785,0.01559014142144699,0.14305082752513368,0.010499700115225385,0.0,0.1797958589816996,0.006474773575366077,0.13033041268305653,-0.15886188248732336,-0.00977234130756821,0.6327184038886173,0.011495241093842035,0.1211714190606608,0.23262510221492438,0.0,0.8491728336077223,-0.004634956448257732,-0.047328516696624634,-0.00037438460355354586,-0.003983371780089451
Milton (2024),2024-10-05,Category 5,35,Florida,Not reported,34.0,5,2024-10-07,2,-0.001359532293967347,19.209999084472656,0.061275618602922854,0.20532105688778585,0.009873529815003446,0.0,0.5111579905709299,0.006561043302865999,0.1329332789373978,0.04344498085359083,-0.001963935591495103,0.18715052539271387,0.007281538919725161,0.11541392172064434,0.0638265682739354,0.0,0.6746502841215813,0.0005168293196269325,0.09262977620315233,-0.21798297857415538,0.0,0.8784480513371089,-0.037008526894892535,-0.018898559365343015,0.008829030960464168,0.0010131577293954752
Oscar (2024),2024-10-19,Category 1,8,Cuba,Not reported,0.03,3,2024-10-21,2,0.0004619014456033188,18.030000686645508,-0.026193761567238183,0.2412093757424613,-0.27595861948784184,-0.033900064033779875,0.6219825325033265,0.021183819486348066,0.15257140892236912,-0.4202592046738792,-0.0031626441831682506,0.27117872049764963,0.01752134873883282,0.13147616586826902,-0.028268696478680244,0.0,0.7120673047018177,0.00014376955928185886,0.10016232101849457,-0.2841837402937599,0.0,0.8378724014543505,-0.004861549041511148,-0.0027974684346691037,0.0041625641192100105,-0.01667501330675103
Rafael (2024),2024-11-04,Category 3,6,Jamaica; Cuba,Not reported,0.1,7,2024-11-04,0,-0.01685502186759158,21.8799991607666,-0.013116619643782634,0.1719066738612891,0.028207034520607133,-0.05860336369988883,0.32252950705292704,-0.0355513719155347,0.1810395923612469,0.40138408304498263,-0.04962908060348614,0.11651157664520015,-0.012073630523370182,0.13211249252753968,0.18419692057880654,-0.020579578767454976,0.6271733205960499,-0.013181209756001011,0.11645588103181354,0.0019664913094743497,-0.037768590765979604,0.7883757550977903,0.0017781738835962457,-0.022308719861953152,0.027196957535557953,0.018893374284183917
Hone (2024),2024-08-22,Category 1,0,Hawaiian Islands,Not reported,0.0,7,2024-08-22,0,0.013651128757960596,16.270000457763672,-0.019211764315305024,0.22769643029006034,-0.23178981573672375,-0.04699065751052245,0.42778023635145296,0.016057292447338334,0.1384696505296796,-0.39732375870907444,0.0,0.16516943381652374,0.008055046680229827,0.20382113099576432,-0.5081120715345806,-0.004771727769834921,0.6300899466091225,0.00794337180022242,0.19135888811894144,-0.4874884499484068,0.0,0.8177656625341513,0.017280117952793717,0.0029518482018384695,0.024774599065890524,0.01234261526814473
Carlotta (2024),2024-11-14,Category 1,0,None reported,Not reported,0.0,5,2024-11-14,0,0.002652990643522868,14.020000457763672,0.01481806766394822,0.1779852419105735,0.006756299933963428,0.0,0.5079084295306893,0.008495374350719453,0.18534152272943658,-0.27332735292580956,-0.045908639305164645,0.08851201956106806,0.020923028801321797,0.2615511371001811,-0.30109779823237304,-0.0024052585857161635,0.9127559483358184,0.011950381503722962,0.18517585801092196,-0.2986485960243115,-0.006495056481528039,0.9395440978880968,0.02317726805558129,0.04825681313424446,0.010137688891266539,0.005394943483080006
Gilma (2024),2024-08-16,Category 4,0,None reported,Not reported,0.0,8,2024-08-16,0,0.03767407559713831,15.229999542236328,0.012973919913282339,0.22410497489650935,-0.4030054853868994,-0.02832302854430624,0.42935337720877637,0.006792685084135552,0.15090913840607964,-0.14268600982230684,-0.0014822017771846108,0.19807463220307095,0.024764029988858294,0.20930188907320033,-0.2300785214107196,-0.009121934142370502,0.6521202091927307,0.0230930962243463,0.2117989696955823,-0.45702388804287286,-0.0055529180533480105,0.82592749347539,-0.014991867556704008,-0.0009424786524372397,0.0009714224444918873,0.0040856230784802605
John (2024),2024-09-22,Category 3,29,Guerrero,Not reported,0.4,5,2024-09-23,1,0.012708593417147807,16.149999618530273,0.025297584823045005,0.18388156924426502,-0.03493600949546538,-0.02760736332867031,0.5169347719852648,0.011877852575326697,0.1376918276012595,1.1265676395681279,0.0,0.2097428449908011,0.01264118395649172,0.13266779602159492,0.32273085122116263,-0.0017490882750564873,0.6278657949426223,0.014781873287340153,0.15209595800141945,0.4844609634059789,-0.00700859438940693,0.8399944631517136,-0.021991118016651434,-0.0015779386472887236,-0.0098204406346879,0.0062895866637173725
Kristy (2024),2024-10-14,Category 4,0,None reported,Not reported,0.0,4,2024-10-14,0,0.02074680557621611,20.459999084472656,-0.007485720398124784,0.2125278625395283,-0.22278454196114894,-0.007485720398124784,0.4893629402931436,-0.002391731865206692,0.1623973608445014,-0.2710780184735946,-0.027249335668324215,0.22107660530407078,0.03149244845086718,0.13209613722421293,0.5781096384327982,0.0,0.7129475321392773,0.02396809033226366,0.11136077289511497,0.27735854006173444,0.0,0.8493163499972652,-0.02792320713087293,0.018377258715977507,0.01058261527638027,-0.002194461902388478
Erin (2025),2025-08-11,Category 5,13,Cape Verde; Leeward Islands; Puerto Rico; Hispaniola; Bahamas; East Coast of the United States; Bermuda; Atlantic Canada,Not reported,0.025,17,2025-08-11,0,0.009522024466349421,15.149999618530273,-0.00550357686896652,0.1545603691853913,0.2761183837082686,-0.04519390003031876,0.3307313480045029,-0.013055317086760443,0.14498191704230176,-0.255827839684986,-0.013055317086760443,0.4720463820178607,-0.0011558256395828304,0.13936184316849656,0.04263541890432232,-0.029753031138978425,1.0929522193370727,-0.0019189413719076232,0.1237835585407144,-0.2368469913637512,-0.026840353148685714,0.8763703760368616,-0.0021098931422876,-0.019287844327303905,0.0013213423314824002,-0.007015798996679035
Gabrielle (2025),2025-09-18,Category 4,2,North Carolina; Azores; Iberian Peninsula; Sicily,Not reported,0.05,9,2025-09-18,0,0.002356958154866806,15.720000267028809,0.009648766027728906,0.17343840360367876,-0.10519878516360437,-0.0058550620748346605,0.4768202630886768,-0.008463661758845387,0.1257062198775062,-0.03919866685849471,-0.021121028345874482,0.3205329380196655,0.000925490620086622,0.1340370849865523,0.35585628168155115,0.0,1.070148862302471,-0.010863919610676676,0.1263367951343144,0.21373108547183373,-0.01486117807483367,1.0029680928057452,0.028324378945596917,0.022379212500553525,-0.005338913686382951,-0.002324108900615296
Humberto (2025),2025-09-24,Category 5,5,Bermuda; United Kingdom; Norway,Not reported,0.05,9,2025-09-24,0,0.008903119733666642,16.639999389648438,-0.000544290574584938,0.17806206579992812,0.5176097067051091,-0.006396165794318676,0.34911474169187895,0.02212770111496165,0.12400767856906939,-0.1744636499474257,0.0,0.2879384503227339,-0.0026448225138707704,0.11604745363688242,-0.21491209892814978,-0.005770071051908299,1.0365234520330828,0.016754539613691666,0.10483220021984711,-0.18707004780966618,0.0,0.9569258769661931,-0.022187403653710525,0.009751643412367894,-0.015221697815422153,-0.0009371761081771179
Imelda (2025),2025-09-28,Category 2,3,Leeward Islands; Greater Antilles; Bahamas; East Coast of the United States; Bermuda,Not reported,0.01,8,2025-09-29,1,-0.007528054859966105,15.289999961853027,0.04927581700090777,0.18208681892187215,0.2933401432793754,0.0,0.28951770139977095,0.018896740067081197,0.138591357552351,-0.25620576880607504,0.0,0.3388783889777875,-0.0025925717506637413,0.11941327653159682,-0.14315332565917382,-0.003920597755482036,1.030972185928726,-0.0027450807201815364,0.10894478426858431,-0.34755531303778353,-0.0030056547746262208,0.9795358319824715,-0.022468949728843612,0.01917952514373611,-0.019892334340502416,0.0016418050675122142
Melissa (2025),2025-10-21,Category 5,95,Windward Islands; Jamaica; Hispaniola; Colombia; Bahamas; Bermuda,Not reported,12.2,11,2025-10-21,0,0.013696163044763177,18.229999542236328,0.0060206170595107356,0.18618479834003462,-0.15985946624479141,-0.05544084759202461,0.5466814154027146,-0.0017448288844443827,0.12046151816516075,0.1836771755655877,-0.01463947023883494,0.3297433222578434,-0.008452326723313308,0.16429425675485365,0.027518809731805316,-0.024755243059246035,0.8839166295918994,0.0018272547215381074,0.14594974450387682,-0.1516716033236878,-0.013304121234628319,0.8762068811045806,-0.015763362773181244,-0.028789392597265984,-0.018561231344507823,-0.02478335644208396
Iona (2025),2025-07-01,Category 1,0,None reported,Not reported,0.0,5,2025-07-01,0,0.0182438182784177,16.729999542236328,-0.0011777058094408765,0.20462544503923907,-0.46695715588633635,-0.03911081954471374,0.9058074224850643,0.0008579366153429469,0.12497855759237635,-0.11411065851456414,-0.0020996911508607274,0.47299903941814436,0.015315935097590883,0.1344882782114419,0.16303631700556798,0.0,0.833880690843404,0.016958579079731084,0.10842511326212995,-0.13819404964942206,0.0,0.8609886041995579,0.020045670568743068,-0.010866184174914917,-0.015315160758730517,0.002391406059109036
Barbara (2025),2025-06-27,Category 4,0,None reported,Not reported,0.0,5,2025-06-27,0,0.029598812292568333,16.59000015258789,-0.028460673521349067,0.2087041416807045,-0.3073469437449481,-0.028460673521349067,0.9712253495216919,0.011804529880934167,0.12996173214810677,-0.24234879874806603,-0.008087692149052583,0.4376608324733871,0.031920049591557476,0.13197247788329033,0.05272800592614746,0.0,0.8497656915450323,0.023968358691510927,0.10352679288667324,-0.22592128877584672,0.0,0.8859146452283941,0.00105013864074599,-0.0010226125239174433,0.004863651481432862,0.0049904941957314986
Erick (2025),2025-06-17,Category 4,4,Oaxaca; Guerrero,Not reported,0.02,3,2025-06-17,0,-0.0006632952833989236,19.110000610351562,0.03268272533669503,0.19200591881368556,1.13173286337291,-0.0029511694083049766,0.9726318109560901,0.001978642458497104,0.1530300587580196,0.18415081196319516,-0.021142802571676445,0.40844161270663054,-0.010379954004073433,0.14974683382195703,0.021441810046119558,-0.02111581290182951,0.8476828927032835,-0.003745563212467995,0.11361482799090765,0.2684917059090195,-0.00896968239648488,0.8871119946977332,-0.05776576199590999,-0.010230061623493825,0.0077420985515104235,-0.007354785615067971
Flossie (2025),2025-06-29,Category 3,0,None reported,Not reported,0.0,5,2025-06-30,1,0.02459367774175303,16.31999969482422,-0.008485390955213945,0.20629254772915254,-0.2722623783089725,-0.033559123975686056,0.9706432339756087,0.0011078825889643262,0.12462374373810484,0.0274316846716276,-0.0061323248171418765,0.4372777607853333,0.022038599622184574,0.13207608807406934,0.07381989759400076,0.0,0.8490372327341065,0.020367101594856107,0.1083719734178373,0.0618847504004616,0.0,0.885957925501514,0.039596768643887836,-0.0103980277152248,-0.00708520069190266,0.00505343115082324
Gil (2025),2025-07-01,Category 1,0,None reported,Not reported,0.0,5,2025-07-01,0,0.0182438182784177,16.729999542236328,-0.0011777058094408765,0.20462544503923907,-0.46695715588633635,-0.03911081954471374,0.9058074224850643,0.0008579366153429469,0.12497855759237635,-0.11411065851456414,-0.0020996911508607274,0.47299903941814436,0.015315935097590883,0.1344882782114419,0.16303631700556798,0.0,0.833880690843404,0.016958579079731084,0.10842511326212995,-0.13819404964942206,0.0,0.8609886041995579,0.020045670568743068,-0.010866184174914917,-0.015315160758730517,0.002391406059109036
Henriette (2025),2025-07-24,Category 1,0,None reported,Not reported,0.0,8,2025-07-24,0,0.009824170913316443,15.369999885559082,0.0017307488573108376,0.1826873208495083,-0.24543591774535845,-0.02602955771465254,0.5506671362813091,0.024766522908141075,0.11877945675362879,0.5808059825508933,-0.007524870134234973,0.2657312660023734,0.011235922728049408,0.126586258200666,-0.1392195093052877,-0.0016920894001192233,0.9699014927016174,0.012713982234390242,0.10151816705901172,0.38062003529417265,0.0,0.9303289700015352,0.0011718357218351017,0.019939853890958426,-0.009501811198467158,-0.005824877127058592
Kiko (2025),2025-08-19,Category 4,0,None reported,Not reported,0.0,6,2025-08-19,0,0.0009492591870303713,14.989999771118164,0.0046065319046382225,0.1458070238229831,-0.10463102839504457,-0.04384494719343168,0.24138739316898938,-0.011937832488235656,0.12679069068165072,-0.33261254381286587,-0.023705808968129127,0.3529282678153387,0.0007624472185296938,0.13139519405359062,-0.32833732482608025,-0.017589910239996676,1.0906558888773448,-0.005727365206475099,0.12684942517427295,-0.3843856433510028,-0.02554998990844204,0.8523482318595844,0.028662051103348407,-0.01788797710101797,0.011980427593998533,0.003596485274250716
Lorena (2025),2025-09-15,Category 1,0,Baja California Sur,Not reported,0.0,4,2025-09-15,0,0.013223881110903113,14.760000228881836,0.016521226606685424,0.16791827145697433,-0.2225696017036819,-0.021210726959723702,0.28039560078774256,0.034858379941401285,0.11366790849542505,-0.11041250125288993,-0.00777535312440214,0.331002680802933,0.012991812883583087,0.1297765059143651,-0.29469670550797755,-0.004809550623714576,1.1182459771269486,0.0020491455729116925,0.12448603201011924,-0.1258162197280437,-0.01199322789409707,0.9975366256712697,-0.010432143433702246,-0.010912215225790556,-0.002497095430791463,-0.00289074662691724
Narda (2025),2025-09-26,Category 1,0,Western Mexico,Not reported,0.0,4,2025-09-26,0,-0.00851288458262811,16.739999771118164,0.03849789133184656,0.18034207677400962,0.03522710929406503,0.0,0.2655223804327303,0.012301147889888675,0.1283303161824396,-0.1400062119660873,-0.00962321428055335,0.3198022642639194,-0.011133186570367437,0.1166306802993061,-0.3226671824692068,-0.011133186570367437,1.038265398509727,-0.008328294064382069,0.10907618701042253,-0.3260214771823212,-0.011892275160478416,0.9745834225953689,-0.0446480339919616,0.013024559355373944,-0.01376549914523395,0.000827407818334791
Octave (2025),2025-10-08,Category 1,0,Baja California Sur,Not reported,0.0,5,2025-10-08,0,0.0010023112909856025,17.239999771118164,0.0016790319555666233,0.15647294690859231,-0.1993692076461442,-0.02717695424535871,0.2220364504251543,0.024190767313300165,0.12171462832324566,0.5039805306886664,0.0,0.2878501490420223,0.007117484048651868,0.09550375237009005,-0.03728215391501821,-0.006650683607473007,0.9110415527172033,0.002925751951276867,0.0916068117724256,0.17430717647884975,-0.005672650004549196,0.9912989130632138,-0.017989388322931732,0.03492381557484414,0.006750253146807883,-0.007421119870206105
Priscilla (2025),2025-10-11,Category 3,0,Baja California Peninsula,Not reported,0.0,7,2025-10-13,2,-0.02767976485083301,21.65999984741211,-0.04622259688950303,0.1956285457608675,0.4839312565924936,-0.07359488444975804,0.47836921712389624,0.0047899344733493,0.12711594290868028,0.07931075097566631,-0.006607962962120961,0.2835992262057905,-0.028677824318926737,0.10901401499373524,1.3260496722581658,-0.03639386804061062,0.842244253520011,-0.03371373581403414,0.1311826057797304,1.7763052674840196,-0.03657055474661819,0.945766537579774,-0.0065536360111917435,-0.005306311344698944,-0.009989148408030335,0.0011431575223990187
