storm_id,hurricane_name,season,DisNo.,Classification Key,ISO,Region,AID Contribution ('000 US$),Total Deaths,No. Injured,No. Affected,Total Affected,Insured Damage ('000 US$),"Insured Damage, Adjusted ('000 US$)",Total Damage ('000 US$),"Total Damage, Adjusted ('000 US$)",CPI,peak_category,peak_wind_kts,peak_wind_mph,min_pressure_mb,start_date,end_date,duration_days,landfall_status,landfall_category,landfall_lat,landfall_lon,landfall_wind_kts,event_trading_date,event_date_shift_days,spy_prev_5d_return,vix,energy_prev_5d_return,energy_20d_volatility,energy_volume_change,energy_drawdown,energy_beta,energy_5d_abnormal_return
2000299N08139,Xangsane (2000),2000.0,2000-0706-PHL,nat-met-sto-tro,PHL,Asia,0.0,154.0,314.0,2435942.0,2436256.0,1500.0,2804.0,17000.0,31783.0,53.4877366816787,Category 2,90.0,103.6,980.0,2000-10-24,2000-11-02,8.5,Landfall,Category 1,13.7106,122.979,70.0,2000-10-24,0,0.03594598688876238,24.280000686645508,-0.021978488847934408,0.2683578461228768,-0.8429800547516622,-0.06785051101075645,-0.30956798933247415,0.004030402643981851
2001303N13276,Michelle (2001),2001.0,2001-0671-BHS,nat-met-sto-tro,BHS,Americas,0.0,0.0,0.0,0.0,0.0,15000.0,27273.0,300000.0,545461.0,54.9993852662954,Category 4,120.0,138.1,933.0,2001-10-29,2001-11-06,8.0,Landfall,Tropical Depression,13.3,-83.6,30.0,2001-10-29,0,-0.018453326831047168,31.63999938964844,0.017228952559146027,0.2937505517941035,-0.23456617492833676,-0.026657513057610216,0.5123798308474041,-0.0651321635321582
2004247N10332,Ivan (2004),2004.0,2004-0462-BHS,nat-met-sto-tro,BHS,Americas,0.0,1.0,0.0,0.0,0.0,0.0,0.0,0.0,0.0,58.6698092933412,Category 5,145.0,166.9,910.0,2004-09-02,2004-09-24,21.5,Landfall,Category 2,30.7208,-87.8481,90.0,2004-09-02,0,0.013321528955909878,14.279999732971191,0.04462857004998866,0.1910604103857756,0.03870771106370019,0.0,0.7265274634839491,0.007582895611406782
2004247N10332,Ivan (2004),2004.0,2004-0462-CUB,nat-met-sto-tro,CUB,Americas,1703.0,0.0,0.0,3245.0,3245.0,0.0,0.0,200000.0,340891.0,58.6698092933412,Category 5,145.0,166.9,910.0,2004-09-02,2004-09-24,21.5,Landfall,Category 2,30.7208,-87.8481,90.0,2004-09-02,0,0.013321528955909878,14.279999732971191,0.04462857004998866,0.1910604103857756,0.03870771106370019,0.0,0.7265274634839491,0.007582895611406782
2004247N10332,Ivan (2004),2004.0,2004-0462-JAM,nat-met-sto-tro,JAM,Americas,3345.0,15.0,0.0,350000.0,350000.0,200000.0,340891.0,595000.0,1014150.0,58.6698092933412,Category 5,145.0,166.9,910.0,2004-09-02,2004-09-24,21.5,Landfall,Category 2,30.7208,-87.8481,90.0,2004-09-02,0,0.013321528955909878,14.279999732971191,0.04462857004998866,0.1910604103857756,0.03870771106370019,0.0,0.7265274634839491,0.007582895611406782
2004247N10332,Ivan (2004),2004.0,2004-0462-LCA,nat-met-sto-tro,LCA,Americas,0.0,0.0,0.0,0.0,0.0,0.0,0.0,500.0,852.0,58.6698092933412,Category 5,145.0,166.9,910.0,2004-09-02,2004-09-24,21.5,Landfall,Category 2,30.7208,-87.8481,90.0,2004-09-02,0,0.013321528955909878,14.279999732971191,0.04462857004998866,0.1910604103857756,0.03870771106370019,0.0,0.7265274634839491,0.007582895611406782
2004247N10332,Ivan (2004),2004.0,2004-0462-TTO,nat-met-sto-tro,TTO,Americas,0.0,1.0,0.0,560.0,560.0,0.0,0.0,1000.0,1704.0,58.6698092933412,Category 5,145.0,166.9,910.0,2004-09-02,2004-09-24,21.5,Landfall,Category 2,30.7208,-87.8481,90.0,2004-09-02,0,0.013321528955909878,14.279999732971191,0.04462857004998866,0.1910604103857756,0.03870771106370019,0.0,0.7265274634839491,0.007582895611406782
2004247N10332,Ivan (2004),2004.0,2004-0462-USA,nat-met-sto-tro,USA,Americas,0.0,52.0,0.0,0.0,0.0,12000000.0,20453450.0,18000000.0,30680175.0,58.6698092933412,Category 5,145.0,166.9,910.0,2004-09-02,2004-09-24,21.5,Landfall,Category 2,30.7208,-87.8481,90.0,2004-09-02,0,0.013321528955909878,14.279999732971191,0.04462857004998866,0.1910604103857756,0.03870771106370019,0.0,0.7265274634839491,0.007582895611406782
2007225N12331,Dean (2007),2007.0,2007-0360-HTI,nat-met-sto-tro,HTI,Americas,0.0,9.0,6.0,3960.0,3966.0,0.0,0.0,0.0,0.0,64.4034636847652,Category 5,150.0,172.6,905.0,2007-08-13,2007-08-23,9.8,Landfall,Category 5,18.7,-87.7,150.0,2007-08-13,0,-0.006702753597439215,26.56999969482422,0.019549259141972586,0.3091933954622857,-0.6389820998316702,-0.08809701239505419,1.2501123379354433,-0.0015587358677312327
2000237N08138,Prapiroon (2000),2000.0,2000-0556-CHN,nat-met-sto-tro,CHN,Asia,0.0,4.0,80.0,0.0,37770.0,0.0,0.0,10.0,19.0,53.4877366816787,Category 1,75.0,86.3,995.0,2000-08-24,2000-09-04,11.2,Landfall,Tropical Storm,38.2851,125.887,55.0,2000-08-24,0,0.007490595007367151,17.040000915527344,-0.00667908909902537,0.21178247021295127,0.05702917771883298,-0.021616127795784368,0.04170971628128293,-0.005087945182433341
2001303N13276,Michelle (2001),2001.0,2001-0611-CYM,nat-met-sto-tro,CYM,Americas,0.0,0.0,0.0,0.0,0.0,40000.0,72728.0,60000.0,109092.0,54.9993852662954,Category 4,120.0,138.1,933.0,2001-10-29,2001-11-06,8.0,Landfall,Tropical Depression,13.3,-83.6,30.0,2001-10-29,0,-0.018453326831047168,31.63999938964844,0.017228952559146027,0.2937505517941035,-0.23456617492833676,-0.026657513057610216,0.5123798308474041,-0.0651321635321582
2004247N10332,Ivan (2004),2004.0,2004-0462-VEN,nat-met-sto-tro,VEN,Americas,0.0,5.0,5.0,1645.0,1730.0,0.0,0.0,0.0,0.0,58.6698092933412,Category 5,145.0,166.9,910.0,2004-09-02,2004-09-24,21.5,Landfall,Category 2,30.7208,-87.8481,90.0,2004-09-02,0,0.013321528955909878,14.279999732971191,0.04462857004998866,0.1910604103857756,0.03870771106370019,0.0,0.7265274634839491,0.007582895611406782
2007225N12331,Dean (2007),2007.0,2007-0360-LCA,nat-met-sto-tro,LCA,Americas,0.0,1.0,0.0,0.0,0.0,20000.0,31054.0,40000.0,62108.0,64.4034636847652,Category 5,150.0,172.6,905.0,2007-08-13,2007-08-23,9.8,Landfall,Category 5,18.7,-87.7,150.0,2007-08-13,0,-0.006702753597439215,26.56999969482422,0.019549259141972586,0.3091933954622857,-0.6389820998316702,-0.08809701239505419,1.2501123379354433,-0.0015587358677312327
2010271N19276,Nicole (2010),2010.0,2010-0501-JAM,nat-met-sto-tro,JAM,Americas,68.0,15.0,26.0,2480.0,2506.0,0.0,0.0,240000.0,354342.0,67.7310945291778,Tropical Storm,40.0,46.0,994.0,2010-09-28,2010-09-30,2.5,Landfall,Tropical Storm,22.2,-80.5,40.0,2010-09-28,0,0.006053663792989106,22.600000381469727,0.01112342845833414,0.18981306796017314,-0.01114722810365909,0.0,1.1101810296797021,0.02226363622565517
2012296N14283,Sandy (2012),2012.0,2012-0410-CUB,nat-met-sto-tro,CUB,Americas,0.0,11.0,0.0,0.0,162605.0,0.0,0.0,2000000.0,2804456.0,71.3150877335761,Category 3,100.0,115.1,940.0,2012-10-21,2012-10-31,9.8,Landfall,Category 1,17.9,-76.6,75.0,2012-10-22,1,-0.0046503073120445215,16.6200008392334,0.007267063801711604,0.15646627171148653,0.33974549048678027,-0.020794049946757265,1.2001406129507128,-0.0034526772470344184
2012296N14283,Sandy (2012),2012.0,2012-0410-USA,nat-met-sto-tro,USA,Americas,0.0,158.0,0.0,0.0,0.0,11000000.0,15424506.0,50000000.0,70111391.0,71.3150877335761,Category 3,100.0,115.1,940.0,2012-10-21,2012-10-31,9.8,Landfall,Category 1,17.9,-76.6,75.0,2012-10-22,1,-0.0046503073120445215,16.6200008392334,0.007267063801711604,0.15646627171148653,0.33974549048678027,-0.020794049946757265,1.2001406129507128,-0.0034526772470344184
2000245N14157,Saomai (2000),2000.0,2000-0576-JPN,nat-met-sto-tro,JPN,Asia,0.0,9.0,41.0,180000.0,180041.0,1050000.0,1963067.0,1400000.0,2617422.0,53.4877366816787,Category 5,140.0,161.1,995.0,2000-08-31,2000-09-19,18.2,Landfall,Tropical Storm,35.2826,128.439,60.0,2000-08-31,0,0.006815047635428506,16.84000015258789,-0.00480369147911619,0.1866629670426466,-0.671685487243831,-0.0263159820659965,0.2474452326252368,0.01955526245788474
2000273N16277,Keith (2000),2000.0,2000-0642-BLZ,nat-met-sto-tro,BLZ,Americas,2628.0,14.0,570.0,62000.0,62570.0,0.0,0.0,277460.0,518736.0,53.4877366816787,Category 4,120.0,138.1,939.0,2000-09-28,2000-10-06,7.8,Landfall,Tropical Storm,17.9,-88.2,60.0,2000-09-28,0,0.01620659317315143,19.469999313354492,0.016990729474470223,0.2601557365383931,-0.9294955852784335,-0.03722391167801509,-0.05927601393047791,-0.010833396026925401
2000273N16277,Keith (2000),2000.0,2000-0643-MEX,nat-met-sto-tro,MEX,Americas,0.0,23.0,0.0,30000.0,30000.0,0.0,0.0,1000.0,1870.0,53.4877366816787,Category 4,120.0,138.1,939.0,2000-09-28,2000-10-06,7.8,Landfall,Tropical Storm,17.9,-88.2,60.0,2000-09-28,0,0.01620659317315143,19.469999313354492,0.016990729474470223,0.2601557365383931,-0.9294955852784335,-0.03722391167801509,-0.05927601393047791,-0.010833396026925401
2001303N13276,Michelle (2001),2001.0,2001-0603-HND,nat-met-sto-tro,HND,Americas,0.0,21.0,0.0,61051.0,86321.0,0.0,0.0,5000.0,9091.0,54.9993852662954,Category 4,120.0,138.1,933.0,2001-10-29,2001-11-06,8.0,Landfall,Tropical Depression,13.3,-83.6,30.0,2001-10-29,0,-0.018453326831047168,31.63999938964844,0.017228952559146027,0.2937505517941035,-0.23456617492833676,-0.026657513057610216,0.5123798308474041,-0.0651321635321582
2001303N13276,Michelle (2001),2001.0,2001-0671-USA,nat-met-sto-tro,USA,Americas,0.0,0.0,0.0,0.0,0.0,0.0,0.0,66.0,120.0,54.9993852662954,Category 4,120.0,138.1,933.0,2001-10-29,2001-11-06,8.0,Landfall,Tropical Depression,13.3,-83.6,30.0,2001-10-29,0,-0.018453326831047168,31.63999938964844,0.017228952559146027,0.2937505517941035,-0.23456617492833676,-0.026657513057610216,0.5123798308474041,-0.0651321635321582
2001227N13323,Chantal (2001),2001.0,2001-0736-TTO,nat-met-sto-tro,TTO,Americas,0.0,2.0,0.0,0.0,0.0,0.0,0.0,0.0,0.0,54.9993852662954,Tropical Storm,60.0,69.0,997.0,2001-08-14,2001-08-22,7.8,Landfall,Tropical Storm,18.2,-88.1,55.0,2001-08-14,0,-0.012420247716384725,20.479999542236328,-0.0034034924649108955,0.2713193548260858,0.8899297423887589,-0.035255490604134576,0.39709674181137566,0.005338687864270372
2004247N10332,Ivan (2004),2004.0,2004-0462-BLZ,nat-met-sto-tro,BLZ,Americas,0.0,0.0,0.0,0.0,0.0,0.0,0.0,97000.0,165332.0,58.6698092933412,Category 5,145.0,166.9,910.0,2004-09-02,2004-09-24,21.5,Landfall,Category 2,30.7208,-87.8481,90.0,2004-09-02,0,0.013321528955909878,14.279999732971191,0.04462857004998866,0.1910604103857756,0.03870771106370019,0.0,0.7265274634839491,0.007582895611406782
2004247N10332,Ivan (2004),2004.0,2004-0462-CYM,nat-met-sto-tro,CYM,Americas,0.0,2.0,0.0,0.0,0.0,1500000.0,2556681.0,3430080.0,5846414.0,58.6698092933412,Category 5,145.0,166.9,910.0,2004-09-02,2004-09-24,21.5,Landfall,Category 2,30.7208,-87.8481,90.0,2004-09-02,0,0.013321528955909878,14.279999732971191,0.04462857004998866,0.1910604103857756,0.03870771106370019,0.0,0.7265274634839491,0.007582895611406782
2007225N12331,Dean (2007),2007.0,2007-0360-MTQ,nat-met-sto-tro,MTQ,Americas,0.0,1.0,6.0,0.0,6.0,125000.0,194089.0,300000.0,465813.0,64.4034636847652,Category 5,150.0,172.6,905.0,2007-08-13,2007-08-23,9.8,Landfall,Category 5,18.7,-87.7,150.0,2007-08-13,0,-0.006702753597439215,26.56999969482422,0.019549259141972586,0.3091933954622857,-0.6389820998316702,-0.08809701239505419,1.2501123379354433,-0.0015587358677312327
2012296N14283,Sandy (2012),2012.0,2012-0410-BHS,nat-met-sto-tro,BHS,Americas,0.0,2.0,0.0,0.0,0.0,0.0,0.0,700000.0,981559.0,71.3150877335761,Category 3,100.0,115.1,940.0,2012-10-21,2012-10-31,9.8,Landfall,Category 1,17.9,-76.6,75.0,2012-10-22,1,-0.0046503073120445215,16.6200008392334,0.007267063801711604,0.15646627171148653,0.33974549048678027,-0.020794049946757265,1.2001406129507128,-0.0034526772470344184
2000237N08138,Prapiroon (2000),2000.0,2000-0550-KOR,nat-met-sto-tro,KOR,Asia,0.0,25.0,0.0,0.0,300.0,0.0,0.0,11300.0,21126.0,53.4877366816787,Category 1,75.0,86.3,995.0,2000-08-24,2000-09-04,11.2,Landfall,Tropical Storm,38.2851,125.887,55.0,2000-08-24,0,0.007490595007367151,17.040000915527344,-0.00667908909902537,0.21178247021295127,0.05702917771883298,-0.021616127795784368,0.04170971628128293,-0.005087945182433341
2000273N16277,Keith (2000),2000.0,2000-0643-GTM,nat-met-sto-tro,GTM,Americas,0.0,1.0,0.0,0.0,0.0,0.0,0.0,0.0,0.0,53.4877366816787,Category 4,120.0,138.1,939.0,2000-09-28,2000-10-06,7.8,Landfall,Tropical Storm,17.9,-88.2,60.0,2000-09-28,0,0.01620659317315143,19.469999313354492,0.016990729474470223,0.2601557365383931,-0.9294955852784335,-0.03722391167801509,-0.05927601393047791,-0.010833396026925401
2000273N16277,Keith (2000),2000.0,2000-0643-HND,nat-met-sto-tro,HND,Americas,0.0,6.0,0.0,0.0,0.0,0.0,0.0,0.0,0.0,53.4877366816787,Category 4,120.0,138.1,939.0,2000-09-28,2000-10-06,7.8,Landfall,Tropical Storm,17.9,-88.2,60.0,2000-09-28,0,0.01620659317315143,19.469999313354492,0.016990729474470223,0.2601557365383931,-0.9294955852784335,-0.03722391167801509,-0.05927601393047791,-0.010833396026925401
2000273N16277,Keith (2000),2000.0,2000-0644-NIC,nat-met-sto-tro,NIC,Americas,0.0,12.0,0.0,2300.0,2300.0,0.0,0.0,1000.0,1870.0,53.4877366816787,Category 4,120.0,138.1,939.0,2000-09-28,2000-10-06,7.8,Landfall,Tropical Storm,17.9,-88.2,60.0,2000-09-28,0,0.01620659317315143,19.469999313354492,0.016990729474470223,0.2601557365383931,-0.9294955852784335,-0.03722391167801509,-0.05927601393047791,-0.010833396026925401
2001220N17118,Usagi (2001),2001.0,2001-0436-VNM,nat-met-sto-tro,VNM,Asia,0.0,3.0,3.0,0.0,10003.0,0.0,0.0,3200.0,5818.0,54.9993852662954,Tropical Storm,40.0,46.0,994.0,2001-08-08,2001-08-11,3.0,Landfall,Tropical Storm,18.3538,105.9,40.0,2001-08-08,0,-0.029318294264713107,22.31999969482422,-0.03713563799342734,0.2759876650463398,0.23043746149106603,-0.0517294935603313,0.42174114708056737,0.0336931171651824
2001303N13276,Michelle (2001),2001.0,2001-0611-HTI,nat-met-sto-tro,HTI,Americas,0.0,0.0,0.0,0.0,0.0,0.0,0.0,20.0,36.0,54.9993852662954,Category 4,120.0,138.1,933.0,2001-10-29,2001-11-06,8.0,Landfall,Tropical Depression,13.3,-83.6,30.0,2001-10-29,0,-0.018453326831047168,31.63999938964844,0.017228952559146027,0.2937505517941035,-0.23456617492833676,-0.026657513057610216,0.5123798308474041,-0.0651321635321582
2001303N13276,Michelle (2001),2001.0,2001-0612-CUB,nat-met-sto-tro,CUB,Americas,0.0,5.0,12.0,5900000.0,5900012.0,20000.0,36364.0,100000.0,181820.0,54.9993852662954,Category 4,120.0,138.1,933.0,2001-10-29,2001-11-06,8.0,Landfall,Tropical Depression,13.3,-83.6,30.0,2001-10-29,0,-0.018453326831047168,31.63999938964844,0.017228952559146027,0.2937505517941035,-0.23456617492833676,-0.026657513057610216,0.5123798308474041,-0.0651321635321582
2004247N10332,Ivan (2004),2004.0,2004-0462-BRB,nat-met-sto-tro,BRB,Americas,0.0,1.0,0.0,0.0,880.0,0.0,0.0,5000.0,8522.0,58.6698092933412,Category 5,145.0,166.9,910.0,2004-09-02,2004-09-24,21.5,Landfall,Category 2,30.7208,-87.8481,90.0,2004-09-02,0,0.013321528955909878,14.279999732971191,0.04462857004998866,0.1910604103857756,0.03870771106370019,0.0,0.7265274634839491,0.007582895611406782
2004247N10332,Ivan (2004),2004.0,2004-0462-HTI,nat-met-sto-tro,HTI,Americas,0.0,3.0,0.0,4000.0,6500.0,0.0,0.0,1000.0,1704.0,58.6698092933412,Category 5,145.0,166.9,910.0,2004-09-02,2004-09-24,21.5,Landfall,Category 2,30.7208,-87.8481,90.0,2004-09-02,0,0.013321528955909878,14.279999732971191,0.04462857004998866,0.1910604103857756,0.03870771106370019,0.0,0.7265274634839491,0.007582895611406782
2007225N12331,Dean (2007),2007.0,2007-0360-CUB,nat-met-sto-tro,CUB,Americas,0.0,0.0,0.0,0.0,0.0,0.0,0.0,0.0,0.0,64.4034636847652,Category 5,150.0,172.6,905.0,2007-08-13,2007-08-23,9.8,Landfall,Category 5,18.7,-87.7,150.0,2007-08-13,0,-0.006702753597439215,26.56999969482422,0.019549259141972586,0.3091933954622857,-0.6389820998316702,-0.08809701239505419,1.2501123379354433,-0.0015587358677312327
2000083S17102,Hudah (2000),2000.0,2000-0178-MDG,nat-met-sto-tro,MDG,Africa,0.0,23.0,1.0,369271.0,369272.0,0.0,0.0,0.0,0.0,53.4877366816787,Category 4,125.0,143.8,950.0,2000-03-22,2000-04-09,17.8,Landfall,Category 3,-14.9236,49.7874,107.0,2000-03-22,0,0.07626452292338715,21.489999771118164,0.019276427446572875,0.4064451278077434,-0.900119189511323,-0.022824276934560128,0.39858736404775724,0.04946791276729396
2000185N15117,Kai-Tak (2000),2000.0,2000-0397-PHL,nat-met-sto-tro,PHL,Asia,29.0,75.0,11.0,1483310.0,1483321.0,0.0,0.0,25763.0,48166.0,53.4877366816787,Category 1,75.0,86.3,995.0,2000-07-02,2000-07-12,9.5,Landfall,Tropical Storm,24.525,121.55,55.0,2000-07-03,1,0.00715892451167921,19.829999923706055,-0.02055146034367339,0.24242836567765236,0.2134831460674158,-0.042156518457250436,0.0747766289782684,0.011838017556807865
2000245N14157,Saomai (2000),2000.0,2000-0576-RUS,nat-met-sto-tro,RUS,Europe,0.0,9.0,0.0,0.0,0.0,0.0,0.0,50.0,93.0,53.4877366816787,Category 5,140.0,161.1,995.0,2000-08-31,2000-09-19,18.2,Landfall,Tropical Storm,35.2826,128.439,60.0,2000-08-31,0,0.006815047635428506,16.84000015258789,-0.00480369147911619,0.1866629670426466,-0.671685487243831,-0.0263159820659965,0.2474452326252368,0.01955526245788474
2000273N16277,Keith (2000),2000.0,2000-0645-SLV,nat-met-sto-tro,SLV,Americas,0.0,1.0,0.0,100.0,100.0,0.0,0.0,0.0,0.0,53.4877366816787,Category 4,120.0,138.1,939.0,2000-09-28,2000-10-06,7.8,Landfall,Tropical Storm,17.9,-88.2,60.0,2000-09-28,0,0.01620659317315143,19.469999313354492,0.016990729474470223,0.2601557365383931,-0.9294955852784335,-0.03722391167801509,-0.05927601393047791,-0.010833396026925401
2000279N29279,Leslie (2000),2000.0,2000-0652-USA,nat-met-sto-tro,USA,Americas,0.0,2.0,0.0,14418.0,17433.0,0.0,0.0,219000.0,409440.0,53.4877366816787,Tropical Storm,60.0,69.0,973.0,2000-10-04,2000-10-10,6.2,Landfall,Tropical Depression,29.0,-81.4,30.0,2000-10-04,0,0.00371079223058679,21.540000915527344,-0.012838983817306415,0.27677228894298894,0.8245192307692308,-0.045955808052830505,-0.1417452036857741,0.0348483379132677
2004247N10332,Ivan (2004),2004.0,2004-0462-GRD,nat-met-sto-tro,GRD,Americas,18254.0,39.0,700.0,60000.0,113700.0,0.0,0.0,889000.0,1515260.0,58.6698092933412,Category 5,145.0,166.9,910.0,2004-09-02,2004-09-24,21.5,Landfall,Category 2,30.7208,-87.8481,90.0,2004-09-02,0,0.013321528955909878,14.279999732971191,0.04462857004998866,0.1910604103857756,0.03870771106370019,0.0,0.7265274634839491,0.007582895611406782
2007225N12331,Dean (2007),2007.0,2007-0360-DOM,nat-met-sto-tro,DOM,Americas,0.0,1.0,0.0,1600.0,1600.0,30000.0,46581.0,40000.0,62108.0,64.4034636847652,Category 5,150.0,172.6,905.0,2007-08-13,2007-08-23,9.8,Landfall,Category 5,18.7,-87.7,150.0,2007-08-13,0,-0.006702753597439215,26.56999969482422,0.019549259141972586,0.3091933954622857,-0.6389820998316702,-0.08809701239505419,1.2501123379354433,-0.0015587358677312327
2007225N12331,Dean (2007),2007.0,2007-0360-GLP,nat-met-sto-tro,GLP,Americas,0.0,0.0,0.0,0.0,0.0,125000.0,194089.0,300000.0,465813.0,64.4034636847652,Category 5,150.0,172.6,905.0,2007-08-13,2007-08-23,9.8,Landfall,Category 5,18.7,-87.7,150.0,2007-08-13,0,-0.006702753597439215,26.56999969482422,0.019549259141972586,0.3091933954622857,-0.6389820998316702,-0.08809701239505419,1.2501123379354433,-0.0015587358677312327
2007225N12331,Dean (2007),2007.0,2007-0360-JAM,nat-met-sto-tro,JAM,Americas,0.0,4.0,0.0,32000.0,33188.0,150000.0,232907.0,300000.0,465813.0,64.4034636847652,Category 5,150.0,172.6,905.0,2007-08-13,2007-08-23,9.8,Landfall,Category 5,18.7,-87.7,150.0,2007-08-13,0,-0.006702753597439215,26.56999969482422,0.019549259141972586,0.3091933954622857,-0.6389820998316702,-0.08809701239505419,1.2501123379354433,-0.0015587358677312327
2012296N14283,Sandy (2012),2012.0,2012-0410-CAN,nat-met-sto-tro,CAN,Americas,0.0,2.0,0.0,0.0,0.0,0.0,0.0,100000.0,140223.0,71.3150877335761,Category 3,100.0,115.1,940.0,2012-10-21,2012-10-31,9.8,Landfall,Category 1,17.9,-76.6,75.0,2012-10-22,1,-0.0046503073120445215,16.6200008392334,0.007267063801711604,0.15646627171148653,0.33974549048678027,-0.020794049946757265,1.2001406129507128,-0.0034526772470344184
2012296N14283,Sandy (2012),2012.0,2012-0410-DOM,nat-met-sto-tro,DOM,Americas,0.0,3.0,0.0,22000.0,22000.0,0.0,0.0,30000.0,42067.0,71.3150877335761,Category 3,100.0,115.1,940.0,2012-10-21,2012-10-31,9.8,Landfall,Category 1,17.9,-76.6,75.0,2012-10-22,1,-0.0046503073120445215,16.6200008392334,0.007267063801711604,0.15646627171148653,0.33974549048678027,-0.020794049946757265,1.2001406129507128,-0.0034526772470344184
2012296N14283,Sandy (2012),2012.0,2012-0410-HTI,nat-met-sto-tro,HTI,Americas,0.0,75.0,20.0,168500.0,201850.0,0.0,0.0,254000.0,356166.0,71.3150877335761,Category 3,100.0,115.1,940.0,2012-10-21,2012-10-31,9.8,Landfall,Category 1,17.9,-76.6,75.0,2012-10-22,1,-0.0046503073120445215,16.6200008392334,0.007267063801711604,0.15646627171148653,0.33974549048678027,-0.020794049946757265,1.2001406129507128,-0.0034526772470344184
2000083S17102,Hudah (2000),2000.0,2000-0178-MOZ,nat-met-sto-tro,MOZ,Africa,0.0,3.0,4.0,0.0,304.0,0.0,0.0,0.0,0.0,53.4877366816787,Category 4,125.0,143.8,950.0,2000-03-22,2000-04-09,17.8,Landfall,Category 3,-14.9236,49.7874,107.0,2000-03-22,0,0.07626452292338715,21.489999771118164,0.019276427446572875,0.4064451278077434,-0.900119189511323,-0.022824276934560128,0.39858736404775724,0.04946791276729396
2001303N13276,Michelle (2001),2001.0,2001-0611-NIC,nat-met-sto-tro,NIC,Americas,0.0,16.0,0.0,24866.0,24866.0,0.0,0.0,1000.0,1818.0,54.9993852662954,Category 4,120.0,138.1,933.0,2001-10-29,2001-11-06,8.0,Landfall,Tropical Depression,13.3,-83.6,30.0,2001-10-29,0,-0.018453326831047168,31.63999938964844,0.017228952559146027,0.2937505517941035,-0.23456617492833676,-0.026657513057610216,0.5123798308474041,-0.0651321635321582
2001303N13276,Michelle (2001),2001.0,2001-0615-JAM,nat-met-sto-tro,JAM,Americas,0.0,1.0,0.0,0.0,200.0,15000.0,27273.0,55487.0,100887.0,54.9993852662954,Category 4,120.0,138.1,933.0,2001-10-29,2001-11-06,8.0,Landfall,Tropical Depression,13.3,-83.6,30.0,2001-10-29,0,-0.018453326831047168,31.63999938964844,0.017228952559146027,0.2937505517941035,-0.23456617492833676,-0.026657513057610216,0.5123798308474041,-0.0651321635321582
2000091S14156,Tessi (2000),2000.0,2000-0214-AUS,nat-met-sto-tro,AUS,Oceania,0.0,0.0,0.0,400.0,400.0,0.0,0.0,60000.0,112175.0,53.4877366816787,Tropical Storm,50.0,57.5,995.0,2000-03-31,2000-04-03,3.5,Landfall,Tropical Storm,-18.8211,146.32,40.0,2000-03-31,0,-0.020756432868162533,24.11000061035156,0.04570807679364708,0.4007060070462526,2.890334572490706,-0.005301912919083329,0.34931963015904016,-0.01792655759134361
2000184N13133,Kirogi (2000),2000.0,2000-0447-JPN,nat-met-sto-tro,JPN,Asia,0.0,4.0,0.0,900.0,900.0,200000.0,373917.0,300000.0,560876.0,53.4877366816787,Category 4,115.0,132.3,985.0,2000-07-02,2000-07-10,8.2,At Sea / Open Water,At Sea / Open Water,0.0,0.0,0.0,2000-07-03,1,0.00715892451167921,19.829999923706055,-0.02055146034367339,0.24242836567765236,0.2134831460674158,-0.042156518457250436,0.0747766289782684,0.011838017556807865
2000230N08139,Bilis (2000),2000.0,2000-0517-TWN,nat-met-sto-tro,TWN,Asia,0.0,14.0,100.0,0.0,2100.0,3000.0,5609.0,135000.0,252394.0,53.4877366816787,Category 5,140.0,161.1,935.0,2000-08-17,2000-08-27,10.0,Landfall,Category 4,23.0779,121.218,135.0,2000-08-17,0,0.02364233367656965,17.479999542236328,0.046953273536256335,0.22409398269449654,3.188888888888889,0.0,0.13638893781289108,-0.007700723395666721
2001056S11163,Paula (2001),2001.0,2001-0093-VUT,nat-met-sto-tro,VUT,Oceania,0.0,1.0,0.0,500.0,500.0,0.0,0.0,1390.0,2527.0,54.9993852662954,Category 3,105.0,120.8,985.0,2001-02-25,2001-03-08,11.5,At Sea / Open Water,At Sea / Open Water,0.0,0.0,0.0,2001-02-26,1,-0.021318755604046946,25.43000030517578,-0.019079153579036,0.17398459564071345,4.944153577661431,-0.04510620569198942,-0.009646496376020951,0.018923851353388123
2001264N13269,Juliette (2001),2001.0,2001-0562-MEX,nat-met-sto-tro,MEX,Americas,0.0,3.0,0.0,3000.0,3800.0,150000.0,272730.0,400000.0,727281.0,54.9993852662954,Category 4,125.0,143.8,923.0,2001-09-21,2001-10-03,11.8,Landfall,Tropical Storm,25.0,-112.0,35.0,2001-09-21,0,-0.11272164351284764,42.65999984741211,-0.1263922099103063,0.24153498791878517,0.9981174054424098,-0.14851244261961638,0.4203296229310605,-0.0014316154083548957
2001303N13276,Michelle (2001),2001.0,2001-0612-CRI,nat-met-sto-tro,CRI,Americas,0.0,0.0,0.0,0.0,0.0,0.0,0.0,1000.0,1818.0,54.9993852662954,Category 4,120.0,138.1,933.0,2001-10-29,2001-11-06,8.0,Landfall,Tropical Depression,13.3,-83.6,30.0,2001-10-29,0,-0.018453326831047168,31.63999938964844,0.017228952559146027,0.2937505517941035,-0.23456617492833676,-0.026657513057610216,0.5123798308474041,-0.0651321635321582
2001227N13323,Chantal (2001),2001.0,2001-0735-MEX,nat-met-sto-tro,MEX,Americas,0.0,0.0,0.0,2500.0,2500.0,0.0,0.0,0.0,0.0,54.9993852662954,Tropical Storm,60.0,69.0,997.0,2001-08-14,2001-08-22,7.8,Landfall,Tropical Storm,18.2,-88.1,55.0,2001-08-14,0,-0.012420247716384725,20.479999542236328,-0.0034034924649108955,0.2713193548260858,0.8899297423887589,-0.035255490604134576,0.39709674181137566,0.005338687864270372
2004247N10332,Ivan (2004),2004.0,2004-0462-DOM,nat-met-sto-tro,DOM,Americas,0.0,4.0,0.0,0.0,0.0,0.0,0.0,1000.0,1704.0,58.6698092933412,Category 5,145.0,166.9,910.0,2004-09-02,2004-09-24,21.5,Landfall,Category 2,30.7208,-87.8481,90.0,2004-09-02,0,0.013321528955909878,14.279999732971191,0.04462857004998866,0.1910604103857756,0.03870771106370019,0.0,0.7265274634839491,0.007582895611406782
2004247N10332,Ivan (2004),2004.0,2004-0462-VCT,nat-met-sto-tro,VCT,Americas,0.0,0.0,4.0,1000.0,1004.0,0.0,0.0,40000.0,68178.0,58.6698092933412,Category 5,145.0,166.9,910.0,2004-09-02,2004-09-24,21.5,Landfall,Category 2,30.7208,-87.8481,90.0,2004-09-02,0,0.013321528955909878,14.279999732971191,0.04462857004998866,0.1910604103857756,0.03870771106370019,0.0,0.7265274634839491,0.007582895611406782
2007225N12331,Dean (2007),2007.0,2007-0360-BLZ,nat-met-sto-tro,BLZ,Americas,0.0,0.0,0.0,20000.0,20000.0,0.0,0.0,14847.0,23053.0,64.4034636847652,Category 5,150.0,172.6,905.0,2007-08-13,2007-08-23,9.8,Landfall,Category 5,18.7,-87.7,150.0,2007-08-13,0,-0.006702753597439215,26.56999969482422,0.019549259141972586,0.3091933954622857,-0.6389820998316702,-0.08809701239505419,1.2501123379354433,-0.0015587358677312327
2007225N12331,Dean (2007),2007.0,2007-0360-DMA,nat-met-sto-tro,DMA,Americas,0.0,2.0,30.0,7500.0,7530.0,10000.0,15527.0,20000.0,31054.0,64.4034636847652,Category 5,150.0,172.6,905.0,2007-08-13,2007-08-23,9.8,Landfall,Category 5,18.7,-87.7,150.0,2007-08-13,0,-0.006702753597439215,26.56999969482422,0.019549259141972586,0.3091933954622857,-0.6389820998316702,-0.08809701239505419,1.2501123379354433,-0.0015587358677312327
2007225N12331,Dean (2007),2007.0,2007-0360-MEX,nat-met-sto-tro,MEX,Americas,0.0,9.0,0.0,140000.0,140000.0,475000.0,737538.0,600000.0,931627.0,64.4034636847652,Category 5,150.0,172.6,905.0,2007-08-13,2007-08-23,9.8,Landfall,Category 5,18.7,-87.7,150.0,2007-08-13,0,-0.006702753597439215,26.56999969482422,0.019549259141972586,0.3091933954622857,-0.6389820998316702,-0.08809701239505419,1.2501123379354433,-0.0015587358677312327
2012296N14283,Sandy (2012),2012.0,2012-0410-JAM,nat-met-sto-tro,JAM,Americas,0.0,2.0,0.0,218850.0,218850.0,0.0,0.0,100000.0,140223.0,71.3150877335761,Category 3,100.0,115.1,940.0,2012-10-21,2012-10-31,9.8,Landfall,Category 1,17.9,-76.6,75.0,2012-10-22,1,-0.0046503073120445215,16.6200008392334,0.007267063801711604,0.15646627171148653,0.33974549048678027,-0.020794049946757265,1.2001406129507128,-0.0034526772470344184
2000230N08139,Bilis (2000),2000.0,2000-0533-CHN,nat-met-sto-tro,CHN,Asia,0.0,11.0,47.0,0.0,4522.0,0.0,0.0,69443.0,129830.0,53.4877366816787,Category 5,140.0,161.1,935.0,2000-08-17,2000-08-27,10.0,Landfall,Category 4,23.0779,121.218,135.0,2000-08-17,0,0.02364233367656965,17.479999542236328,0.046953273536256335,0.22409398269449654,3.188888888888889,0.0,0.13638893781289108,-0.007700723395666721
2000245N14157,Saomai (2000),2000.0,2000-0601-KOR,nat-met-sto-tro,KOR,Asia,0.0,8.0,0.0,0.0,411.0,0.0,0.0,71000.0,132741.0,53.4877366816787,Category 5,140.0,161.1,995.0,2000-08-31,2000-09-19,18.2,Landfall,Tropical Storm,35.2826,128.439,60.0,2000-08-31,0,0.006815047635428506,16.84000015258789,-0.00480369147911619,0.1866629670426466,-0.671685487243831,-0.0263159820659965,0.2474452326252368,0.01955526245788474
2000299N08139,Xangsane (2000),2000.0,2000-0706-TWN,nat-met-sto-tro,TWN,Asia,0.0,89.0,2.0,0.0,2.0,60000.0,112175.0,150000.0,280438.0,53.4877366816787,Category 2,90.0,103.6,980.0,2000-10-24,2000-11-02,8.5,Landfall,Category 1,13.7106,122.979,70.0,2000-10-24,0,0.03594598688876238,24.280000686645508,-0.021978488847934408,0.2683578461228768,-0.8429800547516622,-0.06785051101075645,-0.30956798933247415,0.004030402643981851
2001227N13323,Chantal (2001),2001.0,2001-0736-BLZ,nat-met-sto-tro,BLZ,Americas,0.0,0.0,0.0,0.0,0.0,0.0,0.0,4000.0,7273.0,54.9993852662954,Tropical Storm,60.0,69.0,997.0,2001-08-14,2001-08-22,7.8,Landfall,Tropical Storm,18.2,-88.1,55.0,2001-08-14,0,-0.012420247716384725,20.479999542236328,-0.0034034924649108955,0.2713193548260858,0.8899297423887589,-0.035255490604134576,0.39709674181137566,0.005338687864270372
2001170N11138,Chebi (2001),2001.0,2001-0293-PHL,nat-met-sto-tro,PHL,Asia,0.0,33.0,0.0,0.0,0.0,0.0,0.0,14000.0,25455.0,54.9993852662954,Category 3,100.0,115.1,944.0,2001-06-19,2001-06-25,6.5,Landfall,Category 2,25.5842,119.463,87.0,2001-06-19,0,-0.029739873831706065,22.34000015258789,-0.029571958713048963,0.16114807614860951,1.8697017268445841,-0.06130579083187959,0.4110489154407034,-0.019501692457199616
2001170N11138,Chebi (2001),2001.0,2001-0293-TWN,nat-met-sto-tro,TWN,Asia,0.0,9.0,116.0,0.0,116.0,0.0,0.0,5000.0,9091.0,54.9993852662954,Category 3,100.0,115.1,944.0,2001-06-19,2001-06-25,6.5,Landfall,Category 2,25.5842,119.463,87.0,2001-06-19,0,-0.029739873831706065,22.34000015258789,-0.029571958713048963,0.16114807614860951,1.8697017268445841,-0.06130579083187959,0.4110489154407034,-0.019501692457199616
2002234N14164,Rusa (2002),2002.0,2002-0557-RUS,nat-met-sto-tro,RUS,Europe,0.0,0.0,0.0,1050.0,1050.0,0.0,0.0,0.0,0.0,55.8716960740501,Category 4,115.0,132.3,927.0,2002-08-22,2002-09-03,12.8,Landfall,Tropical Storm,34.8418,127.37,62.0,2002-08-22,0,0.034010880265245014,27.75,-0.00337852779272263,0.46399131659106246,-0.18966235931638187,-0.00337852779272263,0.9659308568734244,0.00976571399967411
2001094S12172,Sose (2001),2001.0,2001-0143-VUT,nat-met-sto-tro,VUT,Oceania,0.0,1.0,0.0,505.0,800.0,0.0,0.0,0.0,0.0,54.9993852662954,Category 1,70.0,80.6,985.0,2001-04-03,2001-04-12,8.6,At Sea / Open Water,At Sea / Open Water,0.0,0.0,0.0,2001-04-03,0,-0.0669429331886997,34.720001220703125,-0.05787841636938773,0.28514003645648645,11.35678391959799,-0.14142983149970856,0.3812732437454476,0.06711602497095001
2001180N15118,Durian (2001),2001.0,2001-0322-CHN,nat-met-sto-tro,CHN,Asia,0.0,33.0,8298.0,14990000.0,14998298.0,20000.0,36364.0,2743000.0,4987328.0,54.9993852662954,Category 1,75.0,86.3,967.0,2001-06-29,2001-07-03,4.5,Landfall,Category 1,21.108,110.319,75.0,2001-06-29,0,-0.002035024583377898,19.059999465942383,-0.037424824976698856,0.21829209933513674,0.20642201834862384,-0.10183955441017545,0.24885766761888117,-0.0069634898323696496
2001278N12302,Iris (2001),2001.0,2001-0570-GTM,nat-met-sto-tro,GTM,Americas,0.0,8.0,11.0,6435.0,6446.0,0.0,0.0,100.0,182.0,54.9993852662954,Category 4,125.0,143.8,948.0,2001-10-04,2001-10-09,5.0,Landfall,Category 3,16.2424,-88.7091,108.0,2001-10-04,0,0.05055310090893261,31.969999313354492,0.08303183430804295,0.36343521676275375,-0.8929093567251462,-0.06372926643865817,0.4637083172285311,0.04450703555001319
2002234N14164,Rusa (2002),2002.0,2002-0561-PRK,nat-met-sto-tro,PRK,Asia,133.0,3.0,0.0,7401.0,7401.0,0.0,0.0,500.0,895.0,55.8716960740501,Category 4,115.0,132.3,927.0,2002-08-22,2002-09-03,12.8,Landfall,Tropical Storm,34.8418,127.37,62.0,2002-08-22,0,0.034010880265245014,27.75,-0.00337852779272263,0.46399131659106246,-0.18966235931638187,-0.00337852779272263,0.9659308568734244,0.00976571399967411
2001157N28265,Allison (2001),2001.0,2001-0242-USA,nat-met-sto-tro,USA,Americas,0.0,41.0,0.0,102000.0,172000.0,3500000.0,6363707.0,6000000.0,10909213.0,54.9993852662954,Tropical Storm,50.0,57.5,1000.0,2001-06-05,2001-06-19,13.5,Landfall,Tropical Storm,29.3,-95.3,45.0,2001-06-05,0,0.013535295348028775,19.579999923706055,0.018601681495812095,0.1624383584317902,-0.5882884919737734,-0.02104943110349511,0.4381171598458296,-0.014220633645751067
2001225N18146,Pabuk (2001),2001.0,2001-0454-JPN,nat-met-sto-tro,JPN,Asia,0.0,9.0,40.0,7000.0,7040.0,500000.0,909101.0,800000.0,1454562.0,54.9993852662954,Category 2,90.0,103.6,954.0,2001-08-13,2001-08-23,9.8,Landfall,Tropical Storm,33.7,135.75,55.0,2001-08-13,0,-0.008145707969895,20.420000076293945,-0.0088488636826497,0.271204691853664,7.677710843373495,-0.04052682352996351,0.4169653348894651,0.005207113636749135
2001248N23125,Nari (2001),2001.0,2001-0522-TWN,nat-met-sto-tro,TWN,Asia,0.0,80.0,200.0,650000.0,650200.0,500000.0,909101.0,800000.0,1454562.0,54.9993852662954,Category 3,100.0,115.1,944.0,2001-09-05,2001-09-21,16.0,Landfall,Category 1,24.625,121.625,65.0,2001-09-05,0,-0.024703698385610928,26.350000381469727,-0.00922461332654434,0.13600372782907025,0.340725806451613,-0.024226256066725016,0.33768709449638246,-0.04340865240368741
2002187N11160,Halong (2002),2002.0,2002-0423-PHL,nat-met-sto-tro,PHL,Asia,0.0,62.0,0.0,11000.0,11000.0,0.0,0.0,5664.0,10138.0,55.8716960740501,Category 4,135.0,155.4,904.0,2002-07-05,2002-07-19,14.2,Landfall,Tropical Storm,35.5945,140.399,45.0,2002-07-05,0,-0.0012072287727058484,27.11000061035156,0.008468484027214451,0.19864252324288853,-0.8743789921930447,-0.0046110649083979105,0.5913427344035207,-0.055961051369658836
2002234N14164,Rusa (2002),2002.0,2002-0557-KOR,nat-met-sto-tro,KOR,Asia,190.0,184.0,0.0,88625.0,88625.0,170000.0,304269.0,4200000.0,7517223.0,55.8716960740501,Category 4,115.0,132.3,927.0,2002-08-22,2002-09-03,12.8,Landfall,Tropical Storm,34.8418,127.37,62.0,2002-08-22,0,0.034010880265245014,27.75,-0.00337852779272263,0.46399131659106246,-0.18966235931638187,-0.00337852779272263,0.9659308568734244,0.00976571399967411
2002187N11160,Halong (2002),2002.0,2002-0430-JPN,nat-met-sto-tro,JPN,Asia,0.0,1.0,9.0,570.0,579.0,0.0,0.0,89800.0,160725.0,55.8716960740501,Category 4,135.0,155.4,904.0,2002-07-05,2002-07-19,14.2,Landfall,Tropical Storm,35.5945,140.399,45.0,2002-07-05,0,-0.0012072287727058484,27.11000061035156,0.008468484027214451,0.19864252324288853,-0.8743789921930447,-0.0046110649083979105,0.5913427344035207,-0.055961051369658836
2001278N12302,Iris (2001),2001.0,2001-0570-DOM,nat-met-sto-tro,DOM,Americas,0.0,3.0,0.0,175.0,175.0,0.0,0.0,10.0,18.0,54.9993852662954,Category 4,125.0,143.8,948.0,2001-10-04,2001-10-09,5.0,Landfall,Category 3,16.2424,-88.7091,108.0,2001-10-04,0,0.05055310090893261,31.969999313354492,0.08303183430804295,0.36343521676275375,-0.8929093567251462,-0.06372926643865817,0.4637083172285311,0.04450703555001319
2002234N14164,Rusa (2002),2002.0,2002-0557-JPN,nat-met-sto-tro,JPN,Asia,0.0,0.0,12.0,1236.0,1248.0,0.0,0.0,0.0,0.0,55.8716960740501,Category 4,115.0,132.3,927.0,2002-08-22,2002-09-03,12.8,Landfall,Tropical Storm,34.8418,127.37,62.0,2002-08-22,0,0.034010880265245014,27.75,-0.00337852779272263,0.46399131659106246,-0.18966235931638187,-0.00337852779272263,0.9659308568734244,0.00976571399967411
2001278N12302,Iris (2001),2001.0,2001-0570-MEX,nat-met-sto-tro,MEX,Americas,0.0,2.0,0.0,0.0,0.0,0.0,0.0,1000.0,1818.0,54.9993852662954,Category 4,125.0,143.8,948.0,2001-10-04,2001-10-09,5.0,Landfall,Category 3,16.2424,-88.7091,108.0,2001-10-04,0,0.05055310090893261,31.969999313354492,0.08303183430804295,0.36343521676275375,-0.8929093567251462,-0.06372926643865817,0.4637083172285311,0.04450703555001319
2001278N12302,Iris (2001),2001.0,2001-0553-BLZ,nat-met-sto-tro,BLZ,Americas,0.0,30.0,0.0,20000.0,20000.0,0.0,0.0,250000.0,454551.0,54.9993852662954,Category 4,125.0,143.8,948.0,2001-10-04,2001-10-09,5.0,Landfall,Category 3,16.2424,-88.7091,108.0,2001-10-04,0,0.05055310090893261,31.969999313354492,0.08303183430804295,0.36343521676275375,-0.8929093567251462,-0.06372926643865817,0.4637083172285311,0.04450703555001319
2001246N19156,Danas (2001),2001.0,2001-0511-JPN,nat-met-sto-tro,JPN,Asia,0.0,7.0,15.0,1200.0,1215.0,300000.0,545461.0,500000.0,909101.0,54.9993852662954,Category 3,105.0,120.8,938.0,2001-09-03,2001-09-12,9.8,Landfall,Category 1,34.6969,138.972,72.0,2001-09-04,1,-0.04133217090316288,25.850000381469727,-0.022988142612803908,0.13518046951920742,2.7574059247397917,-0.027590999850720554,0.3297568122953891,0.00506233558038684
2001206N14134,Toraji (2001),2001.0,2001-0405-CHN,nat-met-sto-tro,CHN,Asia,0.0,100.0,0.0,0.0,0.0,0.0,0.0,40000.0,72728.0,54.9993852662954,Category 3,100.0,115.1,944.0,2001-07-25,2001-08-02,8.5,Landfall,Category 3,23.75,121.3,100.0,2001-07-25,0,-0.015784103112271186,24.0,0.02922717296655919,0.2839697642052469,2.5682492581602374,-0.03333391882824965,0.3885999594065493,0.0006588808600374446
2001181N08141,Utor (2001),2001.0,2001-0319-PHL,nat-met-sto-tro,PHL,Asia,0.0,232.0,241.0,1902413.0,1902654.0,0.0,0.0,68565.0,124665.0,54.9993852662954,Category 1,80.0,92.1,963.0,2001-06-30,2001-07-07,7.8,Landfall,Category 1,22.75,114.8,65.0,2001-07-02,2,0.019799768638951942,18.760000228881836,-0.028562421905379498,0.20799294913266622,0.3866967305524238,-0.10420733228032253,0.16051238906797524,-0.0013289831316138714
2001170N11138,Chebi (2001),2001.0,2001-0292-CHN,nat-met-sto-tro,CHN,Asia,0.0,125.0,0.0,2895000.0,3108000.0,120000.0,218184.0,470000.0,854555.0,54.9993852662954,Category 3,100.0,115.1,944.0,2001-06-19,2001-06-25,6.5,Landfall,Category 2,25.5842,119.463,87.0,2001-06-19,0,-0.029739873831706065,22.34000015258789,-0.029571958713048963,0.16114807614860951,1.8697017268445841,-0.06130579083187959,0.4110489154407034,-0.019501692457199616
2001206N14134,Toraji (2001),2001.0,2001-0405-TWN,nat-met-sto-tro,TWN,Asia,0.0,100.0,0.0,0.0,0.0,20000.0,36364.0,240000.0,436369.0,54.9993852662954,Category 3,100.0,115.1,944.0,2001-07-25,2001-08-02,8.5,Landfall,Category 3,23.75,121.3,100.0,2001-07-25,0,-0.015784103112271186,24.0,0.02922717296655919,0.2839697642052469,2.5682492581602374,-0.03333391882824965,0.3885999594065493,0.0006588808600374446
2002122S07063,Kesiny (2002),2002.0,2002-0281-MDG,nat-met-sto-tro,MDG,Africa,205.0,20.0,1200.0,520000.0,526200.0,0.0,0.0,0.0,0.0,55.8716960740501,Category 1,65.0,74.8,976.0,2002-05-02,2002-05-11,9.5,Landfall,Tropical Storm,-12.7115,49.4724,60.0,2002-05-02,0,-0.006486231211954796,20.06999969482422,0.004268724271067947,0.21920482479572365,-0.5096571343015421,-0.01876939813078926,0.5834679174432843,-0.018669489770853188
2003212N09150,Etau (2003),2003.0,2003-0388-JPN,nat-met-sto-tro,JPN,Asia,0.0,20.0,93.0,6759.0,8976.0,47000.0,82254.0,55000.0,96255.0,57.1400352670416,Category 3,110.0,126.6,933.0,2003-07-31,2003-08-11,11.5,Landfall,Category 2,33.7313,134.388,85.0,2003-07-31,0,0.00913826581696675,19.489999771118164,-0.0008608589614441664,0.14772606218694231,2.044059405940594,-0.03333337333000164,0.36281394260267597,0.030074153671152515
2002268N15163,Higos (2002),2002.0,2002-0635-RUS,nat-met-sto-tro,RUS,Europe,0.0,6.0,0.0,0.0,0.0,0.0,0.0,0.0,0.0,55.8716960740501,Category 4,135.0,155.4,904.0,2002-09-25,2002-10-04,9.0,Landfall,Category 1,35.249,139.594,82.0,2002-09-25,0,-0.025553180242568363,37.33000183105469,-0.02906505551981764,0.3012181111613997,2.261188554658841,-0.07600514264798353,1.03722068857733,0.03797897810084905
2003235N20253,Ignacio (2003),2003.0,2003-0688-MEX,nat-met-sto-tro,MEX,Americas,0.0,2.0,0.0,3000.0,3000.0,0.0,0.0,21200.0,37102.0,57.1400352670416,Category 2,90.0,103.6,970.0,2003-08-22,2003-08-27,5.2,Landfall,Category 1,24.15,-109.95,72.0,2003-08-22,0,0.0015057876049657803,18.549999237060547,-0.006177681222397591,0.15329294227784054,0.5274957698815568,-0.015503532141755594,0.4050486304658657,0.016012956255449618
2002295N11261,Kenna (2002),2002.0,2002-0669-MEX,nat-met-sto-tro,MEX,Americas,450.0,3.0,200.0,8800.0,9000.0,0.0,0.0,200000.0,357963.0,55.8716960740501,Category 5,145.0,166.9,913.0,2002-10-22,2002-10-26,4.0,Landfall,Category 4,21.7,-105.4,120.0,2002-10-22,0,0.009244908374524297,34.09000015258789,-0.01908510778254624,0.3470895295745984,0.8109452736318408,-0.028143939412203056,0.8556488893471855,-0.037073733433095134
2003240N20139,Dujuan (2003),2003.0,2003-0443-HKG,nat-met-sto-tro,HKG,Asia,0.0,4.0,22.0,0.0,22.0,0.0,0.0,0.0,0.0,57.1400352670416,Category 4,125.0,143.8,916.0,2003-08-27,2003-09-03,6.8,Landfall,Category 2,22.575,114.725,85.0,2003-08-27,0,-0.003085268819058018,19.1299991607666,-0.0012351359483493418,0.14002061421445036,-0.5733724653148347,-0.010607366828709441,0.36566192007672843,0.011152053704227756
2003249N14329,Isabel (2003),2003.0,2003-0468-CAN,nat-met-sto-tro,CAN,Americas,0.0,1.0,0.0,0.0,0.0,0.0,0.0,0.0,0.0,57.1400352670416,Category 5,145.0,166.9,915.0,2003-09-06,2003-09-20,14.0,Landfall,Category 1,35.8281,-77.0428,75.0,2003-09-08,2,0.022081885200777585,18.260000228881836,0.01458687973545425,0.1088190574995389,0.843293492695883,0.0,0.3596127460156715,-0.022839903947612348
2003339N13284,Odette (2003),2003.0,2003-0599-DOM,nat-met-sto-tro,DOM,Americas,0.0,8.0,14.0,10000.0,10014.0,0.0,0.0,8000.0,14001.0,57.1400352670416,Tropical Storm,55.0,63.3,993.0,2003-12-04,2003-12-09,5.2,Landfall,Tropical Storm,17.8,-71.5,50.0,2003-12-04,0,0.01156340591659255,16.299999237060547,0.03596228289177761,0.12338867178740599,0.13986192789567875,0.0,0.4398482928352716,0.023503335075411
2002258N10300,Isidore (2002),2002.0,2002-0609-MEX,nat-met-sto-tro,MEX,Americas,0.0,13.0,30.0,500000.0,500030.0,280000.0,501148.0,640000.0,1145482.0,55.8716960740501,Category 3,110.0,126.6,934.0,2002-09-14,2002-09-27,13.0,Landfall,Tropical Depression,10.0856,-61.4549,25.0,2002-09-16,2,-0.008492887094594281,36.7400016784668,0.008960931369853542,0.27505962467630285,-0.05324298160696994,-0.04576252382807888,0.99070063519398,0.00880929741974841
2002178N10139,Rammasun (2002),2002.0,2002-0528-PHL,nat-met-sto-tro,PHL,Asia,0.0,7.0,0.0,0.0,3000.0,0.0,0.0,0.0,0.0,55.8716960740501,Category 3,110.0,126.6,933.0,2002-06-26,2002-07-07,11.2,Landfall,Tropical Storm,36.5643,126.893,35.0,2002-06-26,0,-0.04348384271906691,28.420000076293945,-0.0032277559094168184,0.21130293834887956,1.3414634146341462,-0.04949641730328236,0.6179887384696567,0.004305864639830527
2003196N11137,Koni (2003),2003.0,2003-0822-VNM,nat-met-sto-tro,VNM,Asia,0.0,3.0,18.0,0.0,5018.0,0.0,0.0,0.0,0.0,57.1400352670416,Category 1,65.0,74.8,976.0,2003-07-14,2003-07-22,8.2,Landfall,Tropical Storm,11.25,124.5,40.0,2003-07-14,0,0.00029799681967457303,19.59000015258789,-0.012604774155482668,0.08727983673386472,-0.8127616572830951,-0.05244785618588632,0.3858190718546223,0.014915874831857186
2002258N10300,Isidore (2002),2002.0,2002-0652-USA,nat-met-sto-tro,USA,Americas,0.0,1.0,0.0,13200.0,13200.0,200000.0,357963.0,300000.0,536945.0,55.8716960740501,Category 3,110.0,126.6,934.0,2002-09-14,2002-09-27,13.0,Landfall,Tropical Depression,10.0856,-61.4549,25.0,2002-09-16,2,-0.008492887094594281,36.7400016784668,0.008960931369853542,0.27505962467630285,-0.05324298160696994,-0.04576252382807888,0.99070063519398,0.00880929741974841
2003011S09182,Ami (2003),2003.0,2003-0024-FJI,nat-met-sto-tro,FJI,Oceania,2254.0,17.0,0.0,30000.0,30000.0,0.0,0.0,30000.0,52503.0,57.1400352670416,Category 3,110.0,126.6,944.0,2003-01-10,2003-01-17,6.5,At Sea / Open Water,At Sea / Open Water,0.0,0.0,0.0,2003-01-10,0,0.01871914892225912,24.31999969482422,-0.029437280890832973,0.218669142380833,4.002320185614849,-0.045400597131903364,0.7416041357215561,0.02501023924157268
2003316N11141,Nepartak (2003),2003.0,2003-0594-CHN,nat-met-sto-tro,CHN,Asia,0.0,0.0,0.0,1720000.0,1720000.0,0.0,0.0,196938.0,344659.0,57.1400352670416,Category 1,75.0,86.3,967.0,2003-11-11,2003-11-19,8.0,Landfall,Tropical Storm,12.15,124.925,50.0,2003-11-11,0,-0.005767593755418798,17.540000915527344,0.004573509106398754,0.1173917267896698,0.4479843953185956,-0.025806542458971515,0.5211853173190392,0.006079719653573379
2003144N16119,Linfa (2003),2003.0,2003-0258-JPN,nat-met-sto-tro,JPN,Asia,0.0,0.0,2.0,0.0,2.0,0.0,0.0,28200.0,49352.0,57.1400352670416,Tropical Storm,55.0,63.3,984.0,2003-05-24,2003-06-04,11.0,Landfall,Tropical Storm,16.1,119.875,55.0,2003-05-27,3,0.029681685460774432,19.989999771118164,0.05353302622074785,0.15456907179963156,0.8147935779816513,0.0,0.37551722319068787,-0.0015263319457694043
2003240N20139,Dujuan (2003),2003.0,2003-0443-CHN,nat-met-sto-tro,CHN,Asia,0.0,38.0,1000.0,0.0,69925.0,0.0,0.0,241000.0,421771.0,57.1400352670416,Category 4,125.0,143.8,916.0,2003-08-27,2003-09-03,6.8,Landfall,Category 2,22.575,114.725,85.0,2003-08-27,0,-0.003085268819058018,19.1299991607666,-0.0012351359483493418,0.14002061421445036,-0.5733724653148347,-0.010607366828709441,0.36566192007672843,0.011152053704227756
2003240N20139,Dujuan (2003),2003.0,2003-0443-TWN,nat-met-sto-tro,TWN,Asia,0.0,3.0,0.0,0.0,0.0,0.0,0.0,115000.0,201260.0,57.1400352670416,Category 4,125.0,143.8,916.0,2003-08-27,2003-09-03,6.8,Landfall,Category 2,22.575,114.725,85.0,2003-08-27,0,-0.003085268819058018,19.1299991607666,-0.0012351359483493418,0.14002061421445036,-0.5733724653148347,-0.010607366828709441,0.36566192007672843,0.011152053704227756
2003249N14329,Isabel (2003),2003.0,2003-0468-USA,nat-met-sto-tro,USA,Americas,0.0,16.0,0.0,225000.0,225000.0,1685000.0,2948896.0,3370000.0,5897791.0,57.1400352670416,Category 5,145.0,166.9,915.0,2003-09-06,2003-09-20,14.0,Landfall,Category 1,35.8281,-77.0428,75.0,2003-09-08,2,0.022081885200777585,18.260000228881836,0.01458687973545425,0.1088190574995389,0.843293492695883,0.0,0.3596127460156715,-0.022839903947612348
2003196N11137,Koni (2003),2003.0,2003-0822-PHL,nat-met-sto-tro,PHL,Asia,0.0,8.0,1.0,116601.0,116602.0,0.0,0.0,1499.0,2623.0,57.1400352670416,Category 1,65.0,74.8,976.0,2003-07-14,2003-07-22,8.2,Landfall,Tropical Storm,11.25,124.5,40.0,2003-07-14,0,0.00029799681967457303,19.59000015258789,-0.012604774155482668,0.08727983673386472,-0.8127616572830951,-0.05244785618588632,0.3858190718546223,0.014915874831857186
2002268N15163,Higos (2002),2002.0,2002-0635-JPN,nat-met-sto-tro,JPN,Asia,0.0,5.0,108.0,8082.0,8226.0,2140000.0,3830204.0,0.0,0.0,55.8716960740501,Category 4,135.0,155.4,904.0,2002-09-25,2002-10-04,9.0,Landfall,Category 1,35.249,139.594,82.0,2002-09-25,0,-0.025553180242568363,37.33000183105469,-0.02906505551981764,0.3012181111613997,2.261188554658841,-0.07600514264798353,1.03722068857733,0.03797897810084905
2003212N09150,Etau (2003),2003.0,2003-0388-RUS,nat-met-sto-tro,RUS,Europe,0.0,0.0,0.0,0.0,0.0,0.0,0.0,0.0,0.0,57.1400352670416,Category 3,110.0,126.6,933.0,2003-07-31,2003-08-11,11.5,Landfall,Category 2,33.7313,134.388,85.0,2003-07-31,0,0.00913826581696675,19.489999771118164,-0.0008608589614441664,0.14772606218694231,2.044059405940594,-0.03333337333000164,0.36281394260267597,0.030074153671152515
2003316N11141,Nepartak (2003),2003.0,2003-0594-PHL,nat-met-sto-tro,PHL,Asia,0.0,13.0,0.0,0.0,0.0,0.0,0.0,0.0,0.0,57.1400352670416,Category 1,75.0,86.3,967.0,2003-11-11,2003-11-19,8.0,Landfall,Tropical Storm,12.15,124.925,50.0,2003-11-11,0,-0.005767593755418798,17.540000915527344,0.004573509106398754,0.1173917267896698,0.4479843953185956,-0.025806542458971515,0.5211853173190392,0.006079719653573379
2003339N13284,Odette (2003),2003.0,2003-0599-PRI,nat-met-sto-tro,PRI,Americas,0.0,0.0,0.0,0.0,100.0,0.0,0.0,20.0,35.0,57.1400352670416,Tropical Storm,55.0,63.3,993.0,2003-12-04,2003-12-09,5.2,Landfall,Tropical Storm,17.8,-71.5,50.0,2003-12-04,0,0.01156340591659255,16.299999237060547,0.03596228289177761,0.12338867178740599,0.13986192789567875,0.0,0.4398482928352716,0.023503335075411
2002057N06156,Mitag (2002),2002.0,2002-0126-FSM,nat-met-sto-tro,FSM,Oceania,0.0,0.0,0.0,0.0,175.0,0.0,0.0,15000.0,26847.0,55.8716960740501,Category 5,140.0,161.1,898.0,2002-02-26,2002-03-09,10.8,At Sea / Open Water,At Sea / Open Water,0.0,0.0,0.0,2002-02-26,0,0.022618767122958072,21.68000030517578,0.04579163244396045,0.22725016528440678,-0.16762373530216024,-0.005212700669607551,0.741102623748094,0.0055894036141707765
2002258N10300,Isidore (2002),2002.0,2002-0604-CUB,nat-met-sto-tro,CUB,Americas,0.0,0.0,0.0,42500.0,42500.0,1000.0,1790.0,23000.0,41166.0,55.8716960740501,Category 3,110.0,126.6,934.0,2002-09-14,2002-09-27,13.0,Landfall,Tropical Depression,10.0856,-61.4549,25.0,2002-09-16,2,-0.008492887094594281,36.7400016784668,0.008960931369853542,0.27505962467630285,-0.05324298160696994,-0.04576252382807888,0.99070063519398,0.00880929741974841
2002258N10300,Isidore (2002),2002.0,2002-0849-GTM,nat-met-sto-tro,GTM,Americas,0.0,2.0,0.0,1500.0,1500.0,0.0,0.0,100.0,179.0,55.8716960740501,Category 3,110.0,126.6,934.0,2002-09-14,2002-09-27,13.0,Landfall,Tropical Depression,10.0856,-61.4549,25.0,2002-09-16,2,-0.008492887094594281,36.7400016784668,0.008960931369853542,0.27505962467630285,-0.05324298160696994,-0.04576252382807888,0.99070063519398,0.00880929741974841
2003144N16119,Linfa (2003),2003.0,2003-0258-PHL,nat-met-sto-tro,PHL,Asia,0.0,51.0,16.0,11345.0,13909.0,0.0,0.0,4000.0,7000.0,57.1400352670416,Tropical Storm,55.0,63.3,984.0,2003-05-24,2003-06-04,11.0,Landfall,Tropical Storm,16.1,119.875,55.0,2003-05-27,3,0.029681685460774432,19.989999771118164,0.05353302622074785,0.15456907179963156,0.8147935779816513,0.0,0.37551722319068787,-0.0015263319457694043
2003179N20271,Bill (2003),2003.0,2003-0782-USA,nat-met-sto-tro,USA,Americas,0.0,4.0,4.0,0.0,4.0,22000.0,38502.0,50000.0,87504.0,57.1400352670416,Tropical Storm,50.0,57.5,997.0,2003-06-28,2003-07-03,4.8,Landfall,Tropical Depression,19.5,-89.0,20.0,2003-06-30,2,-0.008027421641151222,19.520000457763672,-0.013535420544471655,0.1456815343495834,-0.4864416159380188,-0.05602991491061082,0.4611313177053847,-0.028684527847636334
2003196N11137,Koni (2003),2003.0,2003-0822-CHN,nat-met-sto-tro,CHN,Asia,0.0,0.0,0.0,7000.0,7000.0,0.0,0.0,16900.0,29576.0,57.1400352670416,Category 1,65.0,74.8,976.0,2003-07-14,2003-07-22,8.2,Landfall,Tropical Storm,11.25,124.5,40.0,2003-07-14,0,0.00029799681967457303,19.59000015258789,-0.012604774155482668,0.08727983673386472,-0.8127616572830951,-0.05244785618588632,0.3858190718546223,0.014915874831857186
2003212N09150,Etau (2003),2003.0,2003-0824-PHL,nat-met-sto-tro,PHL,Asia,0.0,0.0,0.0,155147.0,155147.0,0.0,0.0,661.0,1157.0,57.1400352670416,Category 3,110.0,126.6,933.0,2003-07-31,2003-08-11,11.5,Landfall,Category 2,33.7313,134.388,85.0,2003-07-31,0,0.00913826581696675,19.489999771118164,-0.0008608589614441664,0.14772606218694231,2.044059405940594,-0.03333337333000164,0.36281394260267597,0.030074153671152515
2017242N17253,Lidia (2017),2017.0,2017-0376-MEX,nat-met-sto-tro,MEX,Americas,0.0,20.0,0.0,0.0,1000.0,0.0,0.0,0.0,0.0,76.1376037057766,Tropical Storm,55.0,63.3,986.0,2017-08-29,2017-09-03,4.8,Landfall,Tropical Storm,24.0,-110.9,50.0,2017-08-29,0,-0.0024039286891475165,11.699999809265137,0.003685368132890554,0.09806324837764226,-0.42478150252442026,-0.056057920256465055,0.5184980337489401,0.03285550240066705
2003319N13172,Lupit (2003),2003.0,2003-0577-FSM,nat-met-sto-tro,FSM,Oceania,10.0,0.0,0.0,0.0,1000.0,0.0,0.0,1700.0,2975.0,57.1400352670416,Category 5,145.0,166.9,892.0,2003-11-14,2003-12-03,18.8,At Sea / Open Water,At Sea / Open Water,0.0,0.0,0.0,2003-11-14,0,-0.0014204319661104137,16.940000534057617,0.014869974545917541,0.10518229121524802,1.143835616438356,-0.005262873223686015,0.511360892718124,-0.018359144454613317
2015242N12343,Fred (2015),2015.0,2015-0473-CPV,nat-met-sto-tro,CPV,Africa,0.0,9.0,0.0,0.0,0.0,0.0,0.0,1100.0,1494.0,73.6208029365864,Category 1,75.0,86.3,986.0,2015-08-30,2015-09-06,7.5,At Sea / Open Water,At Sea / Open Water,0.0,0.0,0.0,2015-08-31,1,0.04311341089135978,28.43000030517578,0.10550872681358614,0.40022444858942846,-0.15831222922204313,-0.058531620341646606,1.1464010432181664,-0.023296031137787054
2004025S16044,Elita (2004),2004.0,2004-0029-MDG,nat-met-sto-tro,MDG,Africa,428.0,32.0,100.0,0.0,44290.0,0.0,0.0,0.0,0.0,58.6698092933412,Category 1,65.0,74.8,976.0,2004-01-24,2004-02-13,19.5,Landfall,Tropical Storm,-15.8449,46.0309,55.0,2004-01-26,2,0.014356852935871522,14.550000190734863,0.04139711160405879,0.15122580269543773,0.9232283464566928,0.0,0.49363743958188183,-0.012646100014959027
2004258N16300,Jeanne (2004),2004.0,2004-0473-USA,nat-met-sto-tro,USA,Americas,0.0,6.0,0.0,40000.0,40000.0,4900000.0,8351825.0,8000000.0,13635633.0,58.6698092933412,Category 3,105.0,120.8,950.0,2004-09-13,2004-09-29,15.8,Landfall,Tropical Storm,18.0,-66.0,60.0,2004-09-13,0,0.011684166572105692,13.170000076293944,0.015529726163792557,0.1568612595807317,-0.2148239545234213,0.0,0.6388256470134188,0.024217543372543542
2004275N14139,Ma-On (2004),2004.0,2004-0511-JPN,nat-met-sto-tro,JPN,Asia,0.0,9.0,169.0,14388.0,14962.0,241000.0,410773.0,603000.0,1027786.0,58.6698092933412,Category 5,140.0,161.1,898.0,2004-10-01,2004-10-10,8.8,Landfall,Category 2,35.6229,139.825,95.0,2004-10-01,0,0.019648579985216408,12.75,0.02339623017776704,0.15657450962337058,-0.6355547316711465,0.0,0.6828797273582945,0.028300672427507546
2004258N16300,Jeanne (2004),2004.0,2004-0473-PRI,nat-met-sto-tro,PRI,Americas,0.0,2.0,0.0,3500.0,3500.0,30000.0,51134.0,100000.0,170445.0,58.6698092933412,Category 3,105.0,120.8,950.0,2004-09-13,2004-09-29,15.8,Landfall,Tropical Storm,18.0,-66.0,60.0,2004-09-13,0,0.011684166572105692,13.170000076293944,0.015529726163792557,0.1568612595807317,-0.2148239545234213,0.0,0.6388256470134188,0.024217543372543542
2004158N07142,Chanthu (2004),2004.0,2004-0258-VNM,nat-met-sto-tro,VNM,Asia,0.0,14.0,5.0,900.0,905.0,0.0,0.0,7000.0,11931.0,58.6698092933412,Category 1,75.0,86.3,967.0,2004-06-05,2004-06-15,10.0,Landfall,Tropical Storm,10.9,123.933,35.0,2004-06-07,2,0.016303746755473858,15.390000343322754,0.016134499113253042,0.20903546711602639,-0.18244678635398004,-0.0013215806841605504,0.9029616896684014,0.012299858406026435
2004164N06139,Dianmu (2004),2004.0,2004-0276-KOR,nat-met-sto-tro,KOR,Asia,0.0,6.0,0.0,0.0,522.0,0.0,0.0,0.0,0.0,58.6698092933412,Category 5,155.0,178.4,879.0,2004-06-11,2004-06-28,16.8,At Sea / Open Water,At Sea / Open Water,0.0,0.0,0.0,2004-06-14,3,0.002123807962470803,16.06999969482422,0.011118910210303534,0.17898329062323576,-0.04442555000531401,-0.008588925536253567,0.9395827702766781,0.038857280060131005
2004333N06154,Nanmadol (2004),2004.0,2004-0618-PHL,nat-met-sto-tro,PHL,Asia,0.0,70.0,77.0,287175.0,339537.0,0.0,0.0,34000.0,57951.0,58.6698092933412,Category 4,130.0,149.6,910.0,2004-11-28,2004-12-04,6.2,Landfall,Category 3,16.5891,121.009,107.0,2004-11-29,1,0.00332124826845992,13.300000190734863,0.029686675184555256,0.19595435083379614,-0.31361142160349553,-0.005311434985358909,0.5343224299257506,-0.045057648848659364
2006209N13130,Prapiroon (2006),2006.0,2006-0410-CHN,nat-met-sto-tro,CHN,Asia,0.0,89.0,0.0,10000000.0,10000000.0,0.0,0.0,900000.0,1437305.0,62.6171947810345,Category 1,70.0,80.6,972.0,2006-07-28,2006-08-05,8.2,Landfall,Tropical Depression,16.4564,121.88,30.0,2006-07-28,0,0.03251336786212522,14.329999923706056,0.06038895966824542,0.24458104716389026,-0.5158450183288675,-0.008240225049669037,1.4905065206883061,-0.001350443009119511
2003196N05150,Imbudo (2003),2003.0,2003-0346-CHN,nat-met-sto-tro,CHN,Asia,0.0,20.0,20.0,7400000.0,7400020.0,0.0,0.0,100000.0,175009.0,57.1400352670416,Category 4,130.0,149.6,910.0,2003-07-15,2003-07-25,10.5,Landfall,Category 3,16.6566,122.202,102.0,2003-07-15,0,-0.006326953372887134,19.549999237060547,-0.019359907692512834,0.089406549424167,1.2288907284768213,-0.05137652554940075,0.36083596519032124,0.01639844011320986
2004174N14146,Mindulle (2004),2004.0,2004-0309-PHL,nat-met-sto-tro,PHL,Asia,0.0,28.0,12.0,385000.0,385012.0,0.0,0.0,19667.0,33521.0,58.6698092933412,Category 4,125.0,143.8,916.0,2004-06-21,2004-07-05,14.0,Landfall,Tropical Storm,23.6651,121.447,60.0,2004-06-21,0,0.0034730832498379716,15.260000228881836,0.042120529241415294,0.18095537537870665,-0.4699143588032477,-0.002242076779547242,0.9178170253354643,-0.004594575671103702
2004223N11301,Charley (2004),2004.0,2004-0415-JAM,nat-met-sto-tro,JAM,Americas,0.0,1.0,6.0,120.0,126.0,0.0,0.0,300000.0,511336.0,58.6698092933412,Category 4,130.0,149.6,941.0,2004-08-09,2004-08-15,6.0,Landfall,Category 3,22.7,-82.6,105.0,2004-08-09,0,-0.03664324931241569,18.88999938964844,-0.030237970091236077,0.18427373415951778,1.3826576576576577,-0.04176867301005416,0.7074957452330689,-0.012095168378698968
2004231N09147,Aere (2004),2004.0,2004-0435-PHL,nat-met-sto-tro,PHL,Asia,0.0,35.0,0.0,1058849.0,1058849.0,0.0,0.0,0.0,0.0,58.6698092933412,Category 2,90.0,103.6,954.0,2004-08-17,2004-08-31,13.2,Landfall,Category 1,24.7429,118.495,70.0,2004-08-17,0,0.004890429817539399,17.020000457763672,-0.02267619593547132,0.19835675721550178,1.381105231196322,-0.06707318256556782,0.6637330166651549,0.0026622010461231933
2004258N16300,Jeanne (2004),2004.0,2004-0473-VIR,nat-met-sto-tro,VIR,Americas,0.0,0.0,0.0,0.0,0.0,0.0,0.0,0.0,0.0,58.6698092933412,Category 3,105.0,120.8,950.0,2004-09-13,2004-09-29,15.8,Landfall,Tropical Storm,18.0,-66.0,60.0,2004-09-13,0,0.011684166572105692,13.170000076293944,0.015529726163792557,0.1568612595807317,-0.2148239545234213,0.0,0.6388256470134188,0.024217543372543542
2003196N05150,Imbudo (2003),2003.0,2003-0346-PHL,nat-met-sto-tro,PHL,Asia,0.0,21.0,0.0,14280.0,14280.0,0.0,0.0,26468.0,46321.0,57.1400352670416,Category 4,130.0,149.6,910.0,2003-07-15,2003-07-25,10.5,Landfall,Category 3,16.6566,122.202,102.0,2003-07-15,0,-0.006326953372887134,19.549999237060547,-0.019359907692512834,0.089406549424167,1.2288907284768213,-0.05137652554940075,0.36083596519032124,0.01639844011320986
2003268N28298,Juan (2003),2003.0,2003-0487-CAN,nat-met-sto-tro,CAN,Americas,0.0,2.0,0.0,200.0,200.0,0.0,0.0,110000.0,192510.0,57.1400352670416,Category 2,90.0,103.6,969.0,2003-09-24,2003-09-29,5.0,At Sea / Open Water,At Sea / Open Water,0.0,0.0,0.0,2003-09-24,0,-0.01820291659026707,21.219999313354492,0.018407786247590874,0.124953081923563,0.9197166469893743,-0.02185681663952399,0.41769198978414956,-0.0027757196091360674
2004025S16044,Elita (2004),2004.0,2004-0029-MOZ,nat-met-sto-tro,MOZ,Africa,0.0,0.0,0.0,0.0,10000.0,0.0,0.0,0.0,0.0,58.6698092933412,Category 1,65.0,74.8,976.0,2004-01-24,2004-02-13,19.5,Landfall,Tropical Storm,-15.8449,46.0309,55.0,2004-01-26,2,0.014356852935871522,14.550000190734863,0.04139711160405879,0.15122580269543773,0.9232283464566928,0.0,0.49363743958188183,-0.012646100014959027
2004241N32282,Gaston (2004),2004.0,2004-0448-USA,nat-met-sto-tro,USA,Americas,0.0,7.0,0.0,0.0,0.0,62500.0,106528.0,62500.0,106528.0,58.6698092933412,Category 1,65.0,74.8,985.0,2004-08-27,2004-09-03,6.5,Landfall,Category 1,33.0,-79.6,65.0,2004-08-27,0,0.008779625891150777,14.710000038146973,0.004774028026915511,0.20072910595689628,-0.5370445987024182,-0.0375000943421655,0.7088318372124632,0.035967151123043495
2004258N16300,Jeanne (2004),2004.0,2004-0473-HTI,nat-met-sto-tro,HTI,Americas,40208.0,2754.0,2620.0,298926.0,315594.0,0.0,0.0,50000.0,85223.0,58.6698092933412,Category 3,105.0,120.8,950.0,2004-09-13,2004-09-29,15.8,Landfall,Tropical Storm,18.0,-66.0,60.0,2004-09-13,0,0.011684166572105692,13.170000076293944,0.015529726163792557,0.1568612595807317,-0.2148239545234213,0.0,0.6388256470134188,0.024217543372543542
2004288N09164,Nock-Ten (2004),2004.0,2004-0535-TWN,nat-met-sto-tro,TWN,Asia,0.0,7.0,100.0,1600.0,1700.0,0.0,0.0,0.0,0.0,58.6698092933412,Category 3,110.0,126.6,933.0,2004-10-13,2004-10-27,13.2,At Sea / Open Water,At Sea / Open Water,0.0,0.0,0.0,2004-10-13,0,-0.027380319953534737,15.420000076293944,-0.04666540195349822,0.19711634567277894,1.372081420874077,-0.04666540195349822,0.8307183660921698,0.02545018060835411
2004319N10134,Muifa (2004),2004.0,2004-0580-VNM,nat-met-sto-tro,VNM,Asia,0.0,56.0,0.0,500000.0,500000.0,0.0,0.0,23000.0,39202.0,58.6698092933412,Category 4,115.0,132.3,927.0,2004-11-13,2004-11-26,12.2,Landfall,Category 1,13.9745,123.227,82.0,2004-11-15,2,0.01683789429565219,13.380000114440918,-0.0005693638541764967,0.22116439568914925,0.16375626185152692,-0.021726874207328772,0.6205711847916747,0.05631164223749581
2004333N06154,Nanmadol (2004),2004.0,2004-0618-TWN,nat-met-sto-tro,TWN,Asia,0.0,3.0,0.0,0.0,0.0,0.0,0.0,20800.0,35453.0,58.6698092933412,Category 4,130.0,149.6,910.0,2004-11-28,2004-12-04,6.2,Landfall,Category 3,16.5891,121.009,107.0,2004-11-29,1,0.00332124826845992,13.300000190734863,0.029686675184555256,0.19595435083379614,-0.31361142160349553,-0.005311434985358909,0.5343224299257506,-0.045057648848659364
2003056S21042,Japhet (2003),2003.0,2003-0114-MOZ,nat-met-sto-tro,MOZ,Africa,0.0,11.0,10.0,23000.0,23010.0,0.0,0.0,0.0,0.0,57.1400352670416,Category 4,115.0,132.3,927.0,2003-02-24,2003-03-05,8.8,Landfall,Category 2,-21.6667,35.1333,85.0,2003-02-24,0,-0.004159778931895675,31.979999542236328,0.04424758378653837,0.24505623756955655,0.2715617715617715,0.0,0.7267027142915594,0.0006065506925710482
2003247N10153,Maemi (2003),2003.0,2003-0459-KOR,nat-met-sto-tro,KOR,Asia,230.0,130.0,0.0,65000.0,80000.0,504000.0,882044.0,4500000.0,7875389.0,57.1400352670416,Category 5,150.0,172.6,885.0,2003-09-04,2003-09-16,12.0,Landfall,Category 2,34.9,128.3,95.0,2003-09-04,0,0.032653651938798545,18.709999084472656,0.023092250769686018,0.12660097495484623,0.35084427767354587,-0.0016100142611816803,0.3867963431128217,-0.009805386386194007
2004238N11325,Frances (2004),2004.0,2004-0455-BHS,nat-met-sto-tro,BHS,Americas,0.0,2.0,0.0,8000.0,8000.0,230000.0,392024.0,1000000.0,1704454.0,58.6698092933412,Category 4,125.0,143.8,935.0,2004-08-25,2004-09-10,16.8,Landfall,Category 2,27.2,-80.2,90.0,2004-08-25,0,0.009724129289732097,14.979999542236328,0.004838708941418579,0.19965635038453036,-0.0017799278901008408,-0.050305075608506944,0.6932322563346479,0.04228677361139843
2004239N11171,Songda (2004),2004.0,2004-0459-RUS,nat-met-sto-tro,RUS,Europe,0.0,3.0,0.0,0.0,0.0,0.0,0.0,0.0,0.0,58.6698092933412,Category 4,125.0,143.8,916.0,2004-08-26,2004-09-10,15.8,Landfall,Category 2,33.8277,130.636,87.0,2004-08-26,0,0.012669577839600654,14.90999984741211,0.008681783106433638,0.19959815674020243,-0.4204460145727533,-0.04359750936682927,0.6986249346585274,0.03532181775361444
2005248N08142,Khanun (2005),2005.0,2005-0510-CHN,nat-met-sto-tro,CHN,Asia,0.0,25.0,8.0,1350000.0,1350008.0,78000.0,128585.0,1750000.0,2884917.0,60.6603317527392,Category 4,115.0,132.3,927.0,2005-09-05,2005-09-13,8.5,Landfall,Category 2,28.8138,121.372,92.0,2005-09-06,1,0.016517247161115467,12.93000030517578,0.06056171507350783,0.23552787669272246,-0.19836589180162745,-0.012509818491460933,0.8500130458616929,-0.00030925123992240825
2006209N13130,Prapiroon (2006),2006.0,2006-0410-PHL,nat-met-sto-tro,PHL,Asia,0.0,6.0,0.0,15000.0,15000.0,0.0,0.0,135000.0,215596.0,62.6171947810345,Category 1,70.0,80.6,972.0,2006-07-28,2006-08-05,8.2,Landfall,Tropical Depression,16.4564,121.88,30.0,2006-07-28,0,0.03251336786212522,14.329999923706056,0.06038895966824542,0.24458104716389026,-0.5158450183288675,-0.008240225049669037,1.4905065206883061,-0.001350443009119511
2003122S11065,Manou (2003),2003.0,2003-0218-MDG,nat-met-sto-tro,MDG,Africa,1294.0,89.0,86.0,114500.0,162086.0,0.0,0.0,0.0,0.0,57.1400352670416,Category 1,75.0,86.3,967.0,2003-05-01,2003-05-13,11.5,At Sea / Open Water,At Sea / Open Water,0.0,0.0,0.0,2003-05-01,0,0.005910627728824114,21.59000015258789,-0.012433382697775164,0.16365974162837446,1.3082155939298796,-0.015928920983170114,0.3804269670820311,0.026500190920790326
2003240N15329,Fabian (2003),2003.0,2003-0448-BMU,nat-met-sto-tro,BMU,Americas,0.0,4.0,10.0,0.0,10.0,125000.0,218761.0,300000.0,525026.0,57.1400352670416,Category 4,125.0,143.8,939.0,2003-08-27,2003-09-09,13.0,At Sea / Open Water,At Sea / Open Water,0.0,0.0,0.0,2003-08-27,0,-0.003085268819058018,19.1299991607666,-0.0012351359483493418,0.14002061421445036,-0.5733724653148347,-0.010607366828709441,0.36566192007672843,0.011152053704227756
2004164N06139,Dianmu (2004),2004.0,2004-0276-JPN,nat-met-sto-tro,JPN,Asia,0.0,6.0,56.0,700.0,756.0,0.0,0.0,68300.0,116414.0,58.6698092933412,Category 5,155.0,178.4,879.0,2004-06-11,2004-06-28,16.8,At Sea / Open Water,At Sea / Open Water,0.0,0.0,0.0,2004-06-14,3,0.002123807962470803,16.06999969482422,0.011118910210303534,0.17898329062323576,-0.04442555000531401,-0.008588925536253567,0.9395827702766781,0.038857280060131005
2004174N14146,Mindulle (2004),2004.0,2004-0309-TWN,nat-met-sto-tro,TWN,Asia,0.0,28.0,6.0,1165.0,1171.0,0.0,0.0,400000.0,681782.0,58.6698092933412,Category 4,125.0,143.8,916.0,2004-06-21,2004-07-05,14.0,Landfall,Tropical Storm,23.6651,121.447,60.0,2004-06-21,0,0.0034730832498379716,15.260000228881836,0.042120529241415294,0.18095537537870665,-0.4699143588032477,-0.002242076779547242,0.9178170253354643,-0.004594575671103702
2004231N09147,Aere (2004),2004.0,2004-0435-JPN,nat-met-sto-tro,JPN,Asia,0.0,2.0,2.0,0.0,2.0,0.0,0.0,500.0,852.0,58.6698092933412,Category 2,90.0,103.6,954.0,2004-08-17,2004-08-31,13.2,Landfall,Category 1,24.7429,118.495,70.0,2004-08-17,0,0.004890429817539399,17.020000457763672,-0.02267619593547132,0.19835675721550178,1.381105231196322,-0.06707318256556782,0.6637330166651549,0.0026622010461231933
2004239N11171,Songda (2004),2004.0,2004-0459-KOR,nat-met-sto-tro,KOR,Asia,0.0,0.0,0.0,0.0,0.0,0.0,0.0,250000.0,426114.0,58.6698092933412,Category 4,125.0,143.8,916.0,2004-08-26,2004-09-10,15.8,Landfall,Category 2,33.8277,130.636,87.0,2004-08-26,0,0.012669577839600654,14.90999984741211,0.008681783106433638,0.19959815674020243,-0.4204460145727533,-0.04359750936682927,0.6986249346585274,0.03532181775361444
2004258N16300,Jeanne (2004),2004.0,2004-0473-DOM,nat-met-sto-tro,DOM,Americas,79.0,11.0,9.0,14000.0,14009.0,0.0,0.0,296000.0,504518.0,58.6698092933412,Category 3,105.0,120.8,950.0,2004-09-13,2004-09-29,15.8,Landfall,Tropical Storm,18.0,-66.0,60.0,2004-09-13,0,0.011684166572105692,13.170000076293944,0.015529726163792557,0.1568612595807317,-0.2148239545234213,0.0,0.6388256470134188,0.024217543372543542
2005241N15155,Nabi (2005),2005.0,2005-0497-JPN,nat-met-sto-tro,JPN,Asia,0.0,32.0,140.0,270000.0,270140.0,550000.0,906688.0,1000000.0,1648524.0,60.6603317527392,Category 5,140.0,161.1,898.0,2005-08-28,2005-09-09,12.0,Landfall,Category 1,32.7495,130.137,82.0,2005-08-29,1,-0.006368615264673139,13.520000457763672,0.0016563557761526404,0.18727881511405817,0.15195187859727333,-0.03740531433116545,0.8926236418862341,0.04581802975861787
2005241N15155,Nabi (2005),2005.0,2005-0497-KOR,nat-met-sto-tro,KOR,Asia,0.0,5.0,0.0,1100.0,1100.0,0.0,0.0,5000.0,8243.0,60.6603317527392,Category 5,140.0,161.1,898.0,2005-08-28,2005-09-09,12.0,Landfall,Category 1,32.7495,130.137,82.0,2005-08-29,1,-0.006368615264673139,13.520000457763672,0.0016563557761526404,0.18727881511405817,0.15195187859727333,-0.03740531433116545,0.8926236418862341,0.04581802975861787
2004072S11146,Fay (2004),2004.0,2004-0165-AUS,nat-met-sto-tro,AUS,Oceania,0.0,0.0,0.0,250.0,250.0,0.0,0.0,0.0,0.0,58.6698092933412,Category 4,120.0,138.1,922.0,2004-03-12,2004-03-28,16.5,Landfall,Tropical Depression,-11.1015,142.698,0.0,2004-03-12,0,-0.03265106276380969,18.299999237060547,-0.027584570785017082,0.1595704610658912,-0.37006597985878,-0.031767698798403354,0.8626692212141346,0.013599530094180298
2004219N15137,Rananim (2004),2004.0,2004-0412-CHN,nat-met-sto-tro,CHN,Asia,0.0,188.0,4000.0,8590000.0,9062000.0,0.0,0.0,2190000.0,3732755.0,58.6698092933412,Category 2,90.0,103.6,954.0,2004-08-06,2004-08-15,9.2,Landfall,Category 2,28.15,121.35,85.0,2004-08-06,0,-0.03599754701764557,19.34000015258789,-0.046841239253504474,0.1741885655885566,1.5468778951269222,-0.057012102752095783,0.699660091135026,0.004239846706517202
2004223N11301,Charley (2004),2004.0,2004-0415-CUB,nat-met-sto-tro,CUB,Americas,120.0,4.0,5.0,202500.0,244005.0,0.0,0.0,1000000.0,1704454.0,58.6698092933412,Category 4,130.0,149.6,941.0,2004-08-09,2004-08-15,6.0,Landfall,Category 3,22.7,-82.6,105.0,2004-08-09,0,-0.03664324931241569,18.88999938964844,-0.030237970091236077,0.18427373415951778,1.3826576576576577,-0.04176867301005416,0.7074957452330689,-0.012095168378698968
2004223N11301,Charley (2004),2004.0,2004-0415-CYM,nat-met-sto-tro,CYM,Americas,0.0,0.0,0.0,0.0,0.0,0.0,0.0,5000.0,8522.0,58.6698092933412,Category 4,130.0,149.6,941.0,2004-08-09,2004-08-15,6.0,Landfall,Category 3,22.7,-82.6,105.0,2004-08-09,0,-0.03664324931241569,18.88999938964844,-0.030237970091236077,0.18427373415951778,1.3826576576576577,-0.04176867301005416,0.7074957452330689,-0.012095168378698968
2004223N11301,Charley (2004),2004.0,2004-0415-USA,nat-met-sto-tro,USA,Americas,0.0,10.0,0.0,30000.0,30000.0,7600000.0,12953852.0,16000000.0,27271266.0,58.6698092933412,Category 4,130.0,149.6,941.0,2004-08-09,2004-08-15,6.0,Landfall,Category 3,22.7,-82.6,105.0,2004-08-09,0,-0.03664324931241569,18.88999938964844,-0.030237970091236077,0.18427373415951778,1.3826576576576577,-0.04176867301005416,0.7074957452330689,-0.012095168378698968
2004227N15141,Megi (2004),2004.0,2004-0428-JPN,nat-met-sto-tro,JPN,Asia,0.0,11.0,0.0,8502.0,8502.0,0.0,0.0,500000.0,852227.0,58.6698092933412,Category 1,65.0,74.8,976.0,2004-08-14,2004-08-22,8.2,Landfall,Tropical Depression,40.9459,140.51,0.0,2004-08-16,2,0.012149157666171861,17.56999969482422,-0.0034996910217166555,0.1835737231108623,-0.5792607996975139,-0.04512218658184852,0.708872668218391,-0.021695543761236596
2004238N11325,Frances (2004),2004.0,2004-0455-DOM,nat-met-sto-tro,DOM,Americas,0.0,0.0,0.0,250.0,250.0,0.0,0.0,0.0,0.0,58.6698092933412,Category 4,125.0,143.8,935.0,2004-08-25,2004-09-10,16.8,Landfall,Category 2,27.2,-80.2,90.0,2004-08-25,0,0.009724129289732097,14.979999542236328,0.004838708941418579,0.19965635038453036,-0.0017799278901008408,-0.050305075608506944,0.6932322563346479,0.04228677361139843
2004238N11325,Frances (2004),2004.0,2004-0455-TCA,nat-met-sto-tro,TCA,Americas,0.0,0.0,0.0,200.0,200.0,0.0,0.0,0.0,0.0,58.6698092933412,Category 4,125.0,143.8,935.0,2004-08-25,2004-09-10,16.8,Landfall,Category 2,27.2,-80.2,90.0,2004-08-25,0,0.009724129289732097,14.979999542236328,0.004838708941418579,0.19965635038453036,-0.0017799278901008408,-0.050305075608506944,0.6932322563346479,0.04228677361139843
2004284N07157,Tokage (2004),2004.0,2004-0524-JPN,nat-met-sto-tro,JPN,Asia,0.0,89.0,342.0,84450.0,84792.0,1100000.0,1874900.0,2300000.0,3920245.0,58.6698092933412,Category 4,125.0,143.8,916.0,2004-10-10,2004-10-23,12.8,Landfall,Tropical Storm,34.1498,134.578,53.0,2004-10-11,1,-0.007642351788188062,14.710000038146973,0.013845906240989025,0.17036571282309307,0.0800803033682802,-0.015097561791584169,0.720692941826561,-0.024936595101746804
2004319N10134,Muifa (2004),2004.0,2004-0580-PHL,nat-met-sto-tro,PHL,Asia,0.0,104.0,240.0,838434.0,838674.0,0.0,0.0,6000.0,10227.0,58.6698092933412,Category 4,115.0,132.3,927.0,2004-11-13,2004-11-26,12.2,Landfall,Category 1,13.9745,123.227,82.0,2004-11-15,2,0.01683789429565219,13.380000114440918,-0.0005693638541764967,0.22116439568914925,0.16375626185152692,-0.021726874207328772,0.6205711847916747,0.05631164223749581
2003056S21042,Japhet (2003),2003.0,2003-0114-ZWE,nat-met-sto-tro,ZWE,Africa,0.0,8.0,0.0,0.0,0.0,0.0,0.0,0.0,0.0,57.1400352670416,Category 4,115.0,132.3,927.0,2003-02-24,2003-03-05,8.8,Landfall,Category 2,-21.6667,35.1333,85.0,2003-02-24,0,-0.004159778931895675,31.979999542236328,0.04424758378653837,0.24505623756955655,0.2715617715617715,0.0,0.7267027142915594,0.0006065506925710482
2003061S21148,Erica (2003),2003.0,2003-0135-NCL,nat-met-sto-tro,NCL,Oceania,300.0,2.0,100.0,0.0,1100.0,0.0,0.0,40000.0,70003.0,57.1400352670416,Category 4,130.0,149.6,910.0,2003-03-01,2003-03-17,15.5,Landfall,Tropical Depression,-21.0,147.5,0.0,2003-03-03,2,0.003461350765304072,30.43000030517578,0.003121923688832684,0.15378063313743873,-0.7096700274977086,0.0,0.6926457374675924,0.01748059149820315
2004093N07154,Sudal (2004),2004.0,2004-0150-FSM,nat-met-sto-tro,FSM,Oceania,7494.0,1.0,8.0,6000.0,6008.0,0.0,0.0,14000.0,23862.0,58.6698092933412,Category 4,130.0,149.6,910.0,2004-04-02,2004-04-18,16.0,At Sea / Open Water,At Sea / Open Water,0.0,0.0,0.0,2004-04-02,0,0.032514061016376994,15.640000343322754,0.025704678461638597,0.2026088384414292,0.49690322580645163,-0.031973296070572976,0.6825281222484599,0.03222645242033627
2004231N09147,Aere (2004),2004.0,2004-0435-CHN,nat-met-sto-tro,CHN,Asia,0.0,2.0,7.0,0.0,41357.0,0.0,0.0,5000.0,8522.0,58.6698092933412,Category 2,90.0,103.6,954.0,2004-08-17,2004-08-31,13.2,Landfall,Category 1,24.7429,118.495,70.0,2004-08-17,0,0.004890429817539399,17.020000457763672,-0.02267619593547132,0.19835675721550178,1.381105231196322,-0.06707318256556782,0.6637330166651549,0.0026622010461231933
2004231N09147,Aere (2004),2004.0,2004-0435-TWN,nat-met-sto-tro,TWN,Asia,0.0,32.0,2.0,0.0,2.0,0.0,0.0,5000.0,8522.0,58.6698092933412,Category 2,90.0,103.6,954.0,2004-08-17,2004-08-31,13.2,Landfall,Category 1,24.7429,118.495,70.0,2004-08-17,0,0.004890429817539399,17.020000457763672,-0.02267619593547132,0.19835675721550178,1.381105231196322,-0.06707318256556782,0.6637330166651549,0.0026622010461231933
2004238N11325,Frances (2004),2004.0,2004-0455-USA,nat-met-sto-tro,USA,Americas,0.0,47.0,0.0,0.0,0.0,5000000.0,8522271.0,11000000.0,18748996.0,58.6698092933412,Category 4,125.0,143.8,935.0,2004-08-25,2004-09-10,16.8,Landfall,Category 2,27.2,-80.2,90.0,2004-08-25,0,0.009724129289732097,14.979999542236328,0.004838708941418579,0.19965635038453036,-0.0017799278901008408,-0.050305075608506944,0.6932322563346479,0.04228677361139843
2003196N05150,Imbudo (2003),2003.0,2003-0346-HKG,nat-met-sto-tro,HKG,Asia,0.0,1.0,11.0,3500.0,3511.0,0.0,0.0,0.0,0.0,57.1400352670416,Category 4,130.0,149.6,910.0,2003-07-15,2003-07-25,10.5,Landfall,Category 3,16.6566,122.202,102.0,2003-07-15,0,-0.006326953372887134,19.549999237060547,-0.019359907692512834,0.089406549424167,1.2288907284768213,-0.05137652554940075,0.36083596519032124,0.01639844011320986
2003247N10153,Maemi (2003),2003.0,2003-0459-JPN,nat-met-sto-tro,JPN,Asia,0.0,3.0,107.0,0.0,4601.0,0.0,0.0,50000.0,87504.0,57.1400352670416,Category 5,150.0,172.6,885.0,2003-09-04,2003-09-16,12.0,Landfall,Category 2,34.9,128.3,95.0,2003-09-04,0,0.032653651938798545,18.709999084472656,0.023092250769686018,0.12660097495484623,0.35084427767354587,-0.0016100142611816803,0.3867963431128217,-0.009805386386194007
2004052S15172,Ivy (2004),2004.0,2004-0080-VUT,nat-met-sto-tro,VUT,Oceania,123.0,2.0,8.0,54000.0,54008.0,0.0,0.0,3800.0,6477.0,58.6698092933412,Category 3,105.0,120.8,938.0,2004-02-21,2004-03-02,10.0,Landfall,Category 3,-16.35,167.8,105.0,2004-02-23,2,-0.0046908575070084835,16.290000915527344,0.0044681574375553534,0.13231034232876795,-0.2961757526444264,-0.0040906557864458515,0.7203404746031146,0.02435420517164668
2004158N07142,Chanthu (2004),2004.0,2004-0258-THA,nat-met-sto-tro,THA,Asia,0.0,1.0,0.0,4000.0,4000.0,0.0,0.0,0.0,0.0,58.6698092933412,Category 1,75.0,86.3,967.0,2004-06-05,2004-06-15,10.0,Landfall,Tropical Storm,10.9,123.933,35.0,2004-06-07,2,0.016303746755473858,15.390000343322754,0.016134499113253042,0.20903546711602639,-0.18244678635398004,-0.0013215806841605504,0.9029616896684014,0.012299858406026435
2004227N15141,Megi (2004),2004.0,2004-0428-KOR,nat-met-sto-tro,KOR,Asia,0.0,8.0,0.0,0.0,2400.0,0.0,0.0,1000.0,1704.0,58.6698092933412,Category 1,65.0,74.8,976.0,2004-08-14,2004-08-22,8.2,Landfall,Tropical Depression,40.9459,140.51,0.0,2004-08-16,2,0.012149157666171861,17.56999969482422,-0.0034996910217166555,0.1835737231108623,-0.5792607996975139,-0.04512218658184852,0.708872668218391,-0.021695543761236596
2004238N11325,Frances (2004),2004.0,2004-0455-PRI,nat-met-sto-tro,PRI,Americas,0.0,0.0,0.0,0.0,0.0,0.0,0.0,0.0,0.0,58.6698092933412,Category 4,125.0,143.8,935.0,2004-08-25,2004-09-10,16.8,Landfall,Category 2,27.2,-80.2,90.0,2004-08-25,0,0.009724129289732097,14.979999542236328,0.004838708941418579,0.19965635038453036,-0.0017799278901008408,-0.050305075608506944,0.6932322563346479,0.04228677361139843
2004239N11171,Songda (2004),2004.0,2004-0459-JPN,nat-met-sto-tro,JPN,Asia,0.0,41.0,900.0,40000.0,40900.0,4700000.0,8010935.0,9000000.0,15340087.0,58.6698092933412,Category 4,125.0,143.8,916.0,2004-08-26,2004-09-10,15.8,Landfall,Category 2,33.8277,130.636,87.0,2004-08-26,0,0.012669577839600654,14.90999984741211,0.008681783106433638,0.19959815674020243,-0.4204460145727533,-0.04359750936682927,0.6986249346585274,0.03532181775361444
2004258N16300,Jeanne (2004),2004.0,2004-0473-BHS,nat-met-sto-tro,BHS,Americas,142.0,9.0,0.0,1000.0,1000.0,0.0,0.0,550000.0,937450.0,58.6698092933412,Category 3,105.0,120.8,950.0,2004-09-13,2004-09-29,15.8,Landfall,Tropical Storm,18.0,-66.0,60.0,2004-09-13,0,0.011684166572105692,13.170000076293944,0.015529726163792557,0.1568612595807317,-0.2148239545234213,0.0,0.6388256470134188,0.024217543372543542
2005261N21290,Rita (2005),2005.0,2005-0547-USA,nat-met-sto-tro,USA,Americas,0.0,10.0,0.0,300000.0,300000.0,11300000.0,18628319.0,16000000.0,26376381.0,60.6603317527392,Category 5,155.0,178.4,895.0,2005-09-18,2005-09-26,8.2,Landfall,Category 2,29.944,-93.8198,89.0,2005-09-19,1,-0.00591908025447252,12.140000343322754,0.04047530289475132,0.23038965067554715,0.15830024680759736,0.0,0.9318664289579028,0.008822770883903165
2022280N11294,Julia (2022),2022.0,2022-0647-COL,nat-met-sto-tro,COL,Americas,0.0,0.0,2.0,5000.0,5002.0,0.0,0.0,0.0,0.0,90.9026974595266,Category 1,75.0,86.3,982.0,2022-10-06,2022-10-10,4.0,Landfall,Tropical Depression,12.0,-69.8,30.0,2022-10-06,0,0.028694137302272438,30.520000457763672,0.13553740276032888,0.47286895974278814,0.0845746761938102,0.0,0.8044669949709792,0.02710840617057895
2022280N11294,Julia (2022),2022.0,2022-0647-HND,nat-met-sto-tro,HND,Americas,0.0,5.0,0.0,144000.0,144000.0,0.0,0.0,0.0,0.0,90.9026974595266,Category 1,75.0,86.3,982.0,2022-10-06,2022-10-10,4.0,Landfall,Tropical Depression,12.0,-69.8,30.0,2022-10-06,0,0.028694137302272438,30.520000457763672,0.13553740276032888,0.47286895974278814,0.0845746761938102,0.0,0.8044669949709792,0.02710840617057895
2020211N13306,Isaias (2020),2020.0,2020-0312-PRI,nat-met-sto-tro,PRI,Americas,0.0,1.0,0.0,0.0,0.0,0.0,0.0,59800.0,74387.0,80.3903830082114,Category 1,80.0,92.1,986.0,2020-07-28,2020-08-05,7.8,Landfall,Tropical Storm,18.9,-69.8,60.0,2020-07-28,0,-0.011815242560159533,25.440000534057617,-0.03528491174071269,0.4000524911056844,-0.5085208265367622,-0.03528491174071269,1.9227711523414694,-0.04970063111165021
2020258N11127,Noul (2020),2020.0,2020-0462-VNM,nat-met-sto-tro,VNM,Asia,0.0,6.0,0.0,125000.0,125000.0,0.0,0.0,33000.0,41050.0,80.3903830082114,Tropical Storm,50.0,57.5,990.0,2020-09-14,2020-09-19,5.0,Landfall,Tropical Depression,12.5451,124.595,10.0,2020-09-14,0,-0.011997887317812594,25.850000381469727,-0.057355726267882656,0.2536274290000717,-0.4337905127981131,-0.13431655204167336,1.102217383369253,0.02177654581838432
2019308N13114,Nakri (2019),2019.0,2019-0549-VNM,nat-met-sto-tro,VNM,Asia,0.0,3.0,0.0,2150.0,2150.0,0.0,0.0,4000.0,5037.0,79.4107846043372,Category 1,65.0,74.8,982.0,2019-11-04,2019-11-11,7.2,Landfall,Tropical Storm,12.8067,109.28,45.0,2019-11-04,0,0.013418974276546258,12.829999923706056,0.03430225262944231,0.21144945066434842,0.8313287855332323,0.0,1.125505883818858,-0.017638869054306765
2019308N13114,Nakri (2019),2019.0,2019-0549-PHL,nat-met-sto-tro,PHL,Asia,0.0,19.0,3.0,670.0,673.0,0.0,0.0,36000.0,45334.0,79.4107846043372,Category 1,65.0,74.8,982.0,2019-11-04,2019-11-11,7.2,Landfall,Tropical Storm,12.8067,109.28,45.0,2019-11-04,0,0.013418974276546258,12.829999923706056,0.03430225262944231,0.21144945066434842,0.8313287855332323,0.0,1.125505883818858,-0.017638869054306765
2019314N14136,Kalmaegi (2019),2019.0,2019-0541-PHL,nat-met-sto-tro,PHL,Asia,0.0,0.0,0.0,3000.0,3000.0,0.0,0.0,0.0,0.0,79.4107846043372,Category 2,90.0,103.6,963.0,2019-11-09,2019-11-22,12.8,Landfall,Tropical Storm,17.9949,121.928,55.0,2019-11-11,2,0.0031883300639670153,12.6899995803833,-0.014050384807755334,0.2165138457921072,-0.3274330939796193,-0.015336967893478715,1.1452761009530588,-0.030201141201432045
2020233N14313,Laura (2020),2020.0,2020-0376-DOM,nat-met-sto-tro,DOM,Americas,0.0,4.0,0.0,10000.0,10000.0,0.0,0.0,0.0,0.0,80.3903830082114,Category 4,130.0,149.6,937.0,2020-08-20,2020-08-29,9.2,Landfall,Tropical Storm,18.2,-68.8,45.0,2020-08-20,0,0.0043047488694807345,22.719999313354492,-0.04150122525597655,0.26671548844616294,0.21234058752617213,-0.06013493232148537,1.800250259294802,-0.06616962664779608
2020281N14126,Linfa (2020),2020.0,2020-0411-LAO,nat-met-sto-tro,LAO,Asia,0.0,2.0,0.0,69764.0,69764.0,0.0,0.0,0.0,0.0,80.3903830082114,Tropical Storm,40.0,46.0,999.0,2020-10-06,2020-10-12,5.5,Landfall,Tropical Depression,13.8,124.257,0.0,2020-10-06,0,0.007702249721075027,29.479999542236328,-0.009986699582422487,0.3542837446491329,0.3071606535887299,-0.1106420757948613,0.8586312754299984,-0.017110879625653178
2020306N15288,Eta (2020),2020.0,2020-0474-MEX,nat-met-sto-tro,MEX,Americas,0.0,31.0,0.0,0.0,0.0,0.0,0.0,0.0,0.0,80.3903830082114,Category 4,130.0,149.6,922.0,2020-10-31,2020-11-14,13.2,Landfall,Category 4,13.8,-83.5,120.0,2020-11-02,2,-0.027078157723650742,37.130001068115234,0.013651844597021956,0.3823652395702985,0.3780171704878128,-0.050815026558311716,0.9488972872483181,0.04312799028611998
2020306N15288,Eta (2020),2020.0,2020-0474-NIC,nat-met-sto-tro,NIC,Americas,0.0,2.0,0.0,30000.0,30000.0,0.0,0.0,178000.0,221420.0,80.3903830082114,Category 4,130.0,149.6,922.0,2020-10-31,2020-11-14,13.2,Landfall,Category 4,13.8,-83.5,120.0,2020-11-02,2,-0.027078157723650742,37.130001068115234,0.013651844597021956,0.3823652395702985,0.3780171704878128,-0.050815026558311716,0.9488972872483181,0.04312799028611998
2020306N15288,Eta (2020),2020.0,2020-0474-USA,nat-met-sto-tro,USA,Americas,0.0,12.0,0.0,0.0,0.0,0.0,0.0,1500000.0,1865895.0,80.3903830082114,Category 4,130.0,149.6,922.0,2020-10-31,2020-11-14,13.2,Landfall,Category 4,13.8,-83.5,120.0,2020-11-02,2,-0.027078157723650742,37.130001068115234,0.013651844597021956,0.3823652395702985,0.3780171704878128,-0.050815026558311716,0.9488972872483181,0.04312799028611998
2020299N18277,Zeta (2020),2020.0,2020-0483-USA,nat-met-sto-tro,USA,Americas,0.0,6.0,0.0,0.0,0.0,0.0,0.0,3500000.0,4353755.0,80.3903830082114,Category 3,100.0,115.1,970.0,2020-10-24,2020-10-30,5.5,Landfall,Category 1,20.4,-87.4,75.0,2020-10-26,2,-0.0076606943553768625,32.459999084472656,-0.008460316178633298,0.3561337517774667,0.20705947748749298,-0.06359863250775466,0.8844012538164159,0.03759980123885734
2019260N20129,Tapah (2019),2019.0,2019-0443-JPN,nat-met-sto-tro,JPN,Asia,0.0,0.0,21.0,2000.0,2021.0,0.0,0.0,0.0,0.0,79.4107846043372,Category 1,65.0,74.8,967.0,2019-09-17,2019-09-23,6.5,At Sea / Open Water,At Sea / Open Water,0.0,0.0,0.0,2019-09-17,0,0.009358483686652486,14.4399995803833,0.021831783197066912,0.22637543596644982,0.02846255540866327,-0.013939507799467732,1.0044274170876477,-0.009683691774496146
2020318N16289,Iota (2020),2020.0,2020-0495-COL,nat-met-sto-tro,COL,Americas,0.0,23.0,0.0,228000.0,228000.0,0.0,0.0,100000.0,124393.0,80.3903830082114,Category 4,135.0,155.4,917.0,2020-11-12,2020-11-18,6.0,Landfall,Category 4,13.6,-83.5,125.0,2020-11-12,0,0.008480181888621097,25.350000381469727,0.1055123653300698,0.6448800826994096,0.21351876662955482,-0.04219157670710594,1.010920801615868,0.08817444770223924
2020318N16289,Iota (2020),2020.0,2020-0495-GTM,nat-met-sto-tro,GTM,Americas,0.0,2.0,0.0,131298.0,131298.0,0.0,0.0,0.0,0.0,80.3903830082114,Category 4,135.0,155.4,917.0,2020-11-12,2020-11-18,6.0,Landfall,Category 4,13.6,-83.5,125.0,2020-11-12,0,0.008480181888621097,25.350000381469727,0.1055123653300698,0.6448800826994096,0.21351876662955482,-0.04219157670710594,1.010920801615868,0.08817444770223924
2019243N06136,Lingling (2019),2019.0,2019-0424-CHN,nat-met-sto-tro,CHN,Asia,0.0,0.0,0.0,0.0,0.0,0.0,0.0,131000.0,164965.0,79.4107846043372,Category 4,120.0,138.1,928.0,2019-08-30,2019-09-12,12.5,Landfall,Category 1,37.9,125.225,65.0,2019-08-30,0,0.026680117789881663,18.979999542236328,0.02716218327637998,0.2816039316209109,-0.46649377890851285,-0.0381525111629164,1.0717134121531067,0.026423157584945112
2020312N10131,Etau (2020),2020.0,2020-0542-VNM,nat-met-sto-tro,VNM,Asia,0.0,2.0,0.0,5000.0,5000.0,0.0,0.0,5260.0,6543.0,80.3903830082114,Tropical Storm,45.0,51.8,995.0,2020-11-06,2020-11-11,4.8,Landfall,Tropical Depression,12.4055,125.039,17.0,2020-11-06,0,0.07233421457079214,24.86000061035156,0.007312163132828342,0.350938591040025,-0.1233914780328077,-0.06345111128872294,0.8489437375045396,0.15185283401664773
2019236N10314,Dorian (2019),2019.0,2019-0412-BHS,nat-met-sto-tro,BHS,Americas,0.0,356.0,0.0,14940.0,14940.0,0.0,0.0,3400000.0,4281534.0,79.4107846043372,Category 5,160.0,184.1,910.0,2019-08-24,2019-09-09,15.8,Landfall,Category 1,45.2,-62.9,80.0,2019-08-26,2,-0.014812027032495623,19.31999969482422,-0.03568963291055527,0.2821569879688399,-0.22160990087597976,-0.10651814632069101,1.0192941961565531,0.008096293092270177
2021058S16149,Niran (2021),2021.0,2021-0125-NCL,nat-met-sto-tro,NCL,Oceania,0.0,0.0,0.0,0.0,0.0,0.0,0.0,0.0,0.0,84.1669829572524,Category 5,140.0,161.1,917.0,2021-02-27,2021-03-07,8.8,At Sea / Open Water,At Sea / Open Water,0.0,0.0,0.0,2021-03-01,2,0.006588426431389349,23.350000381469727,0.03390550239526835,0.3281898520589574,-0.08266287348997814,-0.017697151074987816,1.0871405641299121,0.09582026731535245
2021133N10071,Tauktae (2021),2021.0,2021-0252-MDV,nat-met-sto-tro,MDV,Asia,0.0,0.0,0.0,1320.0,1320.0,0.0,0.0,0.0,0.0,84.1669829572524,Category 4,120.0,138.1,931.0,2021-05-13,2021-05-19,6.0,Landfall,Category 3,20.9,71.2,110.0,2021-05-13,0,-0.020974973068370373,23.1299991607666,-0.015372621504895378,0.28361618102941266,0.35748010573935796,-0.032991369051645125,0.5937664397372135,-0.003959612132080967
2019112S10053,Kenneth (2019),2019.0,2019-0165-COM,nat-met-sto-tro,COM,Africa,0.0,8.0,180.0,345131.0,345311.0,0.0,0.0,0.0,0.0,79.4107846043372,Category 4,125.0,143.8,934.0,2019-04-21,2019-04-28,6.5,Landfall,Category 3,-12.1612,40.4524,97.0,2019-04-22,1,0.0003789024494165183,12.420000076293944,0.015541713135404533,0.14527398610916137,-0.08181217102704386,0.0,1.2414949028299473,-0.051106417401480045
2019116N02090,Fani (2019),2019.0,2019-0164-IND,nat-met-sto-tro,IND,Asia,0.0,50.0,0.0,20000000.0,20000000.0,0.0,0.0,1810000.0,2279287.0,79.4107846043372,Category 5,150.0,172.6,900.0,2019-04-25,2019-05-04,8.8,Landfall,Category 4,20.2,85.9,115.0,2019-04-25,0,0.00898266654666613,13.25,-0.006221428804814355,0.15244744435012267,0.10300331059206558,-0.0221540812985469,1.227434938824372,-0.0474686583199386
2019050N05163,Wutip (2019),2019.0,2019-0124-FSM,nat-met-sto-tro,FSM,Oceania,0.0,0.0,0.0,10000.0,10000.0,0.0,0.0,0.0,0.0,79.4107846043372,Category 5,145.0,166.9,895.0,2019-02-18,2019-03-02,11.8,At Sea / Open Water,At Sea / Open Water,0.0,0.0,0.0,2019-02-19,1,0.026716205013220584,14.880000114440918,0.04870341539687084,0.18344225618568527,-0.30212684238321574,0.0,1.0674716965480295,-0.015599433874951774
2021169N14260,Dolores (2021),2021.0,2021-0325-MEX,nat-met-sto-tro,MEX,Americas,0.0,3.0,0.0,600.0,600.0,0.0,0.0,50000.0,59406.0,84.1669829572524,Tropical Storm,60.0,69.0,989.0,2021-06-17,2021-06-20,2.2,Landfall,Tropical Storm,19.4,-103.9,50.0,2021-06-17,0,-0.0038713449252252286,17.75,-0.028432504215907706,0.23392597595099643,0.8645983352454414,-0.0391525343690885,0.5521725673813278,0.024137855598283624
2021182N09317,Elsa (2021),2021.0,2021-0373-BRB,nat-met-sto-tro,BRB,Americas,0.0,0.0,0.0,3114.0,3300.0,0.0,0.0,0.0,0.0,84.1669829572524,Category 1,75.0,86.3,991.0,2021-06-30,2021-07-10,9.5,Landfall,Tropical Storm,22.2,-81.6,55.0,2021-06-30,0,0.012920187131781002,15.829999923706056,-0.01300860530450132,0.28029766847245724,0.15981555002096015,-0.031490333315947194,0.9033770799602625,-0.04538964683296998
2021182N09317,Elsa (2021),2021.0,2021-0373-DOM,nat-met-sto-tro,DOM,Americas,0.0,2.0,0.0,153.0,153.0,0.0,0.0,0.0,0.0,84.1669829572524,Category 1,75.0,86.3,991.0,2021-06-30,2021-07-10,9.5,Landfall,Tropical Storm,22.2,-81.6,55.0,2021-06-30,0,0.012920187131781002,15.829999923706056,-0.01300860530450132,0.28029766847245724,0.15981555002096015,-0.031490333315947194,0.9033770799602625,-0.04538964683296998
2021182N09317,Elsa (2021),2021.0,2021-0373-HTI,nat-met-sto-tro,HTI,Americas,0.0,0.0,3.0,0.0,3.0,0.0,0.0,0.0,0.0,84.1669829572524,Category 1,75.0,86.3,991.0,2021-06-30,2021-07-10,9.5,Landfall,Tropical Storm,22.2,-81.6,55.0,2021-06-30,0,0.012920187131781002,15.829999923706056,-0.01300860530450132,0.28029766847245724,0.15981555002096015,-0.031490333315947194,0.9033770799602625,-0.04538964683296998
2019063S18038,Idai (2019),2019.0,2019-0110-ZWE,nat-met-sto-tro,ZWE,Africa,0.0,628.0,186.0,270000.0,270186.0,0.0,0.0,0.0,0.0,79.4107846043372,Category 4,115.0,132.3,947.0,2019-03-04,2019-03-16,12.5,Landfall,Tropical Depression,-17.5149,37.2701,0.0,2019-03-04,0,-0.00042910849415134233,14.630000114440918,0.01062702061916676,0.1584307052001701,0.24368099393878428,-0.0004500741871752423,1.0487387042502654,-0.021483356486572517
2021182N09317,Elsa (2021),2021.0,2021-0373-VCT,nat-met-sto-tro,VCT,Americas,0.0,0.0,0.0,129.0,129.0,0.0,0.0,0.0,0.0,84.1669829572524,Category 1,75.0,86.3,991.0,2021-06-30,2021-07-10,9.5,Landfall,Tropical Storm,22.2,-81.6,55.0,2021-06-30,0,0.012920187131781002,15.829999923706056,-0.01300860530450132,0.28029766847245724,0.15981555002096015,-0.031490333315947194,0.9033770799602625,-0.04538964683296998
2018294N08161,Yutu (2018),2018.0,2018-0399-PHL,nat-met-sto-tro,PHL,Asia,0.0,12.0,2.0,253298.0,253300.0,0.0,0.0,305000.0,391039.0,77.9972651879547,Category 5,150.0,172.6,904.0,2018-10-20,2018-11-03,13.5,Landfall,Category 3,16.7662,122.297,97.0,2018-10-22,2,0.002223035032105969,19.63999938964844,-0.02279355896140478,0.1917882070921867,0.060748550524571954,-0.09062868142529679,0.8491763032935262,-0.04332038554130066
2018279N11069,Luban (2018),2018.0,2018-0394-YEM,nat-met-sto-tro,YEM,Asia,0.0,25.0,124.0,15000.0,15124.0,0.0,0.0,0.0,0.0,77.9972651879547,Category 2,85.0,97.8,959.0,2018-10-05,2018-10-15,9.2,Landfall,Tropical Storm,15.85,52.15,35.0,2018-10-05,0,-0.00997571812010345,14.81999969482422,0.018748461968521424,0.09369414741412921,-0.19213111217479828,-0.004258418898318572,0.7782891922243895,-0.021816524418893514
2018281N14088,Titli (2018),2018.0,2018-0385-IND,nat-met-sto-tro,IND,Asia,0.0,85.0,200.0,300000.0,300200.0,0.0,0.0,920000.0,1179529.0,77.9972651879547,Category 3,105.0,120.8,944.0,2018-10-08,2018-10-12,4.9,Landfall,Category 3,18.75,84.35,100.0,2018-10-08,0,-0.013402840083349687,15.6899995803833,0.004037039988702862,0.0938935901105665,-0.08920283812910024,-0.005032720964798232,0.7777008529125482,-0.024828059525410992
2021222N14301,Fred (2021),2021.0,2021-0510-DOM,nat-met-sto-tro,DOM,Americas,0.0,0.0,0.0,4025.0,4025.0,0.0,0.0,0.0,0.0,84.1669829572524,Tropical Storm,55.0,63.3,991.0,2021-08-09,2021-08-20,10.5,Landfall,Tropical Storm,18.4,-70.1,40.0,2021-08-09,0,0.01037501204145208,16.719999313354492,-0.0042840254847847925,0.30631067037900606,-0.2701467545856484,-0.067977791251288,1.8094926339858821,-0.02595517000559969
2021227N36297,Henri (2021),2021.0,2021-0531-USA,nat-met-sto-tro,USA,Americas,0.0,0.0,0.0,86.0,86.0,0.0,0.0,550000.0,653463.0,84.1669829572524,Category 1,65.0,74.8,986.0,2021-08-15,2021-08-24,9.8,Landfall,Tropical Storm,41.5,-72.0,40.0,2021-08-16,1,0.01094702512764334,16.1200008392334,-0.006146608673070708,0.25619449851807596,0.1437428602577655,-0.033473002857697165,1.8423256863483284,-0.019747627055904146
2021222N14301,Fred (2021),2021.0,2021-0532-USA,nat-met-sto-tro,USA,Americas,0.0,7.0,0.0,105.0,105.0,0.0,0.0,1300000.0,1544549.0,84.1669829572524,Tropical Storm,55.0,63.3,991.0,2021-08-09,2021-08-20,10.5,Landfall,Tropical Storm,18.4,-70.1,40.0,2021-08-09,0,0.01037501204145208,16.719999313354492,-0.0042840254847847925,0.30631067037900606,-0.2701467545856484,-0.067977791251288,1.8094926339858821,-0.02595517000559969
2021236N12265,Nora (2021),2021.0,2021-0552-MEX,nat-met-sto-tro,MEX,Americas,0.0,2.0,3.0,1500.0,1503.0,0.0,0.0,100000.0,118811.0,84.1669829572524,Category 1,75.0,86.3,976.0,2021-08-24,2021-08-30,6.2,Landfall,Category 1,19.8,-105.3,75.0,2021-08-24,0,0.008850324747951221,17.219999313354492,0.008123437360606278,0.2741122055490077,-0.1120368160099553,-0.035664505767180055,1.8739750230030898,-0.015017868472949066
2018218N18134,Yagi (2018),2018.0,2018-0347-PHL,nat-met-sto-tro,PHL,Asia,0.0,5.0,0.0,1709511.0,1709511.0,0.0,0.0,19000.0,24360.0,77.9972651879547,Tropical Storm,45.0,51.8,983.0,2018-08-06,2018-08-16,10.0,Landfall,Tropical Storm,28.3089,121.503,40.0,2018-08-06,0,0.016752979295495907,11.270000457763672,-0.02252163698831877,0.1364230441153657,-0.280377358490566,-0.023911287843645712,0.8754345653094571,-0.00794516788428534
2021248N11131,Conson (2021),2021.0,2021-0595-VNM,nat-met-sto-tro,VNM,Asia,0.0,2.0,0.0,310.0,310.0,0.0,0.0,0.0,0.0,84.1669829572524,Category 1,65.0,74.8,980.0,2021-09-05,2021-09-13,8.5,Landfall,Tropical Storm,11.4426,125.495,60.0,2021-09-07,2,-0.001702672955384621,18.13999938964844,-0.008208402313411023,0.2787356083109973,0.3348754470767934,-0.03455874455489172,2.0312163455063605,0.035282139692738246
2018227N11145,Soulik (2018),2018.0,2018-0309-PRK,nat-met-sto-tro,PRK,Asia,0.0,86.0,0.0,58143.0,58143.0,0.0,0.0,4640.0,5949.0,77.9972651879547,Category 3,105.0,120.8,942.0,2018-08-15,2018-08-30,15.2,Landfall,Tropical Storm,34.55,126.25,50.0,2018-08-15,0,-0.012891484142609322,14.640000343322754,-0.047927892185214205,0.1730470414551778,1.8089117759714006,-0.06924675786231937,0.9974907826387738,0.018390771981137102
2021276N07131,Lionrock (2021),2021.0,2021-0664-PHL,nat-met-sto-tro,PHL,Asia,0.0,3.0,0.0,8048.0,8048.0,0.0,0.0,240.0,285.0,84.1669829572524,Tropical Storm,45.0,51.8,989.0,2021-10-02,2021-10-10,8.0,Landfall,Tropical Depression,10.0,125.0,15.0,2021-10-04,2,-0.03162845924554003,22.959999084472656,0.03813327885146167,0.3253639211322806,0.4053788737462882,0.0,1.5583133594310996,0.007975976562181145
2018096S15172,Keni (2018),2018.0,2018-0194-FJI,nat-met-sto-tro,FJI,Oceania,0.0,0.0,0.0,89250.0,89250.0,0.0,0.0,50000.0,64105.0,77.9972651879547,Category 2,90.0,103.6,968.0,2018-04-06,2018-04-12,6.2,At Sea / Open Water,At Sea / Open Water,0.0,0.0,0.0,2018-04-06,0,-0.013034383199406085,21.489999771118164,-0.0008902313576326648,0.2507135672323156,0.3519304701426822,-0.018078429085808367,0.9192444131151297,0.04106373895039986
2018146N19273,Alberto (2018),2018.0,2018-0170-USA,nat-met-sto-tro,USA,Americas,0.0,5.0,0.0,0.0,0.0,0.0,0.0,125000.0,160262.0,77.9972651879547,Tropical Storm,55.0,63.3,990.0,2018-05-25,2018-05-31,6.0,Landfall,Tropical Storm,30.3,-86.0,40.0,2018-05-25,0,0.00302207963306822,13.220000267028809,-0.04519250135170372,0.1704187534040913,1.3028589269621862,-0.05487264297581351,0.8472186775860221,0.0067248124471225666
2021335N08096,Jawad (2021),2021.0,2021-0777-IND,nat-met-sto-tro,IND,Asia,0.0,5.0,400.0,1650.0,2050.0,0.0,0.0,0.0,0.0,84.1669829572524,Tropical Storm,35.0,40.3,1000.0,2021-11-30,2021-12-06,5.5,Landfall,Tropical Depression,22.3,88.5,10.0,2021-11-30,0,-0.02568596541225443,27.190000534057617,-0.01887127589306614,0.29033732363937165,0.3649466407418662,-0.07521602077561462,1.1295783135203519,0.01755362450648157
2018038S15172,Gita (2018),2018.0,2018-0042-TON,nat-met-sto-tro,TON,Oceania,0.0,0.0,0.0,87000.0,87000.0,0.0,0.0,0.0,0.0,77.9972651879547,Category 4,125.0,143.8,929.0,2018-02-07,2018-02-22,15.5,Landfall,Tropical Depression,-42.0131,172.712,0.0,2018-02-07,0,-0.05047886336747187,27.729999542236328,-0.08082821067346158,0.27265643301482345,0.5645933622887958,-0.11828807580707934,1.1347799954438635,-0.013081548550381456
2018010S10069,Berguitta (2018),2018.0,2018-0029-REU,nat-met-sto-tro,REU,Africa,0.0,0.0,0.0,200.0,200.0,0.0,0.0,0.0,0.0,77.9972651879547,Category 3,105.0,120.8,950.0,2018-01-10,2018-01-24,14.2,At Sea / Open Water,At Sea / Open Water,0.0,0.0,0.0,2018-01-10,0,0.013495136334922941,9.81999969482422,0.007914334436591952,0.11974034928985011,-0.43926298990652657,-0.0037123088529350534,0.7672555186404688,0.003782576364849695
2022009S18174,Cody (2022),2022.0,2022-0013-FJI,nat-met-sto-tro,FJI,Oceania,0.0,1.0,0.0,69564.0,69564.0,0.0,0.0,25000.0,27502.0,90.9026974595266,Tropical Storm,51.0,58.7,980.0,2022-01-08,2022-01-15,7.0,At Sea / Open Water,At Sea / Open Water,0.0,0.0,0.0,2022-01-10,2,-0.02553845297333046,19.399999618530273,0.06868240640755174,0.2665166820638674,0.02180950653455116,-0.0030974696648796707,1.0979652735667018,0.08047340959417291
2017364S12065,Ava (2018),2018.0,2018-0008-MDG,nat-met-sto-tro,MDG,Africa,0.0,73.0,0.0,161318.0,161318.0,0.0,0.0,0.0,0.0,77.9972651879547,Category 2,95.0,109.3,958.0,2017-12-30,2018-01-09,10.5,Landfall,Category 1,-18.1,49.3,80.0,2018-01-02,3,0.004710088170319038,9.770000457763672,0.020563990583201353,0.12921739688639922,0.39683701035569574,0.0,0.7622996386189886,0.00786907198300029
2022027S16084,Batsirai (2022),2022.0,2022-0061-MUS,nat-met-sto-tro,MUS,Africa,0.0,1.0,0.0,139.0,139.0,0.0,0.0,0.0,0.0,90.9026974595266,Category 4,124.0,142.7,932.0,2022-01-27,2022-02-08,12.5,Landfall,Category 3,-21.0,48.3,99.0,2022-01-27,0,-0.03471755518808961,30.489999771118164,0.03453140824785028,0.26706473530497205,0.2967416361835087,0.0,0.9191516503346915,-0.0034563431946333656
2022027S16084,Batsirai (2022),2022.0,2022-0061-REU,nat-met-sto-tro,REU,Africa,0.0,0.0,13.0,0.0,13.0,0.0,0.0,0.0,0.0,90.9026974595266,Category 4,124.0,142.7,932.0,2022-01-27,2022-02-08,12.5,Landfall,Category 3,-21.0,48.3,99.0,2022-01-27,0,-0.03471755518808961,30.489999771118164,0.03453140824785028,0.26706473530497205,0.2967416361835087,0.0,0.9191516503346915,-0.0034563431946333656
2017288N09138,Lan (2017),2017.0,2017-0432-PHL,nat-met-sto-tro,PHL,Asia,0.0,9.0,0.0,163349.0,163349.0,0.0,0.0,3400.0,4466.0,76.1376037057766,Category 4,135.0,155.4,922.0,2017-10-15,2017-10-23,8.8,Landfall,Category 1,34.6857,138.207,70.0,2017-10-16,1,0.005276634642993994,9.90999984741211,0.0011735819029949912,0.07153564504347101,0.33011224649121296,-0.00524381168823862,0.5777500513413087,-0.014596033866815954
2022067S16050,Gombe (2022),2022.0,2022-0137-MDG,nat-met-sto-tro,MDG,Africa,0.0,2.0,0.0,900.0,900.0,0.0,0.0,0.0,0.0,90.9026974595266,Category 3,99.0,113.9,959.0,2022-03-08,2022-03-15,7.5,Landfall,Tropical Storm,-15.5,50.4,35.0,2022-03-08,0,-0.03193179897264575,35.130001068115234,0.08767034884026659,0.2642173292620024,0.5781439415282821,0.0,0.25495626145114175,-0.0798445865868588
2022114S18040,Jasmine (2022),2022.0,2022-0239-MDG,nat-met-sto-tro,MDG,Africa,0.0,12.0,0.0,4800.0,4800.0,0.0,0.0,0.0,0.0,90.9026974595266,Tropical Storm,54.0,62.1,984.0,2022-04-24,2022-04-29,5.0,Landfall,Tropical Storm,-23.5,44.0,51.0,2022-04-25,1,-0.021599638786669262,27.020000457763672,-0.09059503996944318,0.2918552592083917,0.8177406539140941,-0.09059503996944318,0.002614368368840583,0.03632347141683731
2017260N12310,Maria (2017),2017.0,2017-0383-VIR,nat-met-sto-tro,VIR,Americas,0.0,3.0,0.0,0.0,0.0,0.0,0.0,0.0,0.0,76.1376037057766,Category 5,150.0,172.6,908.0,2017-09-16,2017-10-02,16.0,Landfall,Category 4,18.0,-65.9,135.0,2017-09-18,2,0.007019417295161201,10.149999618530272,0.030468520273140065,0.09807714314007401,-0.07140379747769554,0.0,0.6074050568658717,0.032925650100602326
2017260N12310,Maria (2017),2017.0,2017-0383-VGB,nat-met-sto-tro,VGB,Americas,0.0,0.0,0.0,0.0,0.0,0.0,0.0,0.0,0.0,76.1376037057766,Category 5,150.0,172.6,908.0,2017-09-16,2017-10-02,16.0,Landfall,Category 4,18.0,-65.9,135.0,2017-09-18,2,0.007019417295161201,10.149999618530272,0.030468520273140065,0.09807714314007401,-0.07140379747769554,0.0,0.6074050568658717,0.032925650100602326
2017260N12310,Maria (2017),2017.0,2017-0383-PRI,nat-met-sto-tro,PRI,Americas,0.0,64.0,0.0,540000.0,750000.0,30000000.0,39402343.0,68000000.0,89311978.0,76.1376037057766,Category 5,150.0,172.6,908.0,2017-09-16,2017-10-02,16.0,Landfall,Category 4,18.0,-65.9,135.0,2017-09-18,2,0.007019417295161201,10.149999618530272,0.030468520273140065,0.09807714314007401,-0.07140379747769554,0.0,0.6074050568658717,0.032925650100602326
2017260N12310,Maria (2017),2017.0,2017-0383-GLP,nat-met-sto-tro,GLP,Americas,0.0,4.0,2.0,80000.0,80002.0,0.0,0.0,120000.0,157609.0,76.1376037057766,Category 5,150.0,172.6,908.0,2017-09-16,2017-10-02,16.0,Landfall,Category 4,18.0,-65.9,135.0,2017-09-18,2,0.007019417295161201,10.149999618530272,0.030468520273140065,0.09807714314007401,-0.07140379747769554,0.0,0.6074050568658717,0.032925650100602326
2017242N16333,Irma (2017),2017.0,2017-0381-VIR,nat-met-sto-tro,VIR,Americas,0.0,4.0,0.0,0.0,0.0,0.0,0.0,0.0,0.0,76.1376037057766,Category 5,155.0,178.4,914.0,2017-08-30,2017-09-13,14.5,Landfall,Category 3,25.9,-81.7,100.0,2017-08-30,0,0.00592896952370392,11.220000267028809,-0.00015944625421693281,0.09880836046201097,-0.24827346867950717,-0.04524663703860132,0.5500266276400722,0.03669233127287469
2017242N16333,Irma (2017),2017.0,2017-0381-DOM,nat-met-sto-tro,DOM,Americas,0.0,0.0,0.0,6300.0,6300.0,0.0,0.0,0.0,0.0,76.1376037057766,Category 5,155.0,178.4,914.0,2017-08-30,2017-09-13,14.5,Landfall,Category 3,25.9,-81.7,100.0,2017-08-30,0,0.00592896952370392,11.220000267028809,-0.00015944625421693281,0.09880836046201097,-0.24827346867950717,-0.04524663703860132,0.5500266276400722,0.03669233127287469
2017242N16333,Irma (2017),2017.0,2017-0381-BHS,nat-met-sto-tro,BHS,Americas,0.0,0.0,0.0,0.0,0.0,397.6,522.0,2000.0,2627.0,76.1376037057766,Category 5,155.0,178.4,914.0,2017-08-30,2017-09-13,14.5,Landfall,Category 3,25.9,-81.7,100.0,2017-08-30,0,0.00592896952370392,11.220000267028809,-0.00015944625421693281,0.09880836046201097,-0.24827346867950717,-0.04524663703860132,0.5500266276400722,0.03669233127287469
2017242N16333,Irma (2017),2017.0,2017-0381-ATG,nat-met-sto-tro,ATG,Americas,0.0,1.0,0.0,1800.0,1800.0,6800.0,8931.0,250000.0,328353.0,76.1376037057766,Category 5,155.0,178.4,914.0,2017-08-30,2017-09-13,14.5,Landfall,Category 3,25.9,-81.7,100.0,2017-08-30,0,0.00592896952370392,11.220000267028809,-0.00015944625421693281,0.09880836046201097,-0.24827346867950717,-0.04524663703860132,0.5500266276400722,0.03669233127287469
2017232N19130,Hato (2017),2017.0,2017-0352-MAC,nat-met-sto-tro,MAC,Asia,0.0,10.0,200.0,0.0,200.0,0.0,0.0,1420000.0,1865044.0,76.1376037057766,Category 3,100.0,115.1,948.0,2017-08-19,2017-08-25,5.5,Landfall,Category 2,22.175,112.85,85.0,2017-08-21,2,-0.014764198245264426,13.1899995803833,-0.027451146810287153,0.11335605888751968,-0.09042930909027147,-0.06934873702281186,0.5167261304870209,0.008060215204003195
2017219N16279,Franklin (2017),2017.0,2017-0334-MEX,nat-met-sto-tro,MEX,Americas,0.0,0.0,0.0,300.0,300.0,0.0,0.0,2000.0,2627.0,76.1376037057766,Category 1,75.0,86.3,981.0,2017-08-06,2017-08-10,3.8,Landfall,Tropical Storm,19.1,-87.6,50.0,2017-08-07,1,0.004457380831298874,9.93000030517578,-0.02221584009602373,0.11376084615703527,-0.1540145715448057,-0.02221584009602373,0.486437861218989,-0.018728366894618483
2017200N26162,Noru (2017),2017.0,2017-0327-JPN,nat-met-sto-tro,JPN,Asia,0.0,2.0,51.0,1338.0,1389.0,0.0,0.0,2000.0,2627.0,76.1376037057766,Category 4,135.0,155.4,922.0,2017-07-19,2017-08-09,21.0,Landfall,Tropical Storm,34.559,135.69,60.0,2017-07-19,0,0.012212683839784244,9.789999961853027,0.01868735079823769,0.14574305426557427,0.6737546056982442,-0.0031736262451539377,0.514649321584109,-0.002129698646096776
2017195N16114,Talas (2017),2017.0,2017-0281-CHN,nat-met-sto-tro,CHN,Asia,0.0,0.0,0.0,30000.0,30000.0,0.0,0.0,3600.0,4728.0,76.1376037057766,Tropical Storm,50.0,57.5,985.0,2017-07-14,2017-07-17,3.8,Landfall,Tropical Storm,18.6,105.675,45.0,2017-07-14,0,0.014249740905891262,9.510000228881836,0.021715710823362988,0.15667177621988126,-0.35943803899804827,-0.013574560686162251,0.4947620144693221,-0.007094028690893316
2017195N16114,Talas (2017),2017.0,2017-0281-THA,nat-met-sto-tro,THA,Asia,0.0,0.0,0.0,60.0,60.0,0.0,0.0,0.0,0.0,76.1376037057766,Tropical Storm,50.0,57.5,985.0,2017-07-14,2017-07-17,3.8,Landfall,Tropical Storm,18.6,105.675,45.0,2017-07-14,0,0.014249740905891262,9.510000228881836,0.021715710823362988,0.15667177621988126,-0.35943803899804827,-0.013574560686162251,0.4947620144693221,-0.007094028690893316
2017122S13170,Donna (2017),2017.0,2017-0231-VUT,nat-met-sto-tro,VUT,Oceania,0.0,0.0,0.0,2564.0,2564.0,0.0,0.0,0.0,0.0,76.1376037057766,Category 4,125.0,143.8,929.0,2017-05-01,2017-05-10,8.9,At Sea / Open Water,At Sea / Open Water,0.0,0.0,0.0,2017-05-01,0,0.006366457952493576,10.109999656677246,-0.007919084681276889,0.12102420266015991,-0.29446396069119973,-0.04583896300345247,1.3196210929552639,-0.0033491039279201027
2017152N14262,Beatriz (2017),2017.0,2017-0168-MEX,nat-met-sto-tro,MEX,Americas,0.0,6.0,0.0,0.0,600.0,0.0,0.0,0.0,0.0,76.1376037057766,Tropical Storm,40.0,46.0,1001.0,2017-05-31,2017-06-02,1.8,Landfall,Tropical Storm,15.7,-96.6,40.0,2017-05-31,0,0.005790912027304307,10.40999984741211,-0.03891950724748383,0.153331368323572,0.7710305057886164,-0.04159349682220681,1.0068087888428254,-0.015216367952491223
2017147N14087,Mora (2017),2017.0,2017-0152-IND,nat-met-sto-tro,IND,Asia,0.0,0.0,0.0,1970.0,1970.0,0.0,0.0,0.0,0.0,76.1376037057766,Category 1,80.0,92.1,963.0,2017-05-27,2017-05-30,3.5,Landfall,Category 1,21.8988,91.9716,67.0,2017-05-30,3,0.008266338907300108,10.380000114440918,-0.03253370450228765,0.15354717071900315,0.40524411946765704,-0.03749266103540827,0.9878830322843283,-0.003038904528556037
2022234N16124,Ma-On (2022),2022.0,2022-0547-PHL,nat-met-sto-tro,PHL,Asia,0.0,0.0,0.0,7616.0,7616.0,0.0,0.0,0.0,0.0,90.9026974595266,Tropical Storm,60.0,69.0,985.0,2022-08-22,2022-08-25,3.2,Landfall,Tropical Storm,17.3124,122.24,57.0,2022-08-22,0,-0.03616538340445652,23.799999237060547,0.030803150944974433,0.32665281100608756,0.08737304994241435,-0.0021389711903914144,0.6878366700421525,0.07810846731561859
2022257N16312,Fiona (2022),2022.0,2022-0603-PRI,nat-met-sto-tro,PRI,Americas,0.0,25.0,0.0,0.0,0.0,0.0,0.0,2500000.0,2750193.0,90.9026974595266,Category 4,120.0,138.1,931.0,2022-09-14,2022-09-27,13.5,Landfall,Category 1,18.0,-67.1,75.0,2022-09-14,0,-0.00799434362250484,26.15999984741211,0.05070257955144042,0.3091974506062343,-0.1017023061904746,-0.021643395305493973,0.5271942501888344,-0.04558734098765162
2022256N22139,Nanmadol (2022),2022.0,2022-0604-JPN,nat-met-sto-tro,JPN,Asia,0.0,5.0,140.0,1200.0,1340.0,0.0,0.0,2000000.0,2200155.0,90.9026974595266,Category 4,134.0,154.2,917.0,2022-09-12,2022-09-19,7.0,Landfall,Category 2,31.285,130.635,86.0,2022-09-12,0,0.047751677879891874,23.8700008392334,0.026513158326389563,0.28930811291114233,-0.2702725387405094,-0.023902908918413623,0.634236154835638,-0.011643372628058327
2017061S11063,Enawo (2017),2017.0,2017-0075-MDG,nat-met-sto-tro,MDG,Africa,0.0,81.0,253.0,434000.0,434253.0,0.0,0.0,20000.0,26268.0,76.1376037057766,Category 4,130.0,149.6,926.0,2017-03-02,2017-03-11,9.8,Landfall,Category 3,-14.6749,49.9962,102.0,2017-03-02,0,0.007739812213630515,11.8100004196167,0.0064188354524949975,0.15324111930551598,-0.3806648610416271,-0.02090690623521574,1.3051074943398124,-0.020147007267032398
2022266N12294,Ian (2022),2022.0,2022-0614-CUB,nat-met-sto-tro,CUB,Americas,0.0,3.0,0.0,3200000.0,3200000.0,0.0,0.0,25000.0,27502.0,90.9026974595266,Category 5,140.0,161.1,937.0,2022-09-22,2022-10-01,8.5,Landfall,Category 3,22.2,-83.7,110.0,2022-09-22,0,-0.03681636471397742,27.350000381469727,-0.04522321913644756,0.28913441410592916,0.033310429728878654,-0.08995890035201826,0.6206901410751713,-0.02199325000334464
2022280N11294,Julia (2022),2022.0,2022-0647-NIC,nat-met-sto-tro,NIC,Americas,0.0,1.0,0.0,45000.0,47100.0,0.0,0.0,180000.0,198014.0,90.9026974595266,Category 1,75.0,86.3,982.0,2022-10-06,2022-10-10,4.0,Landfall,Tropical Depression,12.0,-69.8,30.0,2022-10-06,0,0.028694137302272438,30.520000457763672,0.13553740276032888,0.47286895974278814,0.0845746761938102,0.0,0.8044669949709792,0.02710840617057895
2022288N19128,Nesat (2022),2022.0,2022-0680-TWN,nat-met-sto-tro,TWN,Asia,0.0,0.0,0.0,100.0,100.0,0.0,0.0,400.0,440.0,90.9026974595266,Category 2,89.0,102.4,964.0,2022-10-14,2022-10-20,5.8,At Sea / Open Water,At Sea / Open Water,0.0,0.0,0.0,2022-10-14,0,-0.0142231630329267,32.02000045776367,-0.018581999334476462,0.4768714184797025,-0.06010324095060393,-0.03729442051894816,0.8910272179569586,0.04132664364869118
2022311N21293,Nicole (2022),2022.0,2022-0734-USA,nat-met-sto-tro,USA,Americas,0.0,5.0,0.0,1500.0,1500.0,0.0,0.0,1000000.0,1100077.0,90.9026974595266,Category 1,65.0,74.8,980.0,2022-11-06,2022-11-11,5.2,Landfall,Tropical Storm,27.7454,-80.6875,62.0,2022-11-07,1,-0.016208696535779388,24.350000381469727,0.03322208178027086,0.27557213080841103,-0.34854034219970165,0.0,0.8350732432726863,-0.03215813890648329
2016323N13279,Otto (2016),2016.0,2016-0433-PAN,nat-met-sto-tro,PAN,Americas,0.0,7.0,0.0,12000.0,12000.0,0.0,0.0,0.0,0.0,74.5496029864344,Category 3,100.0,115.1,975.0,2016-11-17,2016-11-26,8.8,Landfall,Category 3,11.0,-83.8,100.0,2016-11-17,0,0.009543159820688984,13.350000381469728,0.001272046520282455,0.1778850987083508,-0.49900168647139787,-0.01364535810803258,1.2904870350817137,0.011630423968945626
2016256N12146,Malakas (2016),2016.0,2016-0390-JPN,nat-met-sto-tro,JPN,Asia,0.0,1.0,0.0,6000.0,6000.0,0.0,0.0,0.0,0.0,74.5496029864344,Category 4,115.0,132.3,937.0,2016-09-11,2016-09-20,9.0,Landfall,Tropical Storm,34.2846,136.077,55.0,2016-09-12,1,-0.009296101458371342,15.15999984741211,0.018963468119049365,0.1923410077988565,1.0355832653968724,-0.020183661153930776,1.1799715199682304,-0.026446138028747165
2016228N22117,Dianmu (2016),2016.0,2016-0379-VNM,nat-met-sto-tro,VNM,Asia,0.0,11.0,15.0,11075.0,11090.0,0.0,0.0,157.0,211.0,74.5496029864344,Tropical Storm,45.0,51.8,989.0,2016-08-15,2016-08-20,4.8,Landfall,Tropical Depression,20.6784,110.11,27.0,2016-08-15,0,0.004769267560806423,11.8100004196167,0.011983073878858663,0.20052667571463173,-0.5059224313819621,0.0,1.1918521918166813,0.00810082345911698
2016279N19130,Aere (2016),2016.0,2016-0362-VNM,nat-met-sto-tro,VNM,Asia,0.0,34.0,0.0,610000.0,610000.0,0.0,0.0,350000.0,469486.0,74.5496029864344,Tropical Storm,55.0,63.3,985.0,2016-10-04,2016-10-14,10.0,Landfall,Tropical Storm,16.4909,107.382,35.0,2016-10-04,0,-0.004128612287712441,13.630000114440918,0.04410218184958792,0.27093137782423854,-0.3893519901907244,-0.021963665185482095,1.426360530728929,0.023482941856875536
2016273N13300,Matthew (2016),2016.0,2016-0355-VCT,nat-met-sto-tro,VCT,Americas,0.0,1.0,0.0,0.0,0.0,0.0,0.0,0.0,0.0,74.5496029864344,Category 5,145.0,166.9,934.0,2016-09-28,2016-10-10,11.5,Landfall,Category 4,18.3,-74.3,130.0,2016-09-28,0,0.003799357645445367,12.390000343322754,0.019132431565889396,0.2784884881299045,1.0306797822406706,-0.022803770975046378,1.3973646259138315,0.022708296056956158
2016273N13300,Matthew (2016),2016.0,2016-0355-USA,nat-met-sto-tro,USA,Americas,0.0,49.0,0.0,0.0,0.0,5000000.0,6706944.0,10000000.0,13413888.0,74.5496029864344,Category 5,145.0,166.9,934.0,2016-09-28,2016-10-10,11.5,Landfall,Category 4,18.3,-74.3,130.0,2016-09-28,0,0.003799357645445367,12.390000343322754,0.019132431565889396,0.2784884881299045,1.0306797822406706,-0.022803770975046378,1.3973646259138315,0.022708296056956158
2016273N13300,Matthew (2016),2016.0,2016-0355-JAM,nat-met-sto-tro,JAM,Americas,0.0,0.0,0.0,125000.0,125000.0,0.0,0.0,0.0,0.0,74.5496029864344,Category 5,145.0,166.9,934.0,2016-09-28,2016-10-10,11.5,Landfall,Category 4,18.3,-74.3,130.0,2016-09-28,0,0.003799357645445367,12.390000343322754,0.019132431565889396,0.2784884881299045,1.0306797822406706,-0.022803770975046378,1.3973646259138315,0.022708296056956158
2016273N13300,Matthew (2016),2016.0,2016-0355-CUB,nat-met-sto-tro,CUB,Americas,0.0,0.0,0.0,190000.0,190000.0,0.0,0.0,2600000.0,3487611.0,74.5496029864344,Category 5,145.0,166.9,934.0,2016-09-28,2016-10-10,11.5,Landfall,Category 4,18.3,-74.3,130.0,2016-09-28,0,0.003799357645445367,12.390000343322754,0.019132431565889396,0.2784884881299045,1.0306797822406706,-0.022803770975046378,1.3973646259138315,0.022708296056956158
2016230N25160,Lionrock (2016),2016.0,2016-0324-JPN,nat-met-sto-tro,JPN,Asia,0.0,22.0,0.0,0.0,0.0,0.0,0.0,0.0,0.0,74.5496029864344,Category 4,120.0,138.1,933.0,2016-08-16,2016-08-30,14.0,Landfall,Tropical Storm,39.2776,141.476,60.0,2016-08-16,0,-0.0010081467849896164,12.640000343322754,0.01895083916059792,0.1994470170979279,-0.07958017325042233,0.0,1.1795490072012276,0.005059351061904943
2016095S13162,Zena (2016),2016.0,2016-0141-FJI,nat-met-sto-tro,FJI,Oceania,0.0,2.0,0.0,5000.0,5000.0,0.0,0.0,0.0,0.0,74.5496029864344,Category 2,90.0,103.6,956.0,2016-04-04,2016-04-07,3.2,Landfall,Tropical Storm,-15.0251,167.012,50.0,2016-04-04,0,0.014810235332339383,14.119999885559082,-0.014631339752149364,0.2475948289209296,0.36702435818727364,-0.045361195736029924,1.5160869177508862,0.041140448576354335
2023131N11088,Mocha (2023),2023.0,2023-0294-BGD,nat-met-sto-tro,BGD,Asia,0.0,3.0,12.0,750000.0,750012.0,0.0,0.0,1000.0,1057.0,94.6446220103845,Category 5,138.0,158.8,918.0,2023-05-11,2023-05-14,3.8,Landfall,Category 3,20.8,93.1,105.0,2023-05-11,0,0.017278507194237624,16.93000030517578,0.003712619434921738,0.2383313746135365,-0.27795160893664517,-0.10122674596831693,1.0412495075904165,-0.009902485922584713
2023157N12066,Biparjoy (2023),2023.0,2023-0331-PAK,nat-met-sto-tro,PAK,Asia,0.0,1.0,0.0,0.0,0.0,0.0,0.0,0.0,0.0,94.6446220103845,Category 3,105.0,120.8,945.0,2023-06-06,2023-06-16,10.2,Landfall,Tropical Storm,23.4,68.7,54.0,2023-06-06,0,0.018682489391372403,13.960000038146973,0.026295480172261465,0.2146002237024401,-0.13837288875224385,-0.006210321862025192,1.1671561792529912,-0.012033763256133777
2015256N16113,Vamco (2015),2015.0,2015-0620-VNM,nat-met-sto-tro,VNM,Asia,0.0,11.0,0.0,0.0,0.0,0.0,0.0,218.0,296.0,73.6208029365864,Tropical Storm,35.0,40.3,996.0,2015-09-13,2015-09-15,2.2,Landfall,Tropical Depression,15.6351,108.219,32.0,2015-09-14,1,0.017757849067738363,24.25,-0.015206530473604207,0.3960515639837515,-0.2519089917406888,-0.0959850331946076,1.1019939447653193,0.009367015713834699
2015256N16113,Vamco (2015),2015.0,2015-0620-KHM,nat-met-sto-tro,KHM,Asia,0.0,0.0,0.0,6300.0,6300.0,0.0,0.0,0.0,0.0,73.6208029365864,Tropical Storm,35.0,40.3,996.0,2015-09-13,2015-09-15,2.2,Landfall,Tropical Depression,15.6351,108.219,32.0,2015-09-14,1,0.017757849067738363,24.25,-0.015206530473604207,0.3960515639837515,-0.2519089917406888,-0.0959850331946076,1.1019939447653193,0.009367015713834699
2015237N14315,Erika (2015),2015.0,2015-0375-DOM,nat-met-sto-tro,DOM,Americas,1015.0,0.0,0.0,33.0,2133.0,0.0,0.0,0.0,0.0,73.6208029365864,Tropical Storm,45.0,51.8,1001.0,2015-08-24,2015-08-28,3.8,At Sea / Open Water,At Sea / Open Water,0.0,0.0,0.0,2015-08-24,0,-0.10014723751926946,40.7400016784668,-0.13527145379244243,0.3416537708834236,3.511188510401695,-0.15875711283235006,1.1114711366269214,0.05758941500630299
2015309N14067,Megh (2015),2015.0,2015-0494-YEM,nat-met-sto-tro,YEM,Asia,0.0,18.0,0.0,15000.0,15000.0,0.0,0.0,0.0,0.0,73.6208029365864,Category 3,110.0,126.6,941.0,2015-11-04,2015-11-10,6.0,Landfall,Tropical Depression,13.4541,46.5591,22.0,2015-11-04,0,0.00674806553944185,15.510000228881836,0.0521931260200621,0.24328890567246234,-0.10314073849112948,-0.008963767389485566,1.226708773940488,-0.026694588116605952
2015273N12130,Mujigae (2015),2015.0,2015-0490-PHL,nat-met-sto-tro,PHL,Asia,0.0,2.0,0.0,3500.0,3500.0,0.0,0.0,1300.0,1766.0,73.6208029365864,Category 4,115.0,132.3,937.0,2015-09-30,2015-10-05,5.2,Landfall,Tropical Depression,15.7,121.325,30.0,2015-09-30,0,-0.010175445988072851,24.5,-0.01258474563857126,0.26239293782480594,0.15326749948157636,-0.05616294536147648,1.1693188908766357,0.06510880264449695
2015301N11065,Chapala (2015),2015.0,2015-0484-YEM,nat-met-sto-tro,YEM,Asia,0.0,8.0,65.0,110000.0,110065.0,0.0,0.0,200000.0,271662.0,73.6208029365864,Category 4,130.0,149.6,926.0,2015-10-27,2015-11-04,7.5,Landfall,Tropical Storm,14.1,48.4,60.0,2015-10-27,0,0.01718280489631585,15.43000030517578,-0.03321095465355173,0.28314485291948355,0.5343510340566278,-0.05188077550571457,1.1961677883568078,0.059796658973680694
2015270N27291,Joaquin (2015),2015.0,2015-0479-BHS,nat-met-sto-tro,BHS,Americas,0.0,33.0,0.0,6710.0,6710.0,61000.0,82857.0,90000.0,122248.0,73.6208029365864,Category 4,135.0,155.4,931.0,2015-09-26,2015-10-15,18.2,Landfall,Tropical Storm,39.5,-9.1,35.0,2015-09-28,2,-0.04301166748591889,27.6299991607666,-0.05641354760299788,0.2749652515632621,0.04217416521667072,-0.09195111621331331,1.166688518688588,0.03362104530061777
2015270N27291,Joaquin (2015),2015.0,2015-0459-USA,nat-met-sto-tro,USA,Americas,0.0,25.0,0.0,800.0,800.0,400000.0,543325.0,2000000.0,2716623.0,73.6208029365864,Category 4,135.0,155.4,931.0,2015-09-26,2015-10-15,18.2,Landfall,Tropical Storm,39.5,-9.1,35.0,2015-09-28,2,-0.04301166748591889,27.6299991607666,-0.05641354760299788,0.2749652515632621,0.04217416521667072,-0.09195111621331331,1.166688518688588,0.03362104530061777
2015263N14148,Dujuan (2015),2015.0,2015-0458-TWN,nat-met-sto-tro,TWN,Asia,0.0,3.0,376.0,0.0,376.0,0.0,0.0,26000.0,35316.0,73.6208029365864,Category 4,130.0,149.6,926.0,2015-09-19,2015-09-30,10.5,Landfall,Category 3,24.125,121.05,100.0,2015-09-21,2,0.007506676979835092,20.13999938964844,0.017639328290922185,0.38860269734791064,0.25705655660868665,-0.0376622285324667,1.1250661371224784,-0.008022577013418616
2015263N14148,Dujuan (2015),2015.0,2015-0458-CHN,nat-met-sto-tro,CHN,Asia,0.0,0.0,0.0,0.0,0.0,79000.0,107307.0,661000.0,897844.0,73.6208029365864,Category 4,130.0,149.6,926.0,2015-09-19,2015-09-30,10.5,Landfall,Category 3,24.125,121.05,100.0,2015-09-21,2,0.007506676979835092,20.13999938964844,0.017639328290922185,0.38860269734791064,0.25705655660868665,-0.0376622285324667,1.1250661371224784,-0.008022577013418616
2023220N24150,Lan (2023),2023.0,2023-0526-JPN,nat-met-sto-tro,JPN,Asia,0.0,0.0,66.0,600.0,666.0,0.0,0.0,0.0,0.0,94.6446220103845,Category 4,115.0,132.3,936.0,2023-08-07,2023-08-17,9.8,Landfall,Category 1,33.8201,135.75,70.0,2023-08-07,0,-0.015465742288925388,15.770000457763672,-0.005258433727941325,0.17860040951853123,-0.26042838550283454,-0.005258433727941325,0.5873612169488801,0.032117347845775024
2023236N20125,Saola (2023),2023.0,2023-0568-HKG,nat-met-sto-tro,HKG,Asia,0.0,0.0,86.0,0.0,86.0,0.0,0.0,0.0,0.0,94.6446220103845,Category 4,134.0,154.2,921.0,2023-08-23,2023-09-03,10.8,Landfall,Category 2,21.9572,113.035,91.0,2023-08-23,0,0.007710875527844996,15.979999542236328,0.0051781296509876285,0.1623927403445839,0.02113940108539447,-0.02836511166192368,0.5958665945584729,0.006554075571200978
2015237N14315,Erika (2015),2015.0,2015-0375-DMA,nat-met-sto-tro,DMA,Americas,0.0,30.0,20.0,28000.0,28594.0,0.0,0.0,482810.0,655806.0,73.6208029365864,Tropical Storm,45.0,51.8,1001.0,2015-08-24,2015-08-28,3.8,At Sea / Open Water,At Sea / Open Water,0.0,0.0,0.0,2015-08-24,0,-0.10014723751926946,40.7400016784668,-0.13527145379244243,0.3416537708834236,3.511188510401695,-0.15875711283235006,1.1114711366269214,0.05758941500630299
2023302N10267,Pilar (2023),2023.0,2023-0703-SLV,nat-met-sto-tro,SLV,Americas,0.0,3.0,0.0,500.0,500.0,0.0,0.0,0.0,0.0,94.6446220103845,Tropical Storm,55.0,63.3,995.0,2023-10-28,2023-11-07,10.0,At Sea / Open Water,At Sea / Open Water,0.0,0.0,0.0,2023-10-30,2,-0.011582508963285831,19.75,-0.04380615112451747,0.24092460648211664,-0.12252496714089134,-0.07666368989605477,0.3242487273739651,-0.006378638028917173
2015211N13162,Soudelor (2015),2015.0,2015-0339-PHL,nat-met-sto-tro,PHL,Asia,0.0,0.0,0.0,3843.0,3843.0,0.0,0.0,0.0,0.0,73.6208029365864,Category 5,155.0,178.4,907.0,2015-07-29,2015-08-12,13.5,Landfall,Category 2,23.9,120.9,95.0,2015-07-29,0,-0.002838811346240422,12.5,0.007049208190109235,0.20481174051387135,0.5403272997442354,-0.04172246285786485,0.9637139615803735,-0.05629831430425344
2015211N13162,Soudelor (2015),2015.0,2015-0339-CHN,nat-met-sto-tro,CHN,Asia,0.0,18.0,0.0,1580000.0,1580000.0,0.0,0.0,1282690.0,1742293.0,73.6208029365864,Category 5,155.0,178.4,907.0,2015-07-29,2015-08-12,13.5,Landfall,Category 2,23.9,120.9,95.0,2015-07-29,0,-0.002838811346240422,12.5,0.007049208190109235,0.20481174051387135,0.5403272997442354,-0.04172246285786485,0.9637139615803735,-0.05629831430425344
2015207N22091,Komen (2015),2015.0,2015-0309-BGD,nat-met-sto-tro,BGD,Asia,0.0,45.0,0.0,2600000.0,2600000.0,0.0,0.0,40000.0,54332.0,73.6208029365864,Tropical Storm,45.0,51.8,989.0,2015-07-26,2015-08-02,7.4,Landfall,Tropical Depression,22.9392,91.0634,32.0,2015-07-27,1,-0.02728270031514668,15.600000381469728,-0.04154988089936151,0.16893224186210207,0.24312894877615054,-0.0884777168005223,0.8346559762902139,-0.02072068407031767
2024001S21041,Alvaro (2024),2024.0,2024-0002-MDG,nat-met-sto-tro,MDG,Africa,0.0,10.0,0.0,25837.0,25837.0,0.0,0.0,0.0,0.0,97.436175616134,Tropical Storm,60.0,69.0,989.0,2024-01-01,2024-01-04,3.5,Landfall,Tropical Storm,-21.4,43.8,54.0,2024-01-02,1,-0.002111300565529106,13.199999809265137,-0.002824240011909951,0.19106306436939613,0.5696986156930721,-0.011317229077226876,0.5546837004829687,-0.029529645770832523
2024013S13057,Belal (2024),2024.0,2024-0009-MUS,nat-met-sto-tro,MUS,Africa,0.0,2.0,0.0,100000.0,100000.0,0.0,0.0,0.0,0.0,97.436175616134,Category 2,89.0,102.4,968.0,2024-01-12,2024-01-19,7.0,At Sea / Open Water,At Sea / Open Water,0.0,0.0,0.0,2024-01-12,0,0.018721149856273378,12.699999809265137,-0.023617969800938665,0.19410332901556568,0.13929213734087198,-0.03994380837312772,0.46566948970605354,-0.033343430796560054
2024013S13057,Belal (2024),2024.0,2024-0009-REU,nat-met-sto-tro,REU,Africa,0.0,4.0,0.0,700.0,700.0,0.0,0.0,0.0,0.0,97.436175616134,Category 2,89.0,102.4,968.0,2024-01-12,2024-01-19,7.0,At Sea / Open Water,At Sea / Open Water,0.0,0.0,0.0,2024-01-12,0,0.018721149856273378,12.699999809265137,-0.023617969800938665,0.19410332901556568,0.13929213734087198,-0.03994380837312772,0.46566948970605354,-0.033343430796560054
2015066S08170,Pam (2015),2015.0,2015-0093-VUT,nat-met-sto-tro,VUT,Oceania,44127.0,11.0,0.0,188000.0,188000.0,0.0,0.0,449400.0,610425.0,73.6208029365864,Category 5,150.0,172.6,911.0,2015-03-07,2015-03-20,12.8,At Sea / Open Water,At Sea / Open Water,0.0,0.0,0.0,2015-03-09,2,-0.017123544913469013,15.0600004196167,-0.028546061049934512,0.1481109402412222,-0.029891259003810067,-0.07364186245366966,1.2746816044422644,-0.009085230079621864
2015066S08170,Pam (2015),2015.0,2015-0093-KIR,nat-met-sto-tro,KIR,Oceania,0.0,0.0,0.0,1500.0,1500.0,0.0,0.0,0.0,0.0,73.6208029365864,Category 5,150.0,172.6,911.0,2015-03-07,2015-03-20,12.8,At Sea / Open Water,At Sea / Open Water,0.0,0.0,0.0,2015-03-09,2,-0.017123544913469013,15.0600004196167,-0.028546061049934512,0.1481109402412222,-0.029891259003810067,-0.07364186245366966,1.2746816044422644,-0.009085230079621864
2024071S20039,Filipo (2024),2024.0,2024-0164-MOZ,nat-met-sto-tro,MOZ,Africa,0.0,2.0,85.0,93240.0,93325.0,0.0,0.0,0.0,0.0,97.436175616134,Tropical Storm,60.0,69.0,990.0,2024-03-10,2024-03-14,3.8,Landfall,Tropical Storm,-21.5,34.9,51.0,2024-03-11,1,-0.0019909221363687557,15.220000267028809,0.03329096221083394,0.1551062555143572,-0.24743056810651243,0.0,0.3976154892558183,0.02892535629816384
2024086S13051,Gamane (2024),2024.0,2024-0172-MDG,nat-met-sto-tro,MDG,Africa,0.0,22.0,4.0,89465.0,89469.0,0.0,0.0,50000.0,51316.0,97.436175616134,Category 2,89.0,102.4,970.0,2024-03-26,2024-03-29,3.5,Landfall,Category 2,-12.9425,49.8499,84.0,2024-03-26,0,0.006011158135944772,13.239999771118164,0.003905573075398072,0.10857885802820395,0.23919455751809382,-0.007720336408924555,0.21632536084687332,0.04902578849619373
2015036S20038,Fundi (2015),2015.0,2015-0074-MDG,nat-met-sto-tro,MDG,Africa,0.0,6.0,0.0,28450.0,36880.0,0.0,0.0,10000.0,13583.0,73.6208029365864,Tropical Storm,55.0,63.3,982.0,2015-02-05,2015-02-11,6.5,At Sea / Open Water,At Sea / Open Water,0.0,0.0,0.0,2015-02-05,0,0.020446120452741745,16.850000381469727,0.0654209622061721,0.3045006900462194,0.055189103596171796,-0.0023751537786658172,1.399070278233459,-0.012239371171574295
2024146N11126,Ewiniar (2024),2024.0,2024-0337-PHL,nat-met-sto-tro,PHL,Asia,0.0,6.0,8.0,52000.0,52008.0,0.0,0.0,20000.0,20526.0,97.436175616134,Category 2,93.0,107.0,957.0,2024-05-24,2024-05-28,3.2,Landfall,Tropical Depression,11.2,125.5,25.0,2024-05-24,0,-1.8942411989408825e-05,11.93000030517578,-0.037805379761440716,0.16797002531516203,-0.34343622420831954,-0.0520800294801439,0.4578115277550268,-0.005257811082230808
2014362N07130,Jangmi (2014),2014.0,2014-0497-PHL,nat-met-sto-tro,PHL,Asia,0.0,72.0,0.0,578549.0,578549.0,0.0,0.0,17688.0,24054.0,73.5335770092672,Tropical Storm,45.0,51.8,989.0,2014-12-27,2015-01-01,5.0,Landfall,Tropical Storm,8.9,126.0,40.0,2014-12-29,2,0.01065273041625825,15.0600004196167,-0.002109995747646476,0.307348837721766,-0.6101196333980848,-0.012940039764000377,1.3617194093368856,-0.0076063687144725806
2014329N08131,Sinlaku (2014),2014.0,2014-0474-PHL,nat-met-sto-tro,PHL,Asia,0.0,12.0,0.0,4695.0,4695.0,0.0,0.0,0.0,0.0,73.5335770092672,Tropical Storm,55.0,63.3,982.0,2014-11-25,2014-11-30,5.0,Landfall,Tropical Depression,9.03835,126.158,27.0,2014-11-25,0,0.00758949666291131,12.25,0.006524701848853454,0.19437236485250467,0.14601911556226277,-0.023841861390466068,1.2613010302744123,-0.056029319798585976
2014271N10160,Phanfone (2014),2014.0,2014-0397-JPN,nat-met-sto-tro,JPN,Asia,0.0,7.0,60.0,8706.0,8766.0,0.0,0.0,100000.0,135992.0,73.5335770092672,Category 4,135.0,155.4,922.0,2014-09-27,2014-10-08,10.2,Landfall,Category 1,34.88,138.367,70.0,2014-09-29,2,-0.008084202931168294,15.979999542236328,-0.006925519812827519,0.14312867461733325,0.4538929028373597,-0.05634547426380432,1.1698436930599312,-0.03073625556409859
2014253N13260,Odile (2014),2014.0,2014-0333-MEX,nat-met-sto-tro,MEX,Americas,0.0,6.0,135.0,75000.0,75135.0,1200000.0,1631908.0,2500000.0,3399807.0,73.5335770092672,Category 4,120.0,138.1,918.0,2014-09-09,2014-09-18,8.5,Landfall,Category 3,22.9,-109.9,110.0,2014-09-09,0,-0.006430674042622209,13.5,-0.02400224391703243,0.11821341056891811,0.1569026763708734,-0.03635758203279982,1.272720117834735,-0.005199699932735136
2014234N12261,Marie (2014),2014.0,2014-0325-MEX,nat-met-sto-tro,MEX,Americas,0.0,3.0,0.0,30000.0,30000.0,0.0,0.0,14000.0,19039.0,73.5335770092672,Category 5,140.0,161.1,918.0,2014-08-22,2014-09-02,11.2,At Sea / Open Water,At Sea / Open Water,0.0,0.0,0.0,2014-08-22,0,0.017729571708964054,11.470000267028809,0.0066407771255705406,0.15852344210398586,-0.3333453721343891,-0.0260043374974549,1.1562753250338151,0.009009558909708464
2014209N12152,Halong (2014),2014.0,2014-0316-JPN,nat-met-sto-tro,JPN,Asia,0.0,10.0,96.0,21654.0,21750.0,0.0,0.0,200000.0,271985.0,73.5335770092672,Category 5,140.0,161.1,918.0,2014-07-27,2014-08-15,18.2,Landfall,Tropical Storm,34.125,134.3,55.0,2014-07-28,1,0.00233151880553617,12.5600004196167,0.004640217787265755,0.11640732412180733,-0.20412485234177957,-0.009743328601473866,0.9200628873447912,-0.003298616695818362
2014153N12267,Boris (2014),2014.0,2014-0183-MEX,nat-met-sto-tro,MEX,Americas,0.0,0.0,0.0,0.0,0.0,0.0,0.0,0.0,0.0,73.5335770092672,Tropical Storm,40.0,46.0,998.0,2014-06-01,2014-06-04,3.2,At Sea / Open Water,At Sea / Open Water,0.0,0.0,0.0,2014-06-02,1,0.01339592012923485,11.579999923706056,0.011046530952598443,0.09761750839213008,-0.03880240881717989,-0.0019917161224460855,0.7799283445357192,0.007758659157394468
2013210N13122,Jebi (2013),2013.0,2013-0341-VNM,nat-met-sto-tro,VNM,Asia,0.0,7.0,11.0,5000.0,5011.0,0.0,0.0,1000.0,1382.0,72.3597374789251,Tropical Storm,60.0,69.0,978.0,2013-07-28,2013-08-03,5.8,Landfall,Tropical Depression,12.8151,121.396,0.0,2013-07-29,1,-0.005368794198056026,13.390000343322754,-0.013660795573596451,0.11429584471607292,0.21923467062611168,-0.01684172028014863,1.1131478376631756,-0.003240213792283536
2013149N14264,Barbara (2013),2013.0,2013-0188-MEX,nat-met-sto-tro,MEX,Americas,0.0,4.0,0.0,12000.0,12000.0,0.0,0.0,0.0,0.0,72.3597374789251,Category 1,70.0,80.6,983.0,2013-05-28,2013-05-30,2.2,Landfall,Category 1,16.0,-94.0,70.0,2013-05-28,0,-0.0037745794865888804,14.479999542236328,-0.008525329927375536,0.15098285948853504,0.05064657286944918,-0.008525329927375536,1.2077545213746168,-0.0034758370074477775
2012254N09135,Sanba (2012),2012.0,2012-0588-KOR,nat-met-sto-tro,KOR,Asia,0.0,0.0,0.0,3120.0,3120.0,0.0,0.0,349000.0,489378.0,71.3150877335761,Category 5,155.0,178.4,907.0,2012-09-10,2012-09-18,8.8,Landfall,Category 1,35.0967,128.16,65.0,2012-09-10,0,0.0166472419443906,16.280000686645508,0.022368511277849557,0.13516813095497077,-0.4244179745613257,-0.004356093220702739,1.3562880281166811,0.008581549811435125
2012254N09135,Sanba (2012),2012.0,2012-0588-JPN,nat-met-sto-tro,JPN,Asia,0.0,0.0,0.0,25250.0,25250.0,0.0,0.0,31000.0,43469.0,71.3150877335761,Category 5,155.0,178.4,907.0,2012-09-10,2012-09-18,8.8,Landfall,Category 1,35.0967,128.16,65.0,2012-09-10,0,0.0166472419443906,16.280000686645508,0.022368511277849557,0.13516813095497077,-0.4244179745613257,-0.004356093220702739,1.3562880281166811,0.008581549811435125
2012230N21126,Tembin (2012),2012.0,2012-0585-KOR,nat-met-sto-tro,KOR,Asia,0.0,2.0,0.0,0.0,0.0,0.0,0.0,0.0,0.0,71.3150877335761,Category 4,120.0,138.1,933.0,2012-08-17,2012-09-01,14.8,Landfall,Category 3,22.2716,120.937,107.0,2012-08-17,0,0.00951439590727099,13.449999809265137,0.0027633382945508878,0.1887320351105654,0.06969201537713765,-0.0004136676053628774,1.3477559561780441,-0.001778362736214227
2012234N16315,Isaac (2012),2012.0,2012-0313-DOM,nat-met-sto-tro,DOM,Americas,0.0,5.0,0.0,20515.0,20515.0,0.0,0.0,0.0,0.0,71.3150877335761,Category 1,70.0,80.6,965.0,2012-08-20,2012-09-01,11.8,Landfall,Tropical Storm,18.3,-72.7,55.0,2012-08-20,0,0.010087175277911031,14.020000457763672,0.003051028222730068,0.18461736112334637,-0.3282905054892026,-0.003857004918509377,1.348918120464943,0.0018800861934243438
2012232N13141,Bolaven (2012),2012.0,2012-0414-JPN,nat-met-sto-tro,JPN,Asia,0.0,0.0,0.0,0.0,0.0,0.0,0.0,86000.0,120592.0,71.3150877335761,Category 4,125.0,143.8,929.0,2012-08-18,2012-09-01,14.2,Landfall,Tropical Storm,40.1763,125.098,40.0,2012-08-20,2,0.010087175277911031,14.020000457763672,0.003051028222730068,0.18461736112334637,-0.3282905054892026,-0.003857004918509377,1.348918120464943,0.0018800861934243438
2012234N16315,Isaac (2012),2012.0,2012-0313-HTI,nat-met-sto-tro,HTI,Americas,0.0,13.0,7.0,8000.0,8007.0,0.0,0.0,0.0,0.0,71.3150877335761,Category 1,70.0,80.6,965.0,2012-08-20,2012-09-01,11.8,Landfall,Tropical Storm,18.3,-72.7,55.0,2012-08-20,0,0.010087175277911031,14.020000457763672,0.003051028222730068,0.18461736112334637,-0.3282905054892026,-0.003857004918509377,1.348918120464943,0.0018800861934243438
2020092S09155,Harold (2020),2020.0,2020-0132-SLB,nat-met-sto-tro,SLB,Oceania,0.0,48.0,0.0,150000.0,150000.0,0.0,0.0,0.0,0.0,80.3903830082114,Category 5,145.0,166.9,909.0,2020-04-01,2020-04-11,10.0,Landfall,Category 4,-15.6,166.867,120.0,2020-04-01,0,-0.0025931157073530997,57.060001373291016,-0.03561467552836595,1.4247068670230303,-0.5455984468359814,-0.3729058748595212,1.3199001154287526,0.08946015316427275
2020152N12269,Amanda (2020),2020.0,2020-0218-HND,nat-met-sto-tro,HND,Americas,0.0,5.0,0.0,1200.0,1200.0,0.0,0.0,0.0,0.0,80.3903830082114,Tropical Storm,35.0,40.3,1003.0,2020-05-30,2020-05-31,0.8,Landfall,Tropical Storm,14.1,-90.3,35.0,2020-06-01,2,0.034219927469697264,28.229999542236328,0.024948038377505366,0.49264730631738857,0.23860241589816855,-0.015477159651311911,1.4188273877861854,0.10617528995949528
2020154N19269,Cristobal (2020),2020.0,2020-0219-USA,nat-met-sto-tro,USA,Americas,0.0,1.0,0.0,0.0,0.0,0.0,0.0,325000.0,404277.0,80.3903830082114,Tropical Storm,50.0,57.5,982.0,2020-06-01,2020-06-12,10.5,Landfall,Tropical Storm,18.5797,-91.9762,48.0,2020-06-01,0,0.034219927469697264,28.229999542236328,0.024948038377505366,0.49264730631738857,0.23860241589816855,-0.015477159651311911,1.4188273877861854,0.10617528995949528
2023196N17119,Talim (2023),2023.0,2023-0450-VNM,nat-met-sto-tro,VNM,Asia,0.0,1.0,3.0,0.0,3.0,0.0,0.0,0.0,0.0,94.6446220103845,Category 1,70.0,80.6,971.0,2023-07-14,2023-07-18,3.8,Landfall,Category 1,21.2931,110.212,67.0,2023-07-14,0,0.024467099688047833,13.34000015258789,0.008169148997771769,0.22545370940157608,-0.10074004415733095,-0.030126426540282303,0.9376397992240715,0.028938704596865407
2023203N14132,Doksuri (2023),2023.0,2023-0464-PHL,nat-met-sto-tro,PHL,Asia,0.0,39.0,171.0,5385066.0,5385237.0,0.0,0.0,284256.0,300340.0,94.6446220103845,Category 4,128.0,147.3,926.0,2023-07-21,2023-07-28,6.8,Landfall,Category 2,24.7901,118.563,83.0,2023-07-21,0,0.006454696523574777,13.600000381469728,0.034990884949282375,0.20068293899961107,-0.2832395960734925,0.0,0.8717111974291203,0.009248799672697598
2023131N11088,Mocha (2023),2023.0,2023-0294-MMR,nat-met-sto-tro,MMR,Asia,0.0,148.0,132.0,1200000.0,1200132.0,0.0,0.0,2240000.0,2366748.0,94.6446220103845,Category 5,138.0,158.8,918.0,2023-05-11,2023-05-14,3.8,Landfall,Category 3,20.8,93.1,105.0,2023-05-11,0,0.017278507194237624,16.93000030517578,0.003712619434921738,0.2383313746135365,-0.27795160893664517,-0.10122674596831693,1.0412495075904165,-0.009902485922584713
2023131N11088,Mocha (2023),2023.0,2023-0294-IND,nat-met-sto-tro,IND,Asia,0.0,0.0,0.0,1000.0,1000.0,0.0,0.0,0.0,0.0,94.6446220103845,Category 5,138.0,158.8,918.0,2023-05-11,2023-05-14,3.8,Landfall,Category 3,20.8,93.1,105.0,2023-05-11,0,0.017278507194237624,16.93000030517578,0.003712619434921738,0.2383313746135365,-0.27795160893664517,-0.10122674596831693,1.0412495075904165,-0.009902485922584713
2024147N19089,Remal (2024),2024.0,2024-0320-BGD,nat-met-sto-tro,BGD,Asia,0.0,16.0,13.0,4590000.0,4590013.0,0.0,0.0,90700.0,93087.0,97.436175616134,Tropical Storm,54.0,62.1,978.0,2024-05-25,2024-05-27,2.2,Landfall,Tropical Storm,21.7,88.4,54.0,2024-05-28,3,-0.0004715963702689452,12.920000076293944,-0.02151782245603928,0.1709087634357321,0.4355487568662899,-0.02790657109156569,0.4381703883735152,-0.02504151451886326
2023337N12083,Michaung (2023),2023.0,2023-0792-IND,nat-met-sto-tro,IND,Asia,0.0,20.0,0.0,4390000.0,4390000.0,0.0,0.0,125000.0,132073.0,94.6446220103845,Tropical Storm,60.0,69.0,987.0,2023-12-03,2023-12-05,2.0,Landfall,Tropical Storm,14.3,80.1,60.0,2023-12-04,1,0.004862644462636956,13.079999923706056,0.0,0.16372798969582641,0.5129582316401244,-0.012485441207773618,0.43749509226268507,-0.032254122754020134
2023296N18087,Hamoon (2023),2023.0,2023-0686-BGD,nat-met-sto-tro,BGD,Asia,0.0,3.0,0.0,1500000.0,1500000.0,0.0,0.0,250000.0,264146.0,94.6446220103845,Category 1,80.0,92.1,978.0,2023-10-23,2023-10-25,1.8,Landfall,Category 1,21.6,92.1,74.0,2023-10-23,0,-0.035730853060299106,20.3700008392334,-0.015411897257346374,0.2589189011258152,0.352480894143651,-0.037398351793353934,0.3924700272369555,-0.039260363516224396
2023294N09061,Tej (2023),2023.0,2023-0685-YEM,nat-met-sto-tro,YEM,Asia,0.0,7.0,150.0,0.0,150.0,0.0,0.0,0.0,0.0,94.6446220103845,Category 3,109.0,125.4,956.0,2023-10-20,2023-10-24,3.8,Landfall,Tropical Storm,15.5575,52.1575,62.0,2023-10-20,0,-0.023893336610602,21.709999084472656,0.007478511180588621,0.25632819223299774,-0.04044789102857449,-0.021571707039149568,0.3827424919234374,-0.05282494506040788
2023273N16134,Koinu (2023),2023.0,2023-0623-TWN,nat-met-sto-tro,TWN,Asia,0.0,1.0,190.0,0.0,190.0,0.0,0.0,0.0,0.0,94.6446220103845,Category 4,119.0,136.9,940.0,2023-09-29,2023-10-10,10.5,Landfall,Category 3,22.0,120.8,109.0,2023-09-29,0,-0.006830596083547413,17.520000457763672,0.012092790871398362,0.2090497621387539,0.1498024598620309,-0.024667898913090958,0.5361037604733576,-0.05413770608837498
2023273N16134,Koinu (2023),2023.0,2023-0623-CHN,nat-met-sto-tro,CHN,Asia,0.0,0.0,0.0,0.0,0.0,0.0,0.0,0.0,0.0,94.6446220103845,Category 4,119.0,136.9,940.0,2023-09-29,2023-10-10,10.5,Landfall,Category 3,22.0,120.8,109.0,2023-09-29,0,-0.006830596083547413,17.520000457763672,0.012092790871398362,0.2090497621387539,0.1498024598620309,-0.024667898913090958,0.5361037604733576,-0.05413770608837498
2023249N24133,Yun-Yeung (2023),2023.0,2023-0609-JPN,nat-met-sto-tro,JPN,Asia,0.0,3.0,0.0,3600.0,3600.0,0.0,0.0,0.0,0.0,94.6446220103845,Tropical Storm,39.0,44.9,992.0,2023-09-05,2023-09-08,3.0,At Sea / Open Water,At Sea / Open Water,0.0,0.0,0.0,2023-09-05,0,0.014635264877031373,14.010000228881836,0.03447502060435692,0.1562178199684171,0.8950548638707219,0.0,0.45180249376878967,0.02256252690884304
2023239N21274,Idalia (2023),2023.0,2023-0565-USA,nat-met-sto-tro,USA,Americas,0.0,5.0,0.0,0.0,0.0,0.0,0.0,3500000.0,3698044.0,94.6446220103845,Category 4,115.0,132.3,942.0,2023-08-26,2023-09-08,12.8,Landfall,Category 3,29.9155,-83.6226,100.0,2023-08-28,2,0.007784637900201119,15.079999923706056,-0.0007932559067348466,0.15327829937522333,-0.15645950591044466,-0.019132488018488436,0.5493978351712205,0.026434437763758485
2023239N21274,Idalia (2023),2023.0,2023-0565-CUB,nat-met-sto-tro,CUB,Americas,0.0,0.0,0.0,0.0,0.0,0.0,0.0,0.0,0.0,94.6446220103845,Category 4,115.0,132.3,942.0,2023-08-26,2023-09-08,12.8,Landfall,Category 3,29.9155,-83.6226,100.0,2023-08-28,2,0.007784637900201119,15.079999923706056,-0.0007932559067348466,0.15327829937522333,-0.15645950591044466,-0.019132488018488436,0.5493978351712205,0.026434437763758485
2023232N13300,Franklin (2023),2023.0,2023-0559-DOM,nat-met-sto-tro,DOM,Americas,0.0,3.0,0.0,289083.0,289083.0,0.0,0.0,0.0,0.0,94.6446220103845,Category 4,130.0,149.6,926.0,2023-08-19,2023-09-09,21.0,Landfall,Tropical Storm,18.3,-71.1,40.0,2023-08-21,2,-0.01957115767634121,17.1299991607666,-0.014186656198688419,0.1593368946232659,0.00990413853869243,-0.018353791365165018,0.4915286041952154,-0.004619628107985874
2002265N10315,Lili (2002),2002.0,2002-0636-GRD,nat-met-sto-tro,GRD,Americas,0.0,0.0,0.0,70.0,75.0,0.0,0.0,0.0,0.0,55.8716960740501,Category 4,125.0,143.8,938.0,2002-09-21,2002-10-04,12.8,Landfall,Category 2,22.1,-84.0,90.0,2002-09-23,2,-0.06513520762552238,39.68000030517578,-0.05572019414834839,0.2719938863020667,0.6533742331288344,-0.09625224407229538,1.0212712326207467,0.023300542167857964
2002265N10315,Lili (2002),2002.0,2002-0653-VCT,nat-met-sto-tro,VCT,Americas,0.0,4.0,0.0,1000.0,1000.0,0.0,0.0,11000.0,19688.0,55.8716960740501,Category 4,125.0,143.8,938.0,2002-09-21,2002-10-04,12.8,Landfall,Category 2,22.1,-84.0,90.0,2002-09-23,2,-0.06513520762552238,39.68000030517578,-0.05572019414834839,0.2719938863020667,0.6533742331288344,-0.09625224407229538,1.0212712326207467,0.023300542167857964
2003262N17254,Marty (2003),2003.0,2003-0474-MEX,nat-met-sto-tro,MEX,Americas,0.0,2.0,0.0,6000.0,6000.0,0.0,0.0,100000.0,175009.0,57.1400352670416,Category 2,85.0,97.8,970.0,2003-09-18,2003-09-26,7.2,Landfall,Category 2,23.0,-109.7,85.0,2003-09-18,0,0.02288325566319216,17.56999969482422,-0.012674147937612457,0.13338908589613865,2.520149953139644,-0.03554336519992096,0.43703339264597163,0.021476901285995043
2004255N23120,Haima (2004),2004.0,2004-0468-TWN,nat-met-sto-tro,TWN,Asia,0.0,9.0,0.0,6000.0,6000.0,0.0,0.0,2710.0,4619.0,58.6698092933412,Tropical Storm,35.0,40.3,997.0,2004-09-10,2004-09-19,8.5,Landfall,Tropical Depression,22.8,120.233,25.0,2004-09-10,0,0.00426366944884804,13.760000228881836,0.010680568561212356,0.1595922722160557,0.6563967136150235,-0.005405297482522831,0.6308725475114391,0.025107169867779135
2005054S09173,Percy (2005),2005.0,2005-0102-TKL,nat-met-sto-tro,TKL,Oceania,0.0,0.0,1.0,0.0,26.0,0.0,0.0,0.0,0.0,60.6603317527392,Category 5,140.0,161.1,898.0,2005-02-23,2005-03-05,10.5,At Sea / Open Water,At Sea / Open Water,0.0,0.0,0.0,2005-02-23,0,-0.013869250463263594,12.390000343322754,0.04240632844829406,0.18652657166932843,0.1967568760111782,0.0,0.8823858911505611,0.019225133887635498
2005041S13181,Olaf (2005),2005.0,2005-0151-ASM,nat-met-sto-tro,ASM,Oceania,0.0,0.0,0.0,0.0,0.0,0.0,0.0,0.0,0.0,60.6603317527392,Category 5,145.0,166.9,892.0,2005-02-10,2005-02-23,13.0,At Sea / Open Water,At Sea / Open Water,0.0,0.0,0.0,2005-02-10,0,0.006556856632323305,11.510000228881836,0.02981233041803355,0.14783902790701803,0.9434431535552452,0.0,0.7692054341037426,0.023555337520350533
2005192N11318,Emily (2005),2005.0,2005-0382-GRD,nat-met-sto-tro,GRD,Americas,0.0,1.0,0.0,0.0,0.0,0.0,0.0,44900.0,74019.0,60.6603317527392,Category 5,140.0,161.1,929.0,2005-07-11,2005-07-21,10.5,Landfall,Category 2,20.6198,-88.0304,92.0,2005-07-11,0,0.020162872049588776,11.279999732971191,0.025088394921357393,0.21662651282956735,0.22716688227684356,-0.004700860273300966,1.456697373262884,-0.03495310830114457
2005262N13127,Damrey (2005),2005.0,2005-0540-CHN,nat-met-sto-tro,CHN,Asia,0.0,25.0,0.0,5719000.0,5719000.0,0.0,0.0,1040000.0,1714465.0,60.6603317527392,Category 2,90.0,103.6,954.0,2005-09-19,2005-09-28,9.0,Landfall,Category 1,18.8617,110.331,75.0,2005-09-19,0,-0.00591908025447252,12.140000343322754,0.04047530289475132,0.23038965067554715,0.15830024680759736,0.0,0.9318664289579028,0.008822770883903165
2005275N19274,Stan (2005),2005.0,2005-0567-GTM,nat-met-sto-tro,GTM,Americas,25257.0,1513.0,386.0,474928.0,475314.0,0.0,0.0,988300.0,1629236.0,60.6603317527392,Category 1,70.0,80.6,977.0,2005-10-01,2005-10-05,3.8,Landfall,Tropical Storm,19.5456,-87.3758,36.0,2005-10-03,2,0.008389168487006993,12.460000038146973,0.00018639927217867225,0.21308321842428432,-0.43402493169398904,-0.01815849613425935,0.8266991095608877,-0.0617627259624592
2005296N16293,Alpha (2005),2005.0,2005-0597-HTI,nat-met-sto-tro,HTI,Americas,0.0,12.0,17.0,2175.0,2192.0,0.0,0.0,0.0,0.0,60.6603317527392,Tropical Storm,45.0,51.8,998.0,2005-10-22,2005-10-24,2.2,Landfall,Tropical Storm,18.3,-71.3,45.0,2005-10-24,2,0.007136057057697931,14.739999771118164,-0.026154322081477832,0.3993636013199511,1.025035698557378,-0.12582497452687857,1.6110460036162977,0.02205539363719746
2006161N20275,Alberto (2006),2006.0,2006-0272-CUB,nat-met-sto-tro,CUB,Americas,0.0,0.0,8.0,260.0,268.0,0.0,0.0,0.0,0.0,62.6171947810345,Tropical Storm,60.0,69.0,969.0,2006-06-10,2006-06-19,9.0,Landfall,Tropical Storm,29.9,-83.7,40.0,2006-06-12,2,-0.024622338755235118,20.959999084472656,-0.05534166879086788,0.2952850956202285,-0.4076356928174567,-0.08508660328708428,1.424078046446051,-0.010935277457084067
2006198N08152,Kaemi (2006),2006.0,2006-0388-CHN,nat-met-sto-tro,CHN,Asia,0.0,109.0,0.0,6531000.0,6531000.0,0.0,0.0,367000.0,586101.0,62.6171947810345,Category 1,75.0,86.3,967.0,2006-07-17,2006-07-29,12.0,Landfall,Tropical Storm,23.05,120.725,55.0,2006-07-17,0,-0.02767049519632203,18.63999938964844,-0.016004053211365332,0.27000322531470633,1.2189566193481265,-0.033678984925081146,1.4868913778962178,-0.031559745551890686
2006198N08152,Kaemi (2006),2006.0,2006-0388-TWN,nat-met-sto-tro,TWN,Asia,0.0,0.0,0.0,800.0,800.0,0.0,0.0,0.0,0.0,62.6171947810345,Category 1,75.0,86.3,967.0,2006-07-17,2006-07-29,12.0,Landfall,Tropical Storm,23.05,120.725,55.0,2006-07-17,0,-0.02767049519632203,18.63999938964844,-0.016004053211365332,0.27000322531470633,1.2189566193481265,-0.033678984925081146,1.4868913778962178,-0.031559745551890686
2006237N13298,Ernesto (2006),2006.0,2006-0466-HTI,nat-met-sto-tro,HTI,Americas,0.0,5.0,0.0,15000.0,15000.0,0.0,0.0,0.0,0.0,62.6171947810345,Category 1,65.0,74.8,985.0,2006-08-24,2006-09-04,10.5,Landfall,Tropical Storm,19.9,-75.5,35.0,2006-08-24,0,-0.0029223242849570896,12.399999618530272,0.02067140272945789,0.16781724061166298,-0.6898775776141923,-0.01818535997458426,1.401318118116738,-0.047052078197080884
2006257N16259,Lane (2006),2006.0,2006-0505-MEX,nat-met-sto-tro,MEX,Americas,0.0,4.0,0.0,240700.0,240700.0,0.0,0.0,2700.0,4312.0,62.6171947810345,Category 3,110.0,126.6,952.0,2006-09-13,2006-09-17,3.8,Landfall,Category 3,24.1,-107.2,110.0,2006-09-13,0,0.013102344490546924,11.18000030517578,-0.04104913378955233,0.2571625035150177,0.30759853718000807,-0.08961343068262939,0.9926550633010729,-0.043430746013125666
2006294N16254,Paul (2006),2006.0,2006-0604-MEX,nat-met-sto-tro,MEX,Americas,0.0,4.0,0.0,20000.0,20000.0,0.0,0.0,0.0,0.0,62.6171947810345,Category 2,90.0,103.6,970.0,2006-10-21,2006-10-26,5.0,At Sea / Open Water,At Sea / Open Water,0.0,0.0,0.0,2006-10-23,2,0.004604118591025941,11.079999923706056,-0.008144516542139324,0.2700602302309167,-0.31985643294927846,-0.011187262306298407,0.8945994493376761,0.004356565495119148
2007151N14072,Gonu (2007),2007.0,2007-0164-IRN,nat-met-sto-tro,IRN,Asia,0.0,12.0,9.0,185000.0,185009.0,0.0,0.0,0.0,0.0,64.4034636847652,Category 5,145.0,166.9,898.0,2007-05-31,2007-06-08,7.8,Landfall,Tropical Depression,25.7051,57.9702,20.0,2007-05-31,0,0.0057734590387847895,13.050000190734863,0.005890960992344985,0.18035177319541307,-0.32840742304521786,-0.0052436435729686925,1.1474713617348178,0.021919427604312453
2007244N12303,Felix (2007),2007.0,2007-0439-MEX,nat-met-sto-tro,MEX,Americas,0.0,0.0,0.0,0.0,30000.0,0.0,0.0,0.0,0.0,64.4034636847652,Category 5,150.0,172.6,929.0,2007-08-31,2007-09-06,6.2,Landfall,Category 5,14.3,-83.2,140.0,2007-08-31,0,-0.004988696038124574,23.3799991607666,0.008375916912696457,0.2983739848633483,-0.14818510345709812,0.0,1.2541358562506388,0.01987761845028934
2007297N18300,Noel (2007),2007.0,2007-0523-HTI,nat-met-sto-tro,HTI,Americas,0.0,90.0,133.0,108630.0,108763.0,0.0,0.0,0.0,0.0,64.4034636847652,Category 1,75.0,86.3,965.0,2007-10-24,2007-11-06,13.0,Landfall,Tropical Storm,19.7408,-73.2102,42.0,2007-10-24,0,-0.017957574510303997,20.799999237060547,-0.03109674774329929,0.2430713420422176,-0.002114519991042396,-0.03854041650548168,1.1740704629275653,-0.003128836089276079
2007345N18298,Olga (2007),2007.0,2007-0612-PRI,nat-met-sto-tro,PRI,Americas,0.0,1.0,0.0,0.0,0.0,0.0,0.0,0.0,0.0,64.4034636847652,Tropical Storm,50.0,57.5,1003.0,2007-12-10,2007-12-16,5.8,Landfall,Tropical Storm,18.4,-66.5,40.0,2007-12-10,0,0.02979407229136699,20.739999771118164,0.04338950011934628,0.38783341454592085,-0.41738205109840076,0.0,1.29728416700459,0.03549654698099448
2008117N11090,Nargis (2008),2008.0,2008-0184-MMR,nat-met-sto-tro,MMR,Asia,607329.0,138366.0,20000.0,2400000.0,2420000.0,0.0,0.0,4000000.0,5981221.0,66.8759741789087,Category 4,115.0,132.3,937.0,2008-04-25,2008-05-04,8.5,Landfall,Category 4,16.0,94.5,115.0,2008-04-25,0,0.008088140441964597,19.59000015258789,-0.008493176899198152,0.20964824716751063,0.5979429620157444,-0.02009879785620894,1.1186670093013318,-0.032318202645417134
2008117N11090,Nargis (2008),2008.0,2008-0184-THA,nat-met-sto-tro,THA,Asia,0.0,0.0,0.0,0.0,1000.0,0.0,0.0,0.0,0.0,66.8759741789087,Category 4,115.0,132.3,937.0,2008-04-25,2008-05-04,8.5,Landfall,Category 4,16.0,94.5,115.0,2008-04-25,0,0.008088140441964597,19.59000015258789,-0.008493176899198152,0.20964824716751063,0.5979429620157444,-0.02009879785620894,1.1186670093013318,-0.032318202645417134
2008152N18273,Arthur (2008),2008.0,2008-0233-BLZ,nat-met-sto-tro,BLZ,Americas,362.0,7.0,0.0,10000.0,10000.0,0.0,0.0,0.0,0.0,66.8759741789087,Tropical Storm,40.0,46.0,1004.0,2008-05-31,2008-06-02,2.0,Landfall,Tropical Storm,17.9,-88.2,40.0,2008-06-02,2,0.009154963770200641,19.829999923706055,0.0028985885997871996,0.2733988307272501,0.012597511701404107,-0.0429248557226769,0.9150287285170254,0.038600451859810495
2008150N10274,Alma (2008),2008.0,2008-0234-CRI,nat-met-sto-tro,CRI,Americas,0.0,4.0,0.0,55000.0,55000.0,0.0,0.0,0.0,0.0,66.8759741789087,Tropical Storm,55.0,63.3,994.0,2008-05-29,2008-05-30,1.5,Landfall,Tropical Storm,12.4446,-87.0324,52.0,2008-05-29,0,0.003656037107015342,18.13999938964844,-0.04413262632078829,0.29208599887765874,-0.2025705423742351,-0.05830283811609449,0.9440857567622719,0.025519872696516614
2008150N10274,Alma (2008),2008.0,2008-0234-HND,nat-met-sto-tro,HND,Americas,0.0,0.0,0.0,0.0,0.0,0.0,0.0,0.0,0.0,66.8759741789087,Tropical Storm,55.0,63.3,994.0,2008-05-29,2008-05-30,1.5,Landfall,Tropical Storm,12.4446,-87.0324,52.0,2008-05-29,0,0.003656037107015342,18.13999938964844,-0.04413262632078829,0.29208599887765874,-0.2025705423742351,-0.05830283811609449,0.9440857567622719,0.025519872696516614
2008203N18276,Dolly (2008),2008.0,2008-0304-MEX,nat-met-sto-tro,MEX,Americas,0.0,2.0,0.0,500000.0,500000.0,0.0,0.0,75000.0,112148.0,66.8759741789087,Category 2,85.0,97.8,963.0,2008-07-20,2008-07-27,6.5,Landfall,Tropical Storm,20.8,-87.0,45.0,2008-07-21,1,0.02713509003764214,23.049999237060547,-0.03813449334917274,0.3516929749925903,0.5782500984001298,-0.11151026355867433,0.5023729976618033,-0.05478885685611473
2008203N18276,Dolly (2008),2008.0,2008-0304-USA,nat-met-sto-tro,USA,Americas,0.0,0.0,0.0,0.0,0.0,600000.0,897183.0,1200000.0,1794366.0,66.8759741789087,Category 2,85.0,97.8,963.0,2008-07-20,2008-07-27,6.5,Landfall,Tropical Storm,20.8,-87.0,45.0,2008-07-21,1,0.02713509003764214,23.049999237060547,-0.03813449334917274,0.3516929749925903,0.5782500984001298,-0.11151026355867433,0.5023729976618033,-0.05478885685611473
2008241N19303,Hanna (2008),2008.0,2008-0378-DOM,nat-met-sto-tro,DOM,Americas,0.0,1.0,0.0,10745.0,10745.0,0.0,0.0,0.0,0.0,66.8759741789087,Category 1,75.0,86.3,977.0,2008-08-28,2008-09-08,11.5,Landfall,Tropical Storm,34.5805,-78.498,54.0,2008-08-28,0,0.018701073929630496,19.43000030517578,-0.017938941525234897,0.35910707438842543,-0.14327572641688602,-0.017938941525234897,0.3657388250275958,-0.07152362125021818
2008241N19303,Hanna (2008),2008.0,2008-0378-TCA,nat-met-sto-tro,TCA,Americas,0.0,0.0,0.0,750.0,750.0,0.0,0.0,0.0,0.0,66.8759741789087,Category 1,75.0,86.3,977.0,2008-08-28,2008-09-08,11.5,Landfall,Tropical Storm,34.5805,-78.498,54.0,2008-08-28,0,0.018701073929630496,19.43000030517578,-0.017938941525234897,0.35910707438842543,-0.14327572641688602,-0.017938941525234897,0.3657388250275958,-0.07152362125021818
2008245N17323,Ike (2008),2008.0,2008-0384-BHS,nat-met-sto-tro,BHS,Americas,0.0,0.0,0.0,3000.0,3000.0,0.0,0.0,0.0,0.0,66.8759741789087,Category 4,125.0,143.8,935.0,2008-09-01,2008-09-15,14.2,Landfall,Category 3,21.0,-73.2,110.0,2008-09-02,1,0.007636362239721528,21.989999771118164,-0.04209107685220659,0.3741724708995926,1.253356139300994,-0.07620771149891847,0.262151388061078,-0.0937030652370545
2009227N12328,Bill (2009),2009.0,2009-0342-CAN,nat-met-sto-tro,CAN,Americas,0.0,0.0,3.0,0.0,3.0,0.0,0.0,0.0,0.0,66.6382010716644,Category 4,115.0,132.3,943.0,2009-08-15,2009-08-26,10.8,Landfall,Tropical Storm,48.0,-53.0,60.0,2009-08-17,2,-0.026536672319083854,27.88999938964844,-0.0387852491320162,0.2500019544619872,0.33243010660920147,-0.0548922521431503,1.2780470969934299,0.020046459878925546
2009227N12328,Bill (2009),2009.0,2009-0342-USA,nat-met-sto-tro,USA,Americas,0.0,3.0,9.0,0.0,9.0,0.0,0.0,0.0,0.0,66.6382010716644,Category 4,115.0,132.3,943.0,2009-08-15,2009-08-26,10.8,Landfall,Tropical Storm,48.0,-53.0,60.0,2009-08-17,2,-0.026536672319083854,27.88999938964844,-0.0387852491320162,0.2500019544619872,0.33243010660920147,-0.0548922521431503,1.2780470969934299,0.020046459878925546
2009239N12270,Jimena (2009),2009.0,2009-0384-MEX,nat-met-sto-tro,MEX,Americas,0.0,4.0,0.0,72000.0,72000.0,0.0,0.0,40000.0,60026.0,66.6382010716644,Category 4,135.0,155.4,931.0,2009-08-26,2009-09-05,9.8,Landfall,Category 2,24.8387,-112.121,90.0,2009-08-26,0,0.03211251006114835,24.950000762939453,0.03902554114424017,0.24226878048106495,-0.20958808267498474,-0.010750114652602782,1.3106928665756898,-0.005868227072541511
2009313N11072,Phyan (2009),2009.0,2009-0609-IND,nat-met-sto-tro,IND,Asia,0.0,20.0,0.0,0.0,0.0,0.0,0.0,300000.0,450192.0,66.6382010716644,Tropical Storm,50.0,57.5,985.0,2009-11-09,2009-11-11,2.4,Landfall,Tropical Storm,18.75,73.3,45.0,2009-11-09,0,0.05032635885976866,23.149999618530273,0.046223483922140485,0.27649769367449123,-0.4243426869244685,-0.02660615465260141,1.252222906985718,-0.008428392428482114
2010198N15123,Chanthu (2010),2010.0,2010-0332-HKG,nat-met-sto-tro,HKG,Asia,0.0,1.0,0.0,15000.0,15000.0,0.0,0.0,0.0,0.0,67.7310945291778,Category 1,80.0,92.1,963.0,2010-07-17,2010-07-23,6.5,Landfall,Tropical Depression,15.2667,121.233,25.0,2010-07-19,2,-0.006850207415910248,25.969999313354492,-0.00800326885632141,0.2533903539573761,0.5281409545626241,-0.06181303804003424,1.182957968624152,-0.005013514489183912
2010149N13266,Agatha (2010),2010.0,2010-0211-GTM,nat-met-sto-tro,GTM,Americas,0.0,174.0,154.0,397808.0,397962.0,0.0,0.0,650000.0,959677.0,67.7310945291778,Tropical Storm,40.0,46.0,1001.0,2010-05-28,2010-05-30,1.8,Landfall,Tropical Storm,14.6,-91.9,35.0,2010-05-28,0,0.0023829369842960357,32.06999969482422,-0.0003771590976241468,0.3591143886678207,-0.34433957565494566,-0.12444324930637518,1.1294056525221836,0.003309879221622819
2010149N13266,Agatha (2010),2010.0,2010-0211-HND,nat-met-sto-tro,HND,Americas,0.0,18.0,4.0,16673.0,24675.0,0.0,0.0,90000.0,132878.0,67.7310945291778,Tropical Storm,40.0,46.0,1001.0,2010-05-28,2010-05-30,1.8,Landfall,Tropical Storm,14.6,-91.9,35.0,2010-05-28,0,0.0023829369842960357,32.06999969482422,-0.0003771590976241468,0.3591143886678207,-0.34433957565494566,-0.12444324930637518,1.1294056525221836,0.003309879221622819
2010236N12341,Earl (2010),2010.0,2010-0468-USA,nat-met-sto-tro,USA,Americas,0.0,1.0,0.0,0.0,0.0,0.0,0.0,100000.0,147643.0,67.7310945291778,Category 4,125.0,143.8,927.0,2010-08-24,2010-09-06,13.0,Landfall,Category 1,44.3,-64.5,65.0,2010-08-24,0,-0.03704686186332928,27.459999084472656,-0.052184777346047095,0.21124635264004207,-0.1819685415209742,-0.0871955784884686,1.2408268350558727,-0.0013043796504416164
2010257N16282,Karl (2010),2010.0,2010-0494-MEX,nat-met-sto-tro,MEX,Americas,50.0,12.0,0.0,230000.0,230000.0,150000.0,221464.0,3900000.0,5758064.0,67.7310945291778,Category 3,110.0,126.6,956.0,2010-09-13,2010-09-18,4.5,Landfall,Tropical Storm,18.5,-87.8,55.0,2010-09-13,0,0.016502859778690482,21.209999084472656,0.014021933958154875,0.23156351697147093,-0.31067176967034293,0.0,1.133817445970712,-0.019465103222842298
2010267N14285,Matthew (2010),2010.0,2010-0503-BLZ,nat-met-sto-tro,BLZ,Americas,0.0,0.0,0.0,0.0,0.0,0.0,0.0,0.0,0.0,67.7310945291778,Tropical Storm,50.0,57.5,998.0,2010-09-23,2010-09-26,3.2,Landfall,Tropical Storm,14.7,-83.3,50.0,2010-09-23,0,0.0004624960932075872,23.8700008392334,-0.0011266340891088467,0.2096770898168169,-0.26257249922428816,-0.01349434763349866,1.104567000203927,0.02022642718645694
2010267N14285,Matthew (2010),2010.0,2010-0503-NIC,nat-met-sto-tro,NIC,Americas,0.0,0.0,0.0,0.0,0.0,0.0,0.0,0.0,0.0,67.7310945291778,Tropical Storm,50.0,57.5,998.0,2010-09-23,2010-09-26,3.2,Landfall,Tropical Storm,14.7,-83.3,50.0,2010-09-23,0,0.0004624960932075872,23.8700008392334,-0.0011266340891088467,0.2096770898168169,-0.26257249922428816,-0.01349434763349866,1.104567000203927,0.02022642718645694
2010267N14285,Matthew (2010),2010.0,2010-0503-VEN,nat-met-sto-tro,VEN,Americas,0.0,8.0,0.0,0.0,0.0,0.0,0.0,0.0,0.0,67.7310945291778,Tropical Storm,50.0,57.5,998.0,2010-09-23,2010-09-26,3.2,Landfall,Tropical Storm,14.7,-83.3,50.0,2010-09-23,0,0.0004624960932075872,23.8700008392334,-0.0011266340891088467,0.2096770898168169,-0.26257249922428816,-0.01349434763349866,1.104567000203927,0.02022642718645694
2010302N09306,Tomas (2010),2010.0,2010-0571-BRB,nat-met-sto-tro,BRB,Americas,0.0,0.0,0.0,2500.0,2500.0,0.0,0.0,0.0,0.0,67.7310945291778,Category 2,85.0,97.8,982.0,2010-10-29,2010-11-10,12.5,At Sea / Open Water,At Sea / Open Water,0.0,0.0,0.0,2010-10-29,0,0.001182889238901419,21.200000762939453,-0.0010114585485024863,0.1498176228631567,0.42696834786851245,-0.005706252892488162,1.156944438731265,0.010521423411423293
2010302N09306,Tomas (2010),2010.0,2010-0571-HTI,nat-met-sto-tro,HTI,Americas,0.0,21.0,0.0,5020.0,5020.0,0.0,0.0,0.0,0.0,67.7310945291778,Category 2,85.0,97.8,982.0,2010-10-29,2010-11-10,12.5,At Sea / Open Water,At Sea / Open Water,0.0,0.0,0.0,2010-10-29,0,0.001182889238901419,21.200000762939453,-0.0010114585485024863,0.1498176228631567,0.42696834786851245,-0.005706252892488162,1.156944438731265,0.010521423411423293
2011038S11062,Bingiza (2011),2011.0,2011-0057-MDG,nat-met-sto-tro,MDG,Africa,2091.0,35.0,73.0,89297.0,115215.0,0.0,0.0,0.0,0.0,69.869263508865,Category 3,100.0,115.1,948.0,2011-02-06,2011-02-21,15.0,Landfall,Category 2,-15.9,49.7,85.0,2011-02-07,1,0.025567651686287052,16.280000686645508,0.01927550581936166,0.1727176833644554,-0.3560157516056206,0.0,1.142824962542368,0.0031833743655923508
2011279N10257,Jova (2011),2011.0,2011-0385-MEX,nat-met-sto-tro,MEX,Americas,71.0,5.0,0.0,50000.0,50000.0,0.0,0.0,27700.0,39645.0,69.869263508865,Category 3,110.0,126.6,955.0,2011-10-05,2011-10-12,7.2,Landfall,Category 2,19.6,-105.1,85.0,2011-10-05,0,-0.006253420288481859,37.810001373291016,0.013565300107226674,0.4269493007728484,0.6266622786695708,-0.09988720478779312,1.2466391836675332,-0.00931709723246539
2012018S16041,Funso (2012),2012.0,2012-0005-MOZ,nat-met-sto-tro,MOZ,Africa,0.0,10.0,0.0,65000.0,65000.0,0.0,0.0,0.0,0.0,71.3150877335761,Category 4,115.0,132.3,937.0,2012-01-17,2012-02-01,15.2,At Sea / Open Water,At Sea / Open Water,0.0,0.0,0.0,2012-01-17,0,0.010310931908989573,22.200000762939453,-0.01200881599409287,0.22819849445371643,0.04017204729639956,-0.02072553431070623,1.313018308293026,0.004361588851114033
2012018S16041,Funso (2012),2012.0,2012-0005-MWI,nat-met-sto-tro,MWI,Africa,0.0,0.0,0.0,6000.0,6000.0,0.0,0.0,0.0,0.0,71.3150877335761,Category 4,115.0,132.3,937.0,2012-01-17,2012-02-01,15.2,At Sea / Open Water,At Sea / Open Water,0.0,0.0,0.0,2012-01-17,0,0.010310931908989573,22.200000762939453,-0.01200881599409287,0.22819849445371643,0.04017204729639956,-0.02072553431070623,1.313018308293026,0.004361588851114033
2012201N15129,Vicente (2012),2012.0,2012-0259-VNM,nat-met-sto-tro,VNM,Asia,0.0,10.0,3.0,0.0,3.0,0.0,0.0,0.0,0.0,71.3150877335761,Category 4,115.0,132.3,937.0,2012-07-18,2012-07-25,6.8,Landfall,Category 3,22.0342,112.828,100.0,2012-07-18,0,0.02392672975525234,16.15999984741211,0.03918620422176966,0.27157168426964345,-0.25981044507724815,0.0,1.3380143924920576,0.01377563515460177
2012225N16133,Kai-Tak (2012),2012.0,2012-0294-PHL,nat-met-sto-tro,PHL,Asia,0.0,4.0,0.0,0.0,0.0,0.0,0.0,3000.0,4207.0,71.3150877335761,Category 1,65.0,74.8,974.0,2012-08-11,2012-08-18,7.0,Landfall,Tropical Storm,18.3933,121.531,55.0,2012-08-13,2,0.008236386077828062,13.699999809265137,0.02081302669441598,0.1899454132659132,0.3963478319463629,-0.003730589138726037,1.3386037044712773,-0.010451701971932724
2000232N12116,Kaemi (2000),2000.0,2000-0539-THA,nat-met-sto-tro,THA,Asia,0.0,2.0,0.0,41219.0,41219.0,0.0,0.0,0.0,0.0,53.4877366816787,Tropical Storm,45.0,51.8,995.0,2000-08-18,2000-08-23,5.2,Landfall,Tropical Storm,16.0121,107.79,40.0,2000-08-18,0,0.01547592666508435,17.049999237060547,0.03600015427785852,0.21452005963831033,3.537878787878788,-0.011450696294748375,0.1489007550767068,0.006168389423162515
2001189N13130,Trami (2001),2001.0,2001-0415-TWN,nat-met-sto-tro,TWN,Asia,0.0,5.0,17.0,0.0,2017.0,0.0,0.0,0.0,0.0,54.9993852662954,Tropical Storm,40.0,46.0,997.0,2001-07-07,2001-07-12,4.5,Landfall,Tropical Storm,22.7846,120.923,35.0,2001-07-09,2,-0.02365448114037383,22.479999542236328,-0.012850088837697893,0.19815994087347427,-0.7203210815378116,-0.09143639138662907,0.0664314024589124,-0.026595073678719893
2000184N13133,Kirogi (2000),2000.0,2000-0396-PHL,nat-met-sto-tro,PHL,Asia,0.0,11.0,0.0,0.0,120000.0,0.0,0.0,7500.0,14022.0,53.4877366816787,Category 4,115.0,132.3,985.0,2000-07-02,2000-07-10,8.2,At Sea / Open Water,At Sea / Open Water,0.0,0.0,0.0,2000-07-03,1,0.00715892451167921,19.829999923706055,-0.02055146034367339,0.24242836567765236,0.2134831460674158,-0.042156518457250436,0.0747766289782684,0.011838017556807865
2000248N17117,Wukong (2000),2000.0,2000-0582-VNM,nat-met-sto-tro,VNM,Asia,0.0,5.0,29.0,0.0,6029.0,0.0,0.0,21000.0,39261.0,53.4877366816787,Category 2,95.0,109.3,980.0,2000-09-04,2000-09-10,6.5,Landfall,Category 1,18.2,109.675,75.0,2000-09-05,1,-0.0031911772395901705,19.81999969482422,-0.001431249963719572,0.1856313203855973,5.520758122743683,-0.016447202912034276,0.24714660222755,0.04037764466968784
2002178N04155,Chataan (2002),2002.0,2002-0408-PHL,nat-met-sto-tro,PHL,Asia,0.0,33.0,41.0,700000.0,700041.0,0.0,0.0,1000.0,1790.0,55.8716960740501,Category 4,130.0,149.6,910.0,2002-06-27,2002-07-13,15.8,Landfall,Tropical Storm,35.0259,139.925,50.0,2002-06-27,0,-0.01414862739724776,26.290000915527344,0.0037084086176082387,0.2034948826969613,-0.5414904002603319,-0.04471620046671232,0.6000594257836706,0.009192893031353847
2002252N20121,Hagupit (2002),2002.0,2002-0599-CHN,nat-met-sto-tro,CHN,Asia,0.0,25.0,0.0,180000.0,180000.0,0.0,0.0,0.0,0.0,55.8716960740501,Tropical Storm,45.0,51.8,991.0,2002-09-08,2002-09-15,7.0,Landfall,Tropical Depression,21.7512,111.597,25.0,2002-09-09,1,-0.012202878334437783,36.45000076293945,-0.025753233499678174,0.31138816106444034,-0.29003436426116835,-0.05743272234868624,0.961663255580979,0.01712822882252276
2002265N10315,Lili (2002),2002.0,2002-0617-BRB,nat-met-sto-tro,BRB,Americas,0.0,0.0,0.0,0.0,2000.0,0.0,0.0,200.0,358.0,55.8716960740501,Category 4,125.0,143.8,938.0,2002-09-21,2002-10-04,12.8,Landfall,Category 2,22.1,-84.0,90.0,2002-09-23,2,-0.06513520762552238,39.68000030517578,-0.05572019414834839,0.2719938863020667,0.6533742331288344,-0.09625224407229538,1.0212712326207467,0.023300542167857964
2002265N10315,Lili (2002),2002.0,2002-0626-CYM,nat-met-sto-tro,CYM,Americas,0.0,0.0,0.0,300.0,300.0,0.0,0.0,1000.0,1790.0,55.8716960740501,Category 4,125.0,143.8,938.0,2002-09-21,2002-10-04,12.8,Landfall,Category 2,22.1,-84.0,90.0,2002-09-23,2,-0.06513520762552238,39.68000030517578,-0.05572019414834839,0.2719938863020667,0.6533742331288344,-0.09625224407229538,1.0212712326207467,0.023300542167857964
2002258N10300,Isidore (2002),2002.0,2002-0656-CYM,nat-met-sto-tro,CYM,Americas,0.0,0.0,0.0,0.0,0.0,0.0,0.0,500.0,895.0,55.8716960740501,Category 3,110.0,126.6,934.0,2002-09-14,2002-09-27,13.0,Landfall,Tropical Depression,10.0856,-61.4549,25.0,2002-09-16,2,-0.008492887094594281,36.7400016784668,0.008960931369853542,0.27505962467630285,-0.05324298160696994,-0.04576252382807888,0.99070063519398,0.00880929741974841
2002335N05166,Pongsona (2002),2002.0,2002-0826-MNP,nat-met-sto-tro,MNP,Oceania,0.0,0.0,0.0,0.0,300.0,0.0,0.0,0.0,0.0,55.8716960740501,Category 4,130.0,149.6,910.0,2002-12-01,2002-12-11,10.5,At Sea / Open Water,At Sea / Open Water,0.0,0.0,0.0,2002-12-02,1,0.007600253690323244,27.459999084472656,0.022252547853741422,0.2503881410169608,-0.1660351360661385,0.0,0.7505319166011731,0.03647269944085868
2003021S10163,Beni (2003),2003.0,2003-0057-SLB,nat-met-sto-tro,SLB,Oceania,0.0,0.0,0.0,275.0,275.0,0.0,0.0,0.0,0.0,57.1400352670416,Category 4,125.0,143.8,916.0,2003-01-20,2003-02-05,15.2,Landfall,Tropical Depression,-10.8,162.3,0.0,2003-01-21,1,-0.04063198015088754,27.59000015258789,-0.014084366274140225,0.2204613727274559,-0.5785024154589372,-0.05816031765357654,0.7214058342653287,-0.004614564788993011
2003021S11081,Fari (2003),2003.0,2003-0065-MDG,nat-met-sto-tro,MDG,Africa,0.0,0.0,0.0,0.0,500.0,0.0,0.0,0.0,0.0,57.1400352670416,Tropical Storm,55.0,63.3,984.0,2003-01-21,2003-02-02,12.5,Landfall,Tropical Storm,-20.3,48.4667,55.0,2003-01-21,0,-0.04063198015088754,27.59000015258789,-0.014084366274140225,0.2204613727274559,-0.5785024154589372,-0.05816031765357654,0.7214058342653287,-0.004614564788993011
2003359S15177,Heta (2004),2004.0,2004-0004-NIU,nat-met-sto-tro,NIU,Oceania,0.0,1.0,2.0,200.0,702.0,0.0,0.0,40000.0,68178.0,58.6698092933412,Category 5,140.0,161.1,898.0,2003-12-25,2004-01-12,17.8,At Sea / Open Water,At Sea / Open Water,0.0,0.0,0.0,2003-12-26,1,0.004541899958330209,17.450000762939453,0.00706712714266633,0.1535304846118667,-0.8019685962034216,0.0,0.624523931906057,0.010351679588886779
2003359S15177,Heta (2004),2004.0,2004-0004-WSM,nat-met-sto-tro,WSM,Oceania,0.0,1.0,0.0,0.0,0.0,0.0,0.0,0.0,0.0,58.6698092933412,Category 5,140.0,161.1,898.0,2003-12-25,2004-01-12,17.8,At Sea / Open Water,At Sea / Open Water,0.0,0.0,0.0,2003-12-26,1,0.004541899958330209,17.450000762939453,0.00706712714266633,0.1535304846118667,-0.8019685962034216,0.0,0.624523931906057,0.010351679588886779
2004177N12154,Tingting (2004),2004.0,2004-0312-MNP,nat-met-sto-tro,MNP,Oceania,0.0,3.0,0.0,200.0,200.0,0.0,0.0,0.0,0.0,58.6698092933412,Category 1,80.0,92.1,963.0,2004-06-24,2004-07-13,18.2,At Sea / Open Water,At Sea / Open Water,0.0,0.0,0.0,2004-06-24,0,0.008587859896759253,14.8100004196167,0.018114030479684518,0.16760371522305983,3.0393813075910483,-0.005958126437770717,1.0521364109121767,0.00765816082120151
2005275N19274,Stan (2005),2005.0,2005-0567-MEX,nat-met-sto-tro,MEX,Americas,0.0,36.0,0.0,1954571.0,1954571.0,0.0,0.0,2500000.0,4121309.0,60.6603317527392,Category 1,70.0,80.6,977.0,2005-10-01,2005-10-05,3.8,Landfall,Tropical Storm,19.5456,-87.3758,36.0,2005-10-03,2,0.008389168487006993,12.460000038146973,0.00018639927217867225,0.21308321842428432,-0.43402493169398904,-0.01815849613425935,0.8266991095608877,-0.0617627259624592
2005275N19274,Stan (2005),2005.0,2005-0567-NIC,nat-met-sto-tro,NIC,Americas,0.0,3.0,0.0,7880.0,7880.0,0.0,0.0,0.0,0.0,60.6603317527392,Category 1,70.0,80.6,977.0,2005-10-01,2005-10-05,3.8,Landfall,Tropical Storm,19.5456,-87.3758,36.0,2005-10-03,2,0.008389168487006993,12.460000038146973,0.00018639927217867225,0.21308321842428432,-0.43402493169398904,-0.01815849613425935,0.8266991095608877,-0.0617627259624592
2005296N16293,Alpha (2005),2005.0,2005-0597-DOM,nat-met-sto-tro,DOM,Americas,0.0,9.0,0.0,1000.0,1000.0,0.0,0.0,0.0,0.0,60.6603317527392,Tropical Storm,45.0,51.8,998.0,2005-10-22,2005-10-24,2.2,Landfall,Tropical Storm,18.3,-71.3,45.0,2005-10-24,2,0.007136057057697931,14.739999771118164,-0.026154322081477832,0.3993636013199511,1.025035698557378,-0.12582497452687857,1.6110460036162977,0.02205539363719746
2006025S18147,Jim (2006),2006.0,2006-0073-FJI,nat-met-sto-tro,FJI,Oceania,0.0,0.0,0.0,168.0,168.0,0.0,0.0,0.0,0.0,62.6171947810345,Category 1,80.0,92.1,963.0,2006-01-25,2006-02-03,9.0,At Sea / Open Water,At Sea / Open Water,0.0,0.0,0.0,2006-01-25,0,-0.009074525327004923,12.869999885559082,0.005434207934648327,0.2740433674853693,0.7167157949292229,-0.026828299152994783,1.3884098988074478,-0.0047290404045145125
2006021S11053,Boloetse (2006),2006.0,2006-0089-MDG,nat-met-sto-tro,MDG,Africa,0.0,3.0,0.0,6112.0,6212.0,0.0,0.0,0.0,0.0,62.6171947810345,Category 3,100.0,115.1,944.0,2006-01-20,2006-02-06,17.0,Landfall,Tropical Depression,-20.5,48.2,30.0,2006-01-20,0,-0.02197182806996656,14.5600004196167,0.04812341418857202,0.25625568038644764,0.2867582486513611,0.0,1.4393277361640646,-0.025109702048058354
2006074S13158,Larry (2006),2006.0,2006-0139-AUS,nat-met-sto-tro,AUS,Oceania,0.0,0.0,30.0,0.0,7030.0,335000.0,534997.0,1180000.0,1884466.0,62.6171947810345,Category 4,115.0,132.3,937.0,2006-03-14,2006-03-21,7.0,Landfall,Category 3,-17.533,146.088,107.0,2006-03-14,0,0.017269613247868243,10.739999771118164,0.036713955686148436,0.25082178735424676,-0.30450303987664507,-0.01404054313105596,1.215944712178272,-0.015132938925375828
2006081S14129,Glenda (2006),2006.0,2006-0155-AUS,nat-met-sto-tro,AUS,Oceania,0.0,0.0,0.0,500.0,500.0,0.0,0.0,0.0,0.0,62.6171947810345,Category 4,120.0,138.1,922.0,2006-03-22,2006-03-31,9.2,Landfall,Tropical Depression,-15.0458,128.964,15.0,2006-03-22,0,0.0010591566835591593,11.210000038146973,-0.014422229409145837,0.23828007464044465,0.013736314458209442,-0.02979361409323933,1.1914045160991424,0.05023881819173568
2006188N10143,Bilis (2006),2006.0,2006-0362-TWN,nat-met-sto-tro,TWN,Asia,0.0,3.0,0.0,0.0,0.0,0.0,0.0,0.0,0.0,62.6171947810345,Tropical Storm,50.0,57.5,987.0,2006-07-07,2006-07-17,10.5,Landfall,Tropical Storm,26.4267,119.487,40.0,2006-07-07,0,-0.005185582454951154,13.970000267028809,0.0022988453937695663,0.31112646327923665,-0.3522337674302297,-0.016139800342623745,1.5581909651702592,0.05796082246271371
2006198N08152,Kaemi (2006),2006.0,2006-0388-PHL,nat-met-sto-tro,PHL,Asia,0.0,4.0,0.0,200355.0,200355.0,0.0,0.0,471.0,752.0,62.6171947810345,Category 1,75.0,86.3,967.0,2006-07-17,2006-07-29,12.0,Landfall,Tropical Storm,23.05,120.725,55.0,2006-07-17,0,-0.02767049519632203,18.63999938964844,-0.016004053211365332,0.27000322531470633,1.2189566193481265,-0.033678984925081146,1.4868913778962178,-0.031559745551890686
2006216N07151,Saomai (2006),2006.0,2006-0437-CHN,nat-met-sto-tro,CHN,Asia,0.0,441.0,1350.0,5920000.0,5923350.0,0.0,0.0,2510000.0,4008484.0,62.6171947810345,Category 5,140.0,161.1,898.0,2006-08-04,2006-08-12,8.2,Landfall,Category 4,27.2,119.975,115.0,2006-08-04,0,0.0017189948369891184,14.34000015258789,0.0012117300044423018,0.24586407403375143,0.1428328908143932,-0.016995665716464825,1.4723080365287307,0.019025891710218068
2007043S11071,Favio (2007),2007.0,2007-0080-ZWE,nat-met-sto-tro,ZWE,Africa,0.0,0.0,0.0,0.0,0.0,0.0,0.0,1200.0,1863.0,64.4034636847652,Category 4,120.0,138.1,922.0,2007-02-11,2007-02-23,12.0,Landfall,Category 2,-21.6667,35.1,90.0,2007-02-12,1,-0.00966514221806325,11.609999656677246,-0.016902844064472178,0.19983055281231343,0.4261827391032389,-0.017909270640746433,1.2966625364714224,-0.027405533713093896
2006364S12058,Clovis (2007),2007.0,2007-0032-MDG,nat-met-sto-tro,MDG,Africa,0.0,1.0,0.0,7313.0,7313.0,0.0,0.0,0.0,0.0,64.4034636847652,Category 1,65.0,74.8,976.0,2006-12-29,2007-01-04,6.2,Landfall,Tropical Storm,-20.7333,48.4333,60.0,2006-12-29,0,0.0,11.5600004196167,-0.008958489393068425,0.16720417582437025,-0.6668828325719337,-0.04768811485153712,1.296051412667866,-0.04937647152540259
2007084S12157,Becky (2007),2007.0,2007-0133-NZL,nat-met-sto-tro,NZL,Oceania,0.0,0.0,0.0,300.0,300.0,0.0,0.0,0.0,0.0,64.4034636847652,Category 1,70.0,80.6,970.0,2007-03-24,2007-03-29,5.0,At Sea / Open Water,At Sea / Open Water,0.0,0.0,0.0,2007-03-26,2,0.021397848178984713,13.15999984741211,0.05847418956276451,0.22984210765557803,-0.11893617810072854,0.0,1.0359099503289526,0.011316049182910756
2007188N04148,Man-Yi (2007),2007.0,2007-0262-JPN,nat-met-sto-tro,JPN,Asia,0.0,5.0,12.0,40000.0,40012.0,67000.0,104032.0,60000.0,93163.0,64.4034636847652,Category 4,125.0,143.8,929.0,2007-07-06,2007-07-23,16.5,Landfall,Category 1,31.4521,130.839,81.0,2007-07-06,0,0.017289464183524617,14.720000267028809,0.040581840134993774,0.22000268125908887,-0.3320197272722004,0.0,1.427530457747639,0.016237520495071465
2007223N19136,Sepat (2007),2007.0,2007-0380-TWN,nat-met-sto-tro,TWN,Asia,0.0,0.0,12.0,0.0,1812.0,0.0,0.0,25000.0,38818.0,64.4034636847652,Category 5,140.0,161.1,918.0,2007-08-11,2007-08-24,13.2,Landfall,Category 3,23.55,121.025,100.0,2007-08-13,2,-0.006702753597439215,26.56999969482422,0.019549259141972586,0.3091933954622857,-0.6389820998316702,-0.08809701239505419,1.2501123379354433,-0.0015587358677312327
2007244N12303,Felix (2007),2007.0,2007-0439-GTM,nat-met-sto-tro,GTM,Americas,0.0,0.0,0.0,3905.0,3905.0,0.0,0.0,0.0,0.0,64.4034636847652,Category 5,150.0,172.6,929.0,2007-08-31,2007-09-06,6.2,Landfall,Category 5,14.3,-83.2,140.0,2007-08-31,0,-0.004988696038124574,23.3799991607666,0.008375916912696457,0.2983739848633483,-0.14818510345709812,0.0,1.2541358562506388,0.01987761845028934
2007244N12303,Felix (2007),2007.0,2007-0439-NIC,nat-met-sto-tro,NIC,Americas,0.0,177.0,0.0,188726.0,188726.0,0.0,0.0,0.0,0.0,64.4034636847652,Category 5,150.0,172.6,929.0,2007-08-31,2007-09-06,6.2,Landfall,Category 5,14.3,-83.2,140.0,2007-08-31,0,-0.004988696038124574,23.3799991607666,0.008375916912696457,0.2983739848633483,-0.14818510345709812,0.0,1.2541358562506388,0.01987761845028934
2007274N18131,Krosa (2007),2007.0,2007-0552-CHN,nat-met-sto-tro,CHN,Asia,0.0,0.0,0.0,0.0,0.0,0.0,0.0,1077788.0,1673494.0,64.4034636847652,Category 4,130.0,149.6,926.0,2007-10-01,2007-10-14,12.8,Landfall,Category 3,24.9597,121.582,102.0,2007-10-01,0,0.01720609821943353,17.84000015258789,0.007146609406612825,0.19635915414713304,0.0898889000997769,0.0,1.2025427291140947,-0.028607160763207802
2007314N10093,Sidr (2007),2007.0,2007-0556-IND,nat-met-sto-tro,IND,Asia,0.0,0.0,0.0,0.0,0.0,0.0,0.0,0.0,0.0,64.4034636847652,Category 5,140.0,161.1,918.0,2007-11-10,2007-11-16,5.9,Landfall,Category 3,22.5429,90.3714,100.0,2007-11-12,2,-0.04231916599310148,31.09000015258789,-0.05834649279936388,0.3929093480158171,0.3326536691377915,-0.09282969237736649,1.4023341211208147,0.007882922572856423
2007242N13264,Henriette (2007),2007.0,2007-0671-MEX,nat-met-sto-tro,MEX,Americas,0.0,6.0,0.0,0.0,0.0,0.0,0.0,0.0,0.0,64.4034636847652,Category 1,75.0,86.3,972.0,2007-08-30,2007-09-06,7.0,Landfall,Category 1,23.1,-109.6,70.0,2007-08-30,0,-0.002525530550080868,25.059999465942383,0.016518793813536048,0.32088398709382293,-0.061795534795785034,-0.00620083804177507,1.2452190913250751,0.020123957409854128
2008150N10274,Alma (2008),2008.0,2008-0234-NIC,nat-met-sto-tro,NIC,Americas,0.0,13.0,0.0,25000.0,25000.0,0.0,0.0,0.0,0.0,66.8759741789087,Tropical Storm,55.0,63.3,994.0,2008-05-29,2008-05-30,1.5,Landfall,Tropical Storm,12.4446,-87.0324,52.0,2008-05-29,0,0.003656037107015342,18.13999938964844,-0.04413262632078829,0.29208599887765874,-0.2025705423742351,-0.05830283811609449,0.9440857567622719,0.025519872696516614
2008203N18276,Dolly (2008),2008.0,2008-0304-GTM,nat-met-sto-tro,GTM,Americas,0.0,17.0,0.0,0.0,0.0,0.0,0.0,0.0,0.0,66.8759741789087,Category 2,85.0,97.8,963.0,2008-07-20,2008-07-27,6.5,Landfall,Tropical Storm,20.8,-87.0,45.0,2008-07-21,1,0.02713509003764214,23.049999237060547,-0.03813449334917274,0.3516929749925903,0.5782500984001298,-0.11151026355867433,0.5023729976618033,-0.05478885685611473
2008245N17323,Ike (2008),2008.0,2008-0384-HTI,nat-met-sto-tro,HTI,Americas,0.0,74.0,50.0,125000.0,125050.0,0.0,0.0,0.0,0.0,66.8759741789087,Category 4,125.0,143.8,935.0,2008-09-01,2008-09-15,14.2,Landfall,Category 3,21.0,-73.2,110.0,2008-09-02,1,0.007636362239721528,21.989999771118164,-0.04209107685220659,0.3741724708995926,1.253356139300994,-0.07620771149891847,0.262151388061078,-0.0937030652370545
2008241N19303,Hanna (2008),2008.0,2008-0378-HTI,nat-met-sto-tro,HTI,Americas,128898.0,529.0,0.0,48000.0,48000.0,0.0,0.0,0.0,0.0,66.8759741789087,Category 1,75.0,86.3,977.0,2008-08-28,2008-09-08,11.5,Landfall,Tropical Storm,34.5805,-78.498,54.0,2008-08-28,0,0.018701073929630496,19.43000030517578,-0.017938941525234897,0.35910707438842543,-0.14327572641688602,-0.017938941525234897,0.3657388250275958,-0.07152362125021818
2008245N17323,Ike (2008),2008.0,2008-0384-CUB,nat-met-sto-tro,CUB,Americas,0.0,7.0,0.0,0.0,0.0,0.0,0.0,1500000.0,2242958.0,66.8759741789087,Category 4,125.0,143.8,935.0,2008-09-01,2008-09-15,14.2,Landfall,Category 3,21.0,-73.2,110.0,2008-09-02,1,0.007636362239721528,21.989999771118164,-0.04209107685220659,0.3741724708995926,1.253356139300994,-0.07620771149891847,0.262151388061078,-0.0937030652370545
2010240N15142,Kompasu (2010),2010.0,2010-0479-KOR,nat-met-sto-tro,KOR,Asia,0.0,12.0,0.0,41500.0,41500.0,0.0,0.0,0.0,0.0,67.7310945291778,Category 3,105.0,120.8,944.0,2010-08-27,2010-09-06,9.8,Landfall,Category 1,38.1,127.15,65.0,2010-08-27,0,-0.006230633514645478,24.450000762939453,-0.0017243427994977356,0.23558263865836182,0.5862515795149983,-0.07476486054608689,1.1742621715133228,-0.003977236902581921
2010256N17137,Fanapi (2010),2010.0,2010-0484-CHN,nat-met-sto-tro,CHN,Asia,0.0,75.0,0.0,1000000.0,1000000.0,0.0,0.0,298285.0,440396.0,67.7310945291778,Category 3,105.0,120.8,944.0,2010-09-13,2010-09-21,8.5,Landfall,Category 2,23.3179,121.103,90.0,2010-09-13,0,0.016502859778690482,21.209999084472656,0.014021933958154875,0.23156351697147093,-0.31067176967034293,0.0,1.133817445970712,-0.019465103222842298
2010267N14285,Matthew (2010),2010.0,2010-0503-GTM,nat-met-sto-tro,GTM,Americas,0.0,0.0,0.0,0.0,0.0,0.0,0.0,0.0,0.0,67.7310945291778,Tropical Storm,50.0,57.5,998.0,2010-09-23,2010-09-26,3.2,Landfall,Tropical Storm,14.7,-83.3,50.0,2010-09-23,0,0.0004624960932075872,23.8700008392334,-0.0011266340891088467,0.2096770898168169,-0.26257249922428816,-0.01349434763349866,1.104567000203927,0.02022642718645694
2010247N15266,Hermine (2010),2010.0,2010-0522-USA,nat-met-sto-tro,USA,Americas,0.0,8.0,0.0,0.0,0.0,0.0,0.0,240000.0,354342.0,67.7310945291778,Tropical Storm,60.0,69.0,989.0,2010-09-03,2010-09-10,6.2,Landfall,Tropical Depression,16.2,-95.2,30.0,2010-09-03,0,0.03771262994190283,21.309999465942383,0.04030727782647525,0.24700424885154537,-0.3278552111504056,-0.029890859253369984,1.1442607908701758,-0.004861641423829111
2011020S13182,Wilma (2011),2011.0,2011-0091-TON,nat-met-sto-tro,TON,Oceania,86.0,3.0,0.0,7600.0,7600.0,0.0,0.0,3000.0,4294.0,69.869263508865,Category 4,115.0,132.3,937.0,2011-01-20,2011-01-30,10.8,At Sea / Open Water,At Sea / Open Water,0.0,0.0,0.0,2011-01-20,0,-0.003888565679986744,17.989999771118164,-0.005136168574246924,0.12591463575338982,1.1015090780476302,-0.01913105819858829,1.2578566365193322,0.005478209526161699
2011250N20266,Nate (2011),2011.0,2011-0460-MEX,nat-met-sto-tro,MEX,Americas,0.0,10.0,0.0,0.0,0.0,0.0,0.0,0.0,0.0,69.869263508865,Category 1,65.0,74.8,994.0,2011-09-06,2011-09-12,5.2,Landfall,Tropical Storm,20.5,-97.0,40.0,2011-09-06,0,-0.036009047198214406,37.0,-0.03292495240092552,0.4651421824266732,-0.4554373269711225,-0.05374157537150481,1.212873312196277,-0.009607755868697023
2011253N20145,Roke (2011),2011.0,2011-0352-JPN,nat-met-sto-tro,JPN,Asia,0.0,13.0,308.0,0.0,308.0,1210000.0,1731806.0,1820000.0,2604865.0,69.869263508865,Category 4,115.0,132.3,937.0,2011-09-09,2011-09-24,15.0,Landfall,Category 1,34.85,137.825,75.0,2011-09-09,0,-0.04150809344577722,38.52000045776367,-0.04741656663497984,0.40820595489660155,0.6454903213081495,-0.06255416697614846,1.213857450232078,-0.02726107648036938
2011245N27269,Lee (2011),2011.0,2011-0456-USA,nat-met-sto-tro,USA,Americas,0.0,15.0,0.0,600.0,600.0,560000.0,801497.0,750000.0,1073433.0,69.869263508865,Tropical Storm,50.0,57.5,986.0,2011-09-02,2011-09-06,4.8,Landfall,Tropical Storm,29.6,-92.1,40.0,2011-09-02,0,-0.0010169258324508323,33.91999816894531,0.006230043746659808,0.5593452308202934,-0.12523441334782115,-0.04333994739811675,1.2137167525748156,-0.0032501938282356677
2011360N09088,Thane (2011),2011.0,2011-0566-IND,nat-met-sto-tro,IND,Asia,1350.0,47.0,0.0,0.0,250000.0,0.0,0.0,375625.0,537611.0,69.869263508865,Category 2,90.0,103.6,956.0,2011-12-25,2011-12-30,5.0,Landfall,Tropical Storm,11.5799,79.536,57.0,2011-12-27,2,0.051542158425848195,21.90999984741211,0.07386923768061227,0.3352911917430265,-0.5509196484119514,-0.017037729856621775,1.3287356218711146,0.007638423212727678
2012018S16041,Funso (2012),2012.0,2012-0005-MDG,nat-met-sto-tro,MDG,Africa,0.0,0.0,0.0,300.0,300.0,0.0,0.0,0.0,0.0,71.3150877335761,Category 4,115.0,132.3,937.0,2012-01-17,2012-02-01,15.2,At Sea / Open Water,At Sea / Open Water,0.0,0.0,0.0,2012-01-17,0,0.010310931908989573,22.200000762939453,-0.01200881599409287,0.22819849445371643,0.04017204729639956,-0.02072553431070623,1.313018308293026,0.004361588851114033
2012176N26272,Debby (2012),2012.0,2012-0176-USA,nat-met-sto-tro,USA,Americas,0.0,9.0,1.0,17000.0,17001.0,200000.0,280446.0,210000.0,294468.0,71.3150877335761,Tropical Storm,55.0,63.3,990.0,2012-06-23,2012-06-27,4.0,Landfall,Tropical Depression,29.4,-82.7,30.0,2012-06-25,2,-0.022916746577697045,20.3799991607666,-0.04628666651536584,0.29475912528751796,0.10805727719598202,-0.05987576345991841,1.272567701738999,0.02032873121578401
2012201N15129,Vicente (2012),2012.0,2012-0259-CHN,nat-met-sto-tro,CHN,Asia,0.0,8.0,0.0,58500.0,58500.0,0.0,0.0,329000.0,461333.0,71.3150877335761,Category 4,115.0,132.3,937.0,2012-07-18,2012-07-25,6.8,Landfall,Category 3,22.0342,112.828,100.0,2012-07-18,0,0.02392672975525234,16.15999984741211,0.03918620422176966,0.27157168426964345,-0.25981044507724815,0.0,1.3380143924920576,0.01377563515460177
2012225N16133,Kai-Tak (2012),2012.0,2012-0294-VNM,nat-met-sto-tro,VNM,Asia,0.0,17.0,14.0,59320.0,60479.0,0.0,0.0,6800.0,9535.0,71.3150877335761,Category 1,65.0,74.8,974.0,2012-08-11,2012-08-18,7.0,Landfall,Tropical Storm,18.3933,121.531,55.0,2012-08-13,2,0.008236386077828062,13.699999809265137,0.02081302669441598,0.1899454132659132,0.3963478319463629,-0.003730589138726037,1.3386037044712773,-0.010451701971932724
2012301N11087,Nilam (2012),2012.0,2012-0425-IND,nat-met-sto-tro,IND,Asia,0.0,40.0,0.0,70000.0,70000.0,0.0,0.0,0.0,0.0,71.3150877335761,Tropical Storm,50.0,57.5,985.0,2012-10-27,2012-11-01,5.5,Landfall,Tropical Storm,12.7,79.8,50.0,2012-10-31,4,-0.014364221630522311,18.600000381469727,-0.020691762999249352,0.16568346546317075,0.025996182185376027,-0.041055547392713776,1.2256753399389548,-0.0010182075280800243
2012263N15141,Jelawat (2012),2012.0,2012-0451-JPN,nat-met-sto-tro,JPN,Asia,0.0,2.0,180.0,18045.0,18225.0,0.0,0.0,27400.0,38421.0,71.3150877335761,Category 5,140.0,161.1,918.0,2012-09-19,2012-10-03,14.0,Landfall,Tropical Storm,33.45,135.8,60.0,2012-09-19,0,0.015998248509548896,13.880000114440918,0.004841284547635327,0.16244342791943647,0.7750338659985374,-0.024160731763310794,1.2713216149249509,0.0014544158850566397
2012331N03157,Bopha (2012),2012.0,2012-0500-PLW,nat-met-sto-tro,PLW,Oceania,0.0,0.0,0.0,0.0,1250.0,0.0,0.0,0.0,0.0,71.3150877335761,Category 5,150.0,172.6,911.0,2012-11-25,2012-12-09,13.8,Landfall,Category 4,7.63461,126.575,132.0,2012-11-26,1,0.034318071058592414,15.5,0.028874250238905663,0.19141174547530668,-0.5627790685222347,-0.025291788163602336,1.1874227699907334,-0.006752473266797961
2013187N20156,Soulik (2013),2013.0,2013-0249-TWN,nat-met-sto-tro,TWN,Asia,0.0,3.0,54.0,0.0,54.0,0.0,0.0,43500.0,60116.0,72.3597374789251,Category 4,125.0,143.8,929.0,2013-07-06,2013-07-14,8.5,Landfall,Category 1,24.8148,121.461,78.0,2013-07-08,2,0.022004517597647766,14.779999732971191,0.027841074613528916,0.18307021198501086,0.0703938914926463,-0.008026371495289952,1.1853294973946187,-0.013466859963838496
2013238N19266,Fernand (2013),2013.0,2013-0335-MEX,nat-met-sto-tro,MEX,Americas,0.0,14.0,0.0,5000.0,5000.0,0.0,0.0,2000.0,2764.0,72.3597374789251,Tropical Storm,50.0,57.5,1001.0,2013-08-25,2013-08-26,1.2,Landfall,Tropical Storm,19.7,-96.6,45.0,2013-08-26,1,0.007464318858240393,14.989999771118164,0.02101540576185279,0.11934694228706602,-0.330530818444973,-0.025548977335247525,1.0721538048386223,0.017137291375653924
2013210N13122,Jebi (2013),2013.0,2013-0341-CHN,nat-met-sto-tro,CHN,Asia,0.0,0.0,0.0,5000.0,5000.0,0.0,0.0,20000.0,27640.0,72.3597374789251,Tropical Storm,60.0,69.0,978.0,2013-07-28,2013-08-03,5.8,Landfall,Tropical Depression,12.8151,121.396,0.0,2013-07-29,1,-0.005368794198056026,13.390000343322754,-0.013660795573596451,0.11429584471607292,0.21923467062611168,-0.01684172028014863,1.1131478376631756,-0.003240213792283536
2013257N15259,Manuel (2013),2013.0,2013-0358-MEX,nat-met-sto-tro,MEX,Americas,0.0,169.0,0.0,105000.0,105000.0,685000.0,946659.0,4200000.0,5804333.0,72.3597374789251,Category 1,65.0,74.8,983.0,2013-09-13,2013-09-19,6.2,Landfall,Tropical Storm,18.2,-103.2,60.0,2013-09-13,0,0.019814614666420205,14.15999984741211,0.012910120553800919,0.13163344286425369,-0.2547768318978948,-0.006274037966983448,1.0153080651659567,-0.007608102037597236
2013281N12098,Phailin (2013),2013.0,2013-0401-IND,nat-met-sto-tro,IND,Asia,0.0,47.0,0.0,13230000.0,13230000.0,0.0,0.0,633471.0,875447.0,72.3597374789251,Category 5,140.0,161.1,918.0,2013-10-07,2013-10-14,6.8,Landfall,Category 3,19.5,84.85,100.0,2013-10-07,0,-0.0034521265816565005,19.40999984741211,0.0016884673734516298,0.09791713861190644,-0.24005099106697847,-0.022205545373288005,0.963028532480705,0.0016049240831767023
2013255N19268,Ingrid (2013),2013.0,2013-0406-MEX,nat-met-sto-tro,MEX,Americas,0.0,23.0,0.0,50000.0,50000.0,230000.0,317856.0,1500000.0,2072976.0,72.3597374789251,Category 1,75.0,86.3,983.0,2013-09-12,2013-09-17,5.0,Landfall,Tropical Storm,23.7,-97.8,55.0,2013-09-12,0,0.018016265121713282,14.289999961853027,0.013150147130171597,0.1338231589143448,0.7501594413828065,-0.005918962932851213,0.9937304709573097,-0.008834637175053724
2013243N26122,Toraji (2013),2013.0,2013-0413-JPN,nat-met-sto-tro,JPN,Asia,0.0,1.0,19.0,4317.0,4336.0,0.0,0.0,2000.0,2764.0,72.3597374789251,Tropical Storm,50.0,57.5,985.0,2013-08-31,2013-09-05,5.2,Landfall,Tropical Depression,25.14,121.688,0.0,2013-09-03,3,-0.009698720665267335,16.610000610351562,0.006738771112320574,0.12850670629474725,0.18898375103277343,-0.008088091910115058,1.040209531983849,-0.008025108825665334
2013269N15118,Wutip (2013),2013.0,2013-0419-VNM,nat-met-sto-tro,VNM,Asia,0.0,31.0,330.0,1835255.0,1835585.0,0.0,0.0,663230.0,916573.0,72.3597374789251,Category 3,100.0,115.1,948.0,2013-09-25,2013-10-01,5.2,Landfall,Category 1,17.8267,105.833,75.0,2013-09-25,0,-0.018411457591685942,14.010000228881836,-0.014670338302079311,0.10906631501473066,0.0033253858702471106,-0.014670338302079311,0.941290192954147,-0.0014965568639582088
2013272N10135,Fitow (2013),2013.0,2013-0429-JPN,nat-met-sto-tro,JPN,Asia,0.0,0.0,0.0,4392.0,4392.0,0.0,0.0,0.0,0.0,72.3597374789251,Category 2,90.0,103.6,956.0,2013-09-29,2013-10-07,8.0,Landfall,Tropical Storm,27.1133,120.287,55.0,2013-09-30,1,-0.011298771458907009,16.600000381469727,-0.008608874764258312,0.09130462650134909,0.2245396180796,-0.023853736490939803,0.9366491304584404,0.00492189873439266
2018227N11145,Soulik (2018),2018.0,2018-0309-CHN,nat-met-sto-tro,CHN,Asia,0.0,0.0,0.0,0.0,0.0,0.0,0.0,79900.0,102439.0,77.9972651879547,Category 3,105.0,120.8,942.0,2018-08-15,2018-08-30,15.2,Landfall,Tropical Storm,34.55,126.25,50.0,2018-08-15,0,-0.012891484142609322,14.640000343322754,-0.047927892185214205,0.1730470414551778,1.8089117759714006,-0.06924675786231937,0.9974907826387738,0.018390771981137102
2014275N06166,Vongfong (2014),2014.0,2014-0396-JPN,nat-met-sto-tro,JPN,Asia,0.0,9.0,94.0,1104.0,1198.0,0.0,0.0,100000.0,135992.0,73.5335770092672,Category 5,155.0,178.4,907.0,2014-10-01,2014-10-16,14.8,Landfall,Tropical Storm,31.375,130.35,50.0,2014-10-01,0,-0.026107445156661635,16.709999084472656,-0.03741109286471522,0.15323821382809122,-0.2329273764243186,-0.08089464368522337,1.2163742119039644,-0.02334399032082428
2014334N02156,Hagupit (2014),2014.0,2014-0479-PHL,nat-met-sto-tro,PHL,Asia,8139.0,18.0,916.0,4149484.0,4150400.0,0.0,0.0,113878.0,154865.0,73.5335770092672,Category 5,155.0,178.4,907.0,2014-11-30,2014-12-12,12.2,Landfall,Category 3,11.9,125.325,100.0,2014-12-01,1,-0.004451277123523556,14.15999984741211,-0.09491549002634692,0.29050195490578007,0.7986452944375497,-0.09491549002634692,1.2584522016381638,-0.04352535587082135
2015171N15112,Kujira (2015),2015.0,2015-0252-VNM,nat-met-sto-tro,VNM,Asia,0.0,7.0,0.0,0.0,115.0,0.0,0.0,0.0,0.0,73.6208029365864,Tropical Storm,50.0,57.5,985.0,2015-06-19,2015-06-25,5.2,Landfall,Tropical Storm,18.9,110.35,40.0,2015-06-19,0,0.008692006186345358,13.960000038146973,-0.006961595091058315,0.11361154302520769,0.6407158836689038,-0.04720322617987882,0.8719218421854096,0.006334019850904171
2015066S08170,Pam (2015),2015.0,2015-0093-PNG,nat-met-sto-tro,PNG,Oceania,0.0,0.0,0.0,9199.0,9199.0,0.0,0.0,0.0,0.0,73.6208029365864,Category 5,150.0,172.6,911.0,2015-03-07,2015-03-20,12.8,At Sea / Open Water,At Sea / Open Water,0.0,0.0,0.0,2015-03-09,2,-0.017123544913469013,15.0600004196167,-0.028546061049934512,0.1481109402412222,-0.029891259003810067,-0.07364186245366966,1.2746816044422644,-0.009085230079621864
2015066S08170,Pam (2015),2015.0,2015-0093-SLB,nat-met-sto-tro,SLB,Oceania,0.0,0.0,0.0,44096.0,44096.0,0.0,0.0,0.0,0.0,73.6208029365864,Category 5,150.0,172.6,911.0,2015-03-07,2015-03-20,12.8,At Sea / Open Water,At Sea / Open Water,0.0,0.0,0.0,2015-03-09,2,-0.017123544913469013,15.0600004196167,-0.028546061049934512,0.1481109402412222,-0.029891259003810067,-0.07364186245366966,1.2746816044422644,-0.009085230079621864
2015085N06162,Maysak (2015),2015.0,2015-0105-CHN,nat-met-sto-tro,CHN,Asia,0.0,6.0,0.0,12000.0,12000.0,0.0,0.0,209000.0,283887.0,73.6208029365864,Category 5,150.0,172.6,911.0,2015-03-25,2015-04-07,12.2,Landfall,Tropical Depression,16.7863,121.977,25.0,2015-03-25,0,-0.01796785820711133,15.4399995803833,0.001341212578028772,0.19100996670735762,-0.4271574600864029,-0.021746273682491157,1.11637859456583,0.006031228695901332
2015068S14113,Olwyn (2015),2015.0,2015-0135-AUS,nat-met-sto-tro,AUS,Oceania,0.0,0.0,0.0,600.0,600.0,49000.0,66557.0,57000.0,77424.0,73.6208029365864,Category 2,90.0,103.6,956.0,2015-03-08,2015-03-14,6.1,Landfall,Category 1,-26.145,113.895,65.0,2015-03-09,1,-0.017123544913469013,15.0600004196167,-0.028546061049934512,0.1481109402412222,-0.029891259003810067,-0.07364186245366966,1.2746816044422644,-0.009085230079621864
2015211N13162,Soudelor (2015),2015.0,2015-0339-MNP,nat-met-sto-tro,MNP,Oceania,0.0,0.0,10.0,350.0,360.0,0.0,0.0,0.0,0.0,73.6208029365864,Category 5,155.0,178.4,907.0,2015-07-29,2015-08-12,13.5,Landfall,Category 2,23.9,120.9,95.0,2015-07-29,0,-0.002838811346240422,12.5,0.007049208190109235,0.20481174051387135,0.5403272997442354,-0.04172246285786485,0.9637139615803735,-0.05629831430425344
2015237N14315,Erika (2015),2015.0,2015-0375-HTI,nat-met-sto-tro,HTI,Americas,0.0,5.0,3.0,0.0,1969.0,0.0,0.0,0.0,0.0,73.6208029365864,Tropical Storm,45.0,51.8,1001.0,2015-08-24,2015-08-28,3.8,At Sea / Open Water,At Sea / Open Water,0.0,0.0,0.0,2015-08-24,0,-0.10014723751926946,40.7400016784668,-0.13527145379244243,0.3416537708834236,3.511188510401695,-0.15875711283235006,1.1114711366269214,0.05758941500630299
2015263N14148,Dujuan (2015),2015.0,2015-0458-JPN,nat-met-sto-tro,JPN,Asia,0.0,0.0,0.0,0.0,0.0,0.0,0.0,0.0,0.0,73.6208029365864,Category 4,130.0,149.6,926.0,2015-09-19,2015-09-30,10.5,Landfall,Category 3,24.125,121.05,100.0,2015-09-21,2,0.007506676979835092,20.13999938964844,0.017639328290922185,0.38860269734791064,0.25705655660868665,-0.0376622285324667,1.1250661371224784,-0.008022577013418616
2015301N11065,Chapala (2015),2015.0,2015-0484-SOM,nat-met-sto-tro,SOM,Africa,0.0,0.0,0.0,4000.0,4000.0,0.0,0.0,0.0,0.0,73.6208029365864,Category 4,130.0,149.6,926.0,2015-10-27,2015-11-04,7.5,Landfall,Tropical Storm,14.1,48.4,60.0,2015-10-27,0,0.01718280489631585,15.43000030517578,-0.03321095465355173,0.28314485291948355,0.5343510340566278,-0.05188077550571457,1.1961677883568078,0.059796658973680694
2016041S14170,Winston (2016),2016.0,2016-0041-TON,nat-met-sto-tro,TON,Oceania,0.0,0.0,0.0,0.0,0.0,0.0,0.0,0.0,0.0,74.5496029864344,Category 5,155.0,178.4,907.0,2016-02-09,2016-02-28,18.8,Landfall,Category 5,-17.4667,177.804,147.0,2016-02-09,0,-0.024873356523503642,26.540000915527344,-0.018434778594543677,0.46881916889393155,0.4827396239576398,-0.06699864304803682,1.3961272384274612,0.005590809557123884
2016138N10081,Roanu (2016),2016.0,2016-0175-BGD,nat-met-sto-tro,BGD,Asia,0.0,28.0,0.0,1083855.0,1203555.0,0.0,0.0,600000.0,804833.0,74.5496029864344,Tropical Storm,60.0,69.0,978.0,2016-05-17,2016-05-22,5.0,Landfall,Tropical Storm,23.0,92.0,40.0,2016-05-17,0,-0.01727030855879208,15.56999969482422,0.014515039022217513,0.20383707006761595,0.5299669609907838,-0.03249303248622959,1.4302011803820638,-0.022289545076210622
2016266N11144,Megi (2016),2016.0,2016-0350-TWN,nat-met-sto-tro,TWN,Asia,0.0,7.0,160.0,0.0,160.0,0.0,0.0,110000.0,147553.0,74.5496029864344,Category 4,120.0,138.1,933.0,2016-09-22,2016-09-29,7.8,Landfall,Category 2,23.8963,121.035,90.0,2016-09-22,0,0.013921332427239363,12.020000457763672,0.008103271893775021,0.22504252044957185,-0.19186886280602522,-0.040028809092654716,1.334231122661397,0.03155079474005689
2016228N22117,Dianmu (2016),2016.0,2016-0379-CHN,nat-met-sto-tro,CHN,Asia,0.0,0.0,0.0,40000.0,40000.0,0.0,0.0,0.0,0.0,74.5496029864344,Tropical Storm,45.0,51.8,989.0,2016-08-15,2016-08-20,4.8,Landfall,Tropical Depression,20.6784,110.11,27.0,2016-08-15,0,0.004769267560806423,11.8100004196167,0.011983073878858663,0.20052667571463173,-0.5059224313819621,0.0,1.1918521918166813,0.00810082345911698
2023140N05149,Mawar (2023),2023.0,2023-0300-PHL,nat-met-sto-tro,PHL,Asia,0.0,1.0,1.0,30500.0,30501.0,0.0,0.0,0.0,0.0,94.6446220103845,Category 5,159.0,183.0,897.0,2023-05-20,2023-06-03,14.2,At Sea / Open Water,At Sea / Open Water,0.0,0.0,0.0,2023-05-22,2,0.013994856779278475,17.209999084472656,0.004941581484293023,0.2598498485870412,-0.1721022842499217,-0.06836588071821115,1.179123042339156,-0.020935037668100738
2016323N13279,Otto (2016),2016.0,2016-0433-NIC,nat-met-sto-tro,NIC,Americas,0.0,0.0,0.0,10570.0,10570.0,0.0,0.0,0.0,0.0,74.5496029864344,Category 3,100.0,115.1,975.0,2016-11-17,2016-11-26,8.8,Landfall,Category 3,11.0,-83.8,100.0,2016-11-17,0,0.009543159820688984,13.350000381469728,0.001272046520282455,0.1778850987083508,-0.49900168647139787,-0.01364535810803258,1.2904870350817137,0.011630423968945626
2017253N14130,Doksuri (2017),2017.0,2017-0406-PHL,nat-met-sto-tro,PHL,Asia,0.0,26.0,0.0,7465.0,9110.0,0.0,0.0,5300.0,6961.0,76.1376037057766,Category 2,95.0,109.3,960.0,2017-09-10,2017-09-16,6.2,Landfall,Tropical Depression,14.4994,121.278,30.0,2017-09-11,1,0.005527694612103895,10.729999542236328,0.022491155250097483,0.11933593640875402,0.16865163209865885,-0.0012293713615210144,0.586909368380754,0.026348758502036065
2017082S14152,Debbie (2017),2017.0,2017-0105-AUS,nat-met-sto-tro,AUS,Oceania,0.0,12.0,0.0,45000.0,45000.0,1400000.0,1838776.0,2700000.0,3546211.0,76.1376037057766,Category 4,115.0,132.3,937.0,2017-03-23,2017-04-01,8.8,Landfall,Category 1,-20.375,148.45,80.0,2017-03-23,0,-0.014390610740387721,13.119999885559082,-0.014616836393661736,0.16919307973151998,-0.27504837966518203,-0.048992120871622524,1.3731691671540602,0.00577174879912689
2017147N14087,Mora (2017),2017.0,2017-0152-MMR,nat-met-sto-tro,MMR,Asia,0.0,0.0,0.0,107520.0,107520.0,0.0,0.0,0.0,0.0,76.1376037057766,Category 1,80.0,92.1,963.0,2017-05-27,2017-05-30,3.5,Landfall,Category 1,21.8988,91.9716,67.0,2017-05-30,3,0.008266338907300108,10.380000114440918,-0.03253370450228765,0.15354717071900315,0.40524411946765704,-0.03749266103540827,0.9878830322843283,-0.003038904528556037
2017236N15129,Pakhar (2017),2017.0,2017-0485-MAC,nat-met-sto-tro,MAC,Asia,0.0,0.0,0.0,0.0,0.0,0.0,0.0,0.0,0.0,76.1376037057766,Tropical Storm,60.0,69.0,983.0,2017-08-24,2017-08-28,4.0,Landfall,Tropical Storm,16.3866,121.754,40.0,2017-08-24,0,0.003702465763476326,12.229999542236328,0.011449850476980883,0.09657742010012377,-0.29779210510309595,-0.05854118522795626,0.49845949268380163,-0.0031647620004307897
2017232N19130,Hato (2017),2017.0,2017-0352-CHN,nat-met-sto-tro,CHN,Asia,0.0,8.0,373.0,0.0,22273.0,250000.0,328353.0,3500000.0,4596940.0,76.1376037057766,Category 3,100.0,115.1,948.0,2017-08-19,2017-08-25,5.5,Landfall,Category 2,22.175,112.85,85.0,2017-08-21,2,-0.014764198245264426,13.1899995803833,-0.027451146810287153,0.11335605888751968,-0.09042930909027147,-0.06934873702281186,0.5167261304870209,0.008060215204003195
2017228N14314,Harvey (2017),2017.0,2017-0362-USA,nat-met-sto-tro,USA,Americas,0.0,88.0,24.0,555000.0,582024.0,30000000.0,39402343.0,95000000.0,124774087.0,76.1376037057766,Category 4,115.0,132.3,937.0,2017-08-16,2017-09-02,17.2,Landfall,Tropical Depression,18.6,-87.8,25.0,2017-08-16,0,-0.0012537696700782863,11.739999771118164,-0.0330518917587751,0.10462538932251504,0.5887582751319711,-0.05583946508273574,0.3724031983885913,9.165545100622017e-05
2017242N16333,Irma (2017),2017.0,2017-0381-AIA,nat-met-sto-tro,AIA,Americas,0.0,4.0,0.0,15000.0,15000.0,6700.0,8800.0,200000.0,262682.0,76.1376037057766,Category 5,155.0,178.4,914.0,2017-08-30,2017-09-13,14.5,Landfall,Category 3,25.9,-81.7,100.0,2017-08-30,0,0.00592896952370392,11.220000267028809,-0.00015944625421693281,0.09880836046201097,-0.24827346867950717,-0.04524663703860132,0.5500266276400722,0.03669233127287469
2017242N16333,Irma (2017),2017.0,2017-0381-CUB,nat-met-sto-tro,CUB,Americas,0.0,10.0,0.0,10000000.0,10000000.0,200000.0,262682.0,540000.0,709242.0,76.1376037057766,Category 5,155.0,178.4,914.0,2017-08-30,2017-09-13,14.5,Landfall,Category 3,25.9,-81.7,100.0,2017-08-30,0,0.00592896952370392,11.220000267028809,-0.00015944625421693281,0.09880836046201097,-0.24827346867950717,-0.04524663703860132,0.5500266276400722,0.03669233127287469
2017242N16333,Irma (2017),2017.0,2017-0381-SXM,nat-met-sto-tro,SXM,Americas,0.0,4.0,40.0,5000.0,5040.0,500000.0,656706.0,2500000.0,3283529.0,76.1376037057766,Category 5,155.0,178.4,914.0,2017-08-30,2017-09-13,14.5,Landfall,Category 3,25.9,-81.7,100.0,2017-08-30,0,0.00592896952370392,11.220000267028809,-0.00015944625421693281,0.09880836046201097,-0.24827346867950717,-0.04524663703860132,0.5500266276400722,0.03669233127287469
2017260N12310,Maria (2017),2017.0,2017-0383-DOM,nat-met-sto-tro,DOM,Americas,0.0,5.0,0.0,26000.0,26000.0,0.0,0.0,63000.0,82745.0,76.1376037057766,Category 5,150.0,172.6,908.0,2017-09-16,2017-10-02,16.0,Landfall,Category 4,18.0,-65.9,135.0,2017-09-18,2,0.007019417295161201,10.149999618530272,0.030468520273140065,0.09807714314007401,-0.07140379747769554,0.0,0.6074050568658717,0.032925650100602326
2017249N22263,Katia (2017),2017.0,2017-0392-MEX,nat-met-sto-tro,MEX,Americas,0.0,3.0,0.0,1110.0,1110.0,0.0,0.0,0.0,0.0,76.1376037057766,Category 2,90.0,103.6,972.0,2017-09-05,2017-09-09,4.0,Landfall,Category 1,20.6,-97.1,65.0,2017-09-05,0,0.006092180599663433,12.229999542236328,0.019291829368018876,0.10057565613511445,0.8194857372438731,-0.017217999830036912,0.5616612364696136,0.014043049738427352
2017253N14130,Doksuri (2017),2017.0,2017-0406-THA,nat-met-sto-tro,THA,Asia,0.0,0.0,0.0,28500.0,28500.0,0.0,0.0,0.0,0.0,76.1376037057766,Category 2,95.0,109.3,960.0,2017-09-10,2017-09-16,6.2,Landfall,Tropical Depression,14.4994,121.278,30.0,2017-09-11,1,0.005527694612103895,10.729999542236328,0.022491155250097483,0.11933593640875402,0.16865163209865885,-0.0012293713615210144,0.586909368380754,0.026348758502036065
2017236N15129,Pakhar (2017),2017.0,2017-0485-PHL,nat-met-sto-tro,PHL,Asia,0.0,0.0,0.0,3400.0,3400.0,0.0,0.0,0.0,0.0,76.1376037057766,Tropical Storm,60.0,69.0,983.0,2017-08-24,2017-08-28,4.0,Landfall,Tropical Storm,16.3866,121.754,40.0,2017-08-24,0,0.003702465763476326,12.229999542236328,0.011449850476980883,0.09657742010012377,-0.29779210510309595,-0.05854118522795626,0.49845949268380163,-0.0031647620004307897
2017333N06082,Ockhi (2017),2017.0,2017-0508-IND,nat-met-sto-tro,IND,Asia,0.0,884.0,0.0,60000.0,60000.0,0.0,0.0,0.0,0.0,76.1376037057766,Category 3,100.0,115.1,948.0,2017-11-28,2017-12-05,7.0,Landfall,Tropical Depression,6.1,80.6667,30.0,2017-11-28,0,0.017692829303877833,10.029999732971191,0.00654079279772235,0.13630878330215282,0.5559194892939257,-0.03615660130382237,0.5169289459966148,0.023591919814010293
2018010S10069,Berguitta (2018),2018.0,2018-0029-MUS,nat-met-sto-tro,MUS,Africa,0.0,0.0,0.0,30000.0,30000.0,0.0,0.0,0.0,0.0,77.9972651879547,Category 3,105.0,120.8,950.0,2018-01-10,2018-01-24,14.2,At Sea / Open Water,At Sea / Open Water,0.0,0.0,0.0,2018-01-10,0,0.013495136334922941,9.81999969482422,0.007914334436591952,0.11974034928985011,-0.43926298990652657,-0.0037123088529350534,0.7672555186404688,0.003782576364849695
2018146N19273,Alberto (2018),2018.0,2018-0170-CUB,nat-met-sto-tro,CUB,Americas,0.0,9.0,0.0,40000.0,40000.0,0.0,0.0,0.0,0.0,77.9972651879547,Tropical Storm,55.0,63.3,990.0,2018-05-25,2018-05-31,6.0,Landfall,Tropical Storm,30.3,-86.0,40.0,2018-05-25,0,0.00302207963306822,13.220000267028809,-0.04519250135170372,0.1704187534040913,1.3028589269621862,-0.05487264297581351,0.8472186775860221,0.0067248124471225666
2018199N18128,Ampil (2018),2018.0,2018-0287-CHN,nat-met-sto-tro,CHN,Asia,0.0,1.0,0.0,18000.0,18000.0,0.0,0.0,240000.0,307703.0,77.9972651879547,Tropical Storm,55.0,63.3,982.0,2018-07-17,2018-07-26,8.8,Landfall,Tropical Storm,31.825,121.825,55.0,2018-07-17,0,0.005629510345311228,12.0600004196167,-0.02959810425480769,0.1910201125101574,-0.1136355374604675,-0.02959810425480769,0.9180932283890211,0.0018628604069445536
2018221N17112,Bebinca (2018),2018.0,2018-0305-CHN,nat-met-sto-tro,CHN,Asia,0.0,2.0,0.0,0.0,300.0,0.0,0.0,188000.0,241034.0,77.9972651879547,Tropical Storm,60.0,69.0,979.0,2018-08-09,2018-08-17,8.8,Landfall,Tropical Depression,21.6512,112.222,20.0,2018-08-09,0,0.009490562807761949,11.270000457763672,-0.010577789422324901,0.12042295896771753,0.5720300938109539,-0.03145235594988316,0.9330826272189228,-0.0287670027347439
2018239N11161,Jebi (2018),2018.0,2018-0326-JPN,nat-met-sto-tro,JPN,Asia,0.0,17.0,600.0,3300.0,3900.0,9000000.0,11538866.0,12500000.0,16026203.0,77.9972651879547,Category 5,155.0,178.4,907.0,2018-08-26,2018-09-07,11.5,Landfall,Category 2,33.7833,134.593,90.0,2018-08-27,1,0.014387155024826015,12.15999984741211,0.02722318633971632,0.1727223289718902,-0.16305402782271106,-0.026322567658652707,0.8699909059132093,-0.010877156257887346
2018362S13147,Penny (2019),2019.0,2018-0469-MHL,nat-met-sto-tro,MHL,Oceania,0.0,0.0,0.0,0.0,0.0,0.0,0.0,0.0,0.0,79.4107846043372,Tropical Storm,55.0,63.3,987.0,2018-12-28,2019-01-09,12.5,Landfall,Tropical Depression,-13.2863,143.334,25.0,2018-12-28,0,0.008199975705832419,28.34000015258789,0.0068826659582876815,0.3490352926195469,-0.4951901600856006,-0.14791893073328388,1.0007650002023194,0.038249946103249555
2018279N11069,Luban (2018),2018.0,2018-0394-OMN,nat-met-sto-tro,OMN,Asia,0.0,0.0,0.0,0.0,0.0,0.0,0.0,0.0,0.0,77.9972651879547,Category 2,85.0,97.8,959.0,2018-10-05,2018-10-15,9.2,Landfall,Tropical Storm,15.85,52.15,35.0,2018-10-05,0,-0.00997571812010345,14.81999969482422,0.018748461968521424,0.09369414741412921,-0.19213111217479828,-0.004258418898318572,0.7782891922243895,-0.021816524418893514
2018271N06154,Kong-Rey (2018),2018.0,2018-0424-JPN,nat-met-sto-tro,JPN,Asia,0.0,3.0,0.0,4200.0,4200.0,0.0,0.0,0.0,0.0,77.9972651879547,Category 5,150.0,172.6,906.0,2018-09-27,2018-10-07,10.0,Landfall,Tropical Storm,34.775,128.25,60.0,2018-09-27,0,-0.005361752767640282,12.40999984741211,0.01800108045193638,0.11481403076729244,-0.14707809852626197,-0.009649017808456173,0.8915085119872714,0.019896712495933215
2020015S12170,Tino (2020),2020.0,2020-0015-TUV,nat-met-sto-tro,TUV,Oceania,0.0,0.0,0.0,5500.0,5500.0,0.0,0.0,0.0,0.0,80.3903830082114,Category 2,85.0,97.8,955.0,2020-01-15,2020-01-20,5.5,At Sea / Open Water,At Sea / Open Water,0.0,0.0,0.0,2020-01-15,0,0.011527426588770817,12.420000076293944,-0.005191836930889648,0.10525514614353232,-0.4305992198260906,-0.02414963658647673,1.0321663630231883,-0.046792186586918666
2019112S10053,Kenneth (2019),2019.0,2019-0165-TZA,nat-met-sto-tro,TZA,Africa,0.0,0.0,0.0,2000000.0,2000000.0,0.0,0.0,0.0,0.0,79.4107846043372,Category 4,125.0,143.8,934.0,2019-04-21,2019-04-28,6.5,Landfall,Category 3,-12.1612,40.4524,97.0,2019-04-22,1,0.0003789024494165183,12.420000076293944,0.015541713135404533,0.14527398610916137,-0.08181217102704386,0.0,1.2414949028299473,-0.051106417401480045
2021222N14301,Fred (2021),2021.0,2021-0510-HTI,nat-met-sto-tro,HTI,Americas,0.0,0.0,0.0,0.0,0.0,0.0,0.0,0.0,0.0,84.1669829572524,Tropical Storm,55.0,63.3,991.0,2021-08-09,2021-08-20,10.5,Landfall,Tropical Storm,18.4,-70.1,40.0,2021-08-09,0,0.01037501204145208,16.719999313354492,-0.0042840254847847925,0.30631067037900606,-0.2701467545856484,-0.067977791251288,1.8094926339858821,-0.02595517000559969
2019195N13136,Danas (2019),2019.0,2019-0349-PHL,nat-met-sto-tro,PHL,Asia,0.0,4.0,0.0,2000.0,2000.0,0.0,0.0,377440.0,475301.0,79.4107846043372,Tropical Storm,45.0,51.8,984.0,2019-07-14,2019-07-23,9.2,Landfall,Tropical Depression,36.0031,126.732,22.0,2019-07-15,1,0.013240163708826413,12.68000030517578,0.010762887468294347,0.15290246161939186,0.10554924549732281,-0.009000594185936905,0.9124473897289571,-0.004037544545244793
2019236N08143,Podul (2019),2019.0,2019-0434-PHL,nat-met-sto-tro,PHL,Asia,0.0,2.0,2.0,61500.0,61502.0,0.0,0.0,0.0,0.0,79.4107846043372,Tropical Storm,40.0,46.0,993.0,2019-08-24,2019-08-31,6.8,Landfall,Tropical Depression,16.275,120.425,25.0,2019-08-26,2,-0.014812027032495623,19.31999969482422,-0.03568963291055527,0.2821569879688399,-0.22160990087597976,-0.10651814632069101,1.0192941961565531,0.008096293092270177
2019260N20129,Tapah (2019),2019.0,2019-0443-KOR,nat-met-sto-tro,KOR,Asia,0.0,2.0,0.0,83370.0,83370.0,0.0,0.0,0.0,0.0,79.4107846043372,Category 1,65.0,74.8,967.0,2019-09-17,2019-09-23,6.5,At Sea / Open Water,At Sea / Open Water,0.0,0.0,0.0,2019-09-17,0,0.009358483686652486,14.4399995803833,0.021831783197066912,0.22637543596644982,0.02846255540866327,-0.013939507799467732,1.0044274170876477,-0.009683691774496146
2019272N14261,Narda (2019),2019.0,2019-0450-MEX,nat-met-sto-tro,MEX,Americas,0.0,2.0,0.0,1000.0,1000.0,0.0,0.0,0.0,0.0,79.4107846043372,Tropical Storm,45.0,51.8,997.0,2019-09-28,2019-10-01,2.8,Landfall,Tropical Storm,18.0,-102.0,40.0,2019-09-30,2,-0.004828648363179755,16.239999771118164,-0.0342576754121795,0.19236244771554709,1.122995798679585,-0.05367606360181543,1.026326515341703,-0.026596860873108013
2019278N16165,Hagibis (2019),2019.0,2019-0492-JPN,nat-met-sto-tro,JPN,Asia,0.0,99.0,470.0,390000.0,390470.0,10000000.0,12592748.0,17000000.0,21407672.0,79.4107846043372,Category 5,160.0,184.1,890.0,2019-10-04,2019-10-14,10.2,Landfall,Category 1,35.575,139.425,75.0,2019-10-04,0,-0.0035546551289766803,17.040000915527344,-0.03773256153982585,0.22298371958352756,-0.35144834821771287,-0.08276910470754617,1.0506348074828145,0.001999079156370689
2019329N09160,Kammuri (2019),2019.0,2019-0573-PHL,nat-met-sto-tro,PHL,Asia,0.0,4.0,318.0,2305075.0,2647558.0,0.0,0.0,109151.0,137451.0,79.4107846043372,Category 4,120.0,138.1,938.0,2019-11-24,2019-12-06,12.0,Landfall,Category 4,13.0068,124.094,117.0,2019-11-25,1,0.004326384247790527,11.869999885559082,0.009098688583589976,0.21767238569441846,-0.03278161532369983,-0.022842231444745398,1.0092556732630746,-0.01908800579226455
2023037S12119,Freddy (2023),2023.0,2023-0095-MOZ,nat-met-sto-tro,MOZ,Africa,0.0,183.0,698.0,1230691.0,1231389.0,0.0,0.0,0.0,0.0,94.6446220103845,Category 5,138.0,158.8,924.0,2023-02-06,2023-02-24,18.0,Landfall,Category 2,-21.1,48.3,89.0,2023-02-06,0,0.023066069229040975,19.43000030517578,-0.04004968898284911,0.22934931385458188,0.152203451407811,-0.08097942601453001,0.7619768625161876,0.045959430943447184
2020015S12170,Tino (2020),2020.0,2020-0015-FJI,nat-met-sto-tro,FJI,Oceania,0.0,2.0,0.0,3115.0,3115.0,0.0,0.0,0.0,0.0,80.3903830082114,Category 2,85.0,97.8,955.0,2020-01-15,2020-01-20,5.5,At Sea / Open Water,At Sea / Open Water,0.0,0.0,0.0,2020-01-15,0,0.011527426588770817,12.420000076293944,-0.005191836930889648,0.10525514614353232,-0.4305992198260906,-0.02414963658647673,1.0321663630231883,-0.046792186586918666
2020154N19269,Cristobal (2020),2020.0,2020-0219-MEX,nat-met-sto-tro,MEX,Americas,0.0,0.0,0.0,606.0,606.0,0.0,0.0,0.0,0.0,80.3903830082114,Tropical Storm,50.0,57.5,982.0,2020-06-01,2020-06-12,10.5,Landfall,Tropical Storm,18.5797,-91.9762,48.0,2020-06-01,0,0.034219927469697264,28.229999542236328,0.024948038377505366,0.49264730631738857,0.23860241589816855,-0.015477159651311911,1.4188273877861854,0.10617528995949528
2020213N15131,Hagupit (2020),2020.0,2020-0308-KOR,nat-met-sto-tro,KOR,Asia,0.0,26.0,7.0,1000.0,1007.0,0.0,0.0,0.0,0.0,80.3903830082114,Category 1,75.0,86.3,971.0,2020-07-30,2020-08-12,12.5,Landfall,Tropical Storm,28.2375,120.864,62.0,2020-07-30,0,0.0030966143894732845,24.760000228881836,-0.04029705958822549,0.41391744577917405,0.5602478628010967,-0.053842152302579716,1.9453232344507232,-0.03657894116963346
2020213N15131,Hagupit (2020),2020.0,2020-0308-TWN,nat-met-sto-tro,TWN,Asia,0.0,1.0,1.0,0.0,1.0,0.0,0.0,0.0,0.0,80.3903830082114,Category 1,75.0,86.3,971.0,2020-07-30,2020-08-12,12.5,Landfall,Tropical Storm,28.2375,120.864,62.0,2020-07-30,0,0.0030966143894732845,24.760000228881836,-0.04029705958822549,0.41391744577917405,0.5602478628010967,-0.053842152302579716,1.9453232344507232,-0.03657894116963346
2020281N14126,Linfa (2020),2020.0,2020-0411-THA,nat-met-sto-tro,THA,Asia,0.0,6.0,0.0,274923.0,274923.0,0.0,0.0,0.0,0.0,80.3903830082114,Tropical Storm,40.0,46.0,999.0,2020-10-06,2020-10-12,5.5,Landfall,Tropical Depression,13.8,124.257,0.0,2020-10-06,0,0.007702249721075027,29.479999542236328,-0.009986699582422487,0.3542837446491329,0.3071606535887299,-0.1106420757948613,0.8586312754299984,-0.017110879625653178
2020285N17120,Nangka (2020),2020.0,2020-0425-CHN,nat-met-sto-tro,CHN,Asia,0.0,6.0,0.0,0.0,0.0,0.0,0.0,14000.0,17415.0,80.3903830082114,Tropical Storm,50.0,57.5,989.0,2020-10-11,2020-10-14,3.6,Landfall,Tropical Storm,19.075,110.475,50.0,2020-10-12,1,0.03729113426762898,25.06999969482422,0.022524166246273847,0.36962178186216693,-0.47154141934993443,-0.0768500137468544,0.8052282837997525,-0.018952534307253906
2020285N17120,Nangka (2020),2020.0,2020-0425-VNM,nat-met-sto-tro,VNM,Asia,0.0,2.0,0.0,67855.0,70780.0,0.0,0.0,0.0,0.0,80.3903830082114,Tropical Storm,50.0,57.5,989.0,2020-10-11,2020-10-14,3.6,Landfall,Tropical Storm,19.075,110.475,50.0,2020-10-12,1,0.03729113426762898,25.06999969482422,0.022524166246273847,0.36962178186216693,-0.47154141934993443,-0.0768500137468544,0.8052282837997525,-0.018952534307253906
2020258N11127,Noul (2020),2020.0,2020-0462-KHM,nat-met-sto-tro,KHM,Asia,0.0,0.0,0.0,0.0,0.0,0.0,0.0,0.0,0.0,80.3903830082114,Tropical Storm,50.0,57.5,990.0,2020-09-14,2020-09-19,5.0,Landfall,Tropical Depression,12.5451,124.595,10.0,2020-09-14,0,-0.011997887317812594,25.850000381469727,-0.057355726267882656,0.2536274290000717,-0.4337905127981131,-0.13431655204167336,1.102217383369253,0.02177654581838432
2020299N11144,Goni (2020),2020.0,2020-0463-PHL,nat-met-sto-tro,PHL,Asia,0.0,31.0,399.0,3355995.0,3356394.0,0.0,0.0,503294.0,626062.0,80.3903830082114,Category 5,170.0,195.6,884.0,2020-10-25,2020-11-06,12.0,Landfall,Category 5,13.5767,124.313,150.0,2020-10-26,1,-0.0076606943553768625,32.459999084472656,-0.008460316178633298,0.3561337517774667,0.20705947748749298,-0.06359863250775466,0.8844012538164159,0.03759980123885734
2020306N15288,Eta (2020),2020.0,2020-0474-CRI,nat-met-sto-tro,CRI,Americas,0.0,0.0,0.0,25000.0,25000.0,0.0,0.0,0.0,0.0,80.3903830082114,Category 4,130.0,149.6,922.0,2020-10-31,2020-11-14,13.2,Landfall,Category 4,13.8,-83.5,120.0,2020-11-02,2,-0.027078157723650742,37.130001068115234,0.013651844597021956,0.3823652395702985,0.3780171704878128,-0.050815026558311716,0.9488972872483181,0.04312799028611998
2020306N15288,Eta (2020),2020.0,2020-0474-GTM,nat-met-sto-tro,GTM,Americas,0.0,160.0,30.0,2415858.0,2415888.0,0.0,0.0,386000.0,480157.0,80.3903830082114,Category 4,130.0,149.6,922.0,2020-10-31,2020-11-14,13.2,Landfall,Category 4,13.8,-83.5,120.0,2020-11-02,2,-0.027078157723650742,37.130001068115234,0.013651844597021956,0.3823652395702985,0.3780171704878128,-0.050815026558311716,0.9488972872483181,0.04312799028611998
2020306N15288,Eta (2020),2020.0,2020-0474-HND,nat-met-sto-tro,HND,Americas,0.0,110.0,0.0,4566584.0,4566584.0,0.0,0.0,0.0,0.0,80.3903830082114,Category 4,130.0,149.6,922.0,2020-10-31,2020-11-14,13.2,Landfall,Category 4,13.8,-83.5,120.0,2020-11-02,2,-0.027078157723650742,37.130001068115234,0.013651844597021956,0.3823652395702985,0.3780171704878128,-0.050815026558311716,0.9488972872483181,0.04312799028611998
2020326N11063,Gati (2020),2020.0,2020-0487-SOM,nat-met-sto-tro,SOM,Africa,0.0,9.0,0.0,120000.0,120000.0,0.0,0.0,0.0,0.0,80.3903830082114,Category 3,100.0,115.1,967.0,2020-11-20,2020-11-24,4.0,Landfall,Category 1,10.385,51.0137,77.0,2020-11-20,0,-0.007735127240363737,23.700000762939453,0.05696595867855736,0.6684248598925273,-0.4990654964027318,-0.018365934633881364,1.1350669312294623,0.005030518395888375
2020318N16289,Iota (2020),2020.0,2020-0495-SLV,nat-met-sto-tro,SLV,Americas,0.0,1.0,0.0,0.0,0.0,0.0,0.0,0.0,0.0,80.3903830082114,Category 4,135.0,155.4,917.0,2020-11-12,2020-11-18,6.0,Landfall,Category 4,13.6,-83.5,125.0,2020-11-12,0,0.008480181888621097,25.350000381469727,0.1055123653300698,0.6448800826994096,0.21351876662955482,-0.04219157670710594,1.010920801615868,0.08817444770223924
2021012S12086,Eloise (2021),2021.0,2021-0036-ZAF,nat-met-sto-tro,ZAF,Africa,0.0,4.0,0.0,3200.0,3200.0,0.0,0.0,0.0,0.0,84.1669829572524,Category 2,90.0,103.6,968.0,2021-01-11,2021-01-27,16.0,Landfall,Tropical Storm,-15.1785,50.5321,47.0,2021-01-11,0,0.02684446109580141,24.079999923706055,0.10827192599157676,0.3048191110021443,-0.3075596299927936,0.0,1.7089051074531874,0.036786410599242696
2021058S16149,Niran (2021),2021.0,2021-0125-AUS,nat-met-sto-tro,AUS,Oceania,0.0,0.0,0.0,6000.0,6000.0,0.0,0.0,155000.0,184158.0,84.1669829572524,Category 5,140.0,161.1,917.0,2021-02-27,2021-03-07,8.8,At Sea / Open Water,At Sea / Open Water,0.0,0.0,0.0,2021-03-01,2,0.006588426431389349,23.350000381469727,0.03390550239526835,0.3281898520589574,-0.08266287348997814,-0.017697151074987816,1.0871405641299121,0.09582026731535245
2021102N06144,Surigae (2021),2021.0,2021-0236-PHL,nat-met-sto-tro,PHL,Asia,0.0,9.0,0.0,15000.0,15000.0,0.0,0.0,20000.0,23762.0,84.1669829572524,Category 5,170.0,195.6,882.0,2021-04-11,2021-04-30,19.2,At Sea / Open Water,At Sea / Open Water,0.0,0.0,0.0,2021-04-12,1,0.012993415099296746,16.90999984741211,-0.02647123662022277,0.2788314736352968,-0.2656064393073547,-0.08766487262852596,0.7919627447361323,0.00442625547758711
2021133N10071,Tauktae (2021),2021.0,2021-0252-IND,nat-met-sto-tro,IND,Asia,0.0,198.0,153.0,700000.0,700153.0,0.0,0.0,1400000.0,1663360.0,84.1669829572524,Category 4,120.0,138.1,931.0,2021-05-13,2021-05-19,6.0,Landfall,Category 3,20.9,71.2,110.0,2021-05-13,0,-0.020974973068370373,23.1299991607666,-0.015372621504895378,0.28361618102941266,0.35748010573935796,-0.032991369051645125,0.5937664397372135,-0.003959612132080967
2021143N15090,Yaas (2021),2021.0,2021-0295-IND,nat-met-sto-tro,IND,Asia,0.0,19.0,0.0,1625000.0,1625000.0,0.0,0.0,3000000.0,3564343.0,84.1669829572524,Category 1,65.0,74.8,974.0,2021-05-23,2021-05-27,4.8,Landfall,Tropical Storm,21.5,86.9,55.0,2021-05-24,1,0.008784070211383277,18.399999618530273,-0.03745679900360055,0.3120889772715651,-0.2875755516718542,-0.03745679900360055,0.6208187535064663,0.028492687240939025
2021161N18115,Koguma (2021),2021.0,2021-0327-VNM,nat-met-sto-tro,VNM,Asia,0.0,1.0,0.0,750.0,750.0,0.0,0.0,10000.0,11881.0,84.1669829572524,Tropical Storm,35.0,40.3,996.0,2021-06-10,2021-06-13,3.2,Landfall,Tropical Depression,18.375,110.025,25.0,2021-06-10,0,0.011557627892819555,16.100000381469727,0.0034309588295791116,0.26385385570311537,-0.023957822795839467,-0.007501325958603644,0.7393162265340681,-0.025570356094178376
2021176N15259,Enrique (2021),2021.0,2021-0359-MEX,nat-met-sto-tro,MEX,Americas,0.0,2.0,0.0,621.0,621.0,0.0,0.0,50000.0,59406.0,84.1669829572524,Category 1,80.0,92.1,972.0,2021-06-25,2021-06-30,5.2,At Sea / Open Water,At Sea / Open Water,0.0,0.0,0.0,2021-06-25,0,0.02817421126231867,15.619999885559082,0.06710357668681444,0.2861580528364973,-0.663217124350465,-0.005061844038800056,0.7966132915025765,-0.025022415227526677
2021182N09317,Elsa (2021),2021.0,2021-0373-CUB,nat-met-sto-tro,CUB,Americas,0.0,0.0,0.0,0.0,0.0,0.0,0.0,0.0,0.0,84.1669829572524,Category 1,75.0,86.3,991.0,2021-06-30,2021-07-10,9.5,Landfall,Tropical Storm,22.2,-81.6,55.0,2021-06-30,0,0.012920187131781002,15.829999923706056,-0.01300860530450132,0.28029766847245724,0.15981555002096015,-0.031490333315947194,0.9033770799602625,-0.04538964683296998
2021182N09317,Elsa (2021),2021.0,2021-0373-USA,nat-met-sto-tro,USA,Americas,0.0,1.0,9.0,0.0,9.0,0.0,0.0,1200000.0,1425737.0,84.1669829572524,Category 1,75.0,86.3,991.0,2021-06-30,2021-07-10,9.5,Landfall,Tropical Storm,22.2,-81.6,55.0,2021-06-30,0,0.012920187131781002,15.829999923706056,-0.01300860530450132,0.28029766847245724,0.15981555002096015,-0.031490333315947194,0.9033770799602625,-0.04538964683296998
2021197N17135,In-Fa (2021),2021.0,2021-0498-CHN,nat-met-sto-tro,CHN,Asia,0.0,5.0,0.0,72000.0,72000.0,0.0,0.0,2000000.0,2376229.0,84.1669829572524,Category 2,95.0,109.3,951.0,2021-07-15,2021-07-31,15.5,Landfall,Tropical Storm,30.7487,121.072,37.0,2021-07-15,0,0.008888151366809094,17.010000228881836,-0.03188381551068309,0.32843733469212266,0.20840505631857553,-0.09468711297080812,1.0858392654172184,-0.029717661323364866
2021225N15313,Grace (2021),2021.0,2021-0528-MEX,nat-met-sto-tro,MEX,Americas,0.0,13.0,0.0,0.0,0.0,0.0,0.0,500000.0,594057.0,84.1669829572524,Category 3,105.0,120.8,967.0,2021-08-13,2021-08-21,8.2,Landfall,Tropical Storm,17.7,-71.4,35.0,2021-08-13,0,0.007751653114851154,15.449999809265137,-0.001817800694069338,0.27980518001201765,-0.08736759556866258,-0.015341705603216238,1.7651737448511629,-0.06129488425739339
2021239N17281,Ida (2021),2021.0,2021-0551-USA,nat-met-sto-tro,USA,Americas,0.0,96.0,0.0,14000.0,14000.0,36000000.0,42772116.0,65000000.0,77227433.0,84.1669829572524,Category 4,130.0,149.6,929.0,2021-08-26,2021-09-04,9.2,Landfall,Category 1,22.4,-83.2,70.0,2021-08-26,0,0.01455043785823329,18.84000015258789,0.04891884121435641,0.2750406901798185,-0.5822386913865331,-0.04055178011794458,1.9158578585641022,-0.01163726255953396
2021276N07131,Lionrock (2021),2021.0,2021-0664-HKG,nat-met-sto-tro,HKG,Asia,0.0,1.0,14.0,140.0,154.0,0.0,0.0,0.0,0.0,84.1669829572524,Tropical Storm,45.0,51.8,989.0,2021-10-02,2021-10-10,8.0,Landfall,Tropical Depression,10.0,125.0,15.0,2021-10-04,2,-0.03162845924554003,22.959999084472656,0.03813327885146167,0.3253639211322806,0.4053788737462882,0.0,1.5583133594310996,0.007975976562181145
2021280N14137,Kompasu (2021),2021.0,2021-0670-HKG,nat-met-sto-tro,HKG,Asia,0.0,1.0,21.0,0.0,21.0,0.0,0.0,0.0,0.0,84.1669829572524,Tropical Storm,60.0,69.0,979.0,2021-10-07,2021-10-14,7.5,Landfall,Tropical Storm,19.0803,110.077,47.0,2021-10-07,0,0.022183718697240895,19.540000915527344,0.053561222751297155,0.3195067201168845,-0.13007574092925012,-0.0029069437925701713,1.4996090815046021,0.026412925256408613
2024123S09045,Hidaya (2024),2024.0,2024-0969-TZA,nat-met-sto-tro,TZA,Africa,0.0,5.0,0.0,7775.0,7775.0,0.0,0.0,185000.0,189868.0,97.436175616134,Category 1,80.0,92.1,974.0,2024-05-01,2024-05-04,3.0,Landfall,Tropical Storm,-7.68016,39.2101,49.0,2024-05-01,0,-0.010011685912197255,15.390000343322754,-0.04324778313615618,0.16222983555130763,1.3913010824359975,-0.061684149950742784,0.41544802881393744,-0.0023559199113276155
2021296N13260,Rick (2021),2021.0,2021-0702-MEX,nat-met-sto-tro,MEX,Americas,0.0,0.0,0.0,150.0,150.0,0.0,0.0,10000.0,11881.0,84.1669829572524,Category 2,90.0,103.6,977.0,2021-10-22,2021-10-25,3.2,Landfall,Category 2,18.1,-102.1,85.0,2021-10-22,0,0.0162604409446796,15.43000030517578,0.010814597759151834,0.23016690205900991,-0.051809290306648936,-0.009232224522357724,1.2334955648597048,-0.024970331587818282
2022024S16044,Ana (2022),2022.0,2022-0052-MOZ,nat-met-sto-tro,MOZ,Africa,0.0,38.0,207.0,185429.0,185636.0,0.0,0.0,0.0,0.0,90.9026974595266,Tropical Storm,50.0,57.5,993.0,2022-01-23,2022-01-25,2.0,Landfall,Tropical Storm,-16.2274,39.6422,47.0,2022-01-24,1,-0.0535376093014478,29.899999618530273,-0.02542237205824993,0.25193536890706686,0.921353065539112,-0.029334388461724648,1.0184020476518942,0.025196787602076016
2022181N15115,Chaba (2022),2022.0,2022-0397-CHN,nat-met-sto-tro,CHN,Asia,0.0,24.0,0.0,0.0,0.0,0.0,0.0,463000.0,509336.0,90.9026974595266,Category 1,74.0,85.2,969.0,2022-06-29,2022-07-02,2.8,Landfall,Tropical Storm,21.5826,111.003,60.0,2022-06-29,0,0.015892479932857917,28.15999984741211,-0.004497187582107043,0.5009379359091629,-0.13638062146042718,-0.1995102397875198,0.8130286360455994,-0.04682724715615241
2022179N08310,Bonnie (2022),2022.0,2022-0400-SLV,nat-met-sto-tro,SLV,Americas,0.0,1.0,0.0,100.0,100.0,0.0,0.0,0.0,0.0,90.9026974595266,Category 3,100.0,115.1,964.0,2022-06-27,2022-07-11,13.2,Landfall,Tropical Storm,10.7,-61.6,35.0,2022-06-27,0,0.062127671706705856,26.950000762939453,0.01396641676140864,0.4846358662132112,-0.47100765635751674,-0.19249689079156906,0.8574517827243104,-0.03951622571081388
2022287N13112,Sonca (2022),2022.0,2022-0676-VNM,nat-met-sto-tro,VNM,Asia,0.0,19.0,110.0,436868.0,436978.0,0.0,0.0,65000.0,71505.0,90.9026974595266,Tropical Storm,35.0,40.3,998.0,2022-10-14,2022-10-15,1.0,Landfall,Tropical Depression,15.5375,108.162,30.0,2022-10-14,0,-0.0142231630329267,32.02000045776367,-0.018581999334476462,0.4768714184797025,-0.06010324095060393,-0.03729442051894816,0.8910272179569586,0.04132664364869118
2023196N17119,Talim (2023),2023.0,2023-0450-PHL,nat-met-sto-tro,PHL,Asia,0.0,2.0,0.0,450.0,450.0,0.0,0.0,0.0,0.0,94.6446220103845,Category 1,70.0,80.6,971.0,2023-07-14,2023-07-18,3.8,Landfall,Category 1,21.2931,110.212,67.0,2023-07-14,0,0.024467099688047833,13.34000015258789,0.008169148997771769,0.22545370940157608,-0.10074004415733095,-0.030126426540282303,0.9376397992240715,0.028938704596865407
2023061S22036,Freddy (2023),2023.0,2023-0095-MWI,nat-met-sto-tro,MWI,Africa,0.0,1209.0,2186.0,2267458.0,2269644.0,0.0,0.0,506710.0,535382.0,94.6446220103845,Category 3,99.0,113.9,957.0,2023-03-02,2023-03-14,11.8,Landfall,Category 2,-17.8,37.1,89.0,2023-03-02,0,-0.007113353305867598,19.59000015258789,0.01557153917487053,0.2798876094109943,-0.06352324445941859,-0.04567130659515706,0.7889645679492431,-0.015366137864605452
2023058S13171,Judy (2023),2023.0,2023-0119-VUT,nat-met-sto-tro,VUT,Oceania,0.0,0.0,0.0,251346.0,251346.0,0.0,0.0,0.0,0.0,94.6446220103845,Category 3,109.0,125.4,941.0,2023-02-27,2023-03-04,5.8,At Sea / Open Water,At Sea / Open Water,0.0,0.0,0.0,2023-02-27,0,-0.023400112504609938,20.950000762939453,0.004971008194188942,0.2823458035064478,-0.313426021253167,-0.058751664619267174,0.7145524134538596,0.016038534915579435
2023061S14162,Kevin (2023),2023.0,2023-0128-VUT,nat-met-sto-tro,VUT,Oceania,0.0,0.0,0.0,251356.0,251356.0,0.0,0.0,0.0,0.0,94.6446220103845,Category 4,134.0,154.2,918.0,2023-03-01,2023-03-07,5.5,At Sea / Open Water,At Sea / Open Water,0.0,0.0,0.0,2023-03-01,0,-0.009534921899713056,20.579999923706055,0.02191349851702107,0.2848286179360473,-0.07887679288013028,-0.05398519722606476,0.7859501085410037,-0.013478181382744306
2023140N05149,Mawar (2023),2023.0,2023-0300-GUM,nat-met-sto-tro,GUM,Oceania,0.0,2.0,0.0,100000.0,100000.0,0.0,0.0,4300000.0,4543312.0,94.6446220103845,Category 5,159.0,183.0,897.0,2023-05-20,2023-06-03,14.2,At Sea / Open Water,At Sea / Open Water,0.0,0.0,0.0,2023-05-22,2,0.013994856779278475,17.209999084472656,0.004941581484293023,0.2598498485870412,-0.1721022842499217,-0.06836588071821115,1.179123042339156,-0.020935037668100738
2023170N11323,Bret (2023),2023.0,2023-0360-BRB,nat-met-sto-tro,BRB,Americas,0.0,0.0,0.0,179.0,179.0,0.0,0.0,0.0,0.0,94.6446220103845,Tropical Storm,60.0,69.0,996.0,2023-06-19,2023-06-24,5.5,At Sea / Open Water,At Sea / Open Water,0.0,0.0,0.0,2023-06-20,1,0.011535279477939975,13.880000114440918,-0.018619609847893126,0.22086499363167758,0.16942864209745245,-0.0374990676531507,0.9407832736860866,0.009447413213707751
2023203N14132,Doksuri (2023),2023.0,2023-0464-TWN,nat-met-sto-tro,TWN,Asia,0.0,1.0,68.0,0.0,68.0,0.0,0.0,10000.0,10566.0,94.6446220103845,Category 4,128.0,147.3,926.0,2023-07-21,2023-07-28,6.8,Landfall,Category 2,24.7901,118.563,83.0,2023-07-21,0,0.006454696523574777,13.600000381469728,0.034990884949282375,0.20068293899961107,-0.2832395960734925,0.0,0.8717111974291203,0.009248799672697598
2023236N20125,Saola (2023),2023.0,2023-0568-CHN,nat-met-sto-tro,CHN,Asia,0.0,1.0,2.0,0.0,2.0,0.0,0.0,690000.0,729043.0,94.6446220103845,Category 4,134.0,154.2,921.0,2023-08-23,2023-09-03,10.8,Landfall,Category 2,21.9572,113.035,91.0,2023-08-23,0,0.007710875527844996,15.979999542236328,0.0051781296509876285,0.1623927403445839,0.02113940108539447,-0.02836511166192368,0.5958665945584729,0.006554075571200978
2023236N20125,Saola (2023),2023.0,2023-0568-PHL,nat-met-sto-tro,PHL,Asia,0.0,4.0,3.0,900000.0,900003.0,0.0,0.0,33000.0,34867.0,94.6446220103845,Category 4,134.0,154.2,921.0,2023-08-23,2023-09-03,10.8,Landfall,Category 2,21.9572,113.035,91.0,2023-08-23,0,0.007710875527844996,15.979999542236328,0.0051781296509876285,0.1623927403445839,0.02113940108539447,-0.02836511166192368,0.5958665945584729,0.006554075571200978
2023273N16134,Koinu (2023),2023.0,2023-0623-PHL,nat-met-sto-tro,PHL,Asia,0.0,0.0,0.0,275.0,275.0,0.0,0.0,0.0,0.0,94.6446220103845,Category 4,119.0,136.9,940.0,2023-09-29,2023-10-10,10.5,Landfall,Category 3,22.0,120.8,109.0,2023-09-29,0,-0.006830596083547413,17.520000457763672,0.012092790871398362,0.2090497621387539,0.1498024598620309,-0.024667898913090958,0.5361037604733576,-0.05413770608837498
2023302N10267,Pilar (2023),2023.0,2023-0703-HND,nat-met-sto-tro,HND,Americas,0.0,1.0,0.0,0.0,0.0,0.0,0.0,0.0,0.0,94.6446220103845,Tropical Storm,55.0,63.3,995.0,2023-10-28,2023-11-07,10.0,At Sea / Open Water,At Sea / Open Water,0.0,0.0,0.0,2023-10-30,2,-0.011582508963285831,19.75,-0.04380615112451747,0.24092460648211664,-0.12252496714089134,-0.07666368989605477,0.3242487273739651,-0.006378638028917173
2023352N08127,Jelawat (2023),2023.0,2023-0842-PHL,nat-met-sto-tro,PHL,Asia,0.0,1.0,1.0,425866.0,425867.0,0.0,0.0,42.0,44.0,94.6446220103845,Tropical Storm,35.0,40.3,1002.0,2023-12-17,2023-12-19,2.0,Landfall,Tropical Depression,7.0975,126.265,27.0,2023-12-18,1,0.02574433367072415,12.5600004196167,0.03229135547924478,0.17152202480264633,0.44652776357849255,-0.0003699943142668749,0.4900665618236182,0.014354246440059308
2000056S17152,Steve (2000),2000.0,2000-0097-AUS,nat-met-sto-tro,AUS,Oceania,0.0,1.0,0.0,200.0,200.0,10000.0,18696.0,90000.0,168263.0,53.4877366816787,Category 1,65.0,74.8,995.0,2000-02-25,2000-03-11,15.9,Landfall,Tropical Storm,-16.6886,145.514,37.0,2000-02-25,0,-0.03581937633423016,25.200000762939453,-0.09153395335957415,0.3134993137279041,6.531818181818182,-0.09515717849732086,0.44938505533672474,0.05684483220655237
2000232N12116,Kaemi (2000),2000.0,2000-0518-VNM,nat-met-sto-tro,VNM,Asia,0.0,15.0,4.0,0.0,4.0,0.0,0.0,5000.0,9348.0,53.4877366816787,Tropical Storm,45.0,51.8,995.0,2000-08-18,2000-08-23,5.2,Landfall,Tropical Storm,16.0121,107.79,40.0,2000-08-18,0,0.01547592666508435,17.049999237060547,0.03600015427785852,0.21452005963831033,3.537878787878788,-0.011450696294748375,0.1489007550767068,0.006168389423162515
2000240N22115,Maria (2000),2000.0,2000-0557-CHN,nat-met-sto-tro,CHN,Asia,0.0,47.0,0.0,46000.0,46000.0,0.0,0.0,169000.0,315960.0,53.4877366816787,Tropical Storm,55.0,63.3,995.0,2000-08-27,2000-09-02,6.5,Landfall,Tropical Storm,22.8227,114.884,47.0,2000-08-28,1,0.008409162560021777,16.540000915527344,0.007691891926040473,0.20245949997972887,0.4168797953964194,-0.01503747533434141,0.2069532688808269,-0.0007708254024082924
2000248N17117,Wukong (2000),2000.0,2000-0605-CHN,nat-met-sto-tro,CHN,Asia,0.0,6.0,0.0,2400000.0,2400000.0,0.0,0.0,0.0,0.0,53.4877366816787,Category 2,95.0,109.3,980.0,2000-09-04,2000-09-10,6.5,Landfall,Category 1,18.2,109.675,75.0,2000-09-05,1,-0.0031911772395901705,19.81999969482422,-0.001431249963719572,0.1856313203855973,5.520758122743683,-0.016447202912034276,0.24714660222755,0.04037764466968784
2001180N15118,Durian (2001),2001.0,2001-0318-VNM,nat-met-sto-tro,VNM,Asia,0.0,30.0,3.0,117450.0,117453.0,0.0,0.0,25000.0,45455.0,54.9993852662954,Category 1,75.0,86.3,967.0,2001-06-29,2001-07-03,4.5,Landfall,Category 1,21.108,110.319,75.0,2001-06-29,0,-0.002035024583377898,19.059999465942383,-0.037424824976698856,0.21829209933513674,0.20642201834862384,-0.10183955441017545,0.24885766761888117,-0.0069634898323696496
2001204N19127,Yutu (2001),2001.0,2001-0419-CHN,nat-met-sto-tro,CHN,Asia,0.0,0.0,0.0,23250.0,23250.0,0.0,0.0,85000.0,154547.0,54.9993852662954,Category 2,85.0,97.8,958.0,2001-07-22,2001-07-26,4.2,Landfall,Category 1,21.5266,110.711,67.0,2001-07-23,1,-0.0145804105457501,23.739999771118164,0.004797635512039822,0.19004519825953953,-0.2681347150259067,-0.06475318241995454,0.23544276883068732,0.03136877107917235
2001202N11266,Dalila (2001),2001.0,2001-0488-MEX,nat-met-sto-tro,MEX,Americas,0.0,0.0,0.0,100.0,100.0,0.0,0.0,0.0,0.0,54.9993852662954,Category 1,65.0,74.8,987.0,2001-07-21,2001-07-28,7.5,At Sea / Open Water,At Sea / Open Water,0.0,0.0,0.0,2001-07-23,2,-0.0145804105457501,23.739999771118164,0.004797635512039822,0.19004519825953953,-0.2681347150259067,-0.06475318241995454,0.23544276883068732,0.03136877107917235
2001239N19116,Fitow (2001),2001.0,2001-0796-CHN,nat-met-sto-tro,CHN,Asia,0.0,4.0,0.0,0.0,0.0,0.0,0.0,213000.0,387277.0,54.9993852662954,Tropical Storm,45.0,51.8,991.0,2001-08-27,2001-09-12,15.8,Landfall,Tropical Depression,19.8436,110.691,25.0,2001-08-27,0,0.004073825942888298,20.559999465942383,0.015795879165862337,0.1345723444732385,6.830721003134796,-0.014000315998428658,0.3306355348193233,-0.009322258180992977
2002017S07078,Dina (2002),2002.0,2002-0039-MUS,nat-met-sto-tro,MUS,Africa,10.0,3.0,50.0,0.0,1050.0,0.0,0.0,50000.0,89491.0,55.8716960740501,Category 4,130.0,149.6,910.0,2002-01-16,2002-01-28,12.0,At Sea / Open Water,At Sea / Open Water,0.0,0.0,0.0,2002-01-16,0,-0.023795720041826618,23.450000762939453,-0.04304797258366333,0.19784001313832283,-0.5186749666518453,-0.06962960815739094,0.5975019766467948,0.021851200012607444
2002017S07078,Dina (2002),2002.0,2002-0043-REU,nat-met-sto-tro,REU,Africa,0.0,0.0,300.0,0.0,3100.0,0.0,0.0,50000.0,89491.0,55.8716960740501,Category 4,130.0,149.6,910.0,2002-01-16,2002-01-28,12.0,At Sea / Open Water,At Sea / Open Water,0.0,0.0,0.0,2002-01-16,0,-0.023795720041826618,23.450000762939453,-0.04304797258366333,0.19784001313832283,-0.5186749666518453,-0.06962960815739094,0.5975019766467948,0.021851200012607444
2002178N04155,Chataan (2002),2002.0,2002-0431-JPN,nat-met-sto-tro,JPN,Asia,0.0,5.0,18.0,100000.0,100018.0,0.0,0.0,5000.0,8949.0,55.8716960740501,Category 4,130.0,149.6,910.0,2002-06-27,2002-07-13,15.8,Landfall,Tropical Storm,35.0259,139.925,50.0,2002-06-27,0,-0.01414862739724776,26.290000915527344,0.0037084086176082387,0.2034948826969613,-0.5414904002603319,-0.04471620046671232,0.6000594257836706,0.009192893031353847
2002265N10315,Lili (2002),2002.0,2002-0627-JAM,nat-met-sto-tro,JAM,Americas,0.0,4.0,0.0,1500.0,1500.0,0.0,0.0,30.0,54.0,55.8716960740501,Category 4,125.0,143.8,938.0,2002-09-21,2002-10-04,12.8,Landfall,Category 2,22.1,-84.0,90.0,2002-09-23,2,-0.06513520762552238,39.68000030517578,-0.05572019414834839,0.2719938863020667,0.6533742331288344,-0.09625224407229538,1.0212712326207467,0.023300542167857964
2002268N15258,Julio (2002),2002.0,2002-0647-MEX,nat-met-sto-tro,MEX,Americas,0.0,0.0,0.0,500.0,500.0,0.0,0.0,0.0,0.0,55.8716960740501,Tropical Storm,40.0,46.0,1000.0,2002-09-25,2002-09-26,1.5,Landfall,Tropical Storm,18.0,-102.4,40.0,2002-09-25,0,-0.025553180242568363,37.33000183105469,-0.02906505551981764,0.3012181111613997,2.261188554658841,-0.07600514264798353,1.03722068857733,0.03797897810084905
2002258N10300,Isidore (2002),2002.0,2002-0851-SLV,nat-met-sto-tro,SLV,Americas,0.0,0.0,0.0,500.0,500.0,0.0,0.0,0.0,0.0,55.8716960740501,Category 3,110.0,126.6,934.0,2002-09-14,2002-09-27,13.0,Landfall,Tropical Depression,10.0856,-61.4549,25.0,2002-09-16,2,-0.008492887094594281,36.7400016784668,0.008960931369853542,0.27505962467630285,-0.05324298160696994,-0.04576252382807888,0.99070063519398,0.00880929741974841
2003155S10172,Gina (2003),2003.0,2003-0314-SLB,nat-met-sto-tro,SLB,Oceania,0.0,0.0,0.0,0.0,150.0,0.0,0.0,0.0,0.0,57.1400352670416,Category 2,90.0,103.6,954.0,2003-06-04,2003-06-09,5.2,At Sea / Open Water,At Sea / Open Water,0.0,0.0,0.0,2003-06-04,0,0.03647982619074752,20.6200008392334,0.02632648646203717,0.15961623225254962,0.1003570011900039,0.0,0.4018643416812728,0.021432078472296532
2003196N11137,Koni (2003),2003.0,2003-0437-VNM,nat-met-sto-tro,VNM,Asia,0.0,0.0,18.0,0.0,5018.0,0.0,0.0,0.0,0.0,57.1400352670416,Category 1,65.0,74.8,976.0,2003-07-14,2003-07-22,8.2,Landfall,Tropical Storm,11.25,124.5,40.0,2003-07-14,0,0.00029799681967457303,19.59000015258789,-0.012604774155482668,0.08727983673386472,-0.8127616572830951,-0.05244785618588632,0.3858190718546223,0.014915874831857186
2003359S15177,Heta (2004),2004.0,2004-0004-ASM,nat-met-sto-tro,ASM,Oceania,0.0,0.0,60.0,20000.0,23060.0,0.0,0.0,150000.0,255668.0,58.6698092933412,Category 5,140.0,161.1,898.0,2003-12-25,2004-01-12,17.8,At Sea / Open Water,At Sea / Open Water,0.0,0.0,0.0,2003-12-26,1,0.004541899958330209,17.450000762939453,0.00706712714266633,0.1535304846118667,-0.8019685962034216,0.0,0.624523931906057,0.010351679588886779
2004230N09172,Chaba (2004),2004.0,2004-0445-JPN,nat-met-sto-tro,JPN,Asia,0.0,14.0,50.0,180000.0,180050.0,1200000.0,2045345.0,2000000.0,3408908.0,58.6698092933412,Category 5,155.0,178.4,879.0,2004-08-17,2004-09-05,19.5,Landfall,Category 2,33.475,131.125,85.0,2004-08-17,0,0.004890429817539399,17.020000457763672,-0.02267619593547132,0.19835675721550178,1.381105231196322,-0.06707318256556782,0.6637330166651549,0.0026622010461231933
2005041S13181,Olaf (2005),2005.0,2005-0151-WSM,nat-met-sto-tro,WSM,Oceania,0.0,9.0,0.0,0.0,0.0,0.0,0.0,0.0,0.0,60.6603317527392,Category 5,145.0,166.9,892.0,2005-02-10,2005-02-23,13.0,At Sea / Open Water,At Sea / Open Water,0.0,0.0,0.0,2005-02-10,0,0.006556856632323305,11.510000228881836,0.02981233041803355,0.14783902790701803,0.9434431535552452,0.0,0.7692054341037426,0.023555337520350533
2005192N11318,Emily (2005),2005.0,2005-0382-HTI,nat-met-sto-tro,HTI,Americas,0.0,6.0,0.0,565.0,750.0,0.0,0.0,0.0,0.0,60.6603317527392,Category 5,140.0,161.1,929.0,2005-07-11,2005-07-21,10.5,Landfall,Category 2,20.6198,-88.0304,92.0,2005-07-11,0,0.020162872049588776,11.279999732971191,0.025088394921357393,0.21662651282956735,0.22716688227684356,-0.004700860273300966,1.456697373262884,-0.03495310830114457
2005192N11318,Emily (2005),2005.0,2005-0382-JAM,nat-met-sto-tro,JAM,Americas,0.0,4.0,0.0,2296.0,2296.0,0.0,0.0,1000.0,1649.0,60.6603317527392,Category 5,140.0,161.1,929.0,2005-07-11,2005-07-21,10.5,Landfall,Category 2,20.6198,-88.0304,92.0,2005-07-11,0,0.020162872049588776,11.279999732971191,0.025088394921357393,0.21662651282956735,0.22716688227684356,-0.004700860273300966,1.456697373262884,-0.03495310830114457
2005192N11318,Emily (2005),2005.0,2005-0382-MEX,nat-met-sto-tro,MEX,Americas,0.0,2.0,0.0,0.0,0.0,250000.0,412131.0,400000.0,659410.0,60.6603317527392,Category 5,140.0,161.1,929.0,2005-07-11,2005-07-21,10.5,Landfall,Category 2,20.6198,-88.0304,92.0,2005-07-11,0,0.020162872049588776,11.279999732971191,0.025088394921357393,0.21662651282956735,0.22716688227684356,-0.004700860273300966,1.456697373262884,-0.03495310830114457
2005192N11318,Emily (2005),2005.0,2005-0382-VCT,nat-met-sto-tro,VCT,Americas,0.0,0.0,0.0,530.0,530.0,0.0,0.0,0.0,0.0,60.6603317527392,Category 5,140.0,161.1,929.0,2005-07-11,2005-07-21,10.5,Landfall,Category 2,20.6198,-88.0304,92.0,2005-07-11,0,0.020162872049588776,11.279999732971191,0.025088394921357393,0.21662651282956735,0.22716688227684356,-0.004700860273300966,1.456697373262884,-0.03495310830114457
2005237N14148,Talim (2005),2005.0,2005-0492-TWN,nat-met-sto-tro,TWN,Asia,0.0,3.0,59.0,0.0,59.0,0.0,0.0,38000.0,62644.0,60.6603317527392,Category 4,130.0,149.6,910.0,2005-08-24,2005-09-03,9.5,Landfall,Category 2,23.85,121.475,95.0,2005-08-24,0,-0.0085923412548774,14.170000076293944,0.025279393773507852,0.18781068554840524,-0.4811660614958113,-0.03163550395505377,0.8940460228198327,0.029924089369751765
2005230N20144,Mawar (2005),2005.0,2005-0464-JPN,nat-met-sto-tro,JPN,Asia,0.0,3.0,4.0,90.0,94.0,0.0,0.0,0.0,0.0,60.6603317527392,Category 4,125.0,143.8,916.0,2005-08-18,2005-09-01,14.0,Landfall,Category 2,35.25,139.75,85.0,2005-08-18,0,-0.013164108677480524,13.420000076293944,-0.05750092000583906,0.21893354987538097,0.27278195253792425,-0.05750092000583906,0.9737622894314528,0.02948103434497968
2005268N19146,Longwang (2005),2005.0,2005-0565-CHN,nat-met-sto-tro,CHN,Asia,0.0,95.0,0.0,2460000.0,2460000.0,0.0,0.0,150000.0,247279.0,60.6603317527392,Category 4,125.0,143.8,916.0,2005-09-25,2005-10-03,8.8,Landfall,Category 2,23.975,120.8,95.0,2005-09-26,1,-0.012267539789717952,13.039999961853027,-0.002608937612040285,0.2505517213694124,-0.27664857052861724,-0.007049816882427229,0.920686282036963,-0.00753739307150545
2005268N19146,Longwang (2005),2005.0,2005-0565-TWN,nat-met-sto-tro,TWN,Asia,0.0,2.0,46.0,0.0,46.0,50000.0,82426.0,100000.0,164852.0,60.6603317527392,Category 4,125.0,143.8,916.0,2005-09-25,2005-10-03,8.8,Landfall,Category 2,23.975,120.8,95.0,2005-09-26,1,-0.012267539789717952,13.039999961853027,-0.002608937612040285,0.2505517213694124,-0.27664857052861724,-0.007049816882427229,0.920686282036963,-0.00753739307150545
2005275N19274,Stan (2005),2005.0,2005-0567-HTI,nat-met-sto-tro,HTI,Americas,0.0,1.0,0.0,10000.0,10000.0,0.0,0.0,0.0,0.0,60.6603317527392,Category 1,70.0,80.6,977.0,2005-10-01,2005-10-05,3.8,Landfall,Tropical Storm,19.5456,-87.3758,36.0,2005-10-03,2,0.008389168487006993,12.460000038146973,0.00018639927217867225,0.21308321842428432,-0.43402493169398904,-0.01815849613425935,0.8266991095608877,-0.0617627259624592
2005300N10279,Beta (2005),2005.0,2005-0625-NIC,nat-met-sto-tro,NIC,Americas,37.0,4.0,0.0,0.0,5763.0,0.0,0.0,0.0,0.0,60.6603317527392,Category 3,100.0,115.1,962.0,2005-10-26,2005-10-31,4.2,Landfall,Category 2,12.9,-83.5,90.0,2005-10-26,0,-0.003422694467355769,14.59000015258789,0.013411780702276666,0.4069522102482577,-0.33190681316402315,-0.11298560290299198,1.5887465334376478,0.0038901189398221486
2006114N08090,Mala (2006),2006.0,2006-0241-MMR,nat-met-sto-tro,MMR,Asia,0.0,34.0,31.0,60075.0,60106.0,0.0,0.0,0.0,0.0,62.6171947810345,Category 4,120.0,138.1,922.0,2006-04-24,2006-04-29,5.5,Landfall,Category 1,17.9977,94.9498,77.0,2006-04-24,0,0.01748820471921353,11.75,0.035011023053356904,0.20877961488964783,1.1739830996595142,-0.015232832487232062,1.1350383086905873,-0.008326903620817637
2006188N10143,Bilis (2006),2006.0,2006-0362-CHN,nat-met-sto-tro,CHN,Asia,0.0,820.0,0.0,29622000.0,29622000.0,0.0,0.0,3325000.0,5310043.0,62.6171947810345,Tropical Storm,50.0,57.5,987.0,2006-07-07,2006-07-17,10.5,Landfall,Tropical Storm,26.4267,119.487,40.0,2006-07-07,0,-0.005185582454951154,13.970000267028809,0.0022988453937695663,0.31112646327923665,-0.3522337674302297,-0.016139800342623745,1.5581909651702592,0.05796082246271371
2006188N10143,Bilis (2006),2006.0,2006-0362-PHL,nat-met-sto-tro,PHL,Asia,0.0,37.0,0.0,51680.0,51680.0,0.0,0.0,3000.0,4791.0,62.6171947810345,Tropical Storm,50.0,57.5,987.0,2006-07-07,2006-07-17,10.5,Landfall,Tropical Storm,26.4267,119.487,40.0,2006-07-07,0,-0.005185582454951154,13.970000267028809,0.0022988453937695663,0.31112646327923665,-0.3522337674302297,-0.016139800342623745,1.5581909651702592,0.05796082246271371
2006237N13298,Ernesto (2006),2006.0,2006-0466-USA,nat-met-sto-tro,USA,Americas,0.0,6.0,0.0,140.0,140.0,0.0,0.0,32860.0,52478.0,62.6171947810345,Category 1,65.0,74.8,985.0,2006-08-24,2006-09-04,10.5,Landfall,Tropical Storm,19.9,-75.5,35.0,2006-08-24,0,-0.0029223242849570896,12.399999618530272,0.02067140272945789,0.16781724061166298,-0.6898775776141923,-0.01818535997458426,1.401318118116738,-0.047052078197080884
2006240N12265,John (2006),2006.0,2006-0483-MEX,nat-met-sto-tro,MEX,Americas,0.0,7.0,0.0,10000.0,10000.0,0.0,0.0,0.0,0.0,62.6171947810345,Category 4,115.0,132.3,948.0,2006-08-28,2006-09-04,7.5,Landfall,Category 2,23.4011,-109.518,92.0,2006-08-28,0,0.0023053779027311094,12.18000030517578,-0.008295763977193782,0.1684135187534463,0.42241985689453054,-0.024813079411667216,1.3985867932501967,-0.015736337623723496
2007091S14175,Cliff (2007),2007.0,2007-0151-FJI,nat-met-sto-tro,FJI,Oceania,0.0,1.0,0.0,0.0,0.0,0.0,0.0,0.0,0.0,64.4034636847652,Tropical Storm,55.0,63.3,982.0,2007-04-01,2007-04-06,5.8,At Sea / Open Water,At Sea / Open Water,0.0,0.0,0.0,2007-04-02,1,-0.007262173437610708,14.529999732971191,0.0037930914578752084,0.16233894910688523,-0.058746180104458645,-0.004090206269878105,1.0030568527686687,0.008670749332983233
2007151N14072,Gonu (2007),2007.0,2007-0164-OMN,nat-met-sto-tro,OMN,Asia,731.0,76.0,0.0,20000.0,20000.0,650000.0,1009262.0,3900000.0,6055575.0,64.4034636847652,Category 5,145.0,166.9,898.0,2007-05-31,2007-06-08,7.8,Landfall,Tropical Depression,25.7051,57.9702,20.0,2007-05-31,0,0.0057734590387847895,13.050000190734863,0.005890960992344985,0.18035177319541307,-0.32840742304521786,-0.0052436435729686925,1.1474713617348178,0.021919427604312453
2007223N19136,Sepat (2007),2007.0,2007-0380-PHL,nat-met-sto-tro,PHL,Asia,0.0,3.0,0.0,380000.0,380000.0,0.0,0.0,492.0,764.0,64.4034636847652,Category 5,140.0,161.1,918.0,2007-08-11,2007-08-24,13.2,Landfall,Category 3,23.55,121.025,100.0,2007-08-13,2,-0.006702753597439215,26.56999969482422,0.019549259141972586,0.3091933954622857,-0.6389820998316702,-0.08809701239505419,1.2501123379354433,-0.0015587358677312327
2007244N12303,Felix (2007),2007.0,2007-0439-HND,nat-met-sto-tro,HND,Americas,0.0,1.0,0.0,19500.0,19500.0,0.0,0.0,6579.0,10215.0,64.4034636847652,Category 5,150.0,172.6,929.0,2007-08-31,2007-09-06,6.2,Landfall,Category 5,14.3,-83.2,140.0,2007-08-31,0,-0.004988696038124574,23.3799991607666,0.008375916912696457,0.2983739848633483,-0.14818510345709812,0.0,1.2541358562506388,0.01987761845028934
2007269N22265,Lorenzo (2007),2007.0,2007-0464-MEX,nat-met-sto-tro,MEX,Americas,0.0,5.0,0.0,33000.0,33000.0,0.0,0.0,0.0,0.0,64.4034636847652,Category 1,70.0,80.6,990.0,2007-09-25,2007-09-28,3.0,Landfall,Category 1,20.5,-97.0,65.0,2007-09-25,0,-0.002307417073850182,18.600000381469727,-0.004468185235744215,0.23644764952014413,-0.06300319146083089,-0.018229986329729053,1.2066317252995806,-0.013581613343058067
2007297N18300,Noel (2007),2007.0,2007-0523-JAM,nat-met-sto-tro,JAM,Americas,0.0,1.0,0.0,0.0,0.0,0.0,0.0,0.0,0.0,64.4034636847652,Category 1,75.0,86.3,965.0,2007-10-24,2007-11-06,13.0,Landfall,Tropical Storm,19.7408,-73.2102,42.0,2007-10-24,0,-0.017957574510303997,20.799999237060547,-0.03109674774329929,0.2430713420422176,-0.002114519991042396,-0.03854041650548168,1.1740704629275653,-0.003128836089276079
2007314N10093,Sidr (2007),2007.0,2007-0556-BGD,nat-met-sto-tro,BGD,Asia,215214.0,4234.0,55282.0,8923259.0,8978541.0,0.0,0.0,2300000.0,3571236.0,64.4034636847652,Category 5,140.0,161.1,918.0,2007-11-10,2007-11-16,5.9,Landfall,Category 3,22.5429,90.3714,100.0,2007-11-12,2,-0.04231916599310148,31.09000015258789,-0.05834649279936388,0.3929093480158171,0.3326536691377915,-0.09282969237736649,1.4023341211208147,0.007882922572856423
2007345N18298,Olga (2007),2007.0,2007-0612-DOM,nat-met-sto-tro,DOM,Americas,0.0,33.0,0.0,61605.0,61605.0,0.0,0.0,45000.0,69872.0,64.4034636847652,Tropical Storm,50.0,57.5,1003.0,2007-12-10,2007-12-16,5.8,Landfall,Tropical Storm,18.4,-66.5,40.0,2007-12-10,0,0.02979407229136699,20.739999771118164,0.04338950011934628,0.38783341454592085,-0.41738205109840076,0.0,1.29728416700459,0.03549654698099448
2008245N17323,Ike (2008),2008.0,2008-0384-TCA,nat-met-sto-tro,TCA,Americas,0.0,0.0,0.0,750.0,750.0,0.0,0.0,500000.0,747653.0,66.8759741789087,Category 4,125.0,143.8,935.0,2008-09-01,2008-09-15,14.2,Landfall,Category 3,21.0,-73.2,110.0,2008-09-02,1,0.007636362239721528,21.989999771118164,-0.04209107685220659,0.3741724708995926,1.253356139300994,-0.07620771149891847,0.262151388061078,-0.0937030652370545
2008311N14278,Paloma (2008),2008.0,2008-0514-CUB,nat-met-sto-tro,CUB,Americas,0.0,0.0,0.0,49445.0,49445.0,0.0,0.0,0.0,0.0,66.8759741789087,Category 4,125.0,143.8,944.0,2008-11-05,2008-11-14,8.5,Landfall,Category 2,20.7,-78.0,90.0,2008-11-05,0,0.03341180527494125,54.560001373291016,0.05235803368873482,1.370319169487885,-0.3320173589506894,-0.04469987972105005,1.33742109533649,0.024736555862508725
2010236N12341,Earl (2010),2010.0,2010-0468-ATG,nat-met-sto-tro,ATG,Americas,0.0,0.0,0.0,5000.0,5000.0,0.0,0.0,12600.0,18603.0,67.7310945291778,Category 4,125.0,143.8,927.0,2010-08-24,2010-09-06,13.0,Landfall,Category 1,44.3,-64.5,65.0,2010-08-24,0,-0.03704686186332928,27.459999084472656,-0.052184777346047095,0.21124635264004207,-0.1819685415209742,-0.0871955784884686,1.2408268350558727,-0.0013043796504416164
2010256N17137,Fanapi (2010),2010.0,2010-0484-TWN,nat-met-sto-tro,TWN,Asia,0.0,2.0,100.0,0.0,100.0,0.0,0.0,63100.0,93163.0,67.7310945291778,Category 3,105.0,120.8,944.0,2010-09-13,2010-09-21,8.5,Landfall,Category 2,23.3179,121.103,90.0,2010-09-13,0,0.016502859778690482,21.209999084472656,0.014021933958154875,0.23156351697147093,-0.31067176967034293,0.0,1.133817445970712,-0.019465103222842298
2010267N14285,Matthew (2010),2010.0,2010-0503-HND,nat-met-sto-tro,HND,Americas,0.0,4.0,0.0,0.0,0.0,0.0,0.0,0.0,0.0,67.7310945291778,Tropical Storm,50.0,57.5,998.0,2010-09-23,2010-09-26,3.2,Landfall,Tropical Storm,14.7,-83.3,50.0,2010-09-23,0,0.0004624960932075872,23.8700008392334,-0.0011266340891088467,0.2096770898168169,-0.26257249922428816,-0.01349434763349866,1.104567000203927,0.02022642718645694
2010267N14285,Matthew (2010),2010.0,2010-0503-MEX,nat-met-sto-tro,MEX,Americas,0.0,3.0,0.0,1075.0,1075.0,0.0,0.0,0.0,0.0,67.7310945291778,Tropical Storm,50.0,57.5,998.0,2010-09-23,2010-09-26,3.2,Landfall,Tropical Storm,14.7,-83.3,50.0,2010-09-23,0,0.0004624960932075872,23.8700008392334,-0.0011266340891088467,0.2096770898168169,-0.26257249922428816,-0.01349434763349866,1.104567000203927,0.02022642718645694
2010267N14285,Matthew (2010),2010.0,2010-0503-SLV,nat-met-sto-tro,SLV,Americas,0.0,1.0,0.0,0.0,0.0,0.0,0.0,0.0,0.0,67.7310945291778,Tropical Storm,50.0,57.5,998.0,2010-09-23,2010-09-26,3.2,Landfall,Tropical Storm,14.7,-83.3,50.0,2010-09-23,0,0.0004624960932075872,23.8700008392334,-0.0011266340891088467,0.2096770898168169,-0.26257249922428816,-0.01349434763349866,1.104567000203927,0.02022642718645694
2010302N09306,Tomas (2010),2010.0,2010-0571-DOM,nat-met-sto-tro,DOM,Americas,0.0,0.0,0.0,12000.0,12000.0,0.0,0.0,0.0,0.0,67.7310945291778,Category 2,85.0,97.8,982.0,2010-10-29,2010-11-10,12.5,At Sea / Open Water,At Sea / Open Water,0.0,0.0,0.0,2010-10-29,0,0.001182889238901419,21.200000762939453,-0.0010114585485024863,0.1498176228631567,0.42696834786851245,-0.005706252892488162,1.156944438731265,0.010521423411423293
2011233N15301,Irene (2011),2011.0,2011-0328-BHS,nat-met-sto-tro,BHS,Americas,0.0,0.0,0.0,10000.0,10000.0,0.0,0.0,40000.0,57250.0,69.869263508865,Category 3,105.0,120.8,942.0,2011-08-21,2011-08-30,9.0,Landfall,Tropical Storm,18.1,-65.8,60.0,2011-08-22,1,-0.06541163654433513,42.439998626708984,-0.09375914316413103,0.5468967061230093,-0.16325834339795164,-0.20625084855341846,1.218747268314917,-0.013593565824399051
2011233N15301,Irene (2011),2011.0,2011-0328-CAN,nat-met-sto-tro,CAN,Americas,0.0,1.0,0.0,0.0,0.0,0.0,0.0,0.0,0.0,69.869263508865,Category 3,105.0,120.8,942.0,2011-08-21,2011-08-30,9.0,Landfall,Tropical Storm,18.1,-65.8,60.0,2011-08-22,1,-0.06541163654433513,42.439998626708984,-0.09375914316413103,0.5468967061230093,-0.16325834339795164,-0.20625084855341846,1.218747268314917,-0.013593565824399051
2011233N15301,Irene (2011),2011.0,2011-0328-DOM,nat-met-sto-tro,DOM,Americas,0.0,4.0,0.0,37000.0,37000.0,0.0,0.0,30000.0,42937.0,69.869263508865,Category 3,105.0,120.8,942.0,2011-08-21,2011-08-30,9.0,Landfall,Tropical Storm,18.1,-65.8,60.0,2011-08-22,1,-0.06541163654433513,42.439998626708984,-0.09375914316413103,0.5468967061230093,-0.16325834339795164,-0.20625084855341846,1.218747268314917,-0.013593565824399051
2011233N15301,Irene (2011),2011.0,2011-0328-HTI,nat-met-sto-tro,HTI,Americas,0.0,2.0,4.0,1000.0,1544.0,0.0,0.0,0.0,0.0,69.869263508865,Category 3,105.0,120.8,942.0,2011-08-21,2011-08-30,9.0,Landfall,Tropical Storm,18.1,-65.8,60.0,2011-08-22,1,-0.06541163654433513,42.439998626708984,-0.09375914316413103,0.5468967061230093,-0.16325834339795164,-0.20625084855341846,1.218747268314917,-0.013593565824399051
2011233N15301,Irene (2011),2011.0,2011-0328-PRI,nat-met-sto-tro,PRI,Americas,0.0,1.0,0.0,1500.0,2271.0,450000.0,644060.0,500000.0,715622.0,69.869263508865,Category 3,105.0,120.8,942.0,2011-08-21,2011-08-30,9.0,Landfall,Tropical Storm,18.1,-65.8,60.0,2011-08-22,1,-0.06541163654433513,42.439998626708984,-0.09375914316413103,0.5468967061230093,-0.16325834339795164,-0.20625084855341846,1.218747268314917,-0.013593565824399051
2011236N15143,Talas (2011),2011.0,2011-0454-JPN,nat-met-sto-tro,JPN,Asia,0.0,68.0,0.0,1300.0,1300.0,430000.0,615435.0,650000.0,930309.0,69.869263508865,Tropical Storm,55.0,63.3,982.0,2011-08-23,2011-09-07,14.5,Landfall,Tropical Storm,33.45,133.875,45.0,2011-08-23,0,-0.02633997825082257,36.27000045776367,-0.036873949024756936,0.582142720392419,0.19730374150114205,-0.15450102625802176,1.2274377937162648,-0.0160358949015912
2012331N03157,Bopha (2012),2012.0,2012-0500-PHL,nat-met-sto-tro,PHL,Asia,0.0,1901.0,2666.0,6243998.0,6246664.0,0.0,0.0,898352.0,1259694.0,71.3150877335761,Category 5,150.0,172.6,911.0,2012-11-25,2012-12-09,13.8,Landfall,Category 4,7.63461,126.575,132.0,2012-11-26,1,0.034318071058592414,15.5,0.028874250238905663,0.19141174547530668,-0.5627790685222347,-0.025291788163602336,1.1874227699907334,-0.006752473266797961
2012039S14075,Giovanna (2012),2012.0,2012-0043-MDG,nat-met-sto-tro,MDG,Africa,4262.0,35.0,284.0,250000.0,250284.0,0.0,0.0,100000.0,140223.0,71.3150877335761,Category 4,120.0,138.1,933.0,2012-02-07,2012-02-22,14.8,Landfall,Category 2,-19.0,48.7,95.0,2012-02-07,0,0.02642395249630569,17.649999618530273,0.0471068558062413,0.1472551249246702,0.19534224740990003,0.0,1.3148581309517102,-0.007549761975959362
2012215N12313,Ernesto (2012),2012.0,2012-0276-MEX,nat-met-sto-tro,MEX,Americas,0.0,12.0,0.0,0.0,0.0,15000.0,21033.0,300000.0,420668.0,71.3150877335761,Category 2,85.0,97.8,973.0,2012-08-01,2012-08-10,8.8,Landfall,Category 2,18.8,-87.7,85.0,2012-08-01,0,0.027097900257264218,18.959999084472656,0.04322578730691462,0.19673956307285287,0.6995210274224959,-0.006106189441878684,1.3128152640451833,-0.0025234592462546127
2012166N09269,Carlotta (2012),2012.0,2012-0401-MEX,nat-met-sto-tro,MEX,Americas,0.0,7.0,0.0,87000.0,87000.0,84000.0,117787.0,555000.0,778236.0,71.3150877335761,Category 2,95.0,109.3,973.0,2012-06-13,2012-06-17,3.5,Landfall,Category 2,15.8,-96.9,90.0,2012-06-13,0,0.0007574631120133013,24.270000457763672,-0.01163649274152434,0.23482008886623454,-0.4143379522709777,-0.03805482282263972,1.204893279134323,-0.0009781067426369722
2012209N25149,Damrey (2012),2012.0,2012-0283-CHN,nat-met-sto-tro,CHN,Asia,0.0,15.0,0.0,3790000.0,3790000.0,106000.0,148636.0,600000.0,841337.0,71.3150877335761,Category 1,80.0,92.1,963.0,2012-07-27,2012-08-04,7.8,Landfall,Tropical Storm,34.86,119.22,55.0,2012-07-27,0,0.016194288699670878,16.700000762939453,0.020788457363408286,0.22757230613607582,0.12411082813734953,0.0,1.3239006931038924,-0.003263353311870904
2012234N16315,Isaac (2012),2012.0,2012-0313-PRI,nat-met-sto-tro,PRI,Americas,0.0,0.0,0.0,0.0,0.0,0.0,0.0,0.0,0.0,71.3150877335761,Category 1,70.0,80.6,965.0,2012-08-20,2012-09-01,11.8,Landfall,Tropical Storm,18.3,-72.7,55.0,2012-08-20,0,0.010087175277911031,14.020000457763672,0.003051028222730068,0.18461736112334637,-0.3282905054892026,-0.003857004918509377,1.348918120464943,0.0018800861934243438
2012234N16315,Isaac (2012),2012.0,2012-0313-USA,nat-met-sto-tro,USA,Americas,0.0,1.0,0.0,60000.0,60000.0,0.0,0.0,2000000.0,2804456.0,71.3150877335761,Category 1,70.0,80.6,965.0,2012-08-20,2012-09-01,11.8,Landfall,Tropical Storm,18.3,-72.7,55.0,2012-08-20,0,0.010087175277911031,14.020000457763672,0.003051028222730068,0.18461736112334637,-0.3282905054892026,-0.003857004918509377,1.348918120464943,0.0018800861934243438
2012230N21126,Tembin (2012),2012.0,2012-0585-TWN,nat-met-sto-tro,TWN,Asia,0.0,8.0,0.0,0.0,0.0,0.0,0.0,8300.0,11638.0,71.3150877335761,Category 4,120.0,138.1,933.0,2012-08-17,2012-09-01,14.8,Landfall,Category 3,22.2716,120.937,107.0,2012-08-17,0,0.00951439590727099,13.449999809265137,0.0027633382945508878,0.1887320351105654,0.06969201537713765,-0.0004136676053628774,1.3477559561780441,-0.001778362736214227
2013046S20042,Haruna (2013),2013.0,2013-0032-MDG,nat-met-sto-tro,MDG,Africa,0.0,42.0,127.0,40154.0,40281.0,0.0,0.0,25000.0,34550.0,72.3597374789251,Category 3,105.0,120.8,944.0,2013-02-14,2013-02-28,14.2,Landfall,Tropical Depression,-17.25,37.9,25.0,2013-02-14,0,0.008810406158692885,12.65999984741211,0.019396314937478953,0.10814231073084217,-0.38724656144968106,0.0,1.1337755302321715,-0.014536483787004988
2013282N14149,Wipha (2013),2013.0,2013-0396-JPN,nat-met-sto-tro,JPN,Asia,0.0,39.0,107.0,19182.0,19289.0,0.0,0.0,200000.0,276397.0,72.3597374789251,Category 4,120.0,138.1,933.0,2013-10-09,2013-10-18,9.5,At Sea / Open Water,At Sea / Open Water,0.0,0.0,0.0,2013-10-09,0,-0.02116039267155767,19.600000381469727,-0.021044633358076603,0.10025998431362317,0.6994244380493118,-0.03609826740942046,0.9640592280395442,0.010581388718278975
2013269N15118,Wutip (2013),2013.0,2013-0419-CHN,nat-met-sto-tro,CHN,Asia,0.0,74.0,0.0,0.0,0.0,0.0,0.0,0.0,0.0,72.3597374789251,Category 3,100.0,115.1,948.0,2013-09-25,2013-10-01,5.2,Landfall,Category 1,17.8267,105.833,75.0,2013-09-25,0,-0.018411457591685942,14.010000228881836,-0.014670338302079311,0.10906631501473066,0.0033253858702471106,-0.014670338302079311,0.941290192954147,-0.0014965568639582088
2013272N10135,Fitow (2013),2013.0,2013-0429-CHN,nat-met-sto-tro,CHN,Asia,0.0,8.0,0.0,475000.0,475000.0,0.0,0.0,6700000.0,9259293.0,72.3597374789251,Category 2,90.0,103.6,956.0,2013-09-29,2013-10-07,8.0,Landfall,Tropical Storm,27.1133,120.287,55.0,2013-09-30,1,-0.011298771458907009,16.600000381469727,-0.008608874764258312,0.09130462650134909,0.2245396180796,-0.023853736490939803,0.9366491304584404,0.00492189873439266
2014164N19116,Hagibis (2014),2014.0,2014-0213-CHN,nat-met-sto-tro,CHN,Asia,0.0,0.0,0.0,5000.0,5000.0,0.0,0.0,131000.0,178150.0,73.5335770092672,Tropical Storm,50.0,57.5,985.0,2014-06-13,2014-06-23,10.0,Landfall,Tropical Storm,23.3,116.55,40.0,2014-06-13,0,-0.00639797813717824,12.18000030517578,0.01663084323446795,0.06734993944353079,0.796420664206642,0.0,0.714091434421547,0.02015268943938035
2014212N11242,Iselle (2014),2014.0,2014-0310-USA,nat-met-sto-tro,USA,Americas,0.0,1.0,0.0,834.0,834.0,0.0,0.0,66000.0,89755.0,73.5335770092672,Category 4,120.0,138.1,947.0,2014-07-30,2014-08-10,11.0,Landfall,Tropical Storm,19.2,-155.3,50.0,2014-07-30,0,-0.008357134764294005,13.329999923706056,-0.017215413838695848,0.11822061033724447,0.6087118725004477,-0.018095002249667758,0.922095826150817,-0.008910979571777031
2014209N16134,Nakri (2014),2014.0,2014-0314-JPN,nat-met-sto-tro,JPN,Asia,0.0,0.0,0.0,4401.0,4401.0,0.0,0.0,0.0,0.0,73.5335770092672,Tropical Storm,40.0,46.0,992.0,2014-07-27,2014-08-04,7.5,Landfall,Tropical Depression,35.85,126.75,0.0,2014-07-28,1,0.00233151880553617,12.5600004196167,0.004640217787265755,0.11640732412180733,-0.20412485234177957,-0.009743328601473866,0.9200628873447912,-0.003298616695818362
2014245N19268,Dolly (2014),2014.0,2014-0385-MEX,nat-met-sto-tro,MEX,Americas,0.0,1.0,0.0,1500.0,1500.0,0.0,0.0,500.0,680.0,73.5335770092672,Tropical Storm,45.0,51.8,1000.0,2014-09-01,2014-09-04,2.5,Landfall,Tropical Storm,22.0,-97.7,40.0,2014-09-02,1,0.002048302045785322,12.25,-0.0038825622562467244,0.1349914650605424,0.9735784425667962,-0.012659187010176987,1.181671823164345,-0.016403297596911413
2014279N11096,Hudhud (2014),2014.0,2014-0392-IND,nat-met-sto-tro,IND,Asia,0.0,53.0,0.0,920000.0,920000.0,530000.0,720759.0,7000000.0,9519461.0,73.5335770092672,Category 4,115.0,132.3,937.0,2014-10-06,2014-10-14,8.1,Landfall,Category 3,17.7887,83.0748,110.0,2014-10-06,0,-0.006327685613302325,15.460000038146973,-0.03813865867048638,0.13952879004538457,0.3020453854267098,-0.06958682016827378,1.1436172053285132,-0.030964778299534916
2015013S18038,Chedza (2015),2015.0,2015-0016-MDG,nat-met-sto-tro,MDG,Africa,0.0,89.0,37.0,0.0,174007.0,0.0,0.0,36000.0,48899.0,73.6208029365864,Tropical Storm,50.0,57.5,985.0,2015-01-13,2015-01-22,9.2,Landfall,Tropical Depression,-17.5,37.6,0.0,2015-01-13,0,0.011310281657380683,20.559999465942383,-0.020633669492374995,0.30729239970176087,-0.18686330790942918,-0.08857795352886166,1.513829692676448,0.03709220424719491
2015045S12145,Lam (2015),2015.0,2015-0053-AUS,nat-met-sto-tro,AUS,Oceania,0.0,0.0,0.0,390.0,438.0,0.0,0.0,78000.0,105948.0,73.6208029365864,Category 3,100.0,115.1,948.0,2015-02-14,2015-02-20,6.8,Landfall,Tropical Depression,-12.8454,143.189,0.0,2015-02-17,3,0.02677967074820553,15.800000190734863,0.029912496557951362,0.25088833999958976,0.09513556855641014,0.0,1.38617997155776,-0.03381876875363246
2015047S15152,Marcia (2015),2015.0,2015-0079-AUS,nat-met-sto-tro,AUS,Oceania,0.0,1.0,0.0,0.0,6000.0,396000.0,537891.0,546000.0,741638.0,73.6208029365864,Category 4,125.0,143.8,929.0,2015-02-16,2015-02-22,6.2,Landfall,Category 4,-22.775,150.475,115.0,2015-02-17,1,0.02677967074820553,15.800000190734863,0.029912496557951362,0.25088833999958976,0.09513556855641014,0.0,1.38617997155776,-0.03381876875363246
2015066S08170,Pam (2015),2015.0,2015-0093-TUV,nat-met-sto-tro,TUV,Oceania,0.0,0.0,0.0,4613.0,4613.0,0.0,0.0,0.0,0.0,73.6208029365864,Category 5,150.0,172.6,911.0,2015-03-07,2015-03-20,12.8,At Sea / Open Water,At Sea / Open Water,0.0,0.0,0.0,2015-03-09,2,-0.017123544913469013,15.0600004196167,-0.028546061049934512,0.1481109402412222,-0.029891259003810067,-0.07364186245366966,1.2746816044422644,-0.009085230079621864
2015171N15112,Kujira (2015),2015.0,2015-0252-CHN,nat-met-sto-tro,CHN,Asia,0.0,0.0,0.0,193000.0,193000.0,0.0,0.0,11000.0,14941.0,73.6208029365864,Tropical Storm,50.0,57.5,985.0,2015-06-19,2015-06-25,5.2,Landfall,Tropical Storm,18.9,110.35,40.0,2015-06-19,0,0.008692006186345358,13.960000038146973,-0.006961595091058315,0.11361154302520769,0.6407158836689038,-0.04720322617987882,0.8719218421854096,0.006334019850904171
2015249N18142,Etau (2015),2015.0,2015-0456-JPN,nat-met-sto-tro,JPN,Asia,0.0,8.0,46.0,60000.0,60046.0,250000.0,339578.0,0.0,0.0,73.6208029365864,Tropical Storm,60.0,69.0,978.0,2015-09-05,2015-09-11,6.0,Landfall,Tropical Storm,35.8501,136.762,40.0,2015-09-08,3,-0.0012140030324151452,24.899999618530273,-0.024687765480617796,0.400688894964159,-0.5682208131294293,-0.08177437090606943,1.0923376974887402,-0.025300704777414536
2015309N14067,Megh (2015),2015.0,2015-0494-SOM,nat-met-sto-tro,SOM,Africa,0.0,0.0,0.0,0.0,0.0,0.0,0.0,0.0,0.0,73.6208029365864,Category 3,110.0,126.6,941.0,2015-11-04,2015-11-10,6.0,Landfall,Tropical Depression,13.4541,46.5591,22.0,2015-11-04,0,0.00674806553944185,15.510000228881836,0.0521931260200621,0.24328890567246234,-0.10314073849112948,-0.008963767389485566,1.226708773940488,-0.026694588116605952
2015293N13266,Patricia (2015),2015.0,2015-0470-MEX,nat-met-sto-tro,MEX,Americas,0.0,14.0,0.0,15000.0,15000.0,343000.0,465901.0,823000.0,1117891.0,73.6208029365864,Category 5,185.0,212.9,872.0,2015-10-20,2015-10-24,4.2,Landfall,Category 4,19.4,-105.0,130.0,2015-10-20,0,0.014282512546046178,15.75,0.010543496631649774,0.29901191019065637,-0.3398295405465068,-0.019311163011236365,1.232232947935965,-0.05438417298474754
2015273N12130,Mujigae (2015),2015.0,2015-0490-CHN,nat-met-sto-tro,CHN,Asia,0.0,20.0,0.0,52500.0,78300.0,0.0,0.0,4200000.0,5704909.0,73.6208029365864,Category 4,115.0,132.3,937.0,2015-09-30,2015-10-05,5.2,Landfall,Tropical Depression,15.7,121.325,30.0,2015-09-30,0,-0.010175445988072851,24.5,-0.01258474563857126,0.26239293782480594,0.15326749948157636,-0.05616294536147648,1.1693188908766357,0.06510880264449695
2015256N16113,Vamco (2015),2015.0,2015-0620-THA,nat-met-sto-tro,THA,Asia,0.0,3.0,0.0,1440.0,1440.0,0.0,0.0,561.0,762.0,73.6208029365864,Tropical Storm,35.0,40.3,996.0,2015-09-13,2015-09-15,2.2,Landfall,Tropical Depression,15.6351,108.219,32.0,2015-09-14,1,0.017757849067738363,24.25,-0.015206530473604207,0.3960515639837515,-0.2519089917406888,-0.0959850331946076,1.1019939447653193,0.009367015713834699
2016215N16283,Earl (2016),2016.0,2016-0284-HND,nat-met-sto-tro,HND,Americas,0.0,1.0,0.0,151.0,151.0,0.0,0.0,0.0,0.0,74.5496029864344,Category 1,75.0,86.3,979.0,2016-08-02,2016-08-06,4.2,Landfall,Category 1,17.4,-88.3,75.0,2016-08-02,0,-0.005536141324290478,13.369999885559082,-0.023756594696798028,0.1973347932307152,1.0655403061183324,-0.054229182728105396,1.1201688034492419,0.021617842149218747
2016215N16283,Earl (2016),2016.0,2016-0284-BLZ,nat-met-sto-tro,BLZ,Americas,0.0,0.0,0.0,10355.0,10355.0,0.0,0.0,0.0,0.0,74.5496029864344,Category 1,75.0,86.3,979.0,2016-08-02,2016-08-06,4.2,Landfall,Category 1,17.4,-88.3,75.0,2016-08-02,0,-0.005536141324290478,13.369999885559082,-0.023756594696798028,0.1973347932307152,1.0655403061183324,-0.054229182728105396,1.1201688034492419,0.021617842149218747
2016215N16283,Earl (2016),2016.0,2016-0284-MEX,nat-met-sto-tro,MEX,Americas,0.0,54.0,0.0,11000.0,11000.0,0.0,0.0,0.0,0.0,74.5496029864344,Category 1,75.0,86.3,979.0,2016-08-02,2016-08-06,4.2,Landfall,Category 1,17.4,-88.3,75.0,2016-08-02,0,-0.005536141324290478,13.369999885559082,-0.023756594696798028,0.1973347932307152,1.0655403061183324,-0.054229182728105396,1.1201688034492419,0.021617842149218747
2016242N24279,Hermine (2016),2016.0,2016-0322-USA,nat-met-sto-tro,USA,Americas,0.0,3.0,0.0,13500.0,14070.0,270000.0,362175.0,600000.0,804833.0,74.5496029864344,Category 1,70.0,80.6,981.0,2016-08-28,2016-09-08,11.0,Landfall,Category 1,30.1,-84.1,70.0,2016-08-29,1,-0.0007778309410803042,12.9399995803833,0.0035918992343058065,0.149852169332985,-0.4769642137132428,-0.01619690917444727,1.2209707183881138,0.0001189879735721878
2016266N11144,Megi (2016),2016.0,2016-0350-CHN,nat-met-sto-tro,CHN,Asia,0.0,35.0,0.0,36000.0,36000.0,0.0,0.0,830000.0,1113353.0,74.5496029864344,Category 4,120.0,138.1,933.0,2016-09-22,2016-09-29,7.8,Landfall,Category 2,23.8963,121.035,90.0,2016-09-22,0,0.013921332427239363,12.020000457763672,0.008103271893775021,0.22504252044957185,-0.19186886280602522,-0.040028809092654716,1.334231122661397,0.03155079474005689
2016273N13300,Matthew (2016),2016.0,2016-0355-BHS,nat-met-sto-tro,BHS,Americas,0.0,0.0,0.0,0.0,0.0,0.0,0.0,600000.0,804833.0,74.5496029864344,Category 5,145.0,166.9,934.0,2016-09-28,2016-10-10,11.5,Landfall,Category 4,18.3,-74.3,130.0,2016-09-28,0,0.003799357645445367,12.390000343322754,0.019132431565889396,0.2784884881299045,1.0306797822406706,-0.022803770975046378,1.3973646259138315,0.022708296056956158
2016273N13300,Matthew (2016),2016.0,2016-0355-HTI,nat-met-sto-tro,HTI,Americas,0.0,546.0,439.0,2100000.0,2100439.0,0.0,0.0,2000000.0,2682778.0,74.5496029864344,Category 5,145.0,166.9,934.0,2016-09-28,2016-10-10,11.5,Landfall,Category 4,18.3,-74.3,130.0,2016-09-28,0,0.003799357645445367,12.390000343322754,0.019132431565889396,0.2784884881299045,1.0306797822406706,-0.022803770975046378,1.3973646259138315,0.022708296056956158
2016273N13300,Matthew (2016),2016.0,2016-0355-LCA,nat-met-sto-tro,LCA,Americas,0.0,0.0,0.0,25000.0,25000.0,0.0,0.0,0.0,0.0,74.5496029864344,Category 5,145.0,166.9,934.0,2016-09-28,2016-10-10,11.5,Landfall,Category 4,18.3,-74.3,130.0,2016-09-28,0,0.003799357645445367,12.390000343322754,0.019132431565889396,0.2784884881299045,1.0306797822406706,-0.022803770975046378,1.3973646259138315,0.022708296056956158
2016230N15138,Mindulle (2016),2016.0,2016-0382-JPN,nat-met-sto-tro,JPN,Asia,0.0,2.0,70.0,3633.0,3703.0,0.0,0.0,100000.0,134139.0,74.5496029864344,Category 1,65.0,74.8,974.0,2016-08-16,2016-08-23,6.5,Landfall,Tropical Storm,35.85,140.025,60.0,2016-08-16,0,-0.0010081467849896164,12.640000343322754,0.01895083916059792,0.1994470170979279,-0.07958017325042233,0.0,1.1795490072012276,0.005059351061904943
2016323N13279,Otto (2016),2016.0,2016-0433-CRI,nat-met-sto-tro,CRI,Americas,0.0,9.0,0.0,50000.0,50000.0,0.0,0.0,0.0,0.0,74.5496029864344,Category 3,100.0,115.1,975.0,2016-11-17,2016-11-26,8.8,Landfall,Category 3,11.0,-83.8,100.0,2016-11-17,0,0.009543159820688984,13.350000381469728,0.001272046520282455,0.1778850987083508,-0.49900168647139787,-0.01364535810803258,1.2904870350817137,0.011630423968945626
2016341N08092,Vardah (2016),2016.0,2016-0485-IND,nat-met-sto-tro,IND,Asia,0.0,24.0,0.0,0.0,0.0,200000.0,268278.0,1000000.0,1341389.0,74.5496029864344,Category 2,85.0,97.8,959.0,2016-12-06,2016-12-19,12.8,Landfall,Category 1,13.1,79.85,65.0,2016-12-06,0,0.0035760308550556452,11.789999961853027,0.06381512800600686,0.2524079454544791,-0.07614763338906527,-0.0018546113760554706,1.277601885711554,-0.00200977482496751
2017232N19130,Hato (2017),2017.0,2017-0352-VNM,nat-met-sto-tro,VNM,Asia,0.0,1.0,1.0,0.0,1.0,0.0,0.0,1430000.0,1878178.0,76.1376037057766,Category 3,100.0,115.1,948.0,2017-08-19,2017-08-25,5.5,Landfall,Category 2,22.175,112.85,85.0,2017-08-21,2,-0.014764198245264426,13.1899995803833,-0.027451146810287153,0.11335605888751968,-0.09042930909027147,-0.06934873702281186,0.5167261304870209,0.008060215204003195
2017043S19040,Dineo (2017),2017.0,2017-0051-MOZ,nat-met-sto-tro,MOZ,Africa,0.0,7.0,102.0,750000.0,750102.0,0.0,0.0,17000.0,22328.0,76.1376037057766,Category 2,85.0,97.8,959.0,2017-02-11,2017-02-17,5.8,Landfall,Category 1,-23.4,35.25,75.0,2017-02-13,2,0.0167736416723272,11.06999969482422,0.00879340751153479,0.13684955389439726,-0.24110172310558176,-0.021196975293946596,1.0534761274113456,-0.029911341867777958
2017147N14087,Mora (2017),2017.0,2017-0152-BGD,nat-met-sto-tro,BGD,Asia,0.0,7.0,12.0,3300000.0,3300012.0,0.0,0.0,0.0,0.0,76.1376037057766,Category 1,80.0,92.1,963.0,2017-05-27,2017-05-30,3.5,Landfall,Category 1,21.8988,91.9716,67.0,2017-05-30,3,0.008266338907300108,10.380000114440918,-0.03253370450228765,0.15354717071900315,0.40524411946765704,-0.03749266103540827,0.9878830322843283,-0.003038904528556037
2017195N16114,Talas (2017),2017.0,2017-0281-VNM,nat-met-sto-tro,VNM,Asia,0.0,9.0,0.0,21000.0,21000.0,0.0,0.0,71000.0,93252.0,76.1376037057766,Tropical Storm,50.0,57.5,985.0,2017-07-14,2017-07-17,3.8,Landfall,Tropical Storm,18.6,105.675,45.0,2017-07-14,0,0.014249740905891262,9.510000228881836,0.021715710823362988,0.15667177621988126,-0.35943803899804827,-0.013574560686162251,0.4947620144693221,-0.007094028690893316
2017242N16333,Irma (2017),2017.0,2017-0381-BLM,nat-met-sto-tro,BLM,Americas,0.0,4.0,0.0,0.0,0.0,1048800.0,1377506.0,0.0,0.0,76.1376037057766,Category 5,155.0,178.4,914.0,2017-08-30,2017-09-13,14.5,Landfall,Category 3,25.9,-81.7,100.0,2017-08-30,0,0.00592896952370392,11.220000267028809,-0.00015944625421693281,0.09880836046201097,-0.24827346867950717,-0.04524663703860132,0.5500266276400722,0.03669233127287469
2017242N16333,Irma (2017),2017.0,2017-0381-BRB,nat-met-sto-tro,BRB,Americas,0.0,1.0,0.0,0.0,0.0,0.0,0.0,0.0,0.0,76.1376037057766,Category 5,155.0,178.4,914.0,2017-08-30,2017-09-13,14.5,Landfall,Category 3,25.9,-81.7,100.0,2017-08-30,0,0.00592896952370392,11.220000267028809,-0.00015944625421693281,0.09880836046201097,-0.24827346867950717,-0.04524663703860132,0.5500266276400722,0.03669233127287469
2017242N16333,Irma (2017),2017.0,2017-0381-HTI,nat-met-sto-tro,HTI,Americas,0.0,1.0,17.0,40075.0,40092.0,162.0,213.0,0.0,0.0,76.1376037057766,Category 5,155.0,178.4,914.0,2017-08-30,2017-09-13,14.5,Landfall,Category 3,25.9,-81.7,100.0,2017-08-30,0,0.00592896952370392,11.220000267028809,-0.00015944625421693281,0.09880836046201097,-0.24827346867950717,-0.04524663703860132,0.5500266276400722,0.03669233127287469
2017242N16333,Irma (2017),2017.0,2017-0381-PRI,nat-met-sto-tro,PRI,Americas,0.0,2.0,0.0,0.0,0.0,0.0,0.0,0.0,0.0,76.1376037057766,Category 5,155.0,178.4,914.0,2017-08-30,2017-09-13,14.5,Landfall,Category 3,25.9,-81.7,100.0,2017-08-30,0,0.00592896952370392,11.220000267028809,-0.00015944625421693281,0.09880836046201097,-0.24827346867950717,-0.04524663703860132,0.5500266276400722,0.03669233127287469
2017242N16333,Irma (2017),2017.0,2017-0381-TCA,nat-met-sto-tro,TCA,Americas,0.0,0.0,0.0,0.0,0.0,14900.0,19570.0,500000.0,656706.0,76.1376037057766,Category 5,155.0,178.4,914.0,2017-08-30,2017-09-13,14.5,Landfall,Category 3,25.9,-81.7,100.0,2017-08-30,0,0.00592896952370392,11.220000267028809,-0.00015944625421693281,0.09880836046201097,-0.24827346867950717,-0.04524663703860132,0.5500266276400722,0.03669233127287469
2017242N16333,Irma (2017),2017.0,2017-0381-VGB,nat-met-sto-tro,VGB,Americas,0.0,9.0,0.0,0.0,0.0,0.0,0.0,3000000.0,3940234.0,76.1376037057766,Category 5,155.0,178.4,914.0,2017-08-30,2017-09-13,14.5,Landfall,Category 3,25.9,-81.7,100.0,2017-08-30,0,0.00592896952370392,11.220000267028809,-0.00015944625421693281,0.09880836046201097,-0.24827346867950717,-0.04524663703860132,0.5500266276400722,0.03669233127287469
2017260N12310,Maria (2017),2017.0,2017-0383-DMA,nat-met-sto-tro,DMA,Americas,0.0,64.0,100.0,71293.0,71393.0,19300.0,25349.0,1456000.0,1912327.0,76.1376037057766,Category 5,150.0,172.6,908.0,2017-09-16,2017-10-02,16.0,Landfall,Category 4,18.0,-65.9,135.0,2017-09-18,2,0.007019417295161201,10.149999618530272,0.030468520273140065,0.09807714314007401,-0.07140379747769554,0.0,0.6074050568658717,0.032925650100602326
2017260N12310,Maria (2017),2017.0,2017-0383-HTI,nat-met-sto-tro,HTI,Americas,0.0,3.0,0.0,0.0,0.0,0.0,0.0,0.0,0.0,76.1376037057766,Category 5,150.0,172.6,908.0,2017-09-16,2017-10-02,16.0,Landfall,Category 4,18.0,-65.9,135.0,2017-09-18,2,0.007019417295161201,10.149999618530272,0.030468520273140065,0.09807714314007401,-0.07140379747769554,0.0,0.6074050568658717,0.032925650100602326
2017253N14130,Doksuri (2017),2017.0,2017-0406-VNM,nat-met-sto-tro,VNM,Asia,0.0,14.0,112.0,691900.0,692012.0,0.0,0.0,484000.0,635691.0,76.1376037057766,Category 2,95.0,109.3,960.0,2017-09-10,2017-09-16,6.2,Landfall,Tropical Depression,14.4994,121.278,30.0,2017-09-11,1,0.005527694612103895,10.729999542236328,0.022491155250097483,0.11933593640875402,0.16865163209865885,-0.0012293713615210144,0.586909368380754,0.026348758502036065
2018089S18172,Josie (2018),2018.0,2018-0101-FJI,nat-met-sto-tro,FJI,Oceania,0.0,7.0,0.0,89950.0,89950.0,0.0,0.0,10000.0,12821.0,77.9972651879547,Tropical Storm,50.0,57.5,994.0,2018-03-30,2018-04-04,5.2,At Sea / Open Water,At Sea / Open Water,0.0,0.0,0.0,2018-04-02,3,-0.0022473880487124953,23.6200008392334,-0.010633504205602717,0.22475429141005246,-0.011512259098692135,-0.03674556156206843,0.9115341767994978,0.011874586048518057
2017304N11127,Damrey (2017),2017.0,2017-0422-VNM,nat-met-sto-tro,VNM,Asia,0.0,123.0,0.0,4330000.0,4330000.0,0.0,0.0,1000000.0,1313411.0,76.1376037057766,Category 2,90.0,103.6,967.0,2017-10-31,2017-11-05,5.0,Landfall,Tropical Depression,11.25,124.35,0.0,2017-10-31,0,0.0022995460556769487,10.18000030517578,0.0053292852772868216,0.06371200723806107,-0.017433453493818862,-0.010779499856151231,0.5380119270516245,0.02995219547994007
2017288N09138,Lan (2017),2017.0,2017-0432-JPN,nat-met-sto-tro,JPN,Asia,0.0,8.0,210.0,18600.0,18810.0,0.0,0.0,1000000.0,1313411.0,76.1376037057766,Category 4,135.0,155.4,922.0,2017-10-15,2017-10-23,8.8,Landfall,Category 1,34.6857,138.207,70.0,2017-10-16,1,0.005276634642993994,9.90999984741211,0.0011735819029949912,0.07153564504347101,0.33011224649121296,-0.00524381168823862,0.5777500513413087,-0.014596033866815954
2017252N14147,Talim (2017),2017.0,2017-0468-JPN,nat-met-sto-tro,JPN,Asia,0.0,2.0,56.0,21600.0,21656.0,330000.0,433426.0,500000.0,656706.0,76.1376037057766,Category 4,120.0,138.1,933.0,2017-09-08,2017-09-22,14.2,Landfall,Tropical Storm,31.4564,130.855,55.0,2017-09-08,0,-0.0036767918960330936,12.119999885559082,0.02270966092622828,0.11751573921286247,-0.006677182422559214,-0.010600794711813966,0.5707163609092413,0.026920299756765555
2017333N06082,Ockhi (2017),2017.0,2017-0508-LKA,nat-met-sto-tro,LKA,Asia,0.0,27.0,77.0,160000.0,160077.0,0.0,0.0,346000.0,454440.0,76.1376037057766,Category 3,100.0,115.1,948.0,2017-11-28,2017-12-05,7.0,Landfall,Tropical Depression,6.1,80.6667,30.0,2017-11-28,0,0.017692829303877833,10.029999732971191,0.00654079279772235,0.13630878330215282,0.5559194892939257,-0.03615660130382237,0.5169289459966148,0.023591919814010293
2018038S15172,Gita (2018),2018.0,2018-0042-WSM,nat-met-sto-tro,WSM,Oceania,0.0,0.0,0.0,0.0,0.0,0.0,0.0,0.0,0.0,77.9972651879547,Category 4,125.0,143.8,929.0,2018-02-07,2018-02-22,15.5,Landfall,Tropical Depression,-42.0131,172.712,0.0,2018-02-07,0,-0.05047886336747187,27.729999542236328,-0.08082821067346158,0.27265643301482345,0.5645933622887958,-0.11828807580707934,1.1347799954438635,-0.013081548550381456
2018073S12057,Eliakim (2018),2018.0,2018-0086-MDG,nat-met-sto-tro,MDG,Africa,0.0,21.0,0.0,50872.0,50872.0,0.0,0.0,0.0,0.0,77.9972651879547,Category 1,65.0,74.8,982.0,2018-03-13,2018-03-22,9.2,Landfall,Tropical Storm,-15.8,50.2,60.0,2018-03-13,0,0.014072004996698695,16.350000381469727,0.003545336283192757,0.18148440331180832,-0.3155397087620153,-0.018350004141373,0.9942929064156164,0.007498563558415768
2023039S15153,Gabrielle (2023),2023.0,2023-0079-NZL,nat-met-sto-tro,NZL,Oceania,0.0,11.0,0.0,10500.0,10500.0,1900000.0,2007510.0,2800000.0,2958435.0,94.6446220103845,Category 2,89.0,102.4,958.0,2023-02-08,2023-02-12,4.2,At Sea / Open Water,At Sea / Open Water,0.0,0.0,0.0,2023-02-08,0,-0.0003652317123680193,19.6299991607666,-0.006805636400467718,0.25906781904890874,-0.4258290892367439,-0.05960668559821014,0.8374114277061714,0.0037161675289698794
2018186N10325,Beryl (2018),2018.0,2018-0280-DOM,nat-met-sto-tro,DOM,Americas,0.0,0.0,0.0,0.0,8000.0,0.0,0.0,0.0,0.0,77.9972651879547,Category 1,70.0,80.6,991.0,2018-07-04,2018-07-17,12.8,Landfall,Tropical Depression,18.6696,-71.1097,30.0,2018-07-05,1,0.013959614808509047,14.970000267028809,-0.004763345478265624,0.18934408611304893,-0.5156651557770879,-0.020465102527198464,0.7402898595907417,-0.008326145860536403
2018186N10325,Beryl (2018),2018.0,2018-0280-PRI,nat-met-sto-tro,PRI,Americas,0.0,0.0,0.0,0.0,0.0,0.0,0.0,0.0,0.0,77.9972651879547,Category 1,70.0,80.6,991.0,2018-07-04,2018-07-17,12.8,Landfall,Tropical Depression,18.6696,-71.1097,30.0,2018-07-05,1,0.013959614808509047,14.970000267028809,-0.004763345478265624,0.18934408611304893,-0.5156651557770879,-0.020465102527198464,0.7402898595907417,-0.008326145860536403
2018184N10147,Maria (2018),2018.0,2018-0285-CHN,nat-met-sto-tro,CHN,Asia,0.0,0.0,0.0,45000.0,45000.0,0.0,0.0,490000.0,628227.0,77.9972651879547,Category 5,145.0,166.9,910.0,2018-07-03,2018-07-13,10.0,Landfall,Category 2,26.3821,119.097,85.0,2018-07-03,0,-0.0025770723118381245,16.139999389648438,0.009655091931511262,0.190060506203594,-0.3117069419385371,-0.0194232345705867,0.8891575371102286,-0.01371776530484925
2018221N17112,Bebinca (2018),2018.0,2018-0305-LAO,nat-met-sto-tro,LAO,Asia,0.0,0.0,0.0,615145.0,615145.0,0.0,0.0,225000.0,288472.0,77.9972651879547,Tropical Storm,60.0,69.0,979.0,2018-08-09,2018-08-17,8.8,Landfall,Tropical Depression,21.6512,112.222,20.0,2018-08-09,0,0.009490562807761949,11.270000457763672,-0.010577789422324901,0.12042295896771753,0.5720300938109539,-0.03145235594988316,0.9330826272189228,-0.0287670027347439
2018218N18134,Yagi (2018),2018.0,2018-0347-CHN,nat-met-sto-tro,CHN,Asia,0.0,3.0,0.0,2400.0,2400.0,0.0,0.0,367000.0,470529.0,77.9972651879547,Tropical Storm,45.0,51.8,983.0,2018-08-06,2018-08-16,10.0,Landfall,Tropical Storm,28.3089,121.503,40.0,2018-08-06,0,0.016752979295495907,11.270000457763672,-0.02252163698831877,0.1364230441153657,-0.280377358490566,-0.023911287843645712,0.8754345653094571,-0.00794516788428534
2018226N23128,Rumbia (2018),2018.0,2018-0348-CHN,nat-met-sto-tro,CHN,Asia,0.0,53.0,0.0,39600.0,39600.0,0.0,0.0,5400000.0,6923320.0,77.9972651879547,Tropical Storm,50.0,57.5,978.0,2018-08-14,2018-08-20,6.8,Landfall,Tropical Storm,30.904,121.228,47.0,2018-08-14,0,-0.005883092382582444,13.3100004196167,-0.020636570016918876,0.12236491538259492,-0.11530474729410167,-0.03559456855799814,0.8954587467538443,-0.021653700868774734
2018263N12146,Trami (2018),2018.0,2018-0353-JPN,nat-met-sto-tro,JPN,Asia,0.0,4.0,200.0,18000.0,18200.0,0.0,0.0,4500000.0,5769433.0,77.9972651879547,Category 5,140.0,161.1,914.0,2018-09-20,2018-10-03,13.5,Landfall,Category 1,33.8252,135.444,70.0,2018-09-20,0,0.009455552550481805,11.800000190734863,0.016921808926622983,0.10272620257032336,0.13363654483845844,-0.001462469077454731,0.7394207279063812,0.02196567158623901
2018265N35315,Leslie (2018),2018.0,2018-0376-PRT,nat-met-sto-tro,PRT,Europe,0.0,2.0,28.0,60.0,88.0,60000.0,76926.0,115500.0,148082.0,77.9972651879547,Category 1,80.0,92.1,968.0,2018-09-22,2018-10-14,22.0,Landfall,Tropical Storm,41.1,-7.6,40.0,2018-09-24,2,0.010359106890072356,12.199999809265137,0.031513162579990484,0.1117186931463704,-0.13201257391930155,0.0,0.8351620080319266,0.005705269489916754
2018294N08161,Yutu (2018),2018.0,2018-0399-MNP,nat-met-sto-tro,MNP,Oceania,0.0,2.0,0.0,0.0,0.0,0.0,0.0,0.0,0.0,77.9972651879547,Category 5,150.0,172.6,904.0,2018-10-20,2018-11-03,13.5,Landfall,Category 3,16.7662,122.297,97.0,2018-10-22,2,0.002223035032105969,19.63999938964844,-0.02279355896140478,0.1917882070921867,0.060748550524571954,-0.09062868142529679,0.8491763032935262,-0.04332038554130066
2018292N13269,Vicente (2018),2018.0,2018-0421-MEX,nat-met-sto-tro,MEX,Americas,0.0,14.0,0.0,0.0,0.0,0.0,0.0,7005.0,8981.0,77.9972651879547,Tropical Storm,45.0,51.8,1002.0,2018-10-19,2018-10-23,4.6,Landfall,Tropical Depression,18.0,-102.4,25.0,2018-10-19,0,0.0010870263983777662,19.88999938964844,-0.020137166226043335,0.2001336972717751,-0.42456847194537517,-0.08047301115651073,0.8364886547726703,-0.03753364904728137
2018314N12093,Gaja (2018),2018.0,2018-0431-IND,nat-met-sto-tro,IND,Asia,0.0,45.0,0.0,500000.0,500000.0,0.0,0.0,775000.0,993625.0,77.9972651879547,Category 1,80.0,92.1,963.0,2018-11-10,2018-11-19,9.4,Landfall,Category 1,10.4674,79.69,75.0,2018-11-12,2,-0.0029994919370102124,20.450000762939453,-0.023438492157614954,0.2570928044933957,0.3635236857220594,-0.08096989329226245,0.9481932161116585,0.013263870737419168
2019268N10155,Mitag (2019),2019.0,2019-0472-CHN,nat-met-sto-tro,CHN,Asia,0.0,3.0,0.0,0.0,0.0,0.0,0.0,263000.0,331189.0,79.4107846043372,Category 2,90.0,103.6,961.0,2019-09-24,2019-10-05,11.0,Landfall,Tropical Storm,35.0475,127.236,40.0,2019-09-24,0,-0.012241614953714453,17.049999237060547,-0.021979505463437077,0.1916876329168679,-0.22304347826086957,-0.03561262977506885,1.0157402451106945,-0.03241027647585546
2019063S18038,Idai (2019),2019.0,2019-0110-MOZ,nat-met-sto-tro,MOZ,Africa,0.0,603.0,1500.0,1500000.0,1501500.0,150000.0,188891.0,2000000.0,2518550.0,79.4107846043372,Category 4,115.0,132.3,947.0,2019-03-04,2019-03-16,12.5,Landfall,Tropical Depression,-17.5149,37.2701,0.0,2019-03-04,0,-0.00042910849415134233,14.630000114440918,0.01062702061916676,0.1584307052001701,0.24368099393878428,-0.0004500741871752423,1.0487387042502654,-0.021483356486572517
2023037S12119,Freddy (2023),2023.0,2023-0095-MUS,nat-met-sto-tro,MUS,Africa,0.0,1.0,0.0,2500.0,2500.0,0.0,0.0,0.0,0.0,94.6446220103845,Category 5,138.0,158.8,924.0,2023-02-06,2023-02-24,18.0,Landfall,Category 2,-21.1,48.3,89.0,2023-02-06,0,0.023066069229040975,19.43000030517578,-0.04004968898284911,0.22934931385458188,0.152203451407811,-0.08097942601453001,0.7619768625161876,0.045959430943447184
2019192N29274,Barry (2019),2019.0,2019-0335-USA,nat-met-sto-tro,USA,Americas,0.0,1.0,0.0,0.0,0.0,300000.0,377782.0,600000.0,755565.0,79.4107846043372,Category 1,65.0,74.8,993.0,2019-07-10,2019-07-16,5.8,Landfall,Category 1,29.6,-92.2,65.0,2019-07-10,0,0.007354608765394621,13.029999732971191,0.020557571692783494,0.16574721998130235,-0.0271177472427534,0.0,0.9089622366573443,-0.022023895022147858
2019243N06136,Lingling (2019),2019.0,2019-0424-KOR,nat-met-sto-tro,KOR,Asia,0.0,3.0,33.0,38.0,71.0,0.0,0.0,0.0,0.0,79.4107846043372,Category 4,120.0,138.1,928.0,2019-08-30,2019-09-12,12.5,Landfall,Category 1,37.9,125.225,65.0,2019-08-30,0,0.026680117789881663,18.979999542236328,0.02716218327637998,0.2816039316209109,-0.46649377890851285,-0.0381525111629164,1.0717134121531067,0.026423157584945112
2019243N06136,Lingling (2019),2019.0,2019-0424-PRK,nat-met-sto-tro,PRK,Asia,0.0,5.0,0.0,5300000.0,5300000.0,0.0,0.0,24000.0,30223.0,79.4107846043372,Category 4,120.0,138.1,928.0,2019-08-30,2019-09-12,12.5,Landfall,Category 1,37.9,125.225,65.0,2019-08-30,0,0.026680117789881663,18.979999542236328,0.02716218327637998,0.2816039316209109,-0.46649377890851285,-0.0381525111629164,1.0717134121531067,0.026423157584945112
2023037S12119,Freddy (2023),2023.0,2023-0095-REU,nat-met-sto-tro,REU,Africa,0.0,0.0,0.0,25000.0,25000.0,0.0,0.0,0.0,0.0,94.6446220103845,Category 5,138.0,158.8,924.0,2023-02-06,2023-02-24,18.0,Landfall,Category 2,-21.1,48.3,89.0,2023-02-06,0,0.023066069229040975,19.43000030517578,-0.04004968898284911,0.22934931385458188,0.152203451407811,-0.08097942601453001,0.7619768625161876,0.045959430943447184
2023037S12119,Freddy (2023),2023.0,2023-0095-ZWE,nat-met-sto-tro,ZWE,Africa,0.0,2.0,0.0,0.0,0.0,0.0,0.0,0.0,0.0,94.6446220103845,Category 5,138.0,158.8,924.0,2023-02-06,2023-02-24,18.0,Landfall,Category 2,-21.1,48.3,89.0,2023-02-06,0,0.023066069229040975,19.43000030517578,-0.04004968898284911,0.22934931385458188,0.152203451407811,-0.08097942601453001,0.7619768625161876,0.045959430943447184
2019246N24266,Fernand (2019),2019.0,2019-0519-MEX,nat-met-sto-tro,MEX,Americas,0.0,1.0,0.0,0.0,0.0,25000.0,31482.0,383000.0,482302.0,79.4107846043372,Tropical Storm,45.0,51.8,1000.0,2019-09-03,2019-09-05,1.8,Landfall,Tropical Depression,24.3,-98.0,30.0,2019-09-03,0,0.00951372433131703,19.65999984741211,0.01779357708701501,0.2626041290844802,0.29240280232848703,-0.04283775528660683,1.0770756881177883,0.037658086817253064
2019354N05151,Phanfone (2019),2019.0,2019-0634-PHL,nat-met-sto-tro,PHL,Asia,0.0,63.0,369.0,3296877.0,3297246.0,0.0,0.0,15722.0,19798.0,79.4107846043372,Category 3,105.0,120.8,958.0,2019-12-19,2019-12-29,9.8,At Sea / Open Water,At Sea / Open Water,0.0,0.0,0.0,2019-12-19,0,0.011887662375620778,12.5,0.009873185609749813,0.15594440991497893,-0.4323278851797179,-0.00032599341682360006,1.2154048179652395,0.0014215642303353048
2020072S14054,Herold (2020),2020.0,2020-0103-MDG,nat-met-sto-tro,MDG,Africa,0.0,4.0,0.0,3200.0,3200.0,0.0,0.0,0.0,0.0,80.3903830082114,Category 3,100.0,115.1,960.0,2020-03-12,2020-03-21,8.8,At Sea / Open Water,At Sea / Open Water,0.0,0.0,0.0,2020-03-12,0,-0.17969344969271928,75.47000122070312,-0.34554724670320114,0.8930961652924554,0.32128844773082244,-0.46291235860284785,1.389754535914116,-0.08841044750232979
2020092S09155,Harold (2020),2020.0,2020-0132-FJI,nat-met-sto-tro,FJI,Oceania,0.0,1.0,0.0,180000.0,180000.0,0.0,0.0,13000.0,16171.0,80.3903830082114,Category 5,145.0,166.9,909.0,2020-04-01,2020-04-11,10.0,Landfall,Category 4,-15.6,166.867,120.0,2020-04-01,0,-0.0025931157073530997,57.060001373291016,-0.03561467552836595,1.4247068670230303,-0.5455984468359814,-0.3729058748595212,1.3199001154287526,0.08946015316427275
2020136N10088,Amphan (2020),2020.0,2020-0211-BGD,nat-met-sto-tro,BGD,Asia,0.0,26.0,0.0,2600000.0,2600000.0,0.0,0.0,1500000.0,1865895.0,80.3903830082114,Category 5,145.0,166.9,901.0,2020-05-15,2020-05-21,6.2,Landfall,Category 2,22.05,88.35,95.0,2020-05-15,0,-0.02106416048155757,31.88999938964844,-0.07194415445850832,0.5275844975452421,0.0963135144280931,-0.07385480530854627,1.3566254100695643,0.02577805206006887
2020136N10088,Amphan (2020),2020.0,2020-0211-IND,nat-met-sto-tro,IND,Asia,0.0,90.0,0.0,18000000.0,18000000.0,0.0,0.0,13500000.0,16793053.0,80.3903830082114,Category 5,145.0,166.9,901.0,2020-05-15,2020-05-21,6.2,Landfall,Category 2,22.05,88.35,95.0,2020-05-15,0,-0.02106416048155757,31.88999938964844,-0.07194415445850832,0.5275844975452421,0.0963135144280931,-0.07385480530854627,1.3566254100695643,0.02577805206006887
2020136N10088,Amphan (2020),2020.0,2020-0211-LKA,nat-met-sto-tro,LKA,Asia,0.0,4.0,0.0,1100.0,1100.0,0.0,0.0,0.0,0.0,80.3903830082114,Category 5,145.0,166.9,901.0,2020-05-15,2020-05-21,6.2,Landfall,Category 2,22.05,88.35,95.0,2020-05-15,0,-0.02106416048155757,31.88999938964844,-0.07194415445850832,0.5275844975452421,0.0963135144280931,-0.07385480530854627,1.3566254100695643,0.02577805206006887
2020153N13072,Nisarga (2020),2020.0,2020-0217-IND,nat-met-sto-tro,IND,Asia,0.0,6.0,0.0,7500.0,7500.0,0.0,0.0,820000.0,1020023.0,80.3903830082114,Category 2,85.0,97.8,968.0,2020-05-31,2020-06-04,3.5,Landfall,Category 1,18.5137,73.2462,77.0,2020-06-01,1,0.034219927469697264,28.229999542236328,0.024948038377505366,0.49264730631738857,0.23860241589816855,-0.015477159651311911,1.4188273877861854,0.10617528995949528
2020152N12269,Amanda (2020),2020.0,2020-0218-GTM,nat-met-sto-tro,GTM,Americas,0.0,2.0,0.0,306000.0,306886.0,0.0,0.0,0.0,0.0,80.3903830082114,Tropical Storm,35.0,40.3,1003.0,2020-05-30,2020-05-31,0.8,Landfall,Tropical Storm,14.1,-90.3,35.0,2020-06-01,2,0.034219927469697264,28.229999542236328,0.024948038377505366,0.49264730631738857,0.23860241589816855,-0.015477159651311911,1.4188273877861854,0.10617528995949528
2020152N12269,Amanda (2020),2020.0,2020-0218-SLV,nat-met-sto-tro,SLV,Americas,0.0,32.0,0.0,149840.0,149840.0,0.0,0.0,220000.0,273665.0,80.3903830082114,Tropical Storm,35.0,40.3,1003.0,2020-05-30,2020-05-31,0.8,Landfall,Tropical Storm,14.1,-90.3,35.0,2020-06-01,2,0.034219927469697264,28.229999542236328,0.024948038377505366,0.49264730631738857,0.23860241589816855,-0.015477159651311911,1.4188273877861854,0.10617528995949528
2020211N14124,Sinlaku (2020),2020.0,2020-0307-LAO,nat-met-sto-tro,LAO,Asia,0.0,0.0,0.0,1000.0,1000.0,0.0,0.0,0.0,0.0,80.3903830082114,Tropical Storm,45.0,51.8,989.0,2020-07-29,2020-08-03,5.0,Landfall,Tropical Depression,15.3,121.0,15.0,2020-07-29,0,-0.0053233660762878054,24.100000381469727,-0.0029109490266850946,0.39852401702701057,-0.12265501969757975,-0.015159396979767426,1.92224180116481,-0.04796246964888695
2020211N14124,Sinlaku (2020),2020.0,2020-0307-VNM,nat-met-sto-tro,VNM,Asia,0.0,2.0,0.0,10000.0,10000.0,0.0,0.0,232.0,289.0,80.3903830082114,Tropical Storm,45.0,51.8,989.0,2020-07-29,2020-08-03,5.0,Landfall,Tropical Depression,15.3,121.0,15.0,2020-07-29,0,-0.0053233660762878054,24.100000381469727,-0.0029109490266850946,0.39852401702701057,-0.12265501969757975,-0.015159396979767426,1.92224180116481,-0.04796246964888695
2020211N13306,Isaias (2020),2020.0,2020-0312-DOM,nat-met-sto-tro,DOM,Americas,0.0,2.0,0.0,5595.0,5595.0,0.0,0.0,165000.0,205248.0,80.3903830082114,Category 1,80.0,92.1,986.0,2020-07-28,2020-08-05,7.8,Landfall,Tropical Storm,18.9,-69.8,60.0,2020-07-28,0,-0.011815242560159533,25.440000534057617,-0.03528491174071269,0.4000524911056844,-0.5085208265367622,-0.03528491174071269,1.9227711523414694,-0.04970063111165021
2020205N26272,Hanna (2020),2020.0,2020-0316-MEX,nat-met-sto-tro,MEX,Americas,0.0,5.0,0.0,0.0,0.0,0.0,0.0,135000.0,167931.0,80.3903830082114,Category 1,80.0,92.1,973.0,2020-07-23,2020-07-26,3.8,Landfall,Category 1,26.7,-97.5,80.0,2020-07-23,0,0.006763923701758934,26.079999923706055,0.013706100752808315,0.42258304580349704,0.1180005100197632,-0.014113838922430011,1.9908313531114301,-0.04646189660328492
2020205N26272,Hanna (2020),2020.0,2020-0316-USA,nat-met-sto-tro,USA,Americas,0.0,0.0,0.0,0.0,0.0,0.0,0.0,1100000.0,1368323.0,80.3903830082114,Category 1,80.0,92.1,973.0,2020-07-23,2020-07-26,3.8,Landfall,Category 1,26.7,-97.5,80.0,2020-07-23,0,0.006763923701758934,26.079999923706055,0.013706100752808315,0.42258304580349704,0.1180005100197632,-0.014113838922430011,1.9908313531114301,-0.04646189660328492
2020233N14313,Laura (2020),2020.0,2020-0376-USA,nat-met-sto-tro,USA,Americas,0.0,33.0,0.0,6500.0,6500.0,10000000.0,12439299.0,13000000.0,16171089.0,80.3903830082114,Category 4,130.0,149.6,937.0,2020-08-20,2020-08-29,9.2,Landfall,Tropical Storm,18.2,-68.8,45.0,2020-08-20,0,0.0043047488694807345,22.719999313354492,-0.04150122525597655,0.26671548844616294,0.21234058752617213,-0.06013493232148537,1.800250259294802,-0.06616962664779608
2020296N09137,Molave (2020),2020.0,2020-0470-VNM,nat-met-sto-tro,VNM,Asia,0.0,41.0,0.0,450000.0,450000.0,0.0,0.0,540000.0,671722.0,80.3903830082114,Category 3,105.0,120.8,952.0,2020-10-21,2020-10-29,7.5,Landfall,Category 1,13.35,123.2,70.0,2020-10-21,0,-0.014945722291199282,28.649999618530273,-0.03899123269651972,0.3087153746951701,-0.09493466451328736,-0.0626400625358915,0.8544789021950229,-0.015168486870745165
2020281N14126,Linfa (2020),2020.0,2020-0411-VNM,nat-met-sto-tro,VNM,Asia,0.0,243.0,0.0,1500000.0,1500000.0,0.0,0.0,850000.0,1057340.0,80.3903830082114,Tropical Storm,40.0,46.0,999.0,2020-10-06,2020-10-12,5.5,Landfall,Tropical Depression,13.8,124.257,0.0,2020-10-06,0,0.007702249721075027,29.479999542236328,-0.009986699582422487,0.3542837446491329,0.3071606535887299,-0.1106420757948613,0.8586312754299984,-0.017110879625653178
2020279N16284,Delta (2020),2020.0,2020-0412-USA,nat-met-sto-tro,USA,Americas,0.0,4.0,0.0,9400.0,9400.0,0.0,0.0,2900000.0,3607397.0,80.3903830082114,Category 4,120.0,138.1,953.0,2020-10-04,2020-10-11,7.0,Landfall,Category 2,20.8,-86.9,90.0,2020-10-05,1,0.01666706337217394,27.959999084472656,-0.022661341065432272,0.37011270061152224,0.19700485289657266,-0.09718516517603182,0.8522813597195558,-0.0092583723728255
2020256N25281,Sally (2020),2020.0,2020-0438-USA,nat-met-sto-tro,USA,Americas,0.0,8.0,0.0,0.0,0.0,3500000.0,4353755.0,6300000.0,7836758.0,80.3903830082114,Category 2,95.0,109.3,965.0,2020-09-11,2020-09-18,6.5,Landfall,Tropical Depression,25.5422,-80.5001,32.0,2020-09-11,0,-0.03280350413190791,26.8700008392334,-0.06746717126382462,0.25516278067282,-0.3560897817825025,-0.14584980052878982,1.1039736220349483,0.037244616529720116
2020306N15288,Eta (2020),2020.0,2020-0474-COL,nat-met-sto-tro,COL,Americas,0.0,0.0,0.0,49800.0,49800.0,0.0,0.0,25000.0,31098.0,80.3903830082114,Category 4,130.0,149.6,922.0,2020-10-31,2020-11-14,13.2,Landfall,Category 4,13.8,-83.5,120.0,2020-11-02,2,-0.027078157723650742,37.130001068115234,0.013651844597021956,0.3823652395702985,0.3780171704878128,-0.050815026558311716,0.9488972872483181,0.04312799028611998
2020306N15288,Eta (2020),2020.0,2020-0474-PAN,nat-met-sto-tro,PAN,Americas,0.0,79.0,0.0,5000.0,5000.0,0.0,0.0,11000.0,13683.0,80.3903830082114,Category 4,130.0,149.6,922.0,2020-10-31,2020-11-14,13.2,Landfall,Category 4,13.8,-83.5,120.0,2020-11-02,2,-0.027078157723650742,37.130001068115234,0.013651844597021956,0.3823652395702985,0.3780171704878128,-0.050815026558311716,0.9488972872483181,0.04312799028611998
2020299N18277,Zeta (2020),2020.0,2020-0483-MEX,nat-met-sto-tro,MEX,Americas,0.0,0.0,0.0,0.0,0.0,0.0,0.0,100000.0,124393.0,80.3903830082114,Category 3,100.0,115.1,970.0,2020-10-24,2020-10-30,5.5,Landfall,Category 1,20.4,-87.4,75.0,2020-10-26,2,-0.0076606943553768625,32.459999084472656,-0.008460316178633298,0.3561337517774667,0.20705947748749298,-0.06359863250775466,0.8844012538164159,0.03759980123885734
2020318N16289,Iota (2020),2020.0,2020-0495-NIC,nat-met-sto-tro,NIC,Americas,0.0,18.0,0.0,900000.0,900000.0,0.0,0.0,741000.0,921752.0,80.3903830082114,Category 4,135.0,155.4,917.0,2020-11-12,2020-11-18,6.0,Landfall,Category 4,13.6,-83.5,125.0,2020-11-12,0,0.008480181888621097,25.350000381469727,0.1055123653300698,0.6448800826994096,0.21351876662955482,-0.04219157670710594,1.010920801615868,0.08817444770223924
2020318N16289,Iota (2020),2020.0,2020-0495-PAN,nat-met-sto-tro,PAN,Americas,0.0,4.0,0.0,0.0,0.0,0.0,0.0,0.0,0.0,80.3903830082114,Category 4,135.0,155.4,917.0,2020-11-12,2020-11-18,6.0,Landfall,Category 4,13.6,-83.5,125.0,2020-11-12,0,0.008480181888621097,25.350000381469727,0.1055123653300698,0.6448800826994096,0.21351876662955482,-0.04219157670710594,1.010920801615868,0.08817444770223924
2020327N08086,Nivar (2020),2020.0,2020-0524-IND,nat-met-sto-tro,IND,Asia,0.0,14.0,0.0,0.0,0.0,0.0,0.0,600000.0,746358.0,80.3903830082114,Category 1,70.0,80.6,982.0,2020-11-22,2020-11-27,5.2,Landfall,Tropical Storm,12.45,79.95,50.0,2020-11-23,1,-0.014094169476509433,22.65999984741211,0.06175575079644968,0.6803398178793033,-0.20383579477058456,0.0,1.1625138297756876,-0.06461490959477298
2020051S13186,Vicky (2020),2020.0,2020-0558-VNM,nat-met-sto-tro,VNM,Asia,0.0,1.0,4.0,0.0,4.0,0.0,0.0,0.0,0.0,80.3903830082114,Tropical Storm,45.0,51.8,997.0,2020-02-20,2020-02-24,4.2,Landfall,Tropical Depression,-13.5235,-172.491,30.0,2020-02-20,0,-0.0013929948009017146,15.5600004196167,-0.004542257123276383,0.23999895342201494,-0.24122373515971118,-0.04347072286239795,1.1862083127342031,-0.03417843445470803
2020211N14124,Sinlaku (2020),2020.0,2020-0307-THA,nat-met-sto-tro,THA,Asia,0.0,4.0,0.0,0.0,0.0,0.0,0.0,0.0,0.0,80.3903830082114,Tropical Storm,45.0,51.8,989.0,2020-07-29,2020-08-03,5.0,Landfall,Tropical Depression,15.3,121.0,15.0,2020-07-29,0,-0.0053233660762878054,24.100000381469727,-0.0029109490266850946,0.39852401702701057,-0.12265501969757975,-0.015159396979767426,1.92224180116481,-0.04796246964888695
2021012S12086,Eloise (2021),2021.0,2021-0036-SWZ,nat-met-sto-tro,SWZ,Africa,0.0,0.0,0.0,0.0,0.0,0.0,0.0,0.0,0.0,84.1669829572524,Category 2,90.0,103.6,968.0,2021-01-11,2021-01-27,16.0,Landfall,Tropical Storm,-15.1785,50.5321,47.0,2021-01-11,0,0.02684446109580141,24.079999923706055,0.10827192599157676,0.3048191110021443,-0.3075596299927936,0.0,1.7089051074531874,0.036786410599242696
2021046N06142,Dujuan (2021),2021.0,2021-0091-PHL,nat-met-sto-tro,PHL,Asia,0.0,5.0,2.0,272451.0,272453.0,0.0,0.0,3114.0,3700.0,84.1669829572524,Tropical Storm,45.0,51.8,991.0,2021-02-14,2021-02-23,8.5,Landfall,Tropical Depression,11.1365,125.694,25.0,2021-02-16,2,0.004583633897075945,21.459999084472656,0.032702065606004194,0.3417004651764083,0.2280841839270653,0.0,1.4631647791524913,0.07861462286539399
2021102N06144,Surigae (2021),2021.0,2021-0236-PLW,nat-met-sto-tro,PLW,Oceania,0.0,0.0,0.0,7288.0,7288.0,0.0,0.0,0.0,0.0,84.1669829572524,Category 5,170.0,195.6,882.0,2021-04-11,2021-04-30,19.2,At Sea / Open Water,At Sea / Open Water,0.0,0.0,0.0,2021-04-12,1,0.012993415099296746,16.90999984741211,-0.02647123662022277,0.2788314736352968,-0.2656064393073547,-0.08766487262852596,0.7919627447361323,0.00442625547758711
2021143N15090,Yaas (2021),2021.0,2021-0295-BGD,nat-met-sto-tro,BGD,Asia,0.0,3.0,0.0,1300000.0,1300000.0,0.0,0.0,0.0,0.0,84.1669829572524,Category 1,65.0,74.8,974.0,2021-05-23,2021-05-27,4.8,Landfall,Tropical Storm,21.5,86.9,55.0,2021-05-24,1,0.008784070211383277,18.399999618530273,-0.03745679900360055,0.3120889772715651,-0.2875755516718542,-0.03745679900360055,0.6208187535064663,0.028492687240939025
2021182N09317,Elsa (2021),2021.0,2021-0373-LCA,nat-met-sto-tro,LCA,Americas,0.0,1.0,0.0,0.0,0.0,0.0,0.0,34000.0,40396.0,84.1669829572524,Category 1,75.0,86.3,991.0,2021-06-30,2021-07-10,9.5,Landfall,Tropical Storm,22.2,-81.6,55.0,2021-06-30,0,0.012920187131781002,15.829999923706056,-0.01300860530450132,0.28029766847245724,0.15981555002096015,-0.031490333315947194,0.9033770799602625,-0.04538964683296998
2021219N08193,Omais (2021),2021.0,2021-0578-KOR,nat-met-sto-tro,KOR,Asia,0.0,0.0,0.0,600.0,600.0,0.0,0.0,13000.0,15445.0,84.1669829572524,Tropical Storm,55.0,63.3,990.0,2021-08-07,2021-08-31,24.5,Landfall,Tropical Depression,34.8167,128.389,25.0,2021-08-09,2,0.01037501204145208,16.719999313354492,-0.0042840254847847925,0.30631067037900606,-0.2701467545856484,-0.067977791251288,1.8094926339858821,-0.02595517000559969
2021248N11131,Conson (2021),2021.0,2021-0595-PHL,nat-met-sto-tro,PHL,Asia,0.0,17.0,24.0,313373.0,313397.0,0.0,0.0,0.0,0.0,84.1669829572524,Category 1,65.0,74.8,980.0,2021-09-05,2021-09-13,8.5,Landfall,Tropical Storm,11.4426,125.495,60.0,2021-09-07,2,-0.001702672955384621,18.13999938964844,-0.008208402313411023,0.2787356083109973,0.3348754470767934,-0.03455874455489172,2.0312163455063605,0.035282139692738246
2021280N14137,Kompasu (2021),2021.0,2021-0670-PHL,nat-met-sto-tro,PHL,Asia,0.0,59.0,5.0,1140534.0,1140539.0,0.0,0.0,75610.0,89833.0,84.1669829572524,Tropical Storm,60.0,69.0,979.0,2021-10-07,2021-10-14,7.5,Landfall,Tropical Storm,19.0803,110.077,47.0,2021-10-07,0,0.022183718697240895,19.540000915527344,0.053561222751297155,0.3195067201168845,-0.13007574092925012,-0.0029069437925701713,1.4996090815046021,0.026412925256408613
2021346N05145,Rai (2021),2021.0,2021-0813-VNM,nat-met-sto-tro,VNM,Asia,0.0,3.0,0.0,0.0,0.0,0.0,0.0,9000.0,10693.0,84.1669829572524,Category 5,150.0,172.6,908.0,2021-12-11,2021-12-21,10.0,Landfall,Category 4,10.1,124.175,120.0,2021-12-13,2,0.01695747206104481,20.309999465942383,-0.005539679451714852,0.3267927245116763,-0.10527221257761299,-0.042498184248824344,1.1250946459822433,-0.011011539158238506
2022024S16044,Ana (2022),2022.0,2022-0052-MDG,nat-met-sto-tro,MDG,Africa,0.0,55.0,0.0,131555.0,131555.0,0.0,0.0,0.0,0.0,90.9026974595266,Tropical Storm,50.0,57.5,993.0,2022-01-23,2022-01-25,2.0,Landfall,Tropical Storm,-16.2274,39.6422,47.0,2022-01-24,1,-0.0535376093014478,29.899999618530273,-0.02542237205824993,0.25193536890706686,0.921353065539112,-0.029334388461724648,1.0184020476518942,0.025196787602076016
2022179N08310,Bonnie (2022),2022.0,2022-0400-NIC,nat-met-sto-tro,NIC,Americas,0.0,4.0,12.0,3000.0,3012.0,0.0,0.0,0.0,0.0,90.9026974595266,Category 3,100.0,115.1,964.0,2022-06-27,2022-07-11,13.2,Landfall,Tropical Storm,10.7,-61.6,35.0,2022-06-27,0,0.062127671706705856,26.950000762939453,0.01396641676140864,0.4846358662132112,-0.47100765635751674,-0.19249689079156906,0.8574517827243104,-0.03951622571081388
2022048S14068,Emnati (2022),2022.0,2022-0101-MDG,nat-met-sto-tro,MDG,Africa,0.0,15.0,0.0,169000.0,169000.0,0.0,0.0,16000.0,17601.0,90.9026974595266,Category 4,115.0,132.3,941.0,2022-02-16,2022-02-24,8.0,Landfall,Category 1,-22.6952,47.6089,67.0,2022-02-16,0,-0.02391044376187823,24.290000915527344,-0.003921724207696209,0.27936655743123695,0.037473478416869765,-0.025990633029584487,0.580593479546141,0.002355640757466807
2022067S16050,Gombe (2022),2022.0,2022-0137-MOZ,nat-met-sto-tro,MOZ,Africa,0.0,63.0,108.0,736015.0,736123.0,0.0,0.0,0.0,0.0,90.9026974595266,Category 3,99.0,113.9,959.0,2022-03-08,2022-03-15,7.5,Landfall,Tropical Storm,-15.5,50.4,35.0,2022-03-08,0,-0.03193179897264575,35.130001068115234,0.08767034884026659,0.2642173292620024,0.5781439415282821,0.0,0.25495626145114175,-0.0798445865868588
2022148N13263,Agatha (2022),2022.0,2022-0333-MEX,nat-met-sto-tro,MEX,Americas,0.0,31.0,0.0,0.0,0.0,0.0,0.0,51000.0,56104.0,90.9026974595266,Category 2,95.0,109.3,964.0,2022-05-27,2022-06-01,4.5,Landfall,Category 2,15.7,-96.6,90.0,2022-05-27,0,0.06578026783659663,25.719999313354492,0.08267072689946042,0.42804710580041005,-0.415187969924812,0.0,0.5217876973521722,0.014300443317484212
2022280N11294,Julia (2022),2022.0,2022-0647-CRI,nat-met-sto-tro,CRI,Americas,0.0,0.0,0.0,300000.0,300000.0,0.0,0.0,0.0,0.0,90.9026974595266,Category 1,75.0,86.3,982.0,2022-10-06,2022-10-10,4.0,Landfall,Tropical Depression,12.0,-69.8,30.0,2022-10-06,0,0.028694137302272438,30.520000457763672,0.13553740276032888,0.47286895974278814,0.0845746761938102,0.0,0.8044669949709792,0.02710840617057895
2022280N11294,Julia (2022),2022.0,2022-0647-SLV,nat-met-sto-tro,SLV,Americas,0.0,10.0,0.0,9273.0,9273.0,0.0,0.0,17000.0,18701.0,90.9026974595266,Category 1,75.0,86.3,982.0,2022-10-06,2022-10-10,4.0,Landfall,Tropical Depression,12.0,-69.8,30.0,2022-10-06,0,0.028694137302272438,30.520000457763672,0.13553740276032888,0.47286895974278814,0.0845746761938102,0.0,0.8044669949709792,0.02710840617057895
2022285N19266,Karl (2022),2022.0,2022-0675-MEX,nat-met-sto-tro,MEX,Americas,0.0,3.0,0.0,1000.0,1000.0,0.0,0.0,0.0,0.0,90.9026974595266,Tropical Storm,50.0,57.5,997.0,2022-10-11,2022-10-15,4.2,At Sea / Open Water,At Sea / Open Water,0.0,0.0,0.0,2022-10-11,0,-0.05352278557293744,33.630001068115234,0.0015122424610216623,0.46102013712777823,-0.18827754225789528,-0.03590479149178061,0.8096052902451942,0.0012768289802058824
2022288N19128,Nesat (2022),2022.0,2022-0680-PHL,nat-met-sto-tro,PHL,Asia,0.0,0.0,2.0,103600.0,103602.0,0.0,0.0,0.0,0.0,90.9026974595266,Category 2,89.0,102.4,964.0,2022-10-14,2022-10-20,5.8,At Sea / Open Water,At Sea / Open Water,0.0,0.0,0.0,2022-10-14,0,-0.0142231630329267,32.02000045776367,-0.018581999334476462,0.4768714184797025,-0.06010324095060393,-0.03729442051894816,0.8910272179569586,0.04132664364869118
2022293N15259,Roslyn (2022),2022.0,2022-0698-MEX,nat-met-sto-tro,MEX,Americas,0.0,4.0,0.0,15000.0,15000.0,0.0,0.0,0.0,0.0,90.9026974595266,Category 4,115.0,132.3,954.0,2022-10-20,2022-10-24,4.0,Landfall,Category 3,22.1,-105.5,100.0,2022-10-20,0,-0.001530018107200104,29.979999542236328,0.013191108013243413,0.47980668822340655,-0.2796215288273439,0.0,0.8392297763605704,0.019206404709825875
2022300N13131,Nalgae (2022),2022.0,2022-0707-PHL,nat-met-sto-tro,PHL,Asia,0.0,158.0,103.0,3323188.0,3323291.0,0.0,0.0,45569.0,50129.0,90.9026974595266,Category 1,70.0,80.6,979.0,2022-10-27,2022-11-03,7.5,Landfall,Tropical Storm,13.6825,124.394,49.0,2022-10-27,0,0.03987284127622015,27.38999938964844,0.05266888037692863,0.3548824215363795,-0.009943867816228469,0.0,0.8404096568568548,0.0353550704311361
2023018S14058,Cheneso (2023),2023.0,2023-0020-MDG,nat-met-sto-tro,MDG,Africa,0.0,53.0,0.0,90870.0,90870.0,0.0,0.0,20000.0,21132.0,94.6446220103845,Category 1,80.0,92.1,967.0,2023-01-17,2023-01-30,12.5,Landfall,Tropical Storm,-14.0,49.9,45.0,2023-01-17,0,0.02555058539298849,19.36000061035156,0.03312337445573155,0.26251047915059095,-0.26237305230940455,0.0,0.7391757827495065,-0.003295312854887441
2019335N05058,Pawan (2019),2019.0,2019-0600-SOM,nat-met-sto-tro,SOM,Africa,0.0,6.0,0.0,30000.0,30000.0,0.0,0.0,0.0,0.0,79.4107846043372,Tropical Storm,45.0,51.8,997.0,2019-11-30,2019-12-07,7.0,Landfall,Tropical Storm,7.65,49.75,40.0,2019-12-02,2,0.002186958142791795,14.90999984741211,-0.015711141842774223,0.19286897601644915,0.33914897319874693,-0.03915809896981337,0.96267826512117,0.005985758647164106
2020092S09155,Harold (2020),2020.0,2020-0132-TON,nat-met-sto-tro,TON,Oceania,0.0,0.0,0.0,25000.0,25000.0,0.0,0.0,111000.0,138076.0,80.3903830082114,Category 5,145.0,166.9,909.0,2020-04-01,2020-04-11,10.0,Landfall,Category 4,-15.6,166.867,120.0,2020-04-01,0,-0.0025931157073530997,57.060001373291016,-0.03561467552836595,1.4247068670230303,-0.5455984468359814,-0.3729058748595212,1.3199001154287526,0.08946015316427275
2020092S09155,Harold (2020),2020.0,2020-0132-VUT,nat-met-sto-tro,VUT,Oceania,0.0,3.0,120.0,130000.0,130120.0,0.0,0.0,0.0,0.0,80.3903830082114,Category 5,145.0,166.9,909.0,2020-04-01,2020-04-11,10.0,Landfall,Category 4,-15.6,166.867,120.0,2020-04-01,0,-0.0025931157073530997,57.060001373291016,-0.03561467552836595,1.4247068670230303,-0.5455984468359814,-0.3729058748595212,1.3199001154287526,0.08946015316427275
2020129N07134,Vongfong (2020),2020.0,2020-0203-PHL,nat-met-sto-tro,PHL,Asia,0.0,5.0,169.0,578571.0,578740.0,0.0,0.0,31100.0,38686.0,80.3903830082114,Category 3,100.0,115.1,961.0,2020-05-08,2020-05-18,10.0,Landfall,Category 3,12.2,125.3,100.0,2020-05-08,0,0.03412431963925644,27.979999542236328,0.08172919436510817,0.6577316106697987,-0.15180807697695953,-0.0020587671089158377,1.357131739101678,-0.043357313711455264
2020213N15131,Hagupit (2020),2020.0,2020-0308-CHN,nat-met-sto-tro,CHN,Asia,0.0,0.0,0.0,15100.0,15100.0,0.0,0.0,0.0,0.0,80.3903830082114,Category 1,75.0,86.3,971.0,2020-07-30,2020-08-12,12.5,Landfall,Tropical Storm,28.2375,120.864,62.0,2020-07-30,0,0.0030966143894732845,24.760000228881836,-0.04029705958822549,0.41391744577917405,0.5602478628010967,-0.053842152302579716,1.9453232344507232,-0.03657894116963346
2020211N13306,Isaias (2020),2020.0,2020-0312-CUB,nat-met-sto-tro,CUB,Americas,0.0,0.0,0.0,500.0,500.0,0.0,0.0,0.0,0.0,80.3903830082114,Category 1,80.0,92.1,986.0,2020-07-28,2020-08-05,7.8,Landfall,Tropical Storm,18.9,-69.8,60.0,2020-07-28,0,-0.011815242560159533,25.440000534057617,-0.03528491174071269,0.4000524911056844,-0.5085208265367622,-0.03528491174071269,1.9227711523414694,-0.04970063111165021
2020211N13306,Isaias (2020),2020.0,2020-0312-USA,nat-met-sto-tro,USA,Americas,0.0,16.0,0.0,0.0,0.0,0.0,0.0,4800000.0,5970863.0,80.3903830082114,Category 1,80.0,92.1,986.0,2020-07-28,2020-08-05,7.8,Landfall,Tropical Storm,18.9,-69.8,60.0,2020-07-28,0,-0.011815242560159533,25.440000534057617,-0.03528491174071269,0.4000524911056844,-0.5085208265367622,-0.03528491174071269,1.9227711523414694,-0.04970063111165021
2020222N15117,Mekkhala (2020),2020.0,2020-0355-CHN,nat-met-sto-tro,CHN,Asia,0.0,0.0,0.0,12235.0,12235.0,0.0,0.0,161000.0,200273.0,80.3903830082114,Category 1,70.0,80.6,980.0,2020-08-08,2020-08-12,3.5,Landfall,Category 1,24.1538,117.746,70.0,2020-08-10,2,0.02062108889008929,22.1299991607666,0.06001107210441847,0.35843800777338125,0.246628505359326,0.0,1.939081553289927,-0.022914139177976484
2020233N14313,Laura (2020),2020.0,2020-0376-HTI,nat-met-sto-tro,HTI,Americas,0.0,39.0,0.0,44175.0,44175.0,0.0,0.0,0.0,0.0,80.3903830082114,Category 4,130.0,149.6,937.0,2020-08-20,2020-08-29,9.2,Landfall,Tropical Storm,18.2,-68.8,45.0,2020-08-20,0,0.0043047488694807345,22.719999313354492,-0.04150122525597655,0.26671548844616294,0.21234058752617213,-0.06013493232148537,1.800250259294802,-0.06616962664779608
2020244N25146,Haishen (2020),2020.0,2020-0400-JPN,nat-met-sto-tro,JPN,Asia,0.0,2.0,52.0,0.0,52.0,0.0,0.0,0.0,0.0,80.3903830082114,Category 4,135.0,155.4,913.0,2020-08-30,2020-09-10,10.8,Landfall,Category 1,35.5,129.15,75.0,2020-08-31,1,0.01863409137689609,26.40999984741211,-0.037006947528017364,0.2656239108964291,-0.2431022676924316,-0.07594603330793614,1.65681059554422,0.018859901389399553
2020244N25146,Haishen (2020),2020.0,2020-0400-KOR,nat-met-sto-tro,KOR,Asia,0.0,2.0,0.0,0.0,0.0,800000.0,995144.0,1200000.0,1492716.0,80.3903830082114,Category 4,135.0,155.4,913.0,2020-08-30,2020-09-10,10.8,Landfall,Category 1,35.5,129.15,75.0,2020-08-31,1,0.01863409137689609,26.40999984741211,-0.037006947528017364,0.2656239108964291,-0.2431022676924316,-0.07594603330793614,1.65681059554422,0.018859901389399553
2020281N14126,Linfa (2020),2020.0,2020-0411-KHM,nat-met-sto-tro,KHM,Asia,0.0,44.0,0.0,759360.0,759360.0,0.0,0.0,100000.0,124393.0,80.3903830082114,Tropical Storm,40.0,46.0,999.0,2020-10-06,2020-10-12,5.5,Landfall,Tropical Depression,13.8,124.257,0.0,2020-10-06,0,0.007702249721075027,29.479999542236328,-0.009986699582422487,0.3542837446491329,0.3071606535887299,-0.1106420757948613,0.8586312754299984,-0.017110879625653178
2020276N17277,Gamma (2020),2020.0,2020-0416-MEX,nat-met-sto-tro,MEX,Americas,0.0,6.0,0.0,3500.0,3500.0,0.0,0.0,100000.0,124393.0,80.3903830082114,Category 1,65.0,74.8,978.0,2020-10-02,2020-10-06,4.5,Landfall,Tropical Storm,20.4,-87.5,60.0,2020-10-02,0,0.015544746368717277,27.6299991607666,-0.028827214520660727,0.34504092909149714,0.04161344635392483,-0.1456206602442197,0.8430849164558706,0.017639230978047232
2020258N11127,Noul (2020),2020.0,2020-0462-THA,nat-met-sto-tro,THA,Asia,0.0,1.0,0.0,0.0,0.0,0.0,0.0,0.0,0.0,80.3903830082114,Tropical Storm,50.0,57.5,990.0,2020-09-14,2020-09-19,5.0,Landfall,Tropical Depression,12.5451,124.595,10.0,2020-09-14,0,-0.011997887317812594,25.850000381469727,-0.057355726267882656,0.2536274290000717,-0.4337905127981131,-0.13431655204167336,1.102217383369253,0.02177654581838432
2020296N09137,Molave (2020),2020.0,2020-0470-PHL,nat-met-sto-tro,PHL,Asia,0.0,31.0,40.0,888375.0,888415.0,0.0,0.0,87100.0,108346.0,80.3903830082114,Category 3,105.0,120.8,952.0,2020-10-21,2020-10-29,7.5,Landfall,Category 1,13.35,123.2,70.0,2020-10-21,0,-0.014945722291199282,28.649999618530273,-0.03899123269651972,0.3087153746951701,-0.09493466451328736,-0.0626400625358915,0.8544789021950229,-0.015168486870745165
2023294N09264,Otis (2023),2023.0,2023-0675-MEX,nat-met-sto-tro,MEX,Americas,0.0,84.0,0.0,988000.0,988000.0,4000000.0,4226336.0,12000000.0,12679009.0,94.6446220103845,Category 5,145.0,166.9,922.0,2023-10-21,2023-10-25,4.8,Landfall,Category 4,17.2166,-100.133,116.0,2023-10-23,2,-0.035730853060299106,20.3700008392334,-0.015411897257346374,0.2589189011258152,0.352480894143651,-0.037398351793353934,0.3924700272369555,-0.039260363516224396
2020306N15288,Eta (2020),2020.0,2020-0474-BLZ,nat-met-sto-tro,BLZ,Americas,0.0,0.0,0.0,60000.0,60000.0,0.0,0.0,0.0,0.0,80.3903830082114,Category 4,130.0,149.6,922.0,2020-10-31,2020-11-14,13.2,Landfall,Category 4,13.8,-83.5,120.0,2020-11-02,2,-0.027078157723650742,37.130001068115234,0.013651844597021956,0.3823652395702985,0.3780171704878128,-0.050815026558311716,0.9488972872483181,0.04312799028611998
2020306N15288,Eta (2020),2020.0,2020-0474-SLV,nat-met-sto-tro,SLV,Americas,0.0,0.0,0.0,0.0,0.0,0.0,0.0,0.0,0.0,80.3903830082114,Category 4,130.0,149.6,922.0,2020-10-31,2020-11-14,13.2,Landfall,Category 4,13.8,-83.5,120.0,2020-11-02,2,-0.027078157723650742,37.130001068115234,0.013651844597021956,0.3823652395702985,0.3780171704878128,-0.050815026558311716,0.9488972872483181,0.04312799028611998
2020318N16289,Iota (2020),2020.0,2020-0495-HND,nat-met-sto-tro,HND,Americas,0.0,14.0,0.0,578000.0,578000.0,0.0,0.0,0.0,0.0,80.3903830082114,Category 4,135.0,155.4,917.0,2020-11-12,2020-11-18,6.0,Landfall,Category 4,13.6,-83.5,125.0,2020-11-12,0,0.008480181888621097,25.350000381469727,0.1055123653300698,0.6448800826994096,0.21351876662955482,-0.04219157670710594,1.010920801615868,0.08817444770223924
2020051S13186,Vicky (2020),2020.0,2020-0558-PHL,nat-met-sto-tro,PHL,Asia,0.0,9.0,2.0,36030.0,36032.0,0.0,0.0,2293.0,2852.0,80.3903830082114,Tropical Storm,45.0,51.8,997.0,2020-02-20,2020-02-24,4.2,Landfall,Tropical Depression,-13.5235,-172.491,30.0,2020-02-20,0,-0.0013929948009017146,15.5600004196167,-0.004542257123276383,0.23999895342201494,-0.24122373515971118,-0.04347072286239795,1.1862083127342031,-0.03417843445470803
2021012S12086,Eloise (2021),2021.0,2021-0036-MDG,nat-met-sto-tro,MDG,Africa,0.0,2.0,0.0,1000.0,1000.0,0.0,0.0,0.0,0.0,84.1669829572524,Category 2,90.0,103.6,968.0,2021-01-11,2021-01-27,16.0,Landfall,Tropical Storm,-15.1785,50.5321,47.0,2021-01-11,0,0.02684446109580141,24.079999923706055,0.10827192599157676,0.3048191110021443,-0.3075596299927936,0.0,1.7089051074531874,0.036786410599242696
2021012S12086,Eloise (2021),2021.0,2021-0036-MOZ,nat-met-sto-tro,MOZ,Africa,0.0,11.0,15.0,481886.0,481901.0,0.0,0.0,0.0,0.0,84.1669829572524,Category 2,90.0,103.6,968.0,2021-01-11,2021-01-27,16.0,Landfall,Tropical Storm,-15.1785,50.5321,47.0,2021-01-11,0,0.02684446109580141,24.079999923706055,0.10827192599157676,0.3048191110021443,-0.3075596299927936,0.0,1.7089051074531874,0.036786410599242696
2021012S12086,Eloise (2021),2021.0,2021-0036-ZWE,nat-met-sto-tro,ZWE,Africa,0.0,3.0,0.0,2400.0,2400.0,0.0,0.0,0.0,0.0,84.1669829572524,Category 2,90.0,103.6,968.0,2021-01-11,2021-01-27,16.0,Landfall,Tropical Storm,-15.1785,50.5321,47.0,2021-01-11,0,0.02684446109580141,24.079999923706055,0.10827192599157676,0.3048191110021443,-0.3075596299927936,0.0,1.7089051074531874,0.036786410599242696
2021029S16171,Ana (2021),2021.0,2021-0070-FJI,nat-met-sto-tro,FJI,Oceania,0.0,6.0,0.0,82751.0,82751.0,0.0,0.0,10000.0,11881.0,84.1669829572524,Category 1,65.0,74.8,975.0,2021-01-28,2021-02-03,5.8,Landfall,Tropical Storm,-17.4,178.05,60.0,2021-01-28,0,-0.01720263175452008,30.209999084472656,-0.03830703892544496,0.3553065478765222,-0.04535418890074705,-0.08565645914119002,1.590290395557509,0.001571724470317823
2021133N10071,Tauktae (2021),2021.0,2021-0252-LKA,nat-met-sto-tro,LKA,Asia,0.0,0.0,0.0,879.0,879.0,0.0,0.0,0.0,0.0,84.1669829572524,Category 4,120.0,138.1,931.0,2021-05-13,2021-05-19,6.0,Landfall,Category 3,20.9,71.2,110.0,2021-05-13,0,-0.020974973068370373,23.1299991607666,-0.015372621504895378,0.28361618102941266,0.35748010573935796,-0.032991369051645125,0.5937664397372135,-0.003959612132080967
2021161N18115,Koguma (2021),2021.0,2021-0327-LAO,nat-met-sto-tro,LAO,Asia,0.0,0.0,0.0,26000.0,26000.0,0.0,0.0,0.0,0.0,84.1669829572524,Tropical Storm,35.0,40.3,996.0,2021-06-10,2021-06-13,3.2,Landfall,Tropical Depression,18.375,110.025,25.0,2021-06-10,0,0.011557627892819555,16.100000381469727,0.0034309588295791116,0.26385385570311537,-0.023957822795839467,-0.007501325958603644,0.7393162265340681,-0.025570356094178376
2021148N05142,Choi-Wan (2021),2021.0,2021-0339-PHL,nat-met-sto-tro,PHL,Asia,0.0,11.0,0.0,21000.0,21000.0,0.0,0.0,11000.0,13069.0,84.1669829572524,Tropical Storm,45.0,51.8,996.0,2021-05-28,2021-06-06,9.0,Landfall,Tropical Depression,11.8172,124.862,30.0,2021-05-28,0,0.012290920999195931,16.760000228881836,0.00095857036886704,0.28369176980627264,-0.2654224987039917,-0.046044461952800875,0.7867128660702709,0.05917929151641811
2021148N05142,Choi-Wan (2021),2021.0,2021-0339-TWN,nat-met-sto-tro,TWN,Asia,0.0,0.0,0.0,0.0,0.0,0.0,0.0,0.0,0.0,84.1669829572524,Tropical Storm,45.0,51.8,996.0,2021-05-28,2021-06-06,9.0,Landfall,Tropical Depression,11.8172,124.862,30.0,2021-05-28,0,0.012290920999195931,16.760000228881836,0.00095857036886704,0.28369176980627264,-0.2654224987039917,-0.046044461952800875,0.7867128660702709,0.05917929151641811
2022182N20130,Aere (2022),2022.0,2022-0398-JPN,nat-met-sto-tro,JPN,Asia,0.0,0.0,2.0,390.0,392.0,0.0,0.0,0.0,0.0,90.9026974595266,Tropical Storm,45.0,51.8,988.0,2022-06-30,2022-07-09,8.2,Landfall,Tropical Depression,33.0821,129.914,25.0,2022-06-30,0,-0.002142708727182252,28.709999084472656,0.01202932546384372,0.49464607729843746,-0.3365079030447409,-0.2163856721543318,0.8217549682509461,-0.03270739480240962
2021239N17281,Ida (2021),2021.0,2021-0551-CUB,nat-met-sto-tro,CUB,Americas,0.0,0.0,0.0,0.0,0.0,0.0,0.0,100000.0,118811.0,84.1669829572524,Category 4,130.0,149.6,929.0,2021-08-26,2021-09-04,9.2,Landfall,Category 1,22.4,-83.2,70.0,2021-08-26,0,0.01455043785823329,18.84000015258789,0.04891884121435641,0.2750406901798185,-0.5822386913865331,-0.04055178011794458,1.9158578585641022,-0.01163726255953396
2021256N21265,Nicholas (2021),2021.0,2021-0583-USA,nat-met-sto-tro,USA,Americas,0.0,0.0,0.0,0.0,0.0,0.0,0.0,1000000.0,1188114.0,84.1669829572524,Category 1,65.0,74.8,988.0,2021-09-12,2021-09-17,4.8,Landfall,Category 1,28.8,-95.7,65.0,2021-09-13,1,-0.014346119639375043,19.3700008392334,0.011106550661631687,0.2899502369259042,0.7490986344183765,-0.0030419563547006145,1.9907159276759507,0.022319422958167967
2021346N05145,Rai (2021),2021.0,2021-0813-PHL,nat-met-sto-tro,PHL,Asia,0.0,457.0,1371.0,10607625.0,10608996.0,0.0,0.0,915271.0,1087447.0,84.1669829572524,Category 5,150.0,172.6,908.0,2021-12-11,2021-12-21,10.0,Landfall,Category 4,10.1,124.175,120.0,2021-12-13,2,0.01695747206104481,20.309999465942383,-0.005539679451714852,0.3267927245116763,-0.10527221257761299,-0.042498184248824344,1.1250946459822433,-0.011011539158238506
2022024S16044,Ana (2022),2022.0,2022-0052-MWI,nat-met-sto-tro,MWI,Africa,0.0,64.0,206.0,945728.0,945934.0,0.0,0.0,0.0,0.0,90.9026974595266,Tropical Storm,50.0,57.5,993.0,2022-01-23,2022-01-25,2.0,Landfall,Tropical Storm,-16.2274,39.6422,47.0,2022-01-24,1,-0.0535376093014478,29.899999618530273,-0.02542237205824993,0.25193536890706686,0.921353065539112,-0.029334388461724648,1.0184020476518942,0.025196787602076016
2022024S16044,Ana (2022),2022.0,2022-0052-ZWE,nat-met-sto-tro,ZWE,Africa,0.0,0.0,0.0,3000.0,3000.0,0.0,0.0,0.0,0.0,90.9026974595266,Tropical Storm,50.0,57.5,993.0,2022-01-23,2022-01-25,2.0,Landfall,Tropical Storm,-16.2274,39.6422,47.0,2022-01-24,1,-0.0535376093014478,29.899999618530273,-0.02542237205824993,0.25193536890706686,0.921353065539112,-0.029334388461724648,1.0184020476518942,0.025196787602076016
2022027S16084,Batsirai (2022),2022.0,2022-0061-MDG,nat-met-sto-tro,MDG,Africa,0.0,92.0,0.0,112115.0,112115.0,0.0,0.0,0.0,0.0,90.9026974595266,Category 4,124.0,142.7,932.0,2022-01-27,2022-02-08,12.5,Landfall,Category 3,-21.0,48.3,99.0,2022-01-27,0,-0.03471755518808961,30.489999771118164,0.03453140824785028,0.26706473530497205,0.2967416361835087,0.0,0.9191516503346915,-0.0034563431946333656
2022044S15061,Dumako (2022),2022.0,2022-0099-MDG,nat-met-sto-tro,MDG,Africa,0.0,14.0,0.0,9900.0,9900.0,0.0,0.0,0.0,0.0,90.9026974595266,Tropical Storm,51.0,58.7,995.0,2022-02-13,2022-02-16,3.2,Landfall,Tropical Storm,-17.1724,49.015,37.0,2022-02-14,1,-0.01842336190513416,28.329999923706055,-0.01476057196368874,0.2769700828727636,0.5289342438425535,-0.023576215108795817,0.6296634239904557,-0.01262827751896772
2022044S15061,Dumako (2022),2022.0,2022-0099-MOZ,nat-met-sto-tro,MOZ,Africa,0.0,14.0,0.0,23733.0,23733.0,0.0,0.0,0.0,0.0,90.9026974595266,Tropical Storm,51.0,58.7,995.0,2022-02-13,2022-02-16,3.2,Landfall,Tropical Storm,-17.1724,49.015,37.0,2022-02-14,1,-0.01842336190513416,28.329999923706055,-0.01476057196368874,0.2769700828727636,0.5289342438425535,-0.023576215108795817,0.6296634239904557,-0.01262827751896772
2022067S16050,Gombe (2022),2022.0,2022-0137-MWI,nat-met-sto-tro,MWI,Africa,0.0,7.0,0.0,0.0,0.0,0.0,0.0,0.0,0.0,90.9026974595266,Category 3,99.0,113.9,959.0,2022-03-08,2022-03-15,7.5,Landfall,Tropical Storm,-15.5,50.4,35.0,2022-03-08,0,-0.03193179897264575,35.130001068115234,0.08767034884026659,0.2642173292620024,0.5781439415282821,0.0,0.25495626145114175,-0.0798445865868588
2022099N11127,Megi (2022),2022.0,2022-0204-PHL,nat-met-sto-tro,PHL,Asia,0.0,346.0,8.0,2298780.0,2298788.0,0.0,0.0,41556.0,45715.0,90.9026974595266,Tropical Storm,39.0,44.9,999.0,2022-04-09,2022-04-12,3.5,Landfall,Tropical Storm,10.8,125.0,35.0,2022-04-11,2,-0.036952601631333515,24.3700008392334,-0.0002593194280213762,0.3260254267475945,0.14027308650347559,-0.030051590197462286,-0.06092736622456434,0.04245121115726723
2022240N26149,Hinnamnor (2022),2022.0,2022-0577-KOR,nat-met-sto-tro,KOR,Asia,0.0,12.0,3.0,36000.0,36003.0,0.0,0.0,0.0,0.0,90.9026974595266,Category 5,138.0,158.8,915.0,2022-08-28,2022-09-06,9.0,Landfall,Category 1,35.2872,129.179,81.0,2022-08-29,1,-0.02593455889402796,26.209999084472656,0.06026972668693831,0.30114635322248023,0.1406856587637484,0.0,0.6697269386807381,-0.038169567573416927
2022257N16312,Fiona (2022),2022.0,2022-0603-CAN,nat-met-sto-tro,CAN,Americas,0.0,1.0,0.0,4000.0,4000.0,0.0,0.0,0.0,0.0,90.9026974595266,Category 4,120.0,138.1,931.0,2022-09-14,2022-09-27,13.5,Landfall,Category 1,18.0,-67.1,75.0,2022-09-14,0,-0.00799434362250484,26.15999984741211,0.05070257955144042,0.3091974506062343,-0.1017023061904746,-0.021643395305493973,0.5271942501888344,-0.04558734098765162
2022257N16312,Fiona (2022),2022.0,2022-0603-DOM,nat-met-sto-tro,DOM,Americas,0.0,2.0,0.0,1434802.0,1434802.0,0.0,0.0,0.0,0.0,90.9026974595266,Category 4,120.0,138.1,931.0,2022-09-14,2022-09-27,13.5,Landfall,Category 1,18.0,-67.1,75.0,2022-09-14,0,-0.00799434362250484,26.15999984741211,0.05070257955144042,0.3091974506062343,-0.1017023061904746,-0.021643395305493973,0.5271942501888344,-0.04558734098765162
2022257N16312,Fiona (2022),2022.0,2022-0603-GLP,nat-met-sto-tro,GLP,Americas,0.0,1.0,0.0,0.0,0.0,0.0,0.0,0.0,0.0,90.9026974595266,Category 4,120.0,138.1,931.0,2022-09-14,2022-09-27,13.5,Landfall,Category 1,18.0,-67.1,75.0,2022-09-14,0,-0.00799434362250484,26.15999984741211,0.05070257955144042,0.3091974506062343,-0.1017023061904746,-0.021643395305493973,0.5271942501888344,-0.04558734098765162
2022266N12294,Ian (2022),2022.0,2022-0614-USA,nat-met-sto-tro,USA,Americas,0.0,152.0,0.0,0.0,0.0,60000000.0,66004642.0,100000000.0,110007737.0,90.9026974595266,Category 5,140.0,161.1,937.0,2022-09-22,2022-10-01,8.5,Landfall,Category 3,22.2,-83.7,110.0,2022-09-22,0,-0.03681636471397742,27.350000381469727,-0.04522321913644756,0.28913441410592916,0.033310429728878654,-0.08995890035201826,0.6206901410751713,-0.02199325000334464
2022280N11294,Julia (2022),2022.0,2022-0647-GTM,nat-met-sto-tro,GTM,Americas,0.0,4.0,11.0,457300.0,457311.0,0.0,0.0,0.0,0.0,90.9026974595266,Category 1,75.0,86.3,982.0,2022-10-06,2022-10-10,4.0,Landfall,Tropical Depression,12.0,-69.8,30.0,2022-10-06,0,0.028694137302272438,30.520000457763672,0.13553740276032888,0.47286895974278814,0.0845746761938102,0.0,0.8044669949709792,0.02710840617057895
2022297N16088,Sitrang (2022),2022.0,2022-0695-BGD,nat-met-sto-tro,BGD,Asia,0.0,35.0,0.0,1000000.0,1000000.0,0.0,0.0,0.0,0.0,90.9026974595266,Tropical Storm,45.0,51.8,994.0,2022-10-23,2022-10-24,1.2,Landfall,Tropical Storm,24.1,91.0,35.0,2022-10-24,1,0.0328500201997175,29.850000381469727,0.07455708386474758,0.37384670902784567,0.18436154194438292,0.0,0.8161507924586167,0.014644182286422166
2022304N16287,Lisa (2022),2022.0,2022-0719-BLZ,nat-met-sto-tro,BLZ,Americas,0.0,0.0,0.0,172000.0,172150.0,0.0,0.0,100000.0,110008.0,90.9026974595266,Category 1,80.0,92.1,985.0,2022-10-30,2022-11-05,5.5,Landfall,Category 1,17.4,-88.3,80.0,2022-10-31,1,0.01937328244552594,25.8799991607666,0.03045570210686277,0.3051018828356574,0.3229196301564723,0.0,0.8016996264305943,0.046216587737932066
2023037S12119,Freddy (2023),2023.0,2023-0095-MDG,nat-met-sto-tro,MDG,Africa,0.0,17.0,0.0,299000.0,299000.0,0.0,0.0,0.0,0.0,94.6446220103845,Category 5,138.0,158.8,924.0,2023-02-06,2023-02-24,18.0,Landfall,Category 2,-21.1,48.3,89.0,2023-02-06,0,0.023066069229040975,19.43000030517578,-0.04004968898284911,0.22934931385458188,0.152203451407811,-0.08097942601453001,0.7619768625161876,0.045959430943447184
2023140N05149,Mawar (2023),2023.0,2023-0300-JPN,nat-met-sto-tro,JPN,Asia,0.0,3.0,35.0,0.0,35.0,0.0,0.0,0.0,0.0,94.6446220103845,Category 5,159.0,183.0,897.0,2023-05-20,2023-06-03,14.2,At Sea / Open Water,At Sea / Open Water,0.0,0.0,0.0,2023-05-22,2,0.013994856779278475,17.209999084472656,0.004941581484293023,0.2598498485870412,-0.1721022842499217,-0.06836588071821115,1.179123042339156,-0.020935037668100738
2023140N05149,Mawar (2023),2023.0,2023-0300-TWN,nat-met-sto-tro,TWN,Asia,0.0,1.0,0.0,0.0,0.0,0.0,0.0,0.0,0.0,94.6446220103845,Category 5,159.0,183.0,897.0,2023-05-20,2023-06-03,14.2,At Sea / Open Water,At Sea / Open Water,0.0,0.0,0.0,2023-05-22,2,0.013994856779278475,17.209999084472656,0.004941581484293023,0.2598498485870412,-0.1721022842499217,-0.06836588071821115,1.179123042339156,-0.020935037668100738
2023273N16134,Koinu (2023),2023.0,2023-0623-HKG,nat-met-sto-tro,HKG,Asia,0.0,0.0,0.0,0.0,0.0,0.0,0.0,0.0,0.0,94.6446220103845,Category 4,119.0,136.9,940.0,2023-09-29,2023-10-10,10.5,Landfall,Category 3,22.0,120.8,109.0,2023-09-29,0,-0.006830596083547413,17.520000457763672,0.012092790871398362,0.2090497621387539,0.1498024598620309,-0.024667898913090958,0.5361037604733576,-0.05413770608837498
2023157N12066,Biparjoy (2023),2023.0,2023-0331-IND,nat-met-sto-tro,IND,Asia,0.0,7.0,0.0,10000.0,10000.0,0.0,0.0,0.0,0.0,94.6446220103845,Category 3,105.0,120.8,945.0,2023-06-06,2023-06-16,10.2,Landfall,Tropical Storm,23.4,68.7,54.0,2023-06-06,0,0.018682489391372403,13.960000038146973,0.026295480172261465,0.2146002237024401,-0.13837288875224385,-0.006210321862025192,1.1671561792529912,-0.012033763256133777
2023170N11323,Bret (2023),2023.0,2023-0360-VCT,nat-met-sto-tro,VCT,Americas,0.0,0.0,0.0,150.0,150.0,0.0,0.0,0.0,0.0,94.6446220103845,Tropical Storm,60.0,69.0,996.0,2023-06-19,2023-06-24,5.5,At Sea / Open Water,At Sea / Open Water,0.0,0.0,0.0,2023-06-20,1,0.011535279477939975,13.880000114440918,-0.018619609847893126,0.22086499363167758,0.16942864209745245,-0.0374990676531507,0.9407832736860866,0.009447413213707751
2023203N14132,Doksuri (2023),2023.0,2023-0464-CHN,nat-met-sto-tro,CHN,Asia,0.0,56.0,39.0,880000.0,880039.0,0.0,0.0,25000000.0,26414602.0,94.6446220103845,Category 4,128.0,147.3,926.0,2023-07-21,2023-07-28,6.8,Landfall,Category 2,24.7901,118.563,83.0,2023-07-21,0,0.006454696523574777,13.600000381469728,0.034990884949282375,0.20068293899961107,-0.2832395960734925,0.0,0.8717111974291203,0.009248799672697598
2024147N19089,Remal (2024),2024.0,2024-0320-IND,nat-met-sto-tro,IND,Asia,0.0,51.0,500.0,2109143.0,2109643.0,0.0,0.0,0.0,0.0,97.436175616134,Tropical Storm,54.0,62.1,978.0,2024-05-25,2024-05-27,2.2,Landfall,Tropical Storm,21.7,88.4,54.0,2024-05-28,3,-0.0004715963702689452,12.920000076293944,-0.02151782245603928,0.1709087634357321,0.4355487568662899,-0.02790657109156569,0.4381703883735152,-0.02504151451886326
2000025S15056,Connie (2000),2000.0,2000-0037-REU,nat-met-sto-tro,REU,Africa,0.0,2.0,0.0,0.0,600.0,0.0,0.0,0.0,0.0,53.4877366816787,Category 4,120.0,138.1,985.0,2000-01-25,2000-02-02,8.5,At Sea / Open Water,At Sea / Open Water,0.0,0.0,0.0,2000-01-25,0,-0.026574714140957245,23.020000457763672,-0.014301505188635044,0.2760903639534461,-0.4769230769230769,-0.03759436290430751,0.3375599975883801,-0.02440757670206674
2001364S19036,Cyprien (2002),2002.0,2002-0004-MDG,nat-met-sto-tro,MDG,Africa,0.0,2.0,0.0,1900.0,1900.0,0.0,0.0,181.0,324.0,55.8716960740501,Tropical Storm,50.0,57.5,987.0,2001-12-30,2002-01-03,4.8,Landfall,Tropical Storm,-22.0333,43.2667,45.0,2001-12-31,1,-0.005654775919749722,23.799999237060547,0.03088854873409619,0.22747839284255894,-0.08194233687405161,-0.011110669963459219,0.6468309434450494,-0.030541345674375758
2002265N10315,Lili (2002),2002.0,2002-0636-CUB,nat-met-sto-tro,CUB,Americas,0.0,3.0,0.0,281470.0,281470.0,1000.0,1790.0,23000.0,41166.0,55.8716960740501,Category 4,125.0,143.8,938.0,2002-09-21,2002-10-04,12.8,Landfall,Category 2,22.1,-84.0,90.0,2002-09-23,2,-0.06513520762552238,39.68000030517578,-0.05572019414834839,0.2719938863020667,0.6533742331288344,-0.09625224407229538,1.0212712326207467,0.023300542167857964
2002258N10300,Isidore (2002),2002.0,2002-0656-JAM,nat-met-sto-tro,JAM,Americas,0.0,0.0,0.0,0.0,0.0,0.0,0.0,1000.0,1790.0,55.8716960740501,Category 3,110.0,126.6,934.0,2002-09-14,2002-09-27,13.0,Landfall,Tropical Depression,10.0856,-61.4549,25.0,2002-09-16,2,-0.008492887094594281,36.7400016784668,0.008960931369853542,0.27505962467630285,-0.05324298160696994,-0.04576252382807888,0.99070063519398,0.00880929741974841
2002265N10315,Lili (2002),2002.0,2002-0657-HTI,nat-met-sto-tro,HTI,Americas,0.0,4.0,0.0,250.0,250.0,0.0,0.0,0.0,0.0,55.8716960740501,Category 4,125.0,143.8,938.0,2002-09-21,2002-10-04,12.8,Landfall,Category 2,22.1,-84.0,90.0,2002-09-23,2,-0.06513520762552238,39.68000030517578,-0.05572019414834839,0.2719938863020667,0.6533742331288344,-0.09625224407229538,1.0212712326207467,0.023300542167857964
2002265N10315,Lili (2002),2002.0,2002-0724-USA,nat-met-sto-tro,USA,Americas,0.0,0.0,0.0,0.0,0.0,750000.0,1342361.0,2000000.0,3579630.0,55.8716960740501,Category 4,125.0,143.8,938.0,2002-09-21,2002-10-04,12.8,Landfall,Category 2,22.1,-84.0,90.0,2002-09-23,2,-0.06513520762552238,39.68000030517578,-0.05572019414834839,0.2719938863020667,0.6533742331288344,-0.09625224407229538,1.0212712326207467,0.023300542167857964
2002335N05166,Pongsona (2002),2002.0,2002-0753-GUM,nat-met-sto-tro,GUM,Oceania,0.0,1.0,0.0,6000.0,11100.0,0.0,0.0,70000.0,125287.0,55.8716960740501,Category 4,130.0,149.6,910.0,2002-12-01,2002-12-11,10.5,At Sea / Open Water,At Sea / Open Water,0.0,0.0,0.0,2002-12-02,1,0.007600253690323244,27.459999084472656,0.022252547853741422,0.2503881410169608,-0.1660351360661385,0.0,0.7505319166011731,0.03647269944085868
2002258N10300,Isidore (2002),2002.0,2002-0850-NIC,nat-met-sto-tro,NIC,Americas,0.0,2.0,0.0,300.0,300.0,0.0,0.0,1000.0,1790.0,55.8716960740501,Category 3,110.0,126.6,934.0,2002-09-14,2002-09-27,13.0,Landfall,Tropical Depression,10.0856,-61.4549,25.0,2002-09-16,2,-0.008492887094594281,36.7400016784668,0.008960931369853542,0.27505962467630285,-0.05324298160696994,-0.04576252382807888,0.99070063519398,0.00880929741974841
2003359S15177,Heta (2004),2004.0,2004-0004-TON,nat-met-sto-tro,TON,Oceania,0.0,0.0,0.0,0.0,0.0,0.0,0.0,0.0,0.0,58.6698092933412,Category 5,140.0,161.1,898.0,2003-12-25,2004-01-12,17.8,At Sea / Open Water,At Sea / Open Water,0.0,0.0,0.0,2003-12-26,1,0.004541899958330209,17.450000762939453,0.00706712714266633,0.1535304846118667,-0.8019685962034216,0.0,0.624523931906057,0.010351679588886779
2004177N12154,Tingting (2004),2004.0,2004-0312-GUM,nat-met-sto-tro,GUM,Oceania,0.0,1.0,0.0,300.0,300.0,0.0,0.0,0.0,0.0,58.6698092933412,Category 1,80.0,92.1,963.0,2004-06-24,2004-07-13,18.2,At Sea / Open Water,At Sea / Open Water,0.0,0.0,0.0,2004-06-24,0,0.008587859896759253,14.8100004196167,0.018114030479684518,0.16760371522305983,3.0393813075910483,-0.005958126437770717,1.0521364109121767,0.00765816082120151
2004230N09172,Chaba (2004),2004.0,2004-0445-GUM,nat-met-sto-tro,GUM,Oceania,0.0,0.0,0.0,0.0,0.0,0.0,0.0,1000.0,1704.0,58.6698092933412,Category 5,155.0,178.4,879.0,2004-08-17,2004-09-05,19.5,Landfall,Category 2,33.475,131.125,85.0,2004-08-17,0,0.004890429817539399,17.020000457763672,-0.02267619593547132,0.19835675721550178,1.381105231196322,-0.06707318256556782,0.6637330166651549,0.0026622010461231933
2005017S09061,Ernest (2005),2005.0,2005-0048-MDG,nat-met-sto-tro,MDG,Africa,0.0,78.0,8.0,0.0,7985.0,0.0,0.0,0.0,0.0,60.6603317527392,Category 3,100.0,115.1,944.0,2005-01-16,2005-01-25,8.8,Landfall,Category 1,-25.1897,44.3635,82.0,2005-01-18,2,0.003949265079441933,12.470000267028809,0.04513192364001806,0.20622041949284378,-0.08747612066284594,0.0,0.6054529804995782,0.014483356180192876
2005054S09173,Percy (2005),2005.0,2005-0102-COK,nat-met-sto-tro,COK,Oceania,0.0,0.0,8.0,600.0,608.0,0.0,0.0,0.0,0.0,60.6603317527392,Category 5,140.0,161.1,898.0,2005-02-23,2005-03-05,10.5,At Sea / Open Water,At Sea / Open Water,0.0,0.0,0.0,2005-02-23,0,-0.013869250463263594,12.390000343322754,0.04240632844829406,0.18652657166932843,0.1967568760111782,0.0,0.8823858911505611,0.019225133887635498
2005192N11318,Emily (2005),2005.0,2005-0382-TTO,nat-met-sto-tro,TTO,Americas,0.0,0.0,0.0,0.0,0.0,0.0,0.0,0.0,0.0,60.6603317527392,Category 5,140.0,161.1,929.0,2005-07-11,2005-07-21,10.5,Landfall,Category 2,20.6198,-88.0304,92.0,2005-07-11,0,0.020162872049588776,11.279999732971191,0.025088394921357393,0.21662651282956735,0.22716688227684356,-0.004700860273300966,1.456697373262884,-0.03495310830114457
2005236N23285,Katrina (2005),2005.0,2005-0467-USA,nat-met-sto-tro,USA,Americas,0.0,1833.0,0.0,500000.0,500000.0,60000000.0,98911427.0,125000000.0,206065474.0,60.6603317527392,Category 5,150.0,172.6,902.0,2005-08-23,2005-08-31,7.5,Landfall,Category 1,26.0,-80.1,70.0,2005-08-23,0,0.0002460786436504492,13.34000015258789,-0.007820341629416139,0.18569671422761658,0.013928494404639169,-0.04078796626811776,0.9985871465950765,0.031916674313855115
2005237N14148,Talim (2005),2005.0,2005-0492-CHN,nat-met-sto-tro,CHN,Asia,86.0,159.0,0.0,19624000.0,19624000.0,0.0,0.0,1900000.0,3132195.0,60.6603317527392,Category 4,130.0,149.6,910.0,2005-08-24,2005-09-03,9.5,Landfall,Category 2,23.85,121.475,95.0,2005-08-24,0,-0.0085923412548774,14.170000076293944,0.025279393773507852,0.18781068554840524,-0.4811660614958113,-0.03163550395505377,0.8940460228198327,0.029924089369751765
2005180N20265,Bret (2005),2005.0,2005-0524-MEX,nat-met-sto-tro,MEX,Americas,0.0,2.0,0.0,15000.0,15000.0,0.0,0.0,10000.0,16485.0,60.6603317527392,Tropical Storm,35.0,40.3,1002.0,2005-06-28,2005-06-30,1.2,Landfall,Tropical Storm,20.8,-97.3,35.0,2005-06-28,0,-0.010866363244651733,11.579999923706056,-0.0031167683050848938,0.19323296432992887,-0.29916198600306376,-0.024188848706699795,1.358738115465266,0.033928091418850045
2005257N15120,Vicente (2005),2005.0,2005-0536-VNM,nat-met-sto-tro,VNM,Asia,0.0,8.0,0.0,8500.0,8500.0,0.0,0.0,20000.0,32970.0,60.6603317527392,Tropical Storm,50.0,57.5,987.0,2005-09-14,2005-09-19,4.8,Landfall,Tropical Storm,18.1333,105.964,47.0,2005-09-14,0,-0.005649596811718394,12.90999984741211,0.010313907978791281,0.2426363875636186,-0.10056416089655018,-0.016666617133418438,0.8931646423544743,0.054044989955572394
2005262N13127,Damrey (2005),2005.0,2005-0540-PHL,nat-met-sto-tro,PHL,Asia,0.0,16.0,0.0,20000.0,20000.0,0.0,0.0,2000.0,3297.0,60.6603317527392,Category 2,90.0,103.6,954.0,2005-09-19,2005-09-28,9.0,Landfall,Category 1,18.8617,110.331,75.0,2005-09-19,0,-0.00591908025447252,12.140000343322754,0.04047530289475132,0.23038965067554715,0.15830024680759736,0.0,0.9318664289579028,0.008822770883903165
2005262N13127,Damrey (2005),2005.0,2005-0540-THA,nat-met-sto-tro,THA,Asia,0.0,10.0,0.0,2000.0,2000.0,0.0,0.0,20000.0,32970.0,60.6603317527392,Category 2,90.0,103.6,954.0,2005-09-19,2005-09-28,9.0,Landfall,Category 1,18.8617,110.331,75.0,2005-09-19,0,-0.00591908025447252,12.140000343322754,0.04047530289475132,0.23038965067554715,0.15830024680759736,0.0,0.9318664289579028,0.008822770883903165
2005262N13127,Damrey (2005),2005.0,2005-0540-VNM,nat-met-sto-tro,VNM,Asia,717.0,75.0,28.0,337632.0,337660.0,0.0,0.0,219250.0,361439.0,60.6603317527392,Category 2,90.0,103.6,954.0,2005-09-19,2005-09-28,9.0,Landfall,Category 1,18.8617,110.331,75.0,2005-09-19,0,-0.00591908025447252,12.140000343322754,0.04047530289475132,0.23038965067554715,0.15830024680759736,0.0,0.9318664289579028,0.008822770883903165
2005275N19274,Stan (2005),2005.0,2005-0567-CRI,nat-met-sto-tro,CRI,Americas,0.0,1.0,0.0,1074.0,1074.0,0.0,0.0,20000.0,32970.0,60.6603317527392,Category 1,70.0,80.6,977.0,2005-10-01,2005-10-05,3.8,Landfall,Tropical Storm,19.5456,-87.3758,36.0,2005-10-03,2,0.008389168487006993,12.460000038146973,0.00018639927217867225,0.21308321842428432,-0.43402493169398904,-0.01815849613425935,0.8266991095608877,-0.0617627259624592
2005275N19274,Stan (2005),2005.0,2005-0567-HND,nat-met-sto-tro,HND,Americas,0.0,6.0,0.0,2869.0,2869.0,0.0,0.0,100000.0,164852.0,60.6603317527392,Category 1,70.0,80.6,977.0,2005-10-01,2005-10-05,3.8,Landfall,Tropical Storm,19.5456,-87.3758,36.0,2005-10-03,2,0.008389168487006993,12.460000038146973,0.00018639927217867225,0.21308321842428432,-0.43402493169398904,-0.01815849613425935,0.8266991095608877,-0.0617627259624592
2005275N19274,Stan (2005),2005.0,2005-0567-SLV,nat-met-sto-tro,SLV,Americas,0.0,69.0,0.0,72141.0,72141.0,0.0,0.0,355700.0,586380.0,60.6603317527392,Category 1,70.0,80.6,977.0,2005-10-01,2005-10-05,3.8,Landfall,Tropical Storm,19.5456,-87.3758,36.0,2005-10-03,2,0.008389168487006993,12.460000038146973,0.00018639927217867225,0.21308321842428432,-0.43402493169398904,-0.01815849613425935,0.8266991095608877,-0.0617627259624592
2005300N10279,Beta (2005),2005.0,2005-0625-COL,nat-met-sto-tro,COL,Americas,0.0,0.0,0.0,3074.0,3074.0,0.0,0.0,0.0,0.0,60.6603317527392,Category 3,100.0,115.1,962.0,2005-10-26,2005-10-31,4.2,Landfall,Category 2,12.9,-83.5,90.0,2005-10-26,0,-0.003422694467355769,14.59000015258789,0.013411780702276666,0.4069522102482577,-0.33190681316402315,-0.11298560290299198,1.5887465334376478,0.0038901189398221486
2005300N10279,Beta (2005),2005.0,2005-0625-HND,nat-met-sto-tro,HND,Americas,0.0,0.0,0.0,11000.0,11000.0,0.0,0.0,0.0,0.0,60.6603317527392,Category 3,100.0,115.1,962.0,2005-10-26,2005-10-31,4.2,Landfall,Category 2,12.9,-83.5,90.0,2005-10-26,0,-0.003422694467355769,14.59000015258789,0.013411780702276666,0.4069522102482577,-0.33190681316402315,-0.11298560290299198,1.5887465334376478,0.0038901189398221486
2005318N13298,Gamma (2005),2005.0,2005-0640-BLZ,nat-met-sto-tro,BLZ,Americas,0.0,3.0,0.0,0.0,0.0,0.0,0.0,0.0,0.0,60.6603317527392,Tropical Storm,45.0,51.8,1002.0,2005-11-14,2005-11-22,8.0,Landfall,Tropical Depression,15.7648,-84.4725,30.0,2005-11-14,0,0.011944737222543411,12.18000030517578,-0.018914922133319245,0.38915465414741807,-0.2826849053011835,-0.06486450611548811,1.6913279673754626,0.02492236598967839
2005318N13298,Gamma (2005),2005.0,2005-0640-HND,nat-met-sto-tro,HND,Americas,507.0,47.0,0.0,90000.0,90000.0,0.0,0.0,15500.0,25552.0,60.6603317527392,Tropical Storm,45.0,51.8,1002.0,2005-11-14,2005-11-22,8.0,Landfall,Tropical Depression,15.7648,-84.4725,30.0,2005-11-14,0,0.011944737222543411,12.18000030517578,-0.018914922133319245,0.38915465414741807,-0.2826849053011835,-0.06486450611548811,1.6913279673754626,0.02492236598967839
2005138N10265,Adrian (2005),2005.0,2005-0732-SLV,nat-met-sto-tro,SLV,Americas,0.0,0.0,0.0,0.0,0.0,0.0,0.0,0.0,0.0,60.6603317527392,Category 1,70.0,80.6,982.0,2005-05-17,2005-05-21,3.2,Landfall,Tropical Depression,13.3,-87.6,20.0,2005-05-17,0,0.008404338613033913,14.56999969482422,-0.03980504939326723,0.3115941572649489,0.21299282392113517,-0.07764494757451079,1.3187166875744767,0.007967268159864215
2006006S11129,Clare (2006),2006.0,2006-0043-AUS,nat-met-sto-tro,AUS,Oceania,0.0,0.0,0.0,1500.0,1500.0,0.0,0.0,2354.0,3759.0,62.6171947810345,Tropical Storm,60.0,69.0,980.0,2006-01-06,2006-01-10,4.5,Landfall,Tropical Storm,-20.9,116.3,55.0,2006-01-06,0,0.025960818213123016,11.0,0.06706590938338075,0.27804870717106167,0.4444957451381537,0.0,2.077554340063094,0.014824350099206095
2006188N10143,Bilis (2006),2006.0,2006-0362-VNM,nat-met-sto-tro,VNM,Asia,0.0,17.0,0.0,0.0,2000.0,0.0,0.0,0.0,0.0,62.6171947810345,Tropical Storm,50.0,57.5,987.0,2006-07-07,2006-07-17,10.5,Landfall,Tropical Storm,26.4267,119.487,40.0,2006-07-07,0,-0.005185582454951154,13.970000267028809,0.0022988453937695663,0.31112646327923665,-0.3522337674302297,-0.016139800342623745,1.5581909651702592,0.05796082246271371
2007043S11071,Favio (2007),2007.0,2007-0080-MOZ,nat-met-sto-tro,MOZ,Africa,0.0,10.0,70.0,162700.0,162770.0,0.0,0.0,0.0,0.0,64.4034636847652,Category 4,120.0,138.1,922.0,2007-02-11,2007-02-23,12.0,Landfall,Category 2,-21.6667,35.1,90.0,2007-02-12,1,-0.00966514221806325,11.609999656677246,-0.016902844064472178,0.19983055281231343,0.4261827391032389,-0.017909270640746433,1.2966625364714224,-0.027405533713093896
2007066S12066,Indlala (2007),2007.0,2007-0095-MDG,nat-met-sto-tro,MDG,Africa,18703.0,80.0,16.0,203182.0,215198.0,0.0,0.0,240000.0,372651.0,64.4034636847652,Category 4,120.0,138.1,927.0,2007-03-07,2007-03-19,12.5,Landfall,Category 3,-14.8941,50.2924,105.0,2007-03-07,0,-0.009720417342819143,15.239999771118164,0.004394617231594289,0.2114287502373782,0.3618337971874501,-0.03135556255139793,1.0933317885313416,0.0030687882447559744
2007227N24269,Erin (2007),2007.0,2007-0359-USA,nat-met-sto-tro,USA,Americas,0.0,26.0,0.0,0.0,0.0,0.0,0.0,248000.0,385072.0,64.4034636847652,Tropical Storm,50.0,57.5,995.0,2007-08-15,2007-08-19,4.8,Landfall,Tropical Depression,28.4186,-97.4563,27.0,2007-08-15,0,-0.05866709222587807,30.670000076293945,-0.055516048731536816,0.30302629219584615,-0.13686394683892833,-0.11903225543715257,1.240945483573607,-0.02340502790591175
2007223N19136,Sepat (2007),2007.0,2007-0380-CHN,nat-met-sto-tro,CHN,Asia,0.0,39.0,0.0,8000000.0,8000000.0,0.0,0.0,890555.0,1382775.0,64.4034636847652,Category 5,140.0,161.1,918.0,2007-08-11,2007-08-24,13.2,Landfall,Category 3,23.55,121.025,100.0,2007-08-13,2,-0.006702753597439215,26.56999969482422,0.019549259141972586,0.3091933954622857,-0.6389820998316702,-0.08809701239505419,1.2501123379354433,-0.0015587358677312327
2007244N12303,Felix (2007),2007.0,2007-0439-SLV,nat-met-sto-tro,SLV,Americas,0.0,0.0,0.0,2800.0,2800.0,0.0,0.0,0.0,0.0,64.4034636847652,Category 5,150.0,172.6,929.0,2007-08-31,2007-09-06,6.2,Landfall,Category 5,14.3,-83.2,140.0,2007-08-31,0,-0.004988696038124574,23.3799991607666,0.008375916912696457,0.2983739848633483,-0.14818510345709812,0.0,1.2541358562506388,0.01987761845028934
2007297N18300,Noel (2007),2007.0,2007-0523-BHS,nat-met-sto-tro,BHS,Americas,0.0,1.0,0.0,7000.0,7000.0,0.0,0.0,0.0,0.0,64.4034636847652,Category 1,75.0,86.3,965.0,2007-10-24,2007-11-06,13.0,Landfall,Tropical Storm,19.7408,-73.2102,42.0,2007-10-24,0,-0.017957574510303997,20.799999237060547,-0.03109674774329929,0.2430713420422176,-0.002114519991042396,-0.03854041650548168,1.1740704629275653,-0.003128836089276079
2007297N18300,Noel (2007),2007.0,2007-0523-CUB,nat-met-sto-tro,CUB,Americas,0.0,1.0,0.0,192488.0,192488.0,0.0,0.0,500000.0,776356.0,64.4034636847652,Category 1,75.0,86.3,965.0,2007-10-24,2007-11-06,13.0,Landfall,Tropical Storm,19.7408,-73.2102,42.0,2007-10-24,0,-0.017957574510303997,20.799999237060547,-0.03109674774329929,0.2430713420422176,-0.002114519991042396,-0.03854041650548168,1.1740704629275653,-0.003128836089276079
2007297N18300,Noel (2007),2007.0,2007-0523-DOM,nat-met-sto-tro,DOM,Americas,0.0,129.0,0.0,79728.0,79728.0,0.0,0.0,77700.0,120646.0,64.4034636847652,Category 1,75.0,86.3,965.0,2007-10-24,2007-11-06,13.0,Landfall,Tropical Storm,19.7408,-73.2102,42.0,2007-10-24,0,-0.017957574510303997,20.799999237060547,-0.03109674774329929,0.2430713420422176,-0.002114519991042396,-0.03854041650548168,1.1740704629275653,-0.003128836089276079
2007274N18131,Krosa (2007),2007.0,2007-0552-TWN,nat-met-sto-tro,TWN,Asia,0.0,18.0,67.0,1000.0,1067.0,0.0,0.0,35000.0,54345.0,64.4034636847652,Category 4,130.0,149.6,926.0,2007-10-01,2007-10-14,12.8,Landfall,Category 3,24.9597,121.582,102.0,2007-10-01,0,0.01720609821943353,17.84000015258789,0.007146609406612825,0.19635915414713304,0.0898889000997769,0.0,1.2025427291140947,-0.028607160763207802
2007345N18298,Olga (2007),2007.0,2007-0612-HTI,nat-met-sto-tro,HTI,Americas,0.0,3.0,2.0,2090.0,2352.0,0.0,0.0,0.0,0.0,64.4034636847652,Tropical Storm,50.0,57.5,1003.0,2007-12-10,2007-12-16,5.8,Landfall,Tropical Storm,18.4,-66.5,40.0,2007-12-10,0,0.02979407229136699,20.739999771118164,0.04338950011934628,0.38783341454592085,-0.41738205109840076,0.0,1.29728416700459,0.03549654698099448
2008117N11090,Nargis (2008),2008.0,2008-0184-LKA,nat-met-sto-tro,LKA,Asia,0.0,9.0,0.0,50000.0,50000.0,0.0,0.0,0.0,0.0,66.8759741789087,Category 4,115.0,132.3,937.0,2008-04-25,2008-05-04,8.5,Landfall,Category 4,16.0,94.5,115.0,2008-04-25,0,0.008088140441964597,19.59000015258789,-0.008493176899198152,0.20964824716751063,0.5979429620157444,-0.02009879785620894,1.1186670093013318,-0.032318202645417134
2008241N19303,Hanna (2008),2008.0,2008-0378-USA,nat-met-sto-tro,USA,Americas,0.0,7.0,0.0,0.0,0.0,0.0,0.0,160000.0,239249.0,66.8759741789087,Category 1,75.0,86.3,977.0,2008-08-28,2008-09-08,11.5,Landfall,Tropical Storm,34.5805,-78.498,54.0,2008-08-28,0,0.018701073929630496,19.43000030517578,-0.017938941525234897,0.35910707438842543,-0.14327572641688602,-0.017938941525234897,0.3657388250275958,-0.07152362125021818
2008245N17323,Ike (2008),2008.0,2008-0384-USA,nat-met-sto-tro,USA,Americas,0.0,82.0,0.0,200000.0,200000.0,15000000.0,22429580.0,30000000.0,44859160.0,66.8759741789087,Category 4,125.0,143.8,935.0,2008-09-01,2008-09-15,14.2,Landfall,Category 3,21.0,-73.2,110.0,2008-09-02,1,0.007636362239721528,21.989999771118164,-0.04209107685220659,0.3741724708995926,1.253356139300994,-0.07620771149891847,0.262151388061078,-0.0937030652370545
2008311N14278,Paloma (2008),2008.0,2008-0514-CYM,nat-met-sto-tro,CYM,Americas,0.0,0.0,0.0,0.0,0.0,0.0,0.0,0.0,0.0,66.8759741789087,Category 4,125.0,143.8,944.0,2008-11-05,2008-11-14,8.5,Landfall,Category 2,20.7,-78.0,90.0,2008-11-05,0,0.03341180527494125,54.560001373291016,0.05235803368873482,1.370319169487885,-0.3320173589506894,-0.04469987972105005,1.33742109533649,0.024736555862508725
2010038S08194,Pat (2010),2010.0,2010-0078-COK,nat-met-sto-tro,COK,Oceania,0.0,0.0,8.0,2194.0,2202.0,0.0,0.0,0.0,0.0,67.7310945291778,Category 2,90.0,103.6,956.0,2010-02-06,2010-02-12,5.2,At Sea / Open Water,At Sea / Open Water,0.0,0.0,0.0,2010-02-08,2,-0.029066526986510022,26.510000228881836,-0.04547068285105438,0.2472198824884388,0.10552277738810734,-0.10760562180588473,1.267624938107243,0.012712656730251855
2010149N13266,Agatha (2010),2010.0,2010-0211-SLV,nat-met-sto-tro,SLV,Americas,0.0,11.0,3.0,11250.0,11253.0,0.0,0.0,20000.0,29529.0,67.7310945291778,Tropical Storm,40.0,46.0,1001.0,2010-05-28,2010-05-30,1.8,Landfall,Tropical Storm,14.6,-91.9,35.0,2010-05-28,0,0.0023829369842960357,32.06999969482422,-0.0003771590976241468,0.3591143886678207,-0.34433957565494566,-0.12444324930637518,1.1294056525221836,0.003309879221622819
2010198N15123,Chanthu (2010),2010.0,2010-0332-VNM,nat-met-sto-tro,VNM,Asia,0.0,10.0,0.0,12400.0,12400.0,0.0,0.0,0.0,0.0,67.7310945291778,Category 1,80.0,92.1,963.0,2010-07-17,2010-07-23,6.5,Landfall,Tropical Depression,15.2667,121.233,25.0,2010-07-19,2,-0.006850207415910248,25.969999313354492,-0.00800326885632141,0.2533903539573761,0.5281409545626241,-0.06181303804003424,1.182957968624152,-0.005013514489183912
2010234N14267,Frank (2010),2010.0,2010-0426-MEX,nat-met-sto-tro,MEX,Americas,0.0,6.0,0.0,154000.0,154000.0,0.0,0.0,0.0,0.0,67.7310945291778,Category 1,80.0,92.1,978.0,2010-08-21,2010-08-29,7.2,At Sea / Open Water,At Sea / Open Water,0.0,0.0,0.0,2010-08-23,2,-0.010530386756879007,25.65999984741211,-0.021184963031047666,0.20575605815238882,-0.20512945156868279,-0.07281116645581998,1.248285724593508,0.004428395975706288
2010233N17119,Mindulle (2010),2010.0,2010-0432-VNM,nat-met-sto-tro,VNM,Asia,0.0,14.0,20.0,20560.0,20700.0,0.0,0.0,44000.0,64963.0,67.7310945291778,Category 1,65.0,74.8,974.0,2010-08-20,2010-08-25,4.2,Landfall,Tropical Storm,18.975,105.5,45.0,2010-08-20,0,-0.007201475153100434,25.489999771118164,-0.021743402858605654,0.20906190475872968,0.3653966614283988,-0.07316668218818345,1.2512417981421906,0.006071686282932269
2010240N15142,Kompasu (2010),2010.0,2010-0479-PRK,nat-met-sto-tro,PRK,Asia,0.0,20.0,0.0,40000.0,40000.0,0.0,0.0,0.0,0.0,67.7310945291778,Category 3,105.0,120.8,944.0,2010-08-27,2010-09-06,9.8,Landfall,Category 1,38.1,127.15,65.0,2010-08-27,0,-0.006230633514645478,24.450000762939453,-0.0017243427994977356,0.23558263865836182,0.5862515795149983,-0.07476486054608689,1.1742621715133228,-0.003977236902581921
2010293N17093,Giri (2010),2010.0,2010-0554-MMR,nat-met-sto-tro,MMR,Asia,0.0,45.0,49.0,260000.0,260049.0,0.0,0.0,57000.0,84156.0,67.7310945291778,Category 4,135.0,155.4,922.0,2010-10-19,2010-10-24,4.5,Landfall,Category 3,20.0748,93.4915,107.0,2010-10-19,0,-0.0023930438929143927,20.6299991607666,-0.004107510201328712,0.17363520179102307,0.1571607731126725,-0.01987526637266246,1.1677420707244217,0.003979229157855275
2010302N09306,Tomas (2010),2010.0,2010-0571-LCA,nat-met-sto-tro,LCA,Americas,0.0,14.0,0.0,181000.0,181000.0,0.0,0.0,500.0,738.0,67.7310945291778,Category 2,85.0,97.8,982.0,2010-10-29,2010-11-10,12.5,At Sea / Open Water,At Sea / Open Water,0.0,0.0,0.0,2010-10-29,0,0.001182889238901419,21.200000762939453,-0.0010114585485024863,0.1498176228631567,0.42696834786851245,-0.005706252892488162,1.156944438731265,0.010521423411423293
2010302N09306,Tomas (2010),2010.0,2010-0571-VCT,nat-met-sto-tro,VCT,Americas,0.0,0.0,0.0,6000.0,6100.0,0.0,0.0,48000.0,70868.0,67.7310945291778,Category 2,85.0,97.8,982.0,2010-10-29,2010-11-10,12.5,At Sea / Open Water,At Sea / Open Water,0.0,0.0,0.0,2010-10-29,0,0.001182889238901419,21.200000762939453,-0.0010114585485024863,0.1498176228631567,0.42696834786851245,-0.005706252892488162,1.156944438731265,0.010521423411423293
2010249N24125,Meranti (2010),2010.0,2010-0691-CHN,nat-met-sto-tro,CHN,Asia,0.0,3.0,0.0,0.0,186000.0,0.0,0.0,0.0,0.0,67.7310945291778,Category 1,65.0,74.8,974.0,2010-09-06,2010-09-14,8.0,Landfall,Tropical Storm,24.8619,118.712,57.0,2010-09-07,1,0.04111684104057822,23.799999237060547,0.03993023830715137,0.25079886011498315,0.24576807985496796,-0.03645535198596017,1.14607775566994,-0.005616097407485143
2010305N06105,Jal (2010),2010.0,2010-0693-IND,nat-met-sto-tro,IND,Asia,0.0,22.0,0.0,0.0,0.0,0.0,0.0,0.0,0.0,67.7310945291778,Tropical Storm,55.0,63.3,982.0,2010-10-31,2010-11-08,7.4,Landfall,Tropical Depression,7.63545,99.7997,20.0,2010-11-01,1,-0.0014324332608796064,21.829999923706055,-0.0025230358354534355,0.13961319255879895,0.05878518831695034,-0.004531474391476831,1.1499405559840858,0.015366501206782138
2011233N15301,Irene (2011),2011.0,2011-0328-USA,nat-met-sto-tro,USA,Americas,0.0,46.0,0.0,370000.0,370000.0,0.0,0.0,7300000.0,10448085.0,69.869263508865,Category 3,105.0,120.8,942.0,2011-08-21,2011-08-30,9.0,Landfall,Tropical Storm,18.1,-65.8,60.0,2011-08-22,1,-0.06541163654433513,42.439998626708984,-0.09375914316413103,0.5468967061230093,-0.16325834339795164,-0.20625084855341846,1.218747268314917,-0.013593565824399051
2011302N13062,Keila (2011),2011.0,2011-0414-OMN,nat-met-sto-tro,OMN,Asia,0.0,14.0,200.0,0.0,200.0,0.0,0.0,0.0,0.0,69.869263508865,Tropical Storm,55.0,63.3,982.0,2011-10-29,2011-11-05,7.0,Landfall,Tropical Storm,17.0,54.5,45.0,2011-10-31,2,7.961642366316468e-05,29.959999084472656,0.0037432468305971245,0.38734962023712183,-0.044287735335727496,-0.04559197765566925,1.2645798471976946,0.020172098469853517
2012215N23146,Haikui (2012),2012.0,2012-0282-CHN,nat-met-sto-tro,CHN,Asia,0.0,3.0,7.0,6000000.0,6000007.0,230000.0,322512.0,1500000.0,2103342.0,71.3150877335761,Category 1,65.0,74.8,974.0,2012-08-01,2012-08-11,9.8,Landfall,Tropical Storm,29.375,121.375,60.0,2012-08-01,0,0.027097900257264218,18.959999084472656,0.04322578730691462,0.19673956307285287,0.6995210274224959,-0.006106189441878684,1.3128152640451833,-0.0025234592462546127
2012225N16133,Kai-Tak (2012),2012.0,2012-0294-CHN,nat-met-sto-tro,CHN,Asia,0.0,2.0,0.0,107500.0,107500.0,0.0,0.0,262000.0,367384.0,71.3150877335761,Category 1,65.0,74.8,974.0,2012-08-11,2012-08-18,7.0,Landfall,Tropical Storm,18.3933,121.531,55.0,2012-08-13,2,0.008236386077828062,13.699999809265137,0.02081302669441598,0.1899454132659132,0.3963478319463629,-0.003730589138726037,1.3386037044712773,-0.010451701971932724
2012234N16315,Isaac (2012),2012.0,2012-0313-CUB,nat-met-sto-tro,CUB,Americas,0.0,1.0,0.0,45496.0,45496.0,0.0,0.0,0.0,0.0,71.3150877335761,Category 1,70.0,80.6,965.0,2012-08-20,2012-09-01,11.8,Landfall,Tropical Storm,18.3,-72.7,55.0,2012-08-20,0,0.010087175277911031,14.020000457763672,0.003051028222730068,0.18461736112334637,-0.3282905054892026,-0.003857004918509377,1.348918120464943,0.0018800861934243438
2012232N13141,Bolaven (2012),2012.0,2012-0414-KOR,nat-met-sto-tro,KOR,Asia,0.0,20.0,0.0,0.0,0.0,0.0,0.0,450000.0,631003.0,71.3150877335761,Category 4,125.0,143.8,929.0,2012-08-18,2012-09-01,14.2,Landfall,Tropical Storm,40.1763,125.098,40.0,2012-08-20,2,0.010087175277911031,14.020000457763672,0.003051028222730068,0.18461736112334637,-0.3282905054892026,-0.003857004918509377,1.348918120464943,0.0018800861934243438
2012232N13141,Bolaven (2012),2012.0,2012-0414-PRK,nat-met-sto-tro,PRK,Asia,0.0,59.0,1.0,10960.0,44461.0,0.0,0.0,0.0,0.0,71.3150877335761,Category 4,125.0,143.8,929.0,2012-08-18,2012-09-01,14.2,Landfall,Tropical Storm,40.1763,125.098,40.0,2012-08-20,2,0.010087175277911031,14.020000457763672,0.003051028222730068,0.18461736112334637,-0.3282905054892026,-0.003857004918509377,1.348918120464943,0.0018800861934243438
2012301N11087,Nilam (2012),2012.0,2012-0425-LKA,nat-met-sto-tro,LKA,Asia,0.0,0.0,0.0,0.0,69000.0,0.0,0.0,57000.0,79927.0,71.3150877335761,Tropical Storm,50.0,57.5,985.0,2012-10-27,2012-11-01,5.5,Landfall,Tropical Storm,12.7,79.8,50.0,2012-10-31,4,-0.014364221630522311,18.600000381469727,-0.020691762999249352,0.16568346546317075,0.025996182185376027,-0.041055547392713776,1.2256753399389548,-0.0010182075280800243
2013187N20156,Soulik (2013),2013.0,2013-0249-CHN,nat-met-sto-tro,CHN,Asia,0.0,9.0,150.0,390000.0,390150.0,0.0,0.0,460000.0,635713.0,72.3597374789251,Category 4,125.0,143.8,929.0,2013-07-06,2013-07-14,8.5,Landfall,Category 1,24.8148,121.461,78.0,2013-07-08,2,0.022004517597647766,14.779999732971191,0.027841074613528916,0.18307021198501086,0.0703938914926463,-0.008026371495289952,1.1853294973946187,-0.013466859963838496
2013178N09133,Rumbia (2013),2013.0,2013-0258-CHN,nat-met-sto-tro,CHN,Asia,0.0,7.0,0.0,21000.0,21000.0,0.0,0.0,177000.0,244611.0,72.3597374789251,Category 1,70.0,80.6,970.0,2013-06-27,2013-07-02,5.8,Landfall,Tropical Depression,11.75,125.225,30.0,2013-06-27,0,0.015886626121707215,16.860000610351562,0.00761170968832614,0.20341807673396117,-0.6797346389536207,-0.03082886020526132,1.1545878267485243,0.0030092818357828136
2013178N09133,Rumbia (2013),2013.0,2013-0258-PHL,nat-met-sto-tro,PHL,Asia,0.0,7.0,4.0,3592.0,3596.0,0.0,0.0,1000.0,1382.0,72.3597374789251,Category 1,70.0,80.6,970.0,2013-06-27,2013-07-02,5.8,Landfall,Tropical Depression,11.75,125.225,30.0,2013-06-27,0,0.015886626121707215,16.860000610351562,0.00761170968832614,0.20341807673396117,-0.6797346389536207,-0.03082886020526132,1.1545878267485243,0.0030092818357828136
2013255N20148,Man-Yi (2013),2013.0,2013-0415-JPN,nat-met-sto-tro,JPN,Asia,0.0,6.0,141.0,30147.0,30288.0,0.0,0.0,2000.0,2764.0,72.3597374789251,Tropical Storm,60.0,69.0,978.0,2013-09-11,2013-09-20,8.8,Landfall,Tropical Storm,35.2467,137.733,55.0,2013-09-11,0,0.022021087637543513,13.81999969482422,0.02263668953374287,0.13297623656046398,0.4285981308411215,0.0,0.9841339541097723,-0.011143550747649618
2013322N13090,Helen (2013),2013.0,2013-0515-IND,nat-met-sto-tro,IND,Asia,0.0,10.0,0.0,0.0,0.0,0.0,0.0,262000.0,362080.0,72.3597374789251,Category 1,70.0,80.6,970.0,2013-11-18,2013-11-23,5.2,Landfall,Tropical Storm,16.0425,81.2111,42.0,2013-11-18,0,0.011843352460168433,13.100000381469728,0.003229014448387524,0.13866402368309666,1.0208530439651677,-0.007643351952930089,0.9832208138198165,-0.001572564957022616
2014004S17183,Ian (2014),2014.0,2014-0001-TON,nat-met-sto-tro,TON,Oceania,0.0,1.0,14.0,4000.0,4014.0,0.0,0.0,31000.0,42158.0,73.5335770092672,Category 4,130.0,149.6,926.0,2014-01-04,2014-01-15,11.0,At Sea / Open Water,At Sea / Open Water,0.0,0.0,0.0,2014-01-06,2,-0.008104415248302632,13.550000190734863,-0.014044773438566027,0.11823734637188099,0.5780357660376072,-0.016495606964419318,1.0424809972921583,-0.017766344643253443
2014153N12267,Boris (2014),2014.0,2014-0183-GTM,nat-met-sto-tro,GTM,Americas,0.0,5.0,0.0,100000.0,100000.0,0.0,0.0,0.0,0.0,73.5335770092672,Tropical Storm,40.0,46.0,998.0,2014-06-01,2014-06-04,3.2,At Sea / Open Water,At Sea / Open Water,0.0,0.0,0.0,2014-06-02,1,0.01339592012923485,11.579999923706056,0.011046530952598443,0.09761750839213008,-0.03880240881717989,-0.0019917161224460855,0.7799283445357192,0.007758659157394468
2014184N08147,Neoguri (2014),2014.0,2014-0236-JPN,nat-met-sto-tro,JPN,Asia,0.0,7.0,66.0,600.0,666.0,0.0,0.0,156000.0,212148.0,73.5335770092672,Category 5,140.0,161.1,918.0,2014-07-02,2014-07-13,10.8,Landfall,Tropical Storm,32.275,131.325,40.0,2014-07-02,0,0.00843665135768945,10.81999969482422,0.0010005235994803297,0.1061521982924843,-0.5724190674083534,-0.012637202492436161,0.7640739366698869,-0.0050511846671466056
2014209N16134,Nakri (2014),2014.0,2014-0314-KOR,nat-met-sto-tro,KOR,Asia,0.0,14.0,0.0,0.0,0.0,0.0,0.0,0.0,0.0,73.5335770092672,Tropical Storm,40.0,46.0,992.0,2014-07-27,2014-08-04,7.5,Landfall,Tropical Depression,35.85,126.75,0.0,2014-07-28,1,0.00233151880553617,12.5600004196167,0.004640217787265755,0.11640732412180733,-0.20412485234177957,-0.009743328601473866,0.9200628873447912,-0.003298616695818362
2014246N17254,Norbert (2014),2014.0,2014-0386-MEX,nat-met-sto-tro,MEX,Americas,0.0,3.0,0.0,7500.0,7500.0,0.0,0.0,25000.0,33998.0,73.5335770092672,Category 3,110.0,126.6,950.0,2014-09-02,2014-09-11,8.5,At Sea / Open Water,At Sea / Open Water,0.0,0.0,0.0,2014-09-02,0,0.002048302045785322,12.25,-0.0038825622562467244,0.1349914650605424,0.9735784425667962,-0.012659187010176987,1.181671823164345,-0.016403297596911413
2014290N14261,Trudy (2014),2014.0,2014-0417-MEX,nat-met-sto-tro,MEX,Americas,0.0,6.0,0.0,30000.0,30000.0,0.0,0.0,2000.0,2720.0,73.5335770092672,Tropical Storm,55.0,63.3,998.0,2014-10-17,2014-10-19,1.8,Landfall,Tropical Storm,16.7,-98.7,45.0,2014-10-17,0,-0.010863916389118877,21.989999771118164,-0.010173723505883303,0.22584685988392741,-0.37163390068177726,-0.10507515479941676,1.1175492783510277,-0.01213345870373931
2014092S11159,Ita (2014),2014.0,2014-0423-PNG,nat-met-sto-tro,PNG,Oceania,0.0,0.0,0.0,12346.0,12346.0,0.0,0.0,0.0,0.0,73.5335770092672,Category 5,140.0,161.1,918.0,2014-04-02,2014-04-18,16.8,Landfall,Category 2,-14.925,145.225,90.0,2014-04-02,0,0.02113836566736893,13.09000015258789,0.03048743074955995,0.10171027044693401,0.16862827518565227,0.0,0.9523555340941979,0.009470125250892879
2014329N08131,Sinlaku (2014),2014.0,2014-0474-VNM,nat-met-sto-tro,VNM,Asia,0.0,0.0,0.0,750.0,750.0,0.0,0.0,0.0,0.0,73.5335770092672,Tropical Storm,55.0,63.3,982.0,2014-11-25,2014-11-30,5.0,Landfall,Tropical Depression,9.03835,126.158,27.0,2014-11-25,0,0.00758949666291131,12.25,0.006524701848853454,0.19437236485250467,0.14601911556226277,-0.023841861390466068,1.2613010302744123,-0.056029319798585976
2015085N06162,Maysak (2015),2015.0,2015-0105-FSM,nat-met-sto-tro,FSM,Oceania,0.0,5.0,0.0,35000.0,35000.0,0.0,0.0,11000.0,14941.0,73.6208029365864,Category 5,150.0,172.6,911.0,2015-03-25,2015-04-07,12.2,Landfall,Tropical Depression,16.7863,121.977,25.0,2015-03-25,0,-0.01796785820711133,15.4399995803833,0.001341212578028772,0.19100996670735762,-0.4271574600864029,-0.021746273682491157,1.11637859456583,0.006031228695901332
2015085N06162,Maysak (2015),2015.0,2015-0105-PHL,nat-met-sto-tro,PHL,Asia,0.0,0.0,0.0,2761.0,2761.0,0.0,0.0,0.0,0.0,73.6208029365864,Category 5,150.0,172.6,911.0,2015-03-25,2015-04-07,12.2,Landfall,Tropical Depression,16.7863,121.977,25.0,2015-03-25,0,-0.01796785820711133,15.4399995803833,0.001341212578028772,0.19100996670735762,-0.4271574600864029,-0.021746273682491157,1.11637859456583,0.006031228695901332
2015184N08172,Nangka (2015),2015.0,2015-0261-JPN,nat-met-sto-tro,JPN,Asia,0.0,2.0,56.0,789.0,845.0,127000.0,172506.0,207000.0,281171.0,73.6208029365864,Category 4,135.0,155.4,922.0,2015-07-02,2015-07-18,15.5,Landfall,Tropical Storm,33.3707,134.123,61.0,2015-07-02,0,-0.012151194084571215,16.790000915527344,-0.01714408307087456,0.13645950443140903,0.11680117894930753,-0.04023142489883769,0.7894004427681746,-0.014601468302688771
2015211N13162,Soudelor (2015),2015.0,2015-0339-TWN,nat-met-sto-tro,TWN,Asia,0.0,6.0,380.0,0.0,380.0,0.0,0.0,0.0,0.0,73.6208029365864,Category 5,155.0,178.4,907.0,2015-07-29,2015-08-12,13.5,Landfall,Category 2,23.9,120.9,95.0,2015-07-29,0,-0.002838811346240422,12.5,0.007049208190109235,0.20481174051387135,0.5403272997442354,-0.04172246285786485,0.9637139615803735,-0.05629831430425344
2016041S14170,Winston (2016),2016.0,2016-0041-FJI,nat-met-sto-tro,FJI,Oceania,41862.0,45.0,144.0,540414.0,540558.0,50000.0,67069.0,600000.0,804833.0,74.5496029864344,Category 5,155.0,178.4,907.0,2016-02-09,2016-02-28,18.8,Landfall,Category 5,-17.4667,177.804,147.0,2016-02-09,0,-0.024873356523503642,26.540000915527344,-0.018434778594543677,0.46881916889393155,0.4827396239576398,-0.06699864304803682,1.3961272384274612,0.005590809557123884
2016095S13162,Zena (2016),2016.0,2016-0141-TON,nat-met-sto-tro,TON,Oceania,0.0,0.0,0.0,0.0,0.0,0.0,0.0,0.0,0.0,74.5496029864344,Category 2,90.0,103.6,956.0,2016-04-04,2016-04-07,3.2,Landfall,Tropical Storm,-15.0251,167.012,50.0,2016-04-04,0,0.014810235332339383,14.119999885559082,-0.014631339752149364,0.2475948289209296,0.36702435818727364,-0.045361195736029924,1.5160869177508862,0.041140448576354335
2016215N16283,Earl (2016),2016.0,2016-0284-GTM,nat-met-sto-tro,GTM,Americas,0.0,0.0,0.0,55.0,55.0,0.0,0.0,0.0,0.0,74.5496029864344,Category 1,75.0,86.3,979.0,2016-08-02,2016-08-06,4.2,Landfall,Category 1,17.4,-88.3,75.0,2016-08-02,0,-0.005536141324290478,13.369999885559082,-0.023756594696798028,0.1973347932307152,1.0655403061183324,-0.054229182728105396,1.1201688034492419,0.021617842149218747
2016248N15255,Newton (2016),2016.0,2016-0319-MEX,nat-met-sto-tro,MEX,Americas,0.0,11.0,0.0,10500.0,10500.0,0.0,0.0,50000.0,67069.0,74.5496029864344,Category 1,80.0,92.1,977.0,2016-09-04,2016-09-08,4.0,Landfall,Category 1,23.9,-110.8,75.0,2016-09-06,2,0.003068380008892646,12.020000457763672,0.0038653901173175687,0.15515678035797417,0.7370976467406005,-0.012394126429783658,1.1956000147514005,0.006844836606296444
2016273N13300,Matthew (2016),2016.0,2016-0355-DOM,nat-met-sto-tro,DOM,Americas,0.0,6.0,0.0,39.0,48.0,0.0,0.0,0.0,0.0,74.5496029864344,Category 5,145.0,166.9,934.0,2016-09-28,2016-10-10,11.5,Landfall,Category 4,18.3,-74.3,130.0,2016-09-28,0,0.003799357645445367,12.390000343322754,0.019132431565889396,0.2784884881299045,1.0306797822406706,-0.022803770975046378,1.3973646259138315,0.022708296056956158
2017195N16114,Talas (2017),2017.0,2017-0281-LAO,nat-met-sto-tro,LAO,Asia,0.0,0.0,0.0,0.0,0.0,0.0,0.0,0.0,0.0,76.1376037057766,Tropical Storm,50.0,57.5,985.0,2017-07-14,2017-07-17,3.8,Landfall,Tropical Storm,18.6,105.675,45.0,2017-07-14,0,0.014249740905891262,9.510000228881836,0.021715710823362988,0.15667177621988126,-0.35943803899804827,-0.013574560686162251,0.4947620144693221,-0.007094028690893316
2017232N19130,Hato (2017),2017.0,2017-0352-HKG,nat-met-sto-tro,HKG,Asia,0.0,0.0,129.0,27.0,156.0,0.0,0.0,755500.0,992282.0,76.1376037057766,Category 3,100.0,115.1,948.0,2017-08-19,2017-08-25,5.5,Landfall,Category 2,22.175,112.85,85.0,2017-08-21,2,-0.014764198245264426,13.1899995803833,-0.027451146810287153,0.11335605888751968,-0.09042930909027147,-0.06934873702281186,0.5167261304870209,0.008060215204003195
2017242N16333,Irma (2017),2017.0,2017-0381-KNA,nat-met-sto-tro,KNA,Americas,0.0,0.0,0.0,500.0,500.0,2300.0,3021.0,20000.0,26268.0,76.1376037057766,Category 5,155.0,178.4,914.0,2017-08-30,2017-09-13,14.5,Landfall,Category 3,25.9,-81.7,100.0,2017-08-30,0,0.00592896952370392,11.220000267028809,-0.00015944625421693281,0.09880836046201097,-0.24827346867950717,-0.04524663703860132,0.5500266276400722,0.03669233127287469
2017242N16333,Irma (2017),2017.0,2017-0381-MAF,nat-met-sto-tro,MAF,Americas,0.0,12.0,110.0,0.0,110.0,1231200.0,1617072.0,4100000.0,5384987.0,76.1376037057766,Category 5,155.0,178.4,914.0,2017-08-30,2017-09-13,14.5,Landfall,Category 3,25.9,-81.7,100.0,2017-08-30,0,0.00592896952370392,11.220000267028809,-0.00015944625421693281,0.09880836046201097,-0.24827346867950717,-0.04524663703860132,0.5500266276400722,0.03669233127287469
2017242N16333,Irma (2017),2017.0,2017-0381-USA,nat-met-sto-tro,USA,Americas,0.0,97.0,0.0,0.0,70000.0,29000000.0,38088932.0,57000000.0,74864452.0,76.1376037057766,Category 5,155.0,178.4,914.0,2017-08-30,2017-09-13,14.5,Landfall,Category 3,25.9,-81.7,100.0,2017-08-30,0,0.00592896952370392,11.220000267028809,-0.00015944625421693281,0.09880836046201097,-0.24827346867950717,-0.04524663703860132,0.5500266276400722,0.03669233127287469
2017260N12310,Maria (2017),2017.0,2017-0383-MTQ,nat-met-sto-tro,MTQ,Americas,0.0,0.0,2.0,0.0,2.0,0.0,0.0,44000.0,57790.0,76.1376037057766,Category 5,150.0,172.6,908.0,2017-09-16,2017-10-02,16.0,Landfall,Category 4,18.0,-65.9,135.0,2017-09-18,2,0.007019417295161201,10.149999618530272,0.030468520273140065,0.09807714314007401,-0.07140379747769554,0.0,0.6074050568658717,0.032925650100602326
2017260N12310,Maria (2017),2017.0,2017-0383-USA,nat-met-sto-tro,USA,Americas,0.0,4.0,0.0,0.0,0.0,0.0,0.0,0.0,0.0,76.1376037057766,Category 5,150.0,172.6,908.0,2017-09-16,2017-10-02,16.0,Landfall,Category 4,18.0,-65.9,135.0,2017-09-18,2,0.007019417295161201,10.149999618530272,0.030468520273140065,0.09807714314007401,-0.07140379747769554,0.0,0.6074050568658717,0.032925650100602326
2017304N11127,Damrey (2017),2017.0,2017-0422-PHL,nat-met-sto-tro,PHL,Asia,0.0,6.0,0.0,305.0,305.0,0.0,0.0,0.0,0.0,76.1376037057766,Category 2,90.0,103.6,967.0,2017-10-31,2017-11-05,5.0,Landfall,Tropical Depression,11.25,124.35,0.0,2017-10-31,0,0.0022995460556769487,10.18000030517578,0.0053292852772868216,0.06371200723806107,-0.017433453493818862,-0.010779499856151231,0.5380119270516245,0.02995219547994007
2017236N15129,Pakhar (2017),2017.0,2017-0485-CHN,nat-met-sto-tro,CHN,Asia,0.0,12.0,0.0,300.0,300.0,0.0,0.0,56000.0,73551.0,76.1376037057766,Tropical Storm,60.0,69.0,983.0,2017-08-24,2017-08-28,4.0,Landfall,Tropical Storm,16.3866,121.754,40.0,2017-08-24,0,0.003702465763476326,12.229999542236328,0.011449850476980883,0.09657742010012377,-0.29779210510309595,-0.05854118522795626,0.49845949268380163,-0.0031647620004307897
2017236N15129,Pakhar (2017),2017.0,2017-0485-HKG,nat-met-sto-tro,HKG,Asia,0.0,1.0,0.0,0.0,0.0,0.0,0.0,0.0,0.0,76.1376037057766,Tropical Storm,60.0,69.0,983.0,2017-08-24,2017-08-28,4.0,Landfall,Tropical Storm,16.3866,121.754,40.0,2017-08-24,0,0.003702465763476326,12.229999542236328,0.011449850476980883,0.09657742010012377,-0.29779210510309595,-0.05854118522795626,0.49845949268380163,-0.0031647620004307897
2018153N12113,Ewiniar (2018),2018.0,2018-0201-CHN,nat-met-sto-tro,CHN,Asia,0.0,14.0,0.0,16200.0,16200.0,0.0,0.0,570000.0,730795.0,77.9972651879547,Tropical Storm,40.0,46.0,996.0,2018-06-02,2018-06-11,9.0,Landfall,Tropical Storm,20.475,110.4,35.0,2018-06-04,2,0.01010471621486575,12.739999771118164,0.015285716756063161,0.20463478996890966,-0.5781903338622953,-0.040425693897935044,0.8677359199427526,0.009313009892069245
2018153N12113,Ewiniar (2018),2018.0,2018-0201-VNM,nat-met-sto-tro,VNM,Asia,0.0,1.0,0.0,0.0,0.0,0.0,0.0,0.0,0.0,77.9972651879547,Tropical Storm,40.0,46.0,996.0,2018-06-02,2018-06-11,9.0,Landfall,Tropical Storm,20.475,110.4,35.0,2018-06-04,2,0.01010471621486575,12.739999771118164,0.015285716756063161,0.20463478996890966,-0.5781903338622953,-0.040425693897935044,0.8677359199427526,0.009313009892069245
2018221N17112,Bebinca (2018),2018.0,2018-0305-VNM,nat-met-sto-tro,VNM,Asia,0.0,13.0,0.0,50000.0,50000.0,0.0,0.0,2000.0,2564.0,77.9972651879547,Tropical Storm,60.0,69.0,979.0,2018-08-09,2018-08-17,8.8,Landfall,Tropical Depression,21.6512,112.222,20.0,2018-08-09,0,0.009490562807761949,11.270000457763672,-0.010577789422324901,0.12042295896771753,0.5720300938109539,-0.03145235594988316,0.9330826272189228,-0.0287670027347439
2018242N13343,Florence (2018),2018.0,2018-0342-USA,nat-met-sto-tro,USA,Americas,0.0,53.0,0.0,1500000.0,1500000.0,5000000.0,6410481.0,14000000.0,17949347.0,77.9972651879547,Category 4,130.0,149.6,937.0,2018-08-30,2018-09-18,19.2,Landfall,Category 1,34.2,-77.8,80.0,2018-08-30,0,0.015780640140908186,13.529999732971191,0.013783827569729512,0.16775191039368478,0.42994945044752586,-0.01393243777236175,0.9122674857738996,-0.02110740909812446
2018280N18273,Michael (2018),2018.0,2018-0373-CUB,nat-met-sto-tro,CUB,Americas,0.0,0.0,0.0,540.0,540.0,0.0,0.0,0.0,0.0,77.9972651879547,Category 5,140.0,161.1,919.0,2018-10-06,2018-10-15,9.0,Landfall,Category 5,30.0,-85.5,140.0,2018-10-08,2,-0.013402840083349687,15.6899995803833,0.004037039988702862,0.0938935901105665,-0.08920283812910024,-0.005032720964798232,0.7777008529125482,-0.024828059525410992
2018280N18273,Michael (2018),2018.0,2018-0373-USA,nat-met-sto-tro,USA,Americas,0.0,49.0,0.0,5000.0,5000.0,10000000.0,12820962.0,16000000.0,20513540.0,77.9972651879547,Category 5,140.0,161.1,919.0,2018-10-06,2018-10-15,9.0,Landfall,Category 5,30.0,-85.5,140.0,2018-10-08,2,-0.013402840083349687,15.6899995803833,0.004037039988702862,0.0938935901105665,-0.08920283812910024,-0.005032720964798232,0.7777008529125482,-0.024828059525410992
2018292N14261,Willa (2018),2018.0,2018-0406-MEX,nat-met-sto-tro,MEX,Americas,0.0,6.0,0.0,10000.0,10000.0,0.0,0.0,536800.0,688229.0,77.9972651879547,Category 5,140.0,161.1,925.0,2018-10-19,2018-10-24,5.2,Landfall,Category 3,22.7,-105.8,100.0,2018-10-19,0,0.0010870263983777662,19.88999938964844,-0.020137166226043335,0.2001336972717751,-0.42456847194537517,-0.08047301115651073,0.8364886547726703,-0.03753364904728137
2018347N07089,Phethai (2018),2018.0,2018-0473-IND,nat-met-sto-tro,IND,Asia,0.0,8.0,0.0,10000.0,10000.0,0.0,0.0,100000.0,128210.0,77.9972651879547,Tropical Storm,55.0,63.3,989.0,2018-12-13,2018-12-17,4.8,Landfall,Tropical Depression,17.3601,82.6085,27.0,2018-12-13,0,-0.016565309917422333,20.649999618530273,-0.0138132458953234,0.2615067663645623,-0.567288247289718,-0.05978081147589742,0.9122285486842242,-0.037373219716413164
2019063S18038,Idai (2019),2019.0,2019-0110-MDG,nat-met-sto-tro,MDG,Africa,0.0,3.0,0.0,1100.0,1100.0,0.0,0.0,0.0,0.0,79.4107846043372,Category 4,115.0,132.3,947.0,2019-03-04,2019-03-16,12.5,Landfall,Tropical Depression,-17.5149,37.2701,0.0,2019-03-04,0,-0.00042910849415134233,14.630000114440918,0.01062702061916676,0.1584307052001701,0.24368099393878428,-0.0004500741871752423,1.0487387042502654,-0.021483356486572517
2019116N02090,Fani (2019),2019.0,2019-0164-BGD,nat-met-sto-tro,BGD,Asia,0.0,39.0,45.0,0.0,10045.0,0.0,0.0,0.0,0.0,79.4107846043372,Category 5,150.0,172.6,900.0,2019-04-25,2019-05-04,8.8,Landfall,Category 4,20.2,85.9,115.0,2019-04-25,0,0.00898266654666613,13.25,-0.006221428804814355,0.15244744435012267,0.10300331059206558,-0.0221540812985469,1.227434938824372,-0.0474686583199386
2019112S10053,Kenneth (2019),2019.0,2019-0165-MOZ,nat-met-sto-tro,MOZ,Africa,0.0,45.0,94.0,400000.0,400094.0,0.0,0.0,230000.0,289633.0,79.4107846043372,Category 4,125.0,143.8,934.0,2019-04-21,2019-04-28,6.5,Landfall,Category 3,-12.1612,40.4524,97.0,2019-04-22,1,0.0003789024494165183,12.420000076293944,0.015541713135404533,0.14527398610916137,-0.08181217102704386,0.0,1.2414949028299473,-0.051106417401480045
2019236N10314,Dorian (2019),2019.0,2019-0412-USA,nat-met-sto-tro,USA,Americas,0.0,10.0,0.0,0.0,0.0,0.0,0.0,1600000.0,2014840.0,79.4107846043372,Category 5,160.0,184.1,910.0,2019-08-24,2019-09-09,15.8,Landfall,Category 1,45.2,-62.9,80.0,2019-08-26,2,-0.014812027032495623,19.31999969482422,-0.03568963291055527,0.2821569879688399,-0.22160990087597976,-0.10651814632069101,1.0192941961565531,0.008096293092270177
2019261N28264,Imelda (2019),2019.0,2019-0417-USA,nat-met-sto-tro,USA,Americas,0.0,5.0,0.0,1000.0,1000.0,1200000.0,1511130.0,3500000.0,4407462.0,79.4107846043372,Tropical Storm,40.0,46.0,1003.0,2019-09-17,2019-09-19,1.5,Landfall,Tropical Storm,28.9,-95.4,40.0,2019-09-17,0,0.009358483686652486,14.4399995803833,0.021831783197066912,0.22637543596644982,0.02846255540866327,-0.013939507799467732,1.0044274170876477,-0.009683691774496146
2019260N12262,Lorena (2019),2019.0,2019-0418-MEX,nat-met-sto-tro,MEX,Americas,0.0,1.0,0.0,200.0,200.0,0.0,0.0,0.0,0.0,79.4107846043372,Category 1,75.0,86.3,985.0,2019-09-17,2019-09-22,5.2,Landfall,Category 1,19.3,-104.8,65.0,2019-09-17,0,0.009358483686652486,14.4399995803833,0.021831783197066912,0.22637543596644982,0.02846255540866327,-0.013939507799467732,1.0044274170876477,-0.009683691774496146
2019243N06136,Lingling (2019),2019.0,2019-0424-JPN,nat-met-sto-tro,JPN,Asia,0.0,0.0,0.0,0.0,0.0,0.0,0.0,10000.0,12593.0,79.4107846043372,Category 4,120.0,138.1,928.0,2019-08-30,2019-09-12,12.5,Landfall,Category 1,37.9,125.225,65.0,2019-08-30,0,0.026680117789881663,18.979999542236328,0.02716218327637998,0.2816039316209109,-0.46649377890851285,-0.0381525111629164,1.0717134121531067,0.026423157584945112
2019268N10155,Mitag (2019),2019.0,2019-0472-KOR,nat-met-sto-tro,KOR,Asia,0.0,15.0,11.0,1400.0,1411.0,0.0,0.0,553000.0,696379.0,79.4107846043372,Category 2,90.0,103.6,961.0,2019-09-24,2019-10-05,11.0,Landfall,Tropical Storm,35.0475,127.236,40.0,2019-09-24,0,-0.012241614953714453,17.049999237060547,-0.021979505463437077,0.1916876329168679,-0.22304347826086957,-0.03561262977506885,1.0157402451106945,-0.03241027647585546
2019242N14180,Faxai (2019),2019.0,2019-0521-JPN,nat-met-sto-tro,JPN,Asia,0.0,3.0,150.0,120000.0,120150.0,7000000.0,8814924.0,9100000.0,11459401.0,79.4107846043372,Category 4,115.0,132.3,940.0,2019-08-30,2019-09-11,12.2,Landfall,Category 2,35.1308,139.55,91.0,2019-08-30,0,0.026680117789881663,18.979999542236328,0.02716218327637998,0.2816039316209109,-0.46649377890851285,-0.0381525111629164,1.0717134121531067,0.026423157584945112
