storm_id,hurricane_name,season,DisNo.,Classification Key,ISO,Region,AID Contribution ('000 US$),Total Deaths,No. Injured,No. Affected,Total Affected,Insured Damage ('000 US$),"Insured Damage, Adjusted ('000 US$)",Total Damage ('000 US$),"Total Damage, Adjusted ('000 US$)",CPI,peak_category,peak_wind_kts,peak_wind_mph,min_pressure_mb,start_date,end_date,duration_days,landfall_status,landfall_category,landfall_lat,landfall_lon,landfall_wind_kts,event_trading_date,event_date_shift_days,spy_prev_5d_return,vix,financials_prev_5d_return,financials_20d_volatility,financials_volume_change,financials_drawdown,financials_beta,financials_5d_abnormal_return
2000299N08139,Xangsane (2000),2000.0,2000-0706-PHL,nat-met-sto-tro,PHL,Asia,0.0,154.0,314.0,2435942.0,2436256.0,1500.0,2804.0,17000.0,31783.0,53.4877366816787,Category 2,90.0,103.6,980.0,2000-10-24,2000-11-02,8.5,Landfall,Category 1,13.7106,122.979,70.0,2000-10-24,0,0.03594598688876238,24.280000686645508,0.04784716442951398,0.4317566961050268,-0.46023214432273196,-0.06907554852814402,1.1779559497006657,0.02188054081482709
2001303N13276,Michelle (2001),2001.0,2001-0671-BHS,nat-met-sto-tro,BHS,Americas,0.0,0.0,0.0,0.0,0.0,15000.0,27273.0,300000.0,545461.0,54.9993852662954,Category 4,120.0,138.1,933.0,2001-10-29,2001-11-06,8.0,Landfall,Tropical Depression,13.3,-83.6,30.0,2001-10-29,0,-0.018453326831047168,31.63999938964844,-0.012445328827492053,0.26749535384708384,-0.44576518028995693,-0.0352943343090939,0.9637337848902485,0.0035494780399699458
2004247N10332,Ivan (2004),2004.0,2004-0462-BHS,nat-met-sto-tro,BHS,Americas,0.0,1.0,0.0,0.0,0.0,0.0,0.0,0.0,0.0,58.6698092933412,Category 5,145.0,166.9,910.0,2004-09-02,2004-09-24,21.5,Landfall,Category 2,30.7208,-87.8481,90.0,2004-09-02,0,0.013321528955909878,14.279999732971191,0.007619668881341468,0.11957506241071127,2.462830903050306,0.0,0.8138676155374768,0.004436630705134212
2004247N10332,Ivan (2004),2004.0,2004-0462-CUB,nat-met-sto-tro,CUB,Americas,1703.0,0.0,0.0,3245.0,3245.0,0.0,0.0,200000.0,340891.0,58.6698092933412,Category 5,145.0,166.9,910.0,2004-09-02,2004-09-24,21.5,Landfall,Category 2,30.7208,-87.8481,90.0,2004-09-02,0,0.013321528955909878,14.279999732971191,0.007619668881341468,0.11957506241071127,2.462830903050306,0.0,0.8138676155374768,0.004436630705134212
2004247N10332,Ivan (2004),2004.0,2004-0462-JAM,nat-met-sto-tro,JAM,Americas,3345.0,15.0,0.0,350000.0,350000.0,200000.0,340891.0,595000.0,1014150.0,58.6698092933412,Category 5,145.0,166.9,910.0,2004-09-02,2004-09-24,21.5,Landfall,Category 2,30.7208,-87.8481,90.0,2004-09-02,0,0.013321528955909878,14.279999732971191,0.007619668881341468,0.11957506241071127,2.462830903050306,0.0,0.8138676155374768,0.004436630705134212
2004247N10332,Ivan (2004),2004.0,2004-0462-LCA,nat-met-sto-tro,LCA,Americas,0.0,0.0,0.0,0.0,0.0,0.0,0.0,500.0,852.0,58.6698092933412,Category 5,145.0,166.9,910.0,2004-09-02,2004-09-24,21.5,Landfall,Category 2,30.7208,-87.8481,90.0,2004-09-02,0,0.013321528955909878,14.279999732971191,0.007619668881341468,0.11957506241071127,2.462830903050306,0.0,0.8138676155374768,0.004436630705134212
2004247N10332,Ivan (2004),2004.0,2004-0462-TTO,nat-met-sto-tro,TTO,Americas,0.0,1.0,0.0,560.0,560.0,0.0,0.0,1000.0,1704.0,58.6698092933412,Category 5,145.0,166.9,910.0,2004-09-02,2004-09-24,21.5,Landfall,Category 2,30.7208,-87.8481,90.0,2004-09-02,0,0.013321528955909878,14.279999732971191,0.007619668881341468,0.11957506241071127,2.462830903050306,0.0,0.8138676155374768,0.004436630705134212
2004247N10332,Ivan (2004),2004.0,2004-0462-USA,nat-met-sto-tro,USA,Americas,0.0,52.0,0.0,0.0,0.0,12000000.0,20453450.0,18000000.0,30680175.0,58.6698092933412,Category 5,145.0,166.9,910.0,2004-09-02,2004-09-24,21.5,Landfall,Category 2,30.7208,-87.8481,90.0,2004-09-02,0,0.013321528955909878,14.279999732971191,0.007619668881341468,0.11957506241071127,2.462830903050306,0.0,0.8138676155374768,0.004436630705134212
2007225N12331,Dean (2007),2007.0,2007-0360-HTI,nat-met-sto-tro,HTI,Americas,0.0,9.0,6.0,3960.0,3966.0,0.0,0.0,0.0,0.0,64.4034636847652,Category 5,150.0,172.6,905.0,2007-08-13,2007-08-23,9.8,Landfall,Category 5,18.7,-87.7,150.0,2007-08-13,0,-0.006702753597439215,26.56999969482422,-0.019287841172766607,0.35462353693793974,-0.4971649083880004,-0.09871803549405644,1.261900672051004,0.035080699430404975
2000237N08138,Prapiroon (2000),2000.0,2000-0556-CHN,nat-met-sto-tro,CHN,Asia,0.0,4.0,80.0,0.0,37770.0,0.0,0.0,10.0,19.0,53.4877366816787,Category 1,75.0,86.3,995.0,2000-08-24,2000-09-04,11.2,Landfall,Tropical Storm,38.2851,125.887,55.0,2000-08-24,0,0.007490595007367151,17.040000915527344,-0.003379778792248489,0.23966088514984082,-0.48839584681617376,-0.020487783872983,0.9244732189700876,0.02366075693775311
2001303N13276,Michelle (2001),2001.0,2001-0611-CYM,nat-met-sto-tro,CYM,Americas,0.0,0.0,0.0,0.0,0.0,40000.0,72728.0,60000.0,109092.0,54.9993852662954,Category 4,120.0,138.1,933.0,2001-10-29,2001-11-06,8.0,Landfall,Tropical Depression,13.3,-83.6,30.0,2001-10-29,0,-0.018453326831047168,31.63999938964844,-0.012445328827492053,0.26749535384708384,-0.44576518028995693,-0.0352943343090939,0.9637337848902485,0.0035494780399699458
2004247N10332,Ivan (2004),2004.0,2004-0462-VEN,nat-met-sto-tro,VEN,Americas,0.0,5.0,5.0,1645.0,1730.0,0.0,0.0,0.0,0.0,58.6698092933412,Category 5,145.0,166.9,910.0,2004-09-02,2004-09-24,21.5,Landfall,Category 2,30.7208,-87.8481,90.0,2004-09-02,0,0.013321528955909878,14.279999732971191,0.007619668881341468,0.11957506241071127,2.462830903050306,0.0,0.8138676155374768,0.004436630705134212
2007225N12331,Dean (2007),2007.0,2007-0360-LCA,nat-met-sto-tro,LCA,Americas,0.0,1.0,0.0,0.0,0.0,20000.0,31054.0,40000.0,62108.0,64.4034636847652,Category 5,150.0,172.6,905.0,2007-08-13,2007-08-23,9.8,Landfall,Category 5,18.7,-87.7,150.0,2007-08-13,0,-0.006702753597439215,26.56999969482422,-0.019287841172766607,0.35462353693793974,-0.4971649083880004,-0.09871803549405644,1.261900672051004,0.035080699430404975
2010271N19276,Nicole (2010),2010.0,2010-0501-JAM,nat-met-sto-tro,JAM,Americas,68.0,15.0,26.0,2480.0,2506.0,0.0,0.0,240000.0,354342.0,67.7310945291778,Tropical Storm,40.0,46.0,994.0,2010-09-28,2010-09-30,2.5,Landfall,Tropical Storm,22.2,-80.5,40.0,2010-09-28,0,0.006053663792989106,22.600000381469727,-0.018305512650070965,0.25907770459371915,-0.022831051769380162,-0.02753537486002977,1.3580616759699682,0.0010399532872471112
2012296N14283,Sandy (2012),2012.0,2012-0410-CUB,nat-met-sto-tro,CUB,Americas,0.0,11.0,0.0,0.0,162605.0,0.0,0.0,2000000.0,2804456.0,71.3150877335761,Category 3,100.0,115.1,940.0,2012-10-21,2012-10-31,9.8,Landfall,Category 1,17.9,-76.6,75.0,2012-10-22,1,-0.0046503073120445215,16.6200008392334,0.0075051476894130165,0.13936372038329237,0.8847793988712471,-0.013471859865097913,1.1534722524993022,0.003532913017227319
2012296N14283,Sandy (2012),2012.0,2012-0410-USA,nat-met-sto-tro,USA,Americas,0.0,158.0,0.0,0.0,0.0,11000000.0,15424506.0,50000000.0,70111391.0,71.3150877335761,Category 3,100.0,115.1,940.0,2012-10-21,2012-10-31,9.8,Landfall,Category 1,17.9,-76.6,75.0,2012-10-22,1,-0.0046503073120445215,16.6200008392334,0.0075051476894130165,0.13936372038329237,0.8847793988712471,-0.013471859865097913,1.1534722524993022,0.003532913017227319
2000245N14157,Saomai (2000),2000.0,2000-0576-JPN,nat-met-sto-tro,JPN,Asia,0.0,9.0,41.0,180000.0,180041.0,1050000.0,1963067.0,1400000.0,2617422.0,53.4877366816787,Category 5,140.0,161.1,995.0,2000-08-31,2000-09-19,18.2,Landfall,Tropical Storm,35.2826,128.439,60.0,2000-08-31,0,0.006815047635428506,16.84000015258789,0.029961085962712186,0.23598447403610484,1.9580186889159,0.0,0.745489740057453,0.02994858384297774
2000273N16277,Keith (2000),2000.0,2000-0642-BLZ,nat-met-sto-tro,BLZ,Americas,2628.0,14.0,570.0,62000.0,62570.0,0.0,0.0,277460.0,518736.0,53.4877366816787,Category 4,120.0,138.1,939.0,2000-09-28,2000-10-06,7.8,Landfall,Tropical Storm,17.9,-88.2,60.0,2000-09-28,0,0.01620659317315143,19.469999313354492,0.05555638262501916,0.2707432785341804,1.453359705816804,-0.012359280842932252,0.8365967844281682,0.011132115619238261
2000273N16277,Keith (2000),2000.0,2000-0643-MEX,nat-met-sto-tro,MEX,Americas,0.0,23.0,0.0,30000.0,30000.0,0.0,0.0,1000.0,1870.0,53.4877366816787,Category 4,120.0,138.1,939.0,2000-09-28,2000-10-06,7.8,Landfall,Tropical Storm,17.9,-88.2,60.0,2000-09-28,0,0.01620659317315143,19.469999313354492,0.05555638262501916,0.2707432785341804,1.453359705816804,-0.012359280842932252,0.8365967844281682,0.011132115619238261
2001303N13276,Michelle (2001),2001.0,2001-0603-HND,nat-met-sto-tro,HND,Americas,0.0,21.0,0.0,61051.0,86321.0,0.0,0.0,5000.0,9091.0,54.9993852662954,Category 4,120.0,138.1,933.0,2001-10-29,2001-11-06,8.0,Landfall,Tropical Depression,13.3,-83.6,30.0,2001-10-29,0,-0.018453326831047168,31.63999938964844,-0.012445328827492053,0.26749535384708384,-0.44576518028995693,-0.0352943343090939,0.9637337848902485,0.0035494780399699458
2001303N13276,Michelle (2001),2001.0,2001-0671-USA,nat-met-sto-tro,USA,Americas,0.0,0.0,0.0,0.0,0.0,0.0,0.0,66.0,120.0,54.9993852662954,Category 4,120.0,138.1,933.0,2001-10-29,2001-11-06,8.0,Landfall,Tropical Depression,13.3,-83.6,30.0,2001-10-29,0,-0.018453326831047168,31.63999938964844,-0.012445328827492053,0.26749535384708384,-0.44576518028995693,-0.0352943343090939,0.9637337848902485,0.0035494780399699458
2001227N13323,Chantal (2001),2001.0,2001-0736-TTO,nat-met-sto-tro,TTO,Americas,0.0,2.0,0.0,0.0,0.0,0.0,0.0,0.0,0.0,54.9993852662954,Tropical Storm,60.0,69.0,997.0,2001-08-14,2001-08-22,7.8,Landfall,Tropical Storm,18.2,-88.1,55.0,2001-08-14,0,-0.012420247716384725,20.479999542236328,-0.015592104704300613,0.13462972830820868,0.4997654838337626,-0.01941349930556402,0.8642565580994592,0.000881428275340386
2004247N10332,Ivan (2004),2004.0,2004-0462-BLZ,nat-met-sto-tro,BLZ,Americas,0.0,0.0,0.0,0.0,0.0,0.0,0.0,97000.0,165332.0,58.6698092933412,Category 5,145.0,166.9,910.0,2004-09-02,2004-09-24,21.5,Landfall,Category 2,30.7208,-87.8481,90.0,2004-09-02,0,0.013321528955909878,14.279999732971191,0.007619668881341468,0.11957506241071127,2.462830903050306,0.0,0.8138676155374768,0.004436630705134212
2004247N10332,Ivan (2004),2004.0,2004-0462-CYM,nat-met-sto-tro,CYM,Americas,0.0,2.0,0.0,0.0,0.0,1500000.0,2556681.0,3430080.0,5846414.0,58.6698092933412,Category 5,145.0,166.9,910.0,2004-09-02,2004-09-24,21.5,Landfall,Category 2,30.7208,-87.8481,90.0,2004-09-02,0,0.013321528955909878,14.279999732971191,0.007619668881341468,0.11957506241071127,2.462830903050306,0.0,0.8138676155374768,0.004436630705134212
2007225N12331,Dean (2007),2007.0,2007-0360-MTQ,nat-met-sto-tro,MTQ,Americas,0.0,1.0,6.0,0.0,6.0,125000.0,194089.0,300000.0,465813.0,64.4034636847652,Category 5,150.0,172.6,905.0,2007-08-13,2007-08-23,9.8,Landfall,Category 5,18.7,-87.7,150.0,2007-08-13,0,-0.006702753597439215,26.56999969482422,-0.019287841172766607,0.35462353693793974,-0.4971649083880004,-0.09871803549405644,1.261900672051004,0.035080699430404975
2012296N14283,Sandy (2012),2012.0,2012-0410-BHS,nat-met-sto-tro,BHS,Americas,0.0,2.0,0.0,0.0,0.0,0.0,0.0,700000.0,981559.0,71.3150877335761,Category 3,100.0,115.1,940.0,2012-10-21,2012-10-31,9.8,Landfall,Category 1,17.9,-76.6,75.0,2012-10-22,1,-0.0046503073120445215,16.6200008392334,0.0075051476894130165,0.13936372038329237,0.8847793988712471,-0.013471859865097913,1.1534722524993022,0.003532913017227319
2000237N08138,Prapiroon (2000),2000.0,2000-0550-KOR,nat-met-sto-tro,KOR,Asia,0.0,25.0,0.0,0.0,300.0,0.0,0.0,11300.0,21126.0,53.4877366816787,Category 1,75.0,86.3,995.0,2000-08-24,2000-09-04,11.2,Landfall,Tropical Storm,38.2851,125.887,55.0,2000-08-24,0,0.007490595007367151,17.040000915527344,-0.003379778792248489,0.23966088514984082,-0.48839584681617376,-0.020487783872983,0.9244732189700876,0.02366075693775311
2000273N16277,Keith (2000),2000.0,2000-0643-GTM,nat-met-sto-tro,GTM,Americas,0.0,1.0,0.0,0.0,0.0,0.0,0.0,0.0,0.0,53.4877366816787,Category 4,120.0,138.1,939.0,2000-09-28,2000-10-06,7.8,Landfall,Tropical Storm,17.9,-88.2,60.0,2000-09-28,0,0.01620659317315143,19.469999313354492,0.05555638262501916,0.2707432785341804,1.453359705816804,-0.012359280842932252,0.8365967844281682,0.011132115619238261
2000273N16277,Keith (2000),2000.0,2000-0643-HND,nat-met-sto-tro,HND,Americas,0.0,6.0,0.0,0.0,0.0,0.0,0.0,0.0,0.0,53.4877366816787,Category 4,120.0,138.1,939.0,2000-09-28,2000-10-06,7.8,Landfall,Tropical Storm,17.9,-88.2,60.0,2000-09-28,0,0.01620659317315143,19.469999313354492,0.05555638262501916,0.2707432785341804,1.453359705816804,-0.012359280842932252,0.8365967844281682,0.011132115619238261
2000273N16277,Keith (2000),2000.0,2000-0644-NIC,nat-met-sto-tro,NIC,Americas,0.0,12.0,0.0,2300.0,2300.0,0.0,0.0,1000.0,1870.0,53.4877366816787,Category 4,120.0,138.1,939.0,2000-09-28,2000-10-06,7.8,Landfall,Tropical Storm,17.9,-88.2,60.0,2000-09-28,0,0.01620659317315143,19.469999313354492,0.05555638262501916,0.2707432785341804,1.453359705816804,-0.012359280842932252,0.8365967844281682,0.011132115619238261
2001220N17118,Usagi (2001),2001.0,2001-0436-VNM,nat-met-sto-tro,VNM,Asia,0.0,3.0,3.0,0.0,10003.0,0.0,0.0,3200.0,5818.0,54.9993852662954,Tropical Storm,40.0,46.0,994.0,2001-08-08,2001-08-11,3.0,Landfall,Tropical Storm,18.3538,105.9,40.0,2001-08-08,0,-0.029318294264713107,22.31999969482422,-0.021239422408917852,0.17932403773380212,18.098663781877917,-0.024002583808113043,0.8765546218613705,0.0028685205541900704
2001303N13276,Michelle (2001),2001.0,2001-0611-HTI,nat-met-sto-tro,HTI,Americas,0.0,0.0,0.0,0.0,0.0,0.0,0.0,20.0,36.0,54.9993852662954,Category 4,120.0,138.1,933.0,2001-10-29,2001-11-06,8.0,Landfall,Tropical Depression,13.3,-83.6,30.0,2001-10-29,0,-0.018453326831047168,31.63999938964844,-0.012445328827492053,0.26749535384708384,-0.44576518028995693,-0.0352943343090939,0.9637337848902485,0.0035494780399699458
2001303N13276,Michelle (2001),2001.0,2001-0612-CUB,nat-met-sto-tro,CUB,Americas,0.0,5.0,12.0,5900000.0,5900012.0,20000.0,36364.0,100000.0,181820.0,54.9993852662954,Category 4,120.0,138.1,933.0,2001-10-29,2001-11-06,8.0,Landfall,Tropical Depression,13.3,-83.6,30.0,2001-10-29,0,-0.018453326831047168,31.63999938964844,-0.012445328827492053,0.26749535384708384,-0.44576518028995693,-0.0352943343090939,0.9637337848902485,0.0035494780399699458
2004247N10332,Ivan (2004),2004.0,2004-0462-BRB,nat-met-sto-tro,BRB,Americas,0.0,1.0,0.0,0.0,880.0,0.0,0.0,5000.0,8522.0,58.6698092933412,Category 5,145.0,166.9,910.0,2004-09-02,2004-09-24,21.5,Landfall,Category 2,30.7208,-87.8481,90.0,2004-09-02,0,0.013321528955909878,14.279999732971191,0.007619668881341468,0.11957506241071127,2.462830903050306,0.0,0.8138676155374768,0.004436630705134212
2004247N10332,Ivan (2004),2004.0,2004-0462-HTI,nat-met-sto-tro,HTI,Americas,0.0,3.0,0.0,4000.0,6500.0,0.0,0.0,1000.0,1704.0,58.6698092933412,Category 5,145.0,166.9,910.0,2004-09-02,2004-09-24,21.5,Landfall,Category 2,30.7208,-87.8481,90.0,2004-09-02,0,0.013321528955909878,14.279999732971191,0.007619668881341468,0.11957506241071127,2.462830903050306,0.0,0.8138676155374768,0.004436630705134212
2007225N12331,Dean (2007),2007.0,2007-0360-CUB,nat-met-sto-tro,CUB,Americas,0.0,0.0,0.0,0.0,0.0,0.0,0.0,0.0,0.0,64.4034636847652,Category 5,150.0,172.6,905.0,2007-08-13,2007-08-23,9.8,Landfall,Category 5,18.7,-87.7,150.0,2007-08-13,0,-0.006702753597439215,26.56999969482422,-0.019287841172766607,0.35462353693793974,-0.4971649083880004,-0.09871803549405644,1.261900672051004,0.035080699430404975
2000083S17102,Hudah (2000),2000.0,2000-0178-MDG,nat-met-sto-tro,MDG,Africa,0.0,23.0,1.0,369271.0,369272.0,0.0,0.0,0.0,0.0,53.4877366816787,Category 4,125.0,143.8,950.0,2000-03-22,2000-04-09,17.8,Landfall,Category 3,-14.9236,49.7874,107.0,2000-03-22,0,0.07626452292338715,21.489999771118164,0.11429259042568596,0.4415953375934362,-0.3115687876773747,0.0,0.9045726040762752,0.005711596751507743
2000185N15117,Kai-Tak (2000),2000.0,2000-0397-PHL,nat-met-sto-tro,PHL,Asia,29.0,75.0,11.0,1483310.0,1483321.0,0.0,0.0,25763.0,48166.0,53.4877366816787,Category 1,75.0,86.3,995.0,2000-07-02,2000-07-12,9.5,Landfall,Tropical Storm,24.525,121.55,55.0,2000-07-03,1,0.00715892451167921,19.829999923706055,-0.005141534891088373,0.29044301896599134,1.3817608694645922,-0.07096433987382722,0.8500763820628116,0.03887763372369285
2000245N14157,Saomai (2000),2000.0,2000-0576-RUS,nat-met-sto-tro,RUS,Europe,0.0,9.0,0.0,0.0,0.0,0.0,0.0,50.0,93.0,53.4877366816787,Category 5,140.0,161.1,995.0,2000-08-31,2000-09-19,18.2,Landfall,Tropical Storm,35.2826,128.439,60.0,2000-08-31,0,0.006815047635428506,16.84000015258789,0.029961085962712186,0.23598447403610484,1.9580186889159,0.0,0.745489740057453,0.02994858384297774
2000273N16277,Keith (2000),2000.0,2000-0645-SLV,nat-met-sto-tro,SLV,Americas,0.0,1.0,0.0,100.0,100.0,0.0,0.0,0.0,0.0,53.4877366816787,Category 4,120.0,138.1,939.0,2000-09-28,2000-10-06,7.8,Landfall,Tropical Storm,17.9,-88.2,60.0,2000-09-28,0,0.01620659317315143,19.469999313354492,0.05555638262501916,0.2707432785341804,1.453359705816804,-0.012359280842932252,0.8365967844281682,0.011132115619238261
2000279N29279,Leslie (2000),2000.0,2000-0652-USA,nat-met-sto-tro,USA,Americas,0.0,2.0,0.0,14418.0,17433.0,0.0,0.0,219000.0,409440.0,53.4877366816787,Tropical Storm,60.0,69.0,973.0,2000-10-04,2000-10-10,6.2,Landfall,Tropical Depression,29.0,-81.4,30.0,2000-10-04,0,0.00371079223058679,21.540000915527344,0.02202603371565126,0.25401869496575824,0.2630321142445511,-0.01554247770253181,0.7906361898682029,-0.03389868909323718
2004247N10332,Ivan (2004),2004.0,2004-0462-GRD,nat-met-sto-tro,GRD,Americas,18254.0,39.0,700.0,60000.0,113700.0,0.0,0.0,889000.0,1515260.0,58.6698092933412,Category 5,145.0,166.9,910.0,2004-09-02,2004-09-24,21.5,Landfall,Category 2,30.7208,-87.8481,90.0,2004-09-02,0,0.013321528955909878,14.279999732971191,0.007619668881341468,0.11957506241071127,2.462830903050306,0.0,0.8138676155374768,0.004436630705134212
2007225N12331,Dean (2007),2007.0,2007-0360-DOM,nat-met-sto-tro,DOM,Americas,0.0,1.0,0.0,1600.0,1600.0,30000.0,46581.0,40000.0,62108.0,64.4034636847652,Category 5,150.0,172.6,905.0,2007-08-13,2007-08-23,9.8,Landfall,Category 5,18.7,-87.7,150.0,2007-08-13,0,-0.006702753597439215,26.56999969482422,-0.019287841172766607,0.35462353693793974,-0.4971649083880004,-0.09871803549405644,1.261900672051004,0.035080699430404975
2007225N12331,Dean (2007),2007.0,2007-0360-GLP,nat-met-sto-tro,GLP,Americas,0.0,0.0,0.0,0.0,0.0,125000.0,194089.0,300000.0,465813.0,64.4034636847652,Category 5,150.0,172.6,905.0,2007-08-13,2007-08-23,9.8,Landfall,Category 5,18.7,-87.7,150.0,2007-08-13,0,-0.006702753597439215,26.56999969482422,-0.019287841172766607,0.35462353693793974,-0.4971649083880004,-0.09871803549405644,1.261900672051004,0.035080699430404975
2007225N12331,Dean (2007),2007.0,2007-0360-JAM,nat-met-sto-tro,JAM,Americas,0.0,4.0,0.0,32000.0,33188.0,150000.0,232907.0,300000.0,465813.0,64.4034636847652,Category 5,150.0,172.6,905.0,2007-08-13,2007-08-23,9.8,Landfall,Category 5,18.7,-87.7,150.0,2007-08-13,0,-0.006702753597439215,26.56999969482422,-0.019287841172766607,0.35462353693793974,-0.4971649083880004,-0.09871803549405644,1.261900672051004,0.035080699430404975
2012296N14283,Sandy (2012),2012.0,2012-0410-CAN,nat-met-sto-tro,CAN,Americas,0.0,2.0,0.0,0.0,0.0,0.0,0.0,100000.0,140223.0,71.3150877335761,Category 3,100.0,115.1,940.0,2012-10-21,2012-10-31,9.8,Landfall,Category 1,17.9,-76.6,75.0,2012-10-22,1,-0.0046503073120445215,16.6200008392334,0.0075051476894130165,0.13936372038329237,0.8847793988712471,-0.013471859865097913,1.1534722524993022,0.003532913017227319
2012296N14283,Sandy (2012),2012.0,2012-0410-DOM,nat-met-sto-tro,DOM,Americas,0.0,3.0,0.0,22000.0,22000.0,0.0,0.0,30000.0,42067.0,71.3150877335761,Category 3,100.0,115.1,940.0,2012-10-21,2012-10-31,9.8,Landfall,Category 1,17.9,-76.6,75.0,2012-10-22,1,-0.0046503073120445215,16.6200008392334,0.0075051476894130165,0.13936372038329237,0.8847793988712471,-0.013471859865097913,1.1534722524993022,0.003532913017227319
2012296N14283,Sandy (2012),2012.0,2012-0410-HTI,nat-met-sto-tro,HTI,Americas,0.0,75.0,20.0,168500.0,201850.0,0.0,0.0,254000.0,356166.0,71.3150877335761,Category 3,100.0,115.1,940.0,2012-10-21,2012-10-31,9.8,Landfall,Category 1,17.9,-76.6,75.0,2012-10-22,1,-0.0046503073120445215,16.6200008392334,0.0075051476894130165,0.13936372038329237,0.8847793988712471,-0.013471859865097913,1.1534722524993022,0.003532913017227319
2000083S17102,Hudah (2000),2000.0,2000-0178-MOZ,nat-met-sto-tro,MOZ,Africa,0.0,3.0,4.0,0.0,304.0,0.0,0.0,0.0,0.0,53.4877366816787,Category 4,125.0,143.8,950.0,2000-03-22,2000-04-09,17.8,Landfall,Category 3,-14.9236,49.7874,107.0,2000-03-22,0,0.07626452292338715,21.489999771118164,0.11429259042568596,0.4415953375934362,-0.3115687876773747,0.0,0.9045726040762752,0.005711596751507743
2001303N13276,Michelle (2001),2001.0,2001-0611-NIC,nat-met-sto-tro,NIC,Americas,0.0,16.0,0.0,24866.0,24866.0,0.0,0.0,1000.0,1818.0,54.9993852662954,Category 4,120.0,138.1,933.0,2001-10-29,2001-11-06,8.0,Landfall,Tropical Depression,13.3,-83.6,30.0,2001-10-29,0,-0.018453326831047168,31.63999938964844,-0.012445328827492053,0.26749535384708384,-0.44576518028995693,-0.0352943343090939,0.9637337848902485,0.0035494780399699458
2001303N13276,Michelle (2001),2001.0,2001-0615-JAM,nat-met-sto-tro,JAM,Americas,0.0,1.0,0.0,0.0,200.0,15000.0,27273.0,55487.0,100887.0,54.9993852662954,Category 4,120.0,138.1,933.0,2001-10-29,2001-11-06,8.0,Landfall,Tropical Depression,13.3,-83.6,30.0,2001-10-29,0,-0.018453326831047168,31.63999938964844,-0.012445328827492053,0.26749535384708384,-0.44576518028995693,-0.0352943343090939,0.9637337848902485,0.0035494780399699458
2000091S14156,Tessi (2000),2000.0,2000-0214-AUS,nat-met-sto-tro,AUS,Oceania,0.0,0.0,0.0,400.0,400.0,0.0,0.0,60000.0,112175.0,53.4877366816787,Tropical Storm,50.0,57.5,995.0,2000-03-31,2000-04-03,3.5,Landfall,Tropical Storm,-18.8211,146.32,40.0,2000-03-31,0,-0.020756432868162533,24.11000061035156,-0.0244981324350384,0.453795755624232,1.3233275521255408,-0.0244981324350384,0.8753668814049832,-0.017130388547520272
2000184N13133,Kirogi (2000),2000.0,2000-0447-JPN,nat-met-sto-tro,JPN,Asia,0.0,4.0,0.0,900.0,900.0,200000.0,373917.0,300000.0,560876.0,53.4877366816787,Category 4,115.0,132.3,985.0,2000-07-02,2000-07-10,8.2,At Sea / Open Water,At Sea / Open Water,0.0,0.0,0.0,2000-07-03,1,0.00715892451167921,19.829999923706055,-0.005141534891088373,0.29044301896599134,1.3817608694645922,-0.07096433987382722,0.8500763820628116,0.03887763372369285
2000230N08139,Bilis (2000),2000.0,2000-0517-TWN,nat-met-sto-tro,TWN,Asia,0.0,14.0,100.0,0.0,2100.0,3000.0,5609.0,135000.0,252394.0,53.4877366816787,Category 5,140.0,161.1,935.0,2000-08-17,2000-08-27,10.0,Landfall,Category 4,23.0779,121.218,135.0,2000-08-17,0,0.02364233367656965,17.479999542236328,0.01081983838707945,0.22950219080637907,0.8783330250257657,-0.017166022439322193,0.9064223491908135,-0.010169421515663201
2001056S11163,Paula (2001),2001.0,2001-0093-VUT,nat-met-sto-tro,VUT,Oceania,0.0,1.0,0.0,500.0,500.0,0.0,0.0,1390.0,2527.0,54.9993852662954,Category 3,105.0,120.8,985.0,2001-02-25,2001-03-08,11.5,At Sea / Open Water,At Sea / Open Water,0.0,0.0,0.0,2001-02-26,1,-0.021318755604046946,25.43000030517578,-0.04268510314293317,0.22127535579762136,-0.7006869141838337,-0.06677863748370083,0.7524650386156577,0.0015191302951724009
2001264N13269,Juliette (2001),2001.0,2001-0562-MEX,nat-met-sto-tro,MEX,Americas,0.0,3.0,0.0,3000.0,3800.0,150000.0,272730.0,400000.0,727281.0,54.9993852662954,Category 4,125.0,143.8,923.0,2001-09-21,2001-10-03,11.8,Landfall,Tropical Storm,25.0,-112.0,35.0,2001-09-21,0,-0.11272164351284764,42.65999984741211,-0.11833949714744418,0.22792258707123572,0.30577585391634954,-0.19863603064578683,0.8088584318597397,0.06740698063585077
2001303N13276,Michelle (2001),2001.0,2001-0612-CRI,nat-met-sto-tro,CRI,Americas,0.0,0.0,0.0,0.0,0.0,0.0,0.0,1000.0,1818.0,54.9993852662954,Category 4,120.0,138.1,933.0,2001-10-29,2001-11-06,8.0,Landfall,Tropical Depression,13.3,-83.6,30.0,2001-10-29,0,-0.018453326831047168,31.63999938964844,-0.012445328827492053,0.26749535384708384,-0.44576518028995693,-0.0352943343090939,0.9637337848902485,0.0035494780399699458
2001227N13323,Chantal (2001),2001.0,2001-0735-MEX,nat-met-sto-tro,MEX,Americas,0.0,0.0,0.0,2500.0,2500.0,0.0,0.0,0.0,0.0,54.9993852662954,Tropical Storm,60.0,69.0,997.0,2001-08-14,2001-08-22,7.8,Landfall,Tropical Storm,18.2,-88.1,55.0,2001-08-14,0,-0.012420247716384725,20.479999542236328,-0.015592104704300613,0.13462972830820868,0.4997654838337626,-0.01941349930556402,0.8642565580994592,0.000881428275340386
2004247N10332,Ivan (2004),2004.0,2004-0462-DOM,nat-met-sto-tro,DOM,Americas,0.0,4.0,0.0,0.0,0.0,0.0,0.0,1000.0,1704.0,58.6698092933412,Category 5,145.0,166.9,910.0,2004-09-02,2004-09-24,21.5,Landfall,Category 2,30.7208,-87.8481,90.0,2004-09-02,0,0.013321528955909878,14.279999732971191,0.007619668881341468,0.11957506241071127,2.462830903050306,0.0,0.8138676155374768,0.004436630705134212
2004247N10332,Ivan (2004),2004.0,2004-0462-VCT,nat-met-sto-tro,VCT,Americas,0.0,0.0,4.0,1000.0,1004.0,0.0,0.0,40000.0,68178.0,58.6698092933412,Category 5,145.0,166.9,910.0,2004-09-02,2004-09-24,21.5,Landfall,Category 2,30.7208,-87.8481,90.0,2004-09-02,0,0.013321528955909878,14.279999732971191,0.007619668881341468,0.11957506241071127,2.462830903050306,0.0,0.8138676155374768,0.004436630705134212
2007225N12331,Dean (2007),2007.0,2007-0360-BLZ,nat-met-sto-tro,BLZ,Americas,0.0,0.0,0.0,20000.0,20000.0,0.0,0.0,14847.0,23053.0,64.4034636847652,Category 5,150.0,172.6,905.0,2007-08-13,2007-08-23,9.8,Landfall,Category 5,18.7,-87.7,150.0,2007-08-13,0,-0.006702753597439215,26.56999969482422,-0.019287841172766607,0.35462353693793974,-0.4971649083880004,-0.09871803549405644,1.261900672051004,0.035080699430404975
2007225N12331,Dean (2007),2007.0,2007-0360-DMA,nat-met-sto-tro,DMA,Americas,0.0,2.0,30.0,7500.0,7530.0,10000.0,15527.0,20000.0,31054.0,64.4034636847652,Category 5,150.0,172.6,905.0,2007-08-13,2007-08-23,9.8,Landfall,Category 5,18.7,-87.7,150.0,2007-08-13,0,-0.006702753597439215,26.56999969482422,-0.019287841172766607,0.35462353693793974,-0.4971649083880004,-0.09871803549405644,1.261900672051004,0.035080699430404975
2007225N12331,Dean (2007),2007.0,2007-0360-MEX,nat-met-sto-tro,MEX,Americas,0.0,9.0,0.0,140000.0,140000.0,475000.0,737538.0,600000.0,931627.0,64.4034636847652,Category 5,150.0,172.6,905.0,2007-08-13,2007-08-23,9.8,Landfall,Category 5,18.7,-87.7,150.0,2007-08-13,0,-0.006702753597439215,26.56999969482422,-0.019287841172766607,0.35462353693793974,-0.4971649083880004,-0.09871803549405644,1.261900672051004,0.035080699430404975
2012296N14283,Sandy (2012),2012.0,2012-0410-JAM,nat-met-sto-tro,JAM,Americas,0.0,2.0,0.0,218850.0,218850.0,0.0,0.0,100000.0,140223.0,71.3150877335761,Category 3,100.0,115.1,940.0,2012-10-21,2012-10-31,9.8,Landfall,Category 1,17.9,-76.6,75.0,2012-10-22,1,-0.0046503073120445215,16.6200008392334,0.0075051476894130165,0.13936372038329237,0.8847793988712471,-0.013471859865097913,1.1534722524993022,0.003532913017227319
2000230N08139,Bilis (2000),2000.0,2000-0533-CHN,nat-met-sto-tro,CHN,Asia,0.0,11.0,47.0,0.0,4522.0,0.0,0.0,69443.0,129830.0,53.4877366816787,Category 5,140.0,161.1,935.0,2000-08-17,2000-08-27,10.0,Landfall,Category 4,23.0779,121.218,135.0,2000-08-17,0,0.02364233367656965,17.479999542236328,0.01081983838707945,0.22950219080637907,0.8783330250257657,-0.017166022439322193,0.9064223491908135,-0.010169421515663201
2000245N14157,Saomai (2000),2000.0,2000-0601-KOR,nat-met-sto-tro,KOR,Asia,0.0,8.0,0.0,0.0,411.0,0.0,0.0,71000.0,132741.0,53.4877366816787,Category 5,140.0,161.1,995.0,2000-08-31,2000-09-19,18.2,Landfall,Tropical Storm,35.2826,128.439,60.0,2000-08-31,0,0.006815047635428506,16.84000015258789,0.029961085962712186,0.23598447403610484,1.9580186889159,0.0,0.745489740057453,0.02994858384297774
2000299N08139,Xangsane (2000),2000.0,2000-0706-TWN,nat-met-sto-tro,TWN,Asia,0.0,89.0,2.0,0.0,2.0,60000.0,112175.0,150000.0,280438.0,53.4877366816787,Category 2,90.0,103.6,980.0,2000-10-24,2000-11-02,8.5,Landfall,Category 1,13.7106,122.979,70.0,2000-10-24,0,0.03594598688876238,24.280000686645508,0.04784716442951398,0.4317566961050268,-0.46023214432273196,-0.06907554852814402,1.1779559497006657,0.02188054081482709
2001227N13323,Chantal (2001),2001.0,2001-0736-BLZ,nat-met-sto-tro,BLZ,Americas,0.0,0.0,0.0,0.0,0.0,0.0,0.0,4000.0,7273.0,54.9993852662954,Tropical Storm,60.0,69.0,997.0,2001-08-14,2001-08-22,7.8,Landfall,Tropical Storm,18.2,-88.1,55.0,2001-08-14,0,-0.012420247716384725,20.479999542236328,-0.015592104704300613,0.13462972830820868,0.4997654838337626,-0.01941349930556402,0.8642565580994592,0.000881428275340386
2001170N11138,Chebi (2001),2001.0,2001-0293-PHL,nat-met-sto-tro,PHL,Asia,0.0,33.0,0.0,0.0,0.0,0.0,0.0,14000.0,25455.0,54.9993852662954,Category 3,100.0,115.1,944.0,2001-06-19,2001-06-25,6.5,Landfall,Category 2,25.5842,119.463,87.0,2001-06-19,0,-0.029739873831706065,22.34000015258789,-0.009105273381003198,0.12795952654788376,1.3516314895761727,-0.037046830619239635,0.8032020838647252,0.012694679127139034
2001170N11138,Chebi (2001),2001.0,2001-0293-TWN,nat-met-sto-tro,TWN,Asia,0.0,9.0,116.0,0.0,116.0,0.0,0.0,5000.0,9091.0,54.9993852662954,Category 3,100.0,115.1,944.0,2001-06-19,2001-06-25,6.5,Landfall,Category 2,25.5842,119.463,87.0,2001-06-19,0,-0.029739873831706065,22.34000015258789,-0.009105273381003198,0.12795952654788376,1.3516314895761727,-0.037046830619239635,0.8032020838647252,0.012694679127139034
2002234N14164,Rusa (2002),2002.0,2002-0557-RUS,nat-met-sto-tro,RUS,Europe,0.0,0.0,0.0,1050.0,1050.0,0.0,0.0,0.0,0.0,55.8716960740501,Category 4,115.0,132.3,927.0,2002-08-22,2002-09-03,12.8,Landfall,Tropical Storm,34.8418,127.37,62.0,2002-08-22,0,0.034010880265245014,27.75,0.018105321814431363,0.439113859379231,-0.7402322674856441,0.0,1.063618945134198,0.01892902839995736
2001094S12172,Sose (2001),2001.0,2001-0143-VUT,nat-met-sto-tro,VUT,Oceania,0.0,1.0,0.0,505.0,800.0,0.0,0.0,0.0,0.0,54.9993852662954,Category 1,70.0,80.6,985.0,2001-04-03,2001-04-12,8.6,At Sea / Open Water,At Sea / Open Water,0.0,0.0,0.0,2001-04-03,0,-0.0669429331886997,34.720001220703125,-0.019786866370079648,0.42992827522204663,0.982483221621202,-0.0818738112020041,0.9280299179251228,-0.035546560860113506
2001180N15118,Durian (2001),2001.0,2001-0322-CHN,nat-met-sto-tro,CHN,Asia,0.0,33.0,8298.0,14990000.0,14998298.0,20000.0,36364.0,2743000.0,4987328.0,54.9993852662954,Category 1,75.0,86.3,967.0,2001-06-29,2001-07-03,4.5,Landfall,Category 1,21.108,110.319,75.0,2001-06-29,0,-0.002035024583377898,19.059999465942383,-0.013888734127338265,0.20169011046534463,0.8679327198596818,-0.026730430495282564,0.9001282013518607,0.009320298381375082
2001278N12302,Iris (2001),2001.0,2001-0570-GTM,nat-met-sto-tro,GTM,Americas,0.0,8.0,11.0,6435.0,6446.0,0.0,0.0,100.0,182.0,54.9993852662954,Category 4,125.0,143.8,948.0,2001-10-04,2001-10-09,5.0,Landfall,Category 3,16.2424,-88.7091,108.0,2001-10-04,0,0.05055310090893261,31.969999313354492,0.04660786136876993,0.36180988412652343,13.006834640748965,-0.03837471617177868,0.9362395489313233,-0.0330430295325692
2002234N14164,Rusa (2002),2002.0,2002-0561-PRK,nat-met-sto-tro,PRK,Asia,133.0,3.0,0.0,7401.0,7401.0,0.0,0.0,500.0,895.0,55.8716960740501,Category 4,115.0,132.3,927.0,2002-08-22,2002-09-03,12.8,Landfall,Tropical Storm,34.8418,127.37,62.0,2002-08-22,0,0.034010880265245014,27.75,0.018105321814431363,0.439113859379231,-0.7402322674856441,0.0,1.063618945134198,0.01892902839995736
2001157N28265,Allison (2001),2001.0,2001-0242-USA,nat-met-sto-tro,USA,Americas,0.0,41.0,0.0,102000.0,172000.0,3500000.0,6363707.0,6000000.0,10909213.0,54.9993852662954,Tropical Storm,50.0,57.5,1000.0,2001-06-05,2001-06-19,13.5,Landfall,Tropical Storm,29.3,-95.3,45.0,2001-06-05,0,0.013535295348028775,19.579999923706055,0.011149327280043586,0.15343869728941747,-0.30410983633110644,-0.0020637694759486624,0.959012564063022,-0.0044470623825026215
2001225N18146,Pabuk (2001),2001.0,2001-0454-JPN,nat-met-sto-tro,JPN,Asia,0.0,9.0,40.0,7000.0,7040.0,500000.0,909101.0,800000.0,1454562.0,54.9993852662954,Category 2,90.0,103.6,954.0,2001-08-13,2001-08-23,9.8,Landfall,Tropical Storm,33.7,135.75,55.0,2001-08-13,0,-0.008145707969895,20.420000076293945,-0.005372425257059832,0.15472771232488977,-0.6499175060784994,-0.019766295839068526,0.8539789896960066,-0.000858882135688438
2001248N23125,Nari (2001),2001.0,2001-0522-TWN,nat-met-sto-tro,TWN,Asia,0.0,80.0,200.0,650000.0,650200.0,500000.0,909101.0,800000.0,1454562.0,54.9993852662954,Category 3,100.0,115.1,944.0,2001-09-05,2001-09-21,16.0,Landfall,Category 1,24.625,121.625,65.0,2001-09-05,0,-0.024703698385610928,26.350000381469727,-0.02292344732590157,0.12449127851578874,0.5510935368548568,-0.06474761460036338,0.8176146809432847,-0.024838189329145485
2002187N11160,Halong (2002),2002.0,2002-0423-PHL,nat-met-sto-tro,PHL,Asia,0.0,62.0,0.0,11000.0,11000.0,0.0,0.0,5664.0,10138.0,55.8716960740501,Category 4,135.0,155.4,904.0,2002-07-05,2002-07-19,14.2,Landfall,Tropical Storm,35.5945,140.399,45.0,2002-07-05,0,-0.0012072287727058484,27.11000061035156,0.004431422241153671,0.30340483194683665,-0.9431559459147613,-0.04058562289628065,0.8774956291151305,0.0025378984182584108
2002234N14164,Rusa (2002),2002.0,2002-0557-KOR,nat-met-sto-tro,KOR,Asia,190.0,184.0,0.0,88625.0,88625.0,170000.0,304269.0,4200000.0,7517223.0,55.8716960740501,Category 4,115.0,132.3,927.0,2002-08-22,2002-09-03,12.8,Landfall,Tropical Storm,34.8418,127.37,62.0,2002-08-22,0,0.034010880265245014,27.75,0.018105321814431363,0.439113859379231,-0.7402322674856441,0.0,1.063618945134198,0.01892902839995736
2002187N11160,Halong (2002),2002.0,2002-0430-JPN,nat-met-sto-tro,JPN,Asia,0.0,1.0,9.0,570.0,579.0,0.0,0.0,89800.0,160725.0,55.8716960740501,Category 4,135.0,155.4,904.0,2002-07-05,2002-07-19,14.2,Landfall,Tropical Storm,35.5945,140.399,45.0,2002-07-05,0,-0.0012072287727058484,27.11000061035156,0.004431422241153671,0.30340483194683665,-0.9431559459147613,-0.04058562289628065,0.8774956291151305,0.0025378984182584108
2001278N12302,Iris (2001),2001.0,2001-0570-DOM,nat-met-sto-tro,DOM,Americas,0.0,3.0,0.0,175.0,175.0,0.0,0.0,10.0,18.0,54.9993852662954,Category 4,125.0,143.8,948.0,2001-10-04,2001-10-09,5.0,Landfall,Category 3,16.2424,-88.7091,108.0,2001-10-04,0,0.05055310090893261,31.969999313354492,0.04660786136876993,0.36180988412652343,13.006834640748965,-0.03837471617177868,0.9362395489313233,-0.0330430295325692
2002234N14164,Rusa (2002),2002.0,2002-0557-JPN,nat-met-sto-tro,JPN,Asia,0.0,0.0,12.0,1236.0,1248.0,0.0,0.0,0.0,0.0,55.8716960740501,Category 4,115.0,132.3,927.0,2002-08-22,2002-09-03,12.8,Landfall,Tropical Storm,34.8418,127.37,62.0,2002-08-22,0,0.034010880265245014,27.75,0.018105321814431363,0.439113859379231,-0.7402322674856441,0.0,1.063618945134198,0.01892902839995736
2001278N12302,Iris (2001),2001.0,2001-0570-MEX,nat-met-sto-tro,MEX,Americas,0.0,2.0,0.0,0.0,0.0,0.0,0.0,1000.0,1818.0,54.9993852662954,Category 4,125.0,143.8,948.0,2001-10-04,2001-10-09,5.0,Landfall,Category 3,16.2424,-88.7091,108.0,2001-10-04,0,0.05055310090893261,31.969999313354492,0.04660786136876993,0.36180988412652343,13.006834640748965,-0.03837471617177868,0.9362395489313233,-0.0330430295325692
2001278N12302,Iris (2001),2001.0,2001-0553-BLZ,nat-met-sto-tro,BLZ,Americas,0.0,30.0,0.0,20000.0,20000.0,0.0,0.0,250000.0,454551.0,54.9993852662954,Category 4,125.0,143.8,948.0,2001-10-04,2001-10-09,5.0,Landfall,Category 3,16.2424,-88.7091,108.0,2001-10-04,0,0.05055310090893261,31.969999313354492,0.04660786136876993,0.36180988412652343,13.006834640748965,-0.03837471617177868,0.9362395489313233,-0.0330430295325692
2001246N19156,Danas (2001),2001.0,2001-0511-JPN,nat-met-sto-tro,JPN,Asia,0.0,7.0,15.0,1200.0,1215.0,300000.0,545461.0,500000.0,909101.0,54.9993852662954,Category 3,105.0,120.8,938.0,2001-09-03,2001-09-12,9.8,Landfall,Category 1,34.6969,138.972,72.0,2001-09-04,1,-0.04133217090316288,25.850000381469727,-0.03254421371061145,0.13475986380214286,-0.28540901660704554,-0.07299808213104597,0.8261082089158516,-0.021876362946611355
2001206N14134,Toraji (2001),2001.0,2001-0405-CHN,nat-met-sto-tro,CHN,Asia,0.0,100.0,0.0,0.0,0.0,0.0,0.0,40000.0,72728.0,54.9993852662954,Category 3,100.0,115.1,944.0,2001-07-25,2001-08-02,8.5,Landfall,Category 3,23.75,121.3,100.0,2001-07-25,0,-0.015784103112271186,24.0,-0.02202478017832965,0.19357004022288027,-0.6094240188153062,-0.04243458184080706,0.8365201067262381,0.005011534478304318
2001181N08141,Utor (2001),2001.0,2001-0319-PHL,nat-met-sto-tro,PHL,Asia,0.0,232.0,241.0,1902413.0,1902654.0,0.0,0.0,68565.0,124665.0,54.9993852662954,Category 1,80.0,92.1,963.0,2001-06-30,2001-07-07,7.8,Landfall,Category 1,22.75,114.8,65.0,2001-07-02,2,0.019799768638951942,18.760000228881836,0.0062996253069831365,0.20456995324561958,-0.2516212500354871,-0.014736684357322005,0.8916310395877257,-0.005487235357443096
2001170N11138,Chebi (2001),2001.0,2001-0292-CHN,nat-met-sto-tro,CHN,Asia,0.0,125.0,0.0,2895000.0,3108000.0,120000.0,218184.0,470000.0,854555.0,54.9993852662954,Category 3,100.0,115.1,944.0,2001-06-19,2001-06-25,6.5,Landfall,Category 2,25.5842,119.463,87.0,2001-06-19,0,-0.029739873831706065,22.34000015258789,-0.009105273381003198,0.12795952654788376,1.3516314895761727,-0.037046830619239635,0.8032020838647252,0.012694679127139034
2001206N14134,Toraji (2001),2001.0,2001-0405-TWN,nat-met-sto-tro,TWN,Asia,0.0,100.0,0.0,0.0,0.0,20000.0,36364.0,240000.0,436369.0,54.9993852662954,Category 3,100.0,115.1,944.0,2001-07-25,2001-08-02,8.5,Landfall,Category 3,23.75,121.3,100.0,2001-07-25,0,-0.015784103112271186,24.0,-0.02202478017832965,0.19357004022288027,-0.6094240188153062,-0.04243458184080706,0.8365201067262381,0.005011534478304318
2002122S07063,Kesiny (2002),2002.0,2002-0281-MDG,nat-met-sto-tro,MDG,Africa,205.0,20.0,1200.0,520000.0,526200.0,0.0,0.0,0.0,0.0,55.8716960740501,Category 1,65.0,74.8,976.0,2002-05-02,2002-05-11,9.5,Landfall,Tropical Storm,-12.7115,49.4724,60.0,2002-05-02,0,-0.006486231211954796,20.06999969482422,0.01586127511507418,0.1690747628723087,-0.801179901064519,-0.022528924053993094,0.9439693759215868,-0.00684756089122595
2003212N09150,Etau (2003),2003.0,2003-0388-JPN,nat-met-sto-tro,JPN,Asia,0.0,20.0,93.0,6759.0,8976.0,47000.0,82254.0,55000.0,96255.0,57.1400352670416,Category 3,110.0,126.6,933.0,2003-07-31,2003-08-11,11.5,Landfall,Category 2,33.7313,134.388,85.0,2003-07-31,0,0.00913826581696675,19.489999771118164,0.007867958884751669,0.18331055100779137,0.9038966003345259,-0.016506881359534598,1.0733917756984586,-0.0013814016343496934
2002268N15163,Higos (2002),2002.0,2002-0635-RUS,nat-met-sto-tro,RUS,Europe,0.0,6.0,0.0,0.0,0.0,0.0,0.0,0.0,0.0,55.8716960740501,Category 4,135.0,155.4,904.0,2002-09-25,2002-10-04,9.0,Landfall,Category 1,35.249,139.594,82.0,2002-09-25,0,-0.025553180242568363,37.33000183105469,-0.03871131254387761,0.2894064704232491,0.10237490388873738,-0.11322326712451458,1.0840491399236203,0.014456931804541169
2003235N20253,Ignacio (2003),2003.0,2003-0688-MEX,nat-met-sto-tro,MEX,Americas,0.0,2.0,0.0,3000.0,3000.0,0.0,0.0,21200.0,37102.0,57.1400352670416,Category 2,90.0,103.6,970.0,2003-08-22,2003-08-27,5.2,Landfall,Category 1,24.15,-109.95,72.0,2003-08-22,0,0.0015057876049657803,18.549999237060547,-0.02148456048277958,0.14625845261732098,21.927271119024386,-0.033564451870724765,1.0849054179711826,-0.00738174848026852
2002295N11261,Kenna (2002),2002.0,2002-0669-MEX,nat-met-sto-tro,MEX,Americas,450.0,3.0,200.0,8800.0,9000.0,0.0,0.0,200000.0,357963.0,55.8716960740501,Category 5,145.0,166.9,913.0,2002-10-22,2002-10-26,4.0,Landfall,Category 4,21.7,-105.4,120.0,2002-10-22,0,0.009244908374524297,34.09000015258789,0.0175278597886821,0.5620216272476412,-0.6968364472679239,-0.009190588860844229,1.1806506697344032,0.005904028144737757
2003240N20139,Dujuan (2003),2003.0,2003-0443-HKG,nat-met-sto-tro,HKG,Asia,0.0,4.0,22.0,0.0,22.0,0.0,0.0,0.0,0.0,57.1400352670416,Category 4,125.0,143.8,916.0,2003-08-27,2003-09-03,6.8,Landfall,Category 2,22.575,114.725,85.0,2003-08-27,0,-0.003085268819058018,19.1299991607666,-0.017619762353932922,0.14385194163001433,-0.3738264295066731,-0.0210698085689498,1.0716565059686576,-0.010282006567752189
2003249N14329,Isabel (2003),2003.0,2003-0468-CAN,nat-met-sto-tro,CAN,Americas,0.0,1.0,0.0,0.0,0.0,0.0,0.0,0.0,0.0,57.1400352670416,Category 5,145.0,166.9,915.0,2003-09-06,2003-09-20,14.0,Landfall,Category 1,35.8281,-77.0428,75.0,2003-09-08,2,0.022081885200777585,18.260000228881836,0.0205370573864061,0.12478439693032606,1.3643230757976093,0.0,1.0537640511242654,0.0006803644619202652
2003339N13284,Odette (2003),2003.0,2003-0599-DOM,nat-met-sto-tro,DOM,Americas,0.0,8.0,14.0,10000.0,10014.0,0.0,0.0,8000.0,14001.0,57.1400352670416,Tropical Storm,55.0,63.3,993.0,2003-12-04,2003-12-09,5.2,Landfall,Tropical Storm,17.8,-71.5,50.0,2003-12-04,0,0.01156340591659255,16.299999237060547,0.007745972408104818,0.114957339387633,-0.26330280905828485,-0.0025555067140660137,1.0107306920069299,-0.004929364731203601
2002258N10300,Isidore (2002),2002.0,2002-0609-MEX,nat-met-sto-tro,MEX,Americas,0.0,13.0,30.0,500000.0,500030.0,280000.0,501148.0,640000.0,1145482.0,55.8716960740501,Category 3,110.0,126.6,934.0,2002-09-14,2002-09-27,13.0,Landfall,Tropical Depression,10.0856,-61.4549,25.0,2002-09-16,2,-0.008492887094594281,36.7400016784668,-0.03418463257734172,0.2876172118423711,0.2087030077894403,-0.07692327049604086,1.0726104733542867,0.002728754670478034
2002178N10139,Rammasun (2002),2002.0,2002-0528-PHL,nat-met-sto-tro,PHL,Asia,0.0,7.0,0.0,0.0,3000.0,0.0,0.0,0.0,0.0,55.8716960740501,Category 3,110.0,126.6,933.0,2002-06-26,2002-07-07,11.2,Landfall,Tropical Storm,36.5643,126.893,35.0,2002-06-26,0,-0.04348384271906691,28.420000076293945,-0.055785844044315525,0.25256314519812584,6.84733067176239,-0.07475643418120881,0.8611117466102297,0.007540973204989837
2003196N11137,Koni (2003),2003.0,2003-0822-VNM,nat-met-sto-tro,VNM,Asia,0.0,3.0,18.0,0.0,5018.0,0.0,0.0,0.0,0.0,57.1400352670416,Category 1,65.0,74.8,976.0,2003-07-14,2003-07-22,8.2,Landfall,Tropical Storm,11.25,124.5,40.0,2003-07-14,0,0.00029799681967457303,19.59000015258789,0.0231739328030951,0.20260316085075714,2.163791954069902,0.0,1.0963401656198366,0.00017817939761342882
2002258N10300,Isidore (2002),2002.0,2002-0652-USA,nat-met-sto-tro,USA,Americas,0.0,1.0,0.0,13200.0,13200.0,200000.0,357963.0,300000.0,536945.0,55.8716960740501,Category 3,110.0,126.6,934.0,2002-09-14,2002-09-27,13.0,Landfall,Tropical Depression,10.0856,-61.4549,25.0,2002-09-16,2,-0.008492887094594281,36.7400016784668,-0.03418463257734172,0.2876172118423711,0.2087030077894403,-0.07692327049604086,1.0726104733542867,0.002728754670478034
2003011S09182,Ami (2003),2003.0,2003-0024-FJI,nat-met-sto-tro,FJI,Oceania,2254.0,17.0,0.0,30000.0,30000.0,0.0,0.0,30000.0,52503.0,57.1400352670416,Category 3,110.0,126.6,944.0,2003-01-10,2003-01-17,6.5,At Sea / Open Water,At Sea / Open Water,0.0,0.0,0.0,2003-01-10,0,0.01871914892225912,24.31999969482422,0.031607062199091596,0.2676558071044379,0.06538288772713763,-0.002123191912008604,1.0737095623513437,0.010668726357892941
2003316N11141,Nepartak (2003),2003.0,2003-0594-CHN,nat-met-sto-tro,CHN,Asia,0.0,0.0,0.0,1720000.0,1720000.0,0.0,0.0,196938.0,344659.0,57.1400352670416,Category 1,75.0,86.3,967.0,2003-11-11,2003-11-19,8.0,Landfall,Tropical Storm,12.15,124.925,50.0,2003-11-11,0,-0.005767593755418798,17.540000915527344,-0.01024787708543784,0.10280917204100323,-0.2871728707730046,-0.015294615847928572,1.0720038315323206,-0.009203995342992162
2003144N16119,Linfa (2003),2003.0,2003-0258-JPN,nat-met-sto-tro,JPN,Asia,0.0,0.0,2.0,0.0,2.0,0.0,0.0,28200.0,49352.0,57.1400352670416,Tropical Storm,55.0,63.3,984.0,2003-05-24,2003-06-04,11.0,Landfall,Tropical Storm,16.1,119.875,55.0,2003-05-27,3,0.029681685460774432,19.989999771118164,0.028228987542418205,0.15587771040689763,0.05537440088001877,0.0,1.1262529510592485,0.00886188078420665
2003240N20139,Dujuan (2003),2003.0,2003-0443-CHN,nat-met-sto-tro,CHN,Asia,0.0,38.0,1000.0,0.0,69925.0,0.0,0.0,241000.0,421771.0,57.1400352670416,Category 4,125.0,143.8,916.0,2003-08-27,2003-09-03,6.8,Landfall,Category 2,22.575,114.725,85.0,2003-08-27,0,-0.003085268819058018,19.1299991607666,-0.017619762353932922,0.14385194163001433,-0.3738264295066731,-0.0210698085689498,1.0716565059686576,-0.010282006567752189
2003240N20139,Dujuan (2003),2003.0,2003-0443-TWN,nat-met-sto-tro,TWN,Asia,0.0,3.0,0.0,0.0,0.0,0.0,0.0,115000.0,201260.0,57.1400352670416,Category 4,125.0,143.8,916.0,2003-08-27,2003-09-03,6.8,Landfall,Category 2,22.575,114.725,85.0,2003-08-27,0,-0.003085268819058018,19.1299991607666,-0.017619762353932922,0.14385194163001433,-0.3738264295066731,-0.0210698085689498,1.0716565059686576,-0.010282006567752189
2003249N14329,Isabel (2003),2003.0,2003-0468-USA,nat-met-sto-tro,USA,Americas,0.0,16.0,0.0,225000.0,225000.0,1685000.0,2948896.0,3370000.0,5897791.0,57.1400352670416,Category 5,145.0,166.9,915.0,2003-09-06,2003-09-20,14.0,Landfall,Category 1,35.8281,-77.0428,75.0,2003-09-08,2,0.022081885200777585,18.260000228881836,0.0205370573864061,0.12478439693032606,1.3643230757976093,0.0,1.0537640511242654,0.0006803644619202652
2003196N11137,Koni (2003),2003.0,2003-0822-PHL,nat-met-sto-tro,PHL,Asia,0.0,8.0,1.0,116601.0,116602.0,0.0,0.0,1499.0,2623.0,57.1400352670416,Category 1,65.0,74.8,976.0,2003-07-14,2003-07-22,8.2,Landfall,Tropical Storm,11.25,124.5,40.0,2003-07-14,0,0.00029799681967457303,19.59000015258789,0.0231739328030951,0.20260316085075714,2.163791954069902,0.0,1.0963401656198366,0.00017817939761342882
2002268N15163,Higos (2002),2002.0,2002-0635-JPN,nat-met-sto-tro,JPN,Asia,0.0,5.0,108.0,8082.0,8226.0,2140000.0,3830204.0,0.0,0.0,55.8716960740501,Category 4,135.0,155.4,904.0,2002-09-25,2002-10-04,9.0,Landfall,Category 1,35.249,139.594,82.0,2002-09-25,0,-0.025553180242568363,37.33000183105469,-0.03871131254387761,0.2894064704232491,0.10237490388873738,-0.11322326712451458,1.0840491399236203,0.014456931804541169
2003212N09150,Etau (2003),2003.0,2003-0388-RUS,nat-met-sto-tro,RUS,Europe,0.0,0.0,0.0,0.0,0.0,0.0,0.0,0.0,0.0,57.1400352670416,Category 3,110.0,126.6,933.0,2003-07-31,2003-08-11,11.5,Landfall,Category 2,33.7313,134.388,85.0,2003-07-31,0,0.00913826581696675,19.489999771118164,0.007867958884751669,0.18331055100779137,0.9038966003345259,-0.016506881359534598,1.0733917756984586,-0.0013814016343496934
2003316N11141,Nepartak (2003),2003.0,2003-0594-PHL,nat-met-sto-tro,PHL,Asia,0.0,13.0,0.0,0.0,0.0,0.0,0.0,0.0,0.0,57.1400352670416,Category 1,75.0,86.3,967.0,2003-11-11,2003-11-19,8.0,Landfall,Tropical Storm,12.15,124.925,50.0,2003-11-11,0,-0.005767593755418798,17.540000915527344,-0.01024787708543784,0.10280917204100323,-0.2871728707730046,-0.015294615847928572,1.0720038315323206,-0.009203995342992162
2003339N13284,Odette (2003),2003.0,2003-0599-PRI,nat-met-sto-tro,PRI,Americas,0.0,0.0,0.0,0.0,100.0,0.0,0.0,20.0,35.0,57.1400352670416,Tropical Storm,55.0,63.3,993.0,2003-12-04,2003-12-09,5.2,Landfall,Tropical Storm,17.8,-71.5,50.0,2003-12-04,0,0.01156340591659255,16.299999237060547,0.007745972408104818,0.114957339387633,-0.26330280905828485,-0.0025555067140660137,1.0107306920069299,-0.004929364731203601
2002057N06156,Mitag (2002),2002.0,2002-0126-FSM,nat-met-sto-tro,FSM,Oceania,0.0,0.0,0.0,0.0,175.0,0.0,0.0,15000.0,26847.0,55.8716960740501,Category 5,140.0,161.1,898.0,2002-02-26,2002-03-09,10.8,At Sea / Open Water,At Sea / Open Water,0.0,0.0,0.0,2002-02-26,0,0.022618767122958072,21.68000030517578,0.025630103023887907,0.31505403726329434,-0.5344422005616294,-0.03038514959450067,0.9834502500133682,0.026286564275131215
2002258N10300,Isidore (2002),2002.0,2002-0604-CUB,nat-met-sto-tro,CUB,Americas,0.0,0.0,0.0,42500.0,42500.0,1000.0,1790.0,23000.0,41166.0,55.8716960740501,Category 3,110.0,126.6,934.0,2002-09-14,2002-09-27,13.0,Landfall,Tropical Depression,10.0856,-61.4549,25.0,2002-09-16,2,-0.008492887094594281,36.7400016784668,-0.03418463257734172,0.2876172118423711,0.2087030077894403,-0.07692327049604086,1.0726104733542867,0.002728754670478034
2002258N10300,Isidore (2002),2002.0,2002-0849-GTM,nat-met-sto-tro,GTM,Americas,0.0,2.0,0.0,1500.0,1500.0,0.0,0.0,100.0,179.0,55.8716960740501,Category 3,110.0,126.6,934.0,2002-09-14,2002-09-27,13.0,Landfall,Tropical Depression,10.0856,-61.4549,25.0,2002-09-16,2,-0.008492887094594281,36.7400016784668,-0.03418463257734172,0.2876172118423711,0.2087030077894403,-0.07692327049604086,1.0726104733542867,0.002728754670478034
2003144N16119,Linfa (2003),2003.0,2003-0258-PHL,nat-met-sto-tro,PHL,Asia,0.0,51.0,16.0,11345.0,13909.0,0.0,0.0,4000.0,7000.0,57.1400352670416,Tropical Storm,55.0,63.3,984.0,2003-05-24,2003-06-04,11.0,Landfall,Tropical Storm,16.1,119.875,55.0,2003-05-27,3,0.029681685460774432,19.989999771118164,0.028228987542418205,0.15587771040689763,0.05537440088001877,0.0,1.1262529510592485,0.00886188078420665
2003179N20271,Bill (2003),2003.0,2003-0782-USA,nat-met-sto-tro,USA,Americas,0.0,4.0,4.0,0.0,4.0,22000.0,38502.0,50000.0,87504.0,57.1400352670416,Tropical Storm,50.0,57.5,997.0,2003-06-28,2003-07-03,4.8,Landfall,Tropical Depression,19.5,-89.0,20.0,2003-06-30,2,-0.008027421641151222,19.520000457763672,-0.004459770167042798,0.19167791260066502,-0.5844537910960672,-0.049921548782684844,1.096293264625195,0.00446547890509396
2003196N11137,Koni (2003),2003.0,2003-0822-CHN,nat-met-sto-tro,CHN,Asia,0.0,0.0,0.0,7000.0,7000.0,0.0,0.0,16900.0,29576.0,57.1400352670416,Category 1,65.0,74.8,976.0,2003-07-14,2003-07-22,8.2,Landfall,Tropical Storm,11.25,124.5,40.0,2003-07-14,0,0.00029799681967457303,19.59000015258789,0.0231739328030951,0.20260316085075714,2.163791954069902,0.0,1.0963401656198366,0.00017817939761342882
2003212N09150,Etau (2003),2003.0,2003-0824-PHL,nat-met-sto-tro,PHL,Asia,0.0,0.0,0.0,155147.0,155147.0,0.0,0.0,661.0,1157.0,57.1400352670416,Category 3,110.0,126.6,933.0,2003-07-31,2003-08-11,11.5,Landfall,Category 2,33.7313,134.388,85.0,2003-07-31,0,0.00913826581696675,19.489999771118164,0.007867958884751669,0.18331055100779137,0.9038966003345259,-0.016506881359534598,1.0733917756984586,-0.0013814016343496934
2017242N17253,Lidia (2017),2017.0,2017-0376-MEX,nat-met-sto-tro,MEX,Americas,0.0,20.0,0.0,0.0,1000.0,0.0,0.0,0.0,0.0,76.1376037057766,Tropical Storm,55.0,63.3,986.0,2017-08-29,2017-09-03,4.8,Landfall,Tropical Storm,24.0,-110.9,50.0,2017-08-29,0,-0.0024039286891475165,11.699999809265137,-0.010072648535347617,0.11823932137916057,0.003991182815870964,-0.03229614899552269,0.904250753197118,-0.018559606869040537
2003319N13172,Lupit (2003),2003.0,2003-0577-FSM,nat-met-sto-tro,FSM,Oceania,10.0,0.0,0.0,0.0,1000.0,0.0,0.0,1700.0,2975.0,57.1400352670416,Category 5,145.0,166.9,892.0,2003-11-14,2003-12-03,18.8,At Sea / Open Water,At Sea / Open Water,0.0,0.0,0.0,2003-11-14,0,-0.0014204319661104137,16.940000534057617,-0.010700945872037959,0.11219046654016564,-0.329291665422213,-0.023671103267810634,1.0801472170495663,0.003104244283453742
2015242N12343,Fred (2015),2015.0,2015-0473-CPV,nat-met-sto-tro,CPV,Africa,0.0,9.0,0.0,0.0,0.0,0.0,0.0,1100.0,1494.0,73.6208029365864,Category 1,75.0,86.3,986.0,2015-08-30,2015-09-06,7.5,At Sea / Open Water,At Sea / Open Water,0.0,0.0,0.0,2015-08-31,1,0.04311341089135978,28.43000030517578,0.03535124158301883,0.28340116194729925,-0.5903624035886587,-0.07900968082951709,1.030085029001945,-0.00728532397624671
2004025S16044,Elita (2004),2004.0,2004-0029-MDG,nat-met-sto-tro,MDG,Africa,428.0,32.0,100.0,0.0,44290.0,0.0,0.0,0.0,0.0,58.6698092933412,Category 1,65.0,74.8,976.0,2004-01-24,2004-02-13,19.5,Landfall,Tropical Storm,-15.8449,46.0309,55.0,2004-01-26,2,0.014356852935871522,14.550000190734863,0.02252224189634089,0.09803852377657024,0.4549943912153054,0.0,0.9677198368191001,0.006040987225831483
2004258N16300,Jeanne (2004),2004.0,2004-0473-USA,nat-met-sto-tro,USA,Americas,0.0,6.0,0.0,40000.0,40000.0,4900000.0,8351825.0,8000000.0,13635633.0,58.6698092933412,Category 3,105.0,120.8,950.0,2004-09-13,2004-09-29,15.8,Landfall,Tropical Storm,18.0,-66.0,60.0,2004-09-13,0,0.011684166572105692,13.170000076293944,0.005502155443796619,0.10787563249467683,0.8650140655381346,-0.006456288930181686,0.797734595466345,-0.001782944808176892
2004275N14139,Ma-On (2004),2004.0,2004-0511-JPN,nat-met-sto-tro,JPN,Asia,0.0,9.0,169.0,14388.0,14962.0,241000.0,410773.0,603000.0,1027786.0,58.6698092933412,Category 5,140.0,161.1,898.0,2004-10-01,2004-10-10,8.8,Landfall,Category 2,35.6229,139.825,95.0,2004-10-01,0,0.019648579985216408,12.75,0.016866427552547192,0.1284633601733214,-0.08968837260656481,-0.011322342726141965,0.9194077782297193,0.006112283439245605
2004258N16300,Jeanne (2004),2004.0,2004-0473-PRI,nat-met-sto-tro,PRI,Americas,0.0,2.0,0.0,3500.0,3500.0,30000.0,51134.0,100000.0,170445.0,58.6698092933412,Category 3,105.0,120.8,950.0,2004-09-13,2004-09-29,15.8,Landfall,Tropical Storm,18.0,-66.0,60.0,2004-09-13,0,0.011684166572105692,13.170000076293944,0.005502155443796619,0.10787563249467683,0.8650140655381346,-0.006456288930181686,0.797734595466345,-0.001782944808176892
2004158N07142,Chanthu (2004),2004.0,2004-0258-VNM,nat-met-sto-tro,VNM,Asia,0.0,14.0,5.0,900.0,905.0,0.0,0.0,7000.0,11931.0,58.6698092933412,Category 1,75.0,86.3,967.0,2004-06-05,2004-06-15,10.0,Landfall,Tropical Storm,10.9,123.933,35.0,2004-06-07,2,0.016303746755473858,15.390000343322754,0.015733735501398893,0.11403062610358533,0.3342062463697877,0.0,0.9855894429913652,-0.011024443287354557
2004164N06139,Dianmu (2004),2004.0,2004-0276-KOR,nat-met-sto-tro,KOR,Asia,0.0,6.0,0.0,0.0,522.0,0.0,0.0,0.0,0.0,58.6698092933412,Category 5,155.0,178.4,879.0,2004-06-11,2004-06-28,16.8,At Sea / Open Water,At Sea / Open Water,0.0,0.0,0.0,2004-06-14,3,0.002123807962470803,16.06999969482422,-0.006634702498431344,0.12638112510137875,-0.5775603518088717,-0.020654327468010658,0.9726366283228791,0.0010410888781916079
2004333N06154,Nanmadol (2004),2004.0,2004-0618-PHL,nat-met-sto-tro,PHL,Asia,0.0,70.0,77.0,287175.0,339537.0,0.0,0.0,34000.0,57951.0,58.6698092933412,Category 4,130.0,149.6,910.0,2004-11-28,2004-12-04,6.2,Landfall,Category 3,16.5891,121.009,107.0,2004-11-29,1,0.00332124826845992,13.300000190734863,0.008193954125133018,0.09976505187138268,-0.41327479767174746,-0.013034965211404681,1.033056941343092,0.0036388813401609585
2006209N13130,Prapiroon (2006),2006.0,2006-0410-CHN,nat-met-sto-tro,CHN,Asia,0.0,89.0,0.0,10000000.0,10000000.0,0.0,0.0,900000.0,1437305.0,62.6171947810345,Category 1,70.0,80.6,972.0,2006-07-28,2006-08-05,8.2,Landfall,Tropical Depression,16.4564,121.88,30.0,2006-07-28,0,0.03251336786212522,14.329999923706056,0.02633252117415008,0.16028038963673774,-0.13002401429522858,0.0,0.9960076381966699,0.0019097552656653259
2003196N05150,Imbudo (2003),2003.0,2003-0346-CHN,nat-met-sto-tro,CHN,Asia,0.0,20.0,20.0,7400000.0,7400020.0,0.0,0.0,100000.0,175009.0,57.1400352670416,Category 4,130.0,149.6,910.0,2003-07-15,2003-07-25,10.5,Landfall,Category 3,16.6566,122.202,102.0,2003-07-15,0,-0.006326953372887134,19.549999237060547,0.010924795178262281,0.18504026643523985,1.48945277229724,-0.005373829536688968,1.0953679008545452,0.0030246136353825823
2004174N14146,Mindulle (2004),2004.0,2004-0309-PHL,nat-met-sto-tro,PHL,Asia,0.0,28.0,12.0,385000.0,385012.0,0.0,0.0,19667.0,33521.0,58.6698092933412,Category 4,125.0,143.8,916.0,2004-06-21,2004-07-05,14.0,Landfall,Tropical Storm,23.6651,121.447,60.0,2004-06-21,0,0.0034730832498379716,15.260000228881836,0.00441913686019868,0.11372471477260455,1.0676952838513682,-0.016326464907648552,0.9828830522678368,0.0031058473388183403
2004223N11301,Charley (2004),2004.0,2004-0415-JAM,nat-met-sto-tro,JAM,Americas,0.0,1.0,6.0,120.0,126.0,0.0,0.0,300000.0,511336.0,58.6698092933412,Category 4,130.0,149.6,941.0,2004-08-09,2004-08-15,6.0,Landfall,Category 3,22.7,-82.6,105.0,2004-08-09,0,-0.03664324931241569,18.88999938964844,-0.029495743965160193,0.09961299698776446,-0.07431874257196924,-0.029840134175475375,0.7798849903347669,0.013227148141602352
2004231N09147,Aere (2004),2004.0,2004-0435-PHL,nat-met-sto-tro,PHL,Asia,0.0,35.0,0.0,1058849.0,1058849.0,0.0,0.0,0.0,0.0,58.6698092933412,Category 2,90.0,103.6,954.0,2004-08-17,2004-08-31,13.2,Landfall,Category 1,24.7429,118.495,70.0,2004-08-17,0,0.004890429817539399,17.020000457763672,0.014445295094031696,0.12773189472390953,0.6028899516672144,-0.0017770543689940022,0.8084734176402867,0.005687171645339054
2004258N16300,Jeanne (2004),2004.0,2004-0473-VIR,nat-met-sto-tro,VIR,Americas,0.0,0.0,0.0,0.0,0.0,0.0,0.0,0.0,0.0,58.6698092933412,Category 3,105.0,120.8,950.0,2004-09-13,2004-09-29,15.8,Landfall,Tropical Storm,18.0,-66.0,60.0,2004-09-13,0,0.011684166572105692,13.170000076293944,0.005502155443796619,0.10787563249467683,0.8650140655381346,-0.006456288930181686,0.797734595466345,-0.001782944808176892
2003196N05150,Imbudo (2003),2003.0,2003-0346-PHL,nat-met-sto-tro,PHL,Asia,0.0,21.0,0.0,14280.0,14280.0,0.0,0.0,26468.0,46321.0,57.1400352670416,Category 4,130.0,149.6,910.0,2003-07-15,2003-07-25,10.5,Landfall,Category 3,16.6566,122.202,102.0,2003-07-15,0,-0.006326953372887134,19.549999237060547,0.010924795178262281,0.18504026643523985,1.48945277229724,-0.005373829536688968,1.0953679008545452,0.0030246136353825823
2003268N28298,Juan (2003),2003.0,2003-0487-CAN,nat-met-sto-tro,CAN,Americas,0.0,2.0,0.0,200.0,200.0,0.0,0.0,110000.0,192510.0,57.1400352670416,Category 2,90.0,103.6,969.0,2003-09-24,2003-09-29,5.0,At Sea / Open Water,At Sea / Open Water,0.0,0.0,0.0,2003-09-24,0,-0.01820291659026707,21.219999313354492,-0.0028959680825656475,0.16623460135818469,0.5618123925554974,-0.026312736539277903,1.0796507851247132,0.00841457106597332
2004025S16044,Elita (2004),2004.0,2004-0029-MOZ,nat-met-sto-tro,MOZ,Africa,0.0,0.0,0.0,0.0,10000.0,0.0,0.0,0.0,0.0,58.6698092933412,Category 1,65.0,74.8,976.0,2004-01-24,2004-02-13,19.5,Landfall,Tropical Storm,-15.8449,46.0309,55.0,2004-01-26,2,0.014356852935871522,14.550000190734863,0.02252224189634089,0.09803852377657024,0.4549943912153054,0.0,0.9677198368191001,0.006040987225831483
2004241N32282,Gaston (2004),2004.0,2004-0448-USA,nat-met-sto-tro,USA,Americas,0.0,7.0,0.0,0.0,0.0,62500.0,106528.0,62500.0,106528.0,58.6698092933412,Category 1,65.0,74.8,985.0,2004-08-27,2004-09-03,6.5,Landfall,Category 1,33.0,-79.6,65.0,2004-08-27,0,0.008779625891150777,14.710000038146973,0.010489043854946312,0.1321328806776643,-0.4233195463912568,0.0,0.8251589712488272,0.001267946663601219
2004258N16300,Jeanne (2004),2004.0,2004-0473-HTI,nat-met-sto-tro,HTI,Americas,40208.0,2754.0,2620.0,298926.0,315594.0,0.0,0.0,50000.0,85223.0,58.6698092933412,Category 3,105.0,120.8,950.0,2004-09-13,2004-09-29,15.8,Landfall,Tropical Storm,18.0,-66.0,60.0,2004-09-13,0,0.011684166572105692,13.170000076293944,0.005502155443796619,0.10787563249467683,0.8650140655381346,-0.006456288930181686,0.797734595466345,-0.001782944808176892
2004288N09164,Nock-Ten (2004),2004.0,2004-0535-TWN,nat-met-sto-tro,TWN,Asia,0.0,7.0,100.0,1600.0,1700.0,0.0,0.0,0.0,0.0,58.6698092933412,Category 3,110.0,126.6,933.0,2004-10-13,2004-10-27,13.2,At Sea / Open Water,At Sea / Open Water,0.0,0.0,0.0,2004-10-13,0,-0.027380319953534737,15.420000076293944,-0.010678689709832545,0.12337856251151474,-0.546232112854564,-0.017448270522940845,0.9046663033910488,-0.0317678619845299
2004319N10134,Muifa (2004),2004.0,2004-0580-VNM,nat-met-sto-tro,VNM,Asia,0.0,56.0,0.0,500000.0,500000.0,0.0,0.0,23000.0,39202.0,58.6698092933412,Category 4,115.0,132.3,927.0,2004-11-13,2004-11-26,12.2,Landfall,Category 1,13.9745,123.227,82.0,2004-11-15,2,0.01683789429565219,13.380000114440918,0.01837999584438821,0.13523660439951285,-0.37062201651155224,0.0,1.0240336695027785,-0.008906352288642363
2004333N06154,Nanmadol (2004),2004.0,2004-0618-TWN,nat-met-sto-tro,TWN,Asia,0.0,3.0,0.0,0.0,0.0,0.0,0.0,20800.0,35453.0,58.6698092933412,Category 4,130.0,149.6,910.0,2004-11-28,2004-12-04,6.2,Landfall,Category 3,16.5891,121.009,107.0,2004-11-29,1,0.00332124826845992,13.300000190734863,0.008193954125133018,0.09976505187138268,-0.41327479767174746,-0.013034965211404681,1.033056941343092,0.0036388813401609585
2003056S21042,Japhet (2003),2003.0,2003-0114-MOZ,nat-met-sto-tro,MOZ,Africa,0.0,11.0,10.0,23000.0,23010.0,0.0,0.0,0.0,0.0,57.1400352670416,Category 4,115.0,132.3,927.0,2003-02-24,2003-03-05,8.8,Landfall,Category 2,-21.6667,35.1333,85.0,2003-02-24,0,-0.004159778931895675,31.979999542236328,-0.008149725084445891,0.24169522102939844,-0.5254607622782268,-0.05308879494965246,1.122295601095648,0.00239857395948526
2003247N10153,Maemi (2003),2003.0,2003-0459-KOR,nat-met-sto-tro,KOR,Asia,230.0,130.0,0.0,65000.0,80000.0,504000.0,882044.0,4500000.0,7875389.0,57.1400352670416,Category 5,150.0,172.6,885.0,2003-09-04,2003-09-16,12.0,Landfall,Category 2,34.9,128.3,95.0,2003-09-04,0,0.032653651938798545,18.709999084472656,0.024711491976097344,0.12035065445117245,2.7164023001988014,-0.004260128140071373,1.059953393127915,-0.00027035650678837106
2004238N11325,Frances (2004),2004.0,2004-0455-BHS,nat-met-sto-tro,BHS,Americas,0.0,2.0,0.0,8000.0,8000.0,230000.0,392024.0,1000000.0,1704454.0,58.6698092933412,Category 4,125.0,143.8,935.0,2004-08-25,2004-09-10,16.8,Landfall,Category 2,27.2,-80.2,90.0,2004-08-25,0,0.009724129289732097,14.979999542236328,0.013014769397428516,0.13291036466879097,0.023365023597597512,0.0,0.830036828404934,-0.0026859785351567352
2004239N11171,Songda (2004),2004.0,2004-0459-RUS,nat-met-sto-tro,RUS,Europe,0.0,3.0,0.0,0.0,0.0,0.0,0.0,0.0,0.0,58.6698092933412,Category 4,125.0,143.8,916.0,2004-08-26,2004-09-10,15.8,Landfall,Category 2,33.8277,130.636,87.0,2004-08-26,0,0.012669577839600654,14.90999984741211,0.019781848254307288,0.13257858958172186,-0.459779839682411,0.0,0.8289773183283273,-0.0034235764685618657
2005248N08142,Khanun (2005),2005.0,2005-0510-CHN,nat-met-sto-tro,CHN,Asia,0.0,25.0,8.0,1350000.0,1350008.0,78000.0,128585.0,1750000.0,2884917.0,60.6603317527392,Category 4,115.0,132.3,927.0,2005-09-05,2005-09-13,8.5,Landfall,Category 2,28.8138,121.372,92.0,2005-09-06,1,0.016517247161115467,12.93000030517578,0.01634377975841872,0.10762886989007113,-0.06204327700513823,0.0,0.8936740123432205,-0.00440112986944059
2006209N13130,Prapiroon (2006),2006.0,2006-0410-PHL,nat-met-sto-tro,PHL,Asia,0.0,6.0,0.0,15000.0,15000.0,0.0,0.0,135000.0,215596.0,62.6171947810345,Category 1,70.0,80.6,972.0,2006-07-28,2006-08-05,8.2,Landfall,Tropical Depression,16.4564,121.88,30.0,2006-07-28,0,0.03251336786212522,14.329999923706056,0.02633252117415008,0.16028038963673774,-0.13002401429522858,0.0,0.9960076381966699,0.0019097552656653259
2003122S11065,Manou (2003),2003.0,2003-0218-MDG,nat-met-sto-tro,MDG,Africa,1294.0,89.0,86.0,114500.0,162086.0,0.0,0.0,0.0,0.0,57.1400352670416,Category 1,75.0,86.3,967.0,2003-05-01,2003-05-13,11.5,At Sea / Open Water,At Sea / Open Water,0.0,0.0,0.0,2003-05-01,0,0.005910627728824114,21.59000015258789,0.009507524498569841,0.20721128531521787,-0.21176427346029214,-0.011425857190764721,1.1361787599598272,-0.005515806181918538
2003240N15329,Fabian (2003),2003.0,2003-0448-BMU,nat-met-sto-tro,BMU,Americas,0.0,4.0,10.0,0.0,10.0,125000.0,218761.0,300000.0,525026.0,57.1400352670416,Category 4,125.0,143.8,939.0,2003-08-27,2003-09-09,13.0,At Sea / Open Water,At Sea / Open Water,0.0,0.0,0.0,2003-08-27,0,-0.003085268819058018,19.1299991607666,-0.017619762353932922,0.14385194163001433,-0.3738264295066731,-0.0210698085689498,1.0716565059686576,-0.010282006567752189
2004164N06139,Dianmu (2004),2004.0,2004-0276-JPN,nat-met-sto-tro,JPN,Asia,0.0,6.0,56.0,700.0,756.0,0.0,0.0,68300.0,116414.0,58.6698092933412,Category 5,155.0,178.4,879.0,2004-06-11,2004-06-28,16.8,At Sea / Open Water,At Sea / Open Water,0.0,0.0,0.0,2004-06-14,3,0.002123807962470803,16.06999969482422,-0.006634702498431344,0.12638112510137875,-0.5775603518088717,-0.020654327468010658,0.9726366283228791,0.0010410888781916079
2004174N14146,Mindulle (2004),2004.0,2004-0309-TWN,nat-met-sto-tro,TWN,Asia,0.0,28.0,6.0,1165.0,1171.0,0.0,0.0,400000.0,681782.0,58.6698092933412,Category 4,125.0,143.8,916.0,2004-06-21,2004-07-05,14.0,Landfall,Tropical Storm,23.6651,121.447,60.0,2004-06-21,0,0.0034730832498379716,15.260000228881836,0.00441913686019868,0.11372471477260455,1.0676952838513682,-0.016326464907648552,0.9828830522678368,0.0031058473388183403
2004231N09147,Aere (2004),2004.0,2004-0435-JPN,nat-met-sto-tro,JPN,Asia,0.0,2.0,2.0,0.0,2.0,0.0,0.0,500.0,852.0,58.6698092933412,Category 2,90.0,103.6,954.0,2004-08-17,2004-08-31,13.2,Landfall,Category 1,24.7429,118.495,70.0,2004-08-17,0,0.004890429817539399,17.020000457763672,0.014445295094031696,0.12773189472390953,0.6028899516672144,-0.0017770543689940022,0.8084734176402867,0.005687171645339054
2004239N11171,Songda (2004),2004.0,2004-0459-KOR,nat-met-sto-tro,KOR,Asia,0.0,0.0,0.0,0.0,0.0,0.0,0.0,250000.0,426114.0,58.6698092933412,Category 4,125.0,143.8,916.0,2004-08-26,2004-09-10,15.8,Landfall,Category 2,33.8277,130.636,87.0,2004-08-26,0,0.012669577839600654,14.90999984741211,0.019781848254307288,0.13257858958172186,-0.459779839682411,0.0,0.8289773183283273,-0.0034235764685618657
2004258N16300,Jeanne (2004),2004.0,2004-0473-DOM,nat-met-sto-tro,DOM,Americas,79.0,11.0,9.0,14000.0,14009.0,0.0,0.0,296000.0,504518.0,58.6698092933412,Category 3,105.0,120.8,950.0,2004-09-13,2004-09-29,15.8,Landfall,Tropical Storm,18.0,-66.0,60.0,2004-09-13,0,0.011684166572105692,13.170000076293944,0.005502155443796619,0.10787563249467683,0.8650140655381346,-0.006456288930181686,0.797734595466345,-0.001782944808176892
2005241N15155,Nabi (2005),2005.0,2005-0497-JPN,nat-met-sto-tro,JPN,Asia,0.0,32.0,140.0,270000.0,270140.0,550000.0,906688.0,1000000.0,1648524.0,60.6603317527392,Category 5,140.0,161.1,898.0,2005-08-28,2005-09-09,12.0,Landfall,Category 1,32.7495,130.137,82.0,2005-08-29,1,-0.006368615264673139,13.520000457763672,-0.015420736578214633,0.09974318792855583,0.7046765411891649,-0.027161205154171975,0.8623905857143032,0.002099461304756441
2005241N15155,Nabi (2005),2005.0,2005-0497-KOR,nat-met-sto-tro,KOR,Asia,0.0,5.0,0.0,1100.0,1100.0,0.0,0.0,5000.0,8243.0,60.6603317527392,Category 5,140.0,161.1,898.0,2005-08-28,2005-09-09,12.0,Landfall,Category 1,32.7495,130.137,82.0,2005-08-29,1,-0.006368615264673139,13.520000457763672,-0.015420736578214633,0.09974318792855583,0.7046765411891649,-0.027161205154171975,0.8623905857143032,0.002099461304756441
2004072S11146,Fay (2004),2004.0,2004-0165-AUS,nat-met-sto-tro,AUS,Oceania,0.0,0.0,0.0,250.0,250.0,0.0,0.0,0.0,0.0,58.6698092933412,Category 4,120.0,138.1,922.0,2004-03-12,2004-03-28,16.5,Landfall,Tropical Depression,-11.1015,142.698,0.0,2004-03-12,0,-0.03265106276380969,18.299999237060547,-0.02921870274206917,0.12239096382166312,-0.08726577360182342,-0.02921870274206917,0.9791596671379101,0.005184892747297484
2004219N15137,Rananim (2004),2004.0,2004-0412-CHN,nat-met-sto-tro,CHN,Asia,0.0,188.0,4000.0,8590000.0,9062000.0,0.0,0.0,2190000.0,3732755.0,58.6698092933412,Category 2,90.0,103.6,954.0,2004-08-06,2004-08-15,9.2,Landfall,Category 2,28.15,121.35,85.0,2004-08-06,0,-0.03599754701764557,19.34000015258789,-0.022523991692681933,0.1019341002184928,0.5723790190121594,-0.02877407250917463,0.7953252312520008,0.0036870990234529485
2004223N11301,Charley (2004),2004.0,2004-0415-CUB,nat-met-sto-tro,CUB,Americas,120.0,4.0,5.0,202500.0,244005.0,0.0,0.0,1000000.0,1704454.0,58.6698092933412,Category 4,130.0,149.6,941.0,2004-08-09,2004-08-15,6.0,Landfall,Category 3,22.7,-82.6,105.0,2004-08-09,0,-0.03664324931241569,18.88999938964844,-0.029495743965160193,0.09961299698776446,-0.07431874257196924,-0.029840134175475375,0.7798849903347669,0.013227148141602352
2004223N11301,Charley (2004),2004.0,2004-0415-CYM,nat-met-sto-tro,CYM,Americas,0.0,0.0,0.0,0.0,0.0,0.0,0.0,5000.0,8522.0,58.6698092933412,Category 4,130.0,149.6,941.0,2004-08-09,2004-08-15,6.0,Landfall,Category 3,22.7,-82.6,105.0,2004-08-09,0,-0.03664324931241569,18.88999938964844,-0.029495743965160193,0.09961299698776446,-0.07431874257196924,-0.029840134175475375,0.7798849903347669,0.013227148141602352
2004223N11301,Charley (2004),2004.0,2004-0415-USA,nat-met-sto-tro,USA,Americas,0.0,10.0,0.0,30000.0,30000.0,7600000.0,12953852.0,16000000.0,27271266.0,58.6698092933412,Category 4,130.0,149.6,941.0,2004-08-09,2004-08-15,6.0,Landfall,Category 3,22.7,-82.6,105.0,2004-08-09,0,-0.03664324931241569,18.88999938964844,-0.029495743965160193,0.09961299698776446,-0.07431874257196924,-0.029840134175475375,0.7798849903347669,0.013227148141602352
2004227N15141,Megi (2004),2004.0,2004-0428-JPN,nat-met-sto-tro,JPN,Asia,0.0,11.0,0.0,8502.0,8502.0,0.0,0.0,500000.0,852227.0,58.6698092933412,Category 1,65.0,74.8,976.0,2004-08-14,2004-08-22,8.2,Landfall,Tropical Depression,40.9459,140.51,0.0,2004-08-16,2,0.012149157666171861,17.56999969482422,0.022702093850660354,0.12736190771346684,0.16143367907763895,-0.007463265262191987,0.8076891273674256,0.006238446120592938
2004238N11325,Frances (2004),2004.0,2004-0455-DOM,nat-met-sto-tro,DOM,Americas,0.0,0.0,0.0,250.0,250.0,0.0,0.0,0.0,0.0,58.6698092933412,Category 4,125.0,143.8,935.0,2004-08-25,2004-09-10,16.8,Landfall,Category 2,27.2,-80.2,90.0,2004-08-25,0,0.009724129289732097,14.979999542236328,0.013014769397428516,0.13291036466879097,0.023365023597597512,0.0,0.830036828404934,-0.0026859785351567352
2004238N11325,Frances (2004),2004.0,2004-0455-TCA,nat-met-sto-tro,TCA,Americas,0.0,0.0,0.0,200.0,200.0,0.0,0.0,0.0,0.0,58.6698092933412,Category 4,125.0,143.8,935.0,2004-08-25,2004-09-10,16.8,Landfall,Category 2,27.2,-80.2,90.0,2004-08-25,0,0.009724129289732097,14.979999542236328,0.013014769397428516,0.13291036466879097,0.023365023597597512,0.0,0.830036828404934,-0.0026859785351567352
2004284N07157,Tokage (2004),2004.0,2004-0524-JPN,nat-met-sto-tro,JPN,Asia,0.0,89.0,342.0,84450.0,84792.0,1100000.0,1874900.0,2300000.0,3920245.0,58.6698092933412,Category 4,125.0,143.8,916.0,2004-10-10,2004-10-23,12.8,Landfall,Tropical Storm,34.1498,134.578,53.0,2004-10-11,1,-0.007642351788188062,14.710000038146973,-0.0017255769680779576,0.12207038234640173,-0.3121176136019882,-0.010263852879953572,0.8768821338642622,-0.015911305373300336
2004319N10134,Muifa (2004),2004.0,2004-0580-PHL,nat-met-sto-tro,PHL,Asia,0.0,104.0,240.0,838434.0,838674.0,0.0,0.0,6000.0,10227.0,58.6698092933412,Category 4,115.0,132.3,927.0,2004-11-13,2004-11-26,12.2,Landfall,Category 1,13.9745,123.227,82.0,2004-11-15,2,0.01683789429565219,13.380000114440918,0.01837999584438821,0.13523660439951285,-0.37062201651155224,0.0,1.0240336695027785,-0.008906352288642363
2003056S21042,Japhet (2003),2003.0,2003-0114-ZWE,nat-met-sto-tro,ZWE,Africa,0.0,8.0,0.0,0.0,0.0,0.0,0.0,0.0,0.0,57.1400352670416,Category 4,115.0,132.3,927.0,2003-02-24,2003-03-05,8.8,Landfall,Category 2,-21.6667,35.1333,85.0,2003-02-24,0,-0.004159778931895675,31.979999542236328,-0.008149725084445891,0.24169522102939844,-0.5254607622782268,-0.05308879494965246,1.122295601095648,0.00239857395948526
2003061S21148,Erica (2003),2003.0,2003-0135-NCL,nat-met-sto-tro,NCL,Oceania,300.0,2.0,100.0,0.0,1100.0,0.0,0.0,40000.0,70003.0,57.1400352670416,Category 4,130.0,149.6,910.0,2003-03-01,2003-03-17,15.5,Landfall,Tropical Depression,-21.0,147.5,0.0,2003-03-03,2,0.003461350765304072,30.43000030517578,0.006283232697235075,0.21762445439595102,-0.001984260950973926,-0.04363795294872286,1.106036196406695,-0.005353673173010082
2004093N07154,Sudal (2004),2004.0,2004-0150-FSM,nat-met-sto-tro,FSM,Oceania,7494.0,1.0,8.0,6000.0,6008.0,0.0,0.0,14000.0,23862.0,58.6698092933412,Category 4,130.0,149.6,910.0,2004-04-02,2004-04-18,16.0,At Sea / Open Water,At Sea / Open Water,0.0,0.0,0.0,2004-04-02,0,0.032514061016376994,15.640000343322754,0.021746231298924723,0.16385597884833134,7.106830658091589,-0.01868425900424786,0.9858283379109345,0.0021683816429025043
2004231N09147,Aere (2004),2004.0,2004-0435-CHN,nat-met-sto-tro,CHN,Asia,0.0,2.0,7.0,0.0,41357.0,0.0,0.0,5000.0,8522.0,58.6698092933412,Category 2,90.0,103.6,954.0,2004-08-17,2004-08-31,13.2,Landfall,Category 1,24.7429,118.495,70.0,2004-08-17,0,0.004890429817539399,17.020000457763672,0.014445295094031696,0.12773189472390953,0.6028899516672144,-0.0017770543689940022,0.8084734176402867,0.005687171645339054
2004231N09147,Aere (2004),2004.0,2004-0435-TWN,nat-met-sto-tro,TWN,Asia,0.0,32.0,2.0,0.0,2.0,0.0,0.0,5000.0,8522.0,58.6698092933412,Category 2,90.0,103.6,954.0,2004-08-17,2004-08-31,13.2,Landfall,Category 1,24.7429,118.495,70.0,2004-08-17,0,0.004890429817539399,17.020000457763672,0.014445295094031696,0.12773189472390953,0.6028899516672144,-0.0017770543689940022,0.8084734176402867,0.005687171645339054
2004238N11325,Frances (2004),2004.0,2004-0455-USA,nat-met-sto-tro,USA,Americas,0.0,47.0,0.0,0.0,0.0,5000000.0,8522271.0,11000000.0,18748996.0,58.6698092933412,Category 4,125.0,143.8,935.0,2004-08-25,2004-09-10,16.8,Landfall,Category 2,27.2,-80.2,90.0,2004-08-25,0,0.009724129289732097,14.979999542236328,0.013014769397428516,0.13291036466879097,0.023365023597597512,0.0,0.830036828404934,-0.0026859785351567352
2003196N05150,Imbudo (2003),2003.0,2003-0346-HKG,nat-met-sto-tro,HKG,Asia,0.0,1.0,11.0,3500.0,3511.0,0.0,0.0,0.0,0.0,57.1400352670416,Category 4,130.0,149.6,910.0,2003-07-15,2003-07-25,10.5,Landfall,Category 3,16.6566,122.202,102.0,2003-07-15,0,-0.006326953372887134,19.549999237060547,0.010924795178262281,0.18504026643523985,1.48945277229724,-0.005373829536688968,1.0953679008545452,0.0030246136353825823
2003247N10153,Maemi (2003),2003.0,2003-0459-JPN,nat-met-sto-tro,JPN,Asia,0.0,3.0,107.0,0.0,4601.0,0.0,0.0,50000.0,87504.0,57.1400352670416,Category 5,150.0,172.6,885.0,2003-09-04,2003-09-16,12.0,Landfall,Category 2,34.9,128.3,95.0,2003-09-04,0,0.032653651938798545,18.709999084472656,0.024711491976097344,0.12035065445117245,2.7164023001988014,-0.004260128140071373,1.059953393127915,-0.00027035650678837106
2004052S15172,Ivy (2004),2004.0,2004-0080-VUT,nat-met-sto-tro,VUT,Oceania,123.0,2.0,8.0,54000.0,54008.0,0.0,0.0,3800.0,6477.0,58.6698092933412,Category 3,105.0,120.8,938.0,2004-02-21,2004-03-02,10.0,Landfall,Category 3,-16.35,167.8,105.0,2004-02-23,2,-0.0046908575070084835,16.290000915527344,-0.0010072540341160563,0.1331799439556849,-0.5581570568230492,-0.008327653026484638,1.0033748270475975,-0.0029981529522825467
2004158N07142,Chanthu (2004),2004.0,2004-0258-THA,nat-met-sto-tro,THA,Asia,0.0,1.0,0.0,4000.0,4000.0,0.0,0.0,0.0,0.0,58.6698092933412,Category 1,75.0,86.3,967.0,2004-06-05,2004-06-15,10.0,Landfall,Tropical Storm,10.9,123.933,35.0,2004-06-07,2,0.016303746755473858,15.390000343322754,0.015733735501398893,0.11403062610358533,0.3342062463697877,0.0,0.9855894429913652,-0.011024443287354557
2004227N15141,Megi (2004),2004.0,2004-0428-KOR,nat-met-sto-tro,KOR,Asia,0.0,8.0,0.0,0.0,2400.0,0.0,0.0,1000.0,1704.0,58.6698092933412,Category 1,65.0,74.8,976.0,2004-08-14,2004-08-22,8.2,Landfall,Tropical Depression,40.9459,140.51,0.0,2004-08-16,2,0.012149157666171861,17.56999969482422,0.022702093850660354,0.12736190771346684,0.16143367907763895,-0.007463265262191987,0.8076891273674256,0.006238446120592938
2004238N11325,Frances (2004),2004.0,2004-0455-PRI,nat-met-sto-tro,PRI,Americas,0.0,0.0,0.0,0.0,0.0,0.0,0.0,0.0,0.0,58.6698092933412,Category 4,125.0,143.8,935.0,2004-08-25,2004-09-10,16.8,Landfall,Category 2,27.2,-80.2,90.0,2004-08-25,0,0.009724129289732097,14.979999542236328,0.013014769397428516,0.13291036466879097,0.023365023597597512,0.0,0.830036828404934,-0.0026859785351567352
2004239N11171,Songda (2004),2004.0,2004-0459-JPN,nat-met-sto-tro,JPN,Asia,0.0,41.0,900.0,40000.0,40900.0,4700000.0,8010935.0,9000000.0,15340087.0,58.6698092933412,Category 4,125.0,143.8,916.0,2004-08-26,2004-09-10,15.8,Landfall,Category 2,33.8277,130.636,87.0,2004-08-26,0,0.012669577839600654,14.90999984741211,0.019781848254307288,0.13257858958172186,-0.459779839682411,0.0,0.8289773183283273,-0.0034235764685618657
2004258N16300,Jeanne (2004),2004.0,2004-0473-BHS,nat-met-sto-tro,BHS,Americas,142.0,9.0,0.0,1000.0,1000.0,0.0,0.0,550000.0,937450.0,58.6698092933412,Category 3,105.0,120.8,950.0,2004-09-13,2004-09-29,15.8,Landfall,Tropical Storm,18.0,-66.0,60.0,2004-09-13,0,0.011684166572105692,13.170000076293944,0.005502155443796619,0.10787563249467683,0.8650140655381346,-0.006456288930181686,0.797734595466345,-0.001782944808176892
2005261N21290,Rita (2005),2005.0,2005-0547-USA,nat-met-sto-tro,USA,Americas,0.0,10.0,0.0,300000.0,300000.0,11300000.0,18628319.0,16000000.0,26376381.0,60.6603317527392,Category 5,155.0,178.4,895.0,2005-09-18,2005-09-26,8.2,Landfall,Category 2,29.944,-93.8198,89.0,2005-09-19,1,-0.00591908025447252,12.140000343322754,-0.0035753137930861767,0.12724472137636617,-0.15904959161913135,-0.009014668127227954,0.9613222045140908,-0.004716399659959056
2022280N11294,Julia (2022),2022.0,2022-0647-COL,nat-met-sto-tro,COL,Americas,0.0,0.0,2.0,5000.0,5002.0,0.0,0.0,0.0,0.0,90.9026974595266,Category 1,75.0,86.3,982.0,2022-10-06,2022-10-10,4.0,Landfall,Tropical Depression,12.0,-69.8,30.0,2022-10-06,0,0.028694137302272438,30.520000457763672,0.03263707727610776,0.28217528861048236,-0.17061872909698994,-0.0818000261299554,0.9686379830341914,0.015604829664576804
2022280N11294,Julia (2022),2022.0,2022-0647-HND,nat-met-sto-tro,HND,Americas,0.0,5.0,0.0,144000.0,144000.0,0.0,0.0,0.0,0.0,90.9026974595266,Category 1,75.0,86.3,982.0,2022-10-06,2022-10-10,4.0,Landfall,Tropical Depression,12.0,-69.8,30.0,2022-10-06,0,0.028694137302272438,30.520000457763672,0.03263707727610776,0.28217528861048236,-0.17061872909698994,-0.0818000261299554,0.9686379830341914,0.015604829664576804
2020211N13306,Isaias (2020),2020.0,2020-0312-PRI,nat-met-sto-tro,PRI,Americas,0.0,1.0,0.0,0.0,0.0,0.0,0.0,59800.0,74387.0,80.3903830082114,Category 1,80.0,92.1,986.0,2020-07-28,2020-08-05,7.8,Landfall,Tropical Storm,18.9,-69.8,60.0,2020-07-28,0,-0.011815242560159533,25.440000534057617,-0.012340494085534726,0.21997407917703496,-0.2392017431218314,-0.013152361771609722,1.4963737522763898,-0.0418367218264298
2020258N11127,Noul (2020),2020.0,2020-0462-VNM,nat-met-sto-tro,VNM,Asia,0.0,6.0,0.0,125000.0,125000.0,0.0,0.0,33000.0,41050.0,80.3903830082114,Tropical Storm,50.0,57.5,990.0,2020-09-14,2020-09-19,5.0,Landfall,Tropical Depression,12.5451,124.595,10.0,2020-09-14,0,-0.011997887317812594,25.850000381469727,-0.00949020280560875,0.20459323251402617,-0.5407878097843941,-0.017261941848671025,0.8648417863108061,-0.013441064987711256
2019308N13114,Nakri (2019),2019.0,2019-0549-VNM,nat-met-sto-tro,VNM,Asia,0.0,3.0,0.0,2150.0,2150.0,0.0,0.0,4000.0,5037.0,79.4107846043372,Category 1,65.0,74.8,982.0,2019-11-04,2019-11-11,7.2,Landfall,Tropical Storm,12.8067,109.28,45.0,2019-11-04,0,0.013418974276546258,12.829999923706056,0.020146042126738983,0.1306004275954739,-0.255176171449328,0.0,1.1591919891608204,0.009582916573632066
2019308N13114,Nakri (2019),2019.0,2019-0549-PHL,nat-met-sto-tro,PHL,Asia,0.0,19.0,3.0,670.0,673.0,0.0,0.0,36000.0,45334.0,79.4107846043372,Category 1,65.0,74.8,982.0,2019-11-04,2019-11-11,7.2,Landfall,Tropical Storm,12.8067,109.28,45.0,2019-11-04,0,0.013418974276546258,12.829999923706056,0.020146042126738983,0.1306004275954739,-0.255176171449328,0.0,1.1591919891608204,0.009582916573632066
2019314N14136,Kalmaegi (2019),2019.0,2019-0541-PHL,nat-met-sto-tro,PHL,Asia,0.0,0.0,0.0,3000.0,3000.0,0.0,0.0,0.0,0.0,79.4107846043372,Category 2,90.0,103.6,963.0,2019-11-09,2019-11-22,12.8,Landfall,Tropical Storm,17.9949,121.928,55.0,2019-11-11,2,0.0031883300639670153,12.6899995803833,0.013278803242583237,0.09287595475419477,-0.47205586415535206,-0.0030149691246088572,1.1306248502128498,-0.01177637684648764
2020233N14313,Laura (2020),2020.0,2020-0376-DOM,nat-met-sto-tro,DOM,Americas,0.0,4.0,0.0,10000.0,10000.0,0.0,0.0,0.0,0.0,80.3903830082114,Category 4,130.0,149.6,937.0,2020-08-20,2020-08-29,9.2,Landfall,Tropical Storm,18.2,-68.8,45.0,2020-08-20,0,0.0043047488694807345,22.719999313354492,-0.028708159860723836,0.1663050819171681,0.2942323798708213,-0.037534560061579514,1.3189960669550518,-0.0022401075889482563
2020281N14126,Linfa (2020),2020.0,2020-0411-LAO,nat-met-sto-tro,LAO,Asia,0.0,2.0,0.0,69764.0,69764.0,0.0,0.0,0.0,0.0,80.3903830082114,Tropical Storm,40.0,46.0,999.0,2020-10-06,2020-10-12,5.5,Landfall,Tropical Depression,13.8,124.257,0.0,2020-10-06,0,0.007702249721075027,29.479999542236328,0.02947357392233929,0.21894806155104962,0.6601609741074312,-0.018583700973950457,0.641826793157301,-0.0058149477364567055
2020306N15288,Eta (2020),2020.0,2020-0474-MEX,nat-met-sto-tro,MEX,Americas,0.0,31.0,0.0,0.0,0.0,0.0,0.0,0.0,0.0,80.3903830082114,Category 4,130.0,149.6,922.0,2020-10-31,2020-11-14,13.2,Landfall,Category 4,13.8,-83.5,120.0,2020-11-02,2,-0.027078157723650742,37.130001068115234,-0.014992005294884536,0.22609480732121076,0.20588502104041284,-0.04704041345924914,0.7478233624516788,0.05589620825120762
2020306N15288,Eta (2020),2020.0,2020-0474-NIC,nat-met-sto-tro,NIC,Americas,0.0,2.0,0.0,30000.0,30000.0,0.0,0.0,178000.0,221420.0,80.3903830082114,Category 4,130.0,149.6,922.0,2020-10-31,2020-11-14,13.2,Landfall,Category 4,13.8,-83.5,120.0,2020-11-02,2,-0.027078157723650742,37.130001068115234,-0.014992005294884536,0.22609480732121076,0.20588502104041284,-0.04704041345924914,0.7478233624516788,0.05589620825120762
2020306N15288,Eta (2020),2020.0,2020-0474-USA,nat-met-sto-tro,USA,Americas,0.0,12.0,0.0,0.0,0.0,0.0,0.0,1500000.0,1865895.0,80.3903830082114,Category 4,130.0,149.6,922.0,2020-10-31,2020-11-14,13.2,Landfall,Category 4,13.8,-83.5,120.0,2020-11-02,2,-0.027078157723650742,37.130001068115234,-0.014992005294884536,0.22609480732121076,0.20588502104041284,-0.04704041345924914,0.7478233624516788,0.05589620825120762
2020299N18277,Zeta (2020),2020.0,2020-0483-USA,nat-met-sto-tro,USA,Americas,0.0,6.0,0.0,0.0,0.0,0.0,0.0,3500000.0,4353755.0,80.3903830082114,Category 3,100.0,115.1,970.0,2020-10-24,2020-10-30,5.5,Landfall,Category 1,20.4,-87.4,75.0,2020-10-26,2,-0.0076606943553768625,32.459999084472656,0.0028443441774705924,0.2024314623717502,0.2564865430691572,-0.03253619091077431,0.7386909600522995,0.00501038503044662
2019260N20129,Tapah (2019),2019.0,2019-0443-JPN,nat-met-sto-tro,JPN,Asia,0.0,0.0,21.0,2000.0,2021.0,0.0,0.0,0.0,0.0,79.4107846043372,Category 1,65.0,74.8,967.0,2019-09-17,2019-09-23,6.5,At Sea / Open Water,At Sea / Open Water,0.0,0.0,0.0,2019-09-17,0,0.009358483686652486,14.4399995803833,0.016452316274174317,0.16994161598605956,-0.4729333596423012,-0.002456943585987026,1.108296039422787,-0.0011395726704360436
2020318N16289,Iota (2020),2020.0,2020-0495-COL,nat-met-sto-tro,COL,Americas,0.0,23.0,0.0,228000.0,228000.0,0.0,0.0,100000.0,124393.0,80.3903830082114,Category 4,135.0,155.4,917.0,2020-11-12,2020-11-18,6.0,Landfall,Category 4,13.6,-83.5,125.0,2020-11-12,0,0.008480181888621097,25.350000381469727,0.056836104966980994,0.37798100500700477,-0.04865617365484676,-0.020626334307287997,0.8454714594105854,0.02027546119280289
2020318N16289,Iota (2020),2020.0,2020-0495-GTM,nat-met-sto-tro,GTM,Americas,0.0,2.0,0.0,131298.0,131298.0,0.0,0.0,0.0,0.0,80.3903830082114,Category 4,135.0,155.4,917.0,2020-11-12,2020-11-18,6.0,Landfall,Category 4,13.6,-83.5,125.0,2020-11-12,0,0.008480181888621097,25.350000381469727,0.056836104966980994,0.37798100500700477,-0.04865617365484676,-0.020626334307287997,0.8454714594105854,0.02027546119280289
2019243N06136,Lingling (2019),2019.0,2019-0424-CHN,nat-met-sto-tro,CHN,Asia,0.0,0.0,0.0,0.0,0.0,0.0,0.0,131000.0,164965.0,79.4107846043372,Category 4,120.0,138.1,928.0,2019-08-30,2019-09-12,12.5,Landfall,Category 1,37.9,125.225,65.0,2019-08-30,0,0.026680117789881663,18.979999542236328,0.031417573650569075,0.2718761569664011,-0.5297019083938488,-0.012472485112792198,1.0746529565617107,0.013788712673649693
2020312N10131,Etau (2020),2020.0,2020-0542-VNM,nat-met-sto-tro,VNM,Asia,0.0,2.0,0.0,5000.0,5000.0,0.0,0.0,5260.0,6543.0,80.3903830082114,Tropical Storm,45.0,51.8,995.0,2020-11-06,2020-11-11,4.8,Landfall,Tropical Depression,12.4055,125.039,17.0,2020-11-06,0,0.07233421457079214,24.86000061035156,0.046102164448293736,0.24640920168302097,-0.08211973132633466,-0.02156021016850518,0.7527847232812325,0.0658633505443422
2019236N10314,Dorian (2019),2019.0,2019-0412-BHS,nat-met-sto-tro,BHS,Americas,0.0,356.0,0.0,14940.0,14940.0,0.0,0.0,3400000.0,4281534.0,79.4107846043372,Category 5,160.0,184.1,910.0,2019-08-24,2019-09-09,15.8,Landfall,Category 1,45.2,-62.9,80.0,2019-08-26,2,-0.014812027032495623,19.31999969482422,-0.01825622180851838,0.27020555904642996,-0.10763570658290189,-0.07185634199136026,1.0723603401011386,0.0008036414270111616
2021058S16149,Niran (2021),2021.0,2021-0125-NCL,nat-met-sto-tro,NCL,Oceania,0.0,0.0,0.0,0.0,0.0,0.0,0.0,0.0,0.0,84.1669829572524,Category 5,140.0,161.1,917.0,2021-02-27,2021-03-07,8.8,At Sea / Open Water,At Sea / Open Water,0.0,0.0,0.0,2021-03-01,2,0.006588426431389349,23.350000381469727,0.01864903284686048,0.20653690133002095,0.025185726723110147,-0.0068552484673550795,1.0531841841756946,0.045858047372623834
2021133N10071,Tauktae (2021),2021.0,2021-0252-MDV,nat-met-sto-tro,MDV,Asia,0.0,0.0,0.0,1320.0,1320.0,0.0,0.0,0.0,0.0,84.1669829572524,Category 4,120.0,138.1,931.0,2021-05-13,2021-05-19,6.0,Landfall,Category 3,20.9,71.2,110.0,2021-05-13,0,-0.020974973068370373,23.1299991607666,-0.007716773496460605,0.1806550295639422,0.5434600499851152,-0.01296949728301422,0.7098217299487068,-0.010795662175249549
2019112S10053,Kenneth (2019),2019.0,2019-0165-COM,nat-met-sto-tro,COM,Africa,0.0,8.0,180.0,345131.0,345311.0,0.0,0.0,0.0,0.0,79.4107846043372,Category 4,125.0,143.8,934.0,2019-04-21,2019-04-28,6.5,Landfall,Category 3,-12.1612,40.4524,97.0,2019-04-22,1,0.0003789024494165183,12.420000076293944,0.004421592869995328,0.13393072277279924,-0.5353277181439625,-0.005835386586890645,1.073425633047879,0.013099275476498865
2019116N02090,Fani (2019),2019.0,2019-0164-IND,nat-met-sto-tro,IND,Asia,0.0,50.0,0.0,20000000.0,20000000.0,0.0,0.0,1810000.0,2279287.0,79.4107846043372,Category 5,150.0,172.6,900.0,2019-04-25,2019-05-04,8.8,Landfall,Category 4,20.2,85.9,115.0,2019-04-25,0,0.00898266654666613,13.25,0.0010938112484690787,0.12556947470999796,-0.24308563075772516,0.0,1.0814413533528509,0.01670085781929431
2019050N05163,Wutip (2019),2019.0,2019-0124-FSM,nat-met-sto-tro,FSM,Oceania,0.0,0.0,0.0,10000.0,10000.0,0.0,0.0,0.0,0.0,79.4107846043372,Category 5,145.0,166.9,895.0,2019-02-18,2019-03-02,11.8,At Sea / Open Water,At Sea / Open Water,0.0,0.0,0.0,2019-02-19,1,0.026716205013220584,14.880000114440918,0.027961173428530994,0.1289474666885142,-0.5506356877533385,0.0,0.9084557815552032,-0.004050911432780472
2021169N14260,Dolores (2021),2021.0,2021-0325-MEX,nat-met-sto-tro,MEX,Americas,0.0,3.0,0.0,600.0,600.0,0.0,0.0,50000.0,59406.0,84.1669829572524,Tropical Storm,60.0,69.0,989.0,2021-06-17,2021-06-20,2.2,Landfall,Tropical Storm,19.4,-103.9,50.0,2021-06-17,0,-0.0038713449252252286,17.75,-0.03269042949897549,0.14922904535384815,0.8160667962176085,-0.06160680532994722,0.81171559704198,0.006111074319681343
2021182N09317,Elsa (2021),2021.0,2021-0373-BRB,nat-met-sto-tro,BRB,Americas,0.0,0.0,0.0,3114.0,3300.0,0.0,0.0,0.0,0.0,84.1669829572524,Category 1,75.0,86.3,991.0,2021-06-30,2021-07-10,9.5,Landfall,Tropical Storm,22.2,-81.6,55.0,2021-06-30,0,0.012920187131781002,15.829999923706056,0.018035473943988745,0.19148757376931078,-0.11811647388808377,-0.042492273826069904,0.9605810118596806,-0.033945726339893026
2021182N09317,Elsa (2021),2021.0,2021-0373-DOM,nat-met-sto-tro,DOM,Americas,0.0,2.0,0.0,153.0,153.0,0.0,0.0,0.0,0.0,84.1669829572524,Category 1,75.0,86.3,991.0,2021-06-30,2021-07-10,9.5,Landfall,Tropical Storm,22.2,-81.6,55.0,2021-06-30,0,0.012920187131781002,15.829999923706056,0.018035473943988745,0.19148757376931078,-0.11811647388808377,-0.042492273826069904,0.9605810118596806,-0.033945726339893026
2021182N09317,Elsa (2021),2021.0,2021-0373-HTI,nat-met-sto-tro,HTI,Americas,0.0,0.0,3.0,0.0,3.0,0.0,0.0,0.0,0.0,84.1669829572524,Category 1,75.0,86.3,991.0,2021-06-30,2021-07-10,9.5,Landfall,Tropical Storm,22.2,-81.6,55.0,2021-06-30,0,0.012920187131781002,15.829999923706056,0.018035473943988745,0.19148757376931078,-0.11811647388808377,-0.042492273826069904,0.9605810118596806,-0.033945726339893026
2019063S18038,Idai (2019),2019.0,2019-0110-ZWE,nat-met-sto-tro,ZWE,Africa,0.0,628.0,186.0,270000.0,270186.0,0.0,0.0,0.0,0.0,79.4107846043372,Category 4,115.0,132.3,947.0,2019-03-04,2019-03-16,12.5,Landfall,Tropical Depression,-17.5149,37.2701,0.0,2019-03-04,0,-0.00042910849415134233,14.630000114440918,-0.0018816308393045933,0.12469273456674174,1.2642193646393327,-0.006369470777503938,0.8972256256684923,-0.007475484191253147
2021182N09317,Elsa (2021),2021.0,2021-0373-VCT,nat-met-sto-tro,VCT,Americas,0.0,0.0,0.0,129.0,129.0,0.0,0.0,0.0,0.0,84.1669829572524,Category 1,75.0,86.3,991.0,2021-06-30,2021-07-10,9.5,Landfall,Tropical Storm,22.2,-81.6,55.0,2021-06-30,0,0.012920187131781002,15.829999923706056,0.018035473943988745,0.19148757376931078,-0.11811647388808377,-0.042492273826069904,0.9605810118596806,-0.033945726339893026
2018294N08161,Yutu (2018),2018.0,2018-0399-PHL,nat-met-sto-tro,PHL,Asia,0.0,12.0,2.0,253298.0,253300.0,0.0,0.0,305000.0,391039.0,77.9972651879547,Category 5,150.0,172.6,904.0,2018-10-20,2018-11-03,13.5,Landfall,Category 3,16.7662,122.297,97.0,2018-10-22,2,0.002223035032105969,19.63999938964844,-0.007981838832489707,0.2049459389379274,-0.2865161977896842,-0.07806417421957412,0.95636029377721,0.01501975686783015
2018279N11069,Luban (2018),2018.0,2018-0394-YEM,nat-met-sto-tro,YEM,Asia,0.0,25.0,124.0,15000.0,15124.0,0.0,0.0,0.0,0.0,77.9972651879547,Category 2,85.0,97.8,959.0,2018-10-05,2018-10-15,9.2,Landfall,Tropical Storm,15.85,52.15,35.0,2018-10-05,0,-0.00997571812010345,14.81999969482422,0.015228425582460181,0.12289860429949796,-0.1249900308329408,-0.02952986082824116,0.8359985140036147,-0.021594299983449826
2018281N14088,Titli (2018),2018.0,2018-0385-IND,nat-met-sto-tro,IND,Asia,0.0,85.0,200.0,300000.0,300200.0,0.0,0.0,920000.0,1179529.0,77.9972651879547,Category 3,105.0,120.8,944.0,2018-10-08,2018-10-12,4.9,Landfall,Category 3,18.75,84.35,100.0,2018-10-08,0,-0.013402840083349687,15.6899995803833,0.01805718931987821,0.12541541211432106,0.13519005114833016,-0.02294444419763797,0.8334459175855717,-0.02782989784922979
2021222N14301,Fred (2021),2021.0,2021-0510-DOM,nat-met-sto-tro,DOM,Americas,0.0,0.0,0.0,4025.0,4025.0,0.0,0.0,0.0,0.0,84.1669829572524,Tropical Storm,55.0,63.3,991.0,2021-08-09,2021-08-20,10.5,Landfall,Tropical Storm,18.4,-70.1,40.0,2021-08-09,0,0.01037501204145208,16.719999313354492,0.03914579642855709,0.20342501829599738,0.008945175341826817,0.0,1.3691286875002717,-0.001288934739497597
2021227N36297,Henri (2021),2021.0,2021-0531-USA,nat-met-sto-tro,USA,Americas,0.0,0.0,0.0,86.0,86.0,0.0,0.0,550000.0,653463.0,84.1669829572524,Category 1,65.0,74.8,986.0,2021-08-15,2021-08-24,9.8,Landfall,Tropical Storm,41.5,-72.0,40.0,2021-08-16,1,0.01094702512764334,16.1200008392334,0.013698951405545223,0.15926744941433377,-7.914094585925735e-05,-0.010033356761302126,1.4698132648626407,-0.013427488403872867
2021222N14301,Fred (2021),2021.0,2021-0532-USA,nat-met-sto-tro,USA,Americas,0.0,7.0,0.0,105.0,105.0,0.0,0.0,1300000.0,1544549.0,84.1669829572524,Tropical Storm,55.0,63.3,991.0,2021-08-09,2021-08-20,10.5,Landfall,Tropical Storm,18.4,-70.1,40.0,2021-08-09,0,0.01037501204145208,16.719999313354492,0.03914579642855709,0.20342501829599738,0.008945175341826817,0.0,1.3691286875002717,-0.001288934739497597
2021236N12265,Nora (2021),2021.0,2021-0552-MEX,nat-met-sto-tro,MEX,Americas,0.0,2.0,3.0,1500.0,1503.0,0.0,0.0,100000.0,118811.0,84.1669829572524,Category 1,75.0,86.3,976.0,2021-08-24,2021-08-30,6.2,Landfall,Category 1,19.8,-105.3,75.0,2021-08-24,0,0.008850324747951221,17.219999313354492,0.0005232510855064376,0.1437365954578322,-0.2811705854071751,-0.01646529209026182,1.4435859458286577,-0.007121828367144149
2018218N18134,Yagi (2018),2018.0,2018-0347-PHL,nat-met-sto-tro,PHL,Asia,0.0,5.0,0.0,1709511.0,1709511.0,0.0,0.0,19000.0,24360.0,77.9972651879547,Tropical Storm,45.0,51.8,983.0,2018-08-06,2018-08-16,10.0,Landfall,Tropical Storm,28.3089,121.503,40.0,2018-08-06,0,0.016752979295495907,11.270000457763672,0.004263056186186498,0.12171203304157244,-0.3230507436152148,0.0,1.0324475073300419,-0.010949830181211288
2021248N11131,Conson (2021),2021.0,2021-0595-VNM,nat-met-sto-tro,VNM,Asia,0.0,2.0,0.0,310.0,310.0,0.0,0.0,0.0,0.0,84.1669829572524,Category 1,65.0,74.8,980.0,2021-09-05,2021-09-13,8.5,Landfall,Tropical Storm,11.4426,125.495,60.0,2021-09-07,2,-0.001702672955384621,18.13999938964844,-0.01586495105530661,0.13452661892493323,0.3029721063911086,-0.029743624971759308,1.4883129058794438,0.015047546370118833
2018227N11145,Soulik (2018),2018.0,2018-0309-PRK,nat-met-sto-tro,PRK,Asia,0.0,86.0,0.0,58143.0,58143.0,0.0,0.0,4640.0,5949.0,77.9972651879547,Category 3,105.0,120.8,942.0,2018-08-15,2018-08-30,15.2,Landfall,Tropical Storm,34.55,126.25,50.0,2018-08-15,0,-0.012891484142609322,14.640000343322754,-0.0256410716216795,0.1145523497489823,0.17169100627077993,-0.0256410716216795,1.0987026299876954,0.0019890281163375996
2021276N07131,Lionrock (2021),2021.0,2021-0664-PHL,nat-met-sto-tro,PHL,Asia,0.0,3.0,0.0,8048.0,8048.0,0.0,0.0,240.0,285.0,84.1669829572524,Tropical Storm,45.0,51.8,989.0,2021-10-02,2021-10-10,8.0,Landfall,Tropical Depression,10.0,125.0,15.0,2021-10-04,2,-0.03162845924554003,22.959999084472656,-0.023748153053893772,0.20077925434650928,0.18672154708348576,-0.023748153053893772,1.2381811812055878,0.003941041449371369
2018096S15172,Keni (2018),2018.0,2018-0194-FJI,nat-met-sto-tro,FJI,Oceania,0.0,0.0,0.0,89250.0,89250.0,0.0,0.0,50000.0,64105.0,77.9972651879547,Category 2,90.0,103.6,968.0,2018-04-06,2018-04-12,6.2,At Sea / Open Water,At Sea / Open Water,0.0,0.0,0.0,2018-04-06,0,-0.013034383199406085,21.489999771118164,-0.0145086668557739,0.283814463316423,0.5186309830159548,-0.0818549104908024,1.1324672239226068,-0.013003084227389983
2018146N19273,Alberto (2018),2018.0,2018-0170-USA,nat-met-sto-tro,USA,Americas,0.0,5.0,0.0,0.0,0.0,0.0,0.0,125000.0,160262.0,77.9972651879547,Tropical Storm,55.0,63.3,990.0,2018-05-25,2018-05-31,6.0,Landfall,Tropical Storm,30.3,-86.0,40.0,2018-05-25,0,0.00302207963306822,13.220000267028809,-0.003577713512845526,0.12153824748977393,0.18175860711054193,-0.017289901509375483,1.0780690426590467,-0.020947468545784664
2021335N08096,Jawad (2021),2021.0,2021-0777-IND,nat-met-sto-tro,IND,Asia,0.0,5.0,400.0,1650.0,2050.0,0.0,0.0,0.0,0.0,84.1669829572524,Tropical Storm,35.0,40.3,1000.0,2021-11-30,2021-12-06,5.5,Landfall,Tropical Depression,22.3,88.5,10.0,2021-11-30,0,-0.02568596541225443,27.190000534057617,-0.04068731663438507,0.18232772701421776,0.47944264559120997,-0.06340985418009526,1.087906209499385,0.004924331796928878
2018038S15172,Gita (2018),2018.0,2018-0042-TON,nat-met-sto-tro,TON,Oceania,0.0,0.0,0.0,87000.0,87000.0,0.0,0.0,0.0,0.0,77.9972651879547,Category 4,125.0,143.8,929.0,2018-02-07,2018-02-22,15.5,Landfall,Tropical Depression,-42.0131,172.712,0.0,2018-02-07,0,-0.05047886336747187,27.729999542236328,-0.044721059419656206,0.23322063767703,1.0745467583755013,-0.05833613046276409,1.0445907256338163,0.008346764854295278
2018010S10069,Berguitta (2018),2018.0,2018-0029-REU,nat-met-sto-tro,REU,Africa,0.0,0.0,0.0,200.0,200.0,0.0,0.0,0.0,0.0,77.9972651879547,Category 3,105.0,120.8,950.0,2018-01-10,2018-01-24,14.2,At Sea / Open Water,At Sea / Open Water,0.0,0.0,0.0,2018-01-10,0,0.013495136334922941,9.81999969482422,0.027075053303986518,0.1046479523780475,0.1364473466863012,0.0,0.8593147374270331,0.001606351069539224
2022009S18174,Cody (2022),2022.0,2022-0013-FJI,nat-met-sto-tro,FJI,Oceania,0.0,1.0,0.0,69564.0,69564.0,0.0,0.0,25000.0,27502.0,90.9026974595266,Tropical Storm,51.0,58.7,980.0,2022-01-08,2022-01-15,7.0,At Sea / Open Water,At Sea / Open Water,0.0,0.0,0.0,2022-01-10,2,-0.02553845297333046,19.399999618530273,0.03794591389359714,0.19819788698630308,0.47581207752323373,-0.0034004654912831445,0.9264625315438301,-0.00910167585044716
2017364S12065,Ava (2018),2018.0,2018-0008-MDG,nat-met-sto-tro,MDG,Africa,0.0,73.0,0.0,161318.0,161318.0,0.0,0.0,0.0,0.0,77.9972651879547,Category 2,95.0,109.3,958.0,2017-12-30,2018-01-09,10.5,Landfall,Category 1,-18.1,49.3,80.0,2018-01-02,3,0.004710088170319038,9.770000457763672,-0.0046346058172112015,0.11220943834508233,0.2886032872853048,-0.00746568889932453,0.9221632369012118,0.004199907456745262
2022027S16084,Batsirai (2022),2022.0,2022-0061-MUS,nat-met-sto-tro,MUS,Africa,0.0,1.0,0.0,139.0,139.0,0.0,0.0,0.0,0.0,90.9026974595266,Category 4,124.0,142.7,932.0,2022-01-27,2022-02-08,12.5,Landfall,Category 3,-21.0,48.3,99.0,2022-01-27,0,-0.03471755518808961,30.489999771118164,-0.02000025368691649,0.19540335122367458,0.13926463630251273,-0.07725742678810166,0.888750096052464,3.0585341931205212e-06
2022027S16084,Batsirai (2022),2022.0,2022-0061-REU,nat-met-sto-tro,REU,Africa,0.0,0.0,13.0,0.0,13.0,0.0,0.0,0.0,0.0,90.9026974595266,Category 4,124.0,142.7,932.0,2022-01-27,2022-02-08,12.5,Landfall,Category 3,-21.0,48.3,99.0,2022-01-27,0,-0.03471755518808961,30.489999771118164,-0.02000025368691649,0.19540335122367458,0.13926463630251273,-0.07725742678810166,0.888750096052464,3.0585341931205212e-06
2017288N09138,Lan (2017),2017.0,2017-0432-PHL,nat-met-sto-tro,PHL,Asia,0.0,9.0,0.0,163349.0,163349.0,0.0,0.0,3400.0,4466.0,76.1376037057766,Category 4,135.0,155.4,922.0,2017-10-15,2017-10-23,8.8,Landfall,Category 1,34.6857,138.207,70.0,2017-10-16,1,0.005276634642993994,9.90999984741211,0.0019048043131264514,0.08220739578263088,0.3401541789777984,-0.002654454471247014,1.356274636160202,0.007811055127823982
2022067S16050,Gombe (2022),2022.0,2022-0137-MDG,nat-met-sto-tro,MDG,Africa,0.0,2.0,0.0,900.0,900.0,0.0,0.0,0.0,0.0,90.9026974595266,Category 3,99.0,113.9,959.0,2022-03-08,2022-03-15,7.5,Landfall,Tropical Storm,-15.5,50.4,35.0,2022-03-08,0,-0.03193179897264575,35.130001068115234,-0.03881423421191088,0.28775861743860787,-0.11517473595378869,-0.13109180845327573,0.8615667028388789,0.02770061777476698
2022114S18040,Jasmine (2022),2022.0,2022-0239-MDG,nat-met-sto-tro,MDG,Africa,0.0,12.0,0.0,4800.0,4800.0,0.0,0.0,0.0,0.0,90.9026974595266,Tropical Storm,54.0,62.1,984.0,2022-04-24,2022-04-29,5.0,Landfall,Tropical Storm,-23.5,44.0,51.0,2022-04-25,1,-0.021599638786669262,27.020000457763672,-0.02371335021903831,0.1675921992501998,0.732617482236428,-0.08278507552245717,0.8955649315536691,-0.017876089337907367
2017260N12310,Maria (2017),2017.0,2017-0383-VIR,nat-met-sto-tro,VIR,Americas,0.0,3.0,0.0,0.0,0.0,0.0,0.0,0.0,0.0,76.1376037057766,Category 5,150.0,172.6,908.0,2017-09-16,2017-10-02,16.0,Landfall,Category 4,18.0,-65.9,135.0,2017-09-18,2,0.007019417295161201,10.149999618530272,0.026285224335396817,0.14763943323134854,-0.39963195222199643,0.0,1.0190598601978167,0.01679147625203239
2017260N12310,Maria (2017),2017.0,2017-0383-VGB,nat-met-sto-tro,VGB,Americas,0.0,0.0,0.0,0.0,0.0,0.0,0.0,0.0,0.0,76.1376037057766,Category 5,150.0,172.6,908.0,2017-09-16,2017-10-02,16.0,Landfall,Category 4,18.0,-65.9,135.0,2017-09-18,2,0.007019417295161201,10.149999618530272,0.026285224335396817,0.14763943323134854,-0.39963195222199643,0.0,1.0190598601978167,0.01679147625203239
2017260N12310,Maria (2017),2017.0,2017-0383-PRI,nat-met-sto-tro,PRI,Americas,0.0,64.0,0.0,540000.0,750000.0,30000000.0,39402343.0,68000000.0,89311978.0,76.1376037057766,Category 5,150.0,172.6,908.0,2017-09-16,2017-10-02,16.0,Landfall,Category 4,18.0,-65.9,135.0,2017-09-18,2,0.007019417295161201,10.149999618530272,0.026285224335396817,0.14763943323134854,-0.39963195222199643,0.0,1.0190598601978167,0.01679147625203239
2017260N12310,Maria (2017),2017.0,2017-0383-GLP,nat-met-sto-tro,GLP,Americas,0.0,4.0,2.0,80000.0,80002.0,0.0,0.0,120000.0,157609.0,76.1376037057766,Category 5,150.0,172.6,908.0,2017-09-16,2017-10-02,16.0,Landfall,Category 4,18.0,-65.9,135.0,2017-09-18,2,0.007019417295161201,10.149999618530272,0.026285224335396817,0.14763943323134854,-0.39963195222199643,0.0,1.0190598601978167,0.01679147625203239
2017242N16333,Irma (2017),2017.0,2017-0381-VIR,nat-met-sto-tro,VIR,Americas,0.0,4.0,0.0,0.0,0.0,0.0,0.0,0.0,0.0,76.1376037057766,Category 5,155.0,178.4,914.0,2017-08-30,2017-09-13,14.5,Landfall,Category 3,25.9,-81.7,100.0,2017-08-30,0,0.00592896952370392,11.220000267028809,-0.0028292830153423543,0.11938939543280061,-0.03923775083509273,-0.028357433782661978,0.8959315420553505,-0.03515488329170203
2017242N16333,Irma (2017),2017.0,2017-0381-DOM,nat-met-sto-tro,DOM,Americas,0.0,0.0,0.0,6300.0,6300.0,0.0,0.0,0.0,0.0,76.1376037057766,Category 5,155.0,178.4,914.0,2017-08-30,2017-09-13,14.5,Landfall,Category 3,25.9,-81.7,100.0,2017-08-30,0,0.00592896952370392,11.220000267028809,-0.0028292830153423543,0.11938939543280061,-0.03923775083509273,-0.028357433782661978,0.8959315420553505,-0.03515488329170203
2017242N16333,Irma (2017),2017.0,2017-0381-BHS,nat-met-sto-tro,BHS,Americas,0.0,0.0,0.0,0.0,0.0,397.6,522.0,2000.0,2627.0,76.1376037057766,Category 5,155.0,178.4,914.0,2017-08-30,2017-09-13,14.5,Landfall,Category 3,25.9,-81.7,100.0,2017-08-30,0,0.00592896952370392,11.220000267028809,-0.0028292830153423543,0.11938939543280061,-0.03923775083509273,-0.028357433782661978,0.8959315420553505,-0.03515488329170203
2017242N16333,Irma (2017),2017.0,2017-0381-ATG,nat-met-sto-tro,ATG,Americas,0.0,1.0,0.0,1800.0,1800.0,6800.0,8931.0,250000.0,328353.0,76.1376037057766,Category 5,155.0,178.4,914.0,2017-08-30,2017-09-13,14.5,Landfall,Category 3,25.9,-81.7,100.0,2017-08-30,0,0.00592896952370392,11.220000267028809,-0.0028292830153423543,0.11938939543280061,-0.03923775083509273,-0.028357433782661978,0.8959315420553505,-0.03515488329170203
2017232N19130,Hato (2017),2017.0,2017-0352-MAC,nat-met-sto-tro,MAC,Asia,0.0,10.0,200.0,0.0,200.0,0.0,0.0,1420000.0,1865044.0,76.1376037057766,Category 3,100.0,115.1,948.0,2017-08-19,2017-08-25,5.5,Landfall,Category 2,22.175,112.85,85.0,2017-08-21,2,-0.014764198245264426,13.1899995803833,-0.02074185973100251,0.12752121790910495,-0.08945705628738154,-0.03308355421040865,0.9179142826101836,-0.0022377825627731725
2017219N16279,Franklin (2017),2017.0,2017-0334-MEX,nat-met-sto-tro,MEX,Americas,0.0,0.0,0.0,300.0,300.0,0.0,0.0,2000.0,2627.0,76.1376037057766,Category 1,75.0,86.3,981.0,2017-08-06,2017-08-10,3.8,Landfall,Tropical Storm,19.1,-87.6,50.0,2017-08-07,1,0.004457380831298874,9.93000030517578,0.01036297911201478,0.08661340555878749,-0.08254084058058564,-0.0015749882338172982,1.0257406875882649,-0.0055417932874867615
2017200N26162,Noru (2017),2017.0,2017-0327-JPN,nat-met-sto-tro,JPN,Asia,0.0,2.0,51.0,1338.0,1389.0,0.0,0.0,2000.0,2627.0,76.1376037057766,Category 4,135.0,155.4,922.0,2017-07-19,2017-08-09,21.0,Landfall,Tropical Storm,34.559,135.69,60.0,2017-07-19,0,0.012212683839784244,9.789999961853027,-0.0028135435852030266,0.11099496761822604,0.009218170335392406,-0.010371064920649542,1.0257491946414425,0.007846382153063089
2017195N16114,Talas (2017),2017.0,2017-0281-CHN,nat-met-sto-tro,CHN,Asia,0.0,0.0,0.0,30000.0,30000.0,0.0,0.0,3600.0,4728.0,76.1376037057766,Tropical Storm,50.0,57.5,985.0,2017-07-14,2017-07-17,3.8,Landfall,Tropical Storm,18.6,105.675,45.0,2017-07-14,0,0.014249740905891262,9.510000228881836,-0.0051893579505397636,0.11995256367118688,0.0388660057477066,-0.005983123148506464,1.1878752888045794,-0.011201097907152485
2017195N16114,Talas (2017),2017.0,2017-0281-THA,nat-met-sto-tro,THA,Asia,0.0,0.0,0.0,60.0,60.0,0.0,0.0,0.0,0.0,76.1376037057766,Tropical Storm,50.0,57.5,985.0,2017-07-14,2017-07-17,3.8,Landfall,Tropical Storm,18.6,105.675,45.0,2017-07-14,0,0.014249740905891262,9.510000228881836,-0.0051893579505397636,0.11995256367118688,0.0388660057477066,-0.005983123148506464,1.1878752888045794,-0.011201097907152485
2017122S13170,Donna (2017),2017.0,2017-0231-VUT,nat-met-sto-tro,VUT,Oceania,0.0,0.0,0.0,2564.0,2564.0,0.0,0.0,0.0,0.0,76.1376037057766,Category 4,125.0,143.8,929.0,2017-05-01,2017-05-10,8.9,At Sea / Open Water,At Sea / Open Water,0.0,0.0,0.0,2017-05-01,0,0.006366457952493576,10.109999656677246,0.0,0.15900573746323987,-0.3005347745179233,-0.008790075233210404,1.9097199817851016,-0.0019293529791773248
2017152N14262,Beatriz (2017),2017.0,2017-0168-MEX,nat-met-sto-tro,MEX,Americas,0.0,6.0,0.0,0.0,600.0,0.0,0.0,0.0,0.0,76.1376037057766,Tropical Storm,40.0,46.0,1001.0,2017-05-31,2017-06-02,1.8,Landfall,Tropical Storm,15.7,-96.6,40.0,2017-05-31,0,0.005790912027304307,10.40999984741211,-0.014412815113741151,0.1399872068414444,0.7670293910439203,-0.026381929335320464,1.6927985411589612,-0.001801474979522124
2017147N14087,Mora (2017),2017.0,2017-0152-IND,nat-met-sto-tro,IND,Asia,0.0,0.0,0.0,1970.0,1970.0,0.0,0.0,0.0,0.0,76.1376037057766,Category 1,80.0,92.1,963.0,2017-05-27,2017-05-30,3.5,Landfall,Category 1,21.8988,91.9716,67.0,2017-05-30,3,0.008266338907300108,10.380000114440918,0.0017086343382171076,0.13702185257558092,-0.4116812049218319,-0.0180067121672024,1.692629278072039,-0.014544162109101987
2022234N16124,Ma-On (2022),2022.0,2022-0547-PHL,nat-met-sto-tro,PHL,Asia,0.0,0.0,0.0,7616.0,7616.0,0.0,0.0,0.0,0.0,90.9026974595266,Tropical Storm,60.0,69.0,985.0,2022-08-22,2022-08-25,3.2,Landfall,Tropical Storm,17.3124,122.24,57.0,2022-08-22,0,-0.03616538340445652,23.799999237060547,-0.03825590893021047,0.19856504175961304,0.45115903177481664,-0.045238677227777746,0.9403368955261997,0.0036207098377984623
2022257N16312,Fiona (2022),2022.0,2022-0603-PRI,nat-met-sto-tro,PRI,Americas,0.0,25.0,0.0,0.0,0.0,0.0,0.0,2500000.0,2750193.0,90.9026974595266,Category 4,120.0,138.1,931.0,2022-09-14,2022-09-27,13.5,Landfall,Category 1,18.0,-67.1,75.0,2022-09-14,0,-0.00799434362250484,26.15999984741211,-0.006276095081695909,0.23853918860449236,0.12021243183051133,-0.06784400569023397,0.9272045924652352,0.006985902711604153
2022256N22139,Nanmadol (2022),2022.0,2022-0604-JPN,nat-met-sto-tro,JPN,Asia,0.0,5.0,140.0,1200.0,1340.0,0.0,0.0,2000000.0,2200155.0,90.9026974595266,Category 4,134.0,154.2,917.0,2022-09-12,2022-09-19,7.0,Landfall,Category 2,31.285,130.635,86.0,2022-09-12,0,0.047751677879891874,23.8700008392334,0.0532074364073587,0.20523849348301534,-0.028679343096776555,-0.03267259661738908,0.9239928046227271,0.012031758600281404
2017061S11063,Enawo (2017),2017.0,2017-0075-MDG,nat-met-sto-tro,MDG,Africa,0.0,81.0,253.0,434000.0,434253.0,0.0,0.0,20000.0,26268.0,76.1376037057766,Category 4,130.0,149.6,926.0,2017-03-02,2017-03-11,9.8,Landfall,Category 3,-14.6749,49.9962,102.0,2017-03-02,0,0.007739812213630515,11.8100004196167,0.009752119462539177,0.16233864166362663,0.29783178282694256,-0.015451553979940913,1.6885554657357225,0.008382904675426841
2022266N12294,Ian (2022),2022.0,2022-0614-CUB,nat-met-sto-tro,CUB,Americas,0.0,3.0,0.0,3200000.0,3200000.0,0.0,0.0,25000.0,27502.0,90.9026974595266,Category 5,140.0,161.1,937.0,2022-09-22,2022-10-01,8.5,Landfall,Category 3,22.2,-83.7,110.0,2022-09-22,0,-0.03681636471397742,27.350000381469727,-0.049281615238201626,0.2436025020720504,0.09750697752502457,-0.08757264632260198,0.9534945676465638,0.0002799238149762788
2022280N11294,Julia (2022),2022.0,2022-0647-NIC,nat-met-sto-tro,NIC,Americas,0.0,1.0,0.0,45000.0,47100.0,0.0,0.0,180000.0,198014.0,90.9026974595266,Category 1,75.0,86.3,982.0,2022-10-06,2022-10-10,4.0,Landfall,Tropical Depression,12.0,-69.8,30.0,2022-10-06,0,0.028694137302272438,30.520000457763672,0.03263707727610776,0.28217528861048236,-0.17061872909698994,-0.0818000261299554,0.9686379830341914,0.015604829664576804
2022288N19128,Nesat (2022),2022.0,2022-0680-TWN,nat-met-sto-tro,TWN,Asia,0.0,0.0,0.0,100.0,100.0,0.0,0.0,400.0,440.0,90.9026974595266,Category 2,89.0,102.4,964.0,2022-10-14,2022-10-20,5.8,At Sea / Open Water,At Sea / Open Water,0.0,0.0,0.0,2022-10-14,0,-0.0142231630329267,32.02000045776367,0.0038846364584690374,0.3081617926202556,0.6736044111300772,-0.06764890369063936,0.9642696872513197,-0.006867852389632764
2022311N21293,Nicole (2022),2022.0,2022-0734-USA,nat-met-sto-tro,USA,Americas,0.0,5.0,0.0,1500.0,1500.0,0.0,0.0,1000000.0,1100077.0,90.9026974595266,Category 1,65.0,74.8,980.0,2022-11-06,2022-11-11,5.2,Landfall,Tropical Storm,27.7454,-80.6875,62.0,2022-11-07,1,-0.016208696535779388,24.350000381469727,0.007945719100193926,0.2723931161750635,-0.2500636167229654,0.0,0.9844505186461029,-0.00689644462790287
2016323N13279,Otto (2016),2016.0,2016-0433-PAN,nat-met-sto-tro,PAN,Americas,0.0,7.0,0.0,12000.0,12000.0,0.0,0.0,0.0,0.0,74.5496029864344,Category 3,100.0,115.1,975.0,2016-11-17,2016-11-26,8.8,Landfall,Category 3,11.0,-83.8,100.0,2016-11-17,0,0.009543159820688984,13.350000381469728,0.025450897333974654,0.23631618637994167,-0.5922105816405288,-0.0018019896072540842,1.1004637117161173,-0.0014316205593043127
2016256N12146,Malakas (2016),2016.0,2016-0390-JPN,nat-met-sto-tro,JPN,Asia,0.0,1.0,0.0,6000.0,6000.0,0.0,0.0,0.0,0.0,74.5496029864344,Category 4,115.0,132.3,937.0,2016-09-11,2016-09-20,9.0,Landfall,Tropical Storm,34.2846,136.077,55.0,2016-09-12,1,-0.009296101458371342,15.15999984741211,-0.01058194061312312,0.09839641256598756,0.30237854941849984,-0.01058194061312312,1.2870421000580359,-0.006495741821871669
2016228N22117,Dianmu (2016),2016.0,2016-0379-VNM,nat-met-sto-tro,VNM,Asia,0.0,11.0,15.0,11075.0,11090.0,0.0,0.0,157.0,211.0,74.5496029864344,Tropical Storm,45.0,51.8,989.0,2016-08-15,2016-08-20,4.8,Landfall,Tropical Depression,20.6784,110.11,27.0,2016-08-15,0,0.004769267560806423,11.8100004196167,-0.0012477405921346163,0.09926348651391245,-0.41634812224979867,-0.0020771754733186487,1.4445609629469398,0.003276217530971684
2016279N19130,Aere (2016),2016.0,2016-0362-VNM,nat-met-sto-tro,VNM,Asia,0.0,34.0,0.0,610000.0,610000.0,0.0,0.0,350000.0,469486.0,74.5496029864344,Tropical Storm,55.0,63.3,985.0,2016-10-04,2016-10-14,10.0,Landfall,Tropical Storm,16.4909,107.382,35.0,2016-10-04,0,-0.004128612287712441,13.630000114440918,0.0036420921023232466,0.15269495356324914,0.43787484250315,-0.026936237603318203,1.003263115695194,0.018802168384874664
2016273N13300,Matthew (2016),2016.0,2016-0355-VCT,nat-met-sto-tro,VCT,Americas,0.0,1.0,0.0,0.0,0.0,0.0,0.0,0.0,0.0,74.5496029864344,Category 5,145.0,166.9,934.0,2016-09-28,2016-10-10,11.5,Landfall,Category 4,18.3,-74.3,130.0,2016-09-28,0,0.003799357645445367,12.390000343322754,-0.006686855232192812,0.13519835251666076,-0.3294299364201301,-0.027909907177028792,0.9982940257769763,0.019671804598658055
2016273N13300,Matthew (2016),2016.0,2016-0355-USA,nat-met-sto-tro,USA,Americas,0.0,49.0,0.0,0.0,0.0,5000000.0,6706944.0,10000000.0,13413888.0,74.5496029864344,Category 5,145.0,166.9,934.0,2016-09-28,2016-10-10,11.5,Landfall,Category 4,18.3,-74.3,130.0,2016-09-28,0,0.003799357645445367,12.390000343322754,-0.006686855232192812,0.13519835251666076,-0.3294299364201301,-0.027909907177028792,0.9982940257769763,0.019671804598658055
2016273N13300,Matthew (2016),2016.0,2016-0355-JAM,nat-met-sto-tro,JAM,Americas,0.0,0.0,0.0,125000.0,125000.0,0.0,0.0,0.0,0.0,74.5496029864344,Category 5,145.0,166.9,934.0,2016-09-28,2016-10-10,11.5,Landfall,Category 4,18.3,-74.3,130.0,2016-09-28,0,0.003799357645445367,12.390000343322754,-0.006686855232192812,0.13519835251666076,-0.3294299364201301,-0.027909907177028792,0.9982940257769763,0.019671804598658055
2016273N13300,Matthew (2016),2016.0,2016-0355-CUB,nat-met-sto-tro,CUB,Americas,0.0,0.0,0.0,190000.0,190000.0,0.0,0.0,2600000.0,3487611.0,74.5496029864344,Category 5,145.0,166.9,934.0,2016-09-28,2016-10-10,11.5,Landfall,Category 4,18.3,-74.3,130.0,2016-09-28,0,0.003799357645445367,12.390000343322754,-0.006686855232192812,0.13519835251666076,-0.3294299364201301,-0.027909907177028792,0.9982940257769763,0.019671804598658055
2016230N25160,Lionrock (2016),2016.0,2016-0324-JPN,nat-met-sto-tro,JPN,Asia,0.0,22.0,0.0,0.0,0.0,0.0,0.0,0.0,0.0,74.5496029864344,Category 4,120.0,138.1,933.0,2016-08-16,2016-08-30,14.0,Landfall,Tropical Storm,39.2776,141.476,60.0,2016-08-16,0,-0.0010081467849896164,12.640000343322754,-0.004569762565086344,0.09998879578519579,-0.14275678359944777,-0.004569762565086344,1.436125632931052,-0.0033156104785753643
2016095S13162,Zena (2016),2016.0,2016-0141-FJI,nat-met-sto-tro,FJI,Oceania,0.0,2.0,0.0,5000.0,5000.0,0.0,0.0,0.0,0.0,74.5496029864344,Category 2,90.0,103.6,956.0,2016-04-04,2016-04-07,3.2,Landfall,Tropical Storm,-15.0251,167.012,50.0,2016-04-04,0,0.014810235332339383,14.119999885559082,0.009383003891366704,0.1374263901445254,0.06709244248748569,-0.0061594951786996255,1.1979348899722284,-0.006967795730408937
2023131N11088,Mocha (2023),2023.0,2023-0294-BGD,nat-met-sto-tro,BGD,Asia,0.0,3.0,12.0,750000.0,750012.0,0.0,0.0,1000.0,1057.0,94.6446220103845,Category 5,138.0,158.8,918.0,2023-05-11,2023-05-14,3.8,Landfall,Category 3,20.8,93.1,105.0,2023-05-11,0,0.017278507194237624,16.93000030517578,0.01521391253362947,0.18306745804984087,-0.5176808637609988,-0.04216515658572617,1.2091382871279617,0.001336434289118376
2023157N12066,Biparjoy (2023),2023.0,2023-0331-PAK,nat-met-sto-tro,PAK,Asia,0.0,1.0,0.0,0.0,0.0,0.0,0.0,0.0,0.0,94.6446220103845,Category 3,105.0,120.8,945.0,2023-06-06,2023-06-16,10.2,Landfall,Tropical Storm,23.4,68.7,54.0,2023-06-06,0,0.018682489391372403,13.960000038146973,0.029283508398397995,0.16012430566018482,-0.2014559459762869,0.0,1.2785345286737886,-0.016698091925253764
2015256N16113,Vamco (2015),2015.0,2015-0620-VNM,nat-met-sto-tro,VNM,Asia,0.0,11.0,0.0,0.0,0.0,0.0,0.0,218.0,296.0,73.6208029365864,Tropical Storm,35.0,40.3,996.0,2015-09-13,2015-09-15,2.2,Landfall,Tropical Depression,15.6351,108.219,32.0,2015-09-14,1,0.017757849067738363,24.25,0.01854337508061099,0.3283137128941756,-0.4127037429358794,-0.08814228144755931,1.030338891982556,-0.00937794158554224
2015256N16113,Vamco (2015),2015.0,2015-0620-KHM,nat-met-sto-tro,KHM,Asia,0.0,0.0,0.0,6300.0,6300.0,0.0,0.0,0.0,0.0,73.6208029365864,Tropical Storm,35.0,40.3,996.0,2015-09-13,2015-09-15,2.2,Landfall,Tropical Depression,15.6351,108.219,32.0,2015-09-14,1,0.017757849067738363,24.25,0.01854337508061099,0.3283137128941756,-0.4127037429358794,-0.08814228144755931,1.030338891982556,-0.00937794158554224
2015237N14315,Erika (2015),2015.0,2015-0375-DOM,nat-met-sto-tro,DOM,Americas,1015.0,0.0,0.0,33.0,2133.0,0.0,0.0,0.0,0.0,73.6208029365864,Tropical Storm,45.0,51.8,1001.0,2015-08-24,2015-08-28,3.8,At Sea / Open Water,At Sea / Open Water,0.0,0.0,0.0,2015-08-24,0,-0.10014723751926946,40.7400016784668,-0.10553388326841162,0.22088785722679166,3.992923200070348,-0.11045616001549563,1.0520251509100538,-0.010005151016211099
2015309N14067,Megh (2015),2015.0,2015-0494-YEM,nat-met-sto-tro,YEM,Asia,0.0,18.0,0.0,15000.0,15000.0,0.0,0.0,0.0,0.0,73.6208029365864,Category 3,110.0,126.6,941.0,2015-11-04,2015-11-10,6.0,Landfall,Tropical Depression,13.4541,46.5591,22.0,2015-11-04,0,0.00674806553944185,15.510000228881836,-0.003270258802567927,0.16740429647433286,-0.6421455228407491,-0.003270258802567927,1.0356386819791752,0.017410837256465996
2015273N12130,Mujigae (2015),2015.0,2015-0490-PHL,nat-met-sto-tro,PHL,Asia,0.0,2.0,0.0,3500.0,3500.0,0.0,0.0,1300.0,1766.0,73.6208029365864,Category 4,115.0,132.3,937.0,2015-09-30,2015-10-05,5.2,Landfall,Tropical Depression,15.7,121.325,30.0,2015-09-30,0,-0.010175445988072851,24.5,0.0008831603406795896,0.22014945480657847,0.40685584674255715,-0.03308657967504813,1.007497295269534,-0.014866362112971883
2015301N11065,Chapala (2015),2015.0,2015-0484-YEM,nat-met-sto-tro,YEM,Asia,0.0,8.0,65.0,110000.0,110065.0,0.0,0.0,200000.0,271662.0,73.6208029365864,Category 4,130.0,149.6,926.0,2015-10-27,2015-11-04,7.5,Landfall,Tropical Storm,14.1,48.4,60.0,2015-10-27,0,0.01718280489631585,15.43000030517578,0.009717030975731067,0.15451389423882195,0.19726150517138197,-0.009941954177254853,1.0094909871419078,0.001513227197053369
2015270N27291,Joaquin (2015),2015.0,2015-0479-BHS,nat-met-sto-tro,BHS,Americas,0.0,33.0,0.0,6710.0,6710.0,61000.0,82857.0,90000.0,122248.0,73.6208029365864,Category 4,135.0,155.4,931.0,2015-09-26,2015-10-15,18.2,Landfall,Tropical Storm,39.5,-9.1,35.0,2015-09-28,2,-0.04301166748591889,27.6299991607666,-0.02792333653831236,0.24188077389329382,0.24046837360285678,-0.04930134172378264,1.0111031897109466,-0.015858582465720403
2015270N27291,Joaquin (2015),2015.0,2015-0459-USA,nat-met-sto-tro,USA,Americas,0.0,25.0,0.0,800.0,800.0,400000.0,543325.0,2000000.0,2716623.0,73.6208029365864,Category 4,135.0,155.4,931.0,2015-09-26,2015-10-15,18.2,Landfall,Tropical Storm,39.5,-9.1,35.0,2015-09-28,2,-0.04301166748591889,27.6299991607666,-0.02792333653831236,0.24188077389329382,0.24046837360285678,-0.04930134172378264,1.0111031897109466,-0.015858582465720403
2015263N14148,Dujuan (2015),2015.0,2015-0458-TWN,nat-met-sto-tro,TWN,Asia,0.0,3.0,376.0,0.0,376.0,0.0,0.0,26000.0,35316.0,73.6208029365864,Category 4,130.0,149.6,926.0,2015-09-19,2015-09-30,10.5,Landfall,Category 3,24.125,121.05,100.0,2015-09-21,2,0.007506676979835092,20.13999938964844,-0.0016435203436679924,0.317430534981564,0.4793140937313476,-0.029819156224413335,1.0275403703101522,0.016272888197825873
2015263N14148,Dujuan (2015),2015.0,2015-0458-CHN,nat-met-sto-tro,CHN,Asia,0.0,0.0,0.0,0.0,0.0,79000.0,107307.0,661000.0,897844.0,73.6208029365864,Category 4,130.0,149.6,926.0,2015-09-19,2015-09-30,10.5,Landfall,Category 3,24.125,121.05,100.0,2015-09-21,2,0.007506676979835092,20.13999938964844,-0.0016435203436679924,0.317430534981564,0.4793140937313476,-0.029819156224413335,1.0275403703101522,0.016272888197825873
2023220N24150,Lan (2023),2023.0,2023-0526-JPN,nat-met-sto-tro,JPN,Asia,0.0,0.0,66.0,600.0,666.0,0.0,0.0,0.0,0.0,94.6446220103845,Category 4,115.0,132.3,936.0,2023-08-07,2023-08-17,9.8,Landfall,Category 1,33.8201,135.75,70.0,2023-08-07,0,-0.015465742288925388,15.770000457763672,0.0019814272752447515,0.11847411617742347,0.15692528032975872,-0.00561785128171588,0.9181754541611913,-0.010240218240808497
2023236N20125,Saola (2023),2023.0,2023-0568-HKG,nat-met-sto-tro,HKG,Asia,0.0,0.0,86.0,0.0,86.0,0.0,0.0,0.0,0.0,94.6446220103845,Category 4,134.0,154.2,921.0,2023-08-23,2023-09-03,10.8,Landfall,Category 2,21.9572,113.035,91.0,2023-08-23,0,0.007710875527844996,15.979999542236328,-0.006147526586588792,0.11812307282875277,-0.09908688722386905,-0.040960684508955514,0.8899329812203934,0.00046514960763590144
2015237N14315,Erika (2015),2015.0,2015-0375-DMA,nat-met-sto-tro,DMA,Americas,0.0,30.0,20.0,28000.0,28594.0,0.0,0.0,482810.0,655806.0,73.6208029365864,Tropical Storm,45.0,51.8,1001.0,2015-08-24,2015-08-28,3.8,At Sea / Open Water,At Sea / Open Water,0.0,0.0,0.0,2015-08-24,0,-0.10014723751926946,40.7400016784668,-0.10553388326841162,0.22088785722679166,3.992923200070348,-0.11045616001549563,1.0520251509100538,-0.010005151016211099
2023302N10267,Pilar (2023),2023.0,2023-0703-SLV,nat-met-sto-tro,SLV,Americas,0.0,3.0,0.0,500.0,500.0,0.0,0.0,0.0,0.0,94.6446220103845,Tropical Storm,55.0,63.3,995.0,2023-10-28,2023-11-07,10.0,At Sea / Open Water,At Sea / Open Water,0.0,0.0,0.0,2023-10-30,2,-0.011582508963285831,19.75,0.0003123529428967764,0.165042611543489,-0.12404115628191303,-0.05071191072433445,0.8548681554701802,0.01082560185705752
2015211N13162,Soudelor (2015),2015.0,2015-0339-PHL,nat-met-sto-tro,PHL,Asia,0.0,0.0,0.0,3843.0,3843.0,0.0,0.0,0.0,0.0,73.6208029365864,Category 5,155.0,178.4,907.0,2015-07-29,2015-08-12,13.5,Landfall,Category 2,23.9,120.9,95.0,2015-07-29,0,-0.002838811346240422,12.5,-0.011336623518466538,0.137727233974172,-0.09237106862330802,-0.011336623518466538,1.0510327394430528,0.0015128276694448945
2015211N13162,Soudelor (2015),2015.0,2015-0339-CHN,nat-met-sto-tro,CHN,Asia,0.0,18.0,0.0,1580000.0,1580000.0,0.0,0.0,1282690.0,1742293.0,73.6208029365864,Category 5,155.0,178.4,907.0,2015-07-29,2015-08-12,13.5,Landfall,Category 2,23.9,120.9,95.0,2015-07-29,0,-0.002838811346240422,12.5,-0.011336623518466538,0.137727233974172,-0.09237106862330802,-0.011336623518466538,1.0510327394430528,0.0015128276694448945
2015207N22091,Komen (2015),2015.0,2015-0309-BGD,nat-met-sto-tro,BGD,Asia,0.0,45.0,0.0,2600000.0,2600000.0,0.0,0.0,40000.0,54332.0,73.6208029365864,Tropical Storm,45.0,51.8,989.0,2015-07-26,2015-08-02,7.4,Landfall,Tropical Depression,22.9392,91.0634,32.0,2015-07-27,1,-0.02728270031514668,15.600000381469728,-0.0188829741353872,0.16200044424520058,0.37276115112992825,-0.02501992596237579,1.0801816169307352,-0.006047372116545463
2024001S21041,Alvaro (2024),2024.0,2024-0002-MDG,nat-met-sto-tro,MDG,Africa,0.0,10.0,0.0,25837.0,25837.0,0.0,0.0,0.0,0.0,97.436175616134,Tropical Storm,60.0,69.0,989.0,2024-01-01,2024-01-04,3.5,Landfall,Tropical Storm,-21.4,43.8,54.0,2024-01-02,1,-0.002111300565529106,13.199999809265137,0.011248014734738021,0.11594595340468009,0.0336450015495493,0.0,0.9590390703019646,-0.002760896733454334
2024013S13057,Belal (2024),2024.0,2024-0009-MUS,nat-met-sto-tro,MUS,Africa,0.0,2.0,0.0,100000.0,100000.0,0.0,0.0,0.0,0.0,97.436175616134,Category 2,89.0,102.4,968.0,2024-01-12,2024-01-19,7.0,At Sea / Open Water,At Sea / Open Water,0.0,0.0,0.0,2024-01-12,0,0.018721149856273378,12.699999809265137,-0.003973278724368812,0.10771542643849952,-0.07844413775882175,-0.010265864625892185,0.9586191577964782,-5.099056067339562e-05
2024013S13057,Belal (2024),2024.0,2024-0009-REU,nat-met-sto-tro,REU,Africa,0.0,4.0,0.0,700.0,700.0,0.0,0.0,0.0,0.0,97.436175616134,Category 2,89.0,102.4,968.0,2024-01-12,2024-01-19,7.0,At Sea / Open Water,At Sea / Open Water,0.0,0.0,0.0,2024-01-12,0,0.018721149856273378,12.699999809265137,-0.003973278724368812,0.10771542643849952,-0.07844413775882175,-0.010265864625892185,0.9586191577964782,-5.099056067339562e-05
2015066S08170,Pam (2015),2015.0,2015-0093-VUT,nat-met-sto-tro,VUT,Oceania,44127.0,11.0,0.0,188000.0,188000.0,0.0,0.0,449400.0,610425.0,73.6208029365864,Category 5,150.0,172.6,911.0,2015-03-07,2015-03-20,12.8,At Sea / Open Water,At Sea / Open Water,0.0,0.0,0.0,2015-03-09,2,-0.017123544913469013,15.0600004196167,-0.007745853897114352,0.08500437625005265,-0.017346165055392992,-0.007745853897114352,1.0693219487517356,0.010374937778448707
2015066S08170,Pam (2015),2015.0,2015-0093-KIR,nat-met-sto-tro,KIR,Oceania,0.0,0.0,0.0,1500.0,1500.0,0.0,0.0,0.0,0.0,73.6208029365864,Category 5,150.0,172.6,911.0,2015-03-07,2015-03-20,12.8,At Sea / Open Water,At Sea / Open Water,0.0,0.0,0.0,2015-03-09,2,-0.017123544913469013,15.0600004196167,-0.007745853897114352,0.08500437625005265,-0.017346165055392992,-0.007745853897114352,1.0693219487517356,0.010374937778448707
2024071S20039,Filipo (2024),2024.0,2024-0164-MOZ,nat-met-sto-tro,MOZ,Africa,0.0,2.0,85.0,93240.0,93325.0,0.0,0.0,0.0,0.0,97.436175616134,Tropical Storm,60.0,69.0,990.0,2024-03-10,2024-03-14,3.8,Landfall,Tropical Storm,-21.5,34.9,51.0,2024-03-11,1,-0.0019909221363687557,15.220000267028809,0.007427736784004546,0.10191915177407773,-0.32164521129608414,0.0,0.6646686141867992,0.004079782813974221
2024086S13051,Gamane (2024),2024.0,2024-0172-MDG,nat-met-sto-tro,MDG,Africa,0.0,22.0,4.0,89465.0,89469.0,0.0,0.0,50000.0,51316.0,97.436175616134,Category 2,89.0,102.4,970.0,2024-03-26,2024-03-29,3.5,Landfall,Category 2,-12.9425,49.8499,84.0,2024-03-26,0,0.006011158135944772,13.239999771118164,0.008035176606345562,0.08635367310349643,-0.17994846020088007,-0.01193310114404389,0.578309886434502,0.005369894037890255
2015036S20038,Fundi (2015),2015.0,2015-0074-MDG,nat-met-sto-tro,MDG,Africa,0.0,6.0,0.0,28450.0,36880.0,0.0,0.0,10000.0,13583.0,73.6208029365864,Tropical Storm,55.0,63.3,982.0,2015-02-05,2015-02-11,6.5,At Sea / Open Water,At Sea / Open Water,0.0,0.0,0.0,2015-02-05,0,0.020446120452741745,16.850000381469727,0.02394207675189719,0.20572424978482165,-0.39963369963369966,-0.020449778918254724,1.089434196406201,0.006077286730176825
2024146N11126,Ewiniar (2024),2024.0,2024-0337-PHL,nat-met-sto-tro,PHL,Asia,0.0,6.0,8.0,52000.0,52008.0,0.0,0.0,20000.0,20526.0,97.436175616134,Category 2,93.0,107.0,957.0,2024-05-24,2024-05-28,3.2,Landfall,Tropical Depression,11.2,125.5,25.0,2024-05-24,0,-1.8942411989408825e-05,11.93000030517578,-0.020710741696224888,0.11454130007136883,-0.21251995760267262,-0.020710741696224888,0.5727176051559707,-0.0037532602813948935
2014362N07130,Jangmi (2014),2014.0,2014-0497-PHL,nat-met-sto-tro,PHL,Asia,0.0,72.0,0.0,578549.0,578549.0,0.0,0.0,17688.0,24054.0,73.5335770092672,Tropical Storm,45.0,51.8,989.0,2014-12-27,2015-01-01,5.0,Landfall,Tropical Storm,8.9,126.0,40.0,2014-12-29,2,0.01065273041625825,15.0600004196167,0.014586539707979407,0.1666558425830204,-0.5494268371373036,0.0,0.9782529989134321,-0.006209395247750875
2014329N08131,Sinlaku (2014),2014.0,2014-0474-PHL,nat-met-sto-tro,PHL,Asia,0.0,12.0,0.0,4695.0,4695.0,0.0,0.0,0.0,0.0,73.5335770092672,Tropical Storm,55.0,63.3,982.0,2014-11-25,2014-11-30,5.0,Landfall,Tropical Depression,9.03835,126.158,27.0,2014-11-25,0,0.00758949666291131,12.25,0.00869930403751229,0.061694241483008186,0.846705177756039,-0.0008204860492181387,0.9733792791475818,0.005369459189424669
2014271N10160,Phanfone (2014),2014.0,2014-0397-JPN,nat-met-sto-tro,JPN,Asia,0.0,7.0,60.0,8706.0,8766.0,0.0,0.0,100000.0,135992.0,73.5335770092672,Category 4,135.0,155.4,922.0,2014-09-27,2014-10-08,10.2,Landfall,Category 1,34.88,138.367,70.0,2014-09-29,2,-0.008084202931168294,15.979999542236328,-0.011919557129766112,0.10298281307774322,0.18629455166245146,-0.021170121379307627,1.035310528347541,0.006551119535525164
2014253N13260,Odile (2014),2014.0,2014-0333-MEX,nat-met-sto-tro,MEX,Americas,0.0,6.0,135.0,75000.0,75135.0,1200000.0,1631908.0,2500000.0,3399807.0,73.5335770092672,Category 4,120.0,138.1,918.0,2014-09-09,2014-09-18,8.5,Landfall,Category 3,22.9,-109.9,110.0,2014-09-09,0,-0.006430674042622209,13.5,-0.009381518507428743,0.08485747881925923,0.05711323443022964,-0.010225865278270962,1.0571694160925573,0.004609694616044024
2014234N12261,Marie (2014),2014.0,2014-0325-MEX,nat-met-sto-tro,MEX,Americas,0.0,3.0,0.0,30000.0,30000.0,0.0,0.0,14000.0,19039.0,73.5335770092672,Category 5,140.0,161.1,918.0,2014-08-22,2014-09-02,11.2,At Sea / Open Water,At Sea / Open Water,0.0,0.0,0.0,2014-08-22,0,0.017729571708964054,11.470000267028809,0.02391521091809312,0.12679738156552275,-0.3805256728078431,-0.0034480389563115166,1.0583255429806706,0.002304500537194814
2014209N12152,Halong (2014),2014.0,2014-0316-JPN,nat-met-sto-tro,JPN,Asia,0.0,10.0,96.0,21654.0,21750.0,0.0,0.0,200000.0,271985.0,73.5335770092672,Category 5,140.0,161.1,918.0,2014-07-27,2014-08-15,18.2,Landfall,Tropical Storm,34.125,134.3,55.0,2014-07-28,1,0.00233151880553617,12.5600004196167,0.0021879689072559216,0.09623275227908924,1.8420520360648247,-0.006076670789848082,1.1251342092623162,0.00040758581392253204
2014153N12267,Boris (2014),2014.0,2014-0183-MEX,nat-met-sto-tro,MEX,Americas,0.0,0.0,0.0,0.0,0.0,0.0,0.0,0.0,0.0,73.5335770092672,Tropical Storm,40.0,46.0,998.0,2014-06-01,2014-06-04,3.2,At Sea / Open Water,At Sea / Open Water,0.0,0.0,0.0,2014-06-02,1,0.01339592012923485,11.579999923706056,0.01406588360856209,0.10955381355638756,0.2256438207776037,0.0,1.052044840041277,0.009991673594863613
2013210N13122,Jebi (2013),2013.0,2013-0341-VNM,nat-met-sto-tro,VNM,Asia,0.0,7.0,11.0,5000.0,5011.0,0.0,0.0,1000.0,1382.0,72.3597374789251,Tropical Storm,60.0,69.0,978.0,2013-07-28,2013-08-03,5.8,Landfall,Tropical Depression,12.8151,121.396,0.0,2013-07-29,1,-0.005368794198056026,13.390000343322754,-0.018207898893341623,0.10950549341318419,0.0858651082812536,-0.018207898893341623,1.2149422229242888,-0.0015401012265116674
2013149N14264,Barbara (2013),2013.0,2013-0188-MEX,nat-met-sto-tro,MEX,Americas,0.0,4.0,0.0,12000.0,12000.0,0.0,0.0,0.0,0.0,72.3597374789251,Category 1,70.0,80.6,983.0,2013-05-28,2013-05-30,2.2,Landfall,Category 1,16.0,-94.0,70.0,2013-05-28,0,-0.0037745794865888804,14.479999542236328,-0.0030017747057303756,0.12832211605958252,0.4548275970754663,-0.00548968275073225,1.2103920246248334,0.007398508332381704
2012254N09135,Sanba (2012),2012.0,2012-0588-KOR,nat-met-sto-tro,KOR,Asia,0.0,0.0,0.0,3120.0,3120.0,0.0,0.0,349000.0,489378.0,71.3150877335761,Category 5,155.0,178.4,907.0,2012-09-10,2012-09-18,8.8,Landfall,Category 1,35.0967,128.16,65.0,2012-09-10,0,0.0166472419443906,16.280000686645508,0.025725753960947895,0.11275362201355307,-0.187760856127984,-0.008291090370580179,1.0989523905603173,0.01256448244126607
2012254N09135,Sanba (2012),2012.0,2012-0588-JPN,nat-met-sto-tro,JPN,Asia,0.0,0.0,0.0,25250.0,25250.0,0.0,0.0,31000.0,43469.0,71.3150877335761,Category 5,155.0,178.4,907.0,2012-09-10,2012-09-18,8.8,Landfall,Category 1,35.0967,128.16,65.0,2012-09-10,0,0.0166472419443906,16.280000686645508,0.025725753960947895,0.11275362201355307,-0.187760856127984,-0.008291090370580179,1.0989523905603173,0.01256448244126607
2012230N21126,Tembin (2012),2012.0,2012-0585-KOR,nat-met-sto-tro,KOR,Asia,0.0,2.0,0.0,0.0,0.0,0.0,0.0,0.0,0.0,71.3150877335761,Category 4,120.0,138.1,933.0,2012-08-17,2012-09-01,14.8,Landfall,Category 3,22.2716,120.937,107.0,2012-08-17,0,0.00951439590727099,13.449999809265137,0.012717527493352865,0.13141879830605693,0.3698892703072403,0.0,1.1985044853764648,0.005647869788378582
2012234N16315,Isaac (2012),2012.0,2012-0313-DOM,nat-met-sto-tro,DOM,Americas,0.0,5.0,0.0,20515.0,20515.0,0.0,0.0,0.0,0.0,71.3150877335761,Category 1,70.0,80.6,965.0,2012-08-20,2012-09-01,11.8,Landfall,Tropical Storm,18.3,-72.7,55.0,2012-08-20,0,0.010087175277911031,14.020000457763672,0.014715820161825377,0.12493388581140208,0.5706990429467385,0.0,1.1980757532946442,0.00218114821869416
2012232N13141,Bolaven (2012),2012.0,2012-0414-JPN,nat-met-sto-tro,JPN,Asia,0.0,0.0,0.0,0.0,0.0,0.0,0.0,86000.0,120592.0,71.3150877335761,Category 4,125.0,143.8,929.0,2012-08-18,2012-09-01,14.2,Landfall,Tropical Storm,40.1763,125.098,40.0,2012-08-20,2,0.010087175277911031,14.020000457763672,0.014715820161825377,0.12493388581140208,0.5706990429467385,0.0,1.1980757532946442,0.00218114821869416
2012234N16315,Isaac (2012),2012.0,2012-0313-HTI,nat-met-sto-tro,HTI,Americas,0.0,13.0,7.0,8000.0,8007.0,0.0,0.0,0.0,0.0,71.3150877335761,Category 1,70.0,80.6,965.0,2012-08-20,2012-09-01,11.8,Landfall,Tropical Storm,18.3,-72.7,55.0,2012-08-20,0,0.010087175277911031,14.020000457763672,0.014715820161825377,0.12493388581140208,0.5706990429467385,0.0,1.1980757532946442,0.00218114821869416
2020092S09155,Harold (2020),2020.0,2020-0132-SLB,nat-met-sto-tro,SLB,Oceania,0.0,48.0,0.0,150000.0,150000.0,0.0,0.0,0.0,0.0,80.3903830082114,Category 5,145.0,166.9,909.0,2020-04-01,2020-04-11,10.0,Landfall,Category 4,-15.6,166.867,120.0,2020-04-01,0,-0.0025931157073530997,57.060001373291016,-0.04119656438019548,1.1866711646950698,-0.5140521977347596,-0.25460205408656345,1.2409684187301266,-0.0055189639413706915
2020152N12269,Amanda (2020),2020.0,2020-0218-HND,nat-met-sto-tro,HND,Americas,0.0,5.0,0.0,1200.0,1200.0,0.0,0.0,0.0,0.0,80.3903830082114,Tropical Storm,35.0,40.3,1003.0,2020-05-30,2020-05-31,0.8,Landfall,Tropical Storm,14.1,-90.3,35.0,2020-06-01,2,0.034219927469697264,28.229999542236328,0.08029200420047111,0.4111535364712534,0.4000239460415862,-0.01579374955099877,1.2816225761395281,0.05518978735078055
2020154N19269,Cristobal (2020),2020.0,2020-0219-USA,nat-met-sto-tro,USA,Americas,0.0,1.0,0.0,0.0,0.0,0.0,0.0,325000.0,404277.0,80.3903830082114,Tropical Storm,50.0,57.5,982.0,2020-06-01,2020-06-12,10.5,Landfall,Tropical Storm,18.5797,-91.9762,48.0,2020-06-01,0,0.034219927469697264,28.229999542236328,0.08029200420047111,0.4111535364712534,0.4000239460415862,-0.01579374955099877,1.2816225761395281,0.05518978735078055
2023196N17119,Talim (2023),2023.0,2023-0450-VNM,nat-met-sto-tro,VNM,Asia,0.0,1.0,3.0,0.0,3.0,0.0,0.0,0.0,0.0,94.6446220103845,Category 1,70.0,80.6,971.0,2023-07-14,2023-07-18,3.8,Landfall,Category 1,21.2931,110.212,67.0,2023-07-14,0,0.024467099688047833,13.34000015258789,0.01964889166113526,0.1193062393823667,0.4199625545333201,-0.006670399835360108,1.0765221181482678,0.022539994502135157
2023203N14132,Doksuri (2023),2023.0,2023-0464-PHL,nat-met-sto-tro,PHL,Asia,0.0,39.0,171.0,5385066.0,5385237.0,0.0,0.0,284256.0,300340.0,94.6446220103845,Category 4,128.0,147.3,926.0,2023-07-21,2023-07-28,6.8,Landfall,Category 2,24.7901,118.563,83.0,2023-07-21,0,0.006454696523574777,13.600000381469728,0.029488618075698136,0.10897172064198592,-0.35617325619786044,-0.0033919640457690248,1.0613562603702091,-0.012827444465835993
2023131N11088,Mocha (2023),2023.0,2023-0294-MMR,nat-met-sto-tro,MMR,Asia,0.0,148.0,132.0,1200000.0,1200132.0,0.0,0.0,2240000.0,2366748.0,94.6446220103845,Category 5,138.0,158.8,918.0,2023-05-11,2023-05-14,3.8,Landfall,Category 3,20.8,93.1,105.0,2023-05-11,0,0.017278507194237624,16.93000030517578,0.01521391253362947,0.18306745804984087,-0.5176808637609988,-0.04216515658572617,1.2091382871279617,0.001336434289118376
2023131N11088,Mocha (2023),2023.0,2023-0294-IND,nat-met-sto-tro,IND,Asia,0.0,0.0,0.0,1000.0,1000.0,0.0,0.0,0.0,0.0,94.6446220103845,Category 5,138.0,158.8,918.0,2023-05-11,2023-05-14,3.8,Landfall,Category 3,20.8,93.1,105.0,2023-05-11,0,0.017278507194237624,16.93000030517578,0.01521391253362947,0.18306745804984087,-0.5176808637609988,-0.04216515658572617,1.2091382871279617,0.001336434289118376
2024147N19089,Remal (2024),2024.0,2024-0320-BGD,nat-met-sto-tro,BGD,Asia,0.0,16.0,13.0,4590000.0,4590013.0,0.0,0.0,90700.0,93087.0,97.436175616134,Tropical Storm,54.0,62.1,978.0,2024-05-25,2024-05-27,2.2,Landfall,Tropical Storm,21.7,88.4,54.0,2024-05-28,3,-0.0004715963702689452,12.920000076293944,-0.018134210375604032,0.12207030300812959,-0.13199195959641208,-0.031536790103544377,0.593150197056997,0.002561570613754522
2023337N12083,Michaung (2023),2023.0,2023-0792-IND,nat-met-sto-tro,IND,Asia,0.0,20.0,0.0,4390000.0,4390000.0,0.0,0.0,125000.0,132073.0,94.6446220103845,Tropical Storm,60.0,69.0,987.0,2023-12-03,2023-12-05,2.0,Landfall,Tropical Storm,14.3,80.1,60.0,2023-12-04,1,0.004862644462636956,13.079999923706056,0.024673985115016395,0.09287360570058517,0.18132906873804155,-0.001105808743749992,0.9269608752877467,-0.00466864403941041
2023296N18087,Hamoon (2023),2023.0,2023-0686-BGD,nat-met-sto-tro,BGD,Asia,0.0,3.0,0.0,1500000.0,1500000.0,0.0,0.0,250000.0,264146.0,94.6446220103845,Category 1,80.0,92.1,978.0,2023-10-23,2023-10-25,1.8,Landfall,Category 1,21.6,92.1,74.0,2023-10-23,0,-0.035730853060299106,20.3700008392334,-0.04648415288563856,0.1470628206803228,0.2264654206140475,-0.05100833106491076,0.8544499291592411,0.01020902690606263
2023294N09061,Tej (2023),2023.0,2023-0685-YEM,nat-met-sto-tro,YEM,Asia,0.0,7.0,150.0,0.0,150.0,0.0,0.0,0.0,0.0,94.6446220103845,Category 3,109.0,125.4,956.0,2023-10-20,2023-10-24,3.8,Landfall,Tropical Storm,15.5575,52.1575,62.0,2023-10-20,0,-0.023893336610602,21.709999084472656,-0.03041236764181543,0.14742711805930242,0.12604813037219675,-0.04564309696276059,0.8344727702005033,-0.002469144640184117
2023273N16134,Koinu (2023),2023.0,2023-0623-TWN,nat-met-sto-tro,TWN,Asia,0.0,1.0,190.0,0.0,190.0,0.0,0.0,0.0,0.0,94.6446220103845,Category 4,119.0,136.9,940.0,2023-09-29,2023-10-10,10.5,Landfall,Category 3,22.0,120.8,109.0,2023-09-29,0,-0.006830596083547413,17.520000457763672,-0.014557524579010162,0.1172735740682401,0.2679936576929258,-0.04832121530228661,0.7833648130131989,-0.00769421741574965
2023273N16134,Koinu (2023),2023.0,2023-0623-CHN,nat-met-sto-tro,CHN,Asia,0.0,0.0,0.0,0.0,0.0,0.0,0.0,0.0,0.0,94.6446220103845,Category 4,119.0,136.9,940.0,2023-09-29,2023-10-10,10.5,Landfall,Category 3,22.0,120.8,109.0,2023-09-29,0,-0.006830596083547413,17.520000457763672,-0.014557524579010162,0.1172735740682401,0.2679936576929258,-0.04832121530228661,0.7833648130131989,-0.00769421741574965
2023249N24133,Yun-Yeung (2023),2023.0,2023-0609-JPN,nat-met-sto-tro,JPN,Asia,0.0,3.0,0.0,3600.0,3600.0,0.0,0.0,0.0,0.0,94.6446220103845,Tropical Storm,39.0,44.9,992.0,2023-09-05,2023-09-08,3.0,At Sea / Open Water,At Sea / Open Water,0.0,0.0,0.0,2023-09-05,0,0.014635264877031373,14.010000228881836,0.004681088006561085,0.11503032160774353,0.10620163700068463,-0.02109481114304823,0.7754075481789159,0.01580168793810288
2023239N21274,Idalia (2023),2023.0,2023-0565-USA,nat-met-sto-tro,USA,Americas,0.0,5.0,0.0,0.0,0.0,0.0,0.0,3500000.0,3698044.0,94.6446220103845,Category 4,115.0,132.3,942.0,2023-08-26,2023-09-08,12.8,Landfall,Category 3,29.9155,-83.6226,100.0,2023-08-28,2,0.007784637900201119,15.079999923706056,0.007071283963671515,0.11486398906446506,0.08038182138954997,-0.03446330026486932,0.8140240477248729,-0.007232369548165658
2023239N21274,Idalia (2023),2023.0,2023-0565-CUB,nat-met-sto-tro,CUB,Americas,0.0,0.0,0.0,0.0,0.0,0.0,0.0,0.0,0.0,94.6446220103845,Category 4,115.0,132.3,942.0,2023-08-26,2023-09-08,12.8,Landfall,Category 3,29.9155,-83.6226,100.0,2023-08-28,2,0.007784637900201119,15.079999923706056,0.007071283963671515,0.11486398906446506,0.08038182138954997,-0.03446330026486932,0.8140240477248729,-0.007232369548165658
2023232N13300,Franklin (2023),2023.0,2023-0559-DOM,nat-met-sto-tro,DOM,Americas,0.0,3.0,0.0,289083.0,289083.0,0.0,0.0,0.0,0.0,94.6446220103845,Category 4,130.0,149.6,926.0,2023-08-19,2023-09-09,21.0,Landfall,Tropical Storm,18.3,-71.1,40.0,2023-08-21,2,-0.01957115767634121,17.1299991607666,-0.026111730462400007,0.11162848129333204,0.35898762503259896,-0.04609330408701584,0.838295034438311,0.0005454606670326368
2002265N10315,Lili (2002),2002.0,2002-0636-GRD,nat-met-sto-tro,GRD,Americas,0.0,0.0,0.0,70.0,75.0,0.0,0.0,0.0,0.0,55.8716960740501,Category 4,125.0,143.8,938.0,2002-09-21,2002-10-04,12.8,Landfall,Category 2,22.1,-84.0,90.0,2002-09-23,2,-0.06513520762552238,39.68000030517578,-0.06713595121276328,0.28029105613187316,0.40230237629105137,-0.13315846779281681,1.0881685277486277,0.022391660429228733
2002265N10315,Lili (2002),2002.0,2002-0653-VCT,nat-met-sto-tro,VCT,Americas,0.0,4.0,0.0,1000.0,1000.0,0.0,0.0,11000.0,19688.0,55.8716960740501,Category 4,125.0,143.8,938.0,2002-09-21,2002-10-04,12.8,Landfall,Category 2,22.1,-84.0,90.0,2002-09-23,2,-0.06513520762552238,39.68000030517578,-0.06713595121276328,0.28029105613187316,0.40230237629105137,-0.13315846779281681,1.0881685277486277,0.022391660429228733
2003262N17254,Marty (2003),2003.0,2003-0474-MEX,nat-met-sto-tro,MEX,Americas,0.0,2.0,0.0,6000.0,6000.0,0.0,0.0,100000.0,175009.0,57.1400352670416,Category 2,85.0,97.8,970.0,2003-09-18,2003-09-26,7.2,Landfall,Category 2,23.0,-109.7,85.0,2003-09-18,0,0.02288325566319216,17.56999969482422,0.039369956306293474,0.1576120968195626,2.7645333449718716,0.0,1.0466052993408075,0.008491616330494979
2004255N23120,Haima (2004),2004.0,2004-0468-TWN,nat-met-sto-tro,TWN,Asia,0.0,9.0,0.0,6000.0,6000.0,0.0,0.0,2710.0,4619.0,58.6698092933412,Tropical Storm,35.0,40.3,997.0,2004-09-10,2004-09-19,8.5,Landfall,Tropical Depression,22.8,120.233,25.0,2004-09-10,0,0.00426366944884804,13.760000228881836,0.007906693192908154,0.10598518051830547,-0.6274168525506221,-0.0037379917904909465,0.8037690164558239,-0.001656672855459701
2005054S09173,Percy (2005),2005.0,2005-0102-TKL,nat-met-sto-tro,TKL,Oceania,0.0,0.0,1.0,0.0,26.0,0.0,0.0,0.0,0.0,60.6603317527392,Category 5,140.0,161.1,898.0,2005-02-23,2005-03-05,10.5,At Sea / Open Water,At Sea / Open Water,0.0,0.0,0.0,2005-02-23,0,-0.013869250463263594,12.390000343322754,-0.03170977254097007,0.12158425174280899,0.5164973750759214,-0.03170977254097007,1.0021402105202557,-0.005989364406361971
2005041S13181,Olaf (2005),2005.0,2005-0151-ASM,nat-met-sto-tro,ASM,Oceania,0.0,0.0,0.0,0.0,0.0,0.0,0.0,0.0,0.0,60.6603317527392,Category 5,145.0,166.9,892.0,2005-02-10,2005-02-23,13.0,At Sea / Open Water,At Sea / Open Water,0.0,0.0,0.0,2005-02-10,0,0.006556856632323305,11.510000228881836,0.00931747695807461,0.11669481123275999,0.3730072561637259,-0.003613950162822732,1.0125952391730813,-0.011398060287806527
2005192N11318,Emily (2005),2005.0,2005-0382-GRD,nat-met-sto-tro,GRD,Americas,0.0,1.0,0.0,0.0,0.0,0.0,0.0,44900.0,74019.0,60.6603317527392,Category 5,140.0,161.1,929.0,2005-07-11,2005-07-21,10.5,Landfall,Category 2,20.6198,-88.0304,92.0,2005-07-11,0,0.020162872049588776,11.279999732971191,0.017288742615907182,0.08153569491198319,-0.14174197355329665,0.0,0.8649365005841818,-0.0015755936410242139
2005262N13127,Damrey (2005),2005.0,2005-0540-CHN,nat-met-sto-tro,CHN,Asia,0.0,25.0,0.0,5719000.0,5719000.0,0.0,0.0,1040000.0,1714465.0,60.6603317527392,Category 2,90.0,103.6,954.0,2005-09-19,2005-09-28,9.0,Landfall,Category 1,18.8617,110.331,75.0,2005-09-19,0,-0.00591908025447252,12.140000343322754,-0.0035753137930861767,0.12724472137636617,-0.15904959161913135,-0.009014668127227954,0.9613222045140908,-0.004716399659959056
2005275N19274,Stan (2005),2005.0,2005-0567-GTM,nat-met-sto-tro,GTM,Americas,25257.0,1513.0,386.0,474928.0,475314.0,0.0,0.0,988300.0,1629236.0,60.6603317527392,Category 1,70.0,80.6,977.0,2005-10-01,2005-10-05,3.8,Landfall,Tropical Storm,19.5456,-87.3758,36.0,2005-10-03,2,0.008389168487006993,12.460000038146973,0.00890691908454655,0.13951938317117146,-0.46980293888856073,-0.01669439554595109,1.0743108139623605,0.013997698892213375
2005296N16293,Alpha (2005),2005.0,2005-0597-HTI,nat-met-sto-tro,HTI,Americas,0.0,12.0,17.0,2175.0,2192.0,0.0,0.0,0.0,0.0,60.6603317527392,Tropical Storm,45.0,51.8,998.0,2005-10-22,2005-10-24,2.2,Landfall,Tropical Storm,18.3,-71.3,45.0,2005-10-24,2,0.007136057057697931,14.739999771118164,0.028865572983417964,0.15688910936609707,-0.0139559529181561,0.0,0.9919681941458148,0.014626404299417268
2006161N20275,Alberto (2006),2006.0,2006-0272-CUB,nat-met-sto-tro,CUB,Americas,0.0,0.0,8.0,260.0,268.0,0.0,0.0,0.0,0.0,62.6171947810345,Tropical Storm,60.0,69.0,969.0,2006-06-10,2006-06-19,9.0,Landfall,Tropical Storm,29.9,-83.7,40.0,2006-06-12,2,-0.024622338755235118,20.959999084472656,-0.011616458878408342,0.14387945552316195,0.18598259276225382,-0.03290401651689423,1.023570494222726,-0.018743327164928863
2006198N08152,Kaemi (2006),2006.0,2006-0388-CHN,nat-met-sto-tro,CHN,Asia,0.0,109.0,0.0,6531000.0,6531000.0,0.0,0.0,367000.0,586101.0,62.6171947810345,Category 1,75.0,86.3,967.0,2006-07-17,2006-07-29,12.0,Landfall,Tropical Storm,23.05,120.725,55.0,2006-07-17,0,-0.02767049519632203,18.63999938964844,-0.027325930779856678,0.1414927697705803,0.624648186158375,-0.03178553122184358,1.0008369153745709,0.008908887468238112
2006198N08152,Kaemi (2006),2006.0,2006-0388-TWN,nat-met-sto-tro,TWN,Asia,0.0,0.0,0.0,800.0,800.0,0.0,0.0,0.0,0.0,62.6171947810345,Category 1,75.0,86.3,967.0,2006-07-17,2006-07-29,12.0,Landfall,Tropical Storm,23.05,120.725,55.0,2006-07-17,0,-0.02767049519632203,18.63999938964844,-0.027325930779856678,0.1414927697705803,0.624648186158375,-0.03178553122184358,1.0008369153745709,0.008908887468238112
2006237N13298,Ernesto (2006),2006.0,2006-0466-HTI,nat-met-sto-tro,HTI,Americas,0.0,5.0,0.0,15000.0,15000.0,0.0,0.0,0.0,0.0,62.6171947810345,Category 1,65.0,74.8,985.0,2006-08-24,2006-09-04,10.5,Landfall,Tropical Storm,19.9,-75.5,35.0,2006-08-24,0,-0.0029223242849570896,12.399999618530272,-0.002389017323782494,0.11001689323606126,-0.2645523500209127,-0.0038764557483759177,1.038808334811855,-0.006136353840168411
2006257N16259,Lane (2006),2006.0,2006-0505-MEX,nat-met-sto-tro,MEX,Americas,0.0,4.0,0.0,240700.0,240700.0,0.0,0.0,2700.0,4312.0,62.6171947810345,Category 3,110.0,126.6,952.0,2006-09-13,2006-09-17,3.8,Landfall,Category 3,24.1,-107.2,110.0,2006-09-13,0,0.013102344490546924,11.18000030517578,0.018788425829285194,0.08006804394838893,0.24539640985431155,0.0,1.0624936547676,0.005750180368579781
2006294N16254,Paul (2006),2006.0,2006-0604-MEX,nat-met-sto-tro,MEX,Americas,0.0,4.0,0.0,20000.0,20000.0,0.0,0.0,0.0,0.0,62.6171947810345,Category 2,90.0,103.6,970.0,2006-10-21,2006-10-26,5.0,At Sea / Open Water,At Sea / Open Water,0.0,0.0,0.0,2006-10-23,2,0.004604118591025941,11.079999923706056,0.0017000981354269307,0.08021205886295839,-0.23392155311540774,-0.0036630108139200646,0.9636665140438222,0.0012930145756446867
2007151N14072,Gonu (2007),2007.0,2007-0164-IRN,nat-met-sto-tro,IRN,Asia,0.0,12.0,9.0,185000.0,185009.0,0.0,0.0,0.0,0.0,64.4034636847652,Category 5,145.0,166.9,898.0,2007-05-31,2007-06-08,7.8,Landfall,Tropical Depression,25.7051,57.9702,20.0,2007-05-31,0,0.0057734590387847895,13.050000190734863,0.0010565596212479544,0.10229760742296704,-0.3175974019515203,-0.0028939152037453786,1.2640447477711152,0.005503681916124485
2007244N12303,Felix (2007),2007.0,2007-0439-MEX,nat-met-sto-tro,MEX,Americas,0.0,0.0,0.0,0.0,30000.0,0.0,0.0,0.0,0.0,64.4034636847652,Category 5,150.0,172.6,929.0,2007-08-31,2007-09-06,6.2,Landfall,Category 5,14.3,-83.2,140.0,2007-08-31,0,-0.004988696038124574,23.3799991607666,-0.02287206898417804,0.34675008069908264,0.5659803191104631,-0.028777246972297554,1.2887669320701018,-0.009467618986661042
2007297N18300,Noel (2007),2007.0,2007-0523-HTI,nat-met-sto-tro,HTI,Americas,0.0,90.0,133.0,108630.0,108763.0,0.0,0.0,0.0,0.0,64.4034636847652,Category 1,75.0,86.3,965.0,2007-10-24,2007-11-06,13.0,Landfall,Tropical Storm,19.7408,-73.2102,42.0,2007-10-24,0,-0.017957574510303997,20.799999237060547,-0.035724065679005435,0.21149989521904708,0.40592615706807056,-0.0824737443144895,1.34886224273235,-0.0039333592853412515
2007345N18298,Olga (2007),2007.0,2007-0612-PRI,nat-met-sto-tro,PRI,Americas,0.0,1.0,0.0,0.0,0.0,0.0,0.0,0.0,0.0,64.4034636847652,Tropical Storm,50.0,57.5,1003.0,2007-12-10,2007-12-16,5.8,Landfall,Tropical Storm,18.4,-66.5,40.0,2007-12-10,0,0.02979407229136699,20.739999771118164,0.03609726599177687,0.41132774507966513,0.34694290023056285,0.0,1.5285738465351544,-0.018053522094628655
2008117N11090,Nargis (2008),2008.0,2008-0184-MMR,nat-met-sto-tro,MMR,Asia,607329.0,138366.0,20000.0,2400000.0,2420000.0,0.0,0.0,4000000.0,5981221.0,66.8759741789087,Category 4,115.0,132.3,937.0,2008-04-25,2008-05-04,8.5,Landfall,Category 4,16.0,94.5,115.0,2008-04-25,0,0.008088140441964597,19.59000015258789,0.01813365692778901,0.36307176361316806,-0.33851462626628614,0.0,1.7419247945975216,0.004367861273084514
2008117N11090,Nargis (2008),2008.0,2008-0184-THA,nat-met-sto-tro,THA,Asia,0.0,0.0,0.0,0.0,1000.0,0.0,0.0,0.0,0.0,66.8759741789087,Category 4,115.0,132.3,937.0,2008-04-25,2008-05-04,8.5,Landfall,Category 4,16.0,94.5,115.0,2008-04-25,0,0.008088140441964597,19.59000015258789,0.01813365692778901,0.36307176361316806,-0.33851462626628614,0.0,1.7419247945975216,0.004367861273084514
2008152N18273,Arthur (2008),2008.0,2008-0233-BLZ,nat-met-sto-tro,BLZ,Americas,362.0,7.0,0.0,10000.0,10000.0,0.0,0.0,0.0,0.0,66.8759741789087,Tropical Storm,40.0,46.0,1004.0,2008-05-31,2008-06-02,2.0,Landfall,Tropical Storm,17.9,-88.2,40.0,2008-06-02,2,0.009154963770200641,19.829999923706055,-0.010547855409124507,0.23103821699155183,0.17563996413948213,-0.11373552229886652,1.7585240068794998,-0.027715791152186062
2008150N10274,Alma (2008),2008.0,2008-0234-CRI,nat-met-sto-tro,CRI,Americas,0.0,4.0,0.0,55000.0,55000.0,0.0,0.0,0.0,0.0,66.8759741789087,Tropical Storm,55.0,63.3,994.0,2008-05-29,2008-05-30,1.5,Landfall,Tropical Storm,12.4446,-87.0324,52.0,2008-05-29,0,0.003656037107015342,18.13999938964844,0.008039288529041011,0.2696020376998752,-0.2754302014010065,-0.09491117809965421,1.750037165437096,-0.027294779238045602
2008150N10274,Alma (2008),2008.0,2008-0234-HND,nat-met-sto-tro,HND,Americas,0.0,0.0,0.0,0.0,0.0,0.0,0.0,0.0,0.0,66.8759741789087,Tropical Storm,55.0,63.3,994.0,2008-05-29,2008-05-30,1.5,Landfall,Tropical Storm,12.4446,-87.0324,52.0,2008-05-29,0,0.003656037107015342,18.13999938964844,0.008039288529041011,0.2696020376998752,-0.2754302014010065,-0.09491117809965421,1.750037165437096,-0.027294779238045602
2008203N18276,Dolly (2008),2008.0,2008-0304-MEX,nat-met-sto-tro,MEX,Americas,0.0,2.0,0.0,500000.0,500000.0,0.0,0.0,75000.0,112148.0,66.8759741789087,Category 2,85.0,97.8,963.0,2008-07-20,2008-07-27,6.5,Landfall,Tropical Storm,20.8,-87.0,45.0,2008-07-21,1,0.02713509003764214,23.049999237060547,0.17099320470771517,0.6861757306092618,-0.1045206191277136,-0.045099107054835774,2.076888362017208,-0.0017368889575968063
2008203N18276,Dolly (2008),2008.0,2008-0304-USA,nat-met-sto-tro,USA,Americas,0.0,0.0,0.0,0.0,0.0,600000.0,897183.0,1200000.0,1794366.0,66.8759741789087,Category 2,85.0,97.8,963.0,2008-07-20,2008-07-27,6.5,Landfall,Tropical Storm,20.8,-87.0,45.0,2008-07-21,1,0.02713509003764214,23.049999237060547,0.17099320470771517,0.6861757306092618,-0.1045206191277136,-0.045099107054835774,2.076888362017208,-0.0017368889575968063
2008241N19303,Hanna (2008),2008.0,2008-0378-DOM,nat-met-sto-tro,DOM,Americas,0.0,1.0,0.0,10745.0,10745.0,0.0,0.0,0.0,0.0,66.8759741789087,Category 1,75.0,86.3,977.0,2008-08-28,2008-09-08,11.5,Landfall,Tropical Storm,34.5805,-78.498,54.0,2008-08-28,0,0.018701073929630496,19.43000030517578,0.07057065236426774,0.5007021677505749,0.1734448721724422,-0.05102069068193549,2.416436052408897,0.1234590073881478
2008241N19303,Hanna (2008),2008.0,2008-0378-TCA,nat-met-sto-tro,TCA,Americas,0.0,0.0,0.0,750.0,750.0,0.0,0.0,0.0,0.0,66.8759741789087,Category 1,75.0,86.3,977.0,2008-08-28,2008-09-08,11.5,Landfall,Tropical Storm,34.5805,-78.498,54.0,2008-08-28,0,0.018701073929630496,19.43000030517578,0.07057065236426774,0.5007021677505749,0.1734448721724422,-0.05102069068193549,2.416436052408897,0.1234590073881478
2008245N17323,Ike (2008),2008.0,2008-0384-BHS,nat-met-sto-tro,BHS,Americas,0.0,0.0,0.0,3000.0,3000.0,0.0,0.0,0.0,0.0,66.8759741789087,Category 4,125.0,143.8,935.0,2008-09-01,2008-09-15,14.2,Landfall,Category 3,21.0,-73.2,110.0,2008-09-02,1,0.007636362239721528,21.989999771118164,0.08545706484024906,0.5020869788984316,0.6863693837645586,-0.03638042113055928,2.5215498705743054,0.07141538444949384
2009227N12328,Bill (2009),2009.0,2009-0342-CAN,nat-met-sto-tro,CAN,Americas,0.0,0.0,3.0,0.0,3.0,0.0,0.0,0.0,0.0,66.6382010716644,Category 4,115.0,132.3,943.0,2009-08-15,2009-08-26,10.8,Landfall,Tropical Storm,48.0,-53.0,60.0,2009-08-17,2,-0.026536672319083854,27.88999938964844,-0.04548612395694018,0.3308081888487124,0.20789407933679072,-0.049477410719160675,1.446713486571111,-0.009776993815784077
2009227N12328,Bill (2009),2009.0,2009-0342-USA,nat-met-sto-tro,USA,Americas,0.0,3.0,9.0,0.0,9.0,0.0,0.0,0.0,0.0,66.6382010716644,Category 4,115.0,132.3,943.0,2009-08-15,2009-08-26,10.8,Landfall,Tropical Storm,48.0,-53.0,60.0,2009-08-17,2,-0.026536672319083854,27.88999938964844,-0.04548612395694018,0.3308081888487124,0.20789407933679072,-0.049477410719160675,1.446713486571111,-0.009776993815784077
2009239N12270,Jimena (2009),2009.0,2009-0384-MEX,nat-met-sto-tro,MEX,Americas,0.0,4.0,0.0,72000.0,72000.0,0.0,0.0,40000.0,60026.0,66.6382010716644,Category 4,135.0,155.4,931.0,2009-08-26,2009-09-05,9.8,Landfall,Category 2,24.8387,-112.121,90.0,2009-08-26,0,0.03211251006114835,24.950000762939453,0.04816636166527344,0.3303405487409536,0.18432574039624794,-0.0027366432602485835,1.5068960143919248,-0.00525390142382956
2009313N11072,Phyan (2009),2009.0,2009-0609-IND,nat-met-sto-tro,IND,Asia,0.0,20.0,0.0,0.0,0.0,0.0,0.0,300000.0,450192.0,66.6382010716644,Tropical Storm,50.0,57.5,985.0,2009-11-09,2009-11-11,2.4,Landfall,Tropical Storm,18.75,73.3,45.0,2009-11-09,0,0.05032635885976866,23.149999618530273,0.04587155554644884,0.38575632372050667,-0.4111217816692354,-0.057850989295443966,1.706696226746888,-0.025545189012485446
2010198N15123,Chanthu (2010),2010.0,2010-0332-HKG,nat-met-sto-tro,HKG,Asia,0.0,1.0,0.0,15000.0,15000.0,0.0,0.0,0.0,0.0,67.7310945291778,Category 1,80.0,92.1,963.0,2010-07-17,2010-07-23,6.5,Landfall,Tropical Depression,15.2667,121.233,25.0,2010-07-19,2,-0.006850207415910248,25.969999313354492,-0.02821807797812903,0.3188124531107903,0.3092636641052384,-0.051712955176183906,1.3026916103255093,-0.006519944420360059
2010149N13266,Agatha (2010),2010.0,2010-0211-GTM,nat-met-sto-tro,GTM,Americas,0.0,174.0,154.0,397808.0,397962.0,0.0,0.0,650000.0,959677.0,67.7310945291778,Tropical Storm,40.0,46.0,1001.0,2010-05-28,2010-05-30,1.8,Landfall,Tropical Storm,14.6,-91.9,35.0,2010-05-28,0,0.0023829369842960357,32.06999969482422,-0.0047456323614141205,0.43931834310575557,-0.3886860184023122,-0.108682192735016,1.3751927968158524,-0.00639086454175735
2010149N13266,Agatha (2010),2010.0,2010-0211-HND,nat-met-sto-tro,HND,Americas,0.0,18.0,4.0,16673.0,24675.0,0.0,0.0,90000.0,132878.0,67.7310945291778,Tropical Storm,40.0,46.0,1001.0,2010-05-28,2010-05-30,1.8,Landfall,Tropical Storm,14.6,-91.9,35.0,2010-05-28,0,0.0023829369842960357,32.06999969482422,-0.0047456323614141205,0.43931834310575557,-0.3886860184023122,-0.108682192735016,1.3751927968158524,-0.00639086454175735
2010236N12341,Earl (2010),2010.0,2010-0468-USA,nat-met-sto-tro,USA,Americas,0.0,1.0,0.0,0.0,0.0,0.0,0.0,100000.0,147643.0,67.7310945291778,Category 4,125.0,143.8,927.0,2010-08-24,2010-09-06,13.0,Landfall,Category 1,44.3,-64.5,65.0,2010-08-24,0,-0.03704686186332928,27.459999084472656,-0.04455495961101885,0.1969563206162698,0.4549977979587254,-0.10411143150947766,1.2345196699074872,0.006275023088875316
2010257N16282,Karl (2010),2010.0,2010-0494-MEX,nat-met-sto-tro,MEX,Americas,50.0,12.0,0.0,230000.0,230000.0,150000.0,221464.0,3900000.0,5758064.0,67.7310945291778,Category 3,110.0,126.6,956.0,2010-09-13,2010-09-18,4.5,Landfall,Tropical Storm,18.5,-87.8,55.0,2010-09-13,0,0.016502859778690482,21.209999084472656,0.022039445634859156,0.2603764714794617,-0.13841053180438923,0.0,1.3018584892223781,-0.018647666724750628
2010267N14285,Matthew (2010),2010.0,2010-0503-BLZ,nat-met-sto-tro,BLZ,Americas,0.0,0.0,0.0,0.0,0.0,0.0,0.0,0.0,0.0,67.7310945291778,Tropical Storm,50.0,57.5,998.0,2010-09-23,2010-09-26,3.2,Landfall,Tropical Storm,14.7,-83.3,50.0,2010-09-23,0,0.0004624960932075872,23.8700008392334,-0.031116648593170204,0.26690124752026306,0.9444878751045136,-0.04432529641797944,1.3562231308308579,-0.011216305502670696
2010267N14285,Matthew (2010),2010.0,2010-0503-NIC,nat-met-sto-tro,NIC,Americas,0.0,0.0,0.0,0.0,0.0,0.0,0.0,0.0,0.0,67.7310945291778,Tropical Storm,50.0,57.5,998.0,2010-09-23,2010-09-26,3.2,Landfall,Tropical Storm,14.7,-83.3,50.0,2010-09-23,0,0.0004624960932075872,23.8700008392334,-0.031116648593170204,0.26690124752026306,0.9444878751045136,-0.04432529641797944,1.3562231308308579,-0.011216305502670696
2010267N14285,Matthew (2010),2010.0,2010-0503-VEN,nat-met-sto-tro,VEN,Americas,0.0,8.0,0.0,0.0,0.0,0.0,0.0,0.0,0.0,67.7310945291778,Tropical Storm,50.0,57.5,998.0,2010-09-23,2010-09-26,3.2,Landfall,Tropical Storm,14.7,-83.3,50.0,2010-09-23,0,0.0004624960932075872,23.8700008392334,-0.031116648593170204,0.26690124752026306,0.9444878751045136,-0.04432529641797944,1.3562231308308579,-0.011216305502670696
2010302N09306,Tomas (2010),2010.0,2010-0571-BRB,nat-met-sto-tro,BRB,Americas,0.0,0.0,0.0,2500.0,2500.0,0.0,0.0,0.0,0.0,67.7310945291778,Category 2,85.0,97.8,982.0,2010-10-29,2010-11-10,12.5,At Sea / Open Water,At Sea / Open Water,0.0,0.0,0.0,2010-10-29,0,0.001182889238901419,21.200000762939453,-0.0027401231322508046,0.16787526565651437,-0.03484124145684242,-0.02018841695725271,1.3298262946109867,0.02258234894611963
2010302N09306,Tomas (2010),2010.0,2010-0571-HTI,nat-met-sto-tro,HTI,Americas,0.0,21.0,0.0,5020.0,5020.0,0.0,0.0,0.0,0.0,67.7310945291778,Category 2,85.0,97.8,982.0,2010-10-29,2010-11-10,12.5,At Sea / Open Water,At Sea / Open Water,0.0,0.0,0.0,2010-10-29,0,0.001182889238901419,21.200000762939453,-0.0027401231322508046,0.16787526565651437,-0.03484124145684242,-0.02018841695725271,1.3298262946109867,0.02258234894611963
2011038S11062,Bingiza (2011),2011.0,2011-0057-MDG,nat-met-sto-tro,MDG,Africa,2091.0,35.0,73.0,89297.0,115215.0,0.0,0.0,0.0,0.0,69.869263508865,Category 3,100.0,115.1,948.0,2011-02-06,2011-02-21,15.0,Landfall,Category 2,-15.9,49.7,85.0,2011-02-07,1,0.025567651686287052,16.280000686645508,0.027438839249454894,0.1734038722831049,-0.20617721341666273,0.0,1.3183299155389923,-0.0003406429810350522
2011279N10257,Jova (2011),2011.0,2011-0385-MEX,nat-met-sto-tro,MEX,Americas,71.0,5.0,0.0,50000.0,50000.0,0.0,0.0,27700.0,39645.0,69.869263508865,Category 3,110.0,126.6,955.0,2011-10-05,2011-10-12,7.2,Landfall,Category 2,19.6,-105.1,85.0,2011-10-05,0,-0.006253420288481859,37.810001373291016,-0.0008396475045563401,0.4454692711602141,0.17509117209850178,-0.07823395362310026,1.3538249293077158,-0.0034685154576045985
2012018S16041,Funso (2012),2012.0,2012-0005-MOZ,nat-met-sto-tro,MOZ,Africa,0.0,10.0,0.0,65000.0,65000.0,0.0,0.0,0.0,0.0,71.3150877335761,Category 4,115.0,132.3,937.0,2012-01-17,2012-02-01,15.2,At Sea / Open Water,At Sea / Open Water,0.0,0.0,0.0,2012-01-17,0,0.010310931908989573,22.200000762939453,0.0178179742946436,0.23225230451129047,0.28660463440263984,-0.015085888142365889,1.4591273115273655,0.009635447963838535
2012018S16041,Funso (2012),2012.0,2012-0005-MWI,nat-met-sto-tro,MWI,Africa,0.0,0.0,0.0,6000.0,6000.0,0.0,0.0,0.0,0.0,71.3150877335761,Category 4,115.0,132.3,937.0,2012-01-17,2012-02-01,15.2,At Sea / Open Water,At Sea / Open Water,0.0,0.0,0.0,2012-01-17,0,0.010310931908989573,22.200000762939453,0.0178179742946436,0.23225230451129047,0.28660463440263984,-0.015085888142365889,1.4591273115273655,0.009635447963838535
2012201N15129,Vicente (2012),2012.0,2012-0259-VNM,nat-met-sto-tro,VNM,Asia,0.0,10.0,3.0,0.0,3.0,0.0,0.0,0.0,0.0,71.3150877335761,Category 4,115.0,132.3,937.0,2012-07-18,2012-07-25,6.8,Landfall,Category 3,22.0342,112.828,100.0,2012-07-18,0,0.02392672975525234,16.15999984741211,0.01590580749269277,0.20836646493133235,-0.3040772372057473,-0.008102855593714375,1.2311722727001606,0.0019715191182229017
2012225N16133,Kai-Tak (2012),2012.0,2012-0294-PHL,nat-met-sto-tro,PHL,Asia,0.0,4.0,0.0,0.0,0.0,0.0,0.0,3000.0,4207.0,71.3150877335761,Category 1,65.0,74.8,974.0,2012-08-11,2012-08-18,7.0,Landfall,Tropical Storm,18.3933,121.531,55.0,2012-08-13,2,0.008236386077828062,13.699999809265137,0.004703970024564796,0.14860835880919146,-0.6032109838706661,0.0,1.173709041161845,0.002876411338356954
2000232N12116,Kaemi (2000),2000.0,2000-0539-THA,nat-met-sto-tro,THA,Asia,0.0,2.0,0.0,41219.0,41219.0,0.0,0.0,0.0,0.0,53.4877366816787,Tropical Storm,45.0,51.8,995.0,2000-08-18,2000-08-23,5.2,Landfall,Tropical Storm,16.0121,107.79,40.0,2000-08-18,0,0.01547592666508435,17.049999237060547,-0.011778392323664844,0.23163415170301938,0.09743382212911822,-0.024363982488313618,0.9166596560480915,-0.019216247223298906
2001189N13130,Trami (2001),2001.0,2001-0415-TWN,nat-met-sto-tro,TWN,Asia,0.0,5.0,17.0,0.0,2017.0,0.0,0.0,0.0,0.0,54.9993852662954,Tropical Storm,40.0,46.0,997.0,2001-07-07,2001-07-12,4.5,Landfall,Tropical Storm,22.7846,120.923,35.0,2001-07-09,2,-0.02365448114037383,22.479999542236328,-0.011971767181421122,0.21416814649727803,0.11444562205983533,-0.03838218718615505,0.8366916340409799,-0.018464489917983554
2000184N13133,Kirogi (2000),2000.0,2000-0396-PHL,nat-met-sto-tro,PHL,Asia,0.0,11.0,0.0,0.0,120000.0,0.0,0.0,7500.0,14022.0,53.4877366816787,Category 4,115.0,132.3,985.0,2000-07-02,2000-07-10,8.2,At Sea / Open Water,At Sea / Open Water,0.0,0.0,0.0,2000-07-03,1,0.00715892451167921,19.829999923706055,-0.005141534891088373,0.29044301896599134,1.3817608694645922,-0.07096433987382722,0.8500763820628116,0.03887763372369285
2000248N17117,Wukong (2000),2000.0,2000-0582-VNM,nat-met-sto-tro,VNM,Asia,0.0,5.0,29.0,0.0,6029.0,0.0,0.0,21000.0,39261.0,53.4877366816787,Category 2,95.0,109.3,980.0,2000-09-04,2000-09-10,6.5,Landfall,Category 1,18.2,109.675,75.0,2000-09-05,1,-0.0031911772395901705,19.81999969482422,0.020247337100113505,0.20988023579063972,2.974927506722742,-0.004391452068495116,0.6910549491553082,0.05349835554237899
2002178N04155,Chataan (2002),2002.0,2002-0408-PHL,nat-met-sto-tro,PHL,Asia,0.0,33.0,41.0,700000.0,700041.0,0.0,0.0,1000.0,1790.0,55.8716960740501,Category 4,130.0,149.6,910.0,2002-06-27,2002-07-13,15.8,Landfall,Tropical Storm,35.0259,139.925,50.0,2002-06-27,0,-0.01414862739724776,26.290000915527344,-0.015782116818096714,0.26809591420598317,0.7349456078344425,-0.0549562969814239,0.8678933094425946,0.005479168015951672
2002252N20121,Hagupit (2002),2002.0,2002-0599-CHN,nat-met-sto-tro,CHN,Asia,0.0,25.0,0.0,180000.0,180000.0,0.0,0.0,0.0,0.0,55.8716960740501,Tropical Storm,45.0,51.8,991.0,2002-09-08,2002-09-15,7.0,Landfall,Tropical Depression,21.7512,111.597,25.0,2002-09-09,1,-0.012202878334437783,36.45000076293945,-0.015758162077659232,0.3244362791507637,-0.3198723824296693,-0.04425135420318482,1.0806800833512233,-0.025006538644063048
2002265N10315,Lili (2002),2002.0,2002-0617-BRB,nat-met-sto-tro,BRB,Americas,0.0,0.0,0.0,0.0,2000.0,0.0,0.0,200.0,358.0,55.8716960740501,Category 4,125.0,143.8,938.0,2002-09-21,2002-10-04,12.8,Landfall,Category 2,22.1,-84.0,90.0,2002-09-23,2,-0.06513520762552238,39.68000030517578,-0.06713595121276328,0.28029105613187316,0.40230237629105137,-0.13315846779281681,1.0881685277486277,0.022391660429228733
2002265N10315,Lili (2002),2002.0,2002-0626-CYM,nat-met-sto-tro,CYM,Americas,0.0,0.0,0.0,300.0,300.0,0.0,0.0,1000.0,1790.0,55.8716960740501,Category 4,125.0,143.8,938.0,2002-09-21,2002-10-04,12.8,Landfall,Category 2,22.1,-84.0,90.0,2002-09-23,2,-0.06513520762552238,39.68000030517578,-0.06713595121276328,0.28029105613187316,0.40230237629105137,-0.13315846779281681,1.0881685277486277,0.022391660429228733
2002258N10300,Isidore (2002),2002.0,2002-0656-CYM,nat-met-sto-tro,CYM,Americas,0.0,0.0,0.0,0.0,0.0,0.0,0.0,500.0,895.0,55.8716960740501,Category 3,110.0,126.6,934.0,2002-09-14,2002-09-27,13.0,Landfall,Tropical Depression,10.0856,-61.4549,25.0,2002-09-16,2,-0.008492887094594281,36.7400016784668,-0.03418463257734172,0.2876172118423711,0.2087030077894403,-0.07692327049604086,1.0726104733542867,0.002728754670478034
2002335N05166,Pongsona (2002),2002.0,2002-0826-MNP,nat-met-sto-tro,MNP,Oceania,0.0,0.0,0.0,0.0,300.0,0.0,0.0,0.0,0.0,55.8716960740501,Category 4,130.0,149.6,910.0,2002-12-01,2002-12-11,10.5,At Sea / Open Water,At Sea / Open Water,0.0,0.0,0.0,2002-12-02,1,0.007600253690323244,27.459999084472656,-0.007212561741285817,0.28136285739318617,-0.05510604722712875,-0.013906324607685372,1.193364947607058,0.01596299191404943
2003021S10163,Beni (2003),2003.0,2003-0057-SLB,nat-met-sto-tro,SLB,Oceania,0.0,0.0,0.0,275.0,275.0,0.0,0.0,0.0,0.0,57.1400352670416,Category 4,125.0,143.8,916.0,2003-01-20,2003-02-05,15.2,Landfall,Tropical Depression,-10.8,162.3,0.0,2003-01-21,1,-0.04063198015088754,27.59000015258789,-0.03606349050367197,0.24934899875762545,0.02840514660422455,-0.043368863076709396,1.0755417022193952,0.0011616227288168204
2003021S11081,Fari (2003),2003.0,2003-0065-MDG,nat-met-sto-tro,MDG,Africa,0.0,0.0,0.0,0.0,500.0,0.0,0.0,0.0,0.0,57.1400352670416,Tropical Storm,55.0,63.3,984.0,2003-01-21,2003-02-02,12.5,Landfall,Tropical Storm,-20.3,48.4667,55.0,2003-01-21,0,-0.04063198015088754,27.59000015258789,-0.03606349050367197,0.24934899875762545,0.02840514660422455,-0.043368863076709396,1.0755417022193952,0.0011616227288168204
2003359S15177,Heta (2004),2004.0,2004-0004-NIU,nat-met-sto-tro,NIU,Oceania,0.0,1.0,2.0,200.0,702.0,0.0,0.0,40000.0,68178.0,58.6698092933412,Category 5,140.0,161.1,898.0,2003-12-25,2004-01-12,17.8,At Sea / Open Water,At Sea / Open Water,0.0,0.0,0.0,2003-12-26,1,0.004541899958330209,17.450000762939453,0.009602143597273516,0.09772258951029043,-0.9691050699799061,-0.00035941068588074554,0.9455172398587282,-0.0034439689297368903
2003359S15177,Heta (2004),2004.0,2004-0004-WSM,nat-met-sto-tro,WSM,Oceania,0.0,1.0,0.0,0.0,0.0,0.0,0.0,0.0,0.0,58.6698092933412,Category 5,140.0,161.1,898.0,2003-12-25,2004-01-12,17.8,At Sea / Open Water,At Sea / Open Water,0.0,0.0,0.0,2003-12-26,1,0.004541899958330209,17.450000762939453,0.009602143597273516,0.09772258951029043,-0.9691050699799061,-0.00035941068588074554,0.9455172398587282,-0.0034439689297368903
2004177N12154,Tingting (2004),2004.0,2004-0312-MNP,nat-met-sto-tro,MNP,Oceania,0.0,3.0,0.0,200.0,200.0,0.0,0.0,0.0,0.0,58.6698092933412,Category 1,80.0,92.1,963.0,2004-06-24,2004-07-13,18.2,At Sea / Open Water,At Sea / Open Water,0.0,0.0,0.0,2004-06-24,0,0.008587859896759253,14.8100004196167,0.007582843309384302,0.10271139293912039,-0.1399776035834267,-0.006984539019225355,0.9728263974972423,0.0011817176453651611
2005275N19274,Stan (2005),2005.0,2005-0567-MEX,nat-met-sto-tro,MEX,Americas,0.0,36.0,0.0,1954571.0,1954571.0,0.0,0.0,2500000.0,4121309.0,60.6603317527392,Category 1,70.0,80.6,977.0,2005-10-01,2005-10-05,3.8,Landfall,Tropical Storm,19.5456,-87.3758,36.0,2005-10-03,2,0.008389168487006993,12.460000038146973,0.00890691908454655,0.13951938317117146,-0.46980293888856073,-0.01669439554595109,1.0743108139623605,0.013997698892213375
2005275N19274,Stan (2005),2005.0,2005-0567-NIC,nat-met-sto-tro,NIC,Americas,0.0,3.0,0.0,7880.0,7880.0,0.0,0.0,0.0,0.0,60.6603317527392,Category 1,70.0,80.6,977.0,2005-10-01,2005-10-05,3.8,Landfall,Tropical Storm,19.5456,-87.3758,36.0,2005-10-03,2,0.008389168487006993,12.460000038146973,0.00890691908454655,0.13951938317117146,-0.46980293888856073,-0.01669439554595109,1.0743108139623605,0.013997698892213375
2005296N16293,Alpha (2005),2005.0,2005-0597-DOM,nat-met-sto-tro,DOM,Americas,0.0,9.0,0.0,1000.0,1000.0,0.0,0.0,0.0,0.0,60.6603317527392,Tropical Storm,45.0,51.8,998.0,2005-10-22,2005-10-24,2.2,Landfall,Tropical Storm,18.3,-71.3,45.0,2005-10-24,2,0.007136057057697931,14.739999771118164,0.028865572983417964,0.15688910936609707,-0.0139559529181561,0.0,0.9919681941458148,0.014626404299417268
2006025S18147,Jim (2006),2006.0,2006-0073-FJI,nat-met-sto-tro,FJI,Oceania,0.0,0.0,0.0,168.0,168.0,0.0,0.0,0.0,0.0,62.6171947810345,Category 1,80.0,92.1,963.0,2006-01-25,2006-02-03,9.0,At Sea / Open Water,At Sea / Open Water,0.0,0.0,0.0,2006-01-25,0,-0.009074525327004923,12.869999885559082,-0.015268930485404786,0.12022716786706279,-0.18741420063375414,-0.035703181610006074,1.0822006487622813,-0.004338272977555556
2006021S11053,Boloetse (2006),2006.0,2006-0089-MDG,nat-met-sto-tro,MDG,Africa,0.0,3.0,0.0,6112.0,6212.0,0.0,0.0,0.0,0.0,62.6171947810345,Category 3,100.0,115.1,944.0,2006-01-20,2006-02-06,17.0,Landfall,Tropical Depression,-20.5,48.2,30.0,2006-01-20,0,-0.02197182806996656,14.5600004196167,-0.03749165655709352,0.12189521691517752,2.7552477836427145,-0.04424721391419517,1.0343197374805744,0.0060366068609416165
2006074S13158,Larry (2006),2006.0,2006-0139-AUS,nat-met-sto-tro,AUS,Oceania,0.0,0.0,30.0,0.0,7030.0,335000.0,534997.0,1180000.0,1884466.0,62.6171947810345,Category 4,115.0,132.3,937.0,2006-03-14,2006-03-21,7.0,Landfall,Category 3,-17.533,146.088,107.0,2006-03-14,0,0.017269613247868243,10.739999771118164,0.015369858022917127,0.11402871888454964,-0.3463596936421519,0.0,0.9206169404020411,-0.001414008120969977
2006081S14129,Glenda (2006),2006.0,2006-0155-AUS,nat-met-sto-tro,AUS,Oceania,0.0,0.0,0.0,500.0,500.0,0.0,0.0,0.0,0.0,62.6171947810345,Category 4,120.0,138.1,922.0,2006-03-22,2006-03-31,9.2,Landfall,Tropical Depression,-15.0458,128.964,15.0,2006-03-22,0,0.0010591566835591593,11.210000038146973,0.0047550079979885584,0.09216476448755415,-0.6261296776130829,-0.0021136671961855535,0.921569737474448,-0.006905764785597887
2006188N10143,Bilis (2006),2006.0,2006-0362-TWN,nat-met-sto-tro,TWN,Asia,0.0,3.0,0.0,0.0,0.0,0.0,0.0,0.0,0.0,62.6171947810345,Tropical Storm,50.0,57.5,987.0,2006-07-07,2006-07-17,10.5,Landfall,Tropical Storm,26.4267,119.487,40.0,2006-07-07,0,-0.005185582454951154,13.970000267028809,-0.002467211631883348,0.16990316817107323,-0.6845185433047078,-0.011308677446509874,1.0141659477359595,0.002185688457999064
2006198N08152,Kaemi (2006),2006.0,2006-0388-PHL,nat-met-sto-tro,PHL,Asia,0.0,4.0,0.0,200355.0,200355.0,0.0,0.0,471.0,752.0,62.6171947810345,Category 1,75.0,86.3,967.0,2006-07-17,2006-07-29,12.0,Landfall,Tropical Storm,23.05,120.725,55.0,2006-07-17,0,-0.02767049519632203,18.63999938964844,-0.027325930779856678,0.1414927697705803,0.624648186158375,-0.03178553122184358,1.0008369153745709,0.008908887468238112
2006216N07151,Saomai (2006),2006.0,2006-0437-CHN,nat-met-sto-tro,CHN,Asia,0.0,441.0,1350.0,5920000.0,5923350.0,0.0,0.0,2510000.0,4008484.0,62.6171947810345,Category 5,140.0,161.1,898.0,2006-08-04,2006-08-12,8.2,Landfall,Category 4,27.2,119.975,115.0,2006-08-04,0,0.0017189948369891184,14.34000015258789,0.0036218872533271274,0.1497002630287386,0.3897880559726845,0.0,0.9777108992852023,-0.01017267579115162
2007043S11071,Favio (2007),2007.0,2007-0080-ZWE,nat-met-sto-tro,ZWE,Africa,0.0,0.0,0.0,0.0,0.0,0.0,0.0,1200.0,1863.0,64.4034636847652,Category 4,120.0,138.1,922.0,2007-02-11,2007-02-23,12.0,Landfall,Category 2,-21.6667,35.1,90.0,2007-02-12,1,-0.00966514221806325,11.609999656677246,-0.008025761011694166,0.09457134121844135,1.2480236067312633,-0.016184558806092486,1.0065981100852912,0.005558506575265673
2006364S12058,Clovis (2007),2007.0,2007-0032-MDG,nat-met-sto-tro,MDG,Africa,0.0,1.0,0.0,7313.0,7313.0,0.0,0.0,0.0,0.0,64.4034636847652,Category 1,65.0,74.8,976.0,2006-12-29,2007-01-04,6.2,Landfall,Tropical Storm,-20.7333,48.4333,60.0,2006-12-29,0,0.0,11.5600004196167,0.000817336524266965,0.08751613157685591,-0.3229226685787425,-0.01023721746242956,0.9880116125447048,0.00029805983791450453
2007084S12157,Becky (2007),2007.0,2007-0133-NZL,nat-met-sto-tro,NZL,Oceania,0.0,0.0,0.0,300.0,300.0,0.0,0.0,0.0,0.0,64.4034636847652,Category 1,70.0,80.6,970.0,2007-03-24,2007-03-29,5.0,At Sea / Open Water,At Sea / Open Water,0.0,0.0,0.0,2007-03-26,2,0.021397848178984713,13.15999984741211,0.021843902837906937,0.2626252088835389,0.047984819089226693,-0.009895503498115632,1.2019902682247614,-0.011259839539782072
2007188N04148,Man-Yi (2007),2007.0,2007-0262-JPN,nat-met-sto-tro,JPN,Asia,0.0,5.0,12.0,40000.0,40012.0,67000.0,104032.0,60000.0,93163.0,64.4034636847652,Category 4,125.0,143.8,929.0,2007-07-06,2007-07-23,16.5,Landfall,Category 1,31.4521,130.839,81.0,2007-07-06,0,0.017289464183524617,14.720000267028809,0.008246323949865353,0.15727024858315075,-0.506043505697988,-0.02446780806065285,1.0909061294265763,-0.013334905769711925
2007223N19136,Sepat (2007),2007.0,2007-0380-TWN,nat-met-sto-tro,TWN,Asia,0.0,0.0,12.0,0.0,1812.0,0.0,0.0,25000.0,38818.0,64.4034636847652,Category 5,140.0,161.1,918.0,2007-08-11,2007-08-24,13.2,Landfall,Category 3,23.55,121.025,100.0,2007-08-13,2,-0.006702753597439215,26.56999969482422,-0.019287841172766607,0.35462353693793974,-0.4971649083880004,-0.09871803549405644,1.261900672051004,0.035080699430404975
2007244N12303,Felix (2007),2007.0,2007-0439-GTM,nat-met-sto-tro,GTM,Americas,0.0,0.0,0.0,3905.0,3905.0,0.0,0.0,0.0,0.0,64.4034636847652,Category 5,150.0,172.6,929.0,2007-08-31,2007-09-06,6.2,Landfall,Category 5,14.3,-83.2,140.0,2007-08-31,0,-0.004988696038124574,23.3799991607666,-0.02287206898417804,0.34675008069908264,0.5659803191104631,-0.028777246972297554,1.2887669320701018,-0.009467618986661042
2007244N12303,Felix (2007),2007.0,2007-0439-NIC,nat-met-sto-tro,NIC,Americas,0.0,177.0,0.0,188726.0,188726.0,0.0,0.0,0.0,0.0,64.4034636847652,Category 5,150.0,172.6,929.0,2007-08-31,2007-09-06,6.2,Landfall,Category 5,14.3,-83.2,140.0,2007-08-31,0,-0.004988696038124574,23.3799991607666,-0.02287206898417804,0.34675008069908264,0.5659803191104631,-0.028777246972297554,1.2887669320701018,-0.009467618986661042
2007274N18131,Krosa (2007),2007.0,2007-0552-CHN,nat-met-sto-tro,CHN,Asia,0.0,0.0,0.0,0.0,0.0,0.0,0.0,1077788.0,1673494.0,64.4034636847652,Category 4,130.0,149.6,926.0,2007-10-01,2007-10-14,12.8,Landfall,Category 3,24.9597,121.582,102.0,2007-10-01,0,0.01720609821943353,17.84000015258789,0.02491233311297325,0.2027527371669069,0.01203556635293035,0.0,1.3122130622173596,0.006173433515432496
2007314N10093,Sidr (2007),2007.0,2007-0556-IND,nat-met-sto-tro,IND,Asia,0.0,0.0,0.0,0.0,0.0,0.0,0.0,0.0,0.0,64.4034636847652,Category 5,140.0,161.1,918.0,2007-11-10,2007-11-16,5.9,Landfall,Category 3,22.5429,90.3714,100.0,2007-11-12,2,-0.04231916599310148,31.09000015258789,-0.03261902324938437,0.33335725027516977,0.07365326288997931,-0.11472049718314781,1.3353108355059724,-0.019069769548845966
2007242N13264,Henriette (2007),2007.0,2007-0671-MEX,nat-met-sto-tro,MEX,Americas,0.0,6.0,0.0,0.0,0.0,0.0,0.0,0.0,0.0,64.4034636847652,Category 1,75.0,86.3,972.0,2007-08-30,2007-09-06,7.0,Landfall,Category 1,23.1,-109.6,70.0,2007-08-30,0,-0.002525530550080868,25.059999465942383,-0.032249043999987737,0.3797079429935162,-0.07420516062281801,-0.04143966673789601,1.2705802002643685,-0.008310531844921806
2008150N10274,Alma (2008),2008.0,2008-0234-NIC,nat-met-sto-tro,NIC,Americas,0.0,13.0,0.0,25000.0,25000.0,0.0,0.0,0.0,0.0,66.8759741789087,Tropical Storm,55.0,63.3,994.0,2008-05-29,2008-05-30,1.5,Landfall,Tropical Storm,12.4446,-87.0324,52.0,2008-05-29,0,0.003656037107015342,18.13999938964844,0.008039288529041011,0.2696020376998752,-0.2754302014010065,-0.09491117809965421,1.750037165437096,-0.027294779238045602
2008203N18276,Dolly (2008),2008.0,2008-0304-GTM,nat-met-sto-tro,GTM,Americas,0.0,17.0,0.0,0.0,0.0,0.0,0.0,0.0,0.0,66.8759741789087,Category 2,85.0,97.8,963.0,2008-07-20,2008-07-27,6.5,Landfall,Tropical Storm,20.8,-87.0,45.0,2008-07-21,1,0.02713509003764214,23.049999237060547,0.17099320470771517,0.6861757306092618,-0.1045206191277136,-0.045099107054835774,2.076888362017208,-0.0017368889575968063
2008245N17323,Ike (2008),2008.0,2008-0384-HTI,nat-met-sto-tro,HTI,Americas,0.0,74.0,50.0,125000.0,125050.0,0.0,0.0,0.0,0.0,66.8759741789087,Category 4,125.0,143.8,935.0,2008-09-01,2008-09-15,14.2,Landfall,Category 3,21.0,-73.2,110.0,2008-09-02,1,0.007636362239721528,21.989999771118164,0.08545706484024906,0.5020869788984316,0.6863693837645586,-0.03638042113055928,2.5215498705743054,0.07141538444949384
2008241N19303,Hanna (2008),2008.0,2008-0378-HTI,nat-met-sto-tro,HTI,Americas,128898.0,529.0,0.0,48000.0,48000.0,0.0,0.0,0.0,0.0,66.8759741789087,Category 1,75.0,86.3,977.0,2008-08-28,2008-09-08,11.5,Landfall,Tropical Storm,34.5805,-78.498,54.0,2008-08-28,0,0.018701073929630496,19.43000030517578,0.07057065236426774,0.5007021677505749,0.1734448721724422,-0.05102069068193549,2.416436052408897,0.1234590073881478
2008245N17323,Ike (2008),2008.0,2008-0384-CUB,nat-met-sto-tro,CUB,Americas,0.0,7.0,0.0,0.0,0.0,0.0,0.0,1500000.0,2242958.0,66.8759741789087,Category 4,125.0,143.8,935.0,2008-09-01,2008-09-15,14.2,Landfall,Category 3,21.0,-73.2,110.0,2008-09-02,1,0.007636362239721528,21.989999771118164,0.08545706484024906,0.5020869788984316,0.6863693837645586,-0.03638042113055928,2.5215498705743054,0.07141538444949384
2010240N15142,Kompasu (2010),2010.0,2010-0479-KOR,nat-met-sto-tro,KOR,Asia,0.0,12.0,0.0,41500.0,41500.0,0.0,0.0,0.0,0.0,67.7310945291778,Category 3,105.0,120.8,944.0,2010-08-27,2010-09-06,9.8,Landfall,Category 1,38.1,127.15,65.0,2010-08-27,0,-0.006230633514645478,24.450000762939453,-0.007230299713827937,0.217041964161333,0.32602356648582864,-0.08952244750906335,1.2426459354463917,0.010674017017260777
2010256N17137,Fanapi (2010),2010.0,2010-0484-CHN,nat-met-sto-tro,CHN,Asia,0.0,75.0,0.0,1000000.0,1000000.0,0.0,0.0,298285.0,440396.0,67.7310945291778,Category 3,105.0,120.8,944.0,2010-09-13,2010-09-21,8.5,Landfall,Category 2,23.3179,121.103,90.0,2010-09-13,0,0.016502859778690482,21.209999084472656,0.022039445634859156,0.2603764714794617,-0.13841053180438923,0.0,1.3018584892223781,-0.018647666724750628
2010267N14285,Matthew (2010),2010.0,2010-0503-GTM,nat-met-sto-tro,GTM,Americas,0.0,0.0,0.0,0.0,0.0,0.0,0.0,0.0,0.0,67.7310945291778,Tropical Storm,50.0,57.5,998.0,2010-09-23,2010-09-26,3.2,Landfall,Tropical Storm,14.7,-83.3,50.0,2010-09-23,0,0.0004624960932075872,23.8700008392334,-0.031116648593170204,0.26690124752026306,0.9444878751045136,-0.04432529641797944,1.3562231308308579,-0.011216305502670696
2010247N15266,Hermine (2010),2010.0,2010-0522-USA,nat-met-sto-tro,USA,Americas,0.0,8.0,0.0,0.0,0.0,0.0,0.0,240000.0,354342.0,67.7310945291778,Tropical Storm,60.0,69.0,989.0,2010-09-03,2010-09-10,6.2,Landfall,Tropical Depression,16.2,-95.2,30.0,2010-09-03,0,0.03771262994190283,21.309999465942383,0.05753746332956022,0.2685470621761017,0.012882063476095995,-0.022880495051841088,1.2666284587060268,0.0011364537891347497
2011020S13182,Wilma (2011),2011.0,2011-0091-TON,nat-met-sto-tro,TON,Oceania,86.0,3.0,0.0,7600.0,7600.0,0.0,0.0,3000.0,4294.0,69.869263508865,Category 4,115.0,132.3,937.0,2011-01-20,2011-01-30,10.8,At Sea / Open Water,At Sea / Open Water,0.0,0.0,0.0,2011-01-20,0,-0.003888565679986744,17.989999771118164,-0.010901995240061524,0.165709975177309,0.14585360915837442,-0.023324691284144383,1.4411393976421778,-0.008631985807792477
2011250N20266,Nate (2011),2011.0,2011-0460-MEX,nat-met-sto-tro,MEX,Americas,0.0,10.0,0.0,0.0,0.0,0.0,0.0,0.0,0.0,69.869263508865,Category 1,65.0,74.8,994.0,2011-09-06,2011-09-12,5.2,Landfall,Tropical Storm,20.5,-97.0,40.0,2011-09-06,0,-0.036009047198214406,37.0,-0.07368456364289211,0.5711721234272796,0.1578379738348581,-0.07922222039858828,1.3023119120368167,0.0022030248449491953
2011253N20145,Roke (2011),2011.0,2011-0352-JPN,nat-met-sto-tro,JPN,Asia,0.0,13.0,308.0,0.0,308.0,1210000.0,1731806.0,1820000.0,2604865.0,69.869263508865,Category 4,115.0,132.3,937.0,2011-09-09,2011-09-24,15.0,Landfall,Category 1,34.85,137.825,75.0,2011-09-09,0,-0.04150809344577722,38.52000045776367,-0.06498505767185336,0.43683253303015596,0.28429657238006856,-0.08594894446657209,1.3233456788618383,-0.011405124146100704
2011245N27269,Lee (2011),2011.0,2011-0456-USA,nat-met-sto-tro,USA,Americas,0.0,15.0,0.0,600.0,600.0,560000.0,801497.0,750000.0,1073433.0,69.869263508865,Tropical Storm,50.0,57.5,986.0,2011-09-02,2011-09-06,4.8,Landfall,Tropical Storm,29.6,-92.1,40.0,2011-09-02,0,-0.0010169258324508323,33.91999816894531,-0.01801099837854514,0.6628826247060684,0.08575053186872905,-0.0627796372422309,1.2934413377022498,-0.0006057249186009091
2011360N09088,Thane (2011),2011.0,2011-0566-IND,nat-met-sto-tro,IND,Asia,1350.0,47.0,0.0,0.0,250000.0,0.0,0.0,375625.0,537611.0,69.869263508865,Category 2,90.0,103.6,956.0,2011-12-25,2011-12-30,5.0,Landfall,Tropical Storm,11.5799,79.536,57.0,2011-12-27,2,0.051542158425848195,21.90999984741211,0.06688421121498078,0.3533678681125415,-0.5938558290406284,-0.013210246792825009,1.5059717739911562,0.00241302456565627
2012018S16041,Funso (2012),2012.0,2012-0005-MDG,nat-met-sto-tro,MDG,Africa,0.0,0.0,0.0,300.0,300.0,0.0,0.0,0.0,0.0,71.3150877335761,Category 4,115.0,132.3,937.0,2012-01-17,2012-02-01,15.2,At Sea / Open Water,At Sea / Open Water,0.0,0.0,0.0,2012-01-17,0,0.010310931908989573,22.200000762939453,0.0178179742946436,0.23225230451129047,0.28660463440263984,-0.015085888142365889,1.4591273115273655,0.009635447963838535
2012176N26272,Debby (2012),2012.0,2012-0176-USA,nat-met-sto-tro,USA,Americas,0.0,9.0,1.0,17000.0,17001.0,200000.0,280446.0,210000.0,294468.0,71.3150877335761,Tropical Storm,55.0,63.3,990.0,2012-06-23,2012-06-27,4.0,Landfall,Tropical Depression,29.4,-82.7,30.0,2012-06-25,2,-0.022916746577697045,20.3799991607666,-0.015427451714538187,0.27777828152779876,-0.249794055780739,-0.033723364341425754,1.2672719195003834,-0.0009392909362406637
2012201N15129,Vicente (2012),2012.0,2012-0259-CHN,nat-met-sto-tro,CHN,Asia,0.0,8.0,0.0,58500.0,58500.0,0.0,0.0,329000.0,461333.0,71.3150877335761,Category 4,115.0,132.3,937.0,2012-07-18,2012-07-25,6.8,Landfall,Category 3,22.0342,112.828,100.0,2012-07-18,0,0.02392672975525234,16.15999984741211,0.01590580749269277,0.20836646493133235,-0.3040772372057473,-0.008102855593714375,1.2311722727001606,0.0019715191182229017
2012225N16133,Kai-Tak (2012),2012.0,2012-0294-VNM,nat-met-sto-tro,VNM,Asia,0.0,17.0,14.0,59320.0,60479.0,0.0,0.0,6800.0,9535.0,71.3150877335761,Category 1,65.0,74.8,974.0,2012-08-11,2012-08-18,7.0,Landfall,Tropical Storm,18.3933,121.531,55.0,2012-08-13,2,0.008236386077828062,13.699999809265137,0.004703970024564796,0.14860835880919146,-0.6032109838706661,0.0,1.173709041161845,0.002876411338356954
2012301N11087,Nilam (2012),2012.0,2012-0425-IND,nat-met-sto-tro,IND,Asia,0.0,40.0,0.0,70000.0,70000.0,0.0,0.0,0.0,0.0,71.3150877335761,Tropical Storm,50.0,57.5,985.0,2012-10-27,2012-11-01,5.5,Landfall,Tropical Storm,12.7,79.8,50.0,2012-10-31,4,-0.014364221630522311,18.600000381469727,-0.013035818062330451,0.13807159498714958,-0.5900652426150306,-0.0263320612132657,1.1652010188119961,-0.00480229069459343
2012263N15141,Jelawat (2012),2012.0,2012-0451-JPN,nat-met-sto-tro,JPN,Asia,0.0,2.0,180.0,18045.0,18225.0,0.0,0.0,27400.0,38421.0,71.3150877335761,Category 5,140.0,161.1,918.0,2012-09-19,2012-10-03,14.0,Landfall,Tropical Storm,33.45,135.8,60.0,2012-09-19,0,0.015998248509548896,13.880000114440918,0.019059569185315706,0.15230305403278435,0.2872492026914537,-0.014742048660476015,1.131679501850011,-0.009245600752007515
2012331N03157,Bopha (2012),2012.0,2012-0500-PLW,nat-met-sto-tro,PLW,Oceania,0.0,0.0,0.0,0.0,1250.0,0.0,0.0,0.0,0.0,71.3150877335761,Category 5,150.0,172.6,911.0,2012-11-25,2012-12-09,13.8,Landfall,Category 4,7.63461,126.575,132.0,2012-11-26,1,0.034318071058592414,15.5,0.03272270144092859,0.18368897948721583,-0.5208422530849695,-0.022909642485301474,1.1706321331554743,-0.008390160219384563
2013187N20156,Soulik (2013),2013.0,2013-0249-TWN,nat-met-sto-tro,TWN,Asia,0.0,3.0,54.0,0.0,54.0,0.0,0.0,43500.0,60116.0,72.3597374789251,Category 4,125.0,143.8,929.0,2013-07-06,2013-07-14,8.5,Landfall,Category 1,24.8148,121.461,78.0,2013-07-08,2,0.022004517597647766,14.779999732971191,0.026735029624374684,0.20179677745189759,-0.07417364780463809,0.0,1.1964818328704132,-0.007115856727492733
2013238N19266,Fernand (2013),2013.0,2013-0335-MEX,nat-met-sto-tro,MEX,Americas,0.0,14.0,0.0,5000.0,5000.0,0.0,0.0,2000.0,2764.0,72.3597374789251,Tropical Storm,50.0,57.5,1001.0,2013-08-25,2013-08-26,1.2,Landfall,Tropical Storm,19.7,-96.6,45.0,2013-08-26,1,0.007464318858240393,14.989999771118164,0.008603089100634786,0.12289217867567122,-0.21675337017451202,-0.04274730968190654,1.2077308466441912,-0.004844623600014161
2013210N13122,Jebi (2013),2013.0,2013-0341-CHN,nat-met-sto-tro,CHN,Asia,0.0,0.0,0.0,5000.0,5000.0,0.0,0.0,20000.0,27640.0,72.3597374789251,Tropical Storm,60.0,69.0,978.0,2013-07-28,2013-08-03,5.8,Landfall,Tropical Depression,12.8151,121.396,0.0,2013-07-29,1,-0.005368794198056026,13.390000343322754,-0.018207898893341623,0.10950549341318419,0.0858651082812536,-0.018207898893341623,1.2149422229242888,-0.0015401012265116674
2013257N15259,Manuel (2013),2013.0,2013-0358-MEX,nat-met-sto-tro,MEX,Americas,0.0,169.0,0.0,105000.0,105000.0,685000.0,946659.0,4200000.0,5804333.0,72.3597374789251,Category 1,65.0,74.8,983.0,2013-09-13,2013-09-19,6.2,Landfall,Tropical Storm,18.2,-103.2,60.0,2013-09-13,0,0.019814614666420205,14.15999984741211,0.020201885500272354,0.14453557162535888,-0.24773463988069178,-0.0044355201577258585,1.2208758301382907,-0.0006468457921130558
2013281N12098,Phailin (2013),2013.0,2013-0401-IND,nat-met-sto-tro,IND,Asia,0.0,47.0,0.0,13230000.0,13230000.0,0.0,0.0,633471.0,875447.0,72.3597374789251,Category 5,140.0,161.1,918.0,2013-10-07,2013-10-14,6.8,Landfall,Category 3,19.5,84.85,100.0,2013-10-07,0,-0.0034521265816565005,19.40999984741211,-0.004520404960220881,0.12106946666734562,-0.2688196235280499,-0.03873615955743459,1.2496589265015368,0.00357010978947319
2013255N19268,Ingrid (2013),2013.0,2013-0406-MEX,nat-met-sto-tro,MEX,Americas,0.0,23.0,0.0,50000.0,50000.0,230000.0,317856.0,1500000.0,2072976.0,72.3597374789251,Category 1,75.0,86.3,983.0,2013-09-12,2013-09-17,5.0,Landfall,Tropical Storm,23.7,-97.8,55.0,2013-09-12,0,0.018016265121713282,14.289999961853027,0.017171719454797563,0.15370790242058946,0.13392779938341626,-0.007392509088813171,1.2034340311205205,-0.003305629141851712
2013243N26122,Toraji (2013),2013.0,2013-0413-JPN,nat-met-sto-tro,JPN,Asia,0.0,1.0,19.0,4317.0,4336.0,0.0,0.0,2000.0,2764.0,72.3597374789251,Tropical Storm,50.0,57.5,985.0,2013-08-31,2013-09-05,5.2,Landfall,Tropical Depression,25.14,121.688,0.0,2013-09-03,3,-0.009698720665267335,16.610000610351562,-0.016558067720442993,0.13753402951576002,0.42593540094388915,-0.047619057974213286,1.2226626856062532,0.0008626707923495638
2013269N15118,Wutip (2013),2013.0,2013-0419-VNM,nat-met-sto-tro,VNM,Asia,0.0,31.0,330.0,1835255.0,1835585.0,0.0,0.0,663230.0,916573.0,72.3597374789251,Category 3,100.0,115.1,948.0,2013-09-25,2013-10-01,5.2,Landfall,Category 1,17.8267,105.833,75.0,2013-09-25,0,-0.018411457591685942,14.010000228881836,-0.024186191850179117,0.11333806513009885,-0.2333672135732645,-0.024186191850179117,1.2793112840292815,-0.005035040747393382
2013272N10135,Fitow (2013),2013.0,2013-0429-JPN,nat-met-sto-tro,JPN,Asia,0.0,0.0,0.0,4392.0,4392.0,0.0,0.0,0.0,0.0,72.3597374789251,Category 2,90.0,103.6,956.0,2013-09-29,2013-10-07,8.0,Landfall,Tropical Storm,27.1133,120.287,55.0,2013-09-30,1,-0.011298771458907009,16.600000381469727,-0.011420217983844183,0.11701596270589998,-0.21198277037857827,-0.03437112600569825,1.2394745869631203,-0.0002415817912777814
2018227N11145,Soulik (2018),2018.0,2018-0309-CHN,nat-met-sto-tro,CHN,Asia,0.0,0.0,0.0,0.0,0.0,0.0,0.0,79900.0,102439.0,77.9972651879547,Category 3,105.0,120.8,942.0,2018-08-15,2018-08-30,15.2,Landfall,Tropical Storm,34.55,126.25,50.0,2018-08-15,0,-0.012891484142609322,14.640000343322754,-0.0256410716216795,0.1145523497489823,0.17169100627077993,-0.0256410716216795,1.0987026299876954,0.0019890281163375996
2014275N06166,Vongfong (2014),2014.0,2014-0396-JPN,nat-met-sto-tro,JPN,Asia,0.0,9.0,94.0,1104.0,1198.0,0.0,0.0,100000.0,135992.0,73.5335770092672,Category 5,155.0,178.4,907.0,2014-10-01,2014-10-16,14.8,Landfall,Tropical Storm,31.375,130.35,50.0,2014-10-01,0,-0.026107445156661635,16.709999084472656,-0.02429699531390439,0.11016839388889882,0.4286143155319022,-0.03466588883442534,1.0155826803084984,0.0037611487703420755
2014334N02156,Hagupit (2014),2014.0,2014-0479-PHL,nat-met-sto-tro,PHL,Asia,8139.0,18.0,916.0,4149484.0,4150400.0,0.0,0.0,113878.0,154865.0,73.5335770092672,Category 5,155.0,178.4,907.0,2014-11-30,2014-12-12,12.2,Landfall,Category 3,11.9,125.325,100.0,2014-12-01,1,-0.004451277123523556,14.15999984741211,0.0008260291555328703,0.056318590680963274,0.3402718934055955,-0.006967590407231938,0.9754881935026426,0.02527253745889633
2015171N15112,Kujira (2015),2015.0,2015-0252-VNM,nat-met-sto-tro,VNM,Asia,0.0,7.0,0.0,0.0,115.0,0.0,0.0,0.0,0.0,73.6208029365864,Tropical Storm,50.0,57.5,985.0,2015-06-19,2015-06-25,5.2,Landfall,Tropical Storm,18.9,110.35,40.0,2015-06-19,0,0.008692006186345358,13.960000038146973,-0.007660722598894387,0.12656343699476064,0.11526436247182259,-0.016692942350244322,0.9394645130924688,0.010474577808612235
2015066S08170,Pam (2015),2015.0,2015-0093-PNG,nat-met-sto-tro,PNG,Oceania,0.0,0.0,0.0,9199.0,9199.0,0.0,0.0,0.0,0.0,73.6208029365864,Category 5,150.0,172.6,911.0,2015-03-07,2015-03-20,12.8,At Sea / Open Water,At Sea / Open Water,0.0,0.0,0.0,2015-03-09,2,-0.017123544913469013,15.0600004196167,-0.007745853897114352,0.08500437625005265,-0.017346165055392992,-0.007745853897114352,1.0693219487517356,0.010374937778448707
2015066S08170,Pam (2015),2015.0,2015-0093-SLB,nat-met-sto-tro,SLB,Oceania,0.0,0.0,0.0,44096.0,44096.0,0.0,0.0,0.0,0.0,73.6208029365864,Category 5,150.0,172.6,911.0,2015-03-07,2015-03-20,12.8,At Sea / Open Water,At Sea / Open Water,0.0,0.0,0.0,2015-03-09,2,-0.017123544913469013,15.0600004196167,-0.007745853897114352,0.08500437625005265,-0.017346165055392992,-0.007745853897114352,1.0693219487517356,0.010374937778448707
2015085N06162,Maysak (2015),2015.0,2015-0105-CHN,nat-met-sto-tro,CHN,Asia,0.0,6.0,0.0,12000.0,12000.0,0.0,0.0,209000.0,283887.0,73.6208029365864,Category 5,150.0,172.6,911.0,2015-03-25,2015-04-07,12.2,Landfall,Tropical Depression,16.7863,121.977,25.0,2015-03-25,0,-0.01796785820711133,15.4399995803833,-0.025526109324387813,0.16404141811245376,-0.3113690858014697,-0.0295428560707246,1.111521018866571,0.004911458437109115
2015068S14113,Olwyn (2015),2015.0,2015-0135-AUS,nat-met-sto-tro,AUS,Oceania,0.0,0.0,0.0,600.0,600.0,49000.0,66557.0,57000.0,77424.0,73.6208029365864,Category 2,90.0,103.6,956.0,2015-03-08,2015-03-14,6.1,Landfall,Category 1,-26.145,113.895,65.0,2015-03-09,1,-0.017123544913469013,15.0600004196167,-0.007745853897114352,0.08500437625005265,-0.017346165055392992,-0.007745853897114352,1.0693219487517356,0.010374937778448707
2015211N13162,Soudelor (2015),2015.0,2015-0339-MNP,nat-met-sto-tro,MNP,Oceania,0.0,0.0,10.0,350.0,360.0,0.0,0.0,0.0,0.0,73.6208029365864,Category 5,155.0,178.4,907.0,2015-07-29,2015-08-12,13.5,Landfall,Category 2,23.9,120.9,95.0,2015-07-29,0,-0.002838811346240422,12.5,-0.011336623518466538,0.137727233974172,-0.09237106862330802,-0.011336623518466538,1.0510327394430528,0.0015128276694448945
2015237N14315,Erika (2015),2015.0,2015-0375-HTI,nat-met-sto-tro,HTI,Americas,0.0,5.0,3.0,0.0,1969.0,0.0,0.0,0.0,0.0,73.6208029365864,Tropical Storm,45.0,51.8,1001.0,2015-08-24,2015-08-28,3.8,At Sea / Open Water,At Sea / Open Water,0.0,0.0,0.0,2015-08-24,0,-0.10014723751926946,40.7400016784668,-0.10553388326841162,0.22088785722679166,3.992923200070348,-0.11045616001549563,1.0520251509100538,-0.010005151016211099
2015263N14148,Dujuan (2015),2015.0,2015-0458-JPN,nat-met-sto-tro,JPN,Asia,0.0,0.0,0.0,0.0,0.0,0.0,0.0,0.0,0.0,73.6208029365864,Category 4,130.0,149.6,926.0,2015-09-19,2015-09-30,10.5,Landfall,Category 3,24.125,121.05,100.0,2015-09-21,2,0.007506676979835092,20.13999938964844,-0.0016435203436679924,0.317430534981564,0.4793140937313476,-0.029819156224413335,1.0275403703101522,0.016272888197825873
2015301N11065,Chapala (2015),2015.0,2015-0484-SOM,nat-met-sto-tro,SOM,Africa,0.0,0.0,0.0,4000.0,4000.0,0.0,0.0,0.0,0.0,73.6208029365864,Category 4,130.0,149.6,926.0,2015-10-27,2015-11-04,7.5,Landfall,Tropical Storm,14.1,48.4,60.0,2015-10-27,0,0.01718280489631585,15.43000030517578,0.009717030975731067,0.15451389423882195,0.19726150517138197,-0.009941954177254853,1.0094909871419078,0.001513227197053369
2016041S14170,Winston (2016),2016.0,2016-0041-TON,nat-met-sto-tro,TON,Oceania,0.0,0.0,0.0,0.0,0.0,0.0,0.0,0.0,0.0,74.5496029864344,Category 5,155.0,178.4,907.0,2016-02-09,2016-02-28,18.8,Landfall,Category 5,-17.4667,177.804,147.0,2016-02-09,0,-0.024873356523503642,26.540000915527344,-0.03043275261754197,0.254747657178032,0.9606456872142122,-0.08564991325619364,1.1073008526084758,-0.009666689155749392
2016138N10081,Roanu (2016),2016.0,2016-0175-BGD,nat-met-sto-tro,BGD,Asia,0.0,28.0,0.0,1083855.0,1203555.0,0.0,0.0,600000.0,804833.0,74.5496029864344,Tropical Storm,60.0,69.0,978.0,2016-05-17,2016-05-22,5.0,Landfall,Tropical Storm,23.0,92.0,40.0,2016-05-17,0,-0.01727030855879208,15.56999969482422,-0.02264946879574037,0.1288222120255761,0.21061930428636444,-0.034613625058819264,1.2633453417908342,0.010671298086219437
2016266N11144,Megi (2016),2016.0,2016-0350-TWN,nat-met-sto-tro,TWN,Asia,0.0,7.0,160.0,0.0,160.0,0.0,0.0,110000.0,147553.0,74.5496029864344,Category 4,120.0,138.1,933.0,2016-09-22,2016-09-29,7.8,Landfall,Category 2,23.8963,121.035,90.0,2016-09-22,0,0.013921332427239363,12.020000457763672,0.005614404156442099,0.1266798530710722,-0.44109513220740426,-0.01935194683765873,1.0354392054489947,-0.010668257400521304
2016228N22117,Dianmu (2016),2016.0,2016-0379-CHN,nat-met-sto-tro,CHN,Asia,0.0,0.0,0.0,40000.0,40000.0,0.0,0.0,0.0,0.0,74.5496029864344,Tropical Storm,45.0,51.8,989.0,2016-08-15,2016-08-20,4.8,Landfall,Tropical Depression,20.6784,110.11,27.0,2016-08-15,0,0.004769267560806423,11.8100004196167,-0.0012477405921346163,0.09926348651391245,-0.41634812224979867,-0.0020771754733186487,1.4445609629469398,0.003276217530971684
2023140N05149,Mawar (2023),2023.0,2023-0300-PHL,nat-met-sto-tro,PHL,Asia,0.0,1.0,1.0,30500.0,30501.0,0.0,0.0,0.0,0.0,94.6446220103845,Category 5,159.0,183.0,897.0,2023-05-20,2023-06-03,14.2,At Sea / Open Water,At Sea / Open Water,0.0,0.0,0.0,2023-05-22,2,0.013994856779278475,17.209999084472656,0.015547144456411255,0.19634595454794912,0.06256530707499586,-0.015375484852212296,1.3232997858678486,-0.021538301808656145
2016323N13279,Otto (2016),2016.0,2016-0433-NIC,nat-met-sto-tro,NIC,Americas,0.0,0.0,0.0,10570.0,10570.0,0.0,0.0,0.0,0.0,74.5496029864344,Category 3,100.0,115.1,975.0,2016-11-17,2016-11-26,8.8,Landfall,Category 3,11.0,-83.8,100.0,2016-11-17,0,0.009543159820688984,13.350000381469728,0.025450897333974654,0.23631618637994167,-0.5922105816405288,-0.0018019896072540842,1.1004637117161173,-0.0014316205593043127
2017253N14130,Doksuri (2017),2017.0,2017-0406-PHL,nat-met-sto-tro,PHL,Asia,0.0,26.0,0.0,7465.0,9110.0,0.0,0.0,5300.0,6961.0,76.1376037057766,Category 2,95.0,109.3,960.0,2017-09-10,2017-09-16,6.2,Landfall,Tropical Depression,14.4994,121.278,30.0,2017-09-11,1,0.005527694612103895,10.729999542236328,-0.010093070985295993,0.15718034533196953,0.7398807574182462,-0.022718323253803963,1.0165258194321791,0.019149805417496668
2017082S14152,Debbie (2017),2017.0,2017-0105-AUS,nat-met-sto-tro,AUS,Oceania,0.0,12.0,0.0,45000.0,45000.0,1400000.0,1838776.0,2700000.0,3546211.0,76.1376037057766,Category 4,115.0,132.3,937.0,2017-03-23,2017-04-01,8.8,Landfall,Category 1,-20.375,148.45,80.0,2017-03-23,0,-0.014390610740387721,13.119999885559082,-0.04543978801611237,0.16874632469493162,-0.04476783995284295,-0.0628366919000245,1.7463509650837363,-0.001590531939517515
2017147N14087,Mora (2017),2017.0,2017-0152-MMR,nat-met-sto-tro,MMR,Asia,0.0,0.0,0.0,107520.0,107520.0,0.0,0.0,0.0,0.0,76.1376037057766,Category 1,80.0,92.1,963.0,2017-05-27,2017-05-30,3.5,Landfall,Category 1,21.8988,91.9716,67.0,2017-05-30,3,0.008266338907300108,10.380000114440918,0.0017086343382171076,0.13702185257558092,-0.4116812049218319,-0.0180067121672024,1.692629278072039,-0.014544162109101987
2017236N15129,Pakhar (2017),2017.0,2017-0485-MAC,nat-met-sto-tro,MAC,Asia,0.0,0.0,0.0,0.0,0.0,0.0,0.0,0.0,0.0,76.1376037057766,Tropical Storm,60.0,69.0,983.0,2017-08-24,2017-08-28,4.0,Landfall,Tropical Storm,16.3866,121.754,40.0,2017-08-24,0,0.003702465763476326,12.229999542236328,0.005282413725452351,0.1226183891668318,-0.5944923257249739,-0.02560058205932292,0.9135615682966659,-0.014721562982501366
2017232N19130,Hato (2017),2017.0,2017-0352-CHN,nat-met-sto-tro,CHN,Asia,0.0,8.0,373.0,0.0,22273.0,250000.0,328353.0,3500000.0,4596940.0,76.1376037057766,Category 3,100.0,115.1,948.0,2017-08-19,2017-08-25,5.5,Landfall,Category 2,22.175,112.85,85.0,2017-08-21,2,-0.014764198245264426,13.1899995803833,-0.02074185973100251,0.12752121790910495,-0.08945705628738154,-0.03308355421040865,0.9179142826101836,-0.0022377825627731725
2017228N14314,Harvey (2017),2017.0,2017-0362-USA,nat-met-sto-tro,USA,Americas,0.0,88.0,24.0,555000.0,582024.0,30000000.0,39402343.0,95000000.0,124774087.0,76.1376037057766,Category 4,115.0,132.3,937.0,2017-08-16,2017-09-02,17.2,Landfall,Tropical Depression,18.6,-87.8,25.0,2017-08-16,0,-0.0012537696700782863,11.739999771118164,-0.009493635001007639,0.1121175476896905,-0.24658878605020718,-0.01378461422478594,0.8581315519591022,-0.0037103912528822537
2017242N16333,Irma (2017),2017.0,2017-0381-AIA,nat-met-sto-tro,AIA,Americas,0.0,4.0,0.0,15000.0,15000.0,6700.0,8800.0,200000.0,262682.0,76.1376037057766,Category 5,155.0,178.4,914.0,2017-08-30,2017-09-13,14.5,Landfall,Category 3,25.9,-81.7,100.0,2017-08-30,0,0.00592896952370392,11.220000267028809,-0.0028292830153423543,0.11938939543280061,-0.03923775083509273,-0.028357433782661978,0.8959315420553505,-0.03515488329170203
2017242N16333,Irma (2017),2017.0,2017-0381-CUB,nat-met-sto-tro,CUB,Americas,0.0,10.0,0.0,10000000.0,10000000.0,200000.0,262682.0,540000.0,709242.0,76.1376037057766,Category 5,155.0,178.4,914.0,2017-08-30,2017-09-13,14.5,Landfall,Category 3,25.9,-81.7,100.0,2017-08-30,0,0.00592896952370392,11.220000267028809,-0.0028292830153423543,0.11938939543280061,-0.03923775083509273,-0.028357433782661978,0.8959315420553505,-0.03515488329170203
2017242N16333,Irma (2017),2017.0,2017-0381-SXM,nat-met-sto-tro,SXM,Americas,0.0,4.0,40.0,5000.0,5040.0,500000.0,656706.0,2500000.0,3283529.0,76.1376037057766,Category 5,155.0,178.4,914.0,2017-08-30,2017-09-13,14.5,Landfall,Category 3,25.9,-81.7,100.0,2017-08-30,0,0.00592896952370392,11.220000267028809,-0.0028292830153423543,0.11938939543280061,-0.03923775083509273,-0.028357433782661978,0.8959315420553505,-0.03515488329170203
2017260N12310,Maria (2017),2017.0,2017-0383-DOM,nat-met-sto-tro,DOM,Americas,0.0,5.0,0.0,26000.0,26000.0,0.0,0.0,63000.0,82745.0,76.1376037057766,Category 5,150.0,172.6,908.0,2017-09-16,2017-10-02,16.0,Landfall,Category 4,18.0,-65.9,135.0,2017-09-18,2,0.007019417295161201,10.149999618530272,0.026285224335396817,0.14763943323134854,-0.39963195222199643,0.0,1.0190598601978167,0.01679147625203239
2017249N22263,Katia (2017),2017.0,2017-0392-MEX,nat-met-sto-tro,MEX,Americas,0.0,3.0,0.0,1110.0,1110.0,0.0,0.0,0.0,0.0,76.1376037057766,Category 2,90.0,103.6,972.0,2017-09-05,2017-09-09,4.0,Landfall,Category 1,20.6,-97.1,65.0,2017-09-05,0,0.006092180599663433,12.229999542236328,-0.016632840389051773,0.1370428811470966,1.646955482652678,-0.041139293344973016,0.9751427034375839,0.007702408815504356
2017253N14130,Doksuri (2017),2017.0,2017-0406-THA,nat-met-sto-tro,THA,Asia,0.0,0.0,0.0,28500.0,28500.0,0.0,0.0,0.0,0.0,76.1376037057766,Category 2,95.0,109.3,960.0,2017-09-10,2017-09-16,6.2,Landfall,Tropical Depression,14.4994,121.278,30.0,2017-09-11,1,0.005527694612103895,10.729999542236328,-0.010093070985295993,0.15718034533196953,0.7398807574182462,-0.022718323253803963,1.0165258194321791,0.019149805417496668
2017236N15129,Pakhar (2017),2017.0,2017-0485-PHL,nat-met-sto-tro,PHL,Asia,0.0,0.0,0.0,3400.0,3400.0,0.0,0.0,0.0,0.0,76.1376037057766,Tropical Storm,60.0,69.0,983.0,2017-08-24,2017-08-28,4.0,Landfall,Tropical Storm,16.3866,121.754,40.0,2017-08-24,0,0.003702465763476326,12.229999542236328,0.005282413725452351,0.1226183891668318,-0.5944923257249739,-0.02560058205932292,0.9135615682966659,-0.014721562982501366
2017333N06082,Ockhi (2017),2017.0,2017-0508-IND,nat-met-sto-tro,IND,Asia,0.0,884.0,0.0,60000.0,60000.0,0.0,0.0,0.0,0.0,76.1376037057766,Category 3,100.0,115.1,948.0,2017-11-28,2017-12-05,7.0,Landfall,Tropical Depression,6.1,80.6667,30.0,2017-11-28,0,0.017692829303877833,10.029999732971191,0.02283104358864496,0.12015449482034125,1.4553252120207536,-0.00037165973322583756,1.332011671272598,0.03446457840618194
2018010S10069,Berguitta (2018),2018.0,2018-0029-MUS,nat-met-sto-tro,MUS,Africa,0.0,0.0,0.0,30000.0,30000.0,0.0,0.0,0.0,0.0,77.9972651879547,Category 3,105.0,120.8,950.0,2018-01-10,2018-01-24,14.2,At Sea / Open Water,At Sea / Open Water,0.0,0.0,0.0,2018-01-10,0,0.013495136334922941,9.81999969482422,0.027075053303986518,0.1046479523780475,0.1364473466863012,0.0,0.8593147374270331,0.001606351069539224
2018146N19273,Alberto (2018),2018.0,2018-0170-CUB,nat-met-sto-tro,CUB,Americas,0.0,9.0,0.0,40000.0,40000.0,0.0,0.0,0.0,0.0,77.9972651879547,Tropical Storm,55.0,63.3,990.0,2018-05-25,2018-05-31,6.0,Landfall,Tropical Storm,30.3,-86.0,40.0,2018-05-25,0,0.00302207963306822,13.220000267028809,-0.003577713512845526,0.12153824748977393,0.18175860711054193,-0.017289901509375483,1.0780690426590467,-0.020947468545784664
2018199N18128,Ampil (2018),2018.0,2018-0287-CHN,nat-met-sto-tro,CHN,Asia,0.0,1.0,0.0,18000.0,18000.0,0.0,0.0,240000.0,307703.0,77.9972651879547,Tropical Storm,55.0,63.3,982.0,2018-07-17,2018-07-26,8.8,Landfall,Tropical Storm,31.825,121.825,55.0,2018-07-17,0,0.005629510345311228,12.0600004196167,0.011405370363383405,0.13785861868611873,0.08274581257339952,0.0,1.058467619175208,0.014977386906847074
2018221N17112,Bebinca (2018),2018.0,2018-0305-CHN,nat-met-sto-tro,CHN,Asia,0.0,2.0,0.0,0.0,300.0,0.0,0.0,188000.0,241034.0,77.9972651879547,Tropical Storm,60.0,69.0,979.0,2018-08-09,2018-08-17,8.8,Landfall,Tropical Depression,21.6512,112.222,20.0,2018-08-09,0,0.009490562807761949,11.270000457763672,0.012159984426988846,0.12129232788745908,-0.23409173325819777,-0.005971273610513417,1.0695453932138093,-0.0029244574383057603
2018239N11161,Jebi (2018),2018.0,2018-0326-JPN,nat-met-sto-tro,JPN,Asia,0.0,17.0,600.0,3300.0,3900.0,9000000.0,11538866.0,12500000.0,16026203.0,77.9972651879547,Category 5,155.0,178.4,907.0,2018-08-26,2018-09-07,11.5,Landfall,Category 2,33.7833,134.593,90.0,2018-08-27,1,0.014387155024826015,12.15999984741211,0.012738758947139939,0.1136819561787557,0.738704385816056,0.0,0.9598774055558076,-0.005340620411086471
2018362S13147,Penny (2019),2019.0,2018-0469-MHL,nat-met-sto-tro,MHL,Oceania,0.0,0.0,0.0,0.0,0.0,0.0,0.0,0.0,0.0,79.4107846043372,Tropical Storm,55.0,63.3,987.0,2018-12-28,2019-01-09,12.5,Landfall,Tropical Depression,-13.2863,143.334,25.0,2018-12-28,0,0.008199975705832419,28.34000015258789,0.014405381932967254,0.2732097850464884,-0.2865762323520864,-0.12538358101447622,0.8903743959957405,0.005846863029726944
2018279N11069,Luban (2018),2018.0,2018-0394-OMN,nat-met-sto-tro,OMN,Asia,0.0,0.0,0.0,0.0,0.0,0.0,0.0,0.0,0.0,77.9972651879547,Category 2,85.0,97.8,959.0,2018-10-05,2018-10-15,9.2,Landfall,Tropical Storm,15.85,52.15,35.0,2018-10-05,0,-0.00997571812010345,14.81999969482422,0.015228425582460181,0.12289860429949796,-0.1249900308329408,-0.02952986082824116,0.8359985140036147,-0.021594299983449826
2018271N06154,Kong-Rey (2018),2018.0,2018-0424-JPN,nat-met-sto-tro,JPN,Asia,0.0,3.0,0.0,4200.0,4200.0,0.0,0.0,0.0,0.0,77.9972651879547,Category 5,150.0,172.6,906.0,2018-09-27,2018-10-07,10.0,Landfall,Tropical Storm,34.775,128.25,60.0,2018-09-27,0,-0.005361752767640282,12.40999984741211,-0.03403549079763535,0.11192290320783511,-0.2681327214517125,-0.03403549079763535,0.9231216626238699,0.013657044628361077
2020015S12170,Tino (2020),2020.0,2020-0015-TUV,nat-met-sto-tro,TUV,Oceania,0.0,0.0,0.0,5500.0,5500.0,0.0,0.0,0.0,0.0,80.3903830082114,Category 2,85.0,97.8,955.0,2020-01-15,2020-01-20,5.5,At Sea / Open Water,At Sea / Open Water,0.0,0.0,0.0,2020-01-15,0,0.011527426588770817,12.420000076293944,-0.001952638895211023,0.08689443703845835,-0.13570484462104881,-0.01319181650385437,1.1827552101440872,-0.009134790163248772
2019112S10053,Kenneth (2019),2019.0,2019-0165-TZA,nat-met-sto-tro,TZA,Africa,0.0,0.0,0.0,2000000.0,2000000.0,0.0,0.0,0.0,0.0,79.4107846043372,Category 4,125.0,143.8,934.0,2019-04-21,2019-04-28,6.5,Landfall,Category 3,-12.1612,40.4524,97.0,2019-04-22,1,0.0003789024494165183,12.420000076293944,0.004421592869995328,0.13393072277279924,-0.5353277181439625,-0.005835386586890645,1.073425633047879,0.013099275476498865
2021222N14301,Fred (2021),2021.0,2021-0510-HTI,nat-met-sto-tro,HTI,Americas,0.0,0.0,0.0,0.0,0.0,0.0,0.0,0.0,0.0,84.1669829572524,Tropical Storm,55.0,63.3,991.0,2021-08-09,2021-08-20,10.5,Landfall,Tropical Storm,18.4,-70.1,40.0,2021-08-09,0,0.01037501204145208,16.719999313354492,0.03914579642855709,0.20342501829599738,0.008945175341826817,0.0,1.3691286875002717,-0.001288934739497597
2019195N13136,Danas (2019),2019.0,2019-0349-PHL,nat-met-sto-tro,PHL,Asia,0.0,4.0,0.0,2000.0,2000.0,0.0,0.0,377440.0,475301.0,79.4107846043372,Tropical Storm,45.0,51.8,984.0,2019-07-14,2019-07-23,9.2,Landfall,Tropical Depression,36.0031,126.732,22.0,2019-07-15,1,0.013240163708826413,12.68000030517578,0.004996466674549449,0.10929051729224269,0.07834380123788831,-0.0056496264365301085,0.9912899378857796,0.0037117981122328624
2019236N08143,Podul (2019),2019.0,2019-0434-PHL,nat-met-sto-tro,PHL,Asia,0.0,2.0,2.0,61500.0,61502.0,0.0,0.0,0.0,0.0,79.4107846043372,Tropical Storm,40.0,46.0,993.0,2019-08-24,2019-08-31,6.8,Landfall,Tropical Depression,16.275,120.425,25.0,2019-08-26,2,-0.014812027032495623,19.31999969482422,-0.01825622180851838,0.27020555904642996,-0.10763570658290189,-0.07185634199136026,1.0723603401011386,0.0008036414270111616
2019260N20129,Tapah (2019),2019.0,2019-0443-KOR,nat-met-sto-tro,KOR,Asia,0.0,2.0,0.0,83370.0,83370.0,0.0,0.0,0.0,0.0,79.4107846043372,Category 1,65.0,74.8,967.0,2019-09-17,2019-09-23,6.5,At Sea / Open Water,At Sea / Open Water,0.0,0.0,0.0,2019-09-17,0,0.009358483686652486,14.4399995803833,0.016452316274174317,0.16994161598605956,-0.4729333596423012,-0.002456943585987026,1.108296039422787,-0.0011395726704360436
2019272N14261,Narda (2019),2019.0,2019-0450-MEX,nat-met-sto-tro,MEX,Americas,0.0,2.0,0.0,1000.0,1000.0,0.0,0.0,0.0,0.0,79.4107846043372,Tropical Storm,45.0,51.8,997.0,2019-09-28,2019-10-01,2.8,Landfall,Tropical Storm,18.0,-102.0,40.0,2019-09-30,2,-0.004828648363179755,16.239999771118164,-0.004621509704447635,0.12492837356844418,-0.1456794120684506,-0.013227532183453072,1.101530348130174,-0.010589394826870331
2019278N16165,Hagibis (2019),2019.0,2019-0492-JPN,nat-met-sto-tro,JPN,Asia,0.0,99.0,470.0,390000.0,390470.0,10000000.0,12592748.0,17000000.0,21407672.0,79.4107846043372,Category 5,160.0,184.1,890.0,2019-10-04,2019-10-14,10.2,Landfall,Category 1,35.575,139.425,75.0,2019-10-04,0,-0.0035546551289766803,17.040000915527344,-0.021731558820274777,0.15775980959838026,-0.4454432603094013,-0.03225838417806404,1.127765543595707,-0.00047553405901724303
2019329N09160,Kammuri (2019),2019.0,2019-0573-PHL,nat-met-sto-tro,PHL,Asia,0.0,4.0,318.0,2305075.0,2647558.0,0.0,0.0,109151.0,137451.0,79.4107846043372,Category 4,120.0,138.1,938.0,2019-11-24,2019-12-06,12.0,Landfall,Category 4,13.0068,124.094,117.0,2019-11-25,1,0.004326384247790527,11.869999885559082,0.010063645408382449,0.08131057250369285,0.969069004146931,0.0,1.1772771586696862,-0.004579608303851231
2023037S12119,Freddy (2023),2023.0,2023-0095-MOZ,nat-met-sto-tro,MOZ,Africa,0.0,183.0,698.0,1230691.0,1231389.0,0.0,0.0,0.0,0.0,94.6446220103845,Category 5,138.0,158.8,924.0,2023-02-06,2023-02-24,18.0,Landfall,Category 2,-21.1,48.3,89.0,2023-02-06,0,0.023066069229040975,19.43000030517578,0.014139182239331527,0.1341734665745008,0.02147808197499601,-0.0021819533185351014,0.8093148308233918,0.0030972141992421758
2020015S12170,Tino (2020),2020.0,2020-0015-FJI,nat-met-sto-tro,FJI,Oceania,0.0,2.0,0.0,3115.0,3115.0,0.0,0.0,0.0,0.0,80.3903830082114,Category 2,85.0,97.8,955.0,2020-01-15,2020-01-20,5.5,At Sea / Open Water,At Sea / Open Water,0.0,0.0,0.0,2020-01-15,0,0.011527426588770817,12.420000076293944,-0.001952638895211023,0.08689443703845835,-0.13570484462104881,-0.01319181650385437,1.1827552101440872,-0.009134790163248772
2020154N19269,Cristobal (2020),2020.0,2020-0219-MEX,nat-met-sto-tro,MEX,Americas,0.0,0.0,0.0,606.0,606.0,0.0,0.0,0.0,0.0,80.3903830082114,Tropical Storm,50.0,57.5,982.0,2020-06-01,2020-06-12,10.5,Landfall,Tropical Storm,18.5797,-91.9762,48.0,2020-06-01,0,0.034219927469697264,28.229999542236328,0.08029200420047111,0.4111535364712534,0.4000239460415862,-0.01579374955099877,1.2816225761395281,0.05518978735078055
2020213N15131,Hagupit (2020),2020.0,2020-0308-KOR,nat-met-sto-tro,KOR,Asia,0.0,26.0,7.0,1000.0,1007.0,0.0,0.0,0.0,0.0,80.3903830082114,Category 1,75.0,86.3,971.0,2020-07-30,2020-08-12,12.5,Landfall,Tropical Storm,28.2375,120.864,62.0,2020-07-30,0,0.0030966143894732845,24.760000228881836,-0.012741617367315716,0.23276877862058654,0.08170710452138685,-0.017988579178000008,1.5139845209634126,-0.035972523574641944
2020213N15131,Hagupit (2020),2020.0,2020-0308-TWN,nat-met-sto-tro,TWN,Asia,0.0,1.0,1.0,0.0,1.0,0.0,0.0,0.0,0.0,80.3903830082114,Category 1,75.0,86.3,971.0,2020-07-30,2020-08-12,12.5,Landfall,Tropical Storm,28.2375,120.864,62.0,2020-07-30,0,0.0030966143894732845,24.760000228881836,-0.012741617367315716,0.23276877862058654,0.08170710452138685,-0.017988579178000008,1.5139845209634126,-0.035972523574641944
2020281N14126,Linfa (2020),2020.0,2020-0411-THA,nat-met-sto-tro,THA,Asia,0.0,6.0,0.0,274923.0,274923.0,0.0,0.0,0.0,0.0,80.3903830082114,Tropical Storm,40.0,46.0,999.0,2020-10-06,2020-10-12,5.5,Landfall,Tropical Depression,13.8,124.257,0.0,2020-10-06,0,0.007702249721075027,29.479999542236328,0.02947357392233929,0.21894806155104962,0.6601609741074312,-0.018583700973950457,0.641826793157301,-0.0058149477364567055
2020285N17120,Nangka (2020),2020.0,2020-0425-CHN,nat-met-sto-tro,CHN,Asia,0.0,6.0,0.0,0.0,0.0,0.0,0.0,14000.0,17415.0,80.3903830082114,Tropical Storm,50.0,57.5,989.0,2020-10-11,2020-10-14,3.6,Landfall,Tropical Storm,19.075,110.475,50.0,2020-10-12,1,0.03729113426762898,25.06999969482422,0.032793368244260934,0.2196217426385986,-0.22033484010816184,0.0,0.6522912430819074,-0.015994503251766417
2020285N17120,Nangka (2020),2020.0,2020-0425-VNM,nat-met-sto-tro,VNM,Asia,0.0,2.0,0.0,67855.0,70780.0,0.0,0.0,0.0,0.0,80.3903830082114,Tropical Storm,50.0,57.5,989.0,2020-10-11,2020-10-14,3.6,Landfall,Tropical Storm,19.075,110.475,50.0,2020-10-12,1,0.03729113426762898,25.06999969482422,0.032793368244260934,0.2196217426385986,-0.22033484010816184,0.0,0.6522912430819074,-0.015994503251766417
2020258N11127,Noul (2020),2020.0,2020-0462-KHM,nat-met-sto-tro,KHM,Asia,0.0,0.0,0.0,0.0,0.0,0.0,0.0,0.0,0.0,80.3903830082114,Tropical Storm,50.0,57.5,990.0,2020-09-14,2020-09-19,5.0,Landfall,Tropical Depression,12.5451,124.595,10.0,2020-09-14,0,-0.011997887317812594,25.850000381469727,-0.00949020280560875,0.20459323251402617,-0.5407878097843941,-0.017261941848671025,0.8648417863108061,-0.013441064987711256
2020299N11144,Goni (2020),2020.0,2020-0463-PHL,nat-met-sto-tro,PHL,Asia,0.0,31.0,399.0,3355995.0,3356394.0,0.0,0.0,503294.0,626062.0,80.3903830082114,Category 5,170.0,195.6,884.0,2020-10-25,2020-11-06,12.0,Landfall,Category 5,13.5767,124.313,150.0,2020-10-26,1,-0.0076606943553768625,32.459999084472656,0.0028443441774705924,0.2024314623717502,0.2564865430691572,-0.03253619091077431,0.7386909600522995,0.00501038503044662
2020306N15288,Eta (2020),2020.0,2020-0474-CRI,nat-met-sto-tro,CRI,Americas,0.0,0.0,0.0,25000.0,25000.0,0.0,0.0,0.0,0.0,80.3903830082114,Category 4,130.0,149.6,922.0,2020-10-31,2020-11-14,13.2,Landfall,Category 4,13.8,-83.5,120.0,2020-11-02,2,-0.027078157723650742,37.130001068115234,-0.014992005294884536,0.22609480732121076,0.20588502104041284,-0.04704041345924914,0.7478233624516788,0.05589620825120762
2020306N15288,Eta (2020),2020.0,2020-0474-GTM,nat-met-sto-tro,GTM,Americas,0.0,160.0,30.0,2415858.0,2415888.0,0.0,0.0,386000.0,480157.0,80.3903830082114,Category 4,130.0,149.6,922.0,2020-10-31,2020-11-14,13.2,Landfall,Category 4,13.8,-83.5,120.0,2020-11-02,2,-0.027078157723650742,37.130001068115234,-0.014992005294884536,0.22609480732121076,0.20588502104041284,-0.04704041345924914,0.7478233624516788,0.05589620825120762
2020306N15288,Eta (2020),2020.0,2020-0474-HND,nat-met-sto-tro,HND,Americas,0.0,110.0,0.0,4566584.0,4566584.0,0.0,0.0,0.0,0.0,80.3903830082114,Category 4,130.0,149.6,922.0,2020-10-31,2020-11-14,13.2,Landfall,Category 4,13.8,-83.5,120.0,2020-11-02,2,-0.027078157723650742,37.130001068115234,-0.014992005294884536,0.22609480732121076,0.20588502104041284,-0.04704041345924914,0.7478233624516788,0.05589620825120762
2020326N11063,Gati (2020),2020.0,2020-0487-SOM,nat-met-sto-tro,SOM,Africa,0.0,9.0,0.0,120000.0,120000.0,0.0,0.0,0.0,0.0,80.3903830082114,Category 3,100.0,115.1,967.0,2020-11-20,2020-11-24,4.0,Landfall,Category 1,10.385,51.0137,77.0,2020-11-20,0,-0.007735127240363737,23.700000762939453,0.005549256999199281,0.380342087351004,-0.11230064088044445,-0.016286639730373476,0.8662011525861154,0.009348316203277956
2020318N16289,Iota (2020),2020.0,2020-0495-SLV,nat-met-sto-tro,SLV,Americas,0.0,1.0,0.0,0.0,0.0,0.0,0.0,0.0,0.0,80.3903830082114,Category 4,135.0,155.4,917.0,2020-11-12,2020-11-18,6.0,Landfall,Category 4,13.6,-83.5,125.0,2020-11-12,0,0.008480181888621097,25.350000381469727,0.056836104966980994,0.37798100500700477,-0.04865617365484676,-0.020626334307287997,0.8454714594105854,0.02027546119280289
2021012S12086,Eloise (2021),2021.0,2021-0036-ZAF,nat-met-sto-tro,ZAF,Africa,0.0,4.0,0.0,3200.0,3200.0,0.0,0.0,0.0,0.0,84.1669829572524,Category 2,90.0,103.6,968.0,2021-01-11,2021-01-27,16.0,Landfall,Tropical Storm,-15.1785,50.5321,47.0,2021-01-11,0,0.02684446109580141,24.079999923706055,0.06671240195446582,0.21239404362416636,0.20184427317499987,0.0,1.1129261496941456,0.00011754974847912562
2021058S16149,Niran (2021),2021.0,2021-0125-AUS,nat-met-sto-tro,AUS,Oceania,0.0,0.0,0.0,6000.0,6000.0,0.0,0.0,155000.0,184158.0,84.1669829572524,Category 5,140.0,161.1,917.0,2021-02-27,2021-03-07,8.8,At Sea / Open Water,At Sea / Open Water,0.0,0.0,0.0,2021-03-01,2,0.006588426431389349,23.350000381469727,0.01864903284686048,0.20653690133002095,0.025185726723110147,-0.0068552484673550795,1.0531841841756946,0.045858047372623834
2021102N06144,Surigae (2021),2021.0,2021-0236-PHL,nat-met-sto-tro,PHL,Asia,0.0,9.0,0.0,15000.0,15000.0,0.0,0.0,20000.0,23762.0,84.1669829572524,Category 5,170.0,195.6,882.0,2021-04-11,2021-04-30,19.2,At Sea / Open Water,At Sea / Open Water,0.0,0.0,0.0,2021-04-12,1,0.012993415099296746,16.90999984741211,0.016119728486550633,0.15221110266211174,-0.14201777539210703,0.0,0.7893506420327281,-0.006845792216782275
2021133N10071,Tauktae (2021),2021.0,2021-0252-IND,nat-met-sto-tro,IND,Asia,0.0,198.0,153.0,700000.0,700153.0,0.0,0.0,1400000.0,1663360.0,84.1669829572524,Category 4,120.0,138.1,931.0,2021-05-13,2021-05-19,6.0,Landfall,Category 3,20.9,71.2,110.0,2021-05-13,0,-0.020974973068370373,23.1299991607666,-0.007716773496460605,0.1806550295639422,0.5434600499851152,-0.01296949728301422,0.7098217299487068,-0.010795662175249549
2021143N15090,Yaas (2021),2021.0,2021-0295-IND,nat-met-sto-tro,IND,Asia,0.0,19.0,0.0,1625000.0,1625000.0,0.0,0.0,3000000.0,3564343.0,84.1669829572524,Category 1,65.0,74.8,974.0,2021-05-23,2021-05-27,4.8,Landfall,Tropical Storm,21.5,86.9,55.0,2021-05-24,1,0.008784070211383277,18.399999618530273,-0.005006608234226273,0.16159430497633556,-0.2778112129024908,-0.005006608234226273,0.6808297273803929,0.011370245893773319
2021161N18115,Koguma (2021),2021.0,2021-0327-VNM,nat-met-sto-tro,VNM,Asia,0.0,1.0,0.0,750.0,750.0,0.0,0.0,10000.0,11881.0,84.1669829572524,Tropical Storm,35.0,40.3,996.0,2021-06-10,2021-06-13,3.2,Landfall,Tropical Depression,18.375,110.025,25.0,2021-06-10,0,0.011557627892819555,16.100000381469727,-0.027365112241240386,0.13734432571541225,-0.020081089699785837,-0.0298936108075456,0.7219995892564864,-0.029895320053092693
2021176N15259,Enrique (2021),2021.0,2021-0359-MEX,nat-met-sto-tro,MEX,Americas,0.0,2.0,0.0,621.0,621.0,0.0,0.0,50000.0,59406.0,84.1669829572524,Category 1,80.0,92.1,972.0,2021-06-25,2021-06-30,5.2,At Sea / Open Water,At Sea / Open Water,0.0,0.0,0.0,2021-06-25,0,0.02817421126231867,15.619999885559082,0.052406599060596415,0.19161476394943266,-0.6858698054818744,-0.03622893229302937,0.9425972783940866,-0.015438873085611857
2021182N09317,Elsa (2021),2021.0,2021-0373-CUB,nat-met-sto-tro,CUB,Americas,0.0,0.0,0.0,0.0,0.0,0.0,0.0,0.0,0.0,84.1669829572524,Category 1,75.0,86.3,991.0,2021-06-30,2021-07-10,9.5,Landfall,Tropical Storm,22.2,-81.6,55.0,2021-06-30,0,0.012920187131781002,15.829999923706056,0.018035473943988745,0.19148757376931078,-0.11811647388808377,-0.042492273826069904,0.9605810118596806,-0.033945726339893026
2021182N09317,Elsa (2021),2021.0,2021-0373-USA,nat-met-sto-tro,USA,Americas,0.0,1.0,9.0,0.0,9.0,0.0,0.0,1200000.0,1425737.0,84.1669829572524,Category 1,75.0,86.3,991.0,2021-06-30,2021-07-10,9.5,Landfall,Tropical Storm,22.2,-81.6,55.0,2021-06-30,0,0.012920187131781002,15.829999923706056,0.018035473943988745,0.19148757376931078,-0.11811647388808377,-0.042492273826069904,0.9605810118596806,-0.033945726339893026
2021197N17135,In-Fa (2021),2021.0,2021-0498-CHN,nat-met-sto-tro,CHN,Asia,0.0,5.0,0.0,72000.0,72000.0,0.0,0.0,2000000.0,2376229.0,84.1669829572524,Category 2,95.0,109.3,951.0,2021-07-15,2021-07-31,15.5,Landfall,Tropical Storm,30.7487,121.072,37.0,2021-07-15,0,0.008888151366809094,17.010000228881836,0.026345260305130624,0.23547496072917803,-0.28110574528329524,-0.012139356835839776,1.0997381634421246,-0.01326500974832403
2021225N15313,Grace (2021),2021.0,2021-0528-MEX,nat-met-sto-tro,MEX,Americas,0.0,13.0,0.0,0.0,0.0,0.0,0.0,500000.0,594057.0,84.1669829572524,Category 3,105.0,120.8,967.0,2021-08-13,2021-08-21,8.2,Landfall,Tropical Storm,17.7,-71.4,35.0,2021-08-13,0,0.007751653114851154,15.449999809265137,0.019017441527627854,0.1958157746469993,-0.258325442055061,-0.007460668250435898,1.40509019623543,-0.015002751542472664
2021239N17281,Ida (2021),2021.0,2021-0551-USA,nat-met-sto-tro,USA,Americas,0.0,96.0,0.0,14000.0,14000.0,36000000.0,42772116.0,65000000.0,77227433.0,84.1669829572524,Category 4,130.0,149.6,929.0,2021-08-26,2021-09-04,9.2,Landfall,Category 1,22.4,-83.2,70.0,2021-08-26,0,0.01455043785823329,18.84000015258789,0.0274958385154076,0.14616298991478627,-0.21398533127184127,-0.009776280556830108,1.439881172275241,-0.027036195294707056
2021276N07131,Lionrock (2021),2021.0,2021-0664-HKG,nat-met-sto-tro,HKG,Asia,0.0,1.0,14.0,140.0,154.0,0.0,0.0,0.0,0.0,84.1669829572524,Tropical Storm,45.0,51.8,989.0,2021-10-02,2021-10-10,8.0,Landfall,Tropical Depression,10.0,125.0,15.0,2021-10-04,2,-0.03162845924554003,22.959999084472656,-0.023748153053893772,0.20077925434650928,0.18672154708348576,-0.023748153053893772,1.2381811812055878,0.003941041449371369
2021280N14137,Kompasu (2021),2021.0,2021-0670-HKG,nat-met-sto-tro,HKG,Asia,0.0,1.0,21.0,0.0,21.0,0.0,0.0,0.0,0.0,84.1669829572524,Tropical Storm,60.0,69.0,979.0,2021-10-07,2021-10-14,7.5,Landfall,Tropical Storm,19.0803,110.077,47.0,2021-10-07,0,0.022183718697240895,19.540000915527344,0.03463910639632628,0.21107676210235557,-0.2731027164743799,0.0,1.2258813646297069,-0.008156268147973024
2024123S09045,Hidaya (2024),2024.0,2024-0969-TZA,nat-met-sto-tro,TZA,Africa,0.0,5.0,0.0,7775.0,7775.0,0.0,0.0,185000.0,189868.0,97.436175616134,Category 1,80.0,92.1,974.0,2024-05-01,2024-05-04,3.0,Landfall,Tropical Storm,-7.68016,39.2101,49.0,2024-05-01,0,-0.010011685912197255,15.390000343322754,-0.018482417241653892,0.13001285266730295,0.6113553706839432,-0.033293317281525736,0.6007700251978285,0.0045571531948090105
2021296N13260,Rick (2021),2021.0,2021-0702-MEX,nat-met-sto-tro,MEX,Americas,0.0,0.0,0.0,150.0,150.0,0.0,0.0,10000.0,11881.0,84.1669829572524,Category 2,90.0,103.6,977.0,2021-10-22,2021-10-25,3.2,Landfall,Category 2,18.1,-102.1,85.0,2021-10-22,0,0.0162604409446796,15.43000030517578,0.028094057615384527,0.1755189729180707,-0.2902342191809434,0.0,1.1267364590873021,-0.0241055309760826
2022024S16044,Ana (2022),2022.0,2022-0052-MOZ,nat-met-sto-tro,MOZ,Africa,0.0,38.0,207.0,185429.0,185636.0,0.0,0.0,0.0,0.0,90.9026974595266,Tropical Storm,50.0,57.5,993.0,2022-01-23,2022-01-25,2.0,Landfall,Tropical Storm,-16.2274,39.6422,47.0,2022-01-24,1,-0.0535376093014478,29.899999618530273,-0.06171917855036646,0.19616370536830818,1.0848247684429135,-0.07508435171967431,0.9217073677871511,-0.0015253439169521932
2022181N15115,Chaba (2022),2022.0,2022-0397-CHN,nat-met-sto-tro,CHN,Asia,0.0,24.0,0.0,0.0,0.0,0.0,0.0,463000.0,509336.0,90.9026974595266,Category 1,74.0,85.2,969.0,2022-06-29,2022-07-02,2.8,Landfall,Tropical Storm,21.5826,111.003,60.0,2022-06-29,0,0.015892479932857917,28.15999984741211,0.01341425598339141,0.28437500137777716,0.3429046669359104,-0.09838516617991344,0.8483726196606757,-0.006057805033305403
2022179N08310,Bonnie (2022),2022.0,2022-0400-SLV,nat-met-sto-tro,SLV,Americas,0.0,1.0,0.0,100.0,100.0,0.0,0.0,0.0,0.0,90.9026974595266,Category 3,100.0,115.1,964.0,2022-06-27,2022-07-11,13.2,Landfall,Tropical Storm,10.7,-61.6,35.0,2022-06-27,0,0.062127671706705856,26.950000762939453,0.04758488655008475,0.2940648312280187,-0.5959831602639696,-0.0890694318754709,0.8610004286164724,0.0004177390857021644
2022287N13112,Sonca (2022),2022.0,2022-0676-VNM,nat-met-sto-tro,VNM,Asia,0.0,19.0,110.0,436868.0,436978.0,0.0,0.0,65000.0,71505.0,90.9026974595266,Tropical Storm,35.0,40.3,998.0,2022-10-14,2022-10-15,1.0,Landfall,Tropical Depression,15.5375,108.162,30.0,2022-10-14,0,-0.0142231630329267,32.02000045776367,0.0038846364584690374,0.3081617926202556,0.6736044111300772,-0.06764890369063936,0.9642696872513197,-0.006867852389632764
2023196N17119,Talim (2023),2023.0,2023-0450-PHL,nat-met-sto-tro,PHL,Asia,0.0,2.0,0.0,450.0,450.0,0.0,0.0,0.0,0.0,94.6446220103845,Category 1,70.0,80.6,971.0,2023-07-14,2023-07-18,3.8,Landfall,Category 1,21.2931,110.212,67.0,2023-07-14,0,0.024467099688047833,13.34000015258789,0.01964889166113526,0.1193062393823667,0.4199625545333201,-0.006670399835360108,1.0765221181482678,0.022539994502135157
2023061S22036,Freddy (2023),2023.0,2023-0095-MWI,nat-met-sto-tro,MWI,Africa,0.0,1209.0,2186.0,2267458.0,2269644.0,0.0,0.0,506710.0,535382.0,94.6446220103845,Category 3,99.0,113.9,957.0,2023-03-02,2023-03-14,11.8,Landfall,Category 2,-17.8,37.1,89.0,2023-03-02,0,-0.007113353305867598,19.59000015258789,-0.005613365458060682,0.11492515911031187,-0.093388199520275,-0.04243222691052839,0.7718010620884368,-0.04121870096809166
2023058S13171,Judy (2023),2023.0,2023-0119-VUT,nat-met-sto-tro,VUT,Oceania,0.0,0.0,0.0,251346.0,251346.0,0.0,0.0,0.0,0.0,94.6446220103845,Category 3,109.0,125.4,941.0,2023-02-27,2023-03-04,5.8,At Sea / Open Water,At Sea / Open Water,0.0,0.0,0.0,2023-02-27,0,-0.023400112504609938,20.950000762939453,-0.020335420255106484,0.12625236402418125,-0.1177270422236959,-0.036486393871851264,0.7563125436535586,-0.00243758907784814
2023061S14162,Kevin (2023),2023.0,2023-0128-VUT,nat-met-sto-tro,VUT,Oceania,0.0,0.0,0.0,251356.0,251356.0,0.0,0.0,0.0,0.0,94.6446220103845,Category 4,134.0,154.2,918.0,2023-03-01,2023-03-07,5.5,At Sea / Open Water,At Sea / Open Water,0.0,0.0,0.0,2023-03-01,0,-0.009534921899713056,20.579999923706055,0.0,0.11439306660962507,0.05553159162020527,-0.03783788326030224,0.7853752019361884,-0.026293850923038015
2023140N05149,Mawar (2023),2023.0,2023-0300-GUM,nat-met-sto-tro,GUM,Oceania,0.0,2.0,0.0,100000.0,100000.0,0.0,0.0,4300000.0,4543312.0,94.6446220103845,Category 5,159.0,183.0,897.0,2023-05-20,2023-06-03,14.2,At Sea / Open Water,At Sea / Open Water,0.0,0.0,0.0,2023-05-22,2,0.013994856779278475,17.209999084472656,0.015547144456411255,0.19634595454794912,0.06256530707499586,-0.015375484852212296,1.3232997858678486,-0.021538301808656145
2023170N11323,Bret (2023),2023.0,2023-0360-BRB,nat-met-sto-tro,BRB,Americas,0.0,0.0,0.0,179.0,179.0,0.0,0.0,0.0,0.0,94.6446220103845,Tropical Storm,60.0,69.0,996.0,2023-06-19,2023-06-24,5.5,At Sea / Open Water,At Sea / Open Water,0.0,0.0,0.0,2023-06-20,1,0.011535279477939975,13.880000114440918,0.005699616204463354,0.1429010123626559,0.505951532006941,-0.009542989182972472,1.0565399358090577,-0.005094115660983977
2023203N14132,Doksuri (2023),2023.0,2023-0464-TWN,nat-met-sto-tro,TWN,Asia,0.0,1.0,68.0,0.0,68.0,0.0,0.0,10000.0,10566.0,94.6446220103845,Category 4,128.0,147.3,926.0,2023-07-21,2023-07-28,6.8,Landfall,Category 2,24.7901,118.563,83.0,2023-07-21,0,0.006454696523574777,13.600000381469728,0.029488618075698136,0.10897172064198592,-0.35617325619786044,-0.0033919640457690248,1.0613562603702091,-0.012827444465835993
2023236N20125,Saola (2023),2023.0,2023-0568-CHN,nat-met-sto-tro,CHN,Asia,0.0,1.0,2.0,0.0,2.0,0.0,0.0,690000.0,729043.0,94.6446220103845,Category 4,134.0,154.2,921.0,2023-08-23,2023-09-03,10.8,Landfall,Category 2,21.9572,113.035,91.0,2023-08-23,0,0.007710875527844996,15.979999542236328,-0.006147526586588792,0.11812307282875277,-0.09908688722386905,-0.040960684508955514,0.8899329812203934,0.00046514960763590144
2023236N20125,Saola (2023),2023.0,2023-0568-PHL,nat-met-sto-tro,PHL,Asia,0.0,4.0,3.0,900000.0,900003.0,0.0,0.0,33000.0,34867.0,94.6446220103845,Category 4,134.0,154.2,921.0,2023-08-23,2023-09-03,10.8,Landfall,Category 2,21.9572,113.035,91.0,2023-08-23,0,0.007710875527844996,15.979999542236328,-0.006147526586588792,0.11812307282875277,-0.09908688722386905,-0.040960684508955514,0.8899329812203934,0.00046514960763590144
2023273N16134,Koinu (2023),2023.0,2023-0623-PHL,nat-met-sto-tro,PHL,Asia,0.0,0.0,0.0,275.0,275.0,0.0,0.0,0.0,0.0,94.6446220103845,Category 4,119.0,136.9,940.0,2023-09-29,2023-10-10,10.5,Landfall,Category 3,22.0,120.8,109.0,2023-09-29,0,-0.006830596083547413,17.520000457763672,-0.014557524579010162,0.1172735740682401,0.2679936576929258,-0.04832121530228661,0.7833648130131989,-0.00769421741574965
2023302N10267,Pilar (2023),2023.0,2023-0703-HND,nat-met-sto-tro,HND,Americas,0.0,1.0,0.0,0.0,0.0,0.0,0.0,0.0,0.0,94.6446220103845,Tropical Storm,55.0,63.3,995.0,2023-10-28,2023-11-07,10.0,At Sea / Open Water,At Sea / Open Water,0.0,0.0,0.0,2023-10-30,2,-0.011582508963285831,19.75,0.0003123529428967764,0.165042611543489,-0.12404115628191303,-0.05071191072433445,0.8548681554701802,0.01082560185705752
2023352N08127,Jelawat (2023),2023.0,2023-0842-PHL,nat-met-sto-tro,PHL,Asia,0.0,1.0,1.0,425866.0,425867.0,0.0,0.0,42.0,44.0,94.6446220103845,Tropical Storm,35.0,40.3,1002.0,2023-12-17,2023-12-19,2.0,Landfall,Tropical Depression,7.0975,126.265,27.0,2023-12-18,1,0.02574433367072415,12.5600004196167,0.030938597053399075,0.0926270435292493,0.3936475035054563,-0.002538659143645816,0.9793786749940735,-0.002272845234792171
2000056S17152,Steve (2000),2000.0,2000-0097-AUS,nat-met-sto-tro,AUS,Oceania,0.0,1.0,0.0,200.0,200.0,10000.0,18696.0,90000.0,168263.0,53.4877366816787,Category 1,65.0,74.8,995.0,2000-02-25,2000-03-11,15.9,Landfall,Tropical Storm,-16.6886,145.514,37.0,2000-02-25,0,-0.03581937633423016,25.200000762939453,-0.05654728224069405,0.26034061591349833,-0.006036217303822977,-0.14555247988104236,0.7145479152508457,0.014996890157322432
2000232N12116,Kaemi (2000),2000.0,2000-0518-VNM,nat-met-sto-tro,VNM,Asia,0.0,15.0,4.0,0.0,4.0,0.0,0.0,5000.0,9348.0,53.4877366816787,Tropical Storm,45.0,51.8,995.0,2000-08-18,2000-08-23,5.2,Landfall,Tropical Storm,16.0121,107.79,40.0,2000-08-18,0,0.01547592666508435,17.049999237060547,-0.011778392323664844,0.23163415170301938,0.09743382212911822,-0.024363982488313618,0.9166596560480915,-0.019216247223298906
2000240N22115,Maria (2000),2000.0,2000-0557-CHN,nat-met-sto-tro,CHN,Asia,0.0,47.0,0.0,46000.0,46000.0,0.0,0.0,169000.0,315960.0,53.4877366816787,Tropical Storm,55.0,63.3,995.0,2000-08-27,2000-09-02,6.5,Landfall,Tropical Storm,22.8227,114.884,47.0,2000-08-28,1,0.008409162560021777,16.540000915527344,0.001125910591314394,0.23143884368624243,0.5065104028939824,-0.015504308295687275,0.7919629831709908,0.022774631346606705
2000248N17117,Wukong (2000),2000.0,2000-0605-CHN,nat-met-sto-tro,CHN,Asia,0.0,6.0,0.0,2400000.0,2400000.0,0.0,0.0,0.0,0.0,53.4877366816787,Category 2,95.0,109.3,980.0,2000-09-04,2000-09-10,6.5,Landfall,Category 1,18.2,109.675,75.0,2000-09-05,1,-0.0031911772395901705,19.81999969482422,0.020247337100113505,0.20988023579063972,2.974927506722742,-0.004391452068495116,0.6910549491553082,0.05349835554237899
2001180N15118,Durian (2001),2001.0,2001-0318-VNM,nat-met-sto-tro,VNM,Asia,0.0,30.0,3.0,117450.0,117453.0,0.0,0.0,25000.0,45455.0,54.9993852662954,Category 1,75.0,86.3,967.0,2001-06-29,2001-07-03,4.5,Landfall,Category 1,21.108,110.319,75.0,2001-06-29,0,-0.002035024583377898,19.059999465942383,-0.013888734127338265,0.20169011046534463,0.8679327198596818,-0.026730430495282564,0.9001282013518607,0.009320298381375082
2001204N19127,Yutu (2001),2001.0,2001-0419-CHN,nat-met-sto-tro,CHN,Asia,0.0,0.0,0.0,23250.0,23250.0,0.0,0.0,85000.0,154547.0,54.9993852662954,Category 2,85.0,97.8,958.0,2001-07-22,2001-07-26,4.2,Landfall,Category 1,21.5266,110.711,67.0,2001-07-23,1,-0.0145804105457501,23.739999771118164,-0.0021631237405180803,0.1917668341081462,-0.9040122663005997,-0.03721725380266816,0.8238625417781762,-0.008101712894299095
2001202N11266,Dalila (2001),2001.0,2001-0488-MEX,nat-met-sto-tro,MEX,Americas,0.0,0.0,0.0,100.0,100.0,0.0,0.0,0.0,0.0,54.9993852662954,Category 1,65.0,74.8,987.0,2001-07-21,2001-07-28,7.5,At Sea / Open Water,At Sea / Open Water,0.0,0.0,0.0,2001-07-23,2,-0.0145804105457501,23.739999771118164,-0.0021631237405180803,0.1917668341081462,-0.9040122663005997,-0.03721725380266816,0.8238625417781762,-0.008101712894299095
2001239N19116,Fitow (2001),2001.0,2001-0796-CHN,nat-met-sto-tro,CHN,Asia,0.0,4.0,0.0,0.0,0.0,0.0,0.0,213000.0,387277.0,54.9993852662954,Tropical Storm,45.0,51.8,991.0,2001-08-27,2001-09-12,15.8,Landfall,Tropical Depression,19.8436,110.691,25.0,2001-08-27,0,0.004073825942888298,20.559999465942383,-0.0149362503913969,0.14114295475724598,-0.44110612729661636,-0.04553429533737419,0.8308667904920652,0.001797314471769021
2002017S07078,Dina (2002),2002.0,2002-0039-MUS,nat-met-sto-tro,MUS,Africa,10.0,3.0,50.0,0.0,1050.0,0.0,0.0,50000.0,89491.0,55.8716960740501,Category 4,130.0,149.6,910.0,2002-01-16,2002-01-28,12.0,At Sea / Open Water,At Sea / Open Water,0.0,0.0,0.0,2002-01-16,0,-0.023795720041826618,23.450000762939453,-0.007925002129618774,0.15964011032240985,3.2359952517022483,-0.019029823505533727,0.9114534286791761,0.0018484763928263426
2002017S07078,Dina (2002),2002.0,2002-0043-REU,nat-met-sto-tro,REU,Africa,0.0,0.0,300.0,0.0,3100.0,0.0,0.0,50000.0,89491.0,55.8716960740501,Category 4,130.0,149.6,910.0,2002-01-16,2002-01-28,12.0,At Sea / Open Water,At Sea / Open Water,0.0,0.0,0.0,2002-01-16,0,-0.023795720041826618,23.450000762939453,-0.007925002129618774,0.15964011032240985,3.2359952517022483,-0.019029823505533727,0.9114534286791761,0.0018484763928263426
2002178N04155,Chataan (2002),2002.0,2002-0431-JPN,nat-met-sto-tro,JPN,Asia,0.0,5.0,18.0,100000.0,100018.0,0.0,0.0,5000.0,8949.0,55.8716960740501,Category 4,130.0,149.6,910.0,2002-06-27,2002-07-13,15.8,Landfall,Tropical Storm,35.0259,139.925,50.0,2002-06-27,0,-0.01414862739724776,26.290000915527344,-0.015782116818096714,0.26809591420598317,0.7349456078344425,-0.0549562969814239,0.8678933094425946,0.005479168015951672
2002265N10315,Lili (2002),2002.0,2002-0627-JAM,nat-met-sto-tro,JAM,Americas,0.0,4.0,0.0,1500.0,1500.0,0.0,0.0,30.0,54.0,55.8716960740501,Category 4,125.0,143.8,938.0,2002-09-21,2002-10-04,12.8,Landfall,Category 2,22.1,-84.0,90.0,2002-09-23,2,-0.06513520762552238,39.68000030517578,-0.06713595121276328,0.28029105613187316,0.40230237629105137,-0.13315846779281681,1.0881685277486277,0.022391660429228733
2002268N15258,Julio (2002),2002.0,2002-0647-MEX,nat-met-sto-tro,MEX,Americas,0.0,0.0,0.0,500.0,500.0,0.0,0.0,0.0,0.0,55.8716960740501,Tropical Storm,40.0,46.0,1000.0,2002-09-25,2002-09-26,1.5,Landfall,Tropical Storm,18.0,-102.4,40.0,2002-09-25,0,-0.025553180242568363,37.33000183105469,-0.03871131254387761,0.2894064704232491,0.10237490388873738,-0.11322326712451458,1.0840491399236203,0.014456931804541169
2002258N10300,Isidore (2002),2002.0,2002-0851-SLV,nat-met-sto-tro,SLV,Americas,0.0,0.0,0.0,500.0,500.0,0.0,0.0,0.0,0.0,55.8716960740501,Category 3,110.0,126.6,934.0,2002-09-14,2002-09-27,13.0,Landfall,Tropical Depression,10.0856,-61.4549,25.0,2002-09-16,2,-0.008492887094594281,36.7400016784668,-0.03418463257734172,0.2876172118423711,0.2087030077894403,-0.07692327049604086,1.0726104733542867,0.002728754670478034
2003155S10172,Gina (2003),2003.0,2003-0314-SLB,nat-met-sto-tro,SLB,Oceania,0.0,0.0,0.0,0.0,150.0,0.0,0.0,0.0,0.0,57.1400352670416,Category 2,90.0,103.6,954.0,2003-06-04,2003-06-09,5.2,At Sea / Open Water,At Sea / Open Water,0.0,0.0,0.0,2003-06-04,0,0.03647982619074752,20.6200008392334,0.039046132176673076,0.176921299394336,-0.8356402568724514,0.0,1.1032194998118967,-0.004772034549973155
2003196N11137,Koni (2003),2003.0,2003-0437-VNM,nat-met-sto-tro,VNM,Asia,0.0,0.0,18.0,0.0,5018.0,0.0,0.0,0.0,0.0,57.1400352670416,Category 1,65.0,74.8,976.0,2003-07-14,2003-07-22,8.2,Landfall,Tropical Storm,11.25,124.5,40.0,2003-07-14,0,0.00029799681967457303,19.59000015258789,0.0231739328030951,0.20260316085075714,2.163791954069902,0.0,1.0963401656198366,0.00017817939761342882
2003359S15177,Heta (2004),2004.0,2004-0004-ASM,nat-met-sto-tro,ASM,Oceania,0.0,0.0,60.0,20000.0,23060.0,0.0,0.0,150000.0,255668.0,58.6698092933412,Category 5,140.0,161.1,898.0,2003-12-25,2004-01-12,17.8,At Sea / Open Water,At Sea / Open Water,0.0,0.0,0.0,2003-12-26,1,0.004541899958330209,17.450000762939453,0.009602143597273516,0.09772258951029043,-0.9691050699799061,-0.00035941068588074554,0.9455172398587282,-0.0034439689297368903
2004230N09172,Chaba (2004),2004.0,2004-0445-JPN,nat-met-sto-tro,JPN,Asia,0.0,14.0,50.0,180000.0,180050.0,1200000.0,2045345.0,2000000.0,3408908.0,58.6698092933412,Category 5,155.0,178.4,879.0,2004-08-17,2004-09-05,19.5,Landfall,Category 2,33.475,131.125,85.0,2004-08-17,0,0.004890429817539399,17.020000457763672,0.014445295094031696,0.12773189472390953,0.6028899516672144,-0.0017770543689940022,0.8084734176402867,0.005687171645339054
2005041S13181,Olaf (2005),2005.0,2005-0151-WSM,nat-met-sto-tro,WSM,Oceania,0.0,9.0,0.0,0.0,0.0,0.0,0.0,0.0,0.0,60.6603317527392,Category 5,145.0,166.9,892.0,2005-02-10,2005-02-23,13.0,At Sea / Open Water,At Sea / Open Water,0.0,0.0,0.0,2005-02-10,0,0.006556856632323305,11.510000228881836,0.00931747695807461,0.11669481123275999,0.3730072561637259,-0.003613950162822732,1.0125952391730813,-0.011398060287806527
2005192N11318,Emily (2005),2005.0,2005-0382-HTI,nat-met-sto-tro,HTI,Americas,0.0,6.0,0.0,565.0,750.0,0.0,0.0,0.0,0.0,60.6603317527392,Category 5,140.0,161.1,929.0,2005-07-11,2005-07-21,10.5,Landfall,Category 2,20.6198,-88.0304,92.0,2005-07-11,0,0.020162872049588776,11.279999732971191,0.017288742615907182,0.08153569491198319,-0.14174197355329665,0.0,0.8649365005841818,-0.0015755936410242139
2005192N11318,Emily (2005),2005.0,2005-0382-JAM,nat-met-sto-tro,JAM,Americas,0.0,4.0,0.0,2296.0,2296.0,0.0,0.0,1000.0,1649.0,60.6603317527392,Category 5,140.0,161.1,929.0,2005-07-11,2005-07-21,10.5,Landfall,Category 2,20.6198,-88.0304,92.0,2005-07-11,0,0.020162872049588776,11.279999732971191,0.017288742615907182,0.08153569491198319,-0.14174197355329665,0.0,0.8649365005841818,-0.0015755936410242139
2005192N11318,Emily (2005),2005.0,2005-0382-MEX,nat-met-sto-tro,MEX,Americas,0.0,2.0,0.0,0.0,0.0,250000.0,412131.0,400000.0,659410.0,60.6603317527392,Category 5,140.0,161.1,929.0,2005-07-11,2005-07-21,10.5,Landfall,Category 2,20.6198,-88.0304,92.0,2005-07-11,0,0.020162872049588776,11.279999732971191,0.017288742615907182,0.08153569491198319,-0.14174197355329665,0.0,0.8649365005841818,-0.0015755936410242139
2005192N11318,Emily (2005),2005.0,2005-0382-VCT,nat-met-sto-tro,VCT,Americas,0.0,0.0,0.0,530.0,530.0,0.0,0.0,0.0,0.0,60.6603317527392,Category 5,140.0,161.1,929.0,2005-07-11,2005-07-21,10.5,Landfall,Category 2,20.6198,-88.0304,92.0,2005-07-11,0,0.020162872049588776,11.279999732971191,0.017288742615907182,0.08153569491198319,-0.14174197355329665,0.0,0.8649365005841818,-0.0015755936410242139
2005237N14148,Talim (2005),2005.0,2005-0492-TWN,nat-met-sto-tro,TWN,Asia,0.0,3.0,59.0,0.0,59.0,0.0,0.0,38000.0,62644.0,60.6603317527392,Category 4,130.0,149.6,910.0,2005-08-24,2005-09-03,9.5,Landfall,Category 2,23.85,121.475,95.0,2005-08-24,0,-0.0085923412548774,14.170000076293944,-0.01413154487097168,0.09071683032736245,0.09966047516606791,-0.02980111606483804,0.8326611648332531,-0.005050200208030065
2005230N20144,Mawar (2005),2005.0,2005-0464-JPN,nat-met-sto-tro,JPN,Asia,0.0,3.0,4.0,90.0,94.0,0.0,0.0,0.0,0.0,60.6603317527392,Category 4,125.0,143.8,916.0,2005-08-18,2005-09-01,14.0,Landfall,Category 2,35.25,139.75,85.0,2005-08-18,0,-0.013164108677480524,13.420000076293944,-0.0030211445999651643,0.08288235375409933,1.7858417642814377,-0.01655620183648765,0.7976379979610425,-0.0045005037756629665
2005268N19146,Longwang (2005),2005.0,2005-0565-CHN,nat-met-sto-tro,CHN,Asia,0.0,95.0,0.0,2460000.0,2460000.0,0.0,0.0,150000.0,247279.0,60.6603317527392,Category 4,125.0,143.8,916.0,2005-09-25,2005-10-03,8.8,Landfall,Category 2,23.975,120.8,95.0,2005-09-26,1,-0.012267539789717952,13.039999961853027,-0.016509458054575044,0.13157748199827068,0.14430869844759475,-0.025375298896480603,1.0239086167032991,0.00031717718372431015
2005268N19146,Longwang (2005),2005.0,2005-0565-TWN,nat-met-sto-tro,TWN,Asia,0.0,2.0,46.0,0.0,46.0,50000.0,82426.0,100000.0,164852.0,60.6603317527392,Category 4,125.0,143.8,916.0,2005-09-25,2005-10-03,8.8,Landfall,Category 2,23.975,120.8,95.0,2005-09-26,1,-0.012267539789717952,13.039999961853027,-0.016509458054575044,0.13157748199827068,0.14430869844759475,-0.025375298896480603,1.0239086167032991,0.00031717718372431015
2005275N19274,Stan (2005),2005.0,2005-0567-HTI,nat-met-sto-tro,HTI,Americas,0.0,1.0,0.0,10000.0,10000.0,0.0,0.0,0.0,0.0,60.6603317527392,Category 1,70.0,80.6,977.0,2005-10-01,2005-10-05,3.8,Landfall,Tropical Storm,19.5456,-87.3758,36.0,2005-10-03,2,0.008389168487006993,12.460000038146973,0.00890691908454655,0.13951938317117146,-0.46980293888856073,-0.01669439554595109,1.0743108139623605,0.013997698892213375
2005300N10279,Beta (2005),2005.0,2005-0625-NIC,nat-met-sto-tro,NIC,Americas,37.0,4.0,0.0,0.0,5763.0,0.0,0.0,0.0,0.0,60.6603317527392,Category 3,100.0,115.1,962.0,2005-10-26,2005-10-31,4.2,Landfall,Category 2,12.9,-83.5,90.0,2005-10-26,0,-0.003422694467355769,14.59000015258789,0.017657294957077907,0.1561058777603821,-0.18163599192715685,0.0,0.9849272218577992,4.877003288496565e-05
2006114N08090,Mala (2006),2006.0,2006-0241-MMR,nat-met-sto-tro,MMR,Asia,0.0,34.0,31.0,60075.0,60106.0,0.0,0.0,0.0,0.0,62.6171947810345,Category 4,120.0,138.1,922.0,2006-04-24,2006-04-29,5.5,Landfall,Category 1,17.9977,94.9498,77.0,2006-04-24,0,0.01748820471921353,11.75,0.020955393143909484,0.10174827212772027,-0.08683379233225985,-0.0009047046225532096,0.9303508318959538,0.012679753052364807
2006188N10143,Bilis (2006),2006.0,2006-0362-CHN,nat-met-sto-tro,CHN,Asia,0.0,820.0,0.0,29622000.0,29622000.0,0.0,0.0,3325000.0,5310043.0,62.6171947810345,Tropical Storm,50.0,57.5,987.0,2006-07-07,2006-07-17,10.5,Landfall,Tropical Storm,26.4267,119.487,40.0,2006-07-07,0,-0.005185582454951154,13.970000267028809,-0.002467211631883348,0.16990316817107323,-0.6845185433047078,-0.011308677446509874,1.0141659477359595,0.002185688457999064
2006188N10143,Bilis (2006),2006.0,2006-0362-PHL,nat-met-sto-tro,PHL,Asia,0.0,37.0,0.0,51680.0,51680.0,0.0,0.0,3000.0,4791.0,62.6171947810345,Tropical Storm,50.0,57.5,987.0,2006-07-07,2006-07-17,10.5,Landfall,Tropical Storm,26.4267,119.487,40.0,2006-07-07,0,-0.005185582454951154,13.970000267028809,-0.002467211631883348,0.16990316817107323,-0.6845185433047078,-0.011308677446509874,1.0141659477359595,0.002185688457999064
2006237N13298,Ernesto (2006),2006.0,2006-0466-USA,nat-met-sto-tro,USA,Americas,0.0,6.0,0.0,140.0,140.0,0.0,0.0,32860.0,52478.0,62.6171947810345,Category 1,65.0,74.8,985.0,2006-08-24,2006-09-04,10.5,Landfall,Tropical Storm,19.9,-75.5,35.0,2006-08-24,0,-0.0029223242849570896,12.399999618530272,-0.002389017323782494,0.11001689323606126,-0.2645523500209127,-0.0038764557483759177,1.038808334811855,-0.006136353840168411
2006240N12265,John (2006),2006.0,2006-0483-MEX,nat-met-sto-tro,MEX,Americas,0.0,7.0,0.0,10000.0,10000.0,0.0,0.0,0.0,0.0,62.6171947810345,Category 4,115.0,132.3,948.0,2006-08-28,2006-09-04,7.5,Landfall,Category 2,23.4011,-109.518,92.0,2006-08-28,0,0.0023053779027311094,12.18000030517578,0.0017963926991397816,0.0964868506238831,1.453052036453693,-0.0020870266860411046,1.03375589113702,-0.0047491676517555665
2007091S14175,Cliff (2007),2007.0,2007-0151-FJI,nat-met-sto-tro,FJI,Oceania,0.0,1.0,0.0,0.0,0.0,0.0,0.0,0.0,0.0,64.4034636847652,Tropical Storm,55.0,63.3,982.0,2007-04-01,2007-04-06,5.8,At Sea / Open Water,At Sea / Open Water,0.0,0.0,0.0,2007-04-02,1,-0.007262173437610708,14.529999732971191,-0.019988901337950504,0.1864932425776133,-0.29284636050293955,-0.029686604592952914,1.2140586440947667,-0.0036421375873620446
2007151N14072,Gonu (2007),2007.0,2007-0164-OMN,nat-met-sto-tro,OMN,Asia,731.0,76.0,0.0,20000.0,20000.0,650000.0,1009262.0,3900000.0,6055575.0,64.4034636847652,Category 5,145.0,166.9,898.0,2007-05-31,2007-06-08,7.8,Landfall,Tropical Depression,25.7051,57.9702,20.0,2007-05-31,0,0.0057734590387847895,13.050000190734863,0.0010565596212479544,0.10229760742296704,-0.3175974019515203,-0.0028939152037453786,1.2640447477711152,0.005503681916124485
2007223N19136,Sepat (2007),2007.0,2007-0380-PHL,nat-met-sto-tro,PHL,Asia,0.0,3.0,0.0,380000.0,380000.0,0.0,0.0,492.0,764.0,64.4034636847652,Category 5,140.0,161.1,918.0,2007-08-11,2007-08-24,13.2,Landfall,Category 3,23.55,121.025,100.0,2007-08-13,2,-0.006702753597439215,26.56999969482422,-0.019287841172766607,0.35462353693793974,-0.4971649083880004,-0.09871803549405644,1.261900672051004,0.035080699430404975
2007244N12303,Felix (2007),2007.0,2007-0439-HND,nat-met-sto-tro,HND,Americas,0.0,1.0,0.0,19500.0,19500.0,0.0,0.0,6579.0,10215.0,64.4034636847652,Category 5,150.0,172.6,929.0,2007-08-31,2007-09-06,6.2,Landfall,Category 5,14.3,-83.2,140.0,2007-08-31,0,-0.004988696038124574,23.3799991607666,-0.02287206898417804,0.34675008069908264,0.5659803191104631,-0.028777246972297554,1.2887669320701018,-0.009467618986661042
2007269N22265,Lorenzo (2007),2007.0,2007-0464-MEX,nat-met-sto-tro,MEX,Americas,0.0,5.0,0.0,33000.0,33000.0,0.0,0.0,0.0,0.0,64.4034636847652,Category 1,70.0,80.6,990.0,2007-09-25,2007-09-28,3.0,Landfall,Category 1,20.5,-97.0,65.0,2007-09-25,0,-0.002307417073850182,18.600000381469727,-0.017980645000933437,0.22845494090829183,-0.7414625970628751,-0.024126933205320666,1.3060243694829954,0.015473053377361677
2007297N18300,Noel (2007),2007.0,2007-0523-JAM,nat-met-sto-tro,JAM,Americas,0.0,1.0,0.0,0.0,0.0,0.0,0.0,0.0,0.0,64.4034636847652,Category 1,75.0,86.3,965.0,2007-10-24,2007-11-06,13.0,Landfall,Tropical Storm,19.7408,-73.2102,42.0,2007-10-24,0,-0.017957574510303997,20.799999237060547,-0.035724065679005435,0.21149989521904708,0.40592615706807056,-0.0824737443144895,1.34886224273235,-0.0039333592853412515
2007314N10093,Sidr (2007),2007.0,2007-0556-BGD,nat-met-sto-tro,BGD,Asia,215214.0,4234.0,55282.0,8923259.0,8978541.0,0.0,0.0,2300000.0,3571236.0,64.4034636847652,Category 5,140.0,161.1,918.0,2007-11-10,2007-11-16,5.9,Landfall,Category 3,22.5429,90.3714,100.0,2007-11-12,2,-0.04231916599310148,31.09000015258789,-0.03261902324938437,0.33335725027516977,0.07365326288997931,-0.11472049718314781,1.3353108355059724,-0.019069769548845966
2007345N18298,Olga (2007),2007.0,2007-0612-DOM,nat-met-sto-tro,DOM,Americas,0.0,33.0,0.0,61605.0,61605.0,0.0,0.0,45000.0,69872.0,64.4034636847652,Tropical Storm,50.0,57.5,1003.0,2007-12-10,2007-12-16,5.8,Landfall,Tropical Storm,18.4,-66.5,40.0,2007-12-10,0,0.02979407229136699,20.739999771118164,0.03609726599177687,0.41132774507966513,0.34694290023056285,0.0,1.5285738465351544,-0.018053522094628655
2008245N17323,Ike (2008),2008.0,2008-0384-TCA,nat-met-sto-tro,TCA,Americas,0.0,0.0,0.0,750.0,750.0,0.0,0.0,500000.0,747653.0,66.8759741789087,Category 4,125.0,143.8,935.0,2008-09-01,2008-09-15,14.2,Landfall,Category 3,21.0,-73.2,110.0,2008-09-02,1,0.007636362239721528,21.989999771118164,0.08545706484024906,0.5020869788984316,0.6863693837645586,-0.03638042113055928,2.5215498705743054,0.07141538444949384
2008311N14278,Paloma (2008),2008.0,2008-0514-CUB,nat-met-sto-tro,CUB,Americas,0.0,0.0,0.0,49445.0,49445.0,0.0,0.0,0.0,0.0,66.8759741789087,Category 4,125.0,143.8,944.0,2008-11-05,2008-11-14,8.5,Landfall,Category 2,20.7,-78.0,90.0,2008-11-05,0,0.03341180527494125,54.560001373291016,0.04751874526723898,1.155982133391278,-0.3130868926488929,-0.13502588605055688,1.2361157597473564,-0.03284865056335495
2010236N12341,Earl (2010),2010.0,2010-0468-ATG,nat-met-sto-tro,ATG,Americas,0.0,0.0,0.0,5000.0,5000.0,0.0,0.0,12600.0,18603.0,67.7310945291778,Category 4,125.0,143.8,927.0,2010-08-24,2010-09-06,13.0,Landfall,Category 1,44.3,-64.5,65.0,2010-08-24,0,-0.03704686186332928,27.459999084472656,-0.04455495961101885,0.1969563206162698,0.4549977979587254,-0.10411143150947766,1.2345196699074872,0.006275023088875316
2010256N17137,Fanapi (2010),2010.0,2010-0484-TWN,nat-met-sto-tro,TWN,Asia,0.0,2.0,100.0,0.0,100.0,0.0,0.0,63100.0,93163.0,67.7310945291778,Category 3,105.0,120.8,944.0,2010-09-13,2010-09-21,8.5,Landfall,Category 2,23.3179,121.103,90.0,2010-09-13,0,0.016502859778690482,21.209999084472656,0.022039445634859156,0.2603764714794617,-0.13841053180438923,0.0,1.3018584892223781,-0.018647666724750628
2010267N14285,Matthew (2010),2010.0,2010-0503-HND,nat-met-sto-tro,HND,Americas,0.0,4.0,0.0,0.0,0.0,0.0,0.0,0.0,0.0,67.7310945291778,Tropical Storm,50.0,57.5,998.0,2010-09-23,2010-09-26,3.2,Landfall,Tropical Storm,14.7,-83.3,50.0,2010-09-23,0,0.0004624960932075872,23.8700008392334,-0.031116648593170204,0.26690124752026306,0.9444878751045136,-0.04432529641797944,1.3562231308308579,-0.011216305502670696
2010267N14285,Matthew (2010),2010.0,2010-0503-MEX,nat-met-sto-tro,MEX,Americas,0.0,3.0,0.0,1075.0,1075.0,0.0,0.0,0.0,0.0,67.7310945291778,Tropical Storm,50.0,57.5,998.0,2010-09-23,2010-09-26,3.2,Landfall,Tropical Storm,14.7,-83.3,50.0,2010-09-23,0,0.0004624960932075872,23.8700008392334,-0.031116648593170204,0.26690124752026306,0.9444878751045136,-0.04432529641797944,1.3562231308308579,-0.011216305502670696
2010267N14285,Matthew (2010),2010.0,2010-0503-SLV,nat-met-sto-tro,SLV,Americas,0.0,1.0,0.0,0.0,0.0,0.0,0.0,0.0,0.0,67.7310945291778,Tropical Storm,50.0,57.5,998.0,2010-09-23,2010-09-26,3.2,Landfall,Tropical Storm,14.7,-83.3,50.0,2010-09-23,0,0.0004624960932075872,23.8700008392334,-0.031116648593170204,0.26690124752026306,0.9444878751045136,-0.04432529641797944,1.3562231308308579,-0.011216305502670696
2010302N09306,Tomas (2010),2010.0,2010-0571-DOM,nat-met-sto-tro,DOM,Americas,0.0,0.0,0.0,12000.0,12000.0,0.0,0.0,0.0,0.0,67.7310945291778,Category 2,85.0,97.8,982.0,2010-10-29,2010-11-10,12.5,At Sea / Open Water,At Sea / Open Water,0.0,0.0,0.0,2010-10-29,0,0.001182889238901419,21.200000762939453,-0.0027401231322508046,0.16787526565651437,-0.03484124145684242,-0.02018841695725271,1.3298262946109867,0.02258234894611963
2011233N15301,Irene (2011),2011.0,2011-0328-BHS,nat-met-sto-tro,BHS,Americas,0.0,0.0,0.0,10000.0,10000.0,0.0,0.0,40000.0,57250.0,69.869263508865,Category 3,105.0,120.8,942.0,2011-08-21,2011-08-30,9.0,Landfall,Tropical Storm,18.1,-65.8,60.0,2011-08-22,1,-0.06541163654433513,42.439998626708984,-0.09173617478291662,0.6207534628806637,-0.09124895610076644,-0.2113235350861663,1.3046849166498085,0.01030452842941565
2011233N15301,Irene (2011),2011.0,2011-0328-CAN,nat-met-sto-tro,CAN,Americas,0.0,1.0,0.0,0.0,0.0,0.0,0.0,0.0,0.0,69.869263508865,Category 3,105.0,120.8,942.0,2011-08-21,2011-08-30,9.0,Landfall,Tropical Storm,18.1,-65.8,60.0,2011-08-22,1,-0.06541163654433513,42.439998626708984,-0.09173617478291662,0.6207534628806637,-0.09124895610076644,-0.2113235350861663,1.3046849166498085,0.01030452842941565
2011233N15301,Irene (2011),2011.0,2011-0328-DOM,nat-met-sto-tro,DOM,Americas,0.0,4.0,0.0,37000.0,37000.0,0.0,0.0,30000.0,42937.0,69.869263508865,Category 3,105.0,120.8,942.0,2011-08-21,2011-08-30,9.0,Landfall,Tropical Storm,18.1,-65.8,60.0,2011-08-22,1,-0.06541163654433513,42.439998626708984,-0.09173617478291662,0.6207534628806637,-0.09124895610076644,-0.2113235350861663,1.3046849166498085,0.01030452842941565
2011233N15301,Irene (2011),2011.0,2011-0328-HTI,nat-met-sto-tro,HTI,Americas,0.0,2.0,4.0,1000.0,1544.0,0.0,0.0,0.0,0.0,69.869263508865,Category 3,105.0,120.8,942.0,2011-08-21,2011-08-30,9.0,Landfall,Tropical Storm,18.1,-65.8,60.0,2011-08-22,1,-0.06541163654433513,42.439998626708984,-0.09173617478291662,0.6207534628806637,-0.09124895610076644,-0.2113235350861663,1.3046849166498085,0.01030452842941565
2011233N15301,Irene (2011),2011.0,2011-0328-PRI,nat-met-sto-tro,PRI,Americas,0.0,1.0,0.0,1500.0,2271.0,450000.0,644060.0,500000.0,715622.0,69.869263508865,Category 3,105.0,120.8,942.0,2011-08-21,2011-08-30,9.0,Landfall,Tropical Storm,18.1,-65.8,60.0,2011-08-22,1,-0.06541163654433513,42.439998626708984,-0.09173617478291662,0.6207534628806637,-0.09124895610076644,-0.2113235350861663,1.3046849166498085,0.01030452842941565
2011236N15143,Talas (2011),2011.0,2011-0454-JPN,nat-met-sto-tro,JPN,Asia,0.0,68.0,0.0,1300.0,1300.0,430000.0,615435.0,650000.0,930309.0,69.869263508865,Tropical Storm,55.0,63.3,982.0,2011-08-23,2011-09-07,14.5,Landfall,Tropical Storm,33.45,133.875,45.0,2011-08-23,0,-0.02633997825082257,36.27000045776367,-0.043310447324903745,0.639224496946917,0.3289934100366245,-0.16644264773083128,1.2878811810458233,0.009950167215173764
2012331N03157,Bopha (2012),2012.0,2012-0500-PHL,nat-met-sto-tro,PHL,Asia,0.0,1901.0,2666.0,6243998.0,6246664.0,0.0,0.0,898352.0,1259694.0,71.3150877335761,Category 5,150.0,172.6,911.0,2012-11-25,2012-12-09,13.8,Landfall,Category 4,7.63461,126.575,132.0,2012-11-26,1,0.034318071058592414,15.5,0.03272270144092859,0.18368897948721583,-0.5208422530849695,-0.022909642485301474,1.1706321331554743,-0.008390160219384563
2012039S14075,Giovanna (2012),2012.0,2012-0043-MDG,nat-met-sto-tro,MDG,Africa,4262.0,35.0,284.0,250000.0,250284.0,0.0,0.0,100000.0,140223.0,71.3150877335761,Category 4,120.0,138.1,933.0,2012-02-07,2012-02-22,14.8,Landfall,Category 2,-19.0,48.7,95.0,2012-02-07,0,0.02642395249630569,17.649999618530273,0.04267405265181723,0.15508784197358555,-0.3196093961781593,-0.005427349655155678,1.3816730110590436,-0.010921676460585918
2012215N12313,Ernesto (2012),2012.0,2012-0276-MEX,nat-met-sto-tro,MEX,Americas,0.0,12.0,0.0,0.0,0.0,15000.0,21033.0,300000.0,420668.0,71.3150877335761,Category 2,85.0,97.8,973.0,2012-08-01,2012-08-10,8.8,Landfall,Category 2,18.8,-87.7,85.0,2012-08-01,0,0.027097900257264218,18.959999084472656,0.02242485833621566,0.17627547357637985,0.8028527607600586,-0.01151746859108338,1.2082897915976105,-0.0014778548729494807
2012166N09269,Carlotta (2012),2012.0,2012-0401-MEX,nat-met-sto-tro,MEX,Americas,0.0,7.0,0.0,87000.0,87000.0,84000.0,117787.0,555000.0,778236.0,71.3150877335761,Category 2,95.0,109.3,973.0,2012-06-13,2012-06-17,3.5,Landfall,Category 2,15.8,-96.9,90.0,2012-06-13,0,0.0007574631120133013,24.270000457763672,0.0042918637622759714,0.25907331017315094,-0.012882766386015265,-0.012657962989251925,1.2862579645334635,-0.00017116880760887493
2012209N25149,Damrey (2012),2012.0,2012-0283-CHN,nat-met-sto-tro,CHN,Asia,0.0,15.0,0.0,3790000.0,3790000.0,106000.0,148636.0,600000.0,841337.0,71.3150877335761,Category 1,80.0,92.1,963.0,2012-07-27,2012-08-04,7.8,Landfall,Tropical Storm,34.86,119.22,55.0,2012-07-27,0,0.016194288699670878,16.700000762939453,0.026425469049145223,0.19881322929955486,0.23579009947245,-0.0033761385636910113,1.2001470729796846,-0.0017332976664719132
2012234N16315,Isaac (2012),2012.0,2012-0313-PRI,nat-met-sto-tro,PRI,Americas,0.0,0.0,0.0,0.0,0.0,0.0,0.0,0.0,0.0,71.3150877335761,Category 1,70.0,80.6,965.0,2012-08-20,2012-09-01,11.8,Landfall,Tropical Storm,18.3,-72.7,55.0,2012-08-20,0,0.010087175277911031,14.020000457763672,0.014715820161825377,0.12493388581140208,0.5706990429467385,0.0,1.1980757532946442,0.00218114821869416
2012234N16315,Isaac (2012),2012.0,2012-0313-USA,nat-met-sto-tro,USA,Americas,0.0,1.0,0.0,60000.0,60000.0,0.0,0.0,2000000.0,2804456.0,71.3150877335761,Category 1,70.0,80.6,965.0,2012-08-20,2012-09-01,11.8,Landfall,Tropical Storm,18.3,-72.7,55.0,2012-08-20,0,0.010087175277911031,14.020000457763672,0.014715820161825377,0.12493388581140208,0.5706990429467385,0.0,1.1980757532946442,0.00218114821869416
2012230N21126,Tembin (2012),2012.0,2012-0585-TWN,nat-met-sto-tro,TWN,Asia,0.0,8.0,0.0,0.0,0.0,0.0,0.0,8300.0,11638.0,71.3150877335761,Category 4,120.0,138.1,933.0,2012-08-17,2012-09-01,14.8,Landfall,Category 3,22.2716,120.937,107.0,2012-08-17,0,0.00951439590727099,13.449999809265137,0.012717527493352865,0.13141879830605693,0.3698892703072403,0.0,1.1985044853764648,0.005647869788378582
2013046S20042,Haruna (2013),2013.0,2013-0032-MDG,nat-met-sto-tro,MDG,Africa,0.0,42.0,127.0,40154.0,40281.0,0.0,0.0,25000.0,34550.0,72.3597374789251,Category 3,105.0,120.8,944.0,2013-02-14,2013-02-28,14.2,Landfall,Tropical Depression,-17.25,37.9,25.0,2013-02-14,0,0.008810406158692885,12.65999984741211,0.01594564416357791,0.09102686015699978,-0.379009916024158,0.0,1.0345088536749047,-0.0028877248290783376
2013282N14149,Wipha (2013),2013.0,2013-0396-JPN,nat-met-sto-tro,JPN,Asia,0.0,39.0,107.0,19182.0,19289.0,0.0,0.0,200000.0,276397.0,72.3597374789251,Category 4,120.0,138.1,933.0,2013-10-09,2013-10-18,9.5,At Sea / Open Water,At Sea / Open Water,0.0,0.0,0.0,2013-10-09,0,-0.02116039267155767,19.600000381469727,-0.01996021126246239,0.12051059967078365,1.0681468572924957,-0.0474661545949745,1.2393010588358244,0.005042959990099398
2013269N15118,Wutip (2013),2013.0,2013-0419-CHN,nat-met-sto-tro,CHN,Asia,0.0,74.0,0.0,0.0,0.0,0.0,0.0,0.0,0.0,72.3597374789251,Category 3,100.0,115.1,948.0,2013-09-25,2013-10-01,5.2,Landfall,Category 1,17.8267,105.833,75.0,2013-09-25,0,-0.018411457591685942,14.010000228881836,-0.024186191850179117,0.11333806513009885,-0.2333672135732645,-0.024186191850179117,1.2793112840292815,-0.005035040747393382
2013272N10135,Fitow (2013),2013.0,2013-0429-CHN,nat-met-sto-tro,CHN,Asia,0.0,8.0,0.0,475000.0,475000.0,0.0,0.0,6700000.0,9259293.0,72.3597374789251,Category 2,90.0,103.6,956.0,2013-09-29,2013-10-07,8.0,Landfall,Tropical Storm,27.1133,120.287,55.0,2013-09-30,1,-0.011298771458907009,16.600000381469727,-0.011420217983844183,0.11701596270589998,-0.21198277037857827,-0.03437112600569825,1.2394745869631203,-0.0002415817912777814
2014164N19116,Hagibis (2014),2014.0,2014-0213-CHN,nat-met-sto-tro,CHN,Asia,0.0,0.0,0.0,5000.0,5000.0,0.0,0.0,131000.0,178150.0,73.5335770092672,Tropical Storm,50.0,57.5,985.0,2014-06-13,2014-06-23,10.0,Landfall,Tropical Storm,23.3,116.55,40.0,2014-06-13,0,-0.00639797813717824,12.18000030517578,-0.00833310283124633,0.07188980739813587,-0.06326218728299748,-0.012663266271290663,1.0734065836209523,-0.0014732566777839635
2014212N11242,Iselle (2014),2014.0,2014-0310-USA,nat-met-sto-tro,USA,Americas,0.0,1.0,0.0,834.0,834.0,0.0,0.0,66000.0,89755.0,73.5335770092672,Category 4,120.0,138.1,947.0,2014-07-30,2014-08-10,11.0,Landfall,Tropical Storm,19.2,-155.3,50.0,2014-07-30,0,-0.008357134764294005,13.329999923706056,-0.003918012025017181,0.09692983479934246,1.7812031174480496,-0.006944348007552947,1.1309169086029411,0.0010917552854354876
2014209N16134,Nakri (2014),2014.0,2014-0314-JPN,nat-met-sto-tro,JPN,Asia,0.0,0.0,0.0,4401.0,4401.0,0.0,0.0,0.0,0.0,73.5335770092672,Tropical Storm,40.0,46.0,992.0,2014-07-27,2014-08-04,7.5,Landfall,Tropical Depression,35.85,126.75,0.0,2014-07-28,1,0.00233151880553617,12.5600004196167,0.0021879689072559216,0.09623275227908924,1.8420520360648247,-0.006076670789848082,1.1251342092623162,0.00040758581392253204
2014245N19268,Dolly (2014),2014.0,2014-0385-MEX,nat-met-sto-tro,MEX,Americas,0.0,1.0,0.0,1500.0,1500.0,0.0,0.0,500.0,680.0,73.5335770092672,Tropical Storm,45.0,51.8,1000.0,2014-09-01,2014-09-04,2.5,Landfall,Tropical Storm,22.0,-97.7,40.0,2014-09-02,1,0.002048302045785322,12.25,0.005574798071068754,0.09177406150196676,0.07256020638759075,0.0,1.05664631648923,-0.0025865704677490815
2014279N11096,Hudhud (2014),2014.0,2014-0392-IND,nat-met-sto-tro,IND,Asia,0.0,53.0,0.0,920000.0,920000.0,530000.0,720759.0,7000000.0,9519461.0,73.5335770092672,Category 4,115.0,132.3,937.0,2014-10-06,2014-10-14,8.1,Landfall,Category 3,17.7887,83.0748,110.0,2014-10-06,0,-0.006327685613302325,15.460000038146973,0.0,0.12345350159828059,-0.1352966026108865,-0.021170121379307627,1.0300171005718548,0.010836866178417615
2015013S18038,Chedza (2015),2015.0,2015-0016-MDG,nat-met-sto-tro,MDG,Africa,0.0,89.0,37.0,0.0,174007.0,0.0,0.0,36000.0,48899.0,73.6208029365864,Tropical Storm,50.0,57.5,985.0,2015-01-13,2015-01-22,9.2,Landfall,Tropical Depression,-17.5,37.6,0.0,2015-01-13,0,0.011310281657380683,20.559999465942383,0.0,0.18995263041335264,-0.20310028831006566,-0.04792312006873356,0.9923284811298605,-0.021269662624997604
2015045S12145,Lam (2015),2015.0,2015-0053-AUS,nat-met-sto-tro,AUS,Oceania,0.0,0.0,0.0,390.0,438.0,0.0,0.0,78000.0,105948.0,73.6208029365864,Category 3,100.0,115.1,948.0,2015-02-14,2015-02-20,6.8,Landfall,Tropical Depression,-12.8454,143.189,0.0,2015-02-17,3,0.02677967074820553,15.800000190734863,0.02039994689282776,0.17727624895378258,-0.5216266603273324,0.0,1.0730690094728876,-0.009090225858488201
2015047S15152,Marcia (2015),2015.0,2015-0079-AUS,nat-met-sto-tro,AUS,Oceania,0.0,1.0,0.0,0.0,6000.0,396000.0,537891.0,546000.0,741638.0,73.6208029365864,Category 4,125.0,143.8,929.0,2015-02-16,2015-02-22,6.2,Landfall,Category 4,-22.775,150.475,115.0,2015-02-17,1,0.02677967074820553,15.800000190734863,0.02039994689282776,0.17727624895378258,-0.5216266603273324,0.0,1.0730690094728876,-0.009090225858488201
2015066S08170,Pam (2015),2015.0,2015-0093-TUV,nat-met-sto-tro,TUV,Oceania,0.0,0.0,0.0,4613.0,4613.0,0.0,0.0,0.0,0.0,73.6208029365864,Category 5,150.0,172.6,911.0,2015-03-07,2015-03-20,12.8,At Sea / Open Water,At Sea / Open Water,0.0,0.0,0.0,2015-03-09,2,-0.017123544913469013,15.0600004196167,-0.007745853897114352,0.08500437625005265,-0.017346165055392992,-0.007745853897114352,1.0693219487517356,0.010374937778448707
2015171N15112,Kujira (2015),2015.0,2015-0252-CHN,nat-met-sto-tro,CHN,Asia,0.0,0.0,0.0,193000.0,193000.0,0.0,0.0,11000.0,14941.0,73.6208029365864,Tropical Storm,50.0,57.5,985.0,2015-06-19,2015-06-25,5.2,Landfall,Tropical Storm,18.9,110.35,40.0,2015-06-19,0,0.008692006186345358,13.960000038146973,-0.007660722598894387,0.12656343699476064,0.11526436247182259,-0.016692942350244322,0.9394645130924688,0.010474577808612235
2015249N18142,Etau (2015),2015.0,2015-0456-JPN,nat-met-sto-tro,JPN,Asia,0.0,8.0,46.0,60000.0,60046.0,250000.0,339578.0,0.0,0.0,73.6208029365864,Tropical Storm,60.0,69.0,978.0,2015-09-05,2015-09-11,6.0,Landfall,Tropical Storm,35.8501,136.762,40.0,2015-09-08,3,-0.0012140030324151452,24.899999618530273,-0.008535850325100514,0.3280724949367009,-0.15496405445589678,-0.08181833213220335,1.0292578328503574,0.0019484793239136012
2015309N14067,Megh (2015),2015.0,2015-0494-SOM,nat-met-sto-tro,SOM,Africa,0.0,0.0,0.0,0.0,0.0,0.0,0.0,0.0,0.0,73.6208029365864,Category 3,110.0,126.6,941.0,2015-11-04,2015-11-10,6.0,Landfall,Tropical Depression,13.4541,46.5591,22.0,2015-11-04,0,0.00674806553944185,15.510000228881836,-0.003270258802567927,0.16740429647433286,-0.6421455228407491,-0.003270258802567927,1.0356386819791752,0.017410837256465996
2015293N13266,Patricia (2015),2015.0,2015-0470-MEX,nat-met-sto-tro,MEX,Americas,0.0,14.0,0.0,15000.0,15000.0,343000.0,465901.0,823000.0,1117891.0,73.6208029365864,Category 5,185.0,212.9,872.0,2015-10-20,2015-10-24,4.2,Landfall,Category 4,19.4,-105.0,130.0,2015-10-20,0,0.014282512546046178,15.75,0.02556317577174272,0.1731584269098959,-0.43603453969917094,0.0,1.001504933172288,-0.007491632893666205
2015273N12130,Mujigae (2015),2015.0,2015-0490-CHN,nat-met-sto-tro,CHN,Asia,0.0,20.0,0.0,52500.0,78300.0,0.0,0.0,4200000.0,5704909.0,73.6208029365864,Category 4,115.0,132.3,937.0,2015-09-30,2015-10-05,5.2,Landfall,Tropical Depression,15.7,121.325,30.0,2015-09-30,0,-0.010175445988072851,24.5,0.0008831603406795896,0.22014945480657847,0.40685584674255715,-0.03308657967504813,1.007497295269534,-0.014866362112971883
2015256N16113,Vamco (2015),2015.0,2015-0620-THA,nat-met-sto-tro,THA,Asia,0.0,3.0,0.0,1440.0,1440.0,0.0,0.0,561.0,762.0,73.6208029365864,Tropical Storm,35.0,40.3,996.0,2015-09-13,2015-09-15,2.2,Landfall,Tropical Depression,15.6351,108.219,32.0,2015-09-14,1,0.017757849067738363,24.25,0.01854337508061099,0.3283137128941756,-0.4127037429358794,-0.08814228144755931,1.030338891982556,-0.00937794158554224
2016215N16283,Earl (2016),2016.0,2016-0284-HND,nat-met-sto-tro,HND,Americas,0.0,1.0,0.0,151.0,151.0,0.0,0.0,0.0,0.0,74.5496029864344,Category 1,75.0,86.3,979.0,2016-08-02,2016-08-06,4.2,Landfall,Category 1,17.4,-88.3,75.0,2016-08-02,0,-0.005536141324290478,13.369999885559082,-0.010993405617201857,0.09862618735178894,0.15152911226458232,-0.012663675489230752,1.3678251174342995,0.012382644277425171
2016215N16283,Earl (2016),2016.0,2016-0284-BLZ,nat-met-sto-tro,BLZ,Americas,0.0,0.0,0.0,10355.0,10355.0,0.0,0.0,0.0,0.0,74.5496029864344,Category 1,75.0,86.3,979.0,2016-08-02,2016-08-06,4.2,Landfall,Category 1,17.4,-88.3,75.0,2016-08-02,0,-0.005536141324290478,13.369999885559082,-0.010993405617201857,0.09862618735178894,0.15152911226458232,-0.012663675489230752,1.3678251174342995,0.012382644277425171
2016215N16283,Earl (2016),2016.0,2016-0284-MEX,nat-met-sto-tro,MEX,Americas,0.0,54.0,0.0,11000.0,11000.0,0.0,0.0,0.0,0.0,74.5496029864344,Category 1,75.0,86.3,979.0,2016-08-02,2016-08-06,4.2,Landfall,Category 1,17.4,-88.3,75.0,2016-08-02,0,-0.005536141324290478,13.369999885559082,-0.010993405617201857,0.09862618735178894,0.15152911226458232,-0.012663675489230752,1.3678251174342995,0.012382644277425171
2016242N24279,Hermine (2016),2016.0,2016-0322-USA,nat-met-sto-tro,USA,Americas,0.0,3.0,0.0,13500.0,14070.0,270000.0,362175.0,600000.0,804833.0,74.5496029864344,Category 1,70.0,80.6,981.0,2016-08-28,2016-09-08,11.0,Landfall,Category 1,30.1,-84.1,70.0,2016-08-29,1,-0.0007778309410803042,12.9399995803833,0.012911470606405517,0.09803945286016126,0.24399310020354892,0.0,1.415320143367879,0.004292272124140627
2016266N11144,Megi (2016),2016.0,2016-0350-CHN,nat-met-sto-tro,CHN,Asia,0.0,35.0,0.0,36000.0,36000.0,0.0,0.0,830000.0,1113353.0,74.5496029864344,Category 4,120.0,138.1,933.0,2016-09-22,2016-09-29,7.8,Landfall,Category 2,23.8963,121.035,90.0,2016-09-22,0,0.013921332427239363,12.020000457763672,0.005614404156442099,0.1266798530710722,-0.44109513220740426,-0.01935194683765873,1.0354392054489947,-0.010668257400521304
2016273N13300,Matthew (2016),2016.0,2016-0355-BHS,nat-met-sto-tro,BHS,Americas,0.0,0.0,0.0,0.0,0.0,0.0,0.0,600000.0,804833.0,74.5496029864344,Category 5,145.0,166.9,934.0,2016-09-28,2016-10-10,11.5,Landfall,Category 4,18.3,-74.3,130.0,2016-09-28,0,0.003799357645445367,12.390000343322754,-0.006686855232192812,0.13519835251666076,-0.3294299364201301,-0.027909907177028792,0.9982940257769763,0.019671804598658055
2016273N13300,Matthew (2016),2016.0,2016-0355-HTI,nat-met-sto-tro,HTI,Americas,0.0,546.0,439.0,2100000.0,2100439.0,0.0,0.0,2000000.0,2682778.0,74.5496029864344,Category 5,145.0,166.9,934.0,2016-09-28,2016-10-10,11.5,Landfall,Category 4,18.3,-74.3,130.0,2016-09-28,0,0.003799357645445367,12.390000343322754,-0.006686855232192812,0.13519835251666076,-0.3294299364201301,-0.027909907177028792,0.9982940257769763,0.019671804598658055
2016273N13300,Matthew (2016),2016.0,2016-0355-LCA,nat-met-sto-tro,LCA,Americas,0.0,0.0,0.0,25000.0,25000.0,0.0,0.0,0.0,0.0,74.5496029864344,Category 5,145.0,166.9,934.0,2016-09-28,2016-10-10,11.5,Landfall,Category 4,18.3,-74.3,130.0,2016-09-28,0,0.003799357645445367,12.390000343322754,-0.006686855232192812,0.13519835251666076,-0.3294299364201301,-0.027909907177028792,0.9982940257769763,0.019671804598658055
2016230N15138,Mindulle (2016),2016.0,2016-0382-JPN,nat-met-sto-tro,JPN,Asia,0.0,2.0,70.0,3633.0,3703.0,0.0,0.0,100000.0,134139.0,74.5496029864344,Category 1,65.0,74.8,974.0,2016-08-16,2016-08-23,6.5,Landfall,Tropical Storm,35.85,140.025,60.0,2016-08-16,0,-0.0010081467849896164,12.640000343322754,-0.004569762565086344,0.09998879578519579,-0.14275678359944777,-0.004569762565086344,1.436125632931052,-0.0033156104785753643
2016323N13279,Otto (2016),2016.0,2016-0433-CRI,nat-met-sto-tro,CRI,Americas,0.0,9.0,0.0,50000.0,50000.0,0.0,0.0,0.0,0.0,74.5496029864344,Category 3,100.0,115.1,975.0,2016-11-17,2016-11-26,8.8,Landfall,Category 3,11.0,-83.8,100.0,2016-11-17,0,0.009543159820688984,13.350000381469728,0.025450897333974654,0.23631618637994167,-0.5922105816405288,-0.0018019896072540842,1.1004637117161173,-0.0014316205593043127
2016341N08092,Vardah (2016),2016.0,2016-0485-IND,nat-met-sto-tro,IND,Asia,0.0,24.0,0.0,0.0,0.0,200000.0,268278.0,1000000.0,1341389.0,74.5496029864344,Category 2,85.0,97.8,959.0,2016-12-06,2016-12-19,12.8,Landfall,Category 1,13.1,79.85,65.0,2016-12-06,0,0.0035760308550556452,11.789999961853027,0.04097251498213672,0.2327675174858374,0.06024325580709933,0.0,1.170249540552133,-0.01209211755618652
2017232N19130,Hato (2017),2017.0,2017-0352-VNM,nat-met-sto-tro,VNM,Asia,0.0,1.0,1.0,0.0,1.0,0.0,0.0,1430000.0,1878178.0,76.1376037057766,Category 3,100.0,115.1,948.0,2017-08-19,2017-08-25,5.5,Landfall,Category 2,22.175,112.85,85.0,2017-08-21,2,-0.014764198245264426,13.1899995803833,-0.02074185973100251,0.12752121790910495,-0.08945705628738154,-0.03308355421040865,0.9179142826101836,-0.0022377825627731725
2017043S19040,Dineo (2017),2017.0,2017-0051-MOZ,nat-met-sto-tro,MOZ,Africa,0.0,7.0,102.0,750000.0,750102.0,0.0,0.0,17000.0,22328.0,76.1376037057766,Category 2,85.0,97.8,959.0,2017-02-11,2017-02-17,5.8,Landfall,Category 1,-23.4,35.25,75.0,2017-02-13,2,0.0167736416723272,11.06999969482422,0.018636015774389225,0.16612622971670565,1.1940598705084957,0.0,1.443908646215678,-0.0006219369721463079
2017147N14087,Mora (2017),2017.0,2017-0152-BGD,nat-met-sto-tro,BGD,Asia,0.0,7.0,12.0,3300000.0,3300012.0,0.0,0.0,0.0,0.0,76.1376037057766,Category 1,80.0,92.1,963.0,2017-05-27,2017-05-30,3.5,Landfall,Category 1,21.8988,91.9716,67.0,2017-05-30,3,0.008266338907300108,10.380000114440918,0.0017086343382171076,0.13702185257558092,-0.4116812049218319,-0.0180067121672024,1.692629278072039,-0.014544162109101987
2017195N16114,Talas (2017),2017.0,2017-0281-VNM,nat-met-sto-tro,VNM,Asia,0.0,9.0,0.0,21000.0,21000.0,0.0,0.0,71000.0,93252.0,76.1376037057766,Tropical Storm,50.0,57.5,985.0,2017-07-14,2017-07-17,3.8,Landfall,Tropical Storm,18.6,105.675,45.0,2017-07-14,0,0.014249740905891262,9.510000228881836,-0.0051893579505397636,0.11995256367118688,0.0388660057477066,-0.005983123148506464,1.1878752888045794,-0.011201097907152485
2017242N16333,Irma (2017),2017.0,2017-0381-BLM,nat-met-sto-tro,BLM,Americas,0.0,4.0,0.0,0.0,0.0,1048800.0,1377506.0,0.0,0.0,76.1376037057766,Category 5,155.0,178.4,914.0,2017-08-30,2017-09-13,14.5,Landfall,Category 3,25.9,-81.7,100.0,2017-08-30,0,0.00592896952370392,11.220000267028809,-0.0028292830153423543,0.11938939543280061,-0.03923775083509273,-0.028357433782661978,0.8959315420553505,-0.03515488329170203
2017242N16333,Irma (2017),2017.0,2017-0381-BRB,nat-met-sto-tro,BRB,Americas,0.0,1.0,0.0,0.0,0.0,0.0,0.0,0.0,0.0,76.1376037057766,Category 5,155.0,178.4,914.0,2017-08-30,2017-09-13,14.5,Landfall,Category 3,25.9,-81.7,100.0,2017-08-30,0,0.00592896952370392,11.220000267028809,-0.0028292830153423543,0.11938939543280061,-0.03923775083509273,-0.028357433782661978,0.8959315420553505,-0.03515488329170203
2017242N16333,Irma (2017),2017.0,2017-0381-HTI,nat-met-sto-tro,HTI,Americas,0.0,1.0,17.0,40075.0,40092.0,162.0,213.0,0.0,0.0,76.1376037057766,Category 5,155.0,178.4,914.0,2017-08-30,2017-09-13,14.5,Landfall,Category 3,25.9,-81.7,100.0,2017-08-30,0,0.00592896952370392,11.220000267028809,-0.0028292830153423543,0.11938939543280061,-0.03923775083509273,-0.028357433782661978,0.8959315420553505,-0.03515488329170203
2017242N16333,Irma (2017),2017.0,2017-0381-PRI,nat-met-sto-tro,PRI,Americas,0.0,2.0,0.0,0.0,0.0,0.0,0.0,0.0,0.0,76.1376037057766,Category 5,155.0,178.4,914.0,2017-08-30,2017-09-13,14.5,Landfall,Category 3,25.9,-81.7,100.0,2017-08-30,0,0.00592896952370392,11.220000267028809,-0.0028292830153423543,0.11938939543280061,-0.03923775083509273,-0.028357433782661978,0.8959315420553505,-0.03515488329170203
2017242N16333,Irma (2017),2017.0,2017-0381-TCA,nat-met-sto-tro,TCA,Americas,0.0,0.0,0.0,0.0,0.0,14900.0,19570.0,500000.0,656706.0,76.1376037057766,Category 5,155.0,178.4,914.0,2017-08-30,2017-09-13,14.5,Landfall,Category 3,25.9,-81.7,100.0,2017-08-30,0,0.00592896952370392,11.220000267028809,-0.0028292830153423543,0.11938939543280061,-0.03923775083509273,-0.028357433782661978,0.8959315420553505,-0.03515488329170203
2017242N16333,Irma (2017),2017.0,2017-0381-VGB,nat-met-sto-tro,VGB,Americas,0.0,9.0,0.0,0.0,0.0,0.0,0.0,3000000.0,3940234.0,76.1376037057766,Category 5,155.0,178.4,914.0,2017-08-30,2017-09-13,14.5,Landfall,Category 3,25.9,-81.7,100.0,2017-08-30,0,0.00592896952370392,11.220000267028809,-0.0028292830153423543,0.11938939543280061,-0.03923775083509273,-0.028357433782661978,0.8959315420553505,-0.03515488329170203
2017260N12310,Maria (2017),2017.0,2017-0383-DMA,nat-met-sto-tro,DMA,Americas,0.0,64.0,100.0,71293.0,71393.0,19300.0,25349.0,1456000.0,1912327.0,76.1376037057766,Category 5,150.0,172.6,908.0,2017-09-16,2017-10-02,16.0,Landfall,Category 4,18.0,-65.9,135.0,2017-09-18,2,0.007019417295161201,10.149999618530272,0.026285224335396817,0.14763943323134854,-0.39963195222199643,0.0,1.0190598601978167,0.01679147625203239
2017260N12310,Maria (2017),2017.0,2017-0383-HTI,nat-met-sto-tro,HTI,Americas,0.0,3.0,0.0,0.0,0.0,0.0,0.0,0.0,0.0,76.1376037057766,Category 5,150.0,172.6,908.0,2017-09-16,2017-10-02,16.0,Landfall,Category 4,18.0,-65.9,135.0,2017-09-18,2,0.007019417295161201,10.149999618530272,0.026285224335396817,0.14763943323134854,-0.39963195222199643,0.0,1.0190598601978167,0.01679147625203239
2017253N14130,Doksuri (2017),2017.0,2017-0406-VNM,nat-met-sto-tro,VNM,Asia,0.0,14.0,112.0,691900.0,692012.0,0.0,0.0,484000.0,635691.0,76.1376037057766,Category 2,95.0,109.3,960.0,2017-09-10,2017-09-16,6.2,Landfall,Tropical Depression,14.4994,121.278,30.0,2017-09-11,1,0.005527694612103895,10.729999542236328,-0.010093070985295993,0.15718034533196953,0.7398807574182462,-0.022718323253803963,1.0165258194321791,0.019149805417496668
2018089S18172,Josie (2018),2018.0,2018-0101-FJI,nat-met-sto-tro,FJI,Oceania,0.0,7.0,0.0,89950.0,89950.0,0.0,0.0,10000.0,12821.0,77.9972651879547,Tropical Storm,50.0,57.5,994.0,2018-03-30,2018-04-04,5.2,At Sea / Open Water,At Sea / Open Water,0.0,0.0,0.0,2018-04-02,3,-0.0022473880487124953,23.6200008392334,0.0052203328235440605,0.26805383565037905,-0.16715963243158494,-0.08895111412920853,1.1379282137110356,-0.002247975374240211
2017304N11127,Damrey (2017),2017.0,2017-0422-VNM,nat-met-sto-tro,VNM,Asia,0.0,123.0,0.0,4330000.0,4330000.0,0.0,0.0,1000000.0,1313411.0,76.1376037057766,Category 2,90.0,103.6,967.0,2017-10-31,2017-11-05,5.0,Landfall,Tropical Depression,11.25,124.35,0.0,2017-10-31,0,0.0022995460556769487,10.18000030517578,-0.007833005001774418,0.08849374030817332,-0.3488194426306579,-0.007833005001774418,1.263120488310352,-0.015736841704034252
2017288N09138,Lan (2017),2017.0,2017-0432-JPN,nat-met-sto-tro,JPN,Asia,0.0,8.0,210.0,18600.0,18810.0,0.0,0.0,1000000.0,1313411.0,76.1376037057766,Category 4,135.0,155.4,922.0,2017-10-15,2017-10-23,8.8,Landfall,Category 1,34.6857,138.207,70.0,2017-10-16,1,0.005276634642993994,9.90999984741211,0.0019048043131264514,0.08220739578263088,0.3401541789777984,-0.002654454471247014,1.356274636160202,0.007811055127823982
2017252N14147,Talim (2017),2017.0,2017-0468-JPN,nat-met-sto-tro,JPN,Asia,0.0,2.0,56.0,21600.0,21656.0,330000.0,433426.0,500000.0,656706.0,76.1376037057766,Category 4,120.0,138.1,933.0,2017-09-08,2017-09-22,14.2,Landfall,Tropical Storm,31.4564,130.855,55.0,2017-09-08,0,-0.0036767918960330936,12.119999885559082,-0.02429145394787624,0.1427284662412961,0.5520449879254361,-0.03945784208316472,0.9691230343376299,0.016968919610163537
2017333N06082,Ockhi (2017),2017.0,2017-0508-LKA,nat-met-sto-tro,LKA,Asia,0.0,27.0,77.0,160000.0,160077.0,0.0,0.0,346000.0,454440.0,76.1376037057766,Category 3,100.0,115.1,948.0,2017-11-28,2017-12-05,7.0,Landfall,Tropical Depression,6.1,80.6667,30.0,2017-11-28,0,0.017692829303877833,10.029999732971191,0.02283104358864496,0.12015449482034125,1.4553252120207536,-0.00037165973322583756,1.332011671272598,0.03446457840618194
2018038S15172,Gita (2018),2018.0,2018-0042-WSM,nat-met-sto-tro,WSM,Oceania,0.0,0.0,0.0,0.0,0.0,0.0,0.0,0.0,0.0,77.9972651879547,Category 4,125.0,143.8,929.0,2018-02-07,2018-02-22,15.5,Landfall,Tropical Depression,-42.0131,172.712,0.0,2018-02-07,0,-0.05047886336747187,27.729999542236328,-0.044721059419656206,0.23322063767703,1.0745467583755013,-0.05833613046276409,1.0445907256338163,0.008346764854295278
2018073S12057,Eliakim (2018),2018.0,2018-0086-MDG,nat-met-sto-tro,MDG,Africa,0.0,21.0,0.0,50872.0,50872.0,0.0,0.0,0.0,0.0,77.9972651879547,Category 1,65.0,74.8,982.0,2018-03-13,2018-03-22,9.2,Landfall,Tropical Storm,-15.8,50.2,60.0,2018-03-13,0,0.014072004996698695,16.350000381469727,0.01070456085742788,0.1854742169224367,-0.05420927469691095,-0.014477852529595658,1.1027639277652086,0.003793419836839
2023039S15153,Gabrielle (2023),2023.0,2023-0079-NZL,nat-met-sto-tro,NZL,Oceania,0.0,11.0,0.0,10500.0,10500.0,1900000.0,2007510.0,2800000.0,2958435.0,94.6446220103845,Category 2,89.0,102.4,958.0,2023-02-08,2023-02-12,4.2,At Sea / Open Water,At Sea / Open Water,0.0,0.0,0.0,2023-02-08,0,-0.0003652317123680193,19.6299991607666,0.006017279383909724,0.1394482279923992,-0.32795850536866933,-0.005945942170572316,0.762998827508017,-0.007003038532351743
2018186N10325,Beryl (2018),2018.0,2018-0280-DOM,nat-met-sto-tro,DOM,Americas,0.0,0.0,0.0,0.0,8000.0,0.0,0.0,0.0,0.0,77.9972651879547,Category 1,70.0,80.6,991.0,2018-07-04,2018-07-17,12.8,Landfall,Tropical Depression,18.6696,-71.1097,30.0,2018-07-05,1,0.013959614808509047,14.970000267028809,0.0068282647788335815,0.08342446256700331,-0.479271234532492,-0.05074895307101701,0.9851608103238075,-0.001481051249386519
2018186N10325,Beryl (2018),2018.0,2018-0280-PRI,nat-met-sto-tro,PRI,Americas,0.0,0.0,0.0,0.0,0.0,0.0,0.0,0.0,0.0,77.9972651879547,Category 1,70.0,80.6,991.0,2018-07-04,2018-07-17,12.8,Landfall,Tropical Depression,18.6696,-71.1097,30.0,2018-07-05,1,0.013959614808509047,14.970000267028809,0.0068282647788335815,0.08342446256700331,-0.479271234532492,-0.05074895307101701,0.9851608103238075,-0.001481051249386519
2018184N10147,Maria (2018),2018.0,2018-0285-CHN,nat-met-sto-tro,CHN,Asia,0.0,0.0,0.0,45000.0,45000.0,0.0,0.0,490000.0,628227.0,77.9972651879547,Category 5,145.0,166.9,910.0,2018-07-03,2018-07-13,10.0,Landfall,Category 2,26.3821,119.097,85.0,2018-07-03,0,-0.0025770723118381245,16.139999389648438,-0.00786809059540039,0.11009215682882449,-0.45524031794111497,-0.05289485281782624,1.0021843161025434,-0.0005230079859591327
2018221N17112,Bebinca (2018),2018.0,2018-0305-LAO,nat-met-sto-tro,LAO,Asia,0.0,0.0,0.0,615145.0,615145.0,0.0,0.0,225000.0,288472.0,77.9972651879547,Tropical Storm,60.0,69.0,979.0,2018-08-09,2018-08-17,8.8,Landfall,Tropical Depression,21.6512,112.222,20.0,2018-08-09,0,0.009490562807761949,11.270000457763672,0.012159984426988846,0.12129232788745908,-0.23409173325819777,-0.005971273610513417,1.0695453932138093,-0.0029244574383057603
2018218N18134,Yagi (2018),2018.0,2018-0347-CHN,nat-met-sto-tro,CHN,Asia,0.0,3.0,0.0,2400.0,2400.0,0.0,0.0,367000.0,470529.0,77.9972651879547,Tropical Storm,45.0,51.8,983.0,2018-08-06,2018-08-16,10.0,Landfall,Tropical Storm,28.3089,121.503,40.0,2018-08-06,0,0.016752979295495907,11.270000457763672,0.004263056186186498,0.12171203304157244,-0.3230507436152148,0.0,1.0324475073300419,-0.010949830181211288
2018226N23128,Rumbia (2018),2018.0,2018-0348-CHN,nat-met-sto-tro,CHN,Asia,0.0,53.0,0.0,39600.0,39600.0,0.0,0.0,5400000.0,6923320.0,77.9972651879547,Tropical Storm,50.0,57.5,978.0,2018-08-14,2018-08-20,6.8,Landfall,Tropical Storm,30.904,121.228,47.0,2018-08-14,0,-0.005883092382582444,13.3100004196167,-0.01549298152453571,0.12458452016121489,-0.021287375080141446,-0.017913430995562307,1.1027590950874155,0.0051856636847625644
2018263N12146,Trami (2018),2018.0,2018-0353-JPN,nat-met-sto-tro,JPN,Asia,0.0,4.0,200.0,18000.0,18200.0,0.0,0.0,4500000.0,5769433.0,77.9972651879547,Category 5,140.0,161.1,914.0,2018-09-20,2018-10-03,13.5,Landfall,Category 1,33.8252,135.444,70.0,2018-09-20,0,0.009455552550481805,11.800000190734863,0.03389203154211606,0.10543456070342028,0.7465665861071522,0.0,0.9304722112151445,-0.029046528843940173
2018265N35315,Leslie (2018),2018.0,2018-0376-PRT,nat-met-sto-tro,PRT,Europe,0.0,2.0,28.0,60.0,88.0,60000.0,76926.0,115500.0,148082.0,77.9972651879547,Category 1,80.0,92.1,968.0,2018-09-22,2018-10-14,22.0,Landfall,Tropical Storm,41.1,-7.6,40.0,2018-09-24,2,0.010359106890072356,12.199999809265137,0.015513602830131035,0.11336123966418955,0.7833089910398061,-0.014972886101712435,0.9174866486080204,-0.0279246162607293
2018294N08161,Yutu (2018),2018.0,2018-0399-MNP,nat-met-sto-tro,MNP,Oceania,0.0,2.0,0.0,0.0,0.0,0.0,0.0,0.0,0.0,77.9972651879547,Category 5,150.0,172.6,904.0,2018-10-20,2018-11-03,13.5,Landfall,Category 3,16.7662,122.297,97.0,2018-10-22,2,0.002223035032105969,19.63999938964844,-0.007981838832489707,0.2049459389379274,-0.2865161977896842,-0.07806417421957412,0.95636029377721,0.01501975686783015
2018292N13269,Vicente (2018),2018.0,2018-0421-MEX,nat-met-sto-tro,MEX,Americas,0.0,14.0,0.0,0.0,0.0,0.0,0.0,7005.0,8981.0,77.9972651879547,Tropical Storm,45.0,51.8,1002.0,2018-10-19,2018-10-23,4.6,Landfall,Tropical Depression,18.0,-102.4,25.0,2018-10-19,0,0.0010870263983777662,19.88999938964844,0.00908082978670044,0.19659964088352883,-0.4663039301689951,-0.06157617483729827,0.9172076645746468,-0.016611804954150267
2018314N12093,Gaja (2018),2018.0,2018-0431-IND,nat-met-sto-tro,IND,Asia,0.0,45.0,0.0,500000.0,500000.0,0.0,0.0,775000.0,993625.0,77.9972651879547,Category 1,80.0,92.1,963.0,2018-11-10,2018-11-19,9.4,Landfall,Category 1,10.4674,79.69,75.0,2018-11-12,2,-0.0029994919370102124,20.450000762939453,-0.008208787473635404,0.2242397467026727,-0.1970895550354479,-0.02886365865956997,0.8958528780160501,0.018929592743314398
2019268N10155,Mitag (2019),2019.0,2019-0472-CHN,nat-met-sto-tro,CHN,Asia,0.0,3.0,0.0,0.0,0.0,0.0,0.0,263000.0,331189.0,79.4107846043372,Category 2,90.0,103.6,961.0,2019-09-24,2019-10-05,11.0,Landfall,Tropical Storm,35.0475,127.236,40.0,2019-09-24,0,-0.012241614953714453,17.049999237060547,-0.014706906039776535,0.13324313564935236,0.5087230356653487,-0.018161482183674194,1.113313585251778,-0.006256208210716213
2019063S18038,Idai (2019),2019.0,2019-0110-MOZ,nat-met-sto-tro,MOZ,Africa,0.0,603.0,1500.0,1500000.0,1501500.0,150000.0,188891.0,2000000.0,2518550.0,79.4107846043372,Category 4,115.0,132.3,947.0,2019-03-04,2019-03-16,12.5,Landfall,Tropical Depression,-17.5149,37.2701,0.0,2019-03-04,0,-0.00042910849415134233,14.630000114440918,-0.0018816308393045933,0.12469273456674174,1.2642193646393327,-0.006369470777503938,0.8972256256684923,-0.007475484191253147
2023037S12119,Freddy (2023),2023.0,2023-0095-MUS,nat-met-sto-tro,MUS,Africa,0.0,1.0,0.0,2500.0,2500.0,0.0,0.0,0.0,0.0,94.6446220103845,Category 5,138.0,158.8,924.0,2023-02-06,2023-02-24,18.0,Landfall,Category 2,-21.1,48.3,89.0,2023-02-06,0,0.023066069229040975,19.43000030517578,0.014139182239331527,0.1341734665745008,0.02147808197499601,-0.0021819533185351014,0.8093148308233918,0.0030972141992421758
2019192N29274,Barry (2019),2019.0,2019-0335-USA,nat-met-sto-tro,USA,Americas,0.0,1.0,0.0,0.0,0.0,300000.0,377782.0,600000.0,755565.0,79.4107846043372,Category 1,65.0,74.8,993.0,2019-07-10,2019-07-16,5.8,Landfall,Category 1,29.6,-92.2,65.0,2019-07-10,0,0.007354608765394621,13.029999732971191,0.003948385928798093,0.11169705397930073,-0.3542509906969845,-0.00674718480648584,0.9837437909706644,-0.0014238090875658706
2019243N06136,Lingling (2019),2019.0,2019-0424-KOR,nat-met-sto-tro,KOR,Asia,0.0,3.0,33.0,38.0,71.0,0.0,0.0,0.0,0.0,79.4107846043372,Category 4,120.0,138.1,928.0,2019-08-30,2019-09-12,12.5,Landfall,Category 1,37.9,125.225,65.0,2019-08-30,0,0.026680117789881663,18.979999542236328,0.031417573650569075,0.2718761569664011,-0.5297019083938488,-0.012472485112792198,1.0746529565617107,0.013788712673649693
2019243N06136,Lingling (2019),2019.0,2019-0424-PRK,nat-met-sto-tro,PRK,Asia,0.0,5.0,0.0,5300000.0,5300000.0,0.0,0.0,24000.0,30223.0,79.4107846043372,Category 4,120.0,138.1,928.0,2019-08-30,2019-09-12,12.5,Landfall,Category 1,37.9,125.225,65.0,2019-08-30,0,0.026680117789881663,18.979999542236328,0.031417573650569075,0.2718761569664011,-0.5297019083938488,-0.012472485112792198,1.0746529565617107,0.013788712673649693
2023037S12119,Freddy (2023),2023.0,2023-0095-REU,nat-met-sto-tro,REU,Africa,0.0,0.0,0.0,25000.0,25000.0,0.0,0.0,0.0,0.0,94.6446220103845,Category 5,138.0,158.8,924.0,2023-02-06,2023-02-24,18.0,Landfall,Category 2,-21.1,48.3,89.0,2023-02-06,0,0.023066069229040975,19.43000030517578,0.014139182239331527,0.1341734665745008,0.02147808197499601,-0.0021819533185351014,0.8093148308233918,0.0030972141992421758
2023037S12119,Freddy (2023),2023.0,2023-0095-ZWE,nat-met-sto-tro,ZWE,Africa,0.0,2.0,0.0,0.0,0.0,0.0,0.0,0.0,0.0,94.6446220103845,Category 5,138.0,158.8,924.0,2023-02-06,2023-02-24,18.0,Landfall,Category 2,-21.1,48.3,89.0,2023-02-06,0,0.023066069229040975,19.43000030517578,0.014139182239331527,0.1341734665745008,0.02147808197499601,-0.0021819533185351014,0.8093148308233918,0.0030972141992421758
2019246N24266,Fernand (2019),2019.0,2019-0519-MEX,nat-met-sto-tro,MEX,Americas,0.0,1.0,0.0,0.0,0.0,25000.0,31482.0,383000.0,482302.0,79.4107846043372,Tropical Storm,45.0,51.8,1000.0,2019-09-03,2019-09-05,1.8,Landfall,Tropical Depression,24.3,-98.0,30.0,2019-09-03,0,0.00951372433131703,19.65999984741211,0.01100578208657077,0.24685731301557312,0.7555617328202953,-0.022743779248960094,1.0992376136589361,0.021609029932629503
2019354N05151,Phanfone (2019),2019.0,2019-0634-PHL,nat-met-sto-tro,PHL,Asia,0.0,63.0,369.0,3296877.0,3297246.0,0.0,0.0,15722.0,19798.0,79.4107846043372,Category 3,105.0,120.8,958.0,2019-12-19,2019-12-29,9.8,At Sea / Open Water,At Sea / Open Water,0.0,0.0,0.0,2019-12-19,0,0.011887662375620778,12.5,-0.0006490310537636823,0.11676519333908,-0.46005772532972855,-0.004524967541483016,1.1885860721210864,-0.009027539426421314
2020072S14054,Herold (2020),2020.0,2020-0103-MDG,nat-met-sto-tro,MDG,Africa,0.0,4.0,0.0,3200.0,3200.0,0.0,0.0,0.0,0.0,80.3903830082114,Category 3,100.0,115.1,960.0,2020-03-12,2020-03-21,8.8,At Sea / Open Water,At Sea / Open Water,0.0,0.0,0.0,2020-03-12,0,-0.17969344969271928,75.47000122070312,-0.22986789485742853,0.6829740686372041,0.2392939968080623,-0.34648724063995084,1.1471309923045059,-0.0021712820975559946
2020092S09155,Harold (2020),2020.0,2020-0132-FJI,nat-met-sto-tro,FJI,Oceania,0.0,1.0,0.0,180000.0,180000.0,0.0,0.0,13000.0,16171.0,80.3903830082114,Category 5,145.0,166.9,909.0,2020-04-01,2020-04-11,10.0,Landfall,Category 4,-15.6,166.867,120.0,2020-04-01,0,-0.0025931157073530997,57.060001373291016,-0.04119656438019548,1.1866711646950698,-0.5140521977347596,-0.25460205408656345,1.2409684187301266,-0.0055189639413706915
2020136N10088,Amphan (2020),2020.0,2020-0211-BGD,nat-met-sto-tro,BGD,Asia,0.0,26.0,0.0,2600000.0,2600000.0,0.0,0.0,1500000.0,1865895.0,80.3903830082114,Category 5,145.0,166.9,901.0,2020-05-15,2020-05-21,6.2,Landfall,Category 2,22.05,88.35,95.0,2020-05-15,0,-0.02106416048155757,31.88999938964844,-0.05563001031921,0.3550990813527686,0.6647993879431431,-0.09965759629220095,1.2408042129340353,0.0016284618439761922
2020136N10088,Amphan (2020),2020.0,2020-0211-IND,nat-met-sto-tro,IND,Asia,0.0,90.0,0.0,18000000.0,18000000.0,0.0,0.0,13500000.0,16793053.0,80.3903830082114,Category 5,145.0,166.9,901.0,2020-05-15,2020-05-21,6.2,Landfall,Category 2,22.05,88.35,95.0,2020-05-15,0,-0.02106416048155757,31.88999938964844,-0.05563001031921,0.3550990813527686,0.6647993879431431,-0.09965759629220095,1.2408042129340353,0.0016284618439761922
2020136N10088,Amphan (2020),2020.0,2020-0211-LKA,nat-met-sto-tro,LKA,Asia,0.0,4.0,0.0,1100.0,1100.0,0.0,0.0,0.0,0.0,80.3903830082114,Category 5,145.0,166.9,901.0,2020-05-15,2020-05-21,6.2,Landfall,Category 2,22.05,88.35,95.0,2020-05-15,0,-0.02106416048155757,31.88999938964844,-0.05563001031921,0.3550990813527686,0.6647993879431431,-0.09965759629220095,1.2408042129340353,0.0016284618439761922
2020153N13072,Nisarga (2020),2020.0,2020-0217-IND,nat-met-sto-tro,IND,Asia,0.0,6.0,0.0,7500.0,7500.0,0.0,0.0,820000.0,1020023.0,80.3903830082114,Category 2,85.0,97.8,968.0,2020-05-31,2020-06-04,3.5,Landfall,Category 1,18.5137,73.2462,77.0,2020-06-01,1,0.034219927469697264,28.229999542236328,0.08029200420047111,0.4111535364712534,0.4000239460415862,-0.01579374955099877,1.2816225761395281,0.05518978735078055
2020152N12269,Amanda (2020),2020.0,2020-0218-GTM,nat-met-sto-tro,GTM,Americas,0.0,2.0,0.0,306000.0,306886.0,0.0,0.0,0.0,0.0,80.3903830082114,Tropical Storm,35.0,40.3,1003.0,2020-05-30,2020-05-31,0.8,Landfall,Tropical Storm,14.1,-90.3,35.0,2020-06-01,2,0.034219927469697264,28.229999542236328,0.08029200420047111,0.4111535364712534,0.4000239460415862,-0.01579374955099877,1.2816225761395281,0.05518978735078055
2020152N12269,Amanda (2020),2020.0,2020-0218-SLV,nat-met-sto-tro,SLV,Americas,0.0,32.0,0.0,149840.0,149840.0,0.0,0.0,220000.0,273665.0,80.3903830082114,Tropical Storm,35.0,40.3,1003.0,2020-05-30,2020-05-31,0.8,Landfall,Tropical Storm,14.1,-90.3,35.0,2020-06-01,2,0.034219927469697264,28.229999542236328,0.08029200420047111,0.4111535364712534,0.4000239460415862,-0.01579374955099877,1.2816225761395281,0.05518978735078055
2020211N14124,Sinlaku (2020),2020.0,2020-0307-LAO,nat-met-sto-tro,LAO,Asia,0.0,0.0,0.0,1000.0,1000.0,0.0,0.0,0.0,0.0,80.3903830082114,Tropical Storm,45.0,51.8,989.0,2020-07-29,2020-08-03,5.0,Landfall,Tropical Depression,15.3,121.0,15.0,2020-07-29,0,-0.0053233660762878054,24.100000381469727,0.006170159819699483,0.22411224829288923,-0.17880884120133045,0.0,1.498407854189596,-0.03752994986118271
2020211N14124,Sinlaku (2020),2020.0,2020-0307-VNM,nat-met-sto-tro,VNM,Asia,0.0,2.0,0.0,10000.0,10000.0,0.0,0.0,232.0,289.0,80.3903830082114,Tropical Storm,45.0,51.8,989.0,2020-07-29,2020-08-03,5.0,Landfall,Tropical Depression,15.3,121.0,15.0,2020-07-29,0,-0.0053233660762878054,24.100000381469727,0.006170159819699483,0.22411224829288923,-0.17880884120133045,0.0,1.498407854189596,-0.03752994986118271
2020211N13306,Isaias (2020),2020.0,2020-0312-DOM,nat-met-sto-tro,DOM,Americas,0.0,2.0,0.0,5595.0,5595.0,0.0,0.0,165000.0,205248.0,80.3903830082114,Category 1,80.0,92.1,986.0,2020-07-28,2020-08-05,7.8,Landfall,Tropical Storm,18.9,-69.8,60.0,2020-07-28,0,-0.011815242560159533,25.440000534057617,-0.012340494085534726,0.21997407917703496,-0.2392017431218314,-0.013152361771609722,1.4963737522763898,-0.0418367218264298
2020205N26272,Hanna (2020),2020.0,2020-0316-MEX,nat-met-sto-tro,MEX,Americas,0.0,5.0,0.0,0.0,0.0,0.0,0.0,135000.0,167931.0,80.3903830082114,Category 1,80.0,92.1,973.0,2020-07-23,2020-07-26,3.8,Landfall,Category 1,26.7,-97.5,80.0,2020-07-23,0,0.006763923701758934,26.079999923706055,0.007453422256960218,0.2863771897487178,-0.331586735137958,0.0,1.4869909895271993,-0.017346255062502758
2020205N26272,Hanna (2020),2020.0,2020-0316-USA,nat-met-sto-tro,USA,Americas,0.0,0.0,0.0,0.0,0.0,0.0,0.0,1100000.0,1368323.0,80.3903830082114,Category 1,80.0,92.1,973.0,2020-07-23,2020-07-26,3.8,Landfall,Category 1,26.7,-97.5,80.0,2020-07-23,0,0.006763923701758934,26.079999923706055,0.007453422256960218,0.2863771897487178,-0.331586735137958,0.0,1.4869909895271993,-0.017346255062502758
2020233N14313,Laura (2020),2020.0,2020-0376-USA,nat-met-sto-tro,USA,Americas,0.0,33.0,0.0,6500.0,6500.0,10000000.0,12439299.0,13000000.0,16171089.0,80.3903830082114,Category 4,130.0,149.6,937.0,2020-08-20,2020-08-29,9.2,Landfall,Tropical Storm,18.2,-68.8,45.0,2020-08-20,0,0.0043047488694807345,22.719999313354492,-0.028708159860723836,0.1663050819171681,0.2942323798708213,-0.037534560061579514,1.3189960669550518,-0.0022401075889482563
2020296N09137,Molave (2020),2020.0,2020-0470-VNM,nat-met-sto-tro,VNM,Asia,0.0,41.0,0.0,450000.0,450000.0,0.0,0.0,540000.0,671722.0,80.3903830082114,Category 3,105.0,120.8,952.0,2020-10-21,2020-10-29,7.5,Landfall,Category 1,13.35,123.2,70.0,2020-10-21,0,-0.014945722291199282,28.649999618530273,-0.004035473016242075,0.1889801058513344,-0.0954428343357383,-0.03253619091077431,0.7249566170601414,-0.009363224055140215
2020281N14126,Linfa (2020),2020.0,2020-0411-VNM,nat-met-sto-tro,VNM,Asia,0.0,243.0,0.0,1500000.0,1500000.0,0.0,0.0,850000.0,1057340.0,80.3903830082114,Tropical Storm,40.0,46.0,999.0,2020-10-06,2020-10-12,5.5,Landfall,Tropical Depression,13.8,124.257,0.0,2020-10-06,0,0.007702249721075027,29.479999542236328,0.02947357392233929,0.21894806155104962,0.6601609741074312,-0.018583700973950457,0.641826793157301,-0.0058149477364567055
2020279N16284,Delta (2020),2020.0,2020-0412-USA,nat-met-sto-tro,USA,Americas,0.0,4.0,0.0,9400.0,9400.0,0.0,0.0,2900000.0,3607397.0,80.3903830082114,Category 4,120.0,138.1,953.0,2020-10-04,2020-10-11,7.0,Landfall,Category 2,20.8,-86.9,90.0,2020-10-05,1,0.01666706337217394,27.959999084472656,0.027027202394538152,0.23488486111420223,-0.061967883955512004,-0.008548527841946818,0.6253724535020322,0.009472520113440092
2020256N25281,Sally (2020),2020.0,2020-0438-USA,nat-met-sto-tro,USA,Americas,0.0,8.0,0.0,0.0,0.0,3500000.0,4353755.0,6300000.0,7836758.0,80.3903830082114,Category 2,95.0,109.3,965.0,2020-09-11,2020-09-18,6.5,Landfall,Tropical Depression,25.5422,-80.5001,32.0,2020-09-11,0,-0.03280350413190791,26.8700008392334,-0.015537750261289895,0.1986159612179197,-0.2959163867873239,-0.030600367229694947,0.8601726214462316,0.004158199993859698
2020306N15288,Eta (2020),2020.0,2020-0474-COL,nat-met-sto-tro,COL,Americas,0.0,0.0,0.0,49800.0,49800.0,0.0,0.0,25000.0,31098.0,80.3903830082114,Category 4,130.0,149.6,922.0,2020-10-31,2020-11-14,13.2,Landfall,Category 4,13.8,-83.5,120.0,2020-11-02,2,-0.027078157723650742,37.130001068115234,-0.014992005294884536,0.22609480732121076,0.20588502104041284,-0.04704041345924914,0.7478233624516788,0.05589620825120762
2020306N15288,Eta (2020),2020.0,2020-0474-PAN,nat-met-sto-tro,PAN,Americas,0.0,79.0,0.0,5000.0,5000.0,0.0,0.0,11000.0,13683.0,80.3903830082114,Category 4,130.0,149.6,922.0,2020-10-31,2020-11-14,13.2,Landfall,Category 4,13.8,-83.5,120.0,2020-11-02,2,-0.027078157723650742,37.130001068115234,-0.014992005294884536,0.22609480732121076,0.20588502104041284,-0.04704041345924914,0.7478233624516788,0.05589620825120762
2020299N18277,Zeta (2020),2020.0,2020-0483-MEX,nat-met-sto-tro,MEX,Americas,0.0,0.0,0.0,0.0,0.0,0.0,0.0,100000.0,124393.0,80.3903830082114,Category 3,100.0,115.1,970.0,2020-10-24,2020-10-30,5.5,Landfall,Category 1,20.4,-87.4,75.0,2020-10-26,2,-0.0076606943553768625,32.459999084472656,0.0028443441774705924,0.2024314623717502,0.2564865430691572,-0.03253619091077431,0.7386909600522995,0.00501038503044662
2020318N16289,Iota (2020),2020.0,2020-0495-NIC,nat-met-sto-tro,NIC,Americas,0.0,18.0,0.0,900000.0,900000.0,0.0,0.0,741000.0,921752.0,80.3903830082114,Category 4,135.0,155.4,917.0,2020-11-12,2020-11-18,6.0,Landfall,Category 4,13.6,-83.5,125.0,2020-11-12,0,0.008480181888621097,25.350000381469727,0.056836104966980994,0.37798100500700477,-0.04865617365484676,-0.020626334307287997,0.8454714594105854,0.02027546119280289
2020318N16289,Iota (2020),2020.0,2020-0495-PAN,nat-met-sto-tro,PAN,Americas,0.0,4.0,0.0,0.0,0.0,0.0,0.0,0.0,0.0,80.3903830082114,Category 4,135.0,155.4,917.0,2020-11-12,2020-11-18,6.0,Landfall,Category 4,13.6,-83.5,125.0,2020-11-12,0,0.008480181888621097,25.350000381469727,0.056836104966980994,0.37798100500700477,-0.04865617365484676,-0.020626334307287997,0.8454714594105854,0.02027546119280289
2020327N08086,Nivar (2020),2020.0,2020-0524-IND,nat-met-sto-tro,IND,Asia,0.0,14.0,0.0,0.0,0.0,0.0,0.0,600000.0,746358.0,80.3903830082114,Category 1,70.0,80.6,982.0,2020-11-22,2020-11-27,5.2,Landfall,Tropical Storm,12.45,79.95,50.0,2020-11-23,1,-0.014094169476509433,22.65999984741211,0.002171607933982189,0.3702722628775576,-0.23218628665657137,0.0,0.874281520628159,0.001454408549409928
2020051S13186,Vicky (2020),2020.0,2020-0558-VNM,nat-met-sto-tro,VNM,Asia,0.0,1.0,4.0,0.0,4.0,0.0,0.0,0.0,0.0,80.3903830082114,Tropical Storm,45.0,51.8,997.0,2020-02-20,2020-02-24,4.2,Landfall,Tropical Depression,-13.5235,-172.491,30.0,2020-02-20,0,-0.0013929948009017146,15.5600004196167,-0.002247728187775966,0.1567600829956025,0.8670793125700003,-0.0032084120862915233,1.0965795546771493,0.007981259945262498
2020211N14124,Sinlaku (2020),2020.0,2020-0307-THA,nat-met-sto-tro,THA,Asia,0.0,4.0,0.0,0.0,0.0,0.0,0.0,0.0,0.0,80.3903830082114,Tropical Storm,45.0,51.8,989.0,2020-07-29,2020-08-03,5.0,Landfall,Tropical Depression,15.3,121.0,15.0,2020-07-29,0,-0.0053233660762878054,24.100000381469727,0.006170159819699483,0.22411224829288923,-0.17880884120133045,0.0,1.498407854189596,-0.03752994986118271
2021012S12086,Eloise (2021),2021.0,2021-0036-SWZ,nat-met-sto-tro,SWZ,Africa,0.0,0.0,0.0,0.0,0.0,0.0,0.0,0.0,0.0,84.1669829572524,Category 2,90.0,103.6,968.0,2021-01-11,2021-01-27,16.0,Landfall,Tropical Storm,-15.1785,50.5321,47.0,2021-01-11,0,0.02684446109580141,24.079999923706055,0.06671240195446582,0.21239404362416636,0.20184427317499987,0.0,1.1129261496941456,0.00011754974847912562
2021046N06142,Dujuan (2021),2021.0,2021-0091-PHL,nat-met-sto-tro,PHL,Asia,0.0,5.0,2.0,272451.0,272453.0,0.0,0.0,3114.0,3700.0,84.1669829572524,Tropical Storm,45.0,51.8,991.0,2021-02-14,2021-02-23,8.5,Landfall,Tropical Depression,11.1365,125.694,25.0,2021-02-16,2,0.004583633897075945,21.459999084472656,0.024608629490965317,0.22176968365002572,0.4630027299036228,0.0,1.1778904964401042,0.04092503876090651
2021102N06144,Surigae (2021),2021.0,2021-0236-PLW,nat-met-sto-tro,PLW,Oceania,0.0,0.0,0.0,7288.0,7288.0,0.0,0.0,0.0,0.0,84.1669829572524,Category 5,170.0,195.6,882.0,2021-04-11,2021-04-30,19.2,At Sea / Open Water,At Sea / Open Water,0.0,0.0,0.0,2021-04-12,1,0.012993415099296746,16.90999984741211,0.016119728486550633,0.15221110266211174,-0.14201777539210703,0.0,0.7893506420327281,-0.006845792216782275
2021143N15090,Yaas (2021),2021.0,2021-0295-BGD,nat-met-sto-tro,BGD,Asia,0.0,3.0,0.0,1300000.0,1300000.0,0.0,0.0,0.0,0.0,84.1669829572524,Category 1,65.0,74.8,974.0,2021-05-23,2021-05-27,4.8,Landfall,Tropical Storm,21.5,86.9,55.0,2021-05-24,1,0.008784070211383277,18.399999618530273,-0.005006608234226273,0.16159430497633556,-0.2778112129024908,-0.005006608234226273,0.6808297273803929,0.011370245893773319
2021182N09317,Elsa (2021),2021.0,2021-0373-LCA,nat-met-sto-tro,LCA,Americas,0.0,1.0,0.0,0.0,0.0,0.0,0.0,34000.0,40396.0,84.1669829572524,Category 1,75.0,86.3,991.0,2021-06-30,2021-07-10,9.5,Landfall,Tropical Storm,22.2,-81.6,55.0,2021-06-30,0,0.012920187131781002,15.829999923706056,0.018035473943988745,0.19148757376931078,-0.11811647388808377,-0.042492273826069904,0.9605810118596806,-0.033945726339893026
2021219N08193,Omais (2021),2021.0,2021-0578-KOR,nat-met-sto-tro,KOR,Asia,0.0,0.0,0.0,600.0,600.0,0.0,0.0,13000.0,15445.0,84.1669829572524,Tropical Storm,55.0,63.3,990.0,2021-08-07,2021-08-31,24.5,Landfall,Tropical Depression,34.8167,128.389,25.0,2021-08-09,2,0.01037501204145208,16.719999313354492,0.03914579642855709,0.20342501829599738,0.008945175341826817,0.0,1.3691286875002717,-0.001288934739497597
2021248N11131,Conson (2021),2021.0,2021-0595-PHL,nat-met-sto-tro,PHL,Asia,0.0,17.0,24.0,313373.0,313397.0,0.0,0.0,0.0,0.0,84.1669829572524,Category 1,65.0,74.8,980.0,2021-09-05,2021-09-13,8.5,Landfall,Tropical Storm,11.4426,125.495,60.0,2021-09-07,2,-0.001702672955384621,18.13999938964844,-0.01586495105530661,0.13452661892493323,0.3029721063911086,-0.029743624971759308,1.4883129058794438,0.015047546370118833
2021280N14137,Kompasu (2021),2021.0,2021-0670-PHL,nat-met-sto-tro,PHL,Asia,0.0,59.0,5.0,1140534.0,1140539.0,0.0,0.0,75610.0,89833.0,84.1669829572524,Tropical Storm,60.0,69.0,979.0,2021-10-07,2021-10-14,7.5,Landfall,Tropical Storm,19.0803,110.077,47.0,2021-10-07,0,0.022183718697240895,19.540000915527344,0.03463910639632628,0.21107676210235557,-0.2731027164743799,0.0,1.2258813646297069,-0.008156268147973024
2021346N05145,Rai (2021),2021.0,2021-0813-VNM,nat-met-sto-tro,VNM,Asia,0.0,3.0,0.0,0.0,0.0,0.0,0.0,9000.0,10693.0,84.1669829572524,Category 5,150.0,172.6,908.0,2021-12-11,2021-12-21,10.0,Landfall,Category 4,10.1,124.175,120.0,2021-12-13,2,0.01695747206104481,20.309999465942383,0.0005180654541210306,0.2393888881953817,-0.3639534917078573,-0.03881554530567344,1.1080676991284453,0.0032899227808363372
2022024S16044,Ana (2022),2022.0,2022-0052-MDG,nat-met-sto-tro,MDG,Africa,0.0,55.0,0.0,131555.0,131555.0,0.0,0.0,0.0,0.0,90.9026974595266,Tropical Storm,50.0,57.5,993.0,2022-01-23,2022-01-25,2.0,Landfall,Tropical Storm,-16.2274,39.6422,47.0,2022-01-24,1,-0.0535376093014478,29.899999618530273,-0.06171917855036646,0.19616370536830818,1.0848247684429135,-0.07508435171967431,0.9217073677871511,-0.0015253439169521932
2022179N08310,Bonnie (2022),2022.0,2022-0400-NIC,nat-met-sto-tro,NIC,Americas,0.0,4.0,12.0,3000.0,3012.0,0.0,0.0,0.0,0.0,90.9026974595266,Category 3,100.0,115.1,964.0,2022-06-27,2022-07-11,13.2,Landfall,Tropical Storm,10.7,-61.6,35.0,2022-06-27,0,0.062127671706705856,26.950000762939453,0.04758488655008475,0.2940648312280187,-0.5959831602639696,-0.0890694318754709,0.8610004286164724,0.0004177390857021644
2022048S14068,Emnati (2022),2022.0,2022-0101-MDG,nat-met-sto-tro,MDG,Africa,0.0,15.0,0.0,169000.0,169000.0,0.0,0.0,16000.0,17601.0,90.9026974595266,Category 4,115.0,132.3,941.0,2022-02-16,2022-02-24,8.0,Landfall,Category 1,-22.6952,47.6089,67.0,2022-02-16,0,-0.02391044376187823,24.290000915527344,-0.01973685267880465,0.1734321890256256,-0.3901397371761921,-0.01973685267880465,0.8264443748067314,-0.024549739387743012
2022067S16050,Gombe (2022),2022.0,2022-0137-MOZ,nat-met-sto-tro,MOZ,Africa,0.0,63.0,108.0,736015.0,736123.0,0.0,0.0,0.0,0.0,90.9026974595266,Category 3,99.0,113.9,959.0,2022-03-08,2022-03-15,7.5,Landfall,Tropical Storm,-15.5,50.4,35.0,2022-03-08,0,-0.03193179897264575,35.130001068115234,-0.03881423421191088,0.28775861743860787,-0.11517473595378869,-0.13109180845327573,0.8615667028388789,0.02770061777476698
2022148N13263,Agatha (2022),2022.0,2022-0333-MEX,nat-met-sto-tro,MEX,Americas,0.0,31.0,0.0,0.0,0.0,0.0,0.0,51000.0,56104.0,90.9026974595266,Category 2,95.0,109.3,964.0,2022-05-27,2022-06-01,4.5,Landfall,Category 2,15.7,-96.6,90.0,2022-05-27,0,0.06578026783659663,25.719999313354492,0.08049862932568219,0.29328579151670214,-0.4375492084334599,-0.013040953283020351,0.8777654633189014,-0.009533401149237338
2022280N11294,Julia (2022),2022.0,2022-0647-CRI,nat-met-sto-tro,CRI,Americas,0.0,0.0,0.0,300000.0,300000.0,0.0,0.0,0.0,0.0,90.9026974595266,Category 1,75.0,86.3,982.0,2022-10-06,2022-10-10,4.0,Landfall,Tropical Depression,12.0,-69.8,30.0,2022-10-06,0,0.028694137302272438,30.520000457763672,0.03263707727610776,0.28217528861048236,-0.17061872909698994,-0.0818000261299554,0.9686379830341914,0.015604829664576804
2022280N11294,Julia (2022),2022.0,2022-0647-SLV,nat-met-sto-tro,SLV,Americas,0.0,10.0,0.0,9273.0,9273.0,0.0,0.0,17000.0,18701.0,90.9026974595266,Category 1,75.0,86.3,982.0,2022-10-06,2022-10-10,4.0,Landfall,Tropical Depression,12.0,-69.8,30.0,2022-10-06,0,0.028694137302272438,30.520000457763672,0.03263707727610776,0.28217528861048236,-0.17061872909698994,-0.0818000261299554,0.9686379830341914,0.015604829664576804
2022285N19266,Karl (2022),2022.0,2022-0675-MEX,nat-met-sto-tro,MEX,Americas,0.0,3.0,0.0,1000.0,1000.0,0.0,0.0,0.0,0.0,90.9026974595266,Tropical Storm,50.0,57.5,997.0,2022-10-11,2022-10-15,4.2,At Sea / Open Water,At Sea / Open Water,0.0,0.0,0.0,2022-10-11,0,-0.05352278557293744,33.630001068115234,-0.06122464364086744,0.25886492575412473,-0.0563210819994836,-0.08719196239134286,0.9415779235607619,0.028657230939816765
2022288N19128,Nesat (2022),2022.0,2022-0680-PHL,nat-met-sto-tro,PHL,Asia,0.0,0.0,2.0,103600.0,103602.0,0.0,0.0,0.0,0.0,90.9026974595266,Category 2,89.0,102.4,964.0,2022-10-14,2022-10-20,5.8,At Sea / Open Water,At Sea / Open Water,0.0,0.0,0.0,2022-10-14,0,-0.0142231630329267,32.02000045776367,0.0038846364584690374,0.3081617926202556,0.6736044111300772,-0.06764890369063936,0.9642696872513197,-0.006867852389632764
2022293N15259,Roslyn (2022),2022.0,2022-0698-MEX,nat-met-sto-tro,MEX,Americas,0.0,4.0,0.0,15000.0,15000.0,0.0,0.0,0.0,0.0,90.9026974595266,Category 4,115.0,132.3,954.0,2022-10-20,2022-10-24,4.0,Landfall,Category 3,22.1,-105.5,100.0,2022-10-20,0,-0.001530018107200104,29.979999542236328,-0.008877523210896077,0.31890889358280794,-0.4809673338861735,-0.03339512310588211,0.9956976354323105,0.02747712016160514
2022300N13131,Nalgae (2022),2022.0,2022-0707-PHL,nat-met-sto-tro,PHL,Asia,0.0,158.0,103.0,3323188.0,3323291.0,0.0,0.0,45569.0,50129.0,90.9026974595266,Category 1,70.0,80.6,979.0,2022-10-27,2022-11-03,7.5,Landfall,Tropical Storm,13.6825,124.394,49.0,2022-10-27,0,0.03987284127622015,27.38999938964844,0.06717841393830537,0.3151400513787389,-0.04387771192178902,0.0,0.9972343922839331,0.02174252018329086
2023018S14058,Cheneso (2023),2023.0,2023-0020-MDG,nat-met-sto-tro,MDG,Africa,0.0,53.0,0.0,90870.0,90870.0,0.0,0.0,20000.0,21132.0,94.6446220103845,Category 1,80.0,92.1,967.0,2023-01-17,2023-01-30,12.5,Landfall,Tropical Storm,-14.0,49.9,45.0,2023-01-17,0,0.02555058539298849,19.36000061035156,0.017871936138060818,0.14150124004182676,0.34105806684644535,-0.006644614835809137,0.846117339309214,-0.0079557916260713
2019335N05058,Pawan (2019),2019.0,2019-0600-SOM,nat-met-sto-tro,SOM,Africa,0.0,6.0,0.0,30000.0,30000.0,0.0,0.0,0.0,0.0,79.4107846043372,Tropical Storm,45.0,51.8,997.0,2019-11-30,2019-12-07,7.0,Landfall,Tropical Storm,7.65,49.75,40.0,2019-12-02,2,0.002186958142791795,14.90999984741211,0.001336891243864713,0.07047908102792108,0.4896377326324761,-0.00794711985303842,1.131886051485383,0.0028785525914125434
2020092S09155,Harold (2020),2020.0,2020-0132-TON,nat-met-sto-tro,TON,Oceania,0.0,0.0,0.0,25000.0,25000.0,0.0,0.0,111000.0,138076.0,80.3903830082114,Category 5,145.0,166.9,909.0,2020-04-01,2020-04-11,10.0,Landfall,Category 4,-15.6,166.867,120.0,2020-04-01,0,-0.0025931157073530997,57.060001373291016,-0.04119656438019548,1.1866711646950698,-0.5140521977347596,-0.25460205408656345,1.2409684187301266,-0.0055189639413706915
2020092S09155,Harold (2020),2020.0,2020-0132-VUT,nat-met-sto-tro,VUT,Oceania,0.0,3.0,120.0,130000.0,130120.0,0.0,0.0,0.0,0.0,80.3903830082114,Category 5,145.0,166.9,909.0,2020-04-01,2020-04-11,10.0,Landfall,Category 4,-15.6,166.867,120.0,2020-04-01,0,-0.0025931157073530997,57.060001373291016,-0.04119656438019548,1.1866711646950698,-0.5140521977347596,-0.25460205408656345,1.2409684187301266,-0.0055189639413706915
2020129N07134,Vongfong (2020),2020.0,2020-0203-PHL,nat-met-sto-tro,PHL,Asia,0.0,5.0,169.0,578571.0,578740.0,0.0,0.0,31100.0,38686.0,80.3903830082114,Category 3,100.0,115.1,961.0,2020-05-08,2020-05-18,10.0,Landfall,Category 3,12.2,125.3,100.0,2020-05-08,0,0.03412431963925644,27.979999542236328,0.01042602453039998,0.4192514553969601,0.1247925231055329,-0.04662111932196489,1.2393635941139183,-0.029523856677794447
2020213N15131,Hagupit (2020),2020.0,2020-0308-CHN,nat-met-sto-tro,CHN,Asia,0.0,0.0,0.0,15100.0,15100.0,0.0,0.0,0.0,0.0,80.3903830082114,Category 1,75.0,86.3,971.0,2020-07-30,2020-08-12,12.5,Landfall,Tropical Storm,28.2375,120.864,62.0,2020-07-30,0,0.0030966143894732845,24.760000228881836,-0.012741617367315716,0.23276877862058654,0.08170710452138685,-0.017988579178000008,1.5139845209634126,-0.035972523574641944
2020211N13306,Isaias (2020),2020.0,2020-0312-CUB,nat-met-sto-tro,CUB,Americas,0.0,0.0,0.0,500.0,500.0,0.0,0.0,0.0,0.0,80.3903830082114,Category 1,80.0,92.1,986.0,2020-07-28,2020-08-05,7.8,Landfall,Tropical Storm,18.9,-69.8,60.0,2020-07-28,0,-0.011815242560159533,25.440000534057617,-0.012340494085534726,0.21997407917703496,-0.2392017431218314,-0.013152361771609722,1.4963737522763898,-0.0418367218264298
2020211N13306,Isaias (2020),2020.0,2020-0312-USA,nat-met-sto-tro,USA,Americas,0.0,16.0,0.0,0.0,0.0,0.0,0.0,4800000.0,5970863.0,80.3903830082114,Category 1,80.0,92.1,986.0,2020-07-28,2020-08-05,7.8,Landfall,Tropical Storm,18.9,-69.8,60.0,2020-07-28,0,-0.011815242560159533,25.440000534057617,-0.012340494085534726,0.21997407917703496,-0.2392017431218314,-0.013152361771609722,1.4963737522763898,-0.0418367218264298
2020222N15117,Mekkhala (2020),2020.0,2020-0355-CHN,nat-met-sto-tro,CHN,Asia,0.0,0.0,0.0,12235.0,12235.0,0.0,0.0,161000.0,200273.0,80.3903830082114,Category 1,70.0,80.6,980.0,2020-08-08,2020-08-12,3.5,Landfall,Category 1,24.1538,117.746,70.0,2020-08-10,2,0.02062108889008929,22.1299991607666,0.03817464579753849,0.17046229225943144,0.05709353428520236,0.0,1.482833904042337,-0.020732209182814577
2020233N14313,Laura (2020),2020.0,2020-0376-HTI,nat-met-sto-tro,HTI,Americas,0.0,39.0,0.0,44175.0,44175.0,0.0,0.0,0.0,0.0,80.3903830082114,Category 4,130.0,149.6,937.0,2020-08-20,2020-08-29,9.2,Landfall,Tropical Storm,18.2,-68.8,45.0,2020-08-20,0,0.0043047488694807345,22.719999313354492,-0.028708159860723836,0.1663050819171681,0.2942323798708213,-0.037534560061579514,1.3189960669550518,-0.0022401075889482563
2020244N25146,Haishen (2020),2020.0,2020-0400-JPN,nat-met-sto-tro,JPN,Asia,0.0,2.0,52.0,0.0,52.0,0.0,0.0,0.0,0.0,80.3903830082114,Category 4,135.0,155.4,913.0,2020-08-30,2020-09-10,10.8,Landfall,Category 1,35.5,129.15,75.0,2020-08-31,1,0.01863409137689609,26.40999984741211,0.006829896874281927,0.17415725987346545,0.02446731972970473,-0.011829884643449251,1.2832434559765327,0.04238595836010649
2020244N25146,Haishen (2020),2020.0,2020-0400-KOR,nat-met-sto-tro,KOR,Asia,0.0,2.0,0.0,0.0,0.0,800000.0,995144.0,1200000.0,1492716.0,80.3903830082114,Category 4,135.0,155.4,913.0,2020-08-30,2020-09-10,10.8,Landfall,Category 1,35.5,129.15,75.0,2020-08-31,1,0.01863409137689609,26.40999984741211,0.006829896874281927,0.17415725987346545,0.02446731972970473,-0.011829884643449251,1.2832434559765327,0.04238595836010649
2020281N14126,Linfa (2020),2020.0,2020-0411-KHM,nat-met-sto-tro,KHM,Asia,0.0,44.0,0.0,759360.0,759360.0,0.0,0.0,100000.0,124393.0,80.3903830082114,Tropical Storm,40.0,46.0,999.0,2020-10-06,2020-10-12,5.5,Landfall,Tropical Depression,13.8,124.257,0.0,2020-10-06,0,0.007702249721075027,29.479999542236328,0.02947357392233929,0.21894806155104962,0.6601609741074312,-0.018583700973950457,0.641826793157301,-0.0058149477364567055
2020276N17277,Gamma (2020),2020.0,2020-0416-MEX,nat-met-sto-tro,MEX,Americas,0.0,6.0,0.0,3500.0,3500.0,0.0,0.0,100000.0,124393.0,80.3903830082114,Category 1,65.0,74.8,978.0,2020-10-02,2020-10-06,4.5,Landfall,Tropical Storm,20.4,-87.5,60.0,2020-10-02,0,0.015544746368717277,27.6299991607666,0.03448278029030605,0.2282447954055621,0.3767712583592966,-0.03386121800410291,0.6504126878919442,0.012924477416820103
2020258N11127,Noul (2020),2020.0,2020-0462-THA,nat-met-sto-tro,THA,Asia,0.0,1.0,0.0,0.0,0.0,0.0,0.0,0.0,0.0,80.3903830082114,Tropical Storm,50.0,57.5,990.0,2020-09-14,2020-09-19,5.0,Landfall,Tropical Depression,12.5451,124.595,10.0,2020-09-14,0,-0.011997887317812594,25.850000381469727,-0.00949020280560875,0.20459323251402617,-0.5407878097843941,-0.017261941848671025,0.8648417863108061,-0.013441064987711256
2020296N09137,Molave (2020),2020.0,2020-0470-PHL,nat-met-sto-tro,PHL,Asia,0.0,31.0,40.0,888375.0,888415.0,0.0,0.0,87100.0,108346.0,80.3903830082114,Category 3,105.0,120.8,952.0,2020-10-21,2020-10-29,7.5,Landfall,Category 1,13.35,123.2,70.0,2020-10-21,0,-0.014945722291199282,28.649999618530273,-0.004035473016242075,0.1889801058513344,-0.0954428343357383,-0.03253619091077431,0.7249566170601414,-0.009363224055140215
2023294N09264,Otis (2023),2023.0,2023-0675-MEX,nat-met-sto-tro,MEX,Americas,0.0,84.0,0.0,988000.0,988000.0,4000000.0,4226336.0,12000000.0,12679009.0,94.6446220103845,Category 5,145.0,166.9,922.0,2023-10-21,2023-10-25,4.8,Landfall,Category 4,17.2166,-100.133,116.0,2023-10-23,2,-0.035730853060299106,20.3700008392334,-0.04648415288563856,0.1470628206803228,0.2264654206140475,-0.05100833106491076,0.8544499291592411,0.01020902690606263
2020306N15288,Eta (2020),2020.0,2020-0474-BLZ,nat-met-sto-tro,BLZ,Americas,0.0,0.0,0.0,60000.0,60000.0,0.0,0.0,0.0,0.0,80.3903830082114,Category 4,130.0,149.6,922.0,2020-10-31,2020-11-14,13.2,Landfall,Category 4,13.8,-83.5,120.0,2020-11-02,2,-0.027078157723650742,37.130001068115234,-0.014992005294884536,0.22609480732121076,0.20588502104041284,-0.04704041345924914,0.7478233624516788,0.05589620825120762
2020306N15288,Eta (2020),2020.0,2020-0474-SLV,nat-met-sto-tro,SLV,Americas,0.0,0.0,0.0,0.0,0.0,0.0,0.0,0.0,0.0,80.3903830082114,Category 4,130.0,149.6,922.0,2020-10-31,2020-11-14,13.2,Landfall,Category 4,13.8,-83.5,120.0,2020-11-02,2,-0.027078157723650742,37.130001068115234,-0.014992005294884536,0.22609480732121076,0.20588502104041284,-0.04704041345924914,0.7478233624516788,0.05589620825120762
2020318N16289,Iota (2020),2020.0,2020-0495-HND,nat-met-sto-tro,HND,Americas,0.0,14.0,0.0,578000.0,578000.0,0.0,0.0,0.0,0.0,80.3903830082114,Category 4,135.0,155.4,917.0,2020-11-12,2020-11-18,6.0,Landfall,Category 4,13.6,-83.5,125.0,2020-11-12,0,0.008480181888621097,25.350000381469727,0.056836104966980994,0.37798100500700477,-0.04865617365484676,-0.020626334307287997,0.8454714594105854,0.02027546119280289
2020051S13186,Vicky (2020),2020.0,2020-0558-PHL,nat-met-sto-tro,PHL,Asia,0.0,9.0,2.0,36030.0,36032.0,0.0,0.0,2293.0,2852.0,80.3903830082114,Tropical Storm,45.0,51.8,997.0,2020-02-20,2020-02-24,4.2,Landfall,Tropical Depression,-13.5235,-172.491,30.0,2020-02-20,0,-0.0013929948009017146,15.5600004196167,-0.002247728187775966,0.1567600829956025,0.8670793125700003,-0.0032084120862915233,1.0965795546771493,0.007981259945262498
2021012S12086,Eloise (2021),2021.0,2021-0036-MDG,nat-met-sto-tro,MDG,Africa,0.0,2.0,0.0,1000.0,1000.0,0.0,0.0,0.0,0.0,84.1669829572524,Category 2,90.0,103.6,968.0,2021-01-11,2021-01-27,16.0,Landfall,Tropical Storm,-15.1785,50.5321,47.0,2021-01-11,0,0.02684446109580141,24.079999923706055,0.06671240195446582,0.21239404362416636,0.20184427317499987,0.0,1.1129261496941456,0.00011754974847912562
2021012S12086,Eloise (2021),2021.0,2021-0036-MOZ,nat-met-sto-tro,MOZ,Africa,0.0,11.0,15.0,481886.0,481901.0,0.0,0.0,0.0,0.0,84.1669829572524,Category 2,90.0,103.6,968.0,2021-01-11,2021-01-27,16.0,Landfall,Tropical Storm,-15.1785,50.5321,47.0,2021-01-11,0,0.02684446109580141,24.079999923706055,0.06671240195446582,0.21239404362416636,0.20184427317499987,0.0,1.1129261496941456,0.00011754974847912562
2021012S12086,Eloise (2021),2021.0,2021-0036-ZWE,nat-met-sto-tro,ZWE,Africa,0.0,3.0,0.0,2400.0,2400.0,0.0,0.0,0.0,0.0,84.1669829572524,Category 2,90.0,103.6,968.0,2021-01-11,2021-01-27,16.0,Landfall,Tropical Storm,-15.1785,50.5321,47.0,2021-01-11,0,0.02684446109580141,24.079999923706055,0.06671240195446582,0.21239404362416636,0.20184427317499987,0.0,1.1129261496941456,0.00011754974847912562
2021029S16171,Ana (2021),2021.0,2021-0070-FJI,nat-met-sto-tro,FJI,Oceania,0.0,6.0,0.0,82751.0,82751.0,0.0,0.0,10000.0,11881.0,84.1669829572524,Category 1,65.0,74.8,975.0,2021-01-28,2021-02-03,5.8,Landfall,Tropical Storm,-17.4,178.05,60.0,2021-01-28,0,-0.01720263175452008,30.209999084472656,-0.0333769543668988,0.24279797927868138,0.4408699312345301,-0.061029848524155494,1.1886789596108192,0.018417869148097937
2021133N10071,Tauktae (2021),2021.0,2021-0252-LKA,nat-met-sto-tro,LKA,Asia,0.0,0.0,0.0,879.0,879.0,0.0,0.0,0.0,0.0,84.1669829572524,Category 4,120.0,138.1,931.0,2021-05-13,2021-05-19,6.0,Landfall,Category 3,20.9,71.2,110.0,2021-05-13,0,-0.020974973068370373,23.1299991607666,-0.007716773496460605,0.1806550295639422,0.5434600499851152,-0.01296949728301422,0.7098217299487068,-0.010795662175249549
2021161N18115,Koguma (2021),2021.0,2021-0327-LAO,nat-met-sto-tro,LAO,Asia,0.0,0.0,0.0,26000.0,26000.0,0.0,0.0,0.0,0.0,84.1669829572524,Tropical Storm,35.0,40.3,996.0,2021-06-10,2021-06-13,3.2,Landfall,Tropical Depression,18.375,110.025,25.0,2021-06-10,0,0.011557627892819555,16.100000381469727,-0.027365112241240386,0.13734432571541225,-0.020081089699785837,-0.0298936108075456,0.7219995892564864,-0.029895320053092693
2021148N05142,Choi-Wan (2021),2021.0,2021-0339-PHL,nat-met-sto-tro,PHL,Asia,0.0,11.0,0.0,21000.0,21000.0,0.0,0.0,11000.0,13069.0,84.1669829572524,Tropical Storm,45.0,51.8,996.0,2021-05-28,2021-06-06,9.0,Landfall,Tropical Depression,11.8172,124.862,30.0,2021-05-28,0,0.012290920999195931,16.760000228881836,0.010910220073746979,0.15550068758927624,-0.12647968979072444,0.0,0.6546545467325643,0.002703227915973072
2021148N05142,Choi-Wan (2021),2021.0,2021-0339-TWN,nat-met-sto-tro,TWN,Asia,0.0,0.0,0.0,0.0,0.0,0.0,0.0,0.0,0.0,84.1669829572524,Tropical Storm,45.0,51.8,996.0,2021-05-28,2021-06-06,9.0,Landfall,Tropical Depression,11.8172,124.862,30.0,2021-05-28,0,0.012290920999195931,16.760000228881836,0.010910220073746979,0.15550068758927624,-0.12647968979072444,0.0,0.6546545467325643,0.002703227915973072
2022182N20130,Aere (2022),2022.0,2022-0398-JPN,nat-met-sto-tro,JPN,Asia,0.0,0.0,2.0,390.0,392.0,0.0,0.0,0.0,0.0,90.9026974595266,Tropical Storm,45.0,51.8,988.0,2022-06-30,2022-07-09,8.2,Landfall,Tropical Depression,33.0821,129.914,25.0,2022-06-30,0,-0.002142708727182252,28.709999084472656,0.00833605234435053,0.2818326153609652,0.08573171312017935,-0.10634135618278373,0.8552624788402633,-0.005858853715861038
2021239N17281,Ida (2021),2021.0,2021-0551-CUB,nat-met-sto-tro,CUB,Americas,0.0,0.0,0.0,0.0,0.0,0.0,0.0,100000.0,118811.0,84.1669829572524,Category 4,130.0,149.6,929.0,2021-08-26,2021-09-04,9.2,Landfall,Category 1,22.4,-83.2,70.0,2021-08-26,0,0.01455043785823329,18.84000015258789,0.0274958385154076,0.14616298991478627,-0.21398533127184127,-0.009776280556830108,1.439881172275241,-0.027036195294707056
2021256N21265,Nicholas (2021),2021.0,2021-0583-USA,nat-met-sto-tro,USA,Americas,0.0,0.0,0.0,0.0,0.0,0.0,0.0,1000000.0,1188114.0,84.1669829572524,Category 1,65.0,74.8,988.0,2021-09-12,2021-09-17,4.8,Landfall,Category 1,28.8,-95.7,65.0,2021-09-13,1,-0.014346119639375043,19.3700008392334,-0.001575854082096928,0.12890787427757508,0.15811177272401178,-0.025384590276339214,1.4682880657971615,0.0024102136288990106
2021346N05145,Rai (2021),2021.0,2021-0813-PHL,nat-met-sto-tro,PHL,Asia,0.0,457.0,1371.0,10607625.0,10608996.0,0.0,0.0,915271.0,1087447.0,84.1669829572524,Category 5,150.0,172.6,908.0,2021-12-11,2021-12-21,10.0,Landfall,Category 4,10.1,124.175,120.0,2021-12-13,2,0.01695747206104481,20.309999465942383,0.0005180654541210306,0.2393888881953817,-0.3639534917078573,-0.03881554530567344,1.1080676991284453,0.0032899227808363372
2022024S16044,Ana (2022),2022.0,2022-0052-MWI,nat-met-sto-tro,MWI,Africa,0.0,64.0,206.0,945728.0,945934.0,0.0,0.0,0.0,0.0,90.9026974595266,Tropical Storm,50.0,57.5,993.0,2022-01-23,2022-01-25,2.0,Landfall,Tropical Storm,-16.2274,39.6422,47.0,2022-01-24,1,-0.0535376093014478,29.899999618530273,-0.06171917855036646,0.19616370536830818,1.0848247684429135,-0.07508435171967431,0.9217073677871511,-0.0015253439169521932
2022024S16044,Ana (2022),2022.0,2022-0052-ZWE,nat-met-sto-tro,ZWE,Africa,0.0,0.0,0.0,3000.0,3000.0,0.0,0.0,0.0,0.0,90.9026974595266,Tropical Storm,50.0,57.5,993.0,2022-01-23,2022-01-25,2.0,Landfall,Tropical Storm,-16.2274,39.6422,47.0,2022-01-24,1,-0.0535376093014478,29.899999618530273,-0.06171917855036646,0.19616370536830818,1.0848247684429135,-0.07508435171967431,0.9217073677871511,-0.0015253439169521932
2022027S16084,Batsirai (2022),2022.0,2022-0061-MDG,nat-met-sto-tro,MDG,Africa,0.0,92.0,0.0,112115.0,112115.0,0.0,0.0,0.0,0.0,90.9026974595266,Category 4,124.0,142.7,932.0,2022-01-27,2022-02-08,12.5,Landfall,Category 3,-21.0,48.3,99.0,2022-01-27,0,-0.03471755518808961,30.489999771118164,-0.02000025368691649,0.19540335122367458,0.13926463630251273,-0.07725742678810166,0.888750096052464,3.0585341931205212e-06
2022044S15061,Dumako (2022),2022.0,2022-0099-MDG,nat-met-sto-tro,MDG,Africa,0.0,14.0,0.0,9900.0,9900.0,0.0,0.0,0.0,0.0,90.9026974595266,Tropical Storm,51.0,58.7,995.0,2022-02-13,2022-02-16,3.2,Landfall,Tropical Storm,-17.1724,49.015,37.0,2022-02-14,1,-0.01842336190513416,28.329999923706055,-0.013923546972445466,0.19460900776279513,0.35687833899951427,-0.03362598710882281,0.8250335348843937,0.0016217567880951744
2022044S15061,Dumako (2022),2022.0,2022-0099-MOZ,nat-met-sto-tro,MOZ,Africa,0.0,14.0,0.0,23733.0,23733.0,0.0,0.0,0.0,0.0,90.9026974595266,Tropical Storm,51.0,58.7,995.0,2022-02-13,2022-02-16,3.2,Landfall,Tropical Storm,-17.1724,49.015,37.0,2022-02-14,1,-0.01842336190513416,28.329999923706055,-0.013923546972445466,0.19460900776279513,0.35687833899951427,-0.03362598710882281,0.8250335348843937,0.0016217567880951744
2022067S16050,Gombe (2022),2022.0,2022-0137-MWI,nat-met-sto-tro,MWI,Africa,0.0,7.0,0.0,0.0,0.0,0.0,0.0,0.0,0.0,90.9026974595266,Category 3,99.0,113.9,959.0,2022-03-08,2022-03-15,7.5,Landfall,Tropical Storm,-15.5,50.4,35.0,2022-03-08,0,-0.03193179897264575,35.130001068115234,-0.03881423421191088,0.28775861743860787,-0.11517473595378869,-0.13109180845327573,0.8615667028388789,0.02770061777476698
2022099N11127,Megi (2022),2022.0,2022-0204-PHL,nat-met-sto-tro,PHL,Asia,0.0,346.0,8.0,2298780.0,2298788.0,0.0,0.0,41556.0,45715.0,90.9026974595266,Tropical Storm,39.0,44.9,999.0,2022-04-09,2022-04-12,3.5,Landfall,Tropical Storm,10.8,125.0,35.0,2022-04-11,2,-0.036952601631333515,24.3700008392334,-0.008672755355410011,0.19174005497439278,-0.5947097959682055,-0.045546671864713395,0.8903014386078913,-0.013012713873584655
2022240N26149,Hinnamnor (2022),2022.0,2022-0577-KOR,nat-met-sto-tro,KOR,Asia,0.0,12.0,3.0,36000.0,36003.0,0.0,0.0,0.0,0.0,90.9026974595266,Category 5,138.0,158.8,915.0,2022-08-28,2022-09-06,9.0,Landfall,Category 1,35.2872,129.179,81.0,2022-08-29,1,-0.02593455889402796,26.209999084472656,-0.020766512759453182,0.216131730136978,-0.052648593728351734,-0.06506574041935953,0.9431632640517941,0.0077938018551219485
2022257N16312,Fiona (2022),2022.0,2022-0603-CAN,nat-met-sto-tro,CAN,Americas,0.0,1.0,0.0,4000.0,4000.0,0.0,0.0,0.0,0.0,90.9026974595266,Category 4,120.0,138.1,931.0,2022-09-14,2022-09-27,13.5,Landfall,Category 1,18.0,-67.1,75.0,2022-09-14,0,-0.00799434362250484,26.15999984741211,-0.006276095081695909,0.23853918860449236,0.12021243183051133,-0.06784400569023397,0.9272045924652352,0.006985902711604153
2022257N16312,Fiona (2022),2022.0,2022-0603-DOM,nat-met-sto-tro,DOM,Americas,0.0,2.0,0.0,1434802.0,1434802.0,0.0,0.0,0.0,0.0,90.9026974595266,Category 4,120.0,138.1,931.0,2022-09-14,2022-09-27,13.5,Landfall,Category 1,18.0,-67.1,75.0,2022-09-14,0,-0.00799434362250484,26.15999984741211,-0.006276095081695909,0.23853918860449236,0.12021243183051133,-0.06784400569023397,0.9272045924652352,0.006985902711604153
2022257N16312,Fiona (2022),2022.0,2022-0603-GLP,nat-met-sto-tro,GLP,Americas,0.0,1.0,0.0,0.0,0.0,0.0,0.0,0.0,0.0,90.9026974595266,Category 4,120.0,138.1,931.0,2022-09-14,2022-09-27,13.5,Landfall,Category 1,18.0,-67.1,75.0,2022-09-14,0,-0.00799434362250484,26.15999984741211,-0.006276095081695909,0.23853918860449236,0.12021243183051133,-0.06784400569023397,0.9272045924652352,0.006985902711604153
2022266N12294,Ian (2022),2022.0,2022-0614-USA,nat-met-sto-tro,USA,Americas,0.0,152.0,0.0,0.0,0.0,60000000.0,66004642.0,100000000.0,110007737.0,90.9026974595266,Category 5,140.0,161.1,937.0,2022-09-22,2022-10-01,8.5,Landfall,Category 3,22.2,-83.7,110.0,2022-09-22,0,-0.03681636471397742,27.350000381469727,-0.049281615238201626,0.2436025020720504,0.09750697752502457,-0.08757264632260198,0.9534945676465638,0.0002799238149762788
2022280N11294,Julia (2022),2022.0,2022-0647-GTM,nat-met-sto-tro,GTM,Americas,0.0,4.0,11.0,457300.0,457311.0,0.0,0.0,0.0,0.0,90.9026974595266,Category 1,75.0,86.3,982.0,2022-10-06,2022-10-10,4.0,Landfall,Tropical Depression,12.0,-69.8,30.0,2022-10-06,0,0.028694137302272438,30.520000457763672,0.03263707727610776,0.28217528861048236,-0.17061872909698994,-0.0818000261299554,0.9686379830341914,0.015604829664576804
2022297N16088,Sitrang (2022),2022.0,2022-0695-BGD,nat-met-sto-tro,BGD,Asia,0.0,35.0,0.0,1000000.0,1000000.0,0.0,0.0,0.0,0.0,90.9026974595266,Tropical Storm,45.0,51.8,994.0,2022-10-23,2022-10-24,1.2,Landfall,Tropical Storm,24.1,91.0,35.0,2022-10-24,1,0.0328500201997175,29.850000381469727,0.026108638731995537,0.3255911385288317,-0.15045889433359738,0.0,1.0123631371194342,0.022079402206302615
2022304N16287,Lisa (2022),2022.0,2022-0719-BLZ,nat-met-sto-tro,BLZ,Americas,0.0,0.0,0.0,172000.0,172150.0,0.0,0.0,100000.0,110008.0,90.9026974595266,Category 1,80.0,92.1,985.0,2022-10-30,2022-11-05,5.5,Landfall,Category 1,17.4,-88.3,80.0,2022-10-31,1,0.01937328244552594,25.8799991607666,0.04169219919915612,0.31166946626768743,-0.0008325605974495165,-0.006142216484014806,0.9974509597121649,0.02411309901549032
2023037S12119,Freddy (2023),2023.0,2023-0095-MDG,nat-met-sto-tro,MDG,Africa,0.0,17.0,0.0,299000.0,299000.0,0.0,0.0,0.0,0.0,94.6446220103845,Category 5,138.0,158.8,924.0,2023-02-06,2023-02-24,18.0,Landfall,Category 2,-21.1,48.3,89.0,2023-02-06,0,0.023066069229040975,19.43000030517578,0.014139182239331527,0.1341734665745008,0.02147808197499601,-0.0021819533185351014,0.8093148308233918,0.0030972141992421758
2023140N05149,Mawar (2023),2023.0,2023-0300-JPN,nat-met-sto-tro,JPN,Asia,0.0,3.0,35.0,0.0,35.0,0.0,0.0,0.0,0.0,94.6446220103845,Category 5,159.0,183.0,897.0,2023-05-20,2023-06-03,14.2,At Sea / Open Water,At Sea / Open Water,0.0,0.0,0.0,2023-05-22,2,0.013994856779278475,17.209999084472656,0.015547144456411255,0.19634595454794912,0.06256530707499586,-0.015375484852212296,1.3232997858678486,-0.021538301808656145
2023140N05149,Mawar (2023),2023.0,2023-0300-TWN,nat-met-sto-tro,TWN,Asia,0.0,1.0,0.0,0.0,0.0,0.0,0.0,0.0,0.0,94.6446220103845,Category 5,159.0,183.0,897.0,2023-05-20,2023-06-03,14.2,At Sea / Open Water,At Sea / Open Water,0.0,0.0,0.0,2023-05-22,2,0.013994856779278475,17.209999084472656,0.015547144456411255,0.19634595454794912,0.06256530707499586,-0.015375484852212296,1.3232997858678486,-0.021538301808656145
2023273N16134,Koinu (2023),2023.0,2023-0623-HKG,nat-met-sto-tro,HKG,Asia,0.0,0.0,0.0,0.0,0.0,0.0,0.0,0.0,0.0,94.6446220103845,Category 4,119.0,136.9,940.0,2023-09-29,2023-10-10,10.5,Landfall,Category 3,22.0,120.8,109.0,2023-09-29,0,-0.006830596083547413,17.520000457763672,-0.014557524579010162,0.1172735740682401,0.2679936576929258,-0.04832121530228661,0.7833648130131989,-0.00769421741574965
2023157N12066,Biparjoy (2023),2023.0,2023-0331-IND,nat-met-sto-tro,IND,Asia,0.0,7.0,0.0,10000.0,10000.0,0.0,0.0,0.0,0.0,94.6446220103845,Category 3,105.0,120.8,945.0,2023-06-06,2023-06-16,10.2,Landfall,Tropical Storm,23.4,68.7,54.0,2023-06-06,0,0.018682489391372403,13.960000038146973,0.029283508398397995,0.16012430566018482,-0.2014559459762869,0.0,1.2785345286737886,-0.016698091925253764
2023170N11323,Bret (2023),2023.0,2023-0360-VCT,nat-met-sto-tro,VCT,Americas,0.0,0.0,0.0,150.0,150.0,0.0,0.0,0.0,0.0,94.6446220103845,Tropical Storm,60.0,69.0,996.0,2023-06-19,2023-06-24,5.5,At Sea / Open Water,At Sea / Open Water,0.0,0.0,0.0,2023-06-20,1,0.011535279477939975,13.880000114440918,0.005699616204463354,0.1429010123626559,0.505951532006941,-0.009542989182972472,1.0565399358090577,-0.005094115660983977
2023203N14132,Doksuri (2023),2023.0,2023-0464-CHN,nat-met-sto-tro,CHN,Asia,0.0,56.0,39.0,880000.0,880039.0,0.0,0.0,25000000.0,26414602.0,94.6446220103845,Category 4,128.0,147.3,926.0,2023-07-21,2023-07-28,6.8,Landfall,Category 2,24.7901,118.563,83.0,2023-07-21,0,0.006454696523574777,13.600000381469728,0.029488618075698136,0.10897172064198592,-0.35617325619786044,-0.0033919640457690248,1.0613562603702091,-0.012827444465835993
2024147N19089,Remal (2024),2024.0,2024-0320-IND,nat-met-sto-tro,IND,Asia,0.0,51.0,500.0,2109143.0,2109643.0,0.0,0.0,0.0,0.0,97.436175616134,Tropical Storm,54.0,62.1,978.0,2024-05-25,2024-05-27,2.2,Landfall,Tropical Storm,21.7,88.4,54.0,2024-05-28,3,-0.0004715963702689452,12.920000076293944,-0.018134210375604032,0.12207030300812959,-0.13199195959641208,-0.031536790103544377,0.593150197056997,0.002561570613754522
2000025S15056,Connie (2000),2000.0,2000-0037-REU,nat-met-sto-tro,REU,Africa,0.0,2.0,0.0,0.0,600.0,0.0,0.0,0.0,0.0,53.4877366816787,Category 4,120.0,138.1,985.0,2000-01-25,2000-02-02,8.5,At Sea / Open Water,At Sea / Open Water,0.0,0.0,0.0,2000-01-25,0,-0.026574714140957245,23.020000457763672,-0.04121533544013378,0.36547147679653286,-0.5030374533442018,-0.07315440034952125,0.6642138162953983,0.05048589890587496
2001364S19036,Cyprien (2002),2002.0,2002-0004-MDG,nat-met-sto-tro,MDG,Africa,0.0,2.0,0.0,1900.0,1900.0,0.0,0.0,181.0,324.0,55.8716960740501,Tropical Storm,50.0,57.5,987.0,2001-12-30,2002-01-03,4.8,Landfall,Tropical Storm,-22.0333,43.2667,45.0,2001-12-31,1,-0.005654775919749722,23.799999237060547,0.004200265252183311,0.1743527524033886,2.870793792253546,-0.009415833613259483,0.9432642675702438,-0.01604042419946908
2002265N10315,Lili (2002),2002.0,2002-0636-CUB,nat-met-sto-tro,CUB,Americas,0.0,3.0,0.0,281470.0,281470.0,1000.0,1790.0,23000.0,41166.0,55.8716960740501,Category 4,125.0,143.8,938.0,2002-09-21,2002-10-04,12.8,Landfall,Category 2,22.1,-84.0,90.0,2002-09-23,2,-0.06513520762552238,39.68000030517578,-0.06713595121276328,0.28029105613187316,0.40230237629105137,-0.13315846779281681,1.0881685277486277,0.022391660429228733
2002258N10300,Isidore (2002),2002.0,2002-0656-JAM,nat-met-sto-tro,JAM,Americas,0.0,0.0,0.0,0.0,0.0,0.0,0.0,1000.0,1790.0,55.8716960740501,Category 3,110.0,126.6,934.0,2002-09-14,2002-09-27,13.0,Landfall,Tropical Depression,10.0856,-61.4549,25.0,2002-09-16,2,-0.008492887094594281,36.7400016784668,-0.03418463257734172,0.2876172118423711,0.2087030077894403,-0.07692327049604086,1.0726104733542867,0.002728754670478034
2002265N10315,Lili (2002),2002.0,2002-0657-HTI,nat-met-sto-tro,HTI,Americas,0.0,4.0,0.0,250.0,250.0,0.0,0.0,0.0,0.0,55.8716960740501,Category 4,125.0,143.8,938.0,2002-09-21,2002-10-04,12.8,Landfall,Category 2,22.1,-84.0,90.0,2002-09-23,2,-0.06513520762552238,39.68000030517578,-0.06713595121276328,0.28029105613187316,0.40230237629105137,-0.13315846779281681,1.0881685277486277,0.022391660429228733
2002265N10315,Lili (2002),2002.0,2002-0724-USA,nat-met-sto-tro,USA,Americas,0.0,0.0,0.0,0.0,0.0,750000.0,1342361.0,2000000.0,3579630.0,55.8716960740501,Category 4,125.0,143.8,938.0,2002-09-21,2002-10-04,12.8,Landfall,Category 2,22.1,-84.0,90.0,2002-09-23,2,-0.06513520762552238,39.68000030517578,-0.06713595121276328,0.28029105613187316,0.40230237629105137,-0.13315846779281681,1.0881685277486277,0.022391660429228733
2002335N05166,Pongsona (2002),2002.0,2002-0753-GUM,nat-met-sto-tro,GUM,Oceania,0.0,1.0,0.0,6000.0,11100.0,0.0,0.0,70000.0,125287.0,55.8716960740501,Category 4,130.0,149.6,910.0,2002-12-01,2002-12-11,10.5,At Sea / Open Water,At Sea / Open Water,0.0,0.0,0.0,2002-12-02,1,0.007600253690323244,27.459999084472656,-0.007212561741285817,0.28136285739318617,-0.05510604722712875,-0.013906324607685372,1.193364947607058,0.01596299191404943
2002258N10300,Isidore (2002),2002.0,2002-0850-NIC,nat-met-sto-tro,NIC,Americas,0.0,2.0,0.0,300.0,300.0,0.0,0.0,1000.0,1790.0,55.8716960740501,Category 3,110.0,126.6,934.0,2002-09-14,2002-09-27,13.0,Landfall,Tropical Depression,10.0856,-61.4549,25.0,2002-09-16,2,-0.008492887094594281,36.7400016784668,-0.03418463257734172,0.2876172118423711,0.2087030077894403,-0.07692327049604086,1.0726104733542867,0.002728754670478034
2003359S15177,Heta (2004),2004.0,2004-0004-TON,nat-met-sto-tro,TON,Oceania,0.0,0.0,0.0,0.0,0.0,0.0,0.0,0.0,0.0,58.6698092933412,Category 5,140.0,161.1,898.0,2003-12-25,2004-01-12,17.8,At Sea / Open Water,At Sea / Open Water,0.0,0.0,0.0,2003-12-26,1,0.004541899958330209,17.450000762939453,0.009602143597273516,0.09772258951029043,-0.9691050699799061,-0.00035941068588074554,0.9455172398587282,-0.0034439689297368903
2004177N12154,Tingting (2004),2004.0,2004-0312-GUM,nat-met-sto-tro,GUM,Oceania,0.0,1.0,0.0,300.0,300.0,0.0,0.0,0.0,0.0,58.6698092933412,Category 1,80.0,92.1,963.0,2004-06-24,2004-07-13,18.2,At Sea / Open Water,At Sea / Open Water,0.0,0.0,0.0,2004-06-24,0,0.008587859896759253,14.8100004196167,0.007582843309384302,0.10271139293912039,-0.1399776035834267,-0.006984539019225355,0.9728263974972423,0.0011817176453651611
2004230N09172,Chaba (2004),2004.0,2004-0445-GUM,nat-met-sto-tro,GUM,Oceania,0.0,0.0,0.0,0.0,0.0,0.0,0.0,1000.0,1704.0,58.6698092933412,Category 5,155.0,178.4,879.0,2004-08-17,2004-09-05,19.5,Landfall,Category 2,33.475,131.125,85.0,2004-08-17,0,0.004890429817539399,17.020000457763672,0.014445295094031696,0.12773189472390953,0.6028899516672144,-0.0017770543689940022,0.8084734176402867,0.005687171645339054
2005017S09061,Ernest (2005),2005.0,2005-0048-MDG,nat-met-sto-tro,MDG,Africa,0.0,78.0,8.0,0.0,7985.0,0.0,0.0,0.0,0.0,60.6603317527392,Category 3,100.0,115.1,944.0,2005-01-16,2005-01-25,8.8,Landfall,Category 1,-25.1897,44.3635,82.0,2005-01-18,2,0.003949265079441933,12.470000267028809,0.0036544751367708628,0.10277856664080906,0.9230895239245593,-0.012099654496103618,0.9877890343512323,0.00022991718441032344
2005054S09173,Percy (2005),2005.0,2005-0102-COK,nat-met-sto-tro,COK,Oceania,0.0,0.0,8.0,600.0,608.0,0.0,0.0,0.0,0.0,60.6603317527392,Category 5,140.0,161.1,898.0,2005-02-23,2005-03-05,10.5,At Sea / Open Water,At Sea / Open Water,0.0,0.0,0.0,2005-02-23,0,-0.013869250463263594,12.390000343322754,-0.03170977254097007,0.12158425174280899,0.5164973750759214,-0.03170977254097007,1.0021402105202557,-0.005989364406361971
2005192N11318,Emily (2005),2005.0,2005-0382-TTO,nat-met-sto-tro,TTO,Americas,0.0,0.0,0.0,0.0,0.0,0.0,0.0,0.0,0.0,60.6603317527392,Category 5,140.0,161.1,929.0,2005-07-11,2005-07-21,10.5,Landfall,Category 2,20.6198,-88.0304,92.0,2005-07-11,0,0.020162872049588776,11.279999732971191,0.017288742615907182,0.08153569491198319,-0.14174197355329665,0.0,0.8649365005841818,-0.0015755936410242139
2005236N23285,Katrina (2005),2005.0,2005-0467-USA,nat-met-sto-tro,USA,Americas,0.0,1833.0,0.0,500000.0,500000.0,60000000.0,98911427.0,125000000.0,206065474.0,60.6603317527392,Category 5,150.0,172.6,902.0,2005-08-23,2005-08-31,7.5,Landfall,Category 1,26.0,-80.1,70.0,2005-08-23,0,0.0002460786436504492,13.34000015258789,-0.00033742140517201147,0.08280441912984929,-0.4458099943120932,-0.018542974401369983,0.7945161637429083,-0.010146439373817127
2005237N14148,Talim (2005),2005.0,2005-0492-CHN,nat-met-sto-tro,CHN,Asia,86.0,159.0,0.0,19624000.0,19624000.0,0.0,0.0,1900000.0,3132195.0,60.6603317527392,Category 4,130.0,149.6,910.0,2005-08-24,2005-09-03,9.5,Landfall,Category 2,23.85,121.475,95.0,2005-08-24,0,-0.0085923412548774,14.170000076293944,-0.01413154487097168,0.09071683032736245,0.09966047516606791,-0.02980111606483804,0.8326611648332531,-0.005050200208030065
2005180N20265,Bret (2005),2005.0,2005-0524-MEX,nat-met-sto-tro,MEX,Americas,0.0,2.0,0.0,15000.0,15000.0,0.0,0.0,10000.0,16485.0,60.6603317527392,Tropical Storm,35.0,40.3,1002.0,2005-06-28,2005-06-30,1.2,Landfall,Tropical Storm,20.8,-97.3,35.0,2005-06-28,0,-0.010866363244651733,11.579999923706056,-0.00505562558558148,0.06720559927614808,0.698902496160507,-0.00505562558558148,0.9040214725161004,0.005041251164299989
2005257N15120,Vicente (2005),2005.0,2005-0536-VNM,nat-met-sto-tro,VNM,Asia,0.0,8.0,0.0,8500.0,8500.0,0.0,0.0,20000.0,32970.0,60.6603317527392,Tropical Storm,50.0,57.5,987.0,2005-09-14,2005-09-19,4.8,Landfall,Tropical Storm,18.1333,105.964,47.0,2005-09-14,0,-0.005649596811718394,12.90999984741211,-0.003357987519005623,0.11191746316452277,-0.2082494390093539,-0.009345816088215608,0.8947903257938135,-0.003237780329780107
2005262N13127,Damrey (2005),2005.0,2005-0540-PHL,nat-met-sto-tro,PHL,Asia,0.0,16.0,0.0,20000.0,20000.0,0.0,0.0,2000.0,3297.0,60.6603317527392,Category 2,90.0,103.6,954.0,2005-09-19,2005-09-28,9.0,Landfall,Category 1,18.8617,110.331,75.0,2005-09-19,0,-0.00591908025447252,12.140000343322754,-0.0035753137930861767,0.12724472137636617,-0.15904959161913135,-0.009014668127227954,0.9613222045140908,-0.004716399659959056
2005262N13127,Damrey (2005),2005.0,2005-0540-THA,nat-met-sto-tro,THA,Asia,0.0,10.0,0.0,2000.0,2000.0,0.0,0.0,20000.0,32970.0,60.6603317527392,Category 2,90.0,103.6,954.0,2005-09-19,2005-09-28,9.0,Landfall,Category 1,18.8617,110.331,75.0,2005-09-19,0,-0.00591908025447252,12.140000343322754,-0.0035753137930861767,0.12724472137636617,-0.15904959161913135,-0.009014668127227954,0.9613222045140908,-0.004716399659959056
2005262N13127,Damrey (2005),2005.0,2005-0540-VNM,nat-met-sto-tro,VNM,Asia,717.0,75.0,28.0,337632.0,337660.0,0.0,0.0,219250.0,361439.0,60.6603317527392,Category 2,90.0,103.6,954.0,2005-09-19,2005-09-28,9.0,Landfall,Category 1,18.8617,110.331,75.0,2005-09-19,0,-0.00591908025447252,12.140000343322754,-0.0035753137930861767,0.12724472137636617,-0.15904959161913135,-0.009014668127227954,0.9613222045140908,-0.004716399659959056
2005275N19274,Stan (2005),2005.0,2005-0567-CRI,nat-met-sto-tro,CRI,Americas,0.0,1.0,0.0,1074.0,1074.0,0.0,0.0,20000.0,32970.0,60.6603317527392,Category 1,70.0,80.6,977.0,2005-10-01,2005-10-05,3.8,Landfall,Tropical Storm,19.5456,-87.3758,36.0,2005-10-03,2,0.008389168487006993,12.460000038146973,0.00890691908454655,0.13951938317117146,-0.46980293888856073,-0.01669439554595109,1.0743108139623605,0.013997698892213375
2005275N19274,Stan (2005),2005.0,2005-0567-HND,nat-met-sto-tro,HND,Americas,0.0,6.0,0.0,2869.0,2869.0,0.0,0.0,100000.0,164852.0,60.6603317527392,Category 1,70.0,80.6,977.0,2005-10-01,2005-10-05,3.8,Landfall,Tropical Storm,19.5456,-87.3758,36.0,2005-10-03,2,0.008389168487006993,12.460000038146973,0.00890691908454655,0.13951938317117146,-0.46980293888856073,-0.01669439554595109,1.0743108139623605,0.013997698892213375
2005275N19274,Stan (2005),2005.0,2005-0567-SLV,nat-met-sto-tro,SLV,Americas,0.0,69.0,0.0,72141.0,72141.0,0.0,0.0,355700.0,586380.0,60.6603317527392,Category 1,70.0,80.6,977.0,2005-10-01,2005-10-05,3.8,Landfall,Tropical Storm,19.5456,-87.3758,36.0,2005-10-03,2,0.008389168487006993,12.460000038146973,0.00890691908454655,0.13951938317117146,-0.46980293888856073,-0.01669439554595109,1.0743108139623605,0.013997698892213375
2005300N10279,Beta (2005),2005.0,2005-0625-COL,nat-met-sto-tro,COL,Americas,0.0,0.0,0.0,3074.0,3074.0,0.0,0.0,0.0,0.0,60.6603317527392,Category 3,100.0,115.1,962.0,2005-10-26,2005-10-31,4.2,Landfall,Category 2,12.9,-83.5,90.0,2005-10-26,0,-0.003422694467355769,14.59000015258789,0.017657294957077907,0.1561058777603821,-0.18163599192715685,0.0,0.9849272218577992,4.877003288496565e-05
2005300N10279,Beta (2005),2005.0,2005-0625-HND,nat-met-sto-tro,HND,Americas,0.0,0.0,0.0,11000.0,11000.0,0.0,0.0,0.0,0.0,60.6603317527392,Category 3,100.0,115.1,962.0,2005-10-26,2005-10-31,4.2,Landfall,Category 2,12.9,-83.5,90.0,2005-10-26,0,-0.003422694467355769,14.59000015258789,0.017657294957077907,0.1561058777603821,-0.18163599192715685,0.0,0.9849272218577992,4.877003288496565e-05
2005318N13298,Gamma (2005),2005.0,2005-0640-BLZ,nat-met-sto-tro,BLZ,Americas,0.0,3.0,0.0,0.0,0.0,0.0,0.0,0.0,0.0,60.6603317527392,Tropical Storm,45.0,51.8,1002.0,2005-11-14,2005-11-22,8.0,Landfall,Tropical Depression,15.7648,-84.4725,30.0,2005-11-14,0,0.011944737222543411,12.18000030517578,0.023956650504623367,0.14636940717678845,-0.26511800275394515,0.0,1.0127374635216317,-0.009993282197353646
2005318N13298,Gamma (2005),2005.0,2005-0640-HND,nat-met-sto-tro,HND,Americas,507.0,47.0,0.0,90000.0,90000.0,0.0,0.0,15500.0,25552.0,60.6603317527392,Tropical Storm,45.0,51.8,1002.0,2005-11-14,2005-11-22,8.0,Landfall,Tropical Depression,15.7648,-84.4725,30.0,2005-11-14,0,0.011944737222543411,12.18000030517578,0.023956650504623367,0.14636940717678845,-0.26511800275394515,0.0,1.0127374635216317,-0.009993282197353646
2005138N10265,Adrian (2005),2005.0,2005-0732-SLV,nat-met-sto-tro,SLV,Americas,0.0,0.0,0.0,0.0,0.0,0.0,0.0,0.0,0.0,60.6603317527392,Category 1,70.0,80.6,982.0,2005-05-17,2005-05-21,3.2,Landfall,Tropical Depression,13.3,-87.6,20.0,2005-05-17,0,0.008404338613033913,14.56999969482422,0.010132945112393932,0.16771277183766758,-0.2968259389609659,-0.006187669198415735,1.0170100142272747,-0.00692198662963326
2006006S11129,Clare (2006),2006.0,2006-0043-AUS,nat-met-sto-tro,AUS,Oceania,0.0,0.0,0.0,1500.0,1500.0,0.0,0.0,2354.0,3759.0,62.6171947810345,Tropical Storm,60.0,69.0,980.0,2006-01-06,2006-01-10,4.5,Landfall,Tropical Storm,-20.9,116.3,55.0,2006-01-06,0,0.025960818213123016,11.0,0.019786104836402973,0.10404159610683202,1.2837322087199312,0.0,0.9475632298171889,-0.00023042882383863552
2006188N10143,Bilis (2006),2006.0,2006-0362-VNM,nat-met-sto-tro,VNM,Asia,0.0,17.0,0.0,0.0,2000.0,0.0,0.0,0.0,0.0,62.6171947810345,Tropical Storm,50.0,57.5,987.0,2006-07-07,2006-07-17,10.5,Landfall,Tropical Storm,26.4267,119.487,40.0,2006-07-07,0,-0.005185582454951154,13.970000267028809,-0.002467211631883348,0.16990316817107323,-0.6845185433047078,-0.011308677446509874,1.0141659477359595,0.002185688457999064
2007043S11071,Favio (2007),2007.0,2007-0080-MOZ,nat-met-sto-tro,MOZ,Africa,0.0,10.0,70.0,162700.0,162770.0,0.0,0.0,0.0,0.0,64.4034636847652,Category 4,120.0,138.1,922.0,2007-02-11,2007-02-23,12.0,Landfall,Category 2,-21.6667,35.1,90.0,2007-02-12,1,-0.00966514221806325,11.609999656677246,-0.008025761011694166,0.09457134121844135,1.2480236067312633,-0.016184558806092486,1.0065981100852912,0.005558506575265673
2007066S12066,Indlala (2007),2007.0,2007-0095-MDG,nat-met-sto-tro,MDG,Africa,18703.0,80.0,16.0,203182.0,215198.0,0.0,0.0,240000.0,372651.0,64.4034636847652,Category 4,120.0,138.1,927.0,2007-03-07,2007-03-19,12.5,Landfall,Category 3,-14.8941,50.2924,105.0,2007-03-07,0,-0.009720417342819143,15.239999771118164,-0.013630010656454417,0.22190148121925535,-0.4749012656333943,-0.0658587843258075,1.1633607018254588,-0.014021902169268798
2007227N24269,Erin (2007),2007.0,2007-0359-USA,nat-met-sto-tro,USA,Americas,0.0,26.0,0.0,0.0,0.0,0.0,0.0,248000.0,385072.0,64.4034636847652,Tropical Storm,50.0,57.5,995.0,2007-08-15,2007-08-19,4.8,Landfall,Tropical Depression,28.4186,-97.4563,27.0,2007-08-15,0,-0.05866709222587807,30.670000076293945,-0.0739569809477314,0.35529974965148386,-0.2542317445745286,-0.10809298928436795,1.2476812965122606,0.018426305768014878
2007223N19136,Sepat (2007),2007.0,2007-0380-CHN,nat-met-sto-tro,CHN,Asia,0.0,39.0,0.0,8000000.0,8000000.0,0.0,0.0,890555.0,1382775.0,64.4034636847652,Category 5,140.0,161.1,918.0,2007-08-11,2007-08-24,13.2,Landfall,Category 3,23.55,121.025,100.0,2007-08-13,2,-0.006702753597439215,26.56999969482422,-0.019287841172766607,0.35462353693793974,-0.4971649083880004,-0.09871803549405644,1.261900672051004,0.035080699430404975
2007244N12303,Felix (2007),2007.0,2007-0439-SLV,nat-met-sto-tro,SLV,Americas,0.0,0.0,0.0,2800.0,2800.0,0.0,0.0,0.0,0.0,64.4034636847652,Category 5,150.0,172.6,929.0,2007-08-31,2007-09-06,6.2,Landfall,Category 5,14.3,-83.2,140.0,2007-08-31,0,-0.004988696038124574,23.3799991607666,-0.02287206898417804,0.34675008069908264,0.5659803191104631,-0.028777246972297554,1.2887669320701018,-0.009467618986661042
2007297N18300,Noel (2007),2007.0,2007-0523-BHS,nat-met-sto-tro,BHS,Americas,0.0,1.0,0.0,7000.0,7000.0,0.0,0.0,0.0,0.0,64.4034636847652,Category 1,75.0,86.3,965.0,2007-10-24,2007-11-06,13.0,Landfall,Tropical Storm,19.7408,-73.2102,42.0,2007-10-24,0,-0.017957574510303997,20.799999237060547,-0.035724065679005435,0.21149989521904708,0.40592615706807056,-0.0824737443144895,1.34886224273235,-0.0039333592853412515
2007297N18300,Noel (2007),2007.0,2007-0523-CUB,nat-met-sto-tro,CUB,Americas,0.0,1.0,0.0,192488.0,192488.0,0.0,0.0,500000.0,776356.0,64.4034636847652,Category 1,75.0,86.3,965.0,2007-10-24,2007-11-06,13.0,Landfall,Tropical Storm,19.7408,-73.2102,42.0,2007-10-24,0,-0.017957574510303997,20.799999237060547,-0.035724065679005435,0.21149989521904708,0.40592615706807056,-0.0824737443144895,1.34886224273235,-0.0039333592853412515
2007297N18300,Noel (2007),2007.0,2007-0523-DOM,nat-met-sto-tro,DOM,Americas,0.0,129.0,0.0,79728.0,79728.0,0.0,0.0,77700.0,120646.0,64.4034636847652,Category 1,75.0,86.3,965.0,2007-10-24,2007-11-06,13.0,Landfall,Tropical Storm,19.7408,-73.2102,42.0,2007-10-24,0,-0.017957574510303997,20.799999237060547,-0.035724065679005435,0.21149989521904708,0.40592615706807056,-0.0824737443144895,1.34886224273235,-0.0039333592853412515
2007274N18131,Krosa (2007),2007.0,2007-0552-TWN,nat-met-sto-tro,TWN,Asia,0.0,18.0,67.0,1000.0,1067.0,0.0,0.0,35000.0,54345.0,64.4034636847652,Category 4,130.0,149.6,926.0,2007-10-01,2007-10-14,12.8,Landfall,Category 3,24.9597,121.582,102.0,2007-10-01,0,0.01720609821943353,17.84000015258789,0.02491233311297325,0.2027527371669069,0.01203556635293035,0.0,1.3122130622173596,0.006173433515432496
2007345N18298,Olga (2007),2007.0,2007-0612-HTI,nat-met-sto-tro,HTI,Americas,0.0,3.0,2.0,2090.0,2352.0,0.0,0.0,0.0,0.0,64.4034636847652,Tropical Storm,50.0,57.5,1003.0,2007-12-10,2007-12-16,5.8,Landfall,Tropical Storm,18.4,-66.5,40.0,2007-12-10,0,0.02979407229136699,20.739999771118164,0.03609726599177687,0.41132774507966513,0.34694290023056285,0.0,1.5285738465351544,-0.018053522094628655
2008117N11090,Nargis (2008),2008.0,2008-0184-LKA,nat-met-sto-tro,LKA,Asia,0.0,9.0,0.0,50000.0,50000.0,0.0,0.0,0.0,0.0,66.8759741789087,Category 4,115.0,132.3,937.0,2008-04-25,2008-05-04,8.5,Landfall,Category 4,16.0,94.5,115.0,2008-04-25,0,0.008088140441964597,19.59000015258789,0.01813365692778901,0.36307176361316806,-0.33851462626628614,0.0,1.7419247945975216,0.004367861273084514
2008241N19303,Hanna (2008),2008.0,2008-0378-USA,nat-met-sto-tro,USA,Americas,0.0,7.0,0.0,0.0,0.0,0.0,0.0,160000.0,239249.0,66.8759741789087,Category 1,75.0,86.3,977.0,2008-08-28,2008-09-08,11.5,Landfall,Tropical Storm,34.5805,-78.498,54.0,2008-08-28,0,0.018701073929630496,19.43000030517578,0.07057065236426774,0.5007021677505749,0.1734448721724422,-0.05102069068193549,2.416436052408897,0.1234590073881478
2008245N17323,Ike (2008),2008.0,2008-0384-USA,nat-met-sto-tro,USA,Americas,0.0,82.0,0.0,200000.0,200000.0,15000000.0,22429580.0,30000000.0,44859160.0,66.8759741789087,Category 4,125.0,143.8,935.0,2008-09-01,2008-09-15,14.2,Landfall,Category 3,21.0,-73.2,110.0,2008-09-02,1,0.007636362239721528,21.989999771118164,0.08545706484024906,0.5020869788984316,0.6863693837645586,-0.03638042113055928,2.5215498705743054,0.07141538444949384
2008311N14278,Paloma (2008),2008.0,2008-0514-CYM,nat-met-sto-tro,CYM,Americas,0.0,0.0,0.0,0.0,0.0,0.0,0.0,0.0,0.0,66.8759741789087,Category 4,125.0,143.8,944.0,2008-11-05,2008-11-14,8.5,Landfall,Category 2,20.7,-78.0,90.0,2008-11-05,0,0.03341180527494125,54.560001373291016,0.04751874526723898,1.155982133391278,-0.3130868926488929,-0.13502588605055688,1.2361157597473564,-0.03284865056335495
2010038S08194,Pat (2010),2010.0,2010-0078-COK,nat-met-sto-tro,COK,Oceania,0.0,0.0,8.0,2194.0,2202.0,0.0,0.0,0.0,0.0,67.7310945291778,Category 2,90.0,103.6,956.0,2010-02-06,2010-02-12,5.2,At Sea / Open Water,At Sea / Open Water,0.0,0.0,0.0,2010-02-08,2,-0.029066526986510022,26.510000228881836,-0.0527045561091547,0.2860834037506328,-0.148133836450403,-0.1042622827787496,1.3141096063839626,-0.005319385726016257
2010149N13266,Agatha (2010),2010.0,2010-0211-SLV,nat-met-sto-tro,SLV,Americas,0.0,11.0,3.0,11250.0,11253.0,0.0,0.0,20000.0,29529.0,67.7310945291778,Tropical Storm,40.0,46.0,1001.0,2010-05-28,2010-05-30,1.8,Landfall,Tropical Storm,14.6,-91.9,35.0,2010-05-28,0,0.0023829369842960357,32.06999969482422,-0.0047456323614141205,0.43931834310575557,-0.3886860184023122,-0.108682192735016,1.3751927968158524,-0.00639086454175735
2010198N15123,Chanthu (2010),2010.0,2010-0332-VNM,nat-met-sto-tro,VNM,Asia,0.0,10.0,0.0,12400.0,12400.0,0.0,0.0,0.0,0.0,67.7310945291778,Category 1,80.0,92.1,963.0,2010-07-17,2010-07-23,6.5,Landfall,Tropical Depression,15.2667,121.233,25.0,2010-07-19,2,-0.006850207415910248,25.969999313354492,-0.02821807797812903,0.3188124531107903,0.3092636641052384,-0.051712955176183906,1.3026916103255093,-0.006519944420360059
2010234N14267,Frank (2010),2010.0,2010-0426-MEX,nat-met-sto-tro,MEX,Americas,0.0,6.0,0.0,154000.0,154000.0,0.0,0.0,0.0,0.0,67.7310945291778,Category 1,80.0,92.1,978.0,2010-08-21,2010-08-29,7.2,At Sea / Open Water,At Sea / Open Water,0.0,0.0,0.0,2010-08-23,2,-0.010530386756879007,25.65999984741211,-0.02067023898377507,0.19295413071550493,-0.030234114746500507,-0.08885980726759823,1.2439873531997176,-0.0008140903702981012
2010233N17119,Mindulle (2010),2010.0,2010-0432-VNM,nat-met-sto-tro,VNM,Asia,0.0,14.0,20.0,20560.0,20700.0,0.0,0.0,44000.0,64963.0,67.7310945291778,Category 1,65.0,74.8,974.0,2010-08-20,2010-08-25,4.2,Landfall,Tropical Storm,18.975,105.5,45.0,2010-08-20,0,-0.007201475153100434,25.489999771118164,-0.017057657061328224,0.20194485515136174,0.2669547391122522,-0.08289147802507879,1.2558144391473745,0.0005942198188994084
2010240N15142,Kompasu (2010),2010.0,2010-0479-PRK,nat-met-sto-tro,PRK,Asia,0.0,20.0,0.0,40000.0,40000.0,0.0,0.0,0.0,0.0,67.7310945291778,Category 3,105.0,120.8,944.0,2010-08-27,2010-09-06,9.8,Landfall,Category 1,38.1,127.15,65.0,2010-08-27,0,-0.006230633514645478,24.450000762939453,-0.007230299713827937,0.217041964161333,0.32602356648582864,-0.08952244750906335,1.2426459354463917,0.010674017017260777
2010293N17093,Giri (2010),2010.0,2010-0554-MMR,nat-met-sto-tro,MMR,Asia,0.0,45.0,49.0,260000.0,260049.0,0.0,0.0,57000.0,84156.0,67.7310945291778,Category 4,135.0,155.4,922.0,2010-10-19,2010-10-24,4.5,Landfall,Category 3,20.0748,93.4915,107.0,2010-10-19,0,-0.0023930438929143927,20.6299991607666,-0.025589668429428447,0.2198586847325495,1.2290300570284955,-0.02624477388819546,1.3134321877209743,-0.015479979681425116
2010302N09306,Tomas (2010),2010.0,2010-0571-LCA,nat-met-sto-tro,LCA,Americas,0.0,14.0,0.0,181000.0,181000.0,0.0,0.0,500.0,738.0,67.7310945291778,Category 2,85.0,97.8,982.0,2010-10-29,2010-11-10,12.5,At Sea / Open Water,At Sea / Open Water,0.0,0.0,0.0,2010-10-29,0,0.001182889238901419,21.200000762939453,-0.0027401231322508046,0.16787526565651437,-0.03484124145684242,-0.02018841695725271,1.3298262946109867,0.02258234894611963
2010302N09306,Tomas (2010),2010.0,2010-0571-VCT,nat-met-sto-tro,VCT,Americas,0.0,0.0,0.0,6000.0,6100.0,0.0,0.0,48000.0,70868.0,67.7310945291778,Category 2,85.0,97.8,982.0,2010-10-29,2010-11-10,12.5,At Sea / Open Water,At Sea / Open Water,0.0,0.0,0.0,2010-10-29,0,0.001182889238901419,21.200000762939453,-0.0027401231322508046,0.16787526565651437,-0.03484124145684242,-0.02018841695725271,1.3298262946109867,0.02258234894611963
2010249N24125,Meranti (2010),2010.0,2010-0691-CHN,nat-met-sto-tro,CHN,Asia,0.0,3.0,0.0,0.0,186000.0,0.0,0.0,0.0,0.0,67.7310945291778,Category 1,65.0,74.8,974.0,2010-09-06,2010-09-14,8.0,Landfall,Tropical Storm,24.8619,118.712,57.0,2010-09-07,1,0.04111684104057822,23.799999237060547,0.05580335592050578,0.2783768531716452,-0.11320175211986039,-0.03665980594817808,1.2780727327517527,0.0015580153914830502
2010305N06105,Jal (2010),2010.0,2010-0693-IND,nat-met-sto-tro,IND,Asia,0.0,22.0,0.0,0.0,0.0,0.0,0.0,0.0,0.0,67.7310945291778,Tropical Storm,55.0,63.3,982.0,2010-10-31,2010-11-08,7.4,Landfall,Tropical Depression,7.63545,99.7997,20.0,2010-11-01,1,-0.0014324332608796064,21.829999923706055,0.0006871703618980263,0.16574761059256055,0.4364801490464916,-0.02018841695725271,1.3279601879474578,0.01744694683500367
2011233N15301,Irene (2011),2011.0,2011-0328-USA,nat-met-sto-tro,USA,Americas,0.0,46.0,0.0,370000.0,370000.0,0.0,0.0,7300000.0,10448085.0,69.869263508865,Category 3,105.0,120.8,942.0,2011-08-21,2011-08-30,9.0,Landfall,Tropical Storm,18.1,-65.8,60.0,2011-08-22,1,-0.06541163654433513,42.439998626708984,-0.09173617478291662,0.6207534628806637,-0.09124895610076644,-0.2113235350861663,1.3046849166498085,0.01030452842941565
2011302N13062,Keila (2011),2011.0,2011-0414-OMN,nat-met-sto-tro,OMN,Asia,0.0,14.0,200.0,0.0,200.0,0.0,0.0,0.0,0.0,69.869263508865,Tropical Storm,55.0,63.3,982.0,2011-10-29,2011-11-05,7.0,Landfall,Tropical Storm,17.0,54.5,45.0,2011-10-31,2,7.961642366316468e-05,29.959999084472656,0.0059610265560638975,0.479947068941943,0.08573598439273522,-0.03914598239063438,1.454837842635004,-0.019180328782465176
2012215N23146,Haikui (2012),2012.0,2012-0282-CHN,nat-met-sto-tro,CHN,Asia,0.0,3.0,7.0,6000000.0,6000007.0,230000.0,322512.0,1500000.0,2103342.0,71.3150877335761,Category 1,65.0,74.8,974.0,2012-08-01,2012-08-11,9.8,Landfall,Tropical Storm,29.375,121.375,60.0,2012-08-01,0,0.027097900257264218,18.959999084472656,0.02242485833621566,0.17627547357637985,0.8028527607600586,-0.01151746859108338,1.2082897915976105,-0.0014778548729494807
2012225N16133,Kai-Tak (2012),2012.0,2012-0294-CHN,nat-met-sto-tro,CHN,Asia,0.0,2.0,0.0,107500.0,107500.0,0.0,0.0,262000.0,367384.0,71.3150877335761,Category 1,65.0,74.8,974.0,2012-08-11,2012-08-18,7.0,Landfall,Tropical Storm,18.3933,121.531,55.0,2012-08-13,2,0.008236386077828062,13.699999809265137,0.004703970024564796,0.14860835880919146,-0.6032109838706661,0.0,1.173709041161845,0.002876411338356954
2012234N16315,Isaac (2012),2012.0,2012-0313-CUB,nat-met-sto-tro,CUB,Americas,0.0,1.0,0.0,45496.0,45496.0,0.0,0.0,0.0,0.0,71.3150877335761,Category 1,70.0,80.6,965.0,2012-08-20,2012-09-01,11.8,Landfall,Tropical Storm,18.3,-72.7,55.0,2012-08-20,0,0.010087175277911031,14.020000457763672,0.014715820161825377,0.12493388581140208,0.5706990429467385,0.0,1.1980757532946442,0.00218114821869416
2012232N13141,Bolaven (2012),2012.0,2012-0414-KOR,nat-met-sto-tro,KOR,Asia,0.0,20.0,0.0,0.0,0.0,0.0,0.0,450000.0,631003.0,71.3150877335761,Category 4,125.0,143.8,929.0,2012-08-18,2012-09-01,14.2,Landfall,Tropical Storm,40.1763,125.098,40.0,2012-08-20,2,0.010087175277911031,14.020000457763672,0.014715820161825377,0.12493388581140208,0.5706990429467385,0.0,1.1980757532946442,0.00218114821869416
2012232N13141,Bolaven (2012),2012.0,2012-0414-PRK,nat-met-sto-tro,PRK,Asia,0.0,59.0,1.0,10960.0,44461.0,0.0,0.0,0.0,0.0,71.3150877335761,Category 4,125.0,143.8,929.0,2012-08-18,2012-09-01,14.2,Landfall,Tropical Storm,40.1763,125.098,40.0,2012-08-20,2,0.010087175277911031,14.020000457763672,0.014715820161825377,0.12493388581140208,0.5706990429467385,0.0,1.1980757532946442,0.00218114821869416
2012301N11087,Nilam (2012),2012.0,2012-0425-LKA,nat-met-sto-tro,LKA,Asia,0.0,0.0,0.0,0.0,69000.0,0.0,0.0,57000.0,79927.0,71.3150877335761,Tropical Storm,50.0,57.5,985.0,2012-10-27,2012-11-01,5.5,Landfall,Tropical Storm,12.7,79.8,50.0,2012-10-31,4,-0.014364221630522311,18.600000381469727,-0.013035818062330451,0.13807159498714958,-0.5900652426150306,-0.0263320612132657,1.1652010188119961,-0.00480229069459343
2013187N20156,Soulik (2013),2013.0,2013-0249-CHN,nat-met-sto-tro,CHN,Asia,0.0,9.0,150.0,390000.0,390150.0,0.0,0.0,460000.0,635713.0,72.3597374789251,Category 4,125.0,143.8,929.0,2013-07-06,2013-07-14,8.5,Landfall,Category 1,24.8148,121.461,78.0,2013-07-08,2,0.022004517597647766,14.779999732971191,0.026735029624374684,0.20179677745189759,-0.07417364780463809,0.0,1.1964818328704132,-0.007115856727492733
2013178N09133,Rumbia (2013),2013.0,2013-0258-CHN,nat-met-sto-tro,CHN,Asia,0.0,7.0,0.0,21000.0,21000.0,0.0,0.0,177000.0,244611.0,72.3597374789251,Category 1,70.0,80.6,970.0,2013-06-27,2013-07-02,5.8,Landfall,Tropical Depression,11.75,125.225,30.0,2013-06-27,0,0.015886626121707215,16.860000610351562,0.024446421525145423,0.22194535923063294,-0.5815814694259376,-0.016572189690397643,1.1863321943761065,-0.0015132035583994893
2013178N09133,Rumbia (2013),2013.0,2013-0258-PHL,nat-met-sto-tro,PHL,Asia,0.0,7.0,4.0,3592.0,3596.0,0.0,0.0,1000.0,1382.0,72.3597374789251,Category 1,70.0,80.6,970.0,2013-06-27,2013-07-02,5.8,Landfall,Tropical Depression,11.75,125.225,30.0,2013-06-27,0,0.015886626121707215,16.860000610351562,0.024446421525145423,0.22194535923063294,-0.5815814694259376,-0.016572189690397643,1.1863321943761065,-0.0015132035583994893
2013255N20148,Man-Yi (2013),2013.0,2013-0415-JPN,nat-met-sto-tro,JPN,Asia,0.0,6.0,141.0,30147.0,30288.0,0.0,0.0,2000.0,2764.0,72.3597374789251,Tropical Storm,60.0,69.0,978.0,2013-09-11,2013-09-20,8.8,Landfall,Tropical Storm,35.2467,137.733,55.0,2013-09-11,0,0.022021087637543513,13.81999969482422,0.02734159703145589,0.15212653866192508,0.03301287737379166,-0.003437874887613712,1.192308995044038,-0.005483336558536195
2013322N13090,Helen (2013),2013.0,2013-0515-IND,nat-met-sto-tro,IND,Asia,0.0,10.0,0.0,0.0,0.0,0.0,0.0,262000.0,362080.0,72.3597374789251,Category 1,70.0,80.6,970.0,2013-11-18,2013-11-23,5.2,Landfall,Tropical Storm,16.0425,81.2111,42.0,2013-11-18,0,0.011843352460168433,13.100000381469728,0.01197880203578272,0.12630954518783816,0.827494644972518,-0.00047361896647413193,1.2256802294395375,0.01067343975713042
2014004S17183,Ian (2014),2014.0,2014-0001-TON,nat-met-sto-tro,TON,Oceania,0.0,1.0,14.0,4000.0,4014.0,0.0,0.0,31000.0,42158.0,73.5335770092672,Category 4,130.0,149.6,926.0,2014-01-04,2014-01-15,11.0,At Sea / Open Water,At Sea / Open Water,0.0,0.0,0.0,2014-01-06,2,-0.008104415248302632,13.550000190734863,0.005506935184507622,0.12129243506189498,1.9113708471676332,0.0,1.214461401234221,-0.0051226128381421385
2014153N12267,Boris (2014),2014.0,2014-0183-GTM,nat-met-sto-tro,GTM,Americas,0.0,5.0,0.0,100000.0,100000.0,0.0,0.0,0.0,0.0,73.5335770092672,Tropical Storm,40.0,46.0,998.0,2014-06-01,2014-06-04,3.2,At Sea / Open Water,At Sea / Open Water,0.0,0.0,0.0,2014-06-02,1,0.01339592012923485,11.579999923706056,0.01406588360856209,0.10955381355638756,0.2256438207776037,0.0,1.052044840041277,0.009991673594863613
2014184N08147,Neoguri (2014),2014.0,2014-0236-JPN,nat-met-sto-tro,JPN,Asia,0.0,7.0,66.0,600.0,666.0,0.0,0.0,156000.0,212148.0,73.5335770092672,Category 5,140.0,161.1,918.0,2014-07-02,2014-07-13,10.8,Landfall,Tropical Storm,32.275,131.325,40.0,2014-07-02,0,0.00843665135768945,10.81999969482422,0.004834896827814905,0.08146636732654537,-0.3132000907995953,-0.0008746428621830837,1.0761552431913626,-0.004329706443994492
2014209N16134,Nakri (2014),2014.0,2014-0314-KOR,nat-met-sto-tro,KOR,Asia,0.0,14.0,0.0,0.0,0.0,0.0,0.0,0.0,0.0,73.5335770092672,Tropical Storm,40.0,46.0,992.0,2014-07-27,2014-08-04,7.5,Landfall,Tropical Depression,35.85,126.75,0.0,2014-07-28,1,0.00233151880553617,12.5600004196167,0.0021879689072559216,0.09623275227908924,1.8420520360648247,-0.006076670789848082,1.1251342092623162,0.00040758581392253204
2014246N17254,Norbert (2014),2014.0,2014-0386-MEX,nat-met-sto-tro,MEX,Americas,0.0,3.0,0.0,7500.0,7500.0,0.0,0.0,25000.0,33998.0,73.5335770092672,Category 3,110.0,126.6,950.0,2014-09-02,2014-09-11,8.5,At Sea / Open Water,At Sea / Open Water,0.0,0.0,0.0,2014-09-02,0,0.002048302045785322,12.25,0.005574798071068754,0.09177406150196676,0.07256020638759075,0.0,1.05664631648923,-0.0025865704677490815
2014290N14261,Trudy (2014),2014.0,2014-0417-MEX,nat-met-sto-tro,MEX,Americas,0.0,6.0,0.0,30000.0,30000.0,0.0,0.0,2000.0,2720.0,73.5335770092672,Tropical Storm,55.0,63.3,998.0,2014-10-17,2014-10-19,1.8,Landfall,Tropical Storm,16.7,-98.7,45.0,2014-10-17,0,-0.010863916389118877,21.989999771118164,-0.011514658220827756,0.18138065759844532,-0.13681214502654981,-0.04980840313252777,1.0265816868936102,-0.008411442347443891
2014092S11159,Ita (2014),2014.0,2014-0423-PNG,nat-met-sto-tro,PNG,Oceania,0.0,0.0,0.0,12346.0,12346.0,0.0,0.0,0.0,0.0,73.5335770092672,Category 5,140.0,161.1,918.0,2014-04-02,2014-04-18,16.8,Landfall,Category 2,-14.925,145.225,90.0,2014-04-02,0,0.02113836566736893,13.09000015258789,0.013098352313665185,0.10873685391227438,-0.2870225376585419,0.0,1.1374439032088015,-0.006162109243889718
2014329N08131,Sinlaku (2014),2014.0,2014-0474-VNM,nat-met-sto-tro,VNM,Asia,0.0,0.0,0.0,750.0,750.0,0.0,0.0,0.0,0.0,73.5335770092672,Tropical Storm,55.0,63.3,982.0,2014-11-25,2014-11-30,5.0,Landfall,Tropical Depression,9.03835,126.158,27.0,2014-11-25,0,0.00758949666291131,12.25,0.00869930403751229,0.061694241483008186,0.846705177756039,-0.0008204860492181387,0.9733792791475818,0.005369459189424669
2015085N06162,Maysak (2015),2015.0,2015-0105-FSM,nat-met-sto-tro,FSM,Oceania,0.0,5.0,0.0,35000.0,35000.0,0.0,0.0,11000.0,14941.0,73.6208029365864,Category 5,150.0,172.6,911.0,2015-03-25,2015-04-07,12.2,Landfall,Tropical Depression,16.7863,121.977,25.0,2015-03-25,0,-0.01796785820711133,15.4399995803833,-0.025526109324387813,0.16404141811245376,-0.3113690858014697,-0.0295428560707246,1.111521018866571,0.004911458437109115
2015085N06162,Maysak (2015),2015.0,2015-0105-PHL,nat-met-sto-tro,PHL,Asia,0.0,0.0,0.0,2761.0,2761.0,0.0,0.0,0.0,0.0,73.6208029365864,Category 5,150.0,172.6,911.0,2015-03-25,2015-04-07,12.2,Landfall,Tropical Depression,16.7863,121.977,25.0,2015-03-25,0,-0.01796785820711133,15.4399995803833,-0.025526109324387813,0.16404141811245376,-0.3113690858014697,-0.0295428560707246,1.111521018866571,0.004911458437109115
2015184N08172,Nangka (2015),2015.0,2015-0261-JPN,nat-met-sto-tro,JPN,Asia,0.0,2.0,56.0,789.0,845.0,127000.0,172506.0,207000.0,281171.0,73.6208029365864,Category 4,135.0,155.4,922.0,2015-07-02,2015-07-18,15.5,Landfall,Tropical Storm,33.3707,134.123,61.0,2015-07-02,0,-0.012151194084571215,16.790000915527344,-0.00685223649175537,0.1598140180708298,-0.4490833195478937,-0.021056897867683944,1.039050011299721,-0.0008522564268724253
2015211N13162,Soudelor (2015),2015.0,2015-0339-TWN,nat-met-sto-tro,TWN,Asia,0.0,6.0,380.0,0.0,380.0,0.0,0.0,0.0,0.0,73.6208029365864,Category 5,155.0,178.4,907.0,2015-07-29,2015-08-12,13.5,Landfall,Category 2,23.9,120.9,95.0,2015-07-29,0,-0.002838811346240422,12.5,-0.011336623518466538,0.137727233974172,-0.09237106862330802,-0.011336623518466538,1.0510327394430528,0.0015128276694448945
2016041S14170,Winston (2016),2016.0,2016-0041-FJI,nat-met-sto-tro,FJI,Oceania,41862.0,45.0,144.0,540414.0,540558.0,50000.0,67069.0,600000.0,804833.0,74.5496029864344,Category 5,155.0,178.4,907.0,2016-02-09,2016-02-28,18.8,Landfall,Category 5,-17.4667,177.804,147.0,2016-02-09,0,-0.024873356523503642,26.540000915527344,-0.03043275261754197,0.254747657178032,0.9606456872142122,-0.08564991325619364,1.1073008526084758,-0.009666689155749392
2016095S13162,Zena (2016),2016.0,2016-0141-TON,nat-met-sto-tro,TON,Oceania,0.0,0.0,0.0,0.0,0.0,0.0,0.0,0.0,0.0,74.5496029864344,Category 2,90.0,103.6,956.0,2016-04-04,2016-04-07,3.2,Landfall,Tropical Storm,-15.0251,167.012,50.0,2016-04-04,0,0.014810235332339383,14.119999885559082,0.009383003891366704,0.1374263901445254,0.06709244248748569,-0.0061594951786996255,1.1979348899722284,-0.006967795730408937
2016215N16283,Earl (2016),2016.0,2016-0284-GTM,nat-met-sto-tro,GTM,Americas,0.0,0.0,0.0,55.0,55.0,0.0,0.0,0.0,0.0,74.5496029864344,Category 1,75.0,86.3,979.0,2016-08-02,2016-08-06,4.2,Landfall,Category 1,17.4,-88.3,75.0,2016-08-02,0,-0.005536141324290478,13.369999885559082,-0.010993405617201857,0.09862618735178894,0.15152911226458232,-0.012663675489230752,1.3678251174342995,0.012382644277425171
2016248N15255,Newton (2016),2016.0,2016-0319-MEX,nat-met-sto-tro,MEX,Americas,0.0,11.0,0.0,10500.0,10500.0,0.0,0.0,50000.0,67069.0,74.5496029864344,Category 1,80.0,92.1,977.0,2016-09-04,2016-09-08,4.0,Landfall,Category 1,23.9,-110.8,75.0,2016-09-06,2,0.003068380008892646,12.020000457763672,0.008635012158233701,0.0656266527161144,0.4906712286375776,-0.0016278316433866458,1.4025707325936896,0.010641699558184899
2016273N13300,Matthew (2016),2016.0,2016-0355-DOM,nat-met-sto-tro,DOM,Americas,0.0,6.0,0.0,39.0,48.0,0.0,0.0,0.0,0.0,74.5496029864344,Category 5,145.0,166.9,934.0,2016-09-28,2016-10-10,11.5,Landfall,Category 4,18.3,-74.3,130.0,2016-09-28,0,0.003799357645445367,12.390000343322754,-0.006686855232192812,0.13519835251666076,-0.3294299364201301,-0.027909907177028792,0.9982940257769763,0.019671804598658055
2017195N16114,Talas (2017),2017.0,2017-0281-LAO,nat-met-sto-tro,LAO,Asia,0.0,0.0,0.0,0.0,0.0,0.0,0.0,0.0,0.0,76.1376037057766,Tropical Storm,50.0,57.5,985.0,2017-07-14,2017-07-17,3.8,Landfall,Tropical Storm,18.6,105.675,45.0,2017-07-14,0,0.014249740905891262,9.510000228881836,-0.0051893579505397636,0.11995256367118688,0.0388660057477066,-0.005983123148506464,1.1878752888045794,-0.011201097907152485
2017232N19130,Hato (2017),2017.0,2017-0352-HKG,nat-met-sto-tro,HKG,Asia,0.0,0.0,129.0,27.0,156.0,0.0,0.0,755500.0,992282.0,76.1376037057766,Category 3,100.0,115.1,948.0,2017-08-19,2017-08-25,5.5,Landfall,Category 2,22.175,112.85,85.0,2017-08-21,2,-0.014764198245264426,13.1899995803833,-0.02074185973100251,0.12752121790910495,-0.08945705628738154,-0.03308355421040865,0.9179142826101836,-0.0022377825627731725
2017242N16333,Irma (2017),2017.0,2017-0381-KNA,nat-met-sto-tro,KNA,Americas,0.0,0.0,0.0,500.0,500.0,2300.0,3021.0,20000.0,26268.0,76.1376037057766,Category 5,155.0,178.4,914.0,2017-08-30,2017-09-13,14.5,Landfall,Category 3,25.9,-81.7,100.0,2017-08-30,0,0.00592896952370392,11.220000267028809,-0.0028292830153423543,0.11938939543280061,-0.03923775083509273,-0.028357433782661978,0.8959315420553505,-0.03515488329170203
2017242N16333,Irma (2017),2017.0,2017-0381-MAF,nat-met-sto-tro,MAF,Americas,0.0,12.0,110.0,0.0,110.0,1231200.0,1617072.0,4100000.0,5384987.0,76.1376037057766,Category 5,155.0,178.4,914.0,2017-08-30,2017-09-13,14.5,Landfall,Category 3,25.9,-81.7,100.0,2017-08-30,0,0.00592896952370392,11.220000267028809,-0.0028292830153423543,0.11938939543280061,-0.03923775083509273,-0.028357433782661978,0.8959315420553505,-0.03515488329170203
2017242N16333,Irma (2017),2017.0,2017-0381-USA,nat-met-sto-tro,USA,Americas,0.0,97.0,0.0,0.0,70000.0,29000000.0,38088932.0,57000000.0,74864452.0,76.1376037057766,Category 5,155.0,178.4,914.0,2017-08-30,2017-09-13,14.5,Landfall,Category 3,25.9,-81.7,100.0,2017-08-30,0,0.00592896952370392,11.220000267028809,-0.0028292830153423543,0.11938939543280061,-0.03923775083509273,-0.028357433782661978,0.8959315420553505,-0.03515488329170203
2017260N12310,Maria (2017),2017.0,2017-0383-MTQ,nat-met-sto-tro,MTQ,Americas,0.0,0.0,2.0,0.0,2.0,0.0,0.0,44000.0,57790.0,76.1376037057766,Category 5,150.0,172.6,908.0,2017-09-16,2017-10-02,16.0,Landfall,Category 4,18.0,-65.9,135.0,2017-09-18,2,0.007019417295161201,10.149999618530272,0.026285224335396817,0.14763943323134854,-0.39963195222199643,0.0,1.0190598601978167,0.01679147625203239
2017260N12310,Maria (2017),2017.0,2017-0383-USA,nat-met-sto-tro,USA,Americas,0.0,4.0,0.0,0.0,0.0,0.0,0.0,0.0,0.0,76.1376037057766,Category 5,150.0,172.6,908.0,2017-09-16,2017-10-02,16.0,Landfall,Category 4,18.0,-65.9,135.0,2017-09-18,2,0.007019417295161201,10.149999618530272,0.026285224335396817,0.14763943323134854,-0.39963195222199643,0.0,1.0190598601978167,0.01679147625203239
2017304N11127,Damrey (2017),2017.0,2017-0422-PHL,nat-met-sto-tro,PHL,Asia,0.0,6.0,0.0,305.0,305.0,0.0,0.0,0.0,0.0,76.1376037057766,Category 2,90.0,103.6,967.0,2017-10-31,2017-11-05,5.0,Landfall,Tropical Depression,11.25,124.35,0.0,2017-10-31,0,0.0022995460556769487,10.18000030517578,-0.007833005001774418,0.08849374030817332,-0.3488194426306579,-0.007833005001774418,1.263120488310352,-0.015736841704034252
2017236N15129,Pakhar (2017),2017.0,2017-0485-CHN,nat-met-sto-tro,CHN,Asia,0.0,12.0,0.0,300.0,300.0,0.0,0.0,56000.0,73551.0,76.1376037057766,Tropical Storm,60.0,69.0,983.0,2017-08-24,2017-08-28,4.0,Landfall,Tropical Storm,16.3866,121.754,40.0,2017-08-24,0,0.003702465763476326,12.229999542236328,0.005282413725452351,0.1226183891668318,-0.5944923257249739,-0.02560058205932292,0.9135615682966659,-0.014721562982501366
2017236N15129,Pakhar (2017),2017.0,2017-0485-HKG,nat-met-sto-tro,HKG,Asia,0.0,1.0,0.0,0.0,0.0,0.0,0.0,0.0,0.0,76.1376037057766,Tropical Storm,60.0,69.0,983.0,2017-08-24,2017-08-28,4.0,Landfall,Tropical Storm,16.3866,121.754,40.0,2017-08-24,0,0.003702465763476326,12.229999542236328,0.005282413725452351,0.1226183891668318,-0.5944923257249739,-0.02560058205932292,0.9135615682966659,-0.014721562982501366
2018153N12113,Ewiniar (2018),2018.0,2018-0201-CHN,nat-met-sto-tro,CHN,Asia,0.0,14.0,0.0,16200.0,16200.0,0.0,0.0,570000.0,730795.0,77.9972651879547,Tropical Storm,40.0,46.0,996.0,2018-06-02,2018-06-11,9.0,Landfall,Tropical Storm,20.475,110.4,35.0,2018-06-04,2,0.01010471621486575,12.739999771118164,-0.010053886809683,0.17495093269006232,0.12424546899841027,-0.027169957606332673,1.1258952932962816,0.0013316519630263961
2018153N12113,Ewiniar (2018),2018.0,2018-0201-VNM,nat-met-sto-tro,VNM,Asia,0.0,1.0,0.0,0.0,0.0,0.0,0.0,0.0,0.0,77.9972651879547,Tropical Storm,40.0,46.0,996.0,2018-06-02,2018-06-11,9.0,Landfall,Tropical Storm,20.475,110.4,35.0,2018-06-04,2,0.01010471621486575,12.739999771118164,-0.010053886809683,0.17495093269006232,0.12424546899841027,-0.027169957606332673,1.1258952932962816,0.0013316519630263961
2018221N17112,Bebinca (2018),2018.0,2018-0305-VNM,nat-met-sto-tro,VNM,Asia,0.0,13.0,0.0,50000.0,50000.0,0.0,0.0,2000.0,2564.0,77.9972651879547,Tropical Storm,60.0,69.0,979.0,2018-08-09,2018-08-17,8.8,Landfall,Tropical Depression,21.6512,112.222,20.0,2018-08-09,0,0.009490562807761949,11.270000457763672,0.012159984426988846,0.12129232788745908,-0.23409173325819777,-0.005971273610513417,1.0695453932138093,-0.0029244574383057603
2018242N13343,Florence (2018),2018.0,2018-0342-USA,nat-met-sto-tro,USA,Americas,0.0,53.0,0.0,1500000.0,1500000.0,5000000.0,6410481.0,14000000.0,17949347.0,77.9972651879547,Category 4,130.0,149.6,937.0,2018-08-30,2018-09-18,19.2,Landfall,Category 1,34.2,-77.8,80.0,2018-08-30,0,0.015780640140908186,13.529999732971191,0.007818104284827987,0.11447257556841671,0.3618853052461928,-0.009084433656566415,0.9038428430708045,0.007348782756021093
2018280N18273,Michael (2018),2018.0,2018-0373-CUB,nat-met-sto-tro,CUB,Americas,0.0,0.0,0.0,540.0,540.0,0.0,0.0,0.0,0.0,77.9972651879547,Category 5,140.0,161.1,919.0,2018-10-06,2018-10-15,9.0,Landfall,Category 5,30.0,-85.5,140.0,2018-10-08,2,-0.013402840083349687,15.6899995803833,0.01805718931987821,0.12541541211432106,0.13519005114833016,-0.02294444419763797,0.8334459175855717,-0.02782989784922979
2018280N18273,Michael (2018),2018.0,2018-0373-USA,nat-met-sto-tro,USA,Americas,0.0,49.0,0.0,5000.0,5000.0,10000000.0,12820962.0,16000000.0,20513540.0,77.9972651879547,Category 5,140.0,161.1,919.0,2018-10-06,2018-10-15,9.0,Landfall,Category 5,30.0,-85.5,140.0,2018-10-08,2,-0.013402840083349687,15.6899995803833,0.01805718931987821,0.12541541211432106,0.13519005114833016,-0.02294444419763797,0.8334459175855717,-0.02782989784922979
2018292N14261,Willa (2018),2018.0,2018-0406-MEX,nat-met-sto-tro,MEX,Americas,0.0,6.0,0.0,10000.0,10000.0,0.0,0.0,536800.0,688229.0,77.9972651879547,Category 5,140.0,161.1,925.0,2018-10-19,2018-10-24,5.2,Landfall,Category 3,22.7,-105.8,100.0,2018-10-19,0,0.0010870263983777662,19.88999938964844,0.00908082978670044,0.19659964088352883,-0.4663039301689951,-0.06157617483729827,0.9172076645746468,-0.016611804954150267
2018347N07089,Phethai (2018),2018.0,2018-0473-IND,nat-met-sto-tro,IND,Asia,0.0,8.0,0.0,10000.0,10000.0,0.0,0.0,100000.0,128210.0,77.9972651879547,Tropical Storm,55.0,63.3,989.0,2018-12-13,2018-12-17,4.8,Landfall,Tropical Depression,17.3601,82.6085,27.0,2018-12-13,0,-0.016565309917422333,20.649999618530273,-0.043749892093659204,0.23973162182706928,-0.5008215337623276,-0.09801027247178518,0.9315470365986951,0.01977109258483528
2019063S18038,Idai (2019),2019.0,2019-0110-MDG,nat-met-sto-tro,MDG,Africa,0.0,3.0,0.0,1100.0,1100.0,0.0,0.0,0.0,0.0,79.4107846043372,Category 4,115.0,132.3,947.0,2019-03-04,2019-03-16,12.5,Landfall,Tropical Depression,-17.5149,37.2701,0.0,2019-03-04,0,-0.00042910849415134233,14.630000114440918,-0.0018816308393045933,0.12469273456674174,1.2642193646393327,-0.006369470777503938,0.8972256256684923,-0.007475484191253147
2019116N02090,Fani (2019),2019.0,2019-0164-BGD,nat-met-sto-tro,BGD,Asia,0.0,39.0,45.0,0.0,10045.0,0.0,0.0,0.0,0.0,79.4107846043372,Category 5,150.0,172.6,900.0,2019-04-25,2019-05-04,8.8,Landfall,Category 4,20.2,85.9,115.0,2019-04-25,0,0.00898266654666613,13.25,0.0010938112484690787,0.12556947470999796,-0.24308563075772516,0.0,1.0814413533528509,0.01670085781929431
2019112S10053,Kenneth (2019),2019.0,2019-0165-MOZ,nat-met-sto-tro,MOZ,Africa,0.0,45.0,94.0,400000.0,400094.0,0.0,0.0,230000.0,289633.0,79.4107846043372,Category 4,125.0,143.8,934.0,2019-04-21,2019-04-28,6.5,Landfall,Category 3,-12.1612,40.4524,97.0,2019-04-22,1,0.0003789024494165183,12.420000076293944,0.004421592869995328,0.13393072277279924,-0.5353277181439625,-0.005835386586890645,1.073425633047879,0.013099275476498865
2019236N10314,Dorian (2019),2019.0,2019-0412-USA,nat-met-sto-tro,USA,Americas,0.0,10.0,0.0,0.0,0.0,0.0,0.0,1600000.0,2014840.0,79.4107846043372,Category 5,160.0,184.1,910.0,2019-08-24,2019-09-09,15.8,Landfall,Category 1,45.2,-62.9,80.0,2019-08-26,2,-0.014812027032495623,19.31999969482422,-0.01825622180851838,0.27020555904642996,-0.10763570658290189,-0.07185634199136026,1.0723603401011386,0.0008036414270111616
2019261N28264,Imelda (2019),2019.0,2019-0417-USA,nat-met-sto-tro,USA,Americas,0.0,5.0,0.0,1000.0,1000.0,1200000.0,1511130.0,3500000.0,4407462.0,79.4107846043372,Tropical Storm,40.0,46.0,1003.0,2019-09-17,2019-09-19,1.5,Landfall,Tropical Storm,28.9,-95.4,40.0,2019-09-17,0,0.009358483686652486,14.4399995803833,0.016452316274174317,0.16994161598605956,-0.4729333596423012,-0.002456943585987026,1.108296039422787,-0.0011395726704360436
2019260N12262,Lorena (2019),2019.0,2019-0418-MEX,nat-met-sto-tro,MEX,Americas,0.0,1.0,0.0,200.0,200.0,0.0,0.0,0.0,0.0,79.4107846043372,Category 1,75.0,86.3,985.0,2019-09-17,2019-09-22,5.2,Landfall,Category 1,19.3,-104.8,65.0,2019-09-17,0,0.009358483686652486,14.4399995803833,0.016452316274174317,0.16994161598605956,-0.4729333596423012,-0.002456943585987026,1.108296039422787,-0.0011395726704360436
2019243N06136,Lingling (2019),2019.0,2019-0424-JPN,nat-met-sto-tro,JPN,Asia,0.0,0.0,0.0,0.0,0.0,0.0,0.0,10000.0,12593.0,79.4107846043372,Category 4,120.0,138.1,928.0,2019-08-30,2019-09-12,12.5,Landfall,Category 1,37.9,125.225,65.0,2019-08-30,0,0.026680117789881663,18.979999542236328,0.031417573650569075,0.2718761569664011,-0.5297019083938488,-0.012472485112792198,1.0746529565617107,0.013788712673649693
2019268N10155,Mitag (2019),2019.0,2019-0472-KOR,nat-met-sto-tro,KOR,Asia,0.0,15.0,11.0,1400.0,1411.0,0.0,0.0,553000.0,696379.0,79.4107846043372,Category 2,90.0,103.6,961.0,2019-09-24,2019-10-05,11.0,Landfall,Tropical Storm,35.0475,127.236,40.0,2019-09-24,0,-0.012241614953714453,17.049999237060547,-0.014706906039776535,0.13324313564935236,0.5087230356653487,-0.018161482183674194,1.113313585251778,-0.006256208210716213
2019242N14180,Faxai (2019),2019.0,2019-0521-JPN,nat-met-sto-tro,JPN,Asia,0.0,3.0,150.0,120000.0,120150.0,7000000.0,8814924.0,9100000.0,11459401.0,79.4107846043372,Category 4,115.0,132.3,940.0,2019-08-30,2019-09-11,12.2,Landfall,Category 2,35.1308,139.55,91.0,2019-08-30,0,0.026680117789881663,18.979999542236328,0.031417573650569075,0.2718761569664011,-0.5297019083938488,-0.012472485112792198,1.0746529565617107,0.013788712673649693
