storm_id,hurricane_name,season,DisNo.,Classification Key,ISO,Region,AID Contribution ('000 US$),Total Deaths,No. Injured,No. Affected,Total Affected,Insured Damage ('000 US$),"Insured Damage, Adjusted ('000 US$)",Total Damage ('000 US$),"Total Damage, Adjusted ('000 US$)",CPI,peak_category,peak_wind_kts,peak_wind_mph,min_pressure_mb,start_date,end_date,duration_days,landfall_status,landfall_category,landfall_lat,landfall_lon,landfall_wind_kts,event_trading_date,event_date_shift_days,spy_prev_5d_return,vix,industrials_prev_5d_return,industrials_20d_volatility,industrials_volume_change,industrials_drawdown,industrials_beta,industrials_5d_abnormal_return
2000299N08139,Xangsane (2000),2000.0,2000-0706-PHL,nat-met-sto-tro,PHL,Asia,0.0,154.0,314.0,2435942.0,2436256.0,1500.0,2804.0,17000.0,31783.0,53.4877366816787,Category 2,90.0,103.6,980.0,2000-10-24,2000-11-02,8.5,Landfall,Category 1,13.7106,122.979,70.0,2000-10-24,0,0.03594598688876238,24.280000686645508,0.03198231750844771,0.2707944900800532,2.0545454545454547,-0.027135937076811167,0.6349158017386586,0.01777854777589482
2001303N13276,Michelle (2001),2001.0,2001-0671-BHS,nat-met-sto-tro,BHS,Americas,0.0,0.0,0.0,0.0,0.0,15000.0,27273.0,300000.0,545461.0,54.9993852662954,Category 4,120.0,138.1,933.0,2001-10-29,2001-11-06,8.0,Landfall,Tropical Depression,13.3,-83.6,30.0,2001-10-29,0,-0.018453326831047168,31.63999938964844,-0.004025019376046046,0.267015614912939,0.625,-0.03696613702378815,1.277366075721719,-0.014560529503185572
2004247N10332,Ivan (2004),2004.0,2004-0462-BHS,nat-met-sto-tro,BHS,Americas,0.0,1.0,0.0,0.0,0.0,0.0,0.0,0.0,0.0,58.6698092933412,Category 5,145.0,166.9,910.0,2004-09-02,2004-09-24,21.5,Landfall,Category 2,30.7208,-87.8481,90.0,2004-09-02,0,0.013321528955909878,14.279999732971191,0.012898712260689615,0.16518409405540505,3.5,0.0,1.0360646610149191,-0.001233823692159036
2004247N10332,Ivan (2004),2004.0,2004-0462-CUB,nat-met-sto-tro,CUB,Americas,1703.0,0.0,0.0,3245.0,3245.0,0.0,0.0,200000.0,340891.0,58.6698092933412,Category 5,145.0,166.9,910.0,2004-09-02,2004-09-24,21.5,Landfall,Category 2,30.7208,-87.8481,90.0,2004-09-02,0,0.013321528955909878,14.279999732971191,0.012898712260689615,0.16518409405540505,3.5,0.0,1.0360646610149191,-0.001233823692159036
2004247N10332,Ivan (2004),2004.0,2004-0462-JAM,nat-met-sto-tro,JAM,Americas,3345.0,15.0,0.0,350000.0,350000.0,200000.0,340891.0,595000.0,1014150.0,58.6698092933412,Category 5,145.0,166.9,910.0,2004-09-02,2004-09-24,21.5,Landfall,Category 2,30.7208,-87.8481,90.0,2004-09-02,0,0.013321528955909878,14.279999732971191,0.012898712260689615,0.16518409405540505,3.5,0.0,1.0360646610149191,-0.001233823692159036
2004247N10332,Ivan (2004),2004.0,2004-0462-LCA,nat-met-sto-tro,LCA,Americas,0.0,0.0,0.0,0.0,0.0,0.0,0.0,500.0,852.0,58.6698092933412,Category 5,145.0,166.9,910.0,2004-09-02,2004-09-24,21.5,Landfall,Category 2,30.7208,-87.8481,90.0,2004-09-02,0,0.013321528955909878,14.279999732971191,0.012898712260689615,0.16518409405540505,3.5,0.0,1.0360646610149191,-0.001233823692159036
2004247N10332,Ivan (2004),2004.0,2004-0462-TTO,nat-met-sto-tro,TTO,Americas,0.0,1.0,0.0,560.0,560.0,0.0,0.0,1000.0,1704.0,58.6698092933412,Category 5,145.0,166.9,910.0,2004-09-02,2004-09-24,21.5,Landfall,Category 2,30.7208,-87.8481,90.0,2004-09-02,0,0.013321528955909878,14.279999732971191,0.012898712260689615,0.16518409405540505,3.5,0.0,1.0360646610149191,-0.001233823692159036
2004247N10332,Ivan (2004),2004.0,2004-0462-USA,nat-met-sto-tro,USA,Americas,0.0,52.0,0.0,0.0,0.0,12000000.0,20453450.0,18000000.0,30680175.0,58.6698092933412,Category 5,145.0,166.9,910.0,2004-09-02,2004-09-24,21.5,Landfall,Category 2,30.7208,-87.8481,90.0,2004-09-02,0,0.013321528955909878,14.279999732971191,0.012898712260689615,0.16518409405540505,3.5,0.0,1.0360646610149191,-0.001233823692159036
2007225N12331,Dean (2007),2007.0,2007-0360-HTI,nat-met-sto-tro,HTI,Americas,0.0,9.0,6.0,3960.0,3966.0,0.0,0.0,0.0,0.0,64.4034636847652,Category 5,150.0,172.6,905.0,2007-08-13,2007-08-23,9.8,Landfall,Category 5,18.7,-87.7,150.0,2007-08-13,0,-0.006702753597439215,26.56999969482422,-0.01736253404591681,0.22231626538305732,-0.05704626766114851,-0.05903613578423372,0.920364888951052,-0.009065402213083064
2000237N08138,Prapiroon (2000),2000.0,2000-0556-CHN,nat-met-sto-tro,CHN,Asia,0.0,4.0,80.0,0.0,37770.0,0.0,0.0,10.0,19.0,53.4877366816787,Category 1,75.0,86.3,995.0,2000-08-24,2000-09-04,11.2,Landfall,Tropical Storm,38.2851,125.887,55.0,2000-08-24,0,0.007490595007367151,17.040000915527344,0.01470596936855495,0.20563221132232645,0.32156862745098036,0.0,0.7369479056989015,0.004473461954926402
2001303N13276,Michelle (2001),2001.0,2001-0611-CYM,nat-met-sto-tro,CYM,Americas,0.0,0.0,0.0,0.0,0.0,40000.0,72728.0,60000.0,109092.0,54.9993852662954,Category 4,120.0,138.1,933.0,2001-10-29,2001-11-06,8.0,Landfall,Tropical Depression,13.3,-83.6,30.0,2001-10-29,0,-0.018453326831047168,31.63999938964844,-0.004025019376046046,0.267015614912939,0.625,-0.03696613702378815,1.277366075721719,-0.014560529503185572
2004247N10332,Ivan (2004),2004.0,2004-0462-VEN,nat-met-sto-tro,VEN,Americas,0.0,5.0,5.0,1645.0,1730.0,0.0,0.0,0.0,0.0,58.6698092933412,Category 5,145.0,166.9,910.0,2004-09-02,2004-09-24,21.5,Landfall,Category 2,30.7208,-87.8481,90.0,2004-09-02,0,0.013321528955909878,14.279999732971191,0.012898712260689615,0.16518409405540505,3.5,0.0,1.0360646610149191,-0.001233823692159036
2007225N12331,Dean (2007),2007.0,2007-0360-LCA,nat-met-sto-tro,LCA,Americas,0.0,1.0,0.0,0.0,0.0,20000.0,31054.0,40000.0,62108.0,64.4034636847652,Category 5,150.0,172.6,905.0,2007-08-13,2007-08-23,9.8,Landfall,Category 5,18.7,-87.7,150.0,2007-08-13,0,-0.006702753597439215,26.56999969482422,-0.01736253404591681,0.22231626538305732,-0.05704626766114851,-0.05903613578423372,0.920364888951052,-0.009065402213083064
2010271N19276,Nicole (2010),2010.0,2010-0501-JAM,nat-met-sto-tro,JAM,Americas,68.0,15.0,26.0,2480.0,2506.0,0.0,0.0,240000.0,354342.0,67.7310945291778,Tropical Storm,40.0,46.0,994.0,2010-09-28,2010-09-30,2.5,Landfall,Tropical Storm,22.2,-80.5,40.0,2010-09-28,0,0.006053663792989106,22.600000381469727,0.0060861025362972665,0.20384955723859993,-0.1903501490716899,-0.000954256055919922,1.18878640974818,-0.0014679022944569659
2012296N14283,Sandy (2012),2012.0,2012-0410-CUB,nat-met-sto-tro,CUB,Americas,0.0,11.0,0.0,0.0,162605.0,0.0,0.0,2000000.0,2804456.0,71.3150877335761,Category 3,100.0,115.1,940.0,2012-10-21,2012-10-31,9.8,Landfall,Category 1,17.9,-76.6,75.0,2012-10-22,1,-0.0046503073120445215,16.6200008392334,-0.0002724690073172553,0.12177154618606047,0.46904373016117606,-0.019508056067332746,1.0492090259368771,0.009619805436711745
2012296N14283,Sandy (2012),2012.0,2012-0410-USA,nat-met-sto-tro,USA,Americas,0.0,158.0,0.0,0.0,0.0,11000000.0,15424506.0,50000000.0,70111391.0,71.3150877335761,Category 3,100.0,115.1,940.0,2012-10-21,2012-10-31,9.8,Landfall,Category 1,17.9,-76.6,75.0,2012-10-22,1,-0.0046503073120445215,16.6200008392334,-0.0002724690073172553,0.12177154618606047,0.46904373016117606,-0.019508056067332746,1.0492090259368771,0.009619805436711745
2000245N14157,Saomai (2000),2000.0,2000-0576-JPN,nat-met-sto-tro,JPN,Asia,0.0,9.0,41.0,180000.0,180041.0,1050000.0,1963067.0,1400000.0,2617422.0,53.4877366816787,Category 5,140.0,161.1,995.0,2000-08-31,2000-09-19,18.2,Landfall,Tropical Storm,35.2826,128.439,60.0,2000-08-31,0,0.006815047635428506,16.84000015258789,0.00949579703709369,0.16049718919204106,-0.05934718100890213,-0.008345294234346046,0.7900556860899165,0.00916559103930964
2000273N16277,Keith (2000),2000.0,2000-0642-BLZ,nat-met-sto-tro,BLZ,Americas,2628.0,14.0,570.0,62000.0,62570.0,0.0,0.0,277460.0,518736.0,53.4877366816787,Category 4,120.0,138.1,939.0,2000-09-28,2000-10-06,7.8,Landfall,Tropical Storm,17.9,-88.2,60.0,2000-09-28,0,0.01620659317315143,19.469999313354492,0.028183573220524227,0.18111551029017087,2.2037037037037037,-0.03546208391518846,0.5620424698845972,0.013301228454968748
2000273N16277,Keith (2000),2000.0,2000-0643-MEX,nat-met-sto-tro,MEX,Americas,0.0,23.0,0.0,30000.0,30000.0,0.0,0.0,1000.0,1870.0,53.4877366816787,Category 4,120.0,138.1,939.0,2000-09-28,2000-10-06,7.8,Landfall,Tropical Storm,17.9,-88.2,60.0,2000-09-28,0,0.01620659317315143,19.469999313354492,0.028183573220524227,0.18111551029017087,2.2037037037037037,-0.03546208391518846,0.5620424698845972,0.013301228454968748
2001303N13276,Michelle (2001),2001.0,2001-0603-HND,nat-met-sto-tro,HND,Americas,0.0,21.0,0.0,61051.0,86321.0,0.0,0.0,5000.0,9091.0,54.9993852662954,Category 4,120.0,138.1,933.0,2001-10-29,2001-11-06,8.0,Landfall,Tropical Depression,13.3,-83.6,30.0,2001-10-29,0,-0.018453326831047168,31.63999938964844,-0.004025019376046046,0.267015614912939,0.625,-0.03696613702378815,1.277366075721719,-0.014560529503185572
2001303N13276,Michelle (2001),2001.0,2001-0671-USA,nat-met-sto-tro,USA,Americas,0.0,0.0,0.0,0.0,0.0,0.0,0.0,66.0,120.0,54.9993852662954,Category 4,120.0,138.1,933.0,2001-10-29,2001-11-06,8.0,Landfall,Tropical Depression,13.3,-83.6,30.0,2001-10-29,0,-0.018453326831047168,31.63999938964844,-0.004025019376046046,0.267015614912939,0.625,-0.03696613702378815,1.277366075721719,-0.014560529503185572
2001227N13323,Chantal (2001),2001.0,2001-0736-TTO,nat-met-sto-tro,TTO,Americas,0.0,2.0,0.0,0.0,0.0,0.0,0.0,0.0,0.0,54.9993852662954,Tropical Storm,60.0,69.0,997.0,2001-08-14,2001-08-22,7.8,Landfall,Tropical Storm,18.2,-88.1,55.0,2001-08-14,0,-0.012420247716384725,20.479999542236328,0.0010428186255675431,0.17059721667996725,1.73,-0.015726508045472265,0.82351576630273,0.007148735052675253
2004247N10332,Ivan (2004),2004.0,2004-0462-BLZ,nat-met-sto-tro,BLZ,Americas,0.0,0.0,0.0,0.0,0.0,0.0,0.0,97000.0,165332.0,58.6698092933412,Category 5,145.0,166.9,910.0,2004-09-02,2004-09-24,21.5,Landfall,Category 2,30.7208,-87.8481,90.0,2004-09-02,0,0.013321528955909878,14.279999732971191,0.012898712260689615,0.16518409405540505,3.5,0.0,1.0360646610149191,-0.001233823692159036
2004247N10332,Ivan (2004),2004.0,2004-0462-CYM,nat-met-sto-tro,CYM,Americas,0.0,2.0,0.0,0.0,0.0,1500000.0,2556681.0,3430080.0,5846414.0,58.6698092933412,Category 5,145.0,166.9,910.0,2004-09-02,2004-09-24,21.5,Landfall,Category 2,30.7208,-87.8481,90.0,2004-09-02,0,0.013321528955909878,14.279999732971191,0.012898712260689615,0.16518409405540505,3.5,0.0,1.0360646610149191,-0.001233823692159036
2007225N12331,Dean (2007),2007.0,2007-0360-MTQ,nat-met-sto-tro,MTQ,Americas,0.0,1.0,6.0,0.0,6.0,125000.0,194089.0,300000.0,465813.0,64.4034636847652,Category 5,150.0,172.6,905.0,2007-08-13,2007-08-23,9.8,Landfall,Category 5,18.7,-87.7,150.0,2007-08-13,0,-0.006702753597439215,26.56999969482422,-0.01736253404591681,0.22231626538305732,-0.05704626766114851,-0.05903613578423372,0.920364888951052,-0.009065402213083064
2012296N14283,Sandy (2012),2012.0,2012-0410-BHS,nat-met-sto-tro,BHS,Americas,0.0,2.0,0.0,0.0,0.0,0.0,0.0,700000.0,981559.0,71.3150877335761,Category 3,100.0,115.1,940.0,2012-10-21,2012-10-31,9.8,Landfall,Category 1,17.9,-76.6,75.0,2012-10-22,1,-0.0046503073120445215,16.6200008392334,-0.0002724690073172553,0.12177154618606047,0.46904373016117606,-0.019508056067332746,1.0492090259368771,0.009619805436711745
2000237N08138,Prapiroon (2000),2000.0,2000-0550-KOR,nat-met-sto-tro,KOR,Asia,0.0,25.0,0.0,0.0,300.0,0.0,0.0,11300.0,21126.0,53.4877366816787,Category 1,75.0,86.3,995.0,2000-08-24,2000-09-04,11.2,Landfall,Tropical Storm,38.2851,125.887,55.0,2000-08-24,0,0.007490595007367151,17.040000915527344,0.01470596936855495,0.20563221132232645,0.32156862745098036,0.0,0.7369479056989015,0.004473461954926402
2000273N16277,Keith (2000),2000.0,2000-0643-GTM,nat-met-sto-tro,GTM,Americas,0.0,1.0,0.0,0.0,0.0,0.0,0.0,0.0,0.0,53.4877366816787,Category 4,120.0,138.1,939.0,2000-09-28,2000-10-06,7.8,Landfall,Tropical Storm,17.9,-88.2,60.0,2000-09-28,0,0.01620659317315143,19.469999313354492,0.028183573220524227,0.18111551029017087,2.2037037037037037,-0.03546208391518846,0.5620424698845972,0.013301228454968748
2000273N16277,Keith (2000),2000.0,2000-0643-HND,nat-met-sto-tro,HND,Americas,0.0,6.0,0.0,0.0,0.0,0.0,0.0,0.0,0.0,53.4877366816787,Category 4,120.0,138.1,939.0,2000-09-28,2000-10-06,7.8,Landfall,Tropical Storm,17.9,-88.2,60.0,2000-09-28,0,0.01620659317315143,19.469999313354492,0.028183573220524227,0.18111551029017087,2.2037037037037037,-0.03546208391518846,0.5620424698845972,0.013301228454968748
2000273N16277,Keith (2000),2000.0,2000-0644-NIC,nat-met-sto-tro,NIC,Americas,0.0,12.0,0.0,2300.0,2300.0,0.0,0.0,1000.0,1870.0,53.4877366816787,Category 4,120.0,138.1,939.0,2000-09-28,2000-10-06,7.8,Landfall,Tropical Storm,17.9,-88.2,60.0,2000-09-28,0,0.01620659317315143,19.469999313354492,0.028183573220524227,0.18111551029017087,2.2037037037037037,-0.03546208391518846,0.5620424698845972,0.013301228454968748
2001220N17118,Usagi (2001),2001.0,2001-0436-VNM,nat-met-sto-tro,VNM,Asia,0.0,3.0,3.0,0.0,10003.0,0.0,0.0,3200.0,5818.0,54.9993852662954,Tropical Storm,40.0,46.0,994.0,2001-08-08,2001-08-11,3.0,Landfall,Tropical Storm,18.3538,105.9,40.0,2001-08-08,0,-0.029318294264713107,22.31999969482422,-0.017241172224102153,0.2028480335135461,-0.6169354838709677,-0.02564082032475079,0.8720930922865384,0.010203527512361161
2001303N13276,Michelle (2001),2001.0,2001-0611-HTI,nat-met-sto-tro,HTI,Americas,0.0,0.0,0.0,0.0,0.0,0.0,0.0,20.0,36.0,54.9993852662954,Category 4,120.0,138.1,933.0,2001-10-29,2001-11-06,8.0,Landfall,Tropical Depression,13.3,-83.6,30.0,2001-10-29,0,-0.018453326831047168,31.63999938964844,-0.004025019376046046,0.267015614912939,0.625,-0.03696613702378815,1.277366075721719,-0.014560529503185572
2001303N13276,Michelle (2001),2001.0,2001-0612-CUB,nat-met-sto-tro,CUB,Americas,0.0,5.0,12.0,5900000.0,5900012.0,20000.0,36364.0,100000.0,181820.0,54.9993852662954,Category 4,120.0,138.1,933.0,2001-10-29,2001-11-06,8.0,Landfall,Tropical Depression,13.3,-83.6,30.0,2001-10-29,0,-0.018453326831047168,31.63999938964844,-0.004025019376046046,0.267015614912939,0.625,-0.03696613702378815,1.277366075721719,-0.014560529503185572
2004247N10332,Ivan (2004),2004.0,2004-0462-BRB,nat-met-sto-tro,BRB,Americas,0.0,1.0,0.0,0.0,880.0,0.0,0.0,5000.0,8522.0,58.6698092933412,Category 5,145.0,166.9,910.0,2004-09-02,2004-09-24,21.5,Landfall,Category 2,30.7208,-87.8481,90.0,2004-09-02,0,0.013321528955909878,14.279999732971191,0.012898712260689615,0.16518409405540505,3.5,0.0,1.0360646610149191,-0.001233823692159036
2004247N10332,Ivan (2004),2004.0,2004-0462-HTI,nat-met-sto-tro,HTI,Americas,0.0,3.0,0.0,4000.0,6500.0,0.0,0.0,1000.0,1704.0,58.6698092933412,Category 5,145.0,166.9,910.0,2004-09-02,2004-09-24,21.5,Landfall,Category 2,30.7208,-87.8481,90.0,2004-09-02,0,0.013321528955909878,14.279999732971191,0.012898712260689615,0.16518409405540505,3.5,0.0,1.0360646610149191,-0.001233823692159036
2007225N12331,Dean (2007),2007.0,2007-0360-CUB,nat-met-sto-tro,CUB,Americas,0.0,0.0,0.0,0.0,0.0,0.0,0.0,0.0,0.0,64.4034636847652,Category 5,150.0,172.6,905.0,2007-08-13,2007-08-23,9.8,Landfall,Category 5,18.7,-87.7,150.0,2007-08-13,0,-0.006702753597439215,26.56999969482422,-0.01736253404591681,0.22231626538305732,-0.05704626766114851,-0.05903613578423372,0.920364888951052,-0.009065402213083064
2000083S17102,Hudah (2000),2000.0,2000-0178-MDG,nat-met-sto-tro,MDG,Africa,0.0,23.0,1.0,369271.0,369272.0,0.0,0.0,0.0,0.0,53.4877366816787,Category 4,125.0,143.8,950.0,2000-03-22,2000-04-09,17.8,Landfall,Category 3,-14.9236,49.7874,107.0,2000-03-22,0,0.07626452292338715,21.489999771118164,0.07657643215172083,0.32756411002018115,-0.43033800494641383,-0.004410067169971499,0.7311501676949922,0.02109837959820476
2000185N15117,Kai-Tak (2000),2000.0,2000-0397-PHL,nat-met-sto-tro,PHL,Asia,29.0,75.0,11.0,1483310.0,1483321.0,0.0,0.0,25763.0,48166.0,53.4877366816787,Category 1,75.0,86.3,995.0,2000-07-02,2000-07-12,9.5,Landfall,Tropical Storm,24.525,121.55,55.0,2000-07-03,1,0.00715892451167921,19.829999923706055,0.014380646389591245,0.2184002237650755,-0.7403314917127072,-0.03274103639024584,0.8595280328255084,0.008524672027966636
2000245N14157,Saomai (2000),2000.0,2000-0576-RUS,nat-met-sto-tro,RUS,Europe,0.0,9.0,0.0,0.0,0.0,0.0,0.0,50.0,93.0,53.4877366816787,Category 5,140.0,161.1,995.0,2000-08-31,2000-09-19,18.2,Landfall,Tropical Storm,35.2826,128.439,60.0,2000-08-31,0,0.006815047635428506,16.84000015258789,0.00949579703709369,0.16049718919204106,-0.05934718100890213,-0.008345294234346046,0.7900556860899165,0.00916559103930964
2000273N16277,Keith (2000),2000.0,2000-0645-SLV,nat-met-sto-tro,SLV,Americas,0.0,1.0,0.0,100.0,100.0,0.0,0.0,0.0,0.0,53.4877366816787,Category 4,120.0,138.1,939.0,2000-09-28,2000-10-06,7.8,Landfall,Tropical Storm,17.9,-88.2,60.0,2000-09-28,0,0.01620659317315143,19.469999313354492,0.028183573220524227,0.18111551029017087,2.2037037037037037,-0.03546208391518846,0.5620424698845972,0.013301228454968748
2000279N29279,Leslie (2000),2000.0,2000-0652-USA,nat-met-sto-tro,USA,Americas,0.0,2.0,0.0,14418.0,17433.0,0.0,0.0,219000.0,409440.0,53.4877366816787,Tropical Storm,60.0,69.0,973.0,2000-10-04,2000-10-10,6.2,Landfall,Tropical Depression,29.0,-81.4,30.0,2000-10-04,0,0.00371079223058679,21.540000915527344,0.022633816909202853,0.19547911113961347,0.6599999999999999,-0.020912929417681303,0.5461915562829034,-0.02309881588991818
2004247N10332,Ivan (2004),2004.0,2004-0462-GRD,nat-met-sto-tro,GRD,Americas,18254.0,39.0,700.0,60000.0,113700.0,0.0,0.0,889000.0,1515260.0,58.6698092933412,Category 5,145.0,166.9,910.0,2004-09-02,2004-09-24,21.5,Landfall,Category 2,30.7208,-87.8481,90.0,2004-09-02,0,0.013321528955909878,14.279999732971191,0.012898712260689615,0.16518409405540505,3.5,0.0,1.0360646610149191,-0.001233823692159036
2007225N12331,Dean (2007),2007.0,2007-0360-DOM,nat-met-sto-tro,DOM,Americas,0.0,1.0,0.0,1600.0,1600.0,30000.0,46581.0,40000.0,62108.0,64.4034636847652,Category 5,150.0,172.6,905.0,2007-08-13,2007-08-23,9.8,Landfall,Category 5,18.7,-87.7,150.0,2007-08-13,0,-0.006702753597439215,26.56999969482422,-0.01736253404591681,0.22231626538305732,-0.05704626766114851,-0.05903613578423372,0.920364888951052,-0.009065402213083064
2007225N12331,Dean (2007),2007.0,2007-0360-GLP,nat-met-sto-tro,GLP,Americas,0.0,0.0,0.0,0.0,0.0,125000.0,194089.0,300000.0,465813.0,64.4034636847652,Category 5,150.0,172.6,905.0,2007-08-13,2007-08-23,9.8,Landfall,Category 5,18.7,-87.7,150.0,2007-08-13,0,-0.006702753597439215,26.56999969482422,-0.01736253404591681,0.22231626538305732,-0.05704626766114851,-0.05903613578423372,0.920364888951052,-0.009065402213083064
2007225N12331,Dean (2007),2007.0,2007-0360-JAM,nat-met-sto-tro,JAM,Americas,0.0,4.0,0.0,32000.0,33188.0,150000.0,232907.0,300000.0,465813.0,64.4034636847652,Category 5,150.0,172.6,905.0,2007-08-13,2007-08-23,9.8,Landfall,Category 5,18.7,-87.7,150.0,2007-08-13,0,-0.006702753597439215,26.56999969482422,-0.01736253404591681,0.22231626538305732,-0.05704626766114851,-0.05903613578423372,0.920364888951052,-0.009065402213083064
2012296N14283,Sandy (2012),2012.0,2012-0410-CAN,nat-met-sto-tro,CAN,Americas,0.0,2.0,0.0,0.0,0.0,0.0,0.0,100000.0,140223.0,71.3150877335761,Category 3,100.0,115.1,940.0,2012-10-21,2012-10-31,9.8,Landfall,Category 1,17.9,-76.6,75.0,2012-10-22,1,-0.0046503073120445215,16.6200008392334,-0.0002724690073172553,0.12177154618606047,0.46904373016117606,-0.019508056067332746,1.0492090259368771,0.009619805436711745
2012296N14283,Sandy (2012),2012.0,2012-0410-DOM,nat-met-sto-tro,DOM,Americas,0.0,3.0,0.0,22000.0,22000.0,0.0,0.0,30000.0,42067.0,71.3150877335761,Category 3,100.0,115.1,940.0,2012-10-21,2012-10-31,9.8,Landfall,Category 1,17.9,-76.6,75.0,2012-10-22,1,-0.0046503073120445215,16.6200008392334,-0.0002724690073172553,0.12177154618606047,0.46904373016117606,-0.019508056067332746,1.0492090259368771,0.009619805436711745
2012296N14283,Sandy (2012),2012.0,2012-0410-HTI,nat-met-sto-tro,HTI,Americas,0.0,75.0,20.0,168500.0,201850.0,0.0,0.0,254000.0,356166.0,71.3150877335761,Category 3,100.0,115.1,940.0,2012-10-21,2012-10-31,9.8,Landfall,Category 1,17.9,-76.6,75.0,2012-10-22,1,-0.0046503073120445215,16.6200008392334,-0.0002724690073172553,0.12177154618606047,0.46904373016117606,-0.019508056067332746,1.0492090259368771,0.009619805436711745
2000083S17102,Hudah (2000),2000.0,2000-0178-MOZ,nat-met-sto-tro,MOZ,Africa,0.0,3.0,4.0,0.0,304.0,0.0,0.0,0.0,0.0,53.4877366816787,Category 4,125.0,143.8,950.0,2000-03-22,2000-04-09,17.8,Landfall,Category 3,-14.9236,49.7874,107.0,2000-03-22,0,0.07626452292338715,21.489999771118164,0.07657643215172083,0.32756411002018115,-0.43033800494641383,-0.004410067169971499,0.7311501676949922,0.02109837959820476
2001303N13276,Michelle (2001),2001.0,2001-0611-NIC,nat-met-sto-tro,NIC,Americas,0.0,16.0,0.0,24866.0,24866.0,0.0,0.0,1000.0,1818.0,54.9993852662954,Category 4,120.0,138.1,933.0,2001-10-29,2001-11-06,8.0,Landfall,Tropical Depression,13.3,-83.6,30.0,2001-10-29,0,-0.018453326831047168,31.63999938964844,-0.004025019376046046,0.267015614912939,0.625,-0.03696613702378815,1.277366075721719,-0.014560529503185572
2001303N13276,Michelle (2001),2001.0,2001-0615-JAM,nat-met-sto-tro,JAM,Americas,0.0,1.0,0.0,0.0,200.0,15000.0,27273.0,55487.0,100887.0,54.9993852662954,Category 4,120.0,138.1,933.0,2001-10-29,2001-11-06,8.0,Landfall,Tropical Depression,13.3,-83.6,30.0,2001-10-29,0,-0.018453326831047168,31.63999938964844,-0.004025019376046046,0.267015614912939,0.625,-0.03696613702378815,1.277366075721719,-0.014560529503185572
2000091S14156,Tessi (2000),2000.0,2000-0214-AUS,nat-met-sto-tro,AUS,Oceania,0.0,0.0,0.0,400.0,400.0,0.0,0.0,60000.0,112175.0,53.4877366816787,Tropical Storm,50.0,57.5,995.0,2000-03-31,2000-04-03,3.5,Landfall,Tropical Storm,-18.8211,146.32,40.0,2000-03-31,0,-0.020756432868162533,24.11000061035156,0.005379273647628802,0.31538087524318054,2.774193548387097,0.0,0.7121121662873526,0.0078100094782570335
2000184N13133,Kirogi (2000),2000.0,2000-0447-JPN,nat-met-sto-tro,JPN,Asia,0.0,4.0,0.0,900.0,900.0,200000.0,373917.0,300000.0,560876.0,53.4877366816787,Category 4,115.0,132.3,985.0,2000-07-02,2000-07-10,8.2,At Sea / Open Water,At Sea / Open Water,0.0,0.0,0.0,2000-07-03,1,0.00715892451167921,19.829999923706055,0.014380646389591245,0.2184002237650755,-0.7403314917127072,-0.03274103639024584,0.8595280328255084,0.008524672027966636
2000230N08139,Bilis (2000),2000.0,2000-0517-TWN,nat-met-sto-tro,TWN,Asia,0.0,14.0,100.0,0.0,2100.0,3000.0,5609.0,135000.0,252394.0,53.4877366816787,Category 5,140.0,161.1,935.0,2000-08-17,2000-08-27,10.0,Landfall,Category 4,23.0779,121.218,135.0,2000-08-17,0,0.02364233367656965,17.479999542236328,0.009211339286851805,0.20900667150132018,-0.0077821011673151474,-0.012024456958593999,0.7229552028379933,0.009290604735626571
2001056S11163,Paula (2001),2001.0,2001-0093-VUT,nat-met-sto-tro,VUT,Oceania,0.0,1.0,0.0,500.0,500.0,0.0,0.0,1390.0,2527.0,54.9993852662954,Category 3,105.0,120.8,985.0,2001-02-25,2001-03-08,11.5,At Sea / Open Water,At Sea / Open Water,0.0,0.0,0.0,2001-02-26,1,-0.021318755604046946,25.43000030517578,0.0003328841036602803,0.2090849697866482,-0.6802168021680217,-0.040802828927900325,0.8514794474836095,0.010242036028905256
2001264N13269,Juliette (2001),2001.0,2001-0562-MEX,nat-met-sto-tro,MEX,Americas,0.0,3.0,0.0,3000.0,3800.0,150000.0,272730.0,400000.0,727281.0,54.9993852662954,Category 4,125.0,143.8,923.0,2001-09-21,2001-10-03,11.8,Landfall,Tropical Storm,25.0,-112.0,35.0,2001-09-21,0,-0.11272164351284764,42.65999984741211,-0.17689650932822287,0.3919866492474399,1.3333333333333335,-0.24589269795287816,1.1166746665801577,0.00959931442533149
2001303N13276,Michelle (2001),2001.0,2001-0612-CRI,nat-met-sto-tro,CRI,Americas,0.0,0.0,0.0,0.0,0.0,0.0,0.0,1000.0,1818.0,54.9993852662954,Category 4,120.0,138.1,933.0,2001-10-29,2001-11-06,8.0,Landfall,Tropical Depression,13.3,-83.6,30.0,2001-10-29,0,-0.018453326831047168,31.63999938964844,-0.004025019376046046,0.267015614912939,0.625,-0.03696613702378815,1.277366075721719,-0.014560529503185572
2001227N13323,Chantal (2001),2001.0,2001-0735-MEX,nat-met-sto-tro,MEX,Americas,0.0,0.0,0.0,2500.0,2500.0,0.0,0.0,0.0,0.0,54.9993852662954,Tropical Storm,60.0,69.0,997.0,2001-08-14,2001-08-22,7.8,Landfall,Tropical Storm,18.2,-88.1,55.0,2001-08-14,0,-0.012420247716384725,20.479999542236328,0.0010428186255675431,0.17059721667996725,1.73,-0.015726508045472265,0.82351576630273,0.007148735052675253
2004247N10332,Ivan (2004),2004.0,2004-0462-DOM,nat-met-sto-tro,DOM,Americas,0.0,4.0,0.0,0.0,0.0,0.0,0.0,1000.0,1704.0,58.6698092933412,Category 5,145.0,166.9,910.0,2004-09-02,2004-09-24,21.5,Landfall,Category 2,30.7208,-87.8481,90.0,2004-09-02,0,0.013321528955909878,14.279999732971191,0.012898712260689615,0.16518409405540505,3.5,0.0,1.0360646610149191,-0.001233823692159036
2004247N10332,Ivan (2004),2004.0,2004-0462-VCT,nat-met-sto-tro,VCT,Americas,0.0,0.0,4.0,1000.0,1004.0,0.0,0.0,40000.0,68178.0,58.6698092933412,Category 5,145.0,166.9,910.0,2004-09-02,2004-09-24,21.5,Landfall,Category 2,30.7208,-87.8481,90.0,2004-09-02,0,0.013321528955909878,14.279999732971191,0.012898712260689615,0.16518409405540505,3.5,0.0,1.0360646610149191,-0.001233823692159036
2007225N12331,Dean (2007),2007.0,2007-0360-BLZ,nat-met-sto-tro,BLZ,Americas,0.0,0.0,0.0,20000.0,20000.0,0.0,0.0,14847.0,23053.0,64.4034636847652,Category 5,150.0,172.6,905.0,2007-08-13,2007-08-23,9.8,Landfall,Category 5,18.7,-87.7,150.0,2007-08-13,0,-0.006702753597439215,26.56999969482422,-0.01736253404591681,0.22231626538305732,-0.05704626766114851,-0.05903613578423372,0.920364888951052,-0.009065402213083064
2007225N12331,Dean (2007),2007.0,2007-0360-DMA,nat-met-sto-tro,DMA,Americas,0.0,2.0,30.0,7500.0,7530.0,10000.0,15527.0,20000.0,31054.0,64.4034636847652,Category 5,150.0,172.6,905.0,2007-08-13,2007-08-23,9.8,Landfall,Category 5,18.7,-87.7,150.0,2007-08-13,0,-0.006702753597439215,26.56999969482422,-0.01736253404591681,0.22231626538305732,-0.05704626766114851,-0.05903613578423372,0.920364888951052,-0.009065402213083064
2007225N12331,Dean (2007),2007.0,2007-0360-MEX,nat-met-sto-tro,MEX,Americas,0.0,9.0,0.0,140000.0,140000.0,475000.0,737538.0,600000.0,931627.0,64.4034636847652,Category 5,150.0,172.6,905.0,2007-08-13,2007-08-23,9.8,Landfall,Category 5,18.7,-87.7,150.0,2007-08-13,0,-0.006702753597439215,26.56999969482422,-0.01736253404591681,0.22231626538305732,-0.05704626766114851,-0.05903613578423372,0.920364888951052,-0.009065402213083064
2012296N14283,Sandy (2012),2012.0,2012-0410-JAM,nat-met-sto-tro,JAM,Americas,0.0,2.0,0.0,218850.0,218850.0,0.0,0.0,100000.0,140223.0,71.3150877335761,Category 3,100.0,115.1,940.0,2012-10-21,2012-10-31,9.8,Landfall,Category 1,17.9,-76.6,75.0,2012-10-22,1,-0.0046503073120445215,16.6200008392334,-0.0002724690073172553,0.12177154618606047,0.46904373016117606,-0.019508056067332746,1.0492090259368771,0.009619805436711745
2000230N08139,Bilis (2000),2000.0,2000-0533-CHN,nat-met-sto-tro,CHN,Asia,0.0,11.0,47.0,0.0,4522.0,0.0,0.0,69443.0,129830.0,53.4877366816787,Category 5,140.0,161.1,935.0,2000-08-17,2000-08-27,10.0,Landfall,Category 4,23.0779,121.218,135.0,2000-08-17,0,0.02364233367656965,17.479999542236328,0.009211339286851805,0.20900667150132018,-0.0077821011673151474,-0.012024456958593999,0.7229552028379933,0.009290604735626571
2000245N14157,Saomai (2000),2000.0,2000-0601-KOR,nat-met-sto-tro,KOR,Asia,0.0,8.0,0.0,0.0,411.0,0.0,0.0,71000.0,132741.0,53.4877366816787,Category 5,140.0,161.1,995.0,2000-08-31,2000-09-19,18.2,Landfall,Tropical Storm,35.2826,128.439,60.0,2000-08-31,0,0.006815047635428506,16.84000015258789,0.00949579703709369,0.16049718919204106,-0.05934718100890213,-0.008345294234346046,0.7900556860899165,0.00916559103930964
2000299N08139,Xangsane (2000),2000.0,2000-0706-TWN,nat-met-sto-tro,TWN,Asia,0.0,89.0,2.0,0.0,2.0,60000.0,112175.0,150000.0,280438.0,53.4877366816787,Category 2,90.0,103.6,980.0,2000-10-24,2000-11-02,8.5,Landfall,Category 1,13.7106,122.979,70.0,2000-10-24,0,0.03594598688876238,24.280000686645508,0.03198231750844771,0.2707944900800532,2.0545454545454547,-0.027135937076811167,0.6349158017386586,0.01777854777589482
2001227N13323,Chantal (2001),2001.0,2001-0736-BLZ,nat-met-sto-tro,BLZ,Americas,0.0,0.0,0.0,0.0,0.0,0.0,0.0,4000.0,7273.0,54.9993852662954,Tropical Storm,60.0,69.0,997.0,2001-08-14,2001-08-22,7.8,Landfall,Tropical Storm,18.2,-88.1,55.0,2001-08-14,0,-0.012420247716384725,20.479999542236328,0.0010428186255675431,0.17059721667996725,1.73,-0.015726508045472265,0.82351576630273,0.007148735052675253
2001170N11138,Chebi (2001),2001.0,2001-0293-PHL,nat-met-sto-tro,PHL,Asia,0.0,33.0,0.0,0.0,0.0,0.0,0.0,14000.0,25455.0,54.9993852662954,Category 3,100.0,115.1,944.0,2001-06-19,2001-06-25,6.5,Landfall,Category 2,25.5842,119.463,87.0,2001-06-19,0,-0.029739873831706065,22.34000015258789,-0.026862809133438303,0.1502250619706641,5.592814371257485,-0.08072439964371758,1.0086765532323354,-0.00852062257038302
2001170N11138,Chebi (2001),2001.0,2001-0293-TWN,nat-met-sto-tro,TWN,Asia,0.0,9.0,116.0,0.0,116.0,0.0,0.0,5000.0,9091.0,54.9993852662954,Category 3,100.0,115.1,944.0,2001-06-19,2001-06-25,6.5,Landfall,Category 2,25.5842,119.463,87.0,2001-06-19,0,-0.029739873831706065,22.34000015258789,-0.026862809133438303,0.1502250619706641,5.592814371257485,-0.08072439964371758,1.0086765532323354,-0.00852062257038302
2002234N14164,Rusa (2002),2002.0,2002-0557-RUS,nat-met-sto-tro,RUS,Europe,0.0,0.0,0.0,1050.0,1050.0,0.0,0.0,0.0,0.0,55.8716960740501,Category 4,115.0,132.3,927.0,2002-08-22,2002-09-03,12.8,Landfall,Tropical Storm,34.8418,127.37,62.0,2002-08-22,0,0.034010880265245014,27.75,0.03571409840105533,0.3846025058389559,-0.11413043478260865,0.0,0.954751158844444,-0.0012868916543671144
2001094S12172,Sose (2001),2001.0,2001-0143-VUT,nat-met-sto-tro,VUT,Oceania,0.0,1.0,0.0,505.0,800.0,0.0,0.0,0.0,0.0,54.9993852662954,Category 1,70.0,80.6,985.0,2001-04-03,2001-04-12,8.6,At Sea / Open Water,At Sea / Open Water,0.0,0.0,0.0,2001-04-03,0,-0.0669429331886997,34.720001220703125,-0.06261615012427257,0.3383707165508605,0.2697674418604652,-0.17623158267272598,0.8498446809324166,0.04350692002315518
2001180N15118,Durian (2001),2001.0,2001-0322-CHN,nat-met-sto-tro,CHN,Asia,0.0,33.0,8298.0,14990000.0,14998298.0,20000.0,36364.0,2743000.0,4987328.0,54.9993852662954,Category 1,75.0,86.3,967.0,2001-06-29,2001-07-03,4.5,Landfall,Category 1,21.108,110.319,75.0,2001-06-29,0,-0.002035024583377898,19.059999465942383,-0.02033880190242099,0.12890546124247426,21.114754098360656,-0.07497273553570571,1.0458810375667869,0.02197163235466045
2001278N12302,Iris (2001),2001.0,2001-0570-GTM,nat-met-sto-tro,GTM,Americas,0.0,8.0,11.0,6435.0,6446.0,0.0,0.0,100.0,182.0,54.9993852662954,Category 4,125.0,143.8,948.0,2001-10-04,2001-10-09,5.0,Landfall,Category 3,16.2424,-88.7091,108.0,2001-10-04,0,0.05055310090893261,31.969999313354492,0.06098684756789807,0.5126285656891832,1.8585858585858586,-0.11550932841795192,1.2410388950768259,0.0018198039561981988
2002234N14164,Rusa (2002),2002.0,2002-0561-PRK,nat-met-sto-tro,PRK,Asia,133.0,3.0,0.0,7401.0,7401.0,0.0,0.0,500.0,895.0,55.8716960740501,Category 4,115.0,132.3,927.0,2002-08-22,2002-09-03,12.8,Landfall,Tropical Storm,34.8418,127.37,62.0,2002-08-22,0,0.034010880265245014,27.75,0.03571409840105533,0.3846025058389559,-0.11413043478260865,0.0,0.954751158844444,-0.0012868916543671144
2001157N28265,Allison (2001),2001.0,2001-0242-USA,nat-met-sto-tro,USA,Americas,0.0,41.0,0.0,102000.0,172000.0,3500000.0,6363707.0,6000000.0,10909213.0,54.9993852662954,Tropical Storm,50.0,57.5,1000.0,2001-06-05,2001-06-19,13.5,Landfall,Tropical Storm,29.3,-95.3,45.0,2001-06-05,0,0.013535295348028775,19.579999923706055,0.0074007567485818715,0.19214035948831568,1.2162162162162162,-0.029447982553406638,1.048746890178882,-0.005927427071181976
2001225N18146,Pabuk (2001),2001.0,2001-0454-JPN,nat-met-sto-tro,JPN,Asia,0.0,9.0,40.0,7000.0,7040.0,500000.0,909101.0,800000.0,1454562.0,54.9993852662954,Category 2,90.0,103.6,954.0,2001-08-13,2001-08-23,9.8,Landfall,Tropical Storm,33.7,135.75,55.0,2001-08-13,0,-0.008145707969895,20.420000076293945,0.007705970749536828,0.18593370023979225,0.012499999999999956,-0.016409800608126246,0.8232393499262016,-0.0043181587670257215
2001248N23125,Nari (2001),2001.0,2001-0522-TWN,nat-met-sto-tro,TWN,Asia,0.0,80.0,200.0,650000.0,650200.0,500000.0,909101.0,800000.0,1454562.0,54.9993852662954,Category 3,100.0,115.1,944.0,2001-09-05,2001-09-21,16.0,Landfall,Category 1,24.625,121.625,65.0,2001-09-05,0,-0.024703698385610928,26.350000381469727,-0.022960267610632412,0.15762143908059909,1.2450142450142452,-0.04752059065669034,0.7348319653723989,-0.08224676973136376
2002187N11160,Halong (2002),2002.0,2002-0423-PHL,nat-met-sto-tro,PHL,Asia,0.0,62.0,0.0,11000.0,11000.0,0.0,0.0,5664.0,10138.0,55.8716960740501,Category 4,135.0,155.4,904.0,2002-07-05,2002-07-19,14.2,Landfall,Tropical Storm,35.5945,140.399,45.0,2002-07-05,0,-0.0012072287727058484,27.11000061035156,0.0029323214819167998,0.2625981429546534,-0.5309973045822103,-0.029986988901007705,0.9879997404346542,0.007800676776256982
2002234N14164,Rusa (2002),2002.0,2002-0557-KOR,nat-met-sto-tro,KOR,Asia,190.0,184.0,0.0,88625.0,88625.0,170000.0,304269.0,4200000.0,7517223.0,55.8716960740501,Category 4,115.0,132.3,927.0,2002-08-22,2002-09-03,12.8,Landfall,Tropical Storm,34.8418,127.37,62.0,2002-08-22,0,0.034010880265245014,27.75,0.03571409840105533,0.3846025058389559,-0.11413043478260865,0.0,0.954751158844444,-0.0012868916543671144
2002187N11160,Halong (2002),2002.0,2002-0430-JPN,nat-met-sto-tro,JPN,Asia,0.0,1.0,9.0,570.0,579.0,0.0,0.0,89800.0,160725.0,55.8716960740501,Category 4,135.0,155.4,904.0,2002-07-05,2002-07-19,14.2,Landfall,Tropical Storm,35.5945,140.399,45.0,2002-07-05,0,-0.0012072287727058484,27.11000061035156,0.0029323214819167998,0.2625981429546534,-0.5309973045822103,-0.029986988901007705,0.9879997404346542,0.007800676776256982
2001278N12302,Iris (2001),2001.0,2001-0570-DOM,nat-met-sto-tro,DOM,Americas,0.0,3.0,0.0,175.0,175.0,0.0,0.0,10.0,18.0,54.9993852662954,Category 4,125.0,143.8,948.0,2001-10-04,2001-10-09,5.0,Landfall,Category 3,16.2424,-88.7091,108.0,2001-10-04,0,0.05055310090893261,31.969999313354492,0.06098684756789807,0.5126285656891832,1.8585858585858586,-0.11550932841795192,1.2410388950768259,0.0018198039561981988
2002234N14164,Rusa (2002),2002.0,2002-0557-JPN,nat-met-sto-tro,JPN,Asia,0.0,0.0,12.0,1236.0,1248.0,0.0,0.0,0.0,0.0,55.8716960740501,Category 4,115.0,132.3,927.0,2002-08-22,2002-09-03,12.8,Landfall,Tropical Storm,34.8418,127.37,62.0,2002-08-22,0,0.034010880265245014,27.75,0.03571409840105533,0.3846025058389559,-0.11413043478260865,0.0,0.954751158844444,-0.0012868916543671144
2001278N12302,Iris (2001),2001.0,2001-0570-MEX,nat-met-sto-tro,MEX,Americas,0.0,2.0,0.0,0.0,0.0,0.0,0.0,1000.0,1818.0,54.9993852662954,Category 4,125.0,143.8,948.0,2001-10-04,2001-10-09,5.0,Landfall,Category 3,16.2424,-88.7091,108.0,2001-10-04,0,0.05055310090893261,31.969999313354492,0.06098684756789807,0.5126285656891832,1.8585858585858586,-0.11550932841795192,1.2410388950768259,0.0018198039561981988
2001278N12302,Iris (2001),2001.0,2001-0553-BLZ,nat-met-sto-tro,BLZ,Americas,0.0,30.0,0.0,20000.0,20000.0,0.0,0.0,250000.0,454551.0,54.9993852662954,Category 4,125.0,143.8,948.0,2001-10-04,2001-10-09,5.0,Landfall,Category 3,16.2424,-88.7091,108.0,2001-10-04,0,0.05055310090893261,31.969999313354492,0.06098684756789807,0.5126285656891832,1.8585858585858586,-0.11550932841795192,1.2410388950768259,0.0018198039561981988
2001246N19156,Danas (2001),2001.0,2001-0511-JPN,nat-met-sto-tro,JPN,Asia,0.0,7.0,15.0,1200.0,1215.0,300000.0,545461.0,500000.0,909101.0,54.9993852662954,Category 3,105.0,120.8,938.0,2001-09-03,2001-09-12,9.8,Landfall,Category 1,34.6969,138.972,72.0,2001-09-04,1,-0.04133217090316288,25.850000381469727,-0.04400526885848688,0.1603258165894152,3.8666666666666663,-0.049930752691463076,0.7439324785410565,-0.07030093502600207
2001206N14134,Toraji (2001),2001.0,2001-0405-CHN,nat-met-sto-tro,CHN,Asia,0.0,100.0,0.0,0.0,0.0,0.0,0.0,40000.0,72728.0,54.9993852662954,Category 3,100.0,115.1,944.0,2001-07-25,2001-08-02,8.5,Landfall,Category 3,23.75,121.3,100.0,2001-07-25,0,-0.015784103112271186,24.0,-0.028444012337414892,0.21140496369760442,1.4318181818181817,-0.03898283088151089,0.880152660930883,0.0006827358447479837
2001181N08141,Utor (2001),2001.0,2001-0319-PHL,nat-met-sto-tro,PHL,Asia,0.0,232.0,241.0,1902413.0,1902654.0,0.0,0.0,68565.0,124665.0,54.9993852662954,Category 1,80.0,92.1,963.0,2001-06-30,2001-07-07,7.8,Landfall,Category 1,22.75,114.8,65.0,2001-07-02,2,0.019799768638951942,18.760000228881836,0.007213717296097544,0.13948439564899864,1.490566037735849,-0.061529603004218614,0.960376578018438,0.013355230731575754
2001170N11138,Chebi (2001),2001.0,2001-0292-CHN,nat-met-sto-tro,CHN,Asia,0.0,125.0,0.0,2895000.0,3108000.0,120000.0,218184.0,470000.0,854555.0,54.9993852662954,Category 3,100.0,115.1,944.0,2001-06-19,2001-06-25,6.5,Landfall,Category 2,25.5842,119.463,87.0,2001-06-19,0,-0.029739873831706065,22.34000015258789,-0.026862809133438303,0.1502250619706641,5.592814371257485,-0.08072439964371758,1.0086765532323354,-0.00852062257038302
2001206N14134,Toraji (2001),2001.0,2001-0405-TWN,nat-met-sto-tro,TWN,Asia,0.0,100.0,0.0,0.0,0.0,20000.0,36364.0,240000.0,436369.0,54.9993852662954,Category 3,100.0,115.1,944.0,2001-07-25,2001-08-02,8.5,Landfall,Category 3,23.75,121.3,100.0,2001-07-25,0,-0.015784103112271186,24.0,-0.028444012337414892,0.21140496369760442,1.4318181818181817,-0.03898283088151089,0.880152660930883,0.0006827358447479837
2002122S07063,Kesiny (2002),2002.0,2002-0281-MDG,nat-met-sto-tro,MDG,Africa,205.0,20.0,1200.0,520000.0,526200.0,0.0,0.0,0.0,0.0,55.8716960740501,Category 1,65.0,74.8,976.0,2002-05-02,2002-05-11,9.5,Landfall,Tropical Storm,-12.7115,49.4724,60.0,2002-05-02,0,-0.006486231211954796,20.06999969482422,0.0023554445687992143,0.22979766469431143,-0.7308657465495609,-0.0800005414995476,0.944351176554816,0.004852819492990896
2003212N09150,Etau (2003),2003.0,2003-0388-JPN,nat-met-sto-tro,JPN,Asia,0.0,20.0,93.0,6759.0,8976.0,47000.0,82254.0,55000.0,96255.0,57.1400352670416,Category 3,110.0,126.6,933.0,2003-07-31,2003-08-11,11.5,Landfall,Category 2,33.7313,134.388,85.0,2003-07-31,0,0.00913826581696675,19.489999771118164,0.018494160353189182,0.1544830995234398,1.6715063520871145,-0.004732947637666518,0.9645749517107644,-0.004668418857954267
2002268N15163,Higos (2002),2002.0,2002-0635-RUS,nat-met-sto-tro,RUS,Europe,0.0,6.0,0.0,0.0,0.0,0.0,0.0,0.0,0.0,55.8716960740501,Category 4,135.0,155.4,904.0,2002-09-25,2002-10-04,9.0,Landfall,Category 1,35.249,139.594,82.0,2002-09-25,0,-0.025553180242568363,37.33000183105469,-0.03092640355229892,0.24170470580333756,1.305439330543933,-0.09524152804120145,0.9317357351559507,-0.008137494637473307
2003235N20253,Ignacio (2003),2003.0,2003-0688-MEX,nat-met-sto-tro,MEX,Americas,0.0,2.0,0.0,3000.0,3000.0,0.0,0.0,21200.0,37102.0,57.1400352670416,Category 2,90.0,103.6,970.0,2003-08-22,2003-08-27,5.2,Landfall,Category 1,24.15,-109.95,72.0,2003-08-22,0,0.0015057876049657803,18.549999237060547,0.016984853726698113,0.14243577198178808,9.245647969052225,-0.009511839829920765,0.9277876962278657,-0.012189519805529753
2002295N11261,Kenna (2002),2002.0,2002-0669-MEX,nat-met-sto-tro,MEX,Americas,450.0,3.0,200.0,8800.0,9000.0,0.0,0.0,200000.0,357963.0,55.8716960740501,Category 5,145.0,166.9,913.0,2002-10-22,2002-10-26,4.0,Landfall,Category 4,21.7,-105.4,120.0,2002-10-22,0,0.009244908374524297,34.09000015258789,0.020679270310058895,0.46463843380177555,-0.24197301070265242,-0.013796480226081043,0.9935209529431923,-0.010199563548895485
2003240N20139,Dujuan (2003),2003.0,2003-0443-HKG,nat-met-sto-tro,HKG,Asia,0.0,4.0,22.0,0.0,22.0,0.0,0.0,0.0,0.0,57.1400352670416,Category 4,125.0,143.8,916.0,2003-08-27,2003-09-03,6.8,Landfall,Category 2,22.575,114.725,85.0,2003-08-27,0,-0.003085268819058018,19.1299991607666,-0.00209213020536958,0.13759680685790554,-0.8918308161651162,-0.013647345994385218,0.9022438298426749,0.0003079205529493041
2003249N14329,Isabel (2003),2003.0,2003-0468-CAN,nat-met-sto-tro,CAN,Americas,0.0,1.0,0.0,0.0,0.0,0.0,0.0,0.0,0.0,57.1400352670416,Category 5,145.0,166.9,915.0,2003-09-06,2003-09-20,14.0,Landfall,Category 1,35.8281,-77.0428,75.0,2003-09-08,2,0.022081885200777585,18.260000228881836,0.015813220473005707,0.129375195683503,10.515750915750916,-0.006916433415765644,0.8992923319207494,0.0006819020958067756
2003339N13284,Odette (2003),2003.0,2003-0599-DOM,nat-met-sto-tro,DOM,Americas,0.0,8.0,14.0,10000.0,10014.0,0.0,0.0,8000.0,14001.0,57.1400352670416,Tropical Storm,55.0,63.3,993.0,2003-12-04,2003-12-09,5.2,Landfall,Tropical Storm,17.8,-71.5,50.0,2003-12-04,0,0.01156340591659255,16.299999237060547,0.017864688926402694,0.11647071272947905,0.055952380952380976,0.0,0.937609508795392,0.012334724251760187
2002258N10300,Isidore (2002),2002.0,2002-0609-MEX,nat-met-sto-tro,MEX,Americas,0.0,13.0,30.0,500000.0,500030.0,280000.0,501148.0,640000.0,1145482.0,55.8716960740501,Category 3,110.0,126.6,934.0,2002-09-14,2002-09-27,13.0,Landfall,Tropical Depression,10.0856,-61.4549,25.0,2002-09-16,2,-0.008492887094594281,36.7400016784668,-0.01708236935116536,0.25043672617042406,0.21825396825396814,-0.08232769172359156,0.946902890574079,0.011715036571270258
2002178N10139,Rammasun (2002),2002.0,2002-0528-PHL,nat-met-sto-tro,PHL,Asia,0.0,7.0,0.0,0.0,3000.0,0.0,0.0,0.0,0.0,55.8716960740501,Category 3,110.0,126.6,933.0,2002-06-26,2002-07-07,11.2,Landfall,Tropical Storm,36.5643,126.893,35.0,2002-06-26,0,-0.04348384271906691,28.420000076293945,-0.04044646512414751,0.24920085141087542,2.957373271889401,-0.07510592886772793,1.0099126392083368,0.001138942783234738
2003196N11137,Koni (2003),2003.0,2003-0822-VNM,nat-met-sto-tro,VNM,Asia,0.0,3.0,18.0,0.0,5018.0,0.0,0.0,0.0,0.0,57.1400352670416,Category 1,65.0,74.8,976.0,2003-07-14,2003-07-22,8.2,Landfall,Tropical Storm,11.25,124.5,40.0,2003-07-14,0,0.00029799681967457303,19.59000015258789,-0.010097181157517565,0.17298264646483388,-0.8580708661417322,-0.0346252278635506,1.0160681013993096,0.022495925500905685
2002258N10300,Isidore (2002),2002.0,2002-0652-USA,nat-met-sto-tro,USA,Americas,0.0,1.0,0.0,13200.0,13200.0,200000.0,357963.0,300000.0,536945.0,55.8716960740501,Category 3,110.0,126.6,934.0,2002-09-14,2002-09-27,13.0,Landfall,Tropical Depression,10.0856,-61.4549,25.0,2002-09-16,2,-0.008492887094594281,36.7400016784668,-0.01708236935116536,0.25043672617042406,0.21825396825396814,-0.08232769172359156,0.946902890574079,0.011715036571270258
2003011S09182,Ami (2003),2003.0,2003-0024-FJI,nat-met-sto-tro,FJI,Oceania,2254.0,17.0,0.0,30000.0,30000.0,0.0,0.0,30000.0,52503.0,57.1400352670416,Category 3,110.0,126.6,944.0,2003-01-10,2003-01-17,6.5,At Sea / Open Water,At Sea / Open Water,0.0,0.0,0.0,2003-01-10,0,0.01871914892225912,24.31999969482422,0.001886969301182928,0.20003108684734275,0.40594059405940586,-0.0070161140655896626,0.902599979403494,-0.0035714658983466083
2003316N11141,Nepartak (2003),2003.0,2003-0594-CHN,nat-met-sto-tro,CHN,Asia,0.0,0.0,0.0,1720000.0,1720000.0,0.0,0.0,196938.0,344659.0,57.1400352670416,Category 1,75.0,86.3,967.0,2003-11-11,2003-11-19,8.0,Landfall,Tropical Storm,12.15,124.925,50.0,2003-11-11,0,-0.005767593755418798,17.540000915527344,-0.012038440271090356,0.0896580119050482,2.6334841628959276,-0.01637968822572311,0.9731274337525827,0.01252982321508305
2003144N16119,Linfa (2003),2003.0,2003-0258-JPN,nat-met-sto-tro,JPN,Asia,0.0,0.0,2.0,0.0,2.0,0.0,0.0,28200.0,49352.0,57.1400352670416,Tropical Storm,55.0,63.3,984.0,2003-05-24,2003-06-04,11.0,Landfall,Tropical Storm,16.1,119.875,55.0,2003-05-27,3,0.029681685460774432,19.989999771118164,0.03612180244717722,0.17988938110016767,-0.45394539453945393,0.0,0.9846833693265812,-0.004531902761835387
2003240N20139,Dujuan (2003),2003.0,2003-0443-CHN,nat-met-sto-tro,CHN,Asia,0.0,38.0,1000.0,0.0,69925.0,0.0,0.0,241000.0,421771.0,57.1400352670416,Category 4,125.0,143.8,916.0,2003-08-27,2003-09-03,6.8,Landfall,Category 2,22.575,114.725,85.0,2003-08-27,0,-0.003085268819058018,19.1299991607666,-0.00209213020536958,0.13759680685790554,-0.8918308161651162,-0.013647345994385218,0.9022438298426749,0.0003079205529493041
2003240N20139,Dujuan (2003),2003.0,2003-0443-TWN,nat-met-sto-tro,TWN,Asia,0.0,3.0,0.0,0.0,0.0,0.0,0.0,115000.0,201260.0,57.1400352670416,Category 4,125.0,143.8,916.0,2003-08-27,2003-09-03,6.8,Landfall,Category 2,22.575,114.725,85.0,2003-08-27,0,-0.003085268819058018,19.1299991607666,-0.00209213020536958,0.13759680685790554,-0.8918308161651162,-0.013647345994385218,0.9022438298426749,0.0003079205529493041
2003249N14329,Isabel (2003),2003.0,2003-0468-USA,nat-met-sto-tro,USA,Americas,0.0,16.0,0.0,225000.0,225000.0,1685000.0,2948896.0,3370000.0,5897791.0,57.1400352670416,Category 5,145.0,166.9,915.0,2003-09-06,2003-09-20,14.0,Landfall,Category 1,35.8281,-77.0428,75.0,2003-09-08,2,0.022081885200777585,18.260000228881836,0.015813220473005707,0.129375195683503,10.515750915750916,-0.006916433415765644,0.8992923319207494,0.0006819020958067756
2003196N11137,Koni (2003),2003.0,2003-0822-PHL,nat-met-sto-tro,PHL,Asia,0.0,8.0,1.0,116601.0,116602.0,0.0,0.0,1499.0,2623.0,57.1400352670416,Category 1,65.0,74.8,976.0,2003-07-14,2003-07-22,8.2,Landfall,Tropical Storm,11.25,124.5,40.0,2003-07-14,0,0.00029799681967457303,19.59000015258789,-0.010097181157517565,0.17298264646483388,-0.8580708661417322,-0.0346252278635506,1.0160681013993096,0.022495925500905685
2002268N15163,Higos (2002),2002.0,2002-0635-JPN,nat-met-sto-tro,JPN,Asia,0.0,5.0,108.0,8082.0,8226.0,2140000.0,3830204.0,0.0,0.0,55.8716960740501,Category 4,135.0,155.4,904.0,2002-09-25,2002-10-04,9.0,Landfall,Category 1,35.249,139.594,82.0,2002-09-25,0,-0.025553180242568363,37.33000183105469,-0.03092640355229892,0.24170470580333756,1.305439330543933,-0.09524152804120145,0.9317357351559507,-0.008137494637473307
2003212N09150,Etau (2003),2003.0,2003-0388-RUS,nat-met-sto-tro,RUS,Europe,0.0,0.0,0.0,0.0,0.0,0.0,0.0,0.0,0.0,57.1400352670416,Category 3,110.0,126.6,933.0,2003-07-31,2003-08-11,11.5,Landfall,Category 2,33.7313,134.388,85.0,2003-07-31,0,0.00913826581696675,19.489999771118164,0.018494160353189182,0.1544830995234398,1.6715063520871145,-0.004732947637666518,0.9645749517107644,-0.004668418857954267
2003316N11141,Nepartak (2003),2003.0,2003-0594-PHL,nat-met-sto-tro,PHL,Asia,0.0,13.0,0.0,0.0,0.0,0.0,0.0,0.0,0.0,57.1400352670416,Category 1,75.0,86.3,967.0,2003-11-11,2003-11-19,8.0,Landfall,Tropical Storm,12.15,124.925,50.0,2003-11-11,0,-0.005767593755418798,17.540000915527344,-0.012038440271090356,0.0896580119050482,2.6334841628959276,-0.01637968822572311,0.9731274337525827,0.01252982321508305
2003339N13284,Odette (2003),2003.0,2003-0599-PRI,nat-met-sto-tro,PRI,Americas,0.0,0.0,0.0,0.0,100.0,0.0,0.0,20.0,35.0,57.1400352670416,Tropical Storm,55.0,63.3,993.0,2003-12-04,2003-12-09,5.2,Landfall,Tropical Storm,17.8,-71.5,50.0,2003-12-04,0,0.01156340591659255,16.299999237060547,0.017864688926402694,0.11647071272947905,0.055952380952380976,0.0,0.937609508795392,0.012334724251760187
2002057N06156,Mitag (2002),2002.0,2002-0126-FSM,nat-met-sto-tro,FSM,Oceania,0.0,0.0,0.0,0.0,175.0,0.0,0.0,15000.0,26847.0,55.8716960740501,Category 5,140.0,161.1,898.0,2002-02-26,2002-03-09,10.8,At Sea / Open Water,At Sea / Open Water,0.0,0.0,0.0,2002-02-26,0,0.022618767122958072,21.68000030517578,0.051343985036770956,0.2822639379395003,2.610603290676417,0.0,0.8727875420199227,0.011682084544783304
2002258N10300,Isidore (2002),2002.0,2002-0604-CUB,nat-met-sto-tro,CUB,Americas,0.0,0.0,0.0,42500.0,42500.0,1000.0,1790.0,23000.0,41166.0,55.8716960740501,Category 3,110.0,126.6,934.0,2002-09-14,2002-09-27,13.0,Landfall,Tropical Depression,10.0856,-61.4549,25.0,2002-09-16,2,-0.008492887094594281,36.7400016784668,-0.01708236935116536,0.25043672617042406,0.21825396825396814,-0.08232769172359156,0.946902890574079,0.011715036571270258
2002258N10300,Isidore (2002),2002.0,2002-0849-GTM,nat-met-sto-tro,GTM,Americas,0.0,2.0,0.0,1500.0,1500.0,0.0,0.0,100.0,179.0,55.8716960740501,Category 3,110.0,126.6,934.0,2002-09-14,2002-09-27,13.0,Landfall,Tropical Depression,10.0856,-61.4549,25.0,2002-09-16,2,-0.008492887094594281,36.7400016784668,-0.01708236935116536,0.25043672617042406,0.21825396825396814,-0.08232769172359156,0.946902890574079,0.011715036571270258
2003144N16119,Linfa (2003),2003.0,2003-0258-PHL,nat-met-sto-tro,PHL,Asia,0.0,51.0,16.0,11345.0,13909.0,0.0,0.0,4000.0,7000.0,57.1400352670416,Tropical Storm,55.0,63.3,984.0,2003-05-24,2003-06-04,11.0,Landfall,Tropical Storm,16.1,119.875,55.0,2003-05-27,3,0.029681685460774432,19.989999771118164,0.03612180244717722,0.17988938110016767,-0.45394539453945393,0.0,0.9846833693265812,-0.004531902761835387
2003179N20271,Bill (2003),2003.0,2003-0782-USA,nat-met-sto-tro,USA,Americas,0.0,4.0,4.0,0.0,4.0,22000.0,38502.0,50000.0,87504.0,57.1400352670416,Tropical Storm,50.0,57.5,997.0,2003-06-28,2003-07-03,4.8,Landfall,Tropical Depression,19.5,-89.0,20.0,2003-06-30,2,-0.008027421641151222,19.520000457763672,-0.011042243360315562,0.18457349955519267,-0.9124357656731757,-0.04147414440740049,1.0310611543179606,-0.012163510258272954
2003196N11137,Koni (2003),2003.0,2003-0822-CHN,nat-met-sto-tro,CHN,Asia,0.0,0.0,0.0,7000.0,7000.0,0.0,0.0,16900.0,29576.0,57.1400352670416,Category 1,65.0,74.8,976.0,2003-07-14,2003-07-22,8.2,Landfall,Tropical Storm,11.25,124.5,40.0,2003-07-14,0,0.00029799681967457303,19.59000015258789,-0.010097181157517565,0.17298264646483388,-0.8580708661417322,-0.0346252278635506,1.0160681013993096,0.022495925500905685
2003212N09150,Etau (2003),2003.0,2003-0824-PHL,nat-met-sto-tro,PHL,Asia,0.0,0.0,0.0,155147.0,155147.0,0.0,0.0,661.0,1157.0,57.1400352670416,Category 3,110.0,126.6,933.0,2003-07-31,2003-08-11,11.5,Landfall,Category 2,33.7313,134.388,85.0,2003-07-31,0,0.00913826581696675,19.489999771118164,0.018494160353189182,0.1544830995234398,1.6715063520871145,-0.004732947637666518,0.9645749517107644,-0.004668418857954267
2017242N17253,Lidia (2017),2017.0,2017-0376-MEX,nat-met-sto-tro,MEX,Americas,0.0,20.0,0.0,0.0,1000.0,0.0,0.0,0.0,0.0,76.1376037057766,Tropical Storm,55.0,63.3,986.0,2017-08-29,2017-09-03,4.8,Landfall,Tropical Storm,24.0,-110.9,50.0,2017-08-29,0,-0.0024039286891475165,11.699999809265137,-0.0011761482023705527,0.11308842783763892,0.2425600683010123,-0.013501784810505013,0.99841391125294,-0.00909499813934459
2003319N13172,Lupit (2003),2003.0,2003-0577-FSM,nat-met-sto-tro,FSM,Oceania,10.0,0.0,0.0,0.0,1000.0,0.0,0.0,1700.0,2975.0,57.1400352670416,Category 5,145.0,166.9,892.0,2003-11-14,2003-12-03,18.8,At Sea / Open Water,At Sea / Open Water,0.0,0.0,0.0,2003-11-14,0,-0.0014204319661104137,16.940000534057617,-0.004811536921667359,0.10639559790103978,-0.7252020573108009,-0.008389132807315347,0.9774322245988483,0.006347054814232247
2015242N12343,Fred (2015),2015.0,2015-0473-CPV,nat-met-sto-tro,CPV,Africa,0.0,9.0,0.0,0.0,0.0,0.0,0.0,1100.0,1494.0,73.6208029365864,Category 1,75.0,86.3,986.0,2015-08-30,2015-09-06,7.5,At Sea / Open Water,At Sea / Open Water,0.0,0.0,0.0,2015-08-31,1,0.04311341089135978,28.43000030517578,0.03344737839007483,0.25539573712346697,-0.7972029975854626,-0.06302530110042459,0.9470381562648403,0.010118427211088684
2004025S16044,Elita (2004),2004.0,2004-0029-MDG,nat-met-sto-tro,MDG,Africa,428.0,32.0,100.0,0.0,44290.0,0.0,0.0,0.0,0.0,58.6698092933412,Category 1,65.0,74.8,976.0,2004-01-24,2004-02-13,19.5,Landfall,Tropical Storm,-15.8449,46.0309,55.0,2004-01-26,2,0.014356852935871522,14.550000190734863,-0.001079474141882364,0.13185265906666857,-0.5153074689891792,-0.001079474141882364,0.9642514745006286,-0.012636838736539629
2004258N16300,Jeanne (2004),2004.0,2004-0473-USA,nat-met-sto-tro,USA,Americas,0.0,6.0,0.0,40000.0,40000.0,4900000.0,8351825.0,8000000.0,13635633.0,58.6698092933412,Category 3,105.0,120.8,950.0,2004-09-13,2004-09-29,15.8,Landfall,Tropical Storm,18.0,-66.0,60.0,2004-09-13,0,0.011684166572105692,13.170000076293944,0.00709454360536621,0.12047150191488583,-0.5730044620723848,-0.0003522059299151392,1.0385834614327139,0.00977085368742273
2004275N14139,Ma-On (2004),2004.0,2004-0511-JPN,nat-met-sto-tro,JPN,Asia,0.0,9.0,169.0,14388.0,14962.0,241000.0,410773.0,603000.0,1027786.0,58.6698092933412,Category 5,140.0,161.1,898.0,2004-10-01,2004-10-10,8.8,Landfall,Category 2,35.6229,139.825,95.0,2004-10-01,0,0.019648579985216408,12.75,0.028591941252668507,0.12071770240035173,3.6020821283979183,0.0,1.0390088361847623,-0.0038238639540544347
2004258N16300,Jeanne (2004),2004.0,2004-0473-PRI,nat-met-sto-tro,PRI,Americas,0.0,2.0,0.0,3500.0,3500.0,30000.0,51134.0,100000.0,170445.0,58.6698092933412,Category 3,105.0,120.8,950.0,2004-09-13,2004-09-29,15.8,Landfall,Tropical Storm,18.0,-66.0,60.0,2004-09-13,0,0.011684166572105692,13.170000076293944,0.00709454360536621,0.12047150191488583,-0.5730044620723848,-0.0003522059299151392,1.0385834614327139,0.00977085368742273
2004158N07142,Chanthu (2004),2004.0,2004-0258-VNM,nat-met-sto-tro,VNM,Asia,0.0,14.0,5.0,900.0,905.0,0.0,0.0,7000.0,11931.0,58.6698092933412,Category 1,75.0,86.3,967.0,2004-06-05,2004-06-15,10.0,Landfall,Tropical Storm,10.9,123.933,35.0,2004-06-07,2,0.016303746755473858,15.390000343322754,0.024768660867998227,0.12779890111884074,2.4804878048780488,0.0,1.049056988932365,0.01018822577074877
2004164N06139,Dianmu (2004),2004.0,2004-0276-KOR,nat-met-sto-tro,KOR,Asia,0.0,6.0,0.0,0.0,522.0,0.0,0.0,0.0,0.0,58.6698092933412,Category 5,155.0,178.4,879.0,2004-06-11,2004-06-28,16.8,At Sea / Open Water,At Sea / Open Water,0.0,0.0,0.0,2004-06-14,3,0.002123807962470803,16.06999969482422,0.012109728963982436,0.12052938703368975,1.1440443213296398,-0.007199754774274814,1.0221671898514337,0.010521584419152841
2004333N06154,Nanmadol (2004),2004.0,2004-0618-PHL,nat-met-sto-tro,PHL,Asia,0.0,70.0,77.0,287175.0,339537.0,0.0,0.0,34000.0,57951.0,58.6698092933412,Category 4,130.0,149.6,910.0,2004-11-28,2004-12-04,6.2,Landfall,Category 3,16.5891,121.009,107.0,2004-11-29,1,0.00332124826845992,13.300000190734863,0.0013168772659011285,0.10215782603056763,-0.7679408394958859,-0.010738819544745204,0.9983381688123525,-0.0013374943265195647
2006209N13130,Prapiroon (2006),2006.0,2006-0410-CHN,nat-met-sto-tro,CHN,Asia,0.0,89.0,0.0,10000000.0,10000000.0,0.0,0.0,900000.0,1437305.0,62.6171947810345,Category 1,70.0,80.6,972.0,2006-07-28,2006-08-05,8.2,Landfall,Tropical Depression,16.4564,121.88,30.0,2006-07-28,0,0.03251336786212522,14.329999923706056,0.010094735673897848,0.17814772593276562,-0.4523642732049037,-0.056291647679617474,0.9990192791907522,-0.0004684057207170378
2003196N05150,Imbudo (2003),2003.0,2003-0346-CHN,nat-met-sto-tro,CHN,Asia,0.0,20.0,20.0,7400000.0,7400020.0,0.0,0.0,100000.0,175009.0,57.1400352670416,Category 4,130.0,149.6,910.0,2003-07-15,2003-07-25,10.5,Landfall,Category 3,16.6566,122.202,102.0,2003-07-15,0,-0.006326953372887134,19.549999237060547,-0.0235293044041337,0.14745892912165742,2.701525054466231,-0.040617990652594194,1.0149981839774789,0.030042505621592292
2004174N14146,Mindulle (2004),2004.0,2004-0309-PHL,nat-met-sto-tro,PHL,Asia,0.0,28.0,12.0,385000.0,385012.0,0.0,0.0,19667.0,33521.0,58.6698092933412,Category 4,125.0,143.8,916.0,2004-06-21,2004-07-05,14.0,Landfall,Tropical Storm,23.6651,121.447,60.0,2004-06-21,0,0.0034730832498379716,15.260000228881836,0.014071656164759805,0.1073398071418555,0.21483942414174972,-0.003926085760738607,1.024064092810459,0.010279303926027779
2004223N11301,Charley (2004),2004.0,2004-0415-JAM,nat-met-sto-tro,JAM,Americas,0.0,1.0,6.0,120.0,126.0,0.0,0.0,300000.0,511336.0,58.6698092933412,Category 4,130.0,149.6,941.0,2004-08-09,2004-08-15,6.0,Landfall,Category 3,22.7,-82.6,105.0,2004-08-09,0,-0.03664324931241569,18.88999938964844,-0.043587302360446945,0.13001148550687106,0.1231043710972346,-0.05205431729945276,0.9743720660543993,0.005719511108147505
2004231N09147,Aere (2004),2004.0,2004-0435-PHL,nat-met-sto-tro,PHL,Asia,0.0,35.0,0.0,1058849.0,1058849.0,0.0,0.0,0.0,0.0,58.6698092933412,Category 2,90.0,103.6,954.0,2004-08-17,2004-08-31,13.2,Landfall,Category 1,24.7429,118.495,70.0,2004-08-17,0,0.004890429817539399,17.020000457763672,0.0,0.1661608290120997,-0.2644935462699628,-0.027509687970570407,1.0101656249313087,0.0006046107031186208
2004258N16300,Jeanne (2004),2004.0,2004-0473-VIR,nat-met-sto-tro,VIR,Americas,0.0,0.0,0.0,0.0,0.0,0.0,0.0,0.0,0.0,58.6698092933412,Category 3,105.0,120.8,950.0,2004-09-13,2004-09-29,15.8,Landfall,Tropical Storm,18.0,-66.0,60.0,2004-09-13,0,0.011684166572105692,13.170000076293944,0.00709454360536621,0.12047150191488583,-0.5730044620723848,-0.0003522059299151392,1.0385834614327139,0.00977085368742273
2003196N05150,Imbudo (2003),2003.0,2003-0346-PHL,nat-met-sto-tro,PHL,Asia,0.0,21.0,0.0,14280.0,14280.0,0.0,0.0,26468.0,46321.0,57.1400352670416,Category 4,130.0,149.6,910.0,2003-07-15,2003-07-25,10.5,Landfall,Category 3,16.6566,122.202,102.0,2003-07-15,0,-0.006326953372887134,19.549999237060547,-0.0235293044041337,0.14745892912165742,2.701525054466231,-0.040617990652594194,1.0149981839774789,0.030042505621592292
2003268N28298,Juan (2003),2003.0,2003-0487-CAN,nat-met-sto-tro,CAN,Americas,0.0,2.0,0.0,200.0,200.0,0.0,0.0,110000.0,192510.0,57.1400352670416,Category 2,90.0,103.6,969.0,2003-09-24,2003-09-29,5.0,At Sea / Open Water,At Sea / Open Water,0.0,0.0,0.0,2003-09-24,0,-0.01820291659026707,21.219999313354492,-0.02122862434599071,0.15085068694493228,-0.14135906040268453,-0.0327714358683342,0.8749625775031623,-0.006284358685190828
2004025S16044,Elita (2004),2004.0,2004-0029-MOZ,nat-met-sto-tro,MOZ,Africa,0.0,0.0,0.0,0.0,10000.0,0.0,0.0,0.0,0.0,58.6698092933412,Category 1,65.0,74.8,976.0,2004-01-24,2004-02-13,19.5,Landfall,Tropical Storm,-15.8449,46.0309,55.0,2004-01-26,2,0.014356852935871522,14.550000190734863,-0.001079474141882364,0.13185265906666857,-0.5153074689891792,-0.001079474141882364,0.9642514745006286,-0.012636838736539629
2004241N32282,Gaston (2004),2004.0,2004-0448-USA,nat-met-sto-tro,USA,Americas,0.0,7.0,0.0,0.0,0.0,62500.0,106528.0,62500.0,106528.0,58.6698092933412,Category 1,65.0,74.8,985.0,2004-08-27,2004-09-03,6.5,Landfall,Category 1,33.0,-79.6,65.0,2004-08-27,0,0.008779625891150777,14.710000038146973,0.01123536572649697,0.17687281508774147,1.094269102990033,-0.0032152545703114654,1.0329584363109208,0.004184769399217423
2004258N16300,Jeanne (2004),2004.0,2004-0473-HTI,nat-met-sto-tro,HTI,Americas,40208.0,2754.0,2620.0,298926.0,315594.0,0.0,0.0,50000.0,85223.0,58.6698092933412,Category 3,105.0,120.8,950.0,2004-09-13,2004-09-29,15.8,Landfall,Tropical Storm,18.0,-66.0,60.0,2004-09-13,0,0.011684166572105692,13.170000076293944,0.00709454360536621,0.12047150191488583,-0.5730044620723848,-0.0003522059299151392,1.0385834614327139,0.00977085368742273
2004288N09164,Nock-Ten (2004),2004.0,2004-0535-TWN,nat-met-sto-tro,TWN,Asia,0.0,7.0,100.0,1600.0,1700.0,0.0,0.0,0.0,0.0,58.6698092933412,Category 3,110.0,126.6,933.0,2004-10-13,2004-10-27,13.2,At Sea / Open Water,At Sea / Open Water,0.0,0.0,0.0,2004-10-13,0,-0.027380319953534737,15.420000076293944,-0.03007321754236203,0.13679551858954728,1.025323796636381,-0.03007321754236203,1.0921107273291504,0.0039296513946523014
2004319N10134,Muifa (2004),2004.0,2004-0580-VNM,nat-met-sto-tro,VNM,Asia,0.0,56.0,0.0,500000.0,500000.0,0.0,0.0,23000.0,39202.0,58.6698092933412,Category 4,115.0,132.3,927.0,2004-11-13,2004-11-26,12.2,Landfall,Category 1,13.9745,123.227,82.0,2004-11-15,2,0.01683789429565219,13.380000114440918,0.021404687103654174,0.11368048413683157,1.130338733431517,-0.000654600418718343,0.9938837698725428,0.002676544634049472
2004333N06154,Nanmadol (2004),2004.0,2004-0618-TWN,nat-met-sto-tro,TWN,Asia,0.0,3.0,0.0,0.0,0.0,0.0,0.0,20800.0,35453.0,58.6698092933412,Category 4,130.0,149.6,910.0,2004-11-28,2004-12-04,6.2,Landfall,Category 3,16.5891,121.009,107.0,2004-11-29,1,0.00332124826845992,13.300000190734863,0.0013168772659011285,0.10215782603056763,-0.7679408394958859,-0.010738819544745204,0.9983381688123525,-0.0013374943265195647
2003056S21042,Japhet (2003),2003.0,2003-0114-MOZ,nat-met-sto-tro,MOZ,Africa,0.0,11.0,10.0,23000.0,23010.0,0.0,0.0,0.0,0.0,57.1400352670416,Category 4,115.0,132.3,927.0,2003-02-24,2003-03-05,8.8,Landfall,Category 2,-21.6667,35.1333,85.0,2003-02-24,0,-0.004159778931895675,31.979999542236328,-0.007894355637693362,0.21079415693016074,0.3311855670103092,-0.04071238958656487,0.8835254727270262,0.010204596155344553
2003247N10153,Maemi (2003),2003.0,2003-0459-KOR,nat-met-sto-tro,KOR,Asia,230.0,130.0,0.0,65000.0,80000.0,504000.0,882044.0,4500000.0,7875389.0,57.1400352670416,Category 5,150.0,172.6,885.0,2003-09-04,2003-09-16,12.0,Landfall,Category 2,34.9,128.3,95.0,2003-09-04,0,0.032653651938798545,18.709999084472656,0.02976947653656059,0.11803705673997841,5.779596100278551,-0.0008135578516257347,0.9153791400068395,-0.009772022425132856
2004238N11325,Frances (2004),2004.0,2004-0455-BHS,nat-met-sto-tro,BHS,Americas,0.0,2.0,0.0,8000.0,8000.0,230000.0,392024.0,1000000.0,1704454.0,58.6698092933412,Category 4,125.0,143.8,935.0,2004-08-25,2004-09-10,16.8,Landfall,Category 2,27.2,-80.2,90.0,2004-08-25,0,0.009724129289732097,14.979999542236328,0.009041478544103976,0.17698697512587272,-0.3974179499144501,-0.0032152545703114654,1.0430392192724285,-0.002424083437792653
2004239N11171,Songda (2004),2004.0,2004-0459-RUS,nat-met-sto-tro,RUS,Europe,0.0,3.0,0.0,0.0,0.0,0.0,0.0,0.0,0.0,58.6698092933412,Category 4,125.0,143.8,916.0,2004-08-26,2004-09-10,15.8,Landfall,Category 2,33.8277,130.636,87.0,2004-08-26,0,0.012669577839600654,14.90999984741211,0.021595379858690977,0.17695346073348037,-0.8320648170881414,-0.0028583021821255716,1.0432487686474061,-0.0009989564190641311
2005248N08142,Khanun (2005),2005.0,2005-0510-CHN,nat-met-sto-tro,CHN,Asia,0.0,25.0,8.0,1350000.0,1350008.0,78000.0,128585.0,1750000.0,2884917.0,60.6603317527392,Category 4,115.0,132.3,927.0,2005-09-05,2005-09-13,8.5,Landfall,Category 2,28.8138,121.372,92.0,2005-09-06,1,0.016517247161115467,12.93000030517578,0.010403187771052647,0.1006176490529991,2.1574074074074074,-0.009539061333814769,1.0183741498014218,0.006307283144480857
2006209N13130,Prapiroon (2006),2006.0,2006-0410-PHL,nat-met-sto-tro,PHL,Asia,0.0,6.0,0.0,15000.0,15000.0,0.0,0.0,135000.0,215596.0,62.6171947810345,Category 1,70.0,80.6,972.0,2006-07-28,2006-08-05,8.2,Landfall,Tropical Depression,16.4564,121.88,30.0,2006-07-28,0,0.03251336786212522,14.329999923706056,0.010094735673897848,0.17814772593276562,-0.4523642732049037,-0.056291647679617474,0.9990192791907522,-0.0004684057207170378
2003122S11065,Manou (2003),2003.0,2003-0218-MDG,nat-met-sto-tro,MDG,Africa,1294.0,89.0,86.0,114500.0,162086.0,0.0,0.0,0.0,0.0,57.1400352670416,Category 1,75.0,86.3,967.0,2003-05-01,2003-05-13,11.5,At Sea / Open Water,At Sea / Open Water,0.0,0.0,0.0,2003-05-01,0,0.005910627728824114,21.59000015258789,0.008612225271165563,0.19139693878758296,-0.0365168539325843,-0.014953469612499659,0.9627527766722133,-0.003390119626309894
2003240N15329,Fabian (2003),2003.0,2003-0448-BMU,nat-met-sto-tro,BMU,Americas,0.0,4.0,10.0,0.0,10.0,125000.0,218761.0,300000.0,525026.0,57.1400352670416,Category 4,125.0,143.8,939.0,2003-08-27,2003-09-09,13.0,At Sea / Open Water,At Sea / Open Water,0.0,0.0,0.0,2003-08-27,0,-0.003085268819058018,19.1299991607666,-0.00209213020536958,0.13759680685790554,-0.8918308161651162,-0.013647345994385218,0.9022438298426749,0.0003079205529493041
2004164N06139,Dianmu (2004),2004.0,2004-0276-JPN,nat-met-sto-tro,JPN,Asia,0.0,6.0,56.0,700.0,756.0,0.0,0.0,68300.0,116414.0,58.6698092933412,Category 5,155.0,178.4,879.0,2004-06-11,2004-06-28,16.8,At Sea / Open Water,At Sea / Open Water,0.0,0.0,0.0,2004-06-14,3,0.002123807962470803,16.06999969482422,0.012109728963982436,0.12052938703368975,1.1440443213296398,-0.007199754774274814,1.0221671898514337,0.010521584419152841
2004174N14146,Mindulle (2004),2004.0,2004-0309-TWN,nat-met-sto-tro,TWN,Asia,0.0,28.0,6.0,1165.0,1171.0,0.0,0.0,400000.0,681782.0,58.6698092933412,Category 4,125.0,143.8,916.0,2004-06-21,2004-07-05,14.0,Landfall,Tropical Storm,23.6651,121.447,60.0,2004-06-21,0,0.0034730832498379716,15.260000228881836,0.014071656164759805,0.1073398071418555,0.21483942414174972,-0.003926085760738607,1.024064092810459,0.010279303926027779
2004231N09147,Aere (2004),2004.0,2004-0435-JPN,nat-met-sto-tro,JPN,Asia,0.0,2.0,2.0,0.0,2.0,0.0,0.0,500.0,852.0,58.6698092933412,Category 2,90.0,103.6,954.0,2004-08-17,2004-08-31,13.2,Landfall,Category 1,24.7429,118.495,70.0,2004-08-17,0,0.004890429817539399,17.020000457763672,0.0,0.1661608290120997,-0.2644935462699628,-0.027509687970570407,1.0101656249313087,0.0006046107031186208
2004239N11171,Songda (2004),2004.0,2004-0459-KOR,nat-met-sto-tro,KOR,Asia,0.0,0.0,0.0,0.0,0.0,0.0,0.0,250000.0,426114.0,58.6698092933412,Category 4,125.0,143.8,916.0,2004-08-26,2004-09-10,15.8,Landfall,Category 2,33.8277,130.636,87.0,2004-08-26,0,0.012669577839600654,14.90999984741211,0.021595379858690977,0.17695346073348037,-0.8320648170881414,-0.0028583021821255716,1.0432487686474061,-0.0009989564190641311
2004258N16300,Jeanne (2004),2004.0,2004-0473-DOM,nat-met-sto-tro,DOM,Americas,79.0,11.0,9.0,14000.0,14009.0,0.0,0.0,296000.0,504518.0,58.6698092933412,Category 3,105.0,120.8,950.0,2004-09-13,2004-09-29,15.8,Landfall,Tropical Storm,18.0,-66.0,60.0,2004-09-13,0,0.011684166572105692,13.170000076293944,0.00709454360536621,0.12047150191488583,-0.5730044620723848,-0.0003522059299151392,1.0385834614327139,0.00977085368742273
2005241N15155,Nabi (2005),2005.0,2005-0497-JPN,nat-met-sto-tro,JPN,Asia,0.0,32.0,140.0,270000.0,270140.0,550000.0,906688.0,1000000.0,1648524.0,60.6603317527392,Category 5,140.0,161.1,898.0,2005-08-28,2005-09-09,12.0,Landfall,Category 1,32.7495,130.137,82.0,2005-08-29,1,-0.006368615264673139,13.520000457763672,-0.010296075761599743,0.08435029800293779,-0.5244909190974133,-0.02102535144036488,1.0416099780783799,-0.006801341682352018
2005241N15155,Nabi (2005),2005.0,2005-0497-KOR,nat-met-sto-tro,KOR,Asia,0.0,5.0,0.0,1100.0,1100.0,0.0,0.0,5000.0,8243.0,60.6603317527392,Category 5,140.0,161.1,898.0,2005-08-28,2005-09-09,12.0,Landfall,Category 1,32.7495,130.137,82.0,2005-08-29,1,-0.006368615264673139,13.520000457763672,-0.010296075761599743,0.08435029800293779,-0.5244909190974133,-0.02102535144036488,1.0416099780783799,-0.006801341682352018
2004072S11146,Fay (2004),2004.0,2004-0165-AUS,nat-met-sto-tro,AUS,Oceania,0.0,0.0,0.0,250.0,250.0,0.0,0.0,0.0,0.0,58.6698092933412,Category 4,120.0,138.1,922.0,2004-03-12,2004-03-28,16.5,Landfall,Tropical Depression,-11.1015,142.698,0.0,2004-03-12,0,-0.03265106276380969,18.299999237060547,-0.0399553202051961,0.13269332357065708,25.75581395348837,-0.052573830346800854,1.0333092710950735,0.009986154906785097
2004219N15137,Rananim (2004),2004.0,2004-0412-CHN,nat-met-sto-tro,CHN,Asia,0.0,188.0,4000.0,8590000.0,9062000.0,0.0,0.0,2190000.0,3732755.0,58.6698092933412,Category 2,90.0,103.6,954.0,2004-08-06,2004-08-15,9.2,Landfall,Category 2,28.15,121.35,85.0,2004-08-06,0,-0.03599754701764557,19.34000015258789,-0.0412776670567333,0.1296574526029143,2.4399068601110514,-0.0541785032139972,0.9775557992553677,-0.0019876617973542763
2004223N11301,Charley (2004),2004.0,2004-0415-CUB,nat-met-sto-tro,CUB,Americas,120.0,4.0,5.0,202500.0,244005.0,0.0,0.0,1000000.0,1704454.0,58.6698092933412,Category 4,130.0,149.6,941.0,2004-08-09,2004-08-15,6.0,Landfall,Category 3,22.7,-82.6,105.0,2004-08-09,0,-0.03664324931241569,18.88999938964844,-0.043587302360446945,0.13001148550687106,0.1231043710972346,-0.05205431729945276,0.9743720660543993,0.005719511108147505
2004223N11301,Charley (2004),2004.0,2004-0415-CYM,nat-met-sto-tro,CYM,Americas,0.0,0.0,0.0,0.0,0.0,0.0,0.0,5000.0,8522.0,58.6698092933412,Category 4,130.0,149.6,941.0,2004-08-09,2004-08-15,6.0,Landfall,Category 3,22.7,-82.6,105.0,2004-08-09,0,-0.03664324931241569,18.88999938964844,-0.043587302360446945,0.13001148550687106,0.1231043710972346,-0.05205431729945276,0.9743720660543993,0.005719511108147505
2004223N11301,Charley (2004),2004.0,2004-0415-USA,nat-met-sto-tro,USA,Americas,0.0,10.0,0.0,30000.0,30000.0,7600000.0,12953852.0,16000000.0,27271266.0,58.6698092933412,Category 4,130.0,149.6,941.0,2004-08-09,2004-08-15,6.0,Landfall,Category 3,22.7,-82.6,105.0,2004-08-09,0,-0.03664324931241569,18.88999938964844,-0.043587302360446945,0.13001148550687106,0.1231043710972346,-0.05205431729945276,0.9743720660543993,0.005719511108147505
2004227N15141,Megi (2004),2004.0,2004-0428-JPN,nat-met-sto-tro,JPN,Asia,0.0,11.0,0.0,8502.0,8502.0,0.0,0.0,500000.0,852227.0,58.6698092933412,Category 1,65.0,74.8,976.0,2004-08-14,2004-08-22,8.2,Landfall,Tropical Depression,40.9459,140.51,0.0,2004-08-16,2,0.012149157666171861,17.56999969482422,0.017557310964156025,0.16841391962025387,-0.3792692613185068,-0.03335711662460261,1.016597915367278,-0.005353434375054641
2004238N11325,Frances (2004),2004.0,2004-0455-DOM,nat-met-sto-tro,DOM,Americas,0.0,0.0,0.0,250.0,250.0,0.0,0.0,0.0,0.0,58.6698092933412,Category 4,125.0,143.8,935.0,2004-08-25,2004-09-10,16.8,Landfall,Category 2,27.2,-80.2,90.0,2004-08-25,0,0.009724129289732097,14.979999542236328,0.009041478544103976,0.17698697512587272,-0.3974179499144501,-0.0032152545703114654,1.0430392192724285,-0.002424083437792653
2004238N11325,Frances (2004),2004.0,2004-0455-TCA,nat-met-sto-tro,TCA,Americas,0.0,0.0,0.0,200.0,200.0,0.0,0.0,0.0,0.0,58.6698092933412,Category 4,125.0,143.8,935.0,2004-08-25,2004-09-10,16.8,Landfall,Category 2,27.2,-80.2,90.0,2004-08-25,0,0.009724129289732097,14.979999542236328,0.009041478544103976,0.17698697512587272,-0.3974179499144501,-0.0032152545703114654,1.0430392192724285,-0.002424083437792653
2004284N07157,Tokage (2004),2004.0,2004-0524-JPN,nat-met-sto-tro,JPN,Asia,0.0,89.0,342.0,84450.0,84792.0,1100000.0,1874900.0,2300000.0,3920245.0,58.6698092933412,Category 4,125.0,143.8,916.0,2004-10-10,2004-10-23,12.8,Landfall,Tropical Storm,34.1498,134.578,53.0,2004-10-11,1,-0.007642351788188062,14.710000038146973,-0.012173803176165676,0.13451205858448723,-0.8151764916681599,-0.01832010562269737,1.0616909412085285,0.00578515898545676
2004319N10134,Muifa (2004),2004.0,2004-0580-PHL,nat-met-sto-tro,PHL,Asia,0.0,104.0,240.0,838434.0,838674.0,0.0,0.0,6000.0,10227.0,58.6698092933412,Category 4,115.0,132.3,927.0,2004-11-13,2004-11-26,12.2,Landfall,Category 1,13.9745,123.227,82.0,2004-11-15,2,0.01683789429565219,13.380000114440918,0.021404687103654174,0.11368048413683157,1.130338733431517,-0.000654600418718343,0.9938837698725428,0.002676544634049472
2003056S21042,Japhet (2003),2003.0,2003-0114-ZWE,nat-met-sto-tro,ZWE,Africa,0.0,8.0,0.0,0.0,0.0,0.0,0.0,0.0,0.0,57.1400352670416,Category 4,115.0,132.3,927.0,2003-02-24,2003-03-05,8.8,Landfall,Category 2,-21.6667,35.1333,85.0,2003-02-24,0,-0.004159778931895675,31.979999542236328,-0.007894355637693362,0.21079415693016074,0.3311855670103092,-0.04071238958656487,0.8835254727270262,0.010204596155344553
2003061S21148,Erica (2003),2003.0,2003-0135-NCL,nat-met-sto-tro,NCL,Oceania,300.0,2.0,100.0,0.0,1100.0,0.0,0.0,40000.0,70003.0,57.1400352670416,Category 4,130.0,149.6,910.0,2003-03-01,2003-03-17,15.5,Landfall,Tropical Depression,-21.0,147.5,0.0,2003-03-03,2,0.003461350765304072,30.43000030517578,0.013262787726533887,0.2024884101480969,0.5053242981606969,-0.02798956164095756,0.8651601441543879,-0.010768588910144535
2004093N07154,Sudal (2004),2004.0,2004-0150-FSM,nat-met-sto-tro,FSM,Oceania,7494.0,1.0,8.0,6000.0,6008.0,0.0,0.0,14000.0,23862.0,58.6698092933412,Category 4,130.0,149.6,910.0,2004-04-02,2004-04-18,16.0,At Sea / Open Water,At Sea / Open Water,0.0,0.0,0.0,2004-04-02,0,0.032514061016376994,15.640000343322754,0.03347412438257735,0.18683149783526776,0.5009224091155724,0.0,1.052303819518389,0.011750186128275854
2004231N09147,Aere (2004),2004.0,2004-0435-CHN,nat-met-sto-tro,CHN,Asia,0.0,2.0,7.0,0.0,41357.0,0.0,0.0,5000.0,8522.0,58.6698092933412,Category 2,90.0,103.6,954.0,2004-08-17,2004-08-31,13.2,Landfall,Category 1,24.7429,118.495,70.0,2004-08-17,0,0.004890429817539399,17.020000457763672,0.0,0.1661608290120997,-0.2644935462699628,-0.027509687970570407,1.0101656249313087,0.0006046107031186208
2004231N09147,Aere (2004),2004.0,2004-0435-TWN,nat-met-sto-tro,TWN,Asia,0.0,32.0,2.0,0.0,2.0,0.0,0.0,5000.0,8522.0,58.6698092933412,Category 2,90.0,103.6,954.0,2004-08-17,2004-08-31,13.2,Landfall,Category 1,24.7429,118.495,70.0,2004-08-17,0,0.004890429817539399,17.020000457763672,0.0,0.1661608290120997,-0.2644935462699628,-0.027509687970570407,1.0101656249313087,0.0006046107031186208
2004238N11325,Frances (2004),2004.0,2004-0455-USA,nat-met-sto-tro,USA,Americas,0.0,47.0,0.0,0.0,0.0,5000000.0,8522271.0,11000000.0,18748996.0,58.6698092933412,Category 4,125.0,143.8,935.0,2004-08-25,2004-09-10,16.8,Landfall,Category 2,27.2,-80.2,90.0,2004-08-25,0,0.009724129289732097,14.979999542236328,0.009041478544103976,0.17698697512587272,-0.3974179499144501,-0.0032152545703114654,1.0430392192724285,-0.002424083437792653
2003196N05150,Imbudo (2003),2003.0,2003-0346-HKG,nat-met-sto-tro,HKG,Asia,0.0,1.0,11.0,3500.0,3511.0,0.0,0.0,0.0,0.0,57.1400352670416,Category 4,130.0,149.6,910.0,2003-07-15,2003-07-25,10.5,Landfall,Category 3,16.6566,122.202,102.0,2003-07-15,0,-0.006326953372887134,19.549999237060547,-0.0235293044041337,0.14745892912165742,2.701525054466231,-0.040617990652594194,1.0149981839774789,0.030042505621592292
2003247N10153,Maemi (2003),2003.0,2003-0459-JPN,nat-met-sto-tro,JPN,Asia,0.0,3.0,107.0,0.0,4601.0,0.0,0.0,50000.0,87504.0,57.1400352670416,Category 5,150.0,172.6,885.0,2003-09-04,2003-09-16,12.0,Landfall,Category 2,34.9,128.3,95.0,2003-09-04,0,0.032653651938798545,18.709999084472656,0.02976947653656059,0.11803705673997841,5.779596100278551,-0.0008135578516257347,0.9153791400068395,-0.009772022425132856
2004052S15172,Ivy (2004),2004.0,2004-0080-VUT,nat-met-sto-tro,VUT,Oceania,123.0,2.0,8.0,54000.0,54008.0,0.0,0.0,3800.0,6477.0,58.6698092933412,Category 3,105.0,120.8,938.0,2004-02-21,2004-03-02,10.0,Landfall,Category 3,-16.35,167.8,105.0,2004-02-23,2,-0.0046908575070084835,16.290000915527344,-0.010670060887813526,0.11230613568886164,1.1086483546369323,-0.03168896124305054,0.99472193221599,-0.01065326568114814
2004158N07142,Chanthu (2004),2004.0,2004-0258-THA,nat-met-sto-tro,THA,Asia,0.0,1.0,0.0,4000.0,4000.0,0.0,0.0,0.0,0.0,58.6698092933412,Category 1,75.0,86.3,967.0,2004-06-05,2004-06-15,10.0,Landfall,Tropical Storm,10.9,123.933,35.0,2004-06-07,2,0.016303746755473858,15.390000343322754,0.024768660867998227,0.12779890111884074,2.4804878048780488,0.0,1.049056988932365,0.01018822577074877
2004227N15141,Megi (2004),2004.0,2004-0428-KOR,nat-met-sto-tro,KOR,Asia,0.0,8.0,0.0,0.0,2400.0,0.0,0.0,1000.0,1704.0,58.6698092933412,Category 1,65.0,74.8,976.0,2004-08-14,2004-08-22,8.2,Landfall,Tropical Depression,40.9459,140.51,0.0,2004-08-16,2,0.012149157666171861,17.56999969482422,0.017557310964156025,0.16841391962025387,-0.3792692613185068,-0.03335711662460261,1.016597915367278,-0.005353434375054641
2004238N11325,Frances (2004),2004.0,2004-0455-PRI,nat-met-sto-tro,PRI,Americas,0.0,0.0,0.0,0.0,0.0,0.0,0.0,0.0,0.0,58.6698092933412,Category 4,125.0,143.8,935.0,2004-08-25,2004-09-10,16.8,Landfall,Category 2,27.2,-80.2,90.0,2004-08-25,0,0.009724129289732097,14.979999542236328,0.009041478544103976,0.17698697512587272,-0.3974179499144501,-0.0032152545703114654,1.0430392192724285,-0.002424083437792653
2004239N11171,Songda (2004),2004.0,2004-0459-JPN,nat-met-sto-tro,JPN,Asia,0.0,41.0,900.0,40000.0,40900.0,4700000.0,8010935.0,9000000.0,15340087.0,58.6698092933412,Category 4,125.0,143.8,916.0,2004-08-26,2004-09-10,15.8,Landfall,Category 2,33.8277,130.636,87.0,2004-08-26,0,0.012669577839600654,14.90999984741211,0.021595379858690977,0.17695346073348037,-0.8320648170881414,-0.0028583021821255716,1.0432487686474061,-0.0009989564190641311
2004258N16300,Jeanne (2004),2004.0,2004-0473-BHS,nat-met-sto-tro,BHS,Americas,142.0,9.0,0.0,1000.0,1000.0,0.0,0.0,550000.0,937450.0,58.6698092933412,Category 3,105.0,120.8,950.0,2004-09-13,2004-09-29,15.8,Landfall,Tropical Storm,18.0,-66.0,60.0,2004-09-13,0,0.011684166572105692,13.170000076293944,0.00709454360536621,0.12047150191488583,-0.5730044620723848,-0.0003522059299151392,1.0385834614327139,0.00977085368742273
2005261N21290,Rita (2005),2005.0,2005-0547-USA,nat-met-sto-tro,USA,Americas,0.0,10.0,0.0,300000.0,300000.0,11300000.0,18628319.0,16000000.0,26376381.0,60.6603317527392,Category 5,155.0,178.4,895.0,2005-09-18,2005-09-26,8.2,Landfall,Category 2,29.944,-93.8198,89.0,2005-09-19,1,-0.00591908025447252,12.140000343322754,-0.019485675130002766,0.10702373205841595,1.3879237881759598,-0.019485675130002766,0.9782130756452216,0.012000267828300134
2022280N11294,Julia (2022),2022.0,2022-0647-COL,nat-met-sto-tro,COL,Americas,0.0,0.0,2.0,5000.0,5002.0,0.0,0.0,0.0,0.0,90.9026974595266,Category 1,75.0,86.3,982.0,2022-10-06,2022-10-10,4.0,Landfall,Tropical Depression,12.0,-69.8,30.0,2022-10-06,0,0.028694137302272438,30.520000457763672,0.03431011301799747,0.2905529265352216,-0.05814649368414304,-0.08996892251028443,0.9789738455471982,0.016892423903062784
2022280N11294,Julia (2022),2022.0,2022-0647-HND,nat-met-sto-tro,HND,Americas,0.0,5.0,0.0,144000.0,144000.0,0.0,0.0,0.0,0.0,90.9026974595266,Category 1,75.0,86.3,982.0,2022-10-06,2022-10-10,4.0,Landfall,Tropical Depression,12.0,-69.8,30.0,2022-10-06,0,0.028694137302272438,30.520000457763672,0.03431011301799747,0.2905529265352216,-0.05814649368414304,-0.08996892251028443,0.9789738455471982,0.016892423903062784
2020211N13306,Isaias (2020),2020.0,2020-0312-PRI,nat-met-sto-tro,PRI,Americas,0.0,1.0,0.0,0.0,0.0,0.0,0.0,59800.0,74387.0,80.3903830082114,Category 1,80.0,92.1,986.0,2020-07-28,2020-08-05,7.8,Landfall,Tropical Storm,18.9,-69.8,60.0,2020-07-28,0,-0.011815242560159533,25.440000534057617,-0.005828458429264938,0.19680027590639093,-0.36169643525999806,-0.013766246001691185,1.3587865491102793,-0.029655202962138458
2020258N11127,Noul (2020),2020.0,2020-0462-VNM,nat-met-sto-tro,VNM,Asia,0.0,6.0,0.0,125000.0,125000.0,0.0,0.0,33000.0,41050.0,80.3903830082114,Tropical Storm,50.0,57.5,990.0,2020-09-14,2020-09-19,5.0,Landfall,Tropical Depression,12.5451,124.595,10.0,2020-09-14,0,-0.011997887317812594,25.850000381469727,0.01053443618325578,0.19829654316220208,-0.554288936964923,-0.015519388633689846,0.9055014403612981,-0.004482074934835333
2019308N13114,Nakri (2019),2019.0,2019-0549-VNM,nat-met-sto-tro,VNM,Asia,0.0,3.0,0.0,2150.0,2150.0,0.0,0.0,4000.0,5037.0,79.4107846043372,Category 1,65.0,74.8,982.0,2019-11-04,2019-11-11,7.2,Landfall,Tropical Storm,12.8067,109.28,45.0,2019-11-04,0,0.013418974276546258,12.829999923706056,0.029561176893334595,0.14181382910493537,0.878363765943329,0.0,1.0919789494699952,0.00452833046981178
2019308N13114,Nakri (2019),2019.0,2019-0549-PHL,nat-met-sto-tro,PHL,Asia,0.0,19.0,3.0,670.0,673.0,0.0,0.0,36000.0,45334.0,79.4107846043372,Category 1,65.0,74.8,982.0,2019-11-04,2019-11-11,7.2,Landfall,Tropical Storm,12.8067,109.28,45.0,2019-11-04,0,0.013418974276546258,12.829999923706056,0.029561176893334595,0.14181382910493537,0.878363765943329,0.0,1.0919789494699952,0.00452833046981178
2019314N14136,Kalmaegi (2019),2019.0,2019-0541-PHL,nat-met-sto-tro,PHL,Asia,0.0,0.0,0.0,3000.0,3000.0,0.0,0.0,0.0,0.0,79.4107846043372,Category 2,90.0,103.6,963.0,2019-11-09,2019-11-22,12.8,Landfall,Tropical Storm,17.9949,121.928,55.0,2019-11-11,2,0.0031883300639670153,12.6899995803833,0.008009919783626085,0.10693409060294749,-0.6204821247505969,0.0,1.109364324117819,-0.01075896187988431
2020233N14313,Laura (2020),2020.0,2020-0376-DOM,nat-met-sto-tro,DOM,Americas,0.0,4.0,0.0,10000.0,10000.0,0.0,0.0,0.0,0.0,80.3903830082114,Category 4,130.0,149.6,937.0,2020-08-20,2020-08-29,9.2,Landfall,Tropical Storm,18.2,-68.8,45.0,2020-08-20,0,0.0043047488694807345,22.719999313354492,-0.01411377755357801,0.15514336925103617,-0.20825187234938491,-0.01932003329327725,1.2021988166479056,-0.01063056092776151
2020281N14126,Linfa (2020),2020.0,2020-0411-LAO,nat-met-sto-tro,LAO,Asia,0.0,2.0,0.0,69764.0,69764.0,0.0,0.0,0.0,0.0,80.3903830082114,Tropical Storm,40.0,46.0,999.0,2020-10-06,2020-10-12,5.5,Landfall,Tropical Depression,13.8,124.257,0.0,2020-10-06,0,0.007702249721075027,29.479999542236328,0.009328595949526175,0.22057948667584287,0.30668535243434025,-0.01841638355539288,0.8038074326661776,-0.006055119186652851
2020306N15288,Eta (2020),2020.0,2020-0474-MEX,nat-met-sto-tro,MEX,Americas,0.0,31.0,0.0,0.0,0.0,0.0,0.0,0.0,0.0,80.3903830082114,Category 4,130.0,149.6,922.0,2020-10-31,2020-11-14,13.2,Landfall,Category 4,13.8,-83.5,120.0,2020-11-02,2,-0.027078157723650742,37.130001068115234,-0.01541573899595372,0.24391596381651437,0.32494107964535557,-0.04509802742932101,0.8621857609819787,0.015834384258742853
2020306N15288,Eta (2020),2020.0,2020-0474-NIC,nat-met-sto-tro,NIC,Americas,0.0,2.0,0.0,30000.0,30000.0,0.0,0.0,178000.0,221420.0,80.3903830082114,Category 4,130.0,149.6,922.0,2020-10-31,2020-11-14,13.2,Landfall,Category 4,13.8,-83.5,120.0,2020-11-02,2,-0.027078157723650742,37.130001068115234,-0.01541573899595372,0.24391596381651437,0.32494107964535557,-0.04509802742932101,0.8621857609819787,0.015834384258742853
2020306N15288,Eta (2020),2020.0,2020-0474-USA,nat-met-sto-tro,USA,Americas,0.0,12.0,0.0,0.0,0.0,0.0,0.0,1500000.0,1865895.0,80.3903830082114,Category 4,130.0,149.6,922.0,2020-10-31,2020-11-14,13.2,Landfall,Category 4,13.8,-83.5,120.0,2020-11-02,2,-0.027078157723650742,37.130001068115234,-0.01541573899595372,0.24391596381651437,0.32494107964535557,-0.04509802742932101,0.8621857609819787,0.015834384258742853
2020299N18277,Zeta (2020),2020.0,2020-0483-USA,nat-met-sto-tro,USA,Americas,0.0,6.0,0.0,0.0,0.0,0.0,0.0,3500000.0,4353755.0,80.3903830082114,Category 3,100.0,115.1,970.0,2020-10-24,2020-10-30,5.5,Landfall,Category 1,20.4,-87.4,75.0,2020-10-26,2,-0.0076606943553768625,32.459999084472656,-0.01799226823399558,0.1805033131188787,0.25335834017114056,-0.030147027135187354,0.8176864223869151,0.00672570291792687
2019260N20129,Tapah (2019),2019.0,2019-0443-JPN,nat-met-sto-tro,JPN,Asia,0.0,0.0,21.0,2000.0,2021.0,0.0,0.0,0.0,0.0,79.4107846043372,Category 1,65.0,74.8,967.0,2019-09-17,2019-09-23,6.5,At Sea / Open Water,At Sea / Open Water,0.0,0.0,0.0,2019-09-17,0,0.009358483686652486,14.4399995803833,0.01407711035139858,0.1652942050973178,-0.34130531020089805,-0.0013865782537934024,1.0095953567667975,-0.007968157259044036
2020318N16289,Iota (2020),2020.0,2020-0495-COL,nat-met-sto-tro,COL,Americas,0.0,23.0,0.0,228000.0,228000.0,0.0,0.0,100000.0,124393.0,80.3903830082114,Category 4,135.0,155.4,917.0,2020-11-12,2020-11-18,6.0,Landfall,Category 4,13.6,-83.5,125.0,2020-11-12,0,0.008480181888621097,25.350000381469727,0.03248844656641192,0.2975142008425351,-0.11373187601259938,-0.019745312452799646,0.8668306287796348,0.031096770465201824
2020318N16289,Iota (2020),2020.0,2020-0495-GTM,nat-met-sto-tro,GTM,Americas,0.0,2.0,0.0,131298.0,131298.0,0.0,0.0,0.0,0.0,80.3903830082114,Category 4,135.0,155.4,917.0,2020-11-12,2020-11-18,6.0,Landfall,Category 4,13.6,-83.5,125.0,2020-11-12,0,0.008480181888621097,25.350000381469727,0.03248844656641192,0.2975142008425351,-0.11373187601259938,-0.019745312452799646,0.8668306287796348,0.031096770465201824
2019243N06136,Lingling (2019),2019.0,2019-0424-CHN,nat-met-sto-tro,CHN,Asia,0.0,0.0,0.0,0.0,0.0,0.0,0.0,131000.0,164965.0,79.4107846043372,Category 4,120.0,138.1,928.0,2019-08-30,2019-09-12,12.5,Landfall,Category 1,37.9,125.225,65.0,2019-08-30,0,0.026680117789881663,18.979999542236328,0.036104463878319004,0.24203114158436,-0.7167052566770791,-0.003944222727560898,1.0141872801243546,0.0021028149141618796
2020312N10131,Etau (2020),2020.0,2020-0542-VNM,nat-met-sto-tro,VNM,Asia,0.0,2.0,0.0,5000.0,5000.0,0.0,0.0,5260.0,6543.0,80.3903830082114,Tropical Storm,45.0,51.8,995.0,2020-11-06,2020-11-11,4.8,Landfall,Tropical Depression,12.4055,125.039,17.0,2020-11-06,0,0.07233421457079214,24.86000061035156,0.07209671496914383,0.2644079844772338,-0.34362296500094314,-0.003186160167078511,0.8474544484475549,0.03512378570892598
2019236N10314,Dorian (2019),2019.0,2019-0412-BHS,nat-met-sto-tro,BHS,Americas,0.0,356.0,0.0,14940.0,14940.0,0.0,0.0,3400000.0,4281534.0,79.4107846043372,Category 5,160.0,184.1,910.0,2019-08-24,2019-09-09,15.8,Landfall,Category 1,45.2,-62.9,80.0,2019-08-26,2,-0.014812027032495623,19.31999969482422,-0.017866874815003375,0.23918461229564547,2.295833822321324,-0.06404076422621396,0.9989389714229967,0.00502271264911856
2021058S16149,Niran (2021),2021.0,2021-0125-NCL,nat-met-sto-tro,NCL,Oceania,0.0,0.0,0.0,0.0,0.0,0.0,0.0,0.0,0.0,84.1669829572524,Category 5,140.0,161.1,917.0,2021-02-27,2021-03-07,8.8,At Sea / Open Water,At Sea / Open Water,0.0,0.0,0.0,2021-03-01,2,0.006588426431389349,23.350000381469727,0.0181877705727842,0.17072263729078693,0.08925153048653356,-0.00375241465668652,0.9237517758980841,0.03467062732913193
2021133N10071,Tauktae (2021),2021.0,2021-0252-MDV,nat-met-sto-tro,MDV,Asia,0.0,0.0,0.0,1320.0,1320.0,0.0,0.0,0.0,0.0,84.1669829572524,Category 4,120.0,138.1,931.0,2021-05-13,2021-05-19,6.0,Landfall,Category 3,20.9,71.2,110.0,2021-05-13,0,-0.020974973068370373,23.1299991607666,-0.009112653973377904,0.16498851103019227,-0.0994999015123329,-0.020388807375857465,0.8167518582023326,-0.017310590370676116
2019112S10053,Kenneth (2019),2019.0,2019-0165-COM,nat-met-sto-tro,COM,Africa,0.0,8.0,180.0,345131.0,345311.0,0.0,0.0,0.0,0.0,79.4107846043372,Category 4,125.0,143.8,934.0,2019-04-21,2019-04-28,6.5,Landfall,Category 3,-12.1612,40.4524,97.0,2019-04-22,1,0.0003789024494165183,12.420000076293944,0.01022278802886345,0.12252957111875612,-0.42034523181000616,-0.003064231963443298,1.0649405906570772,-0.017947484962383513
2019116N02090,Fani (2019),2019.0,2019-0164-IND,nat-met-sto-tro,IND,Asia,0.0,50.0,0.0,20000000.0,20000000.0,0.0,0.0,1810000.0,2279287.0,79.4107846043372,Category 5,150.0,172.6,900.0,2019-04-25,2019-05-04,8.8,Landfall,Category 4,20.2,85.9,115.0,2019-04-25,0,0.00898266654666613,13.25,-0.006200131250523877,0.1504830769719176,0.21150339158038967,-0.022984224211950788,1.0886905057566327,0.010001935189019096
2019050N05163,Wutip (2019),2019.0,2019-0124-FSM,nat-met-sto-tro,FSM,Oceania,0.0,0.0,0.0,10000.0,10000.0,0.0,0.0,0.0,0.0,79.4107846043372,Category 5,145.0,166.9,895.0,2019-02-18,2019-03-02,11.8,At Sea / Open Water,At Sea / Open Water,0.0,0.0,0.0,2019-02-19,1,0.026716205013220584,14.880000114440918,0.029948573476739515,0.14891958027103305,0.010746162987686159,-0.000396165419451866,1.0577115881922914,0.0028626915067541184
2021169N14260,Dolores (2021),2021.0,2021-0325-MEX,nat-met-sto-tro,MEX,Americas,0.0,3.0,0.0,600.0,600.0,0.0,0.0,50000.0,59406.0,84.1669829572524,Tropical Storm,60.0,69.0,989.0,2021-06-17,2021-06-20,2.2,Landfall,Tropical Storm,19.4,-103.9,50.0,2021-06-17,0,-0.0038713449252252286,17.75,-0.023039646102240297,0.10661490552479759,0.9579622740765792,-0.04368426305321982,0.8773749940089136,0.0059887441132010204
2021182N09317,Elsa (2021),2021.0,2021-0373-BRB,nat-met-sto-tro,BRB,Americas,0.0,0.0,0.0,3114.0,3300.0,0.0,0.0,0.0,0.0,84.1669829572524,Category 1,75.0,86.3,991.0,2021-06-30,2021-07-10,9.5,Landfall,Tropical Storm,22.2,-81.6,55.0,2021-06-30,0,0.012920187131781002,15.829999923706056,0.01026069713515132,0.13412444547521027,0.49701739216094043,-0.02483543857867576,0.953471989253985,-0.011448513243490003
2021182N09317,Elsa (2021),2021.0,2021-0373-DOM,nat-met-sto-tro,DOM,Americas,0.0,2.0,0.0,153.0,153.0,0.0,0.0,0.0,0.0,84.1669829572524,Category 1,75.0,86.3,991.0,2021-06-30,2021-07-10,9.5,Landfall,Tropical Storm,22.2,-81.6,55.0,2021-06-30,0,0.012920187131781002,15.829999923706056,0.01026069713515132,0.13412444547521027,0.49701739216094043,-0.02483543857867576,0.953471989253985,-0.011448513243490003
2021182N09317,Elsa (2021),2021.0,2021-0373-HTI,nat-met-sto-tro,HTI,Americas,0.0,0.0,3.0,0.0,3.0,0.0,0.0,0.0,0.0,84.1669829572524,Category 1,75.0,86.3,991.0,2021-06-30,2021-07-10,9.5,Landfall,Tropical Storm,22.2,-81.6,55.0,2021-06-30,0,0.012920187131781002,15.829999923706056,0.01026069713515132,0.13412444547521027,0.49701739216094043,-0.02483543857867576,0.953471989253985,-0.011448513243490003
2019063S18038,Idai (2019),2019.0,2019-0110-ZWE,nat-met-sto-tro,ZWE,Africa,0.0,628.0,186.0,270000.0,270186.0,0.0,0.0,0.0,0.0,79.4107846043372,Category 4,115.0,132.3,947.0,2019-03-04,2019-03-16,12.5,Landfall,Tropical Depression,-17.5149,37.2701,0.0,2019-03-04,0,-0.00042910849415134233,14.630000114440918,-0.005751007603892244,0.10213977656689946,0.894484839491517,-0.00691930215850578,1.077313241361863,-0.011678925441056653
2021182N09317,Elsa (2021),2021.0,2021-0373-VCT,nat-met-sto-tro,VCT,Americas,0.0,0.0,0.0,129.0,129.0,0.0,0.0,0.0,0.0,84.1669829572524,Category 1,75.0,86.3,991.0,2021-06-30,2021-07-10,9.5,Landfall,Tropical Storm,22.2,-81.6,55.0,2021-06-30,0,0.012920187131781002,15.829999923706056,0.01026069713515132,0.13412444547521027,0.49701739216094043,-0.02483543857867576,0.953471989253985,-0.011448513243490003
2018294N08161,Yutu (2018),2018.0,2018-0399-PHL,nat-met-sto-tro,PHL,Asia,0.0,12.0,2.0,253298.0,253300.0,0.0,0.0,305000.0,391039.0,77.9972651879547,Category 5,150.0,172.6,904.0,2018-10-20,2018-11-03,13.5,Landfall,Category 3,16.7662,122.297,97.0,2018-10-22,2,0.002223035032105969,19.63999938964844,-0.014991366185958421,0.18445445713106942,-0.10036707628345132,-0.0837937380884709,0.9972025526415552,-0.027854084286909886
2018279N11069,Luban (2018),2018.0,2018-0394-YEM,nat-met-sto-tro,YEM,Asia,0.0,25.0,124.0,15000.0,15124.0,0.0,0.0,0.0,0.0,77.9972651879547,Category 2,85.0,97.8,959.0,2018-10-05,2018-10-15,9.2,Landfall,Tropical Storm,15.85,52.15,35.0,2018-10-05,0,-0.00997571812010345,14.81999969482422,0.0067601621792736655,0.092316620023289,0.8773689930288653,-0.013375265950900328,1.0293773817339722,-0.021274877539603804
2018281N14088,Titli (2018),2018.0,2018-0385-IND,nat-met-sto-tro,IND,Asia,0.0,85.0,200.0,300000.0,300200.0,0.0,0.0,920000.0,1179529.0,77.9972651879547,Category 3,105.0,120.8,944.0,2018-10-08,2018-10-12,4.9,Landfall,Category 3,18.75,84.35,100.0,2018-10-08,0,-0.013402840083349687,15.6899995803833,0.0005058574497656121,0.09125755144853195,-0.44393747660719696,-0.01087518381123076,1.0275836129920557,-0.01641256413426987
2021222N14301,Fred (2021),2021.0,2021-0510-DOM,nat-met-sto-tro,DOM,Americas,0.0,0.0,0.0,4025.0,4025.0,0.0,0.0,0.0,0.0,84.1669829572524,Tropical Storm,55.0,63.3,991.0,2021-08-09,2021-08-20,10.5,Landfall,Tropical Storm,18.4,-70.1,40.0,2021-08-09,0,0.01037501204145208,16.719999313354492,0.00467624198149541,0.16604332359542315,-0.530959781482528,-0.008269922889957648,1.1769262333314698,0.00873913039559515
2021227N36297,Henri (2021),2021.0,2021-0531-USA,nat-met-sto-tro,USA,Americas,0.0,0.0,0.0,86.0,86.0,0.0,0.0,550000.0,653463.0,84.1669829572524,Category 1,65.0,74.8,986.0,2021-08-15,2021-08-24,9.8,Landfall,Tropical Storm,41.5,-72.0,40.0,2021-08-16,1,0.01094702512764334,16.1200008392334,0.021622971445257377,0.1461847037688442,0.36968017457193736,-0.0016110421921837759,1.2314874201481505,-0.018737042230159314
2021222N14301,Fred (2021),2021.0,2021-0532-USA,nat-met-sto-tro,USA,Americas,0.0,7.0,0.0,105.0,105.0,0.0,0.0,1300000.0,1544549.0,84.1669829572524,Tropical Storm,55.0,63.3,991.0,2021-08-09,2021-08-20,10.5,Landfall,Tropical Storm,18.4,-70.1,40.0,2021-08-09,0,0.01037501204145208,16.719999313354492,0.00467624198149541,0.16604332359542315,-0.530959781482528,-0.008269922889957648,1.1769262333314698,0.00873913039559515
2021236N12265,Nora (2021),2021.0,2021-0552-MEX,nat-met-sto-tro,MEX,Americas,0.0,2.0,3.0,1500.0,1503.0,0.0,0.0,100000.0,118811.0,84.1669829572524,Category 1,75.0,86.3,976.0,2021-08-24,2021-08-30,6.2,Landfall,Category 1,19.8,-105.3,75.0,2021-08-24,0,0.008850324747951221,17.219999313354492,-0.002206898511800115,0.12658780042091927,-0.5123154291292815,-0.014593018682023562,1.225064198023657,-0.004817116342498878
2018218N18134,Yagi (2018),2018.0,2018-0347-PHL,nat-met-sto-tro,PHL,Asia,0.0,5.0,0.0,1709511.0,1709511.0,0.0,0.0,19000.0,24360.0,77.9972651879547,Tropical Storm,45.0,51.8,983.0,2018-08-06,2018-08-16,10.0,Landfall,Tropical Storm,28.3089,121.503,40.0,2018-08-06,0,0.016752979295495907,11.270000457763672,0.00930093141350663,0.1482933613799129,-0.5932313239369469,-0.012480716847681594,1.2004974150357066,-0.005743072649383712
2021248N11131,Conson (2021),2021.0,2021-0595-VNM,nat-met-sto-tro,VNM,Asia,0.0,2.0,0.0,310.0,310.0,0.0,0.0,0.0,0.0,84.1669829572524,Category 1,65.0,74.8,980.0,2021-09-05,2021-09-13,8.5,Landfall,Tropical Storm,11.4426,125.495,60.0,2021-09-07,2,-0.001702672955384621,18.13999938964844,-0.019274741197707335,0.12955328494770849,1.7331117306455073,-0.026058917379335078,1.275889305317606,0.0032839697868071935
2018227N11145,Soulik (2018),2018.0,2018-0309-PRK,nat-met-sto-tro,PRK,Asia,0.0,86.0,0.0,58143.0,58143.0,0.0,0.0,4640.0,5949.0,77.9972651879547,Category 3,105.0,120.8,942.0,2018-08-15,2018-08-30,15.2,Landfall,Tropical Storm,34.55,126.25,50.0,2018-08-15,0,-0.012891484142609322,14.640000343322754,-0.016938102994726978,0.13582834835175592,3.284202984068111,-0.026651177817719973,1.2106281040822835,0.004379633162210187
2021276N07131,Lionrock (2021),2021.0,2021-0664-PHL,nat-met-sto-tro,PHL,Asia,0.0,3.0,0.0,8048.0,8048.0,0.0,0.0,240.0,285.0,84.1669829572524,Tropical Storm,45.0,51.8,989.0,2021-10-02,2021-10-10,8.0,Landfall,Tropical Depression,10.0,125.0,15.0,2021-10-04,2,-0.03162845924554003,22.959999084472656,-0.0228826543648335,0.15736134269315696,1.1613728849860783,-0.038490260136089915,1.050626652818602,0.0003778132199077633
2018096S15172,Keni (2018),2018.0,2018-0194-FJI,nat-met-sto-tro,FJI,Oceania,0.0,0.0,0.0,89250.0,89250.0,0.0,0.0,50000.0,64105.0,77.9972651879547,Category 2,90.0,103.6,968.0,2018-04-06,2018-04-12,6.2,At Sea / Open Water,At Sea / Open Water,0.0,0.0,0.0,2018-04-06,0,-0.013034383199406085,21.489999771118164,-0.020460195510406676,0.246673733071902,0.3061244822727338,-0.0686640926692822,1.0031983880482083,-0.004208773838705077
2018146N19273,Alberto (2018),2018.0,2018-0170-USA,nat-met-sto-tro,USA,Americas,0.0,5.0,0.0,0.0,0.0,0.0,0.0,125000.0,160262.0,77.9972651879547,Tropical Storm,55.0,63.3,990.0,2018-05-25,2018-05-31,6.0,Landfall,Tropical Storm,30.3,-86.0,40.0,2018-05-25,0,0.00302207963306822,13.220000267028809,0.004779328688925943,0.12094525954234929,0.08404495583263172,-0.010199883333770088,1.008657167292265,-0.01732650934128137
2021335N08096,Jawad (2021),2021.0,2021-0777-IND,nat-met-sto-tro,IND,Asia,0.0,5.0,400.0,1650.0,2050.0,0.0,0.0,0.0,0.0,84.1669829572524,Tropical Storm,35.0,40.3,1000.0,2021-11-30,2021-12-06,5.5,Landfall,Tropical Depression,22.3,88.5,10.0,2021-11-30,0,-0.02568596541225443,27.190000534057617,-0.04951880664294983,0.1481279438657944,0.7679830747531735,-0.059279227437212145,0.9826076215769026,0.014441509530319602
2018038S15172,Gita (2018),2018.0,2018-0042-TON,nat-met-sto-tro,TON,Oceania,0.0,0.0,0.0,87000.0,87000.0,0.0,0.0,0.0,0.0,77.9972651879547,Category 4,125.0,143.8,929.0,2018-02-07,2018-02-22,15.5,Landfall,Tropical Depression,-42.0131,172.712,0.0,2018-02-07,0,-0.05047886336747187,27.729999542236328,-0.047409781878920976,0.21257555356613927,0.41772943626822445,-0.05839337098091646,1.0286211081023227,-0.0051401019256768965
2018010S10069,Berguitta (2018),2018.0,2018-0029-REU,nat-met-sto-tro,REU,Africa,0.0,0.0,0.0,200.0,200.0,0.0,0.0,0.0,0.0,77.9972651879547,Category 3,105.0,120.8,950.0,2018-01-10,2018-01-24,14.2,At Sea / Open Water,At Sea / Open Water,0.0,0.0,0.0,2018-01-10,0,0.013495136334922941,9.81999969482422,0.024826913140823192,0.05790039456125453,-0.35722941338474246,-0.0001277043353381524,1.172383668042411,-0.008337449381076781
2022009S18174,Cody (2022),2022.0,2022-0013-FJI,nat-met-sto-tro,FJI,Oceania,0.0,1.0,0.0,69564.0,69564.0,0.0,0.0,25000.0,27502.0,90.9026974595266,Tropical Storm,51.0,58.7,980.0,2022-01-08,2022-01-15,7.0,At Sea / Open Water,At Sea / Open Water,0.0,0.0,0.0,2022-01-10,2,-0.02553845297333046,19.399999618530273,0.0033351978134505966,0.17264376493483577,0.5381270673223206,-0.01644072412336084,0.9101335333186578,0.011366900334690459
2017364S12065,Ava (2018),2018.0,2018-0008-MDG,nat-met-sto-tro,MDG,Africa,0.0,73.0,0.0,161318.0,161318.0,0.0,0.0,0.0,0.0,77.9972651879547,Category 2,95.0,109.3,958.0,2017-12-30,2018-01-09,10.5,Landfall,Category 1,-18.1,49.3,80.0,2018-01-02,3,0.004710088170319038,9.770000457763672,0.00954899613117588,0.07279034775692422,2.9951481034713847,0.0,1.1514444364619179,0.0057588625721765214
2022027S16084,Batsirai (2022),2022.0,2022-0061-MUS,nat-met-sto-tro,MUS,Africa,0.0,1.0,0.0,139.0,139.0,0.0,0.0,0.0,0.0,90.9026974595266,Category 4,124.0,142.7,932.0,2022-01-27,2022-02-08,12.5,Landfall,Category 3,-21.0,48.3,99.0,2022-01-27,0,-0.03471755518808961,30.489999771118164,-0.030644062145501083,0.13668119576088633,0.3862227297457268,-0.07510493169822652,0.8264460970015991,-0.007317704218533293
2022027S16084,Batsirai (2022),2022.0,2022-0061-REU,nat-met-sto-tro,REU,Africa,0.0,0.0,13.0,0.0,13.0,0.0,0.0,0.0,0.0,90.9026974595266,Category 4,124.0,142.7,932.0,2022-01-27,2022-02-08,12.5,Landfall,Category 3,-21.0,48.3,99.0,2022-01-27,0,-0.03471755518808961,30.489999771118164,-0.030644062145501083,0.13668119576088633,0.3862227297457268,-0.07510493169822652,0.8264460970015991,-0.007317704218533293
2017288N09138,Lan (2017),2017.0,2017-0432-PHL,nat-met-sto-tro,PHL,Asia,0.0,9.0,0.0,163349.0,163349.0,0.0,0.0,3400.0,4466.0,76.1376037057766,Category 4,135.0,155.4,922.0,2017-10-15,2017-10-23,8.8,Landfall,Category 1,34.6857,138.207,70.0,2017-10-16,1,0.005276634642993994,9.90999984741211,0.005575311687853413,0.04301341402467723,-0.07656769900179161,-0.0006927993112392228,0.9460600238495145,0.0019516632451522624
2022067S16050,Gombe (2022),2022.0,2022-0137-MDG,nat-met-sto-tro,MDG,Africa,0.0,2.0,0.0,900.0,900.0,0.0,0.0,0.0,0.0,90.9026974595266,Category 3,99.0,113.9,959.0,2022-03-08,2022-03-15,7.5,Landfall,Tropical Storm,-15.5,50.4,35.0,2022-03-08,0,-0.03193179897264575,35.130001068115234,-0.013211290303295153,0.23263495523741584,0.019739728030413906,-0.05342166625845546,0.7796818933363682,0.009534066942525034
2022114S18040,Jasmine (2022),2022.0,2022-0239-MDG,nat-met-sto-tro,MDG,Africa,0.0,12.0,0.0,4800.0,4800.0,0.0,0.0,0.0,0.0,90.9026974595266,Tropical Storm,54.0,62.1,984.0,2022-04-24,2022-04-29,5.0,Landfall,Tropical Storm,-23.5,44.0,51.0,2022-04-25,1,-0.021599638786669262,27.020000457763672,-0.011647853226877114,0.15195326540888038,0.8838179519595448,-0.05997519540019092,0.7458306420940415,-0.006973088336050277
2017260N12310,Maria (2017),2017.0,2017-0383-VIR,nat-met-sto-tro,VIR,Americas,0.0,3.0,0.0,0.0,0.0,0.0,0.0,0.0,0.0,76.1376037057766,Category 5,150.0,172.6,908.0,2017-09-16,2017-10-02,16.0,Landfall,Category 4,18.0,-65.9,135.0,2017-09-18,2,0.007019417295161201,10.149999618530272,0.017993963367901156,0.08404590178304167,-0.23257469771160189,0.0,0.9899371444981337,0.017032613279769737
2017260N12310,Maria (2017),2017.0,2017-0383-VGB,nat-met-sto-tro,VGB,Americas,0.0,0.0,0.0,0.0,0.0,0.0,0.0,0.0,0.0,76.1376037057766,Category 5,150.0,172.6,908.0,2017-09-16,2017-10-02,16.0,Landfall,Category 4,18.0,-65.9,135.0,2017-09-18,2,0.007019417295161201,10.149999618530272,0.017993963367901156,0.08404590178304167,-0.23257469771160189,0.0,0.9899371444981337,0.017032613279769737
2017260N12310,Maria (2017),2017.0,2017-0383-PRI,nat-met-sto-tro,PRI,Americas,0.0,64.0,0.0,540000.0,750000.0,30000000.0,39402343.0,68000000.0,89311978.0,76.1376037057766,Category 5,150.0,172.6,908.0,2017-09-16,2017-10-02,16.0,Landfall,Category 4,18.0,-65.9,135.0,2017-09-18,2,0.007019417295161201,10.149999618530272,0.017993963367901156,0.08404590178304167,-0.23257469771160189,0.0,0.9899371444981337,0.017032613279769737
2017260N12310,Maria (2017),2017.0,2017-0383-GLP,nat-met-sto-tro,GLP,Americas,0.0,4.0,2.0,80000.0,80002.0,0.0,0.0,120000.0,157609.0,76.1376037057766,Category 5,150.0,172.6,908.0,2017-09-16,2017-10-02,16.0,Landfall,Category 4,18.0,-65.9,135.0,2017-09-18,2,0.007019417295161201,10.149999618530272,0.017993963367901156,0.08404590178304167,-0.23257469771160189,0.0,0.9899371444981337,0.017032613279769737
2017242N16333,Irma (2017),2017.0,2017-0381-VIR,nat-met-sto-tro,VIR,Americas,0.0,4.0,0.0,0.0,0.0,0.0,0.0,0.0,0.0,76.1376037057766,Category 5,155.0,178.4,914.0,2017-08-30,2017-09-13,14.5,Landfall,Category 3,25.9,-81.7,100.0,2017-08-30,0,0.00592896952370392,11.220000267028809,0.012464568454542801,0.11294292425937948,-0.22253845825447194,-0.009436805441739304,0.9875921418724127,-0.006236846354455276
2017242N16333,Irma (2017),2017.0,2017-0381-DOM,nat-met-sto-tro,DOM,Americas,0.0,0.0,0.0,6300.0,6300.0,0.0,0.0,0.0,0.0,76.1376037057766,Category 5,155.0,178.4,914.0,2017-08-30,2017-09-13,14.5,Landfall,Category 3,25.9,-81.7,100.0,2017-08-30,0,0.00592896952370392,11.220000267028809,0.012464568454542801,0.11294292425937948,-0.22253845825447194,-0.009436805441739304,0.9875921418724127,-0.006236846354455276
2017242N16333,Irma (2017),2017.0,2017-0381-BHS,nat-met-sto-tro,BHS,Americas,0.0,0.0,0.0,0.0,0.0,397.6,522.0,2000.0,2627.0,76.1376037057766,Category 5,155.0,178.4,914.0,2017-08-30,2017-09-13,14.5,Landfall,Category 3,25.9,-81.7,100.0,2017-08-30,0,0.00592896952370392,11.220000267028809,0.012464568454542801,0.11294292425937948,-0.22253845825447194,-0.009436805441739304,0.9875921418724127,-0.006236846354455276
2017242N16333,Irma (2017),2017.0,2017-0381-ATG,nat-met-sto-tro,ATG,Americas,0.0,1.0,0.0,1800.0,1800.0,6800.0,8931.0,250000.0,328353.0,76.1376037057766,Category 5,155.0,178.4,914.0,2017-08-30,2017-09-13,14.5,Landfall,Category 3,25.9,-81.7,100.0,2017-08-30,0,0.00592896952370392,11.220000267028809,0.012464568454542801,0.11294292425937948,-0.22253845825447194,-0.009436805441739304,0.9875921418724127,-0.006236846354455276
2017232N19130,Hato (2017),2017.0,2017-0352-MAC,nat-met-sto-tro,MAC,Asia,0.0,10.0,200.0,0.0,200.0,0.0,0.0,1420000.0,1865044.0,76.1376037057766,Category 3,100.0,115.1,948.0,2017-08-19,2017-08-25,5.5,Landfall,Category 2,22.175,112.85,85.0,2017-08-21,2,-0.014764198245264426,13.1899995803833,-0.01910441834408827,0.09575205680606425,0.11471508329716062,-0.023519053096952902,0.9547267894711183,-0.003590878616076343
2017219N16279,Franklin (2017),2017.0,2017-0334-MEX,nat-met-sto-tro,MEX,Americas,0.0,0.0,0.0,300.0,300.0,0.0,0.0,2000.0,2627.0,76.1376037057766,Category 1,75.0,86.3,981.0,2017-08-06,2017-08-10,3.8,Landfall,Tropical Storm,19.1,-87.6,50.0,2017-08-07,1,0.004457380831298874,9.93000030517578,0.008344613964648362,0.051050015231983555,0.1422951689184211,-0.007921558666900808,1.0141045550526315,0.0009406700523071311
2017200N26162,Noru (2017),2017.0,2017-0327-JPN,nat-met-sto-tro,JPN,Asia,0.0,2.0,51.0,1338.0,1389.0,0.0,0.0,2000.0,2627.0,76.1376037057766,Category 4,135.0,155.4,922.0,2017-07-19,2017-08-09,21.0,Landfall,Tropical Storm,34.559,135.69,60.0,2017-07-19,0,0.012212683839784244,9.789999961853027,0.0017346067124699438,0.08782702924499661,0.5226562231612215,-0.001872295201653884,1.0201481691518668,-0.011485529777187937
2017195N16114,Talas (2017),2017.0,2017-0281-CHN,nat-met-sto-tro,CHN,Asia,0.0,0.0,0.0,30000.0,30000.0,0.0,0.0,3600.0,4728.0,76.1376037057766,Tropical Storm,50.0,57.5,985.0,2017-07-14,2017-07-17,3.8,Landfall,Tropical Storm,18.6,105.675,45.0,2017-07-14,0,0.014249740905891262,9.510000228881836,0.011214527433152544,0.09886304126881856,0.32459740322077413,0.0,1.0629148482738988,-0.015075464493977751
2017195N16114,Talas (2017),2017.0,2017-0281-THA,nat-met-sto-tro,THA,Asia,0.0,0.0,0.0,60.0,60.0,0.0,0.0,0.0,0.0,76.1376037057766,Tropical Storm,50.0,57.5,985.0,2017-07-14,2017-07-17,3.8,Landfall,Tropical Storm,18.6,105.675,45.0,2017-07-14,0,0.014249740905891262,9.510000228881836,0.011214527433152544,0.09886304126881856,0.32459740322077413,0.0,1.0629148482738988,-0.015075464493977751
2017122S13170,Donna (2017),2017.0,2017-0231-VUT,nat-met-sto-tro,VUT,Oceania,0.0,0.0,0.0,2564.0,2564.0,0.0,0.0,0.0,0.0,76.1376037057766,Category 4,125.0,143.8,929.0,2017-05-01,2017-05-10,8.9,At Sea / Open Water,At Sea / Open Water,0.0,0.0,0.0,2017-05-01,0,0.006366457952493576,10.109999656677246,-0.003014661594558099,0.10293173005577455,0.07008753798234002,-0.007949749690720487,1.2564604015821685,0.003912426179504317
2017152N14262,Beatriz (2017),2017.0,2017-0168-MEX,nat-met-sto-tro,MEX,Americas,0.0,6.0,0.0,0.0,600.0,0.0,0.0,0.0,0.0,76.1376037057766,Tropical Storm,40.0,46.0,1001.0,2017-05-31,2017-06-02,1.8,Landfall,Tropical Storm,15.7,-96.6,40.0,2017-05-31,0,0.005790912027304307,10.40999984741211,0.010627042417143517,0.1010918457802258,0.3389511201629327,0.0,1.230293254490347,-0.012645014880610818
2017147N14087,Mora (2017),2017.0,2017-0152-IND,nat-met-sto-tro,IND,Asia,0.0,0.0,0.0,1970.0,1970.0,0.0,0.0,0.0,0.0,76.1376037057766,Category 1,80.0,92.1,963.0,2017-05-27,2017-05-30,3.5,Landfall,Category 1,21.8988,91.9716,67.0,2017-05-30,3,0.008266338907300108,10.380000114440918,0.010799488353775422,0.10204162779096851,-0.06358550305862098,-0.0002963767430570474,1.2280772658627006,-0.006915592360182235
2022234N16124,Ma-On (2022),2022.0,2022-0547-PHL,nat-met-sto-tro,PHL,Asia,0.0,0.0,0.0,7616.0,7616.0,0.0,0.0,0.0,0.0,90.9026974595266,Tropical Storm,60.0,69.0,985.0,2022-08-22,2022-08-25,3.2,Landfall,Tropical Storm,17.3124,122.24,57.0,2022-08-22,0,-0.03616538340445652,23.799999237060547,-0.031175018764929674,0.18248994689859702,-0.11490607465235425,-0.035511717632849105,0.8862151095795787,0.0036972142193608046
2022257N16312,Fiona (2022),2022.0,2022-0603-PRI,nat-met-sto-tro,PRI,Americas,0.0,25.0,0.0,0.0,0.0,0.0,0.0,2500000.0,2750193.0,90.9026974595266,Category 4,120.0,138.1,931.0,2022-09-14,2022-09-27,13.5,Landfall,Category 1,18.0,-67.1,75.0,2022-09-14,0,-0.00799434362250484,26.15999984741211,-0.018338707772786345,0.22971324694670286,0.12040433067392642,-0.08049541068820198,0.889709409522501,-0.007705162846617361
2022256N22139,Nanmadol (2022),2022.0,2022-0604-JPN,nat-met-sto-tro,JPN,Asia,0.0,5.0,140.0,1200.0,1340.0,0.0,0.0,2000000.0,2200155.0,90.9026974595266,Category 4,134.0,154.2,917.0,2022-09-12,2022-09-19,7.0,Landfall,Category 2,31.285,130.635,86.0,2022-09-12,0,0.047751677879891874,23.8700008392334,0.0401476913093628,0.19520396091552658,-0.4030063114245932,-0.04645364313881295,0.9076448718555513,-0.010751027594798582
2017061S11063,Enawo (2017),2017.0,2017-0075-MDG,nat-met-sto-tro,MDG,Africa,0.0,81.0,253.0,434000.0,434253.0,0.0,0.0,20000.0,26268.0,76.1376037057766,Category 4,130.0,149.6,926.0,2017-03-02,2017-03-11,9.8,Landfall,Category 3,-14.6749,49.9962,102.0,2017-03-02,0,0.007739812213630515,11.8100004196167,0.009754350994439775,0.0987698693213939,-0.4967946619365361,-0.010751571381709124,1.141432161547938,-0.005471523025694469
2022266N12294,Ian (2022),2022.0,2022-0614-CUB,nat-met-sto-tro,CUB,Americas,0.0,3.0,0.0,3200000.0,3200000.0,0.0,0.0,25000.0,27502.0,90.9026974595266,Category 5,140.0,161.1,937.0,2022-09-22,2022-10-01,8.5,Landfall,Category 3,22.2,-83.7,110.0,2022-09-22,0,-0.03681636471397742,27.350000381469727,-0.04748710886080276,0.24063712689526612,-0.16495771274605198,-0.1229565426728797,0.9280662949105711,0.00021163593294129188
2022280N11294,Julia (2022),2022.0,2022-0647-NIC,nat-met-sto-tro,NIC,Americas,0.0,1.0,0.0,45000.0,47100.0,0.0,0.0,180000.0,198014.0,90.9026974595266,Category 1,75.0,86.3,982.0,2022-10-06,2022-10-10,4.0,Landfall,Tropical Depression,12.0,-69.8,30.0,2022-10-06,0,0.028694137302272438,30.520000457763672,0.03431011301799747,0.2905529265352216,-0.05814649368414304,-0.08996892251028443,0.9789738455471982,0.016892423903062784
2022288N19128,Nesat (2022),2022.0,2022-0680-TWN,nat-met-sto-tro,TWN,Asia,0.0,0.0,0.0,100.0,100.0,0.0,0.0,400.0,440.0,90.9026974595266,Category 2,89.0,102.4,964.0,2022-10-14,2022-10-20,5.8,At Sea / Open Water,At Sea / Open Water,0.0,0.0,0.0,2022-10-14,0,-0.0142231630329267,32.02000045776367,-0.004931869719576376,0.27656633366903854,0.27210324738375236,-0.05833968262138067,0.9378869308091532,0.0029221653821056084
2022311N21293,Nicole (2022),2022.0,2022-0734-USA,nat-met-sto-tro,USA,Americas,0.0,5.0,0.0,1500.0,1500.0,0.0,0.0,1000000.0,1100077.0,90.9026974595266,Category 1,65.0,74.8,980.0,2022-11-06,2022-11-11,5.2,Landfall,Tropical Storm,27.7454,-80.6875,62.0,2022-11-07,1,-0.016208696535779388,24.350000381469727,0.018442095605135878,0.2418638925819057,-0.09382278647114783,0.0,0.9419681402765526,-0.008157621127836544
2016323N13279,Otto (2016),2016.0,2016-0433-PAN,nat-met-sto-tro,PAN,Americas,0.0,7.0,0.0,12000.0,12000.0,0.0,0.0,0.0,0.0,74.5496029864344,Category 3,100.0,115.1,975.0,2016-11-17,2016-11-26,8.8,Landfall,Category 3,11.0,-83.8,100.0,2016-11-17,0,0.009543159820688984,13.350000381469728,0.006235613875987811,0.15162110242534727,-0.7503510493007868,-0.0035752673743635333,1.0779975426437634,0.010214312282901693
2016256N12146,Malakas (2016),2016.0,2016-0390-JPN,nat-met-sto-tro,JPN,Asia,0.0,1.0,0.0,6000.0,6000.0,0.0,0.0,0.0,0.0,74.5496029864344,Category 4,115.0,132.3,937.0,2016-09-11,2016-09-20,9.0,Landfall,Tropical Storm,34.2846,136.077,55.0,2016-09-12,1,-0.009296101458371342,15.15999984741211,-0.01832678689901235,0.1251309296552944,0.6347431918214179,-0.020819322937936424,1.13285113719362,-0.002043731088903591
2016228N22117,Dianmu (2016),2016.0,2016-0379-VNM,nat-met-sto-tro,VNM,Asia,0.0,11.0,15.0,11075.0,11090.0,0.0,0.0,157.0,211.0,74.5496029864344,Tropical Storm,45.0,51.8,989.0,2016-08-15,2016-08-20,4.8,Landfall,Tropical Depression,20.6784,110.11,27.0,2016-08-15,0,0.004769267560806423,11.8100004196167,0.009590648411668123,0.08466559577197999,0.4280639725076827,0.0,1.1318681639400197,0.0032324822749095292
2016279N19130,Aere (2016),2016.0,2016-0362-VNM,nat-met-sto-tro,VNM,Asia,0.0,34.0,0.0,610000.0,610000.0,0.0,0.0,350000.0,469486.0,74.5496029864344,Tropical Storm,55.0,63.3,985.0,2016-10-04,2016-10-14,10.0,Landfall,Tropical Storm,16.4909,107.382,35.0,2016-10-04,0,-0.004128612287712441,13.630000114440918,0.001209686148155198,0.15979625509304277,0.6285033489764191,-0.009745730404143504,1.0823726330396073,-0.009576044744118568
2016273N13300,Matthew (2016),2016.0,2016-0355-VCT,nat-met-sto-tro,VCT,Americas,0.0,1.0,0.0,0.0,0.0,0.0,0.0,0.0,0.0,74.5496029864344,Category 5,145.0,166.9,934.0,2016-09-28,2016-10-10,11.5,Landfall,Category 4,18.3,-74.3,130.0,2016-09-28,0,0.003799357645445367,12.390000343322754,0.011622052736612876,0.15357430313877574,-0.5082310845271633,-0.0049422907345715306,1.1089361738949697,0.004998160853192804
2016273N13300,Matthew (2016),2016.0,2016-0355-USA,nat-met-sto-tro,USA,Americas,0.0,49.0,0.0,0.0,0.0,5000000.0,6706944.0,10000000.0,13413888.0,74.5496029864344,Category 5,145.0,166.9,934.0,2016-09-28,2016-10-10,11.5,Landfall,Category 4,18.3,-74.3,130.0,2016-09-28,0,0.003799357645445367,12.390000343322754,0.011622052736612876,0.15357430313877574,-0.5082310845271633,-0.0049422907345715306,1.1089361738949697,0.004998160853192804
2016273N13300,Matthew (2016),2016.0,2016-0355-JAM,nat-met-sto-tro,JAM,Americas,0.0,0.0,0.0,125000.0,125000.0,0.0,0.0,0.0,0.0,74.5496029864344,Category 5,145.0,166.9,934.0,2016-09-28,2016-10-10,11.5,Landfall,Category 4,18.3,-74.3,130.0,2016-09-28,0,0.003799357645445367,12.390000343322754,0.011622052736612876,0.15357430313877574,-0.5082310845271633,-0.0049422907345715306,1.1089361738949697,0.004998160853192804
2016273N13300,Matthew (2016),2016.0,2016-0355-CUB,nat-met-sto-tro,CUB,Americas,0.0,0.0,0.0,190000.0,190000.0,0.0,0.0,2600000.0,3487611.0,74.5496029864344,Category 5,145.0,166.9,934.0,2016-09-28,2016-10-10,11.5,Landfall,Category 4,18.3,-74.3,130.0,2016-09-28,0,0.003799357645445367,12.390000343322754,0.011622052736612876,0.15357430313877574,-0.5082310845271633,-0.0049422907345715306,1.1089361738949697,0.004998160853192804
2016230N25160,Lionrock (2016),2016.0,2016-0324-JPN,nat-met-sto-tro,JPN,Asia,0.0,22.0,0.0,0.0,0.0,0.0,0.0,0.0,0.0,74.5496029864344,Category 4,120.0,138.1,933.0,2016-08-16,2016-08-30,14.0,Landfall,Tropical Storm,39.2776,141.476,60.0,2016-08-16,0,-0.0010081467849896164,12.640000343322754,0.005482147604641163,0.08627229330332116,0.03174811127123456,-0.004410435599593088,1.1320348599848247,0.00037744003059440867
2016095S13162,Zena (2016),2016.0,2016-0141-FJI,nat-met-sto-tro,FJI,Oceania,0.0,2.0,0.0,5000.0,5000.0,0.0,0.0,0.0,0.0,74.5496029864344,Category 2,90.0,103.6,956.0,2016-04-04,2016-04-07,3.2,Landfall,Tropical Storm,-15.0251,167.012,50.0,2016-04-04,0,0.014810235332339383,14.119999885559082,-0.0007252684931071673,0.12985121337928027,0.8227316170335421,-0.015368275229632689,0.9561145102351795,0.003622705096878405
2023131N11088,Mocha (2023),2023.0,2023-0294-BGD,nat-met-sto-tro,BGD,Asia,0.0,3.0,12.0,750000.0,750012.0,0.0,0.0,1000.0,1057.0,94.6446220103845,Category 5,138.0,158.8,918.0,2023-05-11,2023-05-14,3.8,Landfall,Category 3,20.8,93.1,105.0,2023-05-11,0,0.017278507194237624,16.93000030517578,0.003876439866269621,0.15621882506905765,-0.23605280528052808,-0.02660720990382781,0.9491708675757348,8.049667063674687e-06
2023157N12066,Biparjoy (2023),2023.0,2023-0331-PAK,nat-met-sto-tro,PAK,Asia,0.0,1.0,0.0,0.0,0.0,0.0,0.0,0.0,0.0,94.6446220103845,Category 3,105.0,120.8,945.0,2023-06-06,2023-06-16,10.2,Landfall,Tropical Storm,23.4,68.7,54.0,2023-06-06,0,0.018682489391372403,13.960000038146973,0.02729409606608879,0.17320435161294098,0.06929987892107481,-0.0006933989073756308,1.086109944064729,0.012403302266849207
2015256N16113,Vamco (2015),2015.0,2015-0620-VNM,nat-met-sto-tro,VNM,Asia,0.0,11.0,0.0,0.0,0.0,0.0,0.0,218.0,296.0,73.6208029365864,Tropical Storm,35.0,40.3,996.0,2015-09-13,2015-09-15,2.2,Landfall,Tropical Depression,15.6351,108.219,32.0,2015-09-14,1,0.017757849067738363,24.25,0.01767296854493572,0.29464635080700086,-0.17386536107711137,-0.06221424459543845,0.9564664340943239,-0.004523464226579886
2015256N16113,Vamco (2015),2015.0,2015-0620-KHM,nat-met-sto-tro,KHM,Asia,0.0,0.0,0.0,6300.0,6300.0,0.0,0.0,0.0,0.0,73.6208029365864,Tropical Storm,35.0,40.3,996.0,2015-09-13,2015-09-15,2.2,Landfall,Tropical Depression,15.6351,108.219,32.0,2015-09-14,1,0.017757849067738363,24.25,0.01767296854493572,0.29464635080700086,-0.17386536107711137,-0.06221424459543845,0.9564664340943239,-0.004523464226579886
2015237N14315,Erika (2015),2015.0,2015-0375-DOM,nat-met-sto-tro,DOM,Americas,1015.0,0.0,0.0,33.0,2133.0,0.0,0.0,0.0,0.0,73.6208029365864,Tropical Storm,45.0,51.8,1001.0,2015-08-24,2015-08-28,3.8,At Sea / Open Water,At Sea / Open Water,0.0,0.0,0.0,2015-08-24,0,-0.10014723751926946,40.7400016784668,-0.09185711941600971,0.21891892116140513,10.817269648903938,-0.09335035484901655,0.9786938830866401,-0.008747453128299915
2015309N14067,Megh (2015),2015.0,2015-0494-YEM,nat-met-sto-tro,YEM,Asia,0.0,18.0,0.0,15000.0,15000.0,0.0,0.0,0.0,0.0,73.6208029365864,Category 3,110.0,126.6,941.0,2015-11-04,2015-11-10,6.0,Landfall,Tropical Depression,13.4541,46.5591,22.0,2015-11-04,0,0.00674806553944185,15.510000228881836,0.0077245949146402815,0.14825801159388233,-0.3059096259294347,-0.00273017451633073,0.9559301936021254,0.0066130125636941536
2015273N12130,Mujigae (2015),2015.0,2015-0490-PHL,nat-met-sto-tro,PHL,Asia,0.0,2.0,0.0,3500.0,3500.0,0.0,0.0,1300.0,1766.0,73.6208029365864,Category 4,115.0,132.3,937.0,2015-09-30,2015-10-05,5.2,Landfall,Tropical Depression,15.7,121.325,30.0,2015-09-30,0,-0.010175445988072851,24.5,-0.0025985257858530675,0.21420783436959018,1.215860191446386,-0.04494385688943936,0.961778029711466,0.01266662756569277
2015301N11065,Chapala (2015),2015.0,2015-0484-YEM,nat-met-sto-tro,YEM,Asia,0.0,8.0,65.0,110000.0,110065.0,0.0,0.0,200000.0,271662.0,73.6208029365864,Category 4,130.0,149.6,926.0,2015-10-27,2015-11-04,7.5,Landfall,Tropical Storm,14.1,48.4,60.0,2015-10-27,0,0.01718280489631585,15.43000030517578,0.01831201722161957,0.18100606678039072,0.2800692903921447,-0.01317252155616544,0.9706726328527866,-0.0021334639897057014
2015270N27291,Joaquin (2015),2015.0,2015-0479-BHS,nat-met-sto-tro,BHS,Americas,0.0,33.0,0.0,6710.0,6710.0,61000.0,82857.0,90000.0,122248.0,73.6208029365864,Category 4,135.0,155.4,931.0,2015-09-26,2015-10-15,18.2,Landfall,Tropical Storm,39.5,-9.1,35.0,2015-09-28,2,-0.04301166748591889,27.6299991607666,-0.04460962622181941,0.22584006339854862,0.4153274801081801,-0.06523595028778428,0.967626915882316,0.007808260429468923
2015270N27291,Joaquin (2015),2015.0,2015-0459-USA,nat-met-sto-tro,USA,Americas,0.0,25.0,0.0,800.0,800.0,400000.0,543325.0,2000000.0,2716623.0,73.6208029365864,Category 4,135.0,155.4,931.0,2015-09-26,2015-10-15,18.2,Landfall,Tropical Storm,39.5,-9.1,35.0,2015-09-28,2,-0.04301166748591889,27.6299991607666,-0.04460962622181941,0.22584006339854862,0.4153274801081801,-0.06523595028778428,0.967626915882316,0.007808260429468923
2015263N14148,Dujuan (2015),2015.0,2015-0458-TWN,nat-met-sto-tro,TWN,Asia,0.0,3.0,376.0,0.0,376.0,0.0,0.0,26000.0,35316.0,73.6208029365864,Category 4,130.0,149.6,926.0,2015-09-19,2015-09-30,10.5,Landfall,Category 3,24.125,121.05,100.0,2015-09-21,2,0.007506676979835092,20.13999938964844,0.0026564203362209327,0.28864850214563037,0.20959120055944713,-0.02158942002356179,0.9700759984305434,-0.0028850399412541014
2015263N14148,Dujuan (2015),2015.0,2015-0458-CHN,nat-met-sto-tro,CHN,Asia,0.0,0.0,0.0,0.0,0.0,79000.0,107307.0,661000.0,897844.0,73.6208029365864,Category 4,130.0,149.6,926.0,2015-09-19,2015-09-30,10.5,Landfall,Category 3,24.125,121.05,100.0,2015-09-21,2,0.007506676979835092,20.13999938964844,0.0026564203362209327,0.28864850214563037,0.20959120055944713,-0.02158942002356179,0.9700759984305434,-0.0028850399412541014
2023220N24150,Lan (2023),2023.0,2023-0526-JPN,nat-met-sto-tro,JPN,Asia,0.0,0.0,66.0,600.0,666.0,0.0,0.0,0.0,0.0,94.6446220103845,Category 4,115.0,132.3,936.0,2023-08-07,2023-08-17,9.8,Landfall,Category 1,33.8201,135.75,70.0,2023-08-07,0,-0.015465742288925388,15.770000457763672,-0.007697755214587376,0.09943027987085834,0.28470366771921296,-0.010654530396266182,0.9539245111360097,-0.00033812456881495215
2023236N20125,Saola (2023),2023.0,2023-0568-HKG,nat-met-sto-tro,HKG,Asia,0.0,0.0,86.0,0.0,86.0,0.0,0.0,0.0,0.0,94.6446220103845,Category 4,134.0,154.2,921.0,2023-08-23,2023-09-03,10.8,Landfall,Category 2,21.9572,113.035,91.0,2023-08-23,0,0.007710875527844996,15.979999542236328,9.34886949073288e-05,0.1047484044113356,-0.2565606458515709,-0.03431153972612844,0.8846603937189235,0.0006150968279012015
2015237N14315,Erika (2015),2015.0,2015-0375-DMA,nat-met-sto-tro,DMA,Americas,0.0,30.0,20.0,28000.0,28594.0,0.0,0.0,482810.0,655806.0,73.6208029365864,Tropical Storm,45.0,51.8,1001.0,2015-08-24,2015-08-28,3.8,At Sea / Open Water,At Sea / Open Water,0.0,0.0,0.0,2015-08-24,0,-0.10014723751926946,40.7400016784668,-0.09185711941600971,0.21891892116140513,10.817269648903938,-0.09335035484901655,0.9786938830866401,-0.008747453128299915
2023302N10267,Pilar (2023),2023.0,2023-0703-SLV,nat-met-sto-tro,SLV,Americas,0.0,3.0,0.0,500.0,500.0,0.0,0.0,0.0,0.0,94.6446220103845,Tropical Storm,55.0,63.3,995.0,2023-10-28,2023-11-07,10.0,At Sea / Open Water,At Sea / Open Water,0.0,0.0,0.0,2023-10-30,2,-0.011582508963285831,19.75,-0.006107710266448185,0.1675091065729448,-0.06906630895601484,-0.05752916169996525,0.9225473062979846,-0.006827107461051404
2015211N13162,Soudelor (2015),2015.0,2015-0339-PHL,nat-met-sto-tro,PHL,Asia,0.0,0.0,0.0,3843.0,3843.0,0.0,0.0,0.0,0.0,73.6208029365864,Category 5,155.0,178.4,907.0,2015-07-29,2015-08-12,13.5,Landfall,Category 2,23.9,120.9,95.0,2015-07-29,0,-0.002838811346240422,12.5,0.004066503461998883,0.1482671977902127,0.7390981825888836,-0.01128481531317338,1.037473648761973,0.0017887225118008569
2015211N13162,Soudelor (2015),2015.0,2015-0339-CHN,nat-met-sto-tro,CHN,Asia,0.0,18.0,0.0,1580000.0,1580000.0,0.0,0.0,1282690.0,1742293.0,73.6208029365864,Category 5,155.0,178.4,907.0,2015-07-29,2015-08-12,13.5,Landfall,Category 2,23.9,120.9,95.0,2015-07-29,0,-0.002838811346240422,12.5,0.004066503461998883,0.1482671977902127,0.7390981825888836,-0.01128481531317338,1.037473648761973,0.0017887225118008569
2015207N22091,Komen (2015),2015.0,2015-0309-BGD,nat-met-sto-tro,BGD,Asia,0.0,45.0,0.0,2600000.0,2600000.0,0.0,0.0,40000.0,54332.0,73.6208029365864,Tropical Storm,45.0,51.8,989.0,2015-07-26,2015-08-02,7.4,Landfall,Tropical Depression,22.9392,91.0634,32.0,2015-07-27,1,-0.02728270031514668,15.600000381469728,-0.04168901607968767,0.13581653323500714,1.2623423911990859,-0.04186361199073274,0.9992717356276721,0.010578936890070842
2024001S21041,Alvaro (2024),2024.0,2024-0002-MDG,nat-met-sto-tro,MDG,Africa,0.0,10.0,0.0,25837.0,25837.0,0.0,0.0,0.0,0.0,97.436175616134,Tropical Storm,60.0,69.0,989.0,2024-01-01,2024-01-04,3.5,Landfall,Tropical Storm,-21.4,43.8,54.0,2024-01-02,1,-0.002111300565529106,13.199999809265137,-0.0025633723380800166,0.11604889279774663,0.5560989800185452,-0.011302982188865163,0.9999969689268339,-0.011730554726975036
2024013S13057,Belal (2024),2024.0,2024-0009-MUS,nat-met-sto-tro,MUS,Africa,0.0,2.0,0.0,100000.0,100000.0,0.0,0.0,0.0,0.0,97.436175616134,Category 2,89.0,102.4,968.0,2024-01-12,2024-01-19,7.0,At Sea / Open Water,At Sea / Open Water,0.0,0.0,0.0,2024-01-12,0,0.018721149856273378,12.699999809265137,0.00610231154773988,0.11957696478910354,-0.15936664088944108,-0.01769926861754989,0.9537228044648843,-0.002752126834934447
2024013S13057,Belal (2024),2024.0,2024-0009-REU,nat-met-sto-tro,REU,Africa,0.0,4.0,0.0,700.0,700.0,0.0,0.0,0.0,0.0,97.436175616134,Category 2,89.0,102.4,968.0,2024-01-12,2024-01-19,7.0,At Sea / Open Water,At Sea / Open Water,0.0,0.0,0.0,2024-01-12,0,0.018721149856273378,12.699999809265137,0.00610231154773988,0.11957696478910354,-0.15936664088944108,-0.01769926861754989,0.9537228044648843,-0.002752126834934447
2015066S08170,Pam (2015),2015.0,2015-0093-VUT,nat-met-sto-tro,VUT,Oceania,44127.0,11.0,0.0,188000.0,188000.0,0.0,0.0,449400.0,610425.0,73.6208029365864,Category 5,150.0,172.6,911.0,2015-03-07,2015-03-20,12.8,At Sea / Open Water,At Sea / Open Water,0.0,0.0,0.0,2015-03-09,2,-0.017123544913469013,15.0600004196167,-0.01775217796748807,0.10213326134469337,-0.28658208920352324,-0.020116983364279584,0.9899979889690976,-0.000694315381212729
2015066S08170,Pam (2015),2015.0,2015-0093-KIR,nat-met-sto-tro,KIR,Oceania,0.0,0.0,0.0,1500.0,1500.0,0.0,0.0,0.0,0.0,73.6208029365864,Category 5,150.0,172.6,911.0,2015-03-07,2015-03-20,12.8,At Sea / Open Water,At Sea / Open Water,0.0,0.0,0.0,2015-03-09,2,-0.017123544913469013,15.0600004196167,-0.01775217796748807,0.10213326134469337,-0.28658208920352324,-0.020116983364279584,0.9899979889690976,-0.000694315381212729
2024071S20039,Filipo (2024),2024.0,2024-0164-MOZ,nat-met-sto-tro,MOZ,Africa,0.0,2.0,85.0,93240.0,93325.0,0.0,0.0,0.0,0.0,97.436175616134,Tropical Storm,60.0,69.0,990.0,2024-03-10,2024-03-14,3.8,Landfall,Tropical Storm,-21.5,34.9,51.0,2024-03-11,1,-0.0019909221363687557,15.220000267028809,-0.002377846637043879,0.10634374185100424,-0.22776067168071612,-0.007342738242586355,0.8744542286146343,-0.0006059524462460782
2024086S13051,Gamane (2024),2024.0,2024-0172-MDG,nat-met-sto-tro,MDG,Africa,0.0,22.0,4.0,89465.0,89469.0,0.0,0.0,50000.0,51316.0,97.436175616134,Category 2,89.0,102.4,970.0,2024-03-26,2024-03-29,3.5,Landfall,Category 2,-12.9425,49.8499,84.0,2024-03-26,0,0.006011158135944772,13.239999771118164,0.008297265592104308,0.09048714780754738,-0.1752578485479055,-0.013451209414224952,0.8353531523225625,0.007908668463026222
2015036S20038,Fundi (2015),2015.0,2015-0074-MDG,nat-met-sto-tro,MDG,Africa,0.0,6.0,0.0,28450.0,36880.0,0.0,0.0,10000.0,13583.0,73.6208029365864,Tropical Storm,55.0,63.3,982.0,2015-02-05,2015-02-11,6.5,At Sea / Open Water,At Sea / Open Water,0.0,0.0,0.0,2015-02-05,0,0.020446120452741745,16.850000381469727,0.015504078558673973,0.17595271920569472,-0.35323001596893444,-0.0023025407709155177,1.0184162637619723,-0.0035382375814610335
2024146N11126,Ewiniar (2024),2024.0,2024-0337-PHL,nat-met-sto-tro,PHL,Asia,0.0,6.0,8.0,52000.0,52008.0,0.0,0.0,20000.0,20526.0,97.436175616134,Category 2,93.0,107.0,957.0,2024-05-24,2024-05-28,3.2,Landfall,Tropical Depression,11.2,125.5,25.0,2024-05-24,0,-1.8942411989408825e-05,11.93000030517578,-0.006941742015273644,0.10689762480996949,0.32248298069687276,-0.011751617502651857,0.8019865134351871,-0.017280983628142118
2014362N07130,Jangmi (2014),2014.0,2014-0497-PHL,nat-met-sto-tro,PHL,Asia,0.0,72.0,0.0,578549.0,578549.0,0.0,0.0,17688.0,24054.0,73.5335770092672,Tropical Storm,45.0,51.8,989.0,2014-12-27,2015-01-01,5.0,Landfall,Tropical Storm,8.9,126.0,40.0,2014-12-29,2,0.01065273041625825,15.0600004196167,0.015903920027890983,0.1685467050321199,-0.7114491463710656,0.0,1.1044482813754335,-0.0047404034422837416
2014329N08131,Sinlaku (2014),2014.0,2014-0474-PHL,nat-met-sto-tro,PHL,Asia,0.0,12.0,0.0,4695.0,4695.0,0.0,0.0,0.0,0.0,73.5335770092672,Tropical Storm,55.0,63.3,982.0,2014-11-25,2014-11-30,5.0,Landfall,Tropical Depression,9.03835,126.158,27.0,2014-11-25,0,0.00758949666291131,12.25,0.015004729134406425,0.06985454360149712,-0.044083339107938935,0.0,1.1562626893884431,-0.005745960477424723
2014271N10160,Phanfone (2014),2014.0,2014-0397-JPN,nat-met-sto-tro,JPN,Asia,0.0,7.0,60.0,8706.0,8766.0,0.0,0.0,100000.0,135992.0,73.5335770092672,Category 4,135.0,155.4,922.0,2014-09-27,2014-10-08,10.2,Landfall,Category 1,34.88,138.367,70.0,2014-09-29,2,-0.008084202931168294,15.979999542236328,-0.01096296146139264,0.09389122991082782,-0.2845643850966477,-0.02299808446397833,0.9959118684328114,-0.004781867889180846
2014253N13260,Odile (2014),2014.0,2014-0333-MEX,nat-met-sto-tro,MEX,Americas,0.0,6.0,135.0,75000.0,75135.0,1200000.0,1631908.0,2500000.0,3399807.0,73.5335770092672,Category 4,120.0,138.1,918.0,2014-09-09,2014-09-18,8.5,Landfall,Category 3,22.9,-109.9,110.0,2014-09-09,0,-0.006430674042622209,13.5,-0.0016605502035959008,0.08094086860029669,-0.18964938768662976,-0.005148233777504063,1.0257292932191828,-0.0030123517131202112
2014234N12261,Marie (2014),2014.0,2014-0325-MEX,nat-met-sto-tro,MEX,Americas,0.0,3.0,0.0,30000.0,30000.0,0.0,0.0,14000.0,19039.0,73.5335770092672,Category 5,140.0,161.1,918.0,2014-08-22,2014-09-02,11.2,At Sea / Open Water,At Sea / Open Water,0.0,0.0,0.0,2014-08-22,0,0.017729571708964054,11.470000267028809,0.02382251943856839,0.1345713108342793,-0.4977307245599929,-0.004412895906474423,1.1253286740372035,-0.01098779844909148
2014209N12152,Halong (2014),2014.0,2014-0316-JPN,nat-met-sto-tro,JPN,Asia,0.0,10.0,96.0,21654.0,21750.0,0.0,0.0,200000.0,271985.0,73.5335770092672,Category 5,140.0,161.1,918.0,2014-07-27,2014-08-15,18.2,Landfall,Tropical Storm,34.125,134.3,55.0,2014-07-28,1,0.00233151880553617,12.5600004196167,-0.012728332550087096,0.09861962721050578,0.3884813735225343,-0.022465495054153073,1.2278912081148206,-0.004875538451955371
2014153N12267,Boris (2014),2014.0,2014-0183-MEX,nat-met-sto-tro,MEX,Americas,0.0,0.0,0.0,0.0,0.0,0.0,0.0,0.0,0.0,73.5335770092672,Tropical Storm,40.0,46.0,998.0,2014-06-01,2014-06-04,3.2,At Sea / Open Water,At Sea / Open Water,0.0,0.0,0.0,2014-06-02,1,0.01339592012923485,11.579999923706056,0.013632242591431698,0.1064536635101544,0.894411102775694,0.0,1.11886434626314,0.008589819617835824
2013210N13122,Jebi (2013),2013.0,2013-0341-VNM,nat-met-sto-tro,VNM,Asia,0.0,7.0,11.0,5000.0,5011.0,0.0,0.0,1000.0,1382.0,72.3597374789251,Tropical Storm,60.0,69.0,978.0,2013-07-28,2013-08-03,5.8,Landfall,Tropical Depression,12.8151,121.396,0.0,2013-07-29,1,-0.005368794198056026,13.390000343322754,-0.013864837484063197,0.12442001045811527,0.4045362277508431,-0.013864837484063197,1.126038634878465,0.008893361863195297
2013149N14264,Barbara (2013),2013.0,2013-0188-MEX,nat-met-sto-tro,MEX,Americas,0.0,4.0,0.0,12000.0,12000.0,0.0,0.0,0.0,0.0,72.3597374789251,Category 1,70.0,80.6,983.0,2013-05-28,2013-05-30,2.2,Landfall,Category 1,16.0,-94.0,70.0,2013-05-28,0,-0.0037745794865888804,14.479999542236328,-0.008126530693371214,0.1256800325414122,-0.03312067710872313,-0.009468218659401173,1.1164087279100616,0.008380045840399721
2012254N09135,Sanba (2012),2012.0,2012-0588-KOR,nat-met-sto-tro,KOR,Asia,0.0,0.0,0.0,3120.0,3120.0,0.0,0.0,349000.0,489378.0,71.3150877335761,Category 5,155.0,178.4,907.0,2012-09-10,2012-09-18,8.8,Landfall,Category 1,35.0967,128.16,65.0,2012-09-10,0,0.0166472419443906,16.280000686645508,0.01100094934698026,0.12246353623253947,-0.04998356849816077,-0.011296267441299634,1.1348428515062141,-0.0032355257984862627
2012254N09135,Sanba (2012),2012.0,2012-0588-JPN,nat-met-sto-tro,JPN,Asia,0.0,0.0,0.0,25250.0,25250.0,0.0,0.0,31000.0,43469.0,71.3150877335761,Category 5,155.0,178.4,907.0,2012-09-10,2012-09-18,8.8,Landfall,Category 1,35.0967,128.16,65.0,2012-09-10,0,0.0166472419443906,16.280000686645508,0.01100094934698026,0.12246353623253947,-0.04998356849816077,-0.011296267441299634,1.1348428515062141,-0.0032355257984862627
2012230N21126,Tembin (2012),2012.0,2012-0585-KOR,nat-met-sto-tro,KOR,Asia,0.0,2.0,0.0,0.0,0.0,0.0,0.0,0.0,0.0,71.3150877335761,Category 4,120.0,138.1,933.0,2012-08-17,2012-09-01,14.8,Landfall,Category 3,22.2716,120.937,107.0,2012-08-17,0,0.00951439590727099,13.449999809265137,0.013631204244045403,0.1428147035780389,-0.15039716719303287,0.0,1.12705743521395,-0.007329869654357845
2012234N16315,Isaac (2012),2012.0,2012-0313-DOM,nat-met-sto-tro,DOM,Americas,0.0,5.0,0.0,20515.0,20515.0,0.0,0.0,0.0,0.0,71.3150877335761,Category 1,70.0,80.6,965.0,2012-08-20,2012-09-01,11.8,Landfall,Tropical Storm,18.3,-72.7,55.0,2012-08-20,0,0.010087175277911031,14.020000457763672,0.01366120384067493,0.140998856274147,-0.49237690193609807,-0.002151692071724609,1.1277604503427818,-0.008321661649356094
2012232N13141,Bolaven (2012),2012.0,2012-0414-JPN,nat-met-sto-tro,JPN,Asia,0.0,0.0,0.0,0.0,0.0,0.0,0.0,86000.0,120592.0,71.3150877335761,Category 4,125.0,143.8,929.0,2012-08-18,2012-09-01,14.2,Landfall,Tropical Storm,40.1763,125.098,40.0,2012-08-20,2,0.010087175277911031,14.020000457763672,0.01366120384067493,0.140998856274147,-0.49237690193609807,-0.002151692071724609,1.1277604503427818,-0.008321661649356094
2012234N16315,Isaac (2012),2012.0,2012-0313-HTI,nat-met-sto-tro,HTI,Americas,0.0,13.0,7.0,8000.0,8007.0,0.0,0.0,0.0,0.0,71.3150877335761,Category 1,70.0,80.6,965.0,2012-08-20,2012-09-01,11.8,Landfall,Tropical Storm,18.3,-72.7,55.0,2012-08-20,0,0.010087175277911031,14.020000457763672,0.01366120384067493,0.140998856274147,-0.49237690193609807,-0.002151692071724609,1.1277604503427818,-0.008321661649356094
2020092S09155,Harold (2020),2020.0,2020-0132-SLB,nat-met-sto-tro,SLB,Oceania,0.0,48.0,0.0,150000.0,150000.0,0.0,0.0,0.0,0.0,80.3903830082114,Category 5,145.0,166.9,909.0,2020-04-01,2020-04-11,10.0,Landfall,Category 4,-15.6,166.867,120.0,2020-04-01,0,-0.0025931157073530997,57.060001373291016,-0.02559226756892663,1.0450014339792424,-0.4214283140561381,-0.22304679833531327,1.09341926799194,-0.018610166243475723
2020152N12269,Amanda (2020),2020.0,2020-0218-HND,nat-met-sto-tro,HND,Americas,0.0,5.0,0.0,1200.0,1200.0,0.0,0.0,0.0,0.0,80.3903830082114,Tropical Storm,35.0,40.3,1003.0,2020-05-30,2020-05-31,0.8,Landfall,Tropical Storm,14.1,-90.3,35.0,2020-06-01,2,0.034219927469697264,28.229999542236328,0.06234343528251274,0.36925538503194194,0.8162800506115564,-0.013383689547573296,1.120290147096179,0.060175615596676654
2020154N19269,Cristobal (2020),2020.0,2020-0219-USA,nat-met-sto-tro,USA,Americas,0.0,1.0,0.0,0.0,0.0,0.0,0.0,325000.0,404277.0,80.3903830082114,Tropical Storm,50.0,57.5,982.0,2020-06-01,2020-06-12,10.5,Landfall,Tropical Storm,18.5797,-91.9762,48.0,2020-06-01,0,0.034219927469697264,28.229999542236328,0.06234343528251274,0.36925538503194194,0.8162800506115564,-0.013383689547573296,1.120290147096179,0.060175615596676654
2023196N17119,Talim (2023),2023.0,2023-0450-VNM,nat-met-sto-tro,VNM,Asia,0.0,1.0,3.0,0.0,3.0,0.0,0.0,0.0,0.0,94.6446220103845,Category 1,70.0,80.6,971.0,2023-07-14,2023-07-18,3.8,Landfall,Category 1,21.2931,110.212,67.0,2023-07-14,0,0.024467099688047833,13.34000015258789,0.02269309621323412,0.1229074162320759,-0.007607406536813688,-0.003394989284117189,1.004862983042363,0.0021686341623975633
2023203N14132,Doksuri (2023),2023.0,2023-0464-PHL,nat-met-sto-tro,PHL,Asia,0.0,39.0,171.0,5385066.0,5385237.0,0.0,0.0,284256.0,300340.0,94.6446220103845,Category 4,128.0,147.3,926.0,2023-07-21,2023-07-28,6.8,Landfall,Category 2,24.7901,118.563,83.0,2023-07-21,0,0.006454696523574777,13.600000381469728,0.008654719765710084,0.10534873011692163,-0.03172877122339335,-0.004724328867888761,0.9678231628796763,-0.004577037121473273
2023131N11088,Mocha (2023),2023.0,2023-0294-MMR,nat-met-sto-tro,MMR,Asia,0.0,148.0,132.0,1200000.0,1200132.0,0.0,0.0,2240000.0,2366748.0,94.6446220103845,Category 5,138.0,158.8,918.0,2023-05-11,2023-05-14,3.8,Landfall,Category 3,20.8,93.1,105.0,2023-05-11,0,0.017278507194237624,16.93000030517578,0.003876439866269621,0.15621882506905765,-0.23605280528052808,-0.02660720990382781,0.9491708675757348,8.049667063674687e-06
2023131N11088,Mocha (2023),2023.0,2023-0294-IND,nat-met-sto-tro,IND,Asia,0.0,0.0,0.0,1000.0,1000.0,0.0,0.0,0.0,0.0,94.6446220103845,Category 5,138.0,158.8,918.0,2023-05-11,2023-05-14,3.8,Landfall,Category 3,20.8,93.1,105.0,2023-05-11,0,0.017278507194237624,16.93000030517578,0.003876439866269621,0.15621882506905765,-0.23605280528052808,-0.02660720990382781,0.9491708675757348,8.049667063674687e-06
2024147N19089,Remal (2024),2024.0,2024-0320-BGD,nat-met-sto-tro,BGD,Asia,0.0,16.0,13.0,4590000.0,4590013.0,0.0,0.0,90700.0,93087.0,97.436175616134,Tropical Storm,54.0,62.1,978.0,2024-05-25,2024-05-27,2.2,Landfall,Tropical Storm,21.7,88.4,54.0,2024-05-28,3,-0.0004715963702689452,12.920000076293944,-0.02094423528288558,0.1138059814567915,0.9654647731464405,-0.02382072980580341,0.8113124423069714,-0.007911817910614098
2023337N12083,Michaung (2023),2023.0,2023-0792-IND,nat-met-sto-tro,IND,Asia,0.0,20.0,0.0,4390000.0,4390000.0,0.0,0.0,125000.0,132073.0,94.6446220103845,Tropical Storm,60.0,69.0,987.0,2023-12-03,2023-12-05,2.0,Landfall,Tropical Storm,14.3,80.1,60.0,2023-12-04,1,0.004862644462636956,13.079999923706056,0.03007378717120668,0.10796147032681723,0.20233896417300912,0.0,0.9468441791664792,-0.0010728126876620066
2023296N18087,Hamoon (2023),2023.0,2023-0686-BGD,nat-met-sto-tro,BGD,Asia,0.0,3.0,0.0,1500000.0,1500000.0,0.0,0.0,250000.0,264146.0,94.6446220103845,Category 1,80.0,92.1,978.0,2023-10-23,2023-10-25,1.8,Landfall,Category 1,21.6,92.1,74.0,2023-10-23,0,-0.035730853060299106,20.3700008392334,-0.044636863081558786,0.1641217872629852,0.4473460289306217,-0.051737448780594164,0.9251179128701483,0.004607476251466588
2023294N09061,Tej (2023),2023.0,2023-0685-YEM,nat-met-sto-tro,YEM,Asia,0.0,7.0,150.0,0.0,150.0,0.0,0.0,0.0,0.0,94.6446220103845,Category 3,109.0,125.4,956.0,2023-10-20,2023-10-24,3.8,Landfall,Tropical Storm,15.5575,52.1575,62.0,2023-10-20,0,-0.023893336610602,21.709999084472656,-0.02997539575837671,0.16560400101353234,0.42123359033131913,-0.047297418898060495,0.9175023026913364,-3.095660506140935e-06
2023273N16134,Koinu (2023),2023.0,2023-0623-TWN,nat-met-sto-tro,TWN,Asia,0.0,1.0,190.0,0.0,190.0,0.0,0.0,0.0,0.0,94.6446220103845,Category 4,119.0,136.9,940.0,2023-09-29,2023-10-10,10.5,Landfall,Category 3,22.0,120.8,109.0,2023-09-29,0,-0.006830596083547413,17.520000457763672,-0.0040279324649236115,0.11752826859772135,0.006444144669680574,-0.06440282779481676,0.7949269891055158,-0.009748845771065787
2023273N16134,Koinu (2023),2023.0,2023-0623-CHN,nat-met-sto-tro,CHN,Asia,0.0,0.0,0.0,0.0,0.0,0.0,0.0,0.0,0.0,94.6446220103845,Category 4,119.0,136.9,940.0,2023-09-29,2023-10-10,10.5,Landfall,Category 3,22.0,120.8,109.0,2023-09-29,0,-0.006830596083547413,17.520000457763672,-0.0040279324649236115,0.11752826859772135,0.006444144669680574,-0.06440282779481676,0.7949269891055158,-0.009748845771065787
2023249N24133,Yun-Yeung (2023),2023.0,2023-0609-JPN,nat-met-sto-tro,JPN,Asia,0.0,3.0,0.0,3600.0,3600.0,0.0,0.0,0.0,0.0,94.6446220103845,Tropical Storm,39.0,44.9,992.0,2023-09-05,2023-09-08,3.0,At Sea / Open Water,At Sea / Open Water,0.0,0.0,0.0,2023-09-05,0,0.014635264877031373,14.010000228881836,-0.004096319238630852,0.11971733888207989,0.10145040853825393,-0.019253824025513233,0.8089237548099953,-0.009946701750695893
2023239N21274,Idalia (2023),2023.0,2023-0565-USA,nat-met-sto-tro,USA,Americas,0.0,5.0,0.0,0.0,0.0,0.0,0.0,3500000.0,3698044.0,94.6446220103845,Category 4,115.0,132.3,942.0,2023-08-26,2023-09-08,12.8,Landfall,Category 3,29.9155,-83.6226,100.0,2023-08-28,2,0.007784637900201119,15.079999923706056,0.012251298696521085,0.11560333344070352,0.18701563877674143,-0.030158140901224817,0.8588900907107255,-0.016666403216439824
2023239N21274,Idalia (2023),2023.0,2023-0565-CUB,nat-met-sto-tro,CUB,Americas,0.0,0.0,0.0,0.0,0.0,0.0,0.0,0.0,0.0,94.6446220103845,Category 4,115.0,132.3,942.0,2023-08-26,2023-09-08,12.8,Landfall,Category 3,29.9155,-83.6226,100.0,2023-08-28,2,0.007784637900201119,15.079999923706056,0.012251298696521085,0.11560333344070352,0.18701563877674143,-0.030158140901224817,0.8588900907107255,-0.016666403216439824
2023232N13300,Franklin (2023),2023.0,2023-0559-DOM,nat-met-sto-tro,DOM,Americas,0.0,3.0,0.0,289083.0,289083.0,0.0,0.0,0.0,0.0,94.6446220103845,Category 4,130.0,149.6,926.0,2023-08-19,2023-09-09,21.0,Landfall,Tropical Storm,18.3,-71.1,40.0,2023-08-21,2,-0.01957115767634121,17.1299991607666,-0.02588824962499714,0.10036349164748164,0.057533126124652334,-0.04189615726090623,0.8475220178986123,0.005653646674732616
2002265N10315,Lili (2002),2002.0,2002-0636-GRD,nat-met-sto-tro,GRD,Americas,0.0,0.0,0.0,70.0,75.0,0.0,0.0,0.0,0.0,55.8716960740501,Category 4,125.0,143.8,938.0,2002-09-21,2002-10-04,12.8,Landfall,Category 2,22.1,-84.0,90.0,2002-09-23,2,-0.06513520762552238,39.68000030517578,-0.049961679807479675,0.22661610679194819,-0.3170466883821933,-0.11829490664173159,0.9342392832455944,-0.010383531632584927
2002265N10315,Lili (2002),2002.0,2002-0653-VCT,nat-met-sto-tro,VCT,Americas,0.0,4.0,0.0,1000.0,1000.0,0.0,0.0,11000.0,19688.0,55.8716960740501,Category 4,125.0,143.8,938.0,2002-09-21,2002-10-04,12.8,Landfall,Category 2,22.1,-84.0,90.0,2002-09-23,2,-0.06513520762552238,39.68000030517578,-0.049961679807479675,0.22661610679194819,-0.3170466883821933,-0.11829490664173159,0.9342392832455944,-0.010383531632584927
2003262N17254,Marty (2003),2003.0,2003-0474-MEX,nat-met-sto-tro,MEX,Americas,0.0,2.0,0.0,6000.0,6000.0,0.0,0.0,100000.0,175009.0,57.1400352670416,Category 2,85.0,97.8,970.0,2003-09-18,2003-09-26,7.2,Landfall,Category 2,23.0,-109.7,85.0,2003-09-18,0,0.02288325566319216,17.56999969482422,0.021603798905021288,0.1381331208696356,0.561598681499794,0.0,0.863434799899204,-0.007635015425713244
2004255N23120,Haima (2004),2004.0,2004-0468-TWN,nat-met-sto-tro,TWN,Asia,0.0,9.0,0.0,6000.0,6000.0,0.0,0.0,2710.0,4619.0,58.6698092933412,Tropical Storm,35.0,40.3,997.0,2004-09-10,2004-09-19,8.5,Landfall,Tropical Depression,22.8,120.233,25.0,2004-09-10,0,0.00426366944884804,13.760000228881836,0.0031836135500413754,0.12154752041020495,2.005198180636777,-0.0014087220142232626,1.0407162594188943,0.006474701477235778
2005054S09173,Percy (2005),2005.0,2005-0102-TKL,nat-met-sto-tro,TKL,Oceania,0.0,0.0,1.0,0.0,26.0,0.0,0.0,0.0,0.0,60.6603317527392,Category 5,140.0,161.1,898.0,2005-02-23,2005-03-05,10.5,At Sea / Open Water,At Sea / Open Water,0.0,0.0,0.0,2005-02-23,0,-0.013869250463263594,12.390000343322754,-0.020853744673532404,0.10497203790473583,0.6174841772151898,-0.023716800029625396,0.9741055179866326,0.008935942751814746
2005041S13181,Olaf (2005),2005.0,2005-0151-ASM,nat-met-sto-tro,ASM,Oceania,0.0,0.0,0.0,0.0,0.0,0.0,0.0,0.0,0.0,60.6603317527392,Category 5,145.0,166.9,892.0,2005-02-10,2005-02-23,13.0,At Sea / Open Water,At Sea / Open Water,0.0,0.0,0.0,2005-02-10,0,0.006556856632323305,11.510000228881836,0.007284612649807176,0.10721384840217706,-0.6779661016949152,-0.0058824658025283805,0.9934429748556073,-0.0014355659105090516
2005192N11318,Emily (2005),2005.0,2005-0382-GRD,nat-met-sto-tro,GRD,Americas,0.0,1.0,0.0,0.0,0.0,0.0,0.0,44900.0,74019.0,60.6603317527392,Category 5,140.0,161.1,929.0,2005-07-11,2005-07-21,10.5,Landfall,Category 2,20.6198,-88.0304,92.0,2005-07-11,0,0.020162872049588776,11.279999732971191,0.013229491347901412,0.1367257770184918,0.4297504421300844,-0.016139673566402668,1.152632548774363,-0.0005275122875669394
2005262N13127,Damrey (2005),2005.0,2005-0540-CHN,nat-met-sto-tro,CHN,Asia,0.0,25.0,0.0,5719000.0,5719000.0,0.0,0.0,1040000.0,1714465.0,60.6603317527392,Category 2,90.0,103.6,954.0,2005-09-19,2005-09-28,9.0,Landfall,Category 1,18.8617,110.331,75.0,2005-09-19,0,-0.00591908025447252,12.140000343322754,-0.019485675130002766,0.10702373205841595,1.3879237881759598,-0.019485675130002766,0.9782130756452216,0.012000267828300134
2005275N19274,Stan (2005),2005.0,2005-0567-GTM,nat-met-sto-tro,GTM,Americas,25257.0,1513.0,386.0,474928.0,475314.0,0.0,0.0,988300.0,1629236.0,60.6603317527392,Category 1,70.0,80.6,977.0,2005-10-01,2005-10-05,3.8,Landfall,Tropical Storm,19.5456,-87.3758,36.0,2005-10-03,2,0.008389168487006993,12.460000038146973,0.00908762320771328,0.10250528145805722,-0.33465462820230496,-0.010575130395818921,0.8508526642811239,0.014084056044872457
2005296N16293,Alpha (2005),2005.0,2005-0597-HTI,nat-met-sto-tro,HTI,Americas,0.0,12.0,17.0,2175.0,2192.0,0.0,0.0,0.0,0.0,60.6603317527392,Tropical Storm,45.0,51.8,998.0,2005-10-22,2005-10-24,2.2,Landfall,Tropical Storm,18.3,-71.3,45.0,2005-10-24,2,0.007136057057697931,14.739999771118164,0.001683527731265233,0.13183894480940997,-0.36833527357392315,-0.013925794409148207,0.787868876927878,-0.0014528537299467938
2006161N20275,Alberto (2006),2006.0,2006-0272-CUB,nat-met-sto-tro,CUB,Americas,0.0,0.0,8.0,260.0,268.0,0.0,0.0,0.0,0.0,62.6171947810345,Tropical Storm,60.0,69.0,969.0,2006-06-10,2006-06-19,9.0,Landfall,Tropical Storm,29.9,-83.7,40.0,2006-06-12,2,-0.024622338755235118,20.959999084472656,-0.03482109225196239,0.14101558440029346,0.672816593886463,-0.07183697049230064,0.9154453987079824,0.018502919190366732
2006198N08152,Kaemi (2006),2006.0,2006-0388-CHN,nat-met-sto-tro,CHN,Asia,0.0,109.0,0.0,6531000.0,6531000.0,0.0,0.0,367000.0,586101.0,62.6171947810345,Category 1,75.0,86.3,967.0,2006-07-17,2006-07-29,12.0,Landfall,Tropical Storm,23.05,120.725,55.0,2006-07-17,0,-0.02767049519632203,18.63999938964844,-0.044064726984200275,0.15104698715096548,0.42958899623382996,-0.060123481861589334,0.9292843195198718,-0.01127552584071519
2006198N08152,Kaemi (2006),2006.0,2006-0388-TWN,nat-met-sto-tro,TWN,Asia,0.0,0.0,0.0,800.0,800.0,0.0,0.0,0.0,0.0,62.6171947810345,Category 1,75.0,86.3,967.0,2006-07-17,2006-07-29,12.0,Landfall,Tropical Storm,23.05,120.725,55.0,2006-07-17,0,-0.02767049519632203,18.63999938964844,-0.044064726984200275,0.15104698715096548,0.42958899623382996,-0.060123481861589334,0.9292843195198718,-0.01127552584071519
2006237N13298,Ernesto (2006),2006.0,2006-0466-HTI,nat-met-sto-tro,HTI,Americas,0.0,5.0,0.0,15000.0,15000.0,0.0,0.0,0.0,0.0,62.6171947810345,Category 1,65.0,74.8,985.0,2006-08-24,2006-09-04,10.5,Landfall,Tropical Storm,19.9,-75.5,35.0,2006-08-24,0,-0.0029223242849570896,12.399999618530272,-0.020852467994420865,0.1517847977376413,0.6900759556717719,-0.020852467994420865,1.1924865620436549,0.0009152889723346089
2006257N16259,Lane (2006),2006.0,2006-0505-MEX,nat-met-sto-tro,MEX,Americas,0.0,4.0,0.0,240700.0,240700.0,0.0,0.0,2700.0,4312.0,62.6171947810345,Category 3,110.0,126.6,952.0,2006-09-13,2006-09-17,3.8,Landfall,Category 3,24.1,-107.2,110.0,2006-09-13,0,0.013102344490546924,11.18000030517578,0.019869896454232316,0.11637964287792861,-0.14889808258413562,0.0,1.2789368416917233,-0.0038988221848330618
2006294N16254,Paul (2006),2006.0,2006-0604-MEX,nat-met-sto-tro,MEX,Americas,0.0,4.0,0.0,20000.0,20000.0,0.0,0.0,0.0,0.0,62.6171947810345,Category 2,90.0,103.6,970.0,2006-10-21,2006-10-26,5.0,At Sea / Open Water,At Sea / Open Water,0.0,0.0,0.0,2006-10-23,2,0.004604118591025941,11.079999923706056,-0.00948506204346089,0.09048003900669707,0.06167133873778319,-0.00948506204346089,1.4150633822893388,-0.0064020880203659435
2007151N14072,Gonu (2007),2007.0,2007-0164-IRN,nat-met-sto-tro,IRN,Asia,0.0,12.0,9.0,185000.0,185009.0,0.0,0.0,0.0,0.0,64.4034636847652,Category 5,145.0,166.9,898.0,2007-05-31,2007-06-08,7.8,Landfall,Tropical Depression,25.7051,57.9702,20.0,2007-05-31,0,0.0057734590387847895,13.050000190734863,0.014255316027641296,0.07444370766709345,0.13276510034143096,0.0,0.758724297458191,-0.004927822183518227
2007244N12303,Felix (2007),2007.0,2007-0439-MEX,nat-met-sto-tro,MEX,Americas,0.0,0.0,0.0,0.0,30000.0,0.0,0.0,0.0,0.0,64.4034636847652,Category 5,150.0,172.6,929.0,2007-08-31,2007-09-06,6.2,Landfall,Category 5,14.3,-83.2,140.0,2007-08-31,0,-0.004988696038124574,23.3799991607666,0.005611951932518622,0.23777355193061075,0.07181929181929192,-0.015730256269003373,0.9595513000622851,-0.00554717627712158
2007297N18300,Noel (2007),2007.0,2007-0523-HTI,nat-met-sto-tro,HTI,Americas,0.0,90.0,133.0,108630.0,108763.0,0.0,0.0,0.0,0.0,64.4034636847652,Category 1,75.0,86.3,965.0,2007-10-24,2007-11-06,13.0,Landfall,Tropical Storm,19.7408,-73.2102,42.0,2007-10-24,0,-0.017957574510303997,20.799999237060547,-0.017835230430746307,0.14883125058073315,-0.031941325751033034,-0.04057319641532864,0.9796577122228772,-0.01179423921008262
2007345N18298,Olga (2007),2007.0,2007-0612-PRI,nat-met-sto-tro,PRI,Americas,0.0,1.0,0.0,0.0,0.0,0.0,0.0,0.0,0.0,64.4034636847652,Tropical Storm,50.0,57.5,1003.0,2007-12-10,2007-12-16,5.8,Landfall,Tropical Storm,18.4,-66.5,40.0,2007-12-10,0,0.02979407229136699,20.739999771118164,0.03820539866408268,0.21196340503126762,-0.25460626511780693,0.0,0.8954819243687486,-0.001696822478606523
2008117N11090,Nargis (2008),2008.0,2008-0184-MMR,nat-met-sto-tro,MMR,Asia,607329.0,138366.0,20000.0,2400000.0,2420000.0,0.0,0.0,4000000.0,5981221.0,66.8759741789087,Category 4,115.0,132.3,937.0,2008-04-25,2008-05-04,8.5,Landfall,Category 4,16.0,94.5,115.0,2008-04-25,0,0.008088140441964597,19.59000015258789,0.0013051813354039155,0.25099516306829744,-0.6466758729532451,-0.0013010069519644452,1.0592501808980985,-0.0006796556875358455
2008117N11090,Nargis (2008),2008.0,2008-0184-THA,nat-met-sto-tro,THA,Asia,0.0,0.0,0.0,0.0,1000.0,0.0,0.0,0.0,0.0,66.8759741789087,Category 4,115.0,132.3,937.0,2008-04-25,2008-05-04,8.5,Landfall,Category 4,16.0,94.5,115.0,2008-04-25,0,0.008088140441964597,19.59000015258789,0.0013051813354039155,0.25099516306829744,-0.6466758729532451,-0.0013010069519644452,1.0592501808980985,-0.0006796556875358455
2008152N18273,Arthur (2008),2008.0,2008-0233-BLZ,nat-met-sto-tro,BLZ,Americas,362.0,7.0,0.0,10000.0,10000.0,0.0,0.0,0.0,0.0,66.8759741789087,Tropical Storm,40.0,46.0,1004.0,2008-05-31,2008-06-02,2.0,Landfall,Tropical Storm,17.9,-88.2,40.0,2008-06-02,2,0.009154963770200641,19.829999923706055,0.01905257866023269,0.15468878360862637,0.23948580769802352,-0.03046324039308934,1.0413282980773324,-0.01199097479693129
2008150N10274,Alma (2008),2008.0,2008-0234-CRI,nat-met-sto-tro,CRI,Americas,0.0,4.0,0.0,55000.0,55000.0,0.0,0.0,0.0,0.0,66.8759741789087,Tropical Storm,55.0,63.3,994.0,2008-05-29,2008-05-30,1.5,Landfall,Tropical Storm,12.4446,-87.0324,52.0,2008-05-29,0,0.003656037107015342,18.13999938964844,0.004423627852381706,0.1525255499265744,-0.10693713114464432,-0.028197431504578985,1.0413850584880646,-0.008133829792116638
2008150N10274,Alma (2008),2008.0,2008-0234-HND,nat-met-sto-tro,HND,Americas,0.0,0.0,0.0,0.0,0.0,0.0,0.0,0.0,0.0,66.8759741789087,Tropical Storm,55.0,63.3,994.0,2008-05-29,2008-05-30,1.5,Landfall,Tropical Storm,12.4446,-87.0324,52.0,2008-05-29,0,0.003656037107015342,18.13999938964844,0.004423627852381706,0.1525255499265744,-0.10693713114464432,-0.028197431504578985,1.0413850584880646,-0.008133829792116638
2008203N18276,Dolly (2008),2008.0,2008-0304-MEX,nat-met-sto-tro,MEX,Americas,0.0,2.0,0.0,500000.0,500000.0,0.0,0.0,75000.0,112148.0,66.8759741789087,Category 2,85.0,97.8,963.0,2008-07-20,2008-07-27,6.5,Landfall,Tropical Storm,20.8,-87.0,45.0,2008-07-21,1,0.02713509003764214,23.049999237060547,0.03279245705121592,0.2823745485099329,0.018455469087764742,-0.045593373956699046,1.021849331010386,0.0006030310704948603
2008203N18276,Dolly (2008),2008.0,2008-0304-USA,nat-met-sto-tro,USA,Americas,0.0,0.0,0.0,0.0,0.0,600000.0,897183.0,1200000.0,1794366.0,66.8759741789087,Category 2,85.0,97.8,963.0,2008-07-20,2008-07-27,6.5,Landfall,Tropical Storm,20.8,-87.0,45.0,2008-07-21,1,0.02713509003764214,23.049999237060547,0.03279245705121592,0.2823745485099329,0.018455469087764742,-0.045593373956699046,1.021849331010386,0.0006030310704948603
2008241N19303,Hanna (2008),2008.0,2008-0378-DOM,nat-met-sto-tro,DOM,Americas,0.0,1.0,0.0,10745.0,10745.0,0.0,0.0,0.0,0.0,66.8759741789087,Category 1,75.0,86.3,977.0,2008-08-28,2008-09-08,11.5,Landfall,Tropical Storm,34.5805,-78.498,54.0,2008-08-28,0,0.018701073929630496,19.43000030517578,0.02889352959197722,0.25873346523440155,0.03956545892228869,-0.005307123356180887,1.1610256311256903,-0.0004952458889045386
2008241N19303,Hanna (2008),2008.0,2008-0378-TCA,nat-met-sto-tro,TCA,Americas,0.0,0.0,0.0,750.0,750.0,0.0,0.0,0.0,0.0,66.8759741789087,Category 1,75.0,86.3,977.0,2008-08-28,2008-09-08,11.5,Landfall,Tropical Storm,34.5805,-78.498,54.0,2008-08-28,0,0.018701073929630496,19.43000030517578,0.02889352959197722,0.25873346523440155,0.03956545892228869,-0.005307123356180887,1.1610256311256903,-0.0004952458889045386
2008245N17323,Ike (2008),2008.0,2008-0384-BHS,nat-met-sto-tro,BHS,Americas,0.0,0.0,0.0,3000.0,3000.0,0.0,0.0,0.0,0.0,66.8759741789087,Category 4,125.0,143.8,935.0,2008-09-01,2008-09-15,14.2,Landfall,Category 3,21.0,-73.2,110.0,2008-09-02,1,0.007636362239721528,21.989999771118164,0.01410491210914544,0.26180636890350434,0.7825307683116263,-0.015921671982746854,1.1860005473845285,-0.010865844607421044
2009227N12328,Bill (2009),2009.0,2009-0342-CAN,nat-met-sto-tro,CAN,Americas,0.0,0.0,3.0,0.0,3.0,0.0,0.0,0.0,0.0,66.6382010716644,Category 4,115.0,132.3,943.0,2009-08-15,2009-08-26,10.8,Landfall,Tropical Storm,48.0,-53.0,60.0,2009-08-17,2,-0.026536672319083854,27.88999938964844,-0.03537003381841375,0.2172797730132648,0.16544924972550934,-0.044586256176189054,1.2629606427440947,-0.003486656884920912
2009227N12328,Bill (2009),2009.0,2009-0342-USA,nat-met-sto-tro,USA,Americas,0.0,3.0,9.0,0.0,9.0,0.0,0.0,0.0,0.0,66.6382010716644,Category 4,115.0,132.3,943.0,2009-08-15,2009-08-26,10.8,Landfall,Tropical Storm,48.0,-53.0,60.0,2009-08-17,2,-0.026536672319083854,27.88999938964844,-0.03537003381841375,0.2172797730132648,0.16544924972550934,-0.044586256176189054,1.2629606427440947,-0.003486656884920912
2009239N12270,Jimena (2009),2009.0,2009-0384-MEX,nat-met-sto-tro,MEX,Americas,0.0,4.0,0.0,72000.0,72000.0,0.0,0.0,40000.0,60026.0,66.6382010716644,Category 4,135.0,155.4,931.0,2009-08-26,2009-09-05,9.8,Landfall,Category 2,24.8387,-112.121,90.0,2009-08-26,0,0.03211251006114835,24.950000762939453,0.03571431258889457,0.230690998978048,-0.17953251067869003,-0.010199940866930213,1.1897061957270751,0.00969668194759872
2009313N11072,Phyan (2009),2009.0,2009-0609-IND,nat-met-sto-tro,IND,Asia,0.0,20.0,0.0,0.0,0.0,0.0,0.0,300000.0,450192.0,66.6382010716644,Tropical Storm,50.0,57.5,985.0,2009-11-09,2009-11-11,2.4,Landfall,Tropical Storm,18.75,73.3,45.0,2009-11-09,0,0.05032635885976866,23.149999618530273,0.07740365174354591,0.27246386078757995,-0.5117990460024278,0.0,1.1746659633469247,0.003100453737023761
2010198N15123,Chanthu (2010),2010.0,2010-0332-HKG,nat-met-sto-tro,HKG,Asia,0.0,1.0,0.0,15000.0,15000.0,0.0,0.0,0.0,0.0,67.7310945291778,Category 1,80.0,92.1,963.0,2010-07-17,2010-07-23,6.5,Landfall,Tropical Depression,15.2667,121.233,25.0,2010-07-19,2,-0.006850207415910248,25.969999313354492,-0.009126343544773374,0.27035222157028116,0.22284570230036915,-0.06056598252541834,1.203289324251598,0.03464674920881018
2010149N13266,Agatha (2010),2010.0,2010-0211-GTM,nat-met-sto-tro,GTM,Americas,0.0,174.0,154.0,397808.0,397962.0,0.0,0.0,650000.0,959677.0,67.7310945291778,Tropical Storm,40.0,46.0,1001.0,2010-05-28,2010-05-30,1.8,Landfall,Tropical Storm,14.6,-91.9,35.0,2010-05-28,0,0.0023829369842960357,32.06999969482422,0.0061184602496022755,0.3847845593571215,-0.36441166535872016,-0.10897049787600177,1.1698150258023667,-0.022688440556058058
2010149N13266,Agatha (2010),2010.0,2010-0211-HND,nat-met-sto-tro,HND,Americas,0.0,18.0,4.0,16673.0,24675.0,0.0,0.0,90000.0,132878.0,67.7310945291778,Tropical Storm,40.0,46.0,1001.0,2010-05-28,2010-05-30,1.8,Landfall,Tropical Storm,14.6,-91.9,35.0,2010-05-28,0,0.0023829369842960357,32.06999969482422,0.0061184602496022755,0.3847845593571215,-0.36441166535872016,-0.10897049787600177,1.1698150258023667,-0.022688440556058058
2010236N12341,Earl (2010),2010.0,2010-0468-USA,nat-met-sto-tro,USA,Americas,0.0,1.0,0.0,0.0,0.0,0.0,0.0,100000.0,147643.0,67.7310945291778,Category 4,125.0,143.8,927.0,2010-08-24,2010-09-06,13.0,Landfall,Category 1,44.3,-64.5,65.0,2010-08-24,0,-0.03704686186332928,27.459999084472656,-0.05326663160303147,0.20530619942073128,0.5337353191588621,-0.08897481652329164,1.2285936859943558,8.435726690192392e-05
2010257N16282,Karl (2010),2010.0,2010-0494-MEX,nat-met-sto-tro,MEX,Americas,50.0,12.0,0.0,230000.0,230000.0,150000.0,221464.0,3900000.0,5758064.0,67.7310945291778,Category 3,110.0,126.6,956.0,2010-09-13,2010-09-18,4.5,Landfall,Tropical Storm,18.5,-87.8,55.0,2010-09-13,0,0.016502859778690482,21.209999084472656,0.01891813131757547,0.23721063027971992,-0.1741838927548096,0.0,1.1970283779983435,-0.0021601833072778347
2010267N14285,Matthew (2010),2010.0,2010-0503-BLZ,nat-met-sto-tro,BLZ,Americas,0.0,0.0,0.0,0.0,0.0,0.0,0.0,0.0,0.0,67.7310945291778,Tropical Storm,50.0,57.5,998.0,2010-09-23,2010-09-26,3.2,Landfall,Tropical Storm,14.7,-83.3,50.0,2010-09-23,0,0.0004624960932075872,23.8700008392334,0.006082878165538652,0.20552457861013249,0.0181509628864458,-0.01985841544420186,1.178593855597107,0.005145941397461395
2010267N14285,Matthew (2010),2010.0,2010-0503-NIC,nat-met-sto-tro,NIC,Americas,0.0,0.0,0.0,0.0,0.0,0.0,0.0,0.0,0.0,67.7310945291778,Tropical Storm,50.0,57.5,998.0,2010-09-23,2010-09-26,3.2,Landfall,Tropical Storm,14.7,-83.3,50.0,2010-09-23,0,0.0004624960932075872,23.8700008392334,0.006082878165538652,0.20552457861013249,0.0181509628864458,-0.01985841544420186,1.178593855597107,0.005145941397461395
2010267N14285,Matthew (2010),2010.0,2010-0503-VEN,nat-met-sto-tro,VEN,Americas,0.0,8.0,0.0,0.0,0.0,0.0,0.0,0.0,0.0,67.7310945291778,Tropical Storm,50.0,57.5,998.0,2010-09-23,2010-09-26,3.2,Landfall,Tropical Storm,14.7,-83.3,50.0,2010-09-23,0,0.0004624960932075872,23.8700008392334,0.006082878165538652,0.20552457861013249,0.0181509628864458,-0.01985841544420186,1.178593855597107,0.005145941397461395
2010302N09306,Tomas (2010),2010.0,2010-0571-BRB,nat-met-sto-tro,BRB,Americas,0.0,0.0,0.0,2500.0,2500.0,0.0,0.0,0.0,0.0,67.7310945291778,Category 2,85.0,97.8,982.0,2010-10-29,2010-11-10,12.5,At Sea / Open Water,At Sea / Open Water,0.0,0.0,0.0,2010-10-29,0,0.001182889238901419,21.200000762939453,-0.009236537485597718,0.15418856367422845,-0.21933980383620577,-0.013488403988443531,1.2552016414233695,-0.005965048875463924
2010302N09306,Tomas (2010),2010.0,2010-0571-HTI,nat-met-sto-tro,HTI,Americas,0.0,21.0,0.0,5020.0,5020.0,0.0,0.0,0.0,0.0,67.7310945291778,Category 2,85.0,97.8,982.0,2010-10-29,2010-11-10,12.5,At Sea / Open Water,At Sea / Open Water,0.0,0.0,0.0,2010-10-29,0,0.001182889238901419,21.200000762939453,-0.009236537485597718,0.15418856367422845,-0.21933980383620577,-0.013488403988443531,1.2552016414233695,-0.005965048875463924
2011038S11062,Bingiza (2011),2011.0,2011-0057-MDG,nat-met-sto-tro,MDG,Africa,2091.0,35.0,73.0,89297.0,115215.0,0.0,0.0,0.0,0.0,69.869263508865,Category 3,100.0,115.1,948.0,2011-02-06,2011-02-21,15.0,Landfall,Category 2,-15.9,49.7,85.0,2011-02-07,1,0.025567651686287052,16.280000686645508,0.02455819174470575,0.12481194360054285,-0.15067126899327,0.0,1.0837460319258254,0.00632509409099599
2011279N10257,Jova (2011),2011.0,2011-0385-MEX,nat-met-sto-tro,MEX,Americas,71.0,5.0,0.0,50000.0,50000.0,0.0,0.0,27700.0,39645.0,69.869263508865,Category 3,110.0,126.6,955.0,2011-10-05,2011-10-12,7.2,Landfall,Category 2,19.6,-105.1,85.0,2011-10-05,0,-0.006253420288481859,37.810001373291016,0.0003358028872328944,0.3685684153791862,0.15859244560609098,-0.06756315784528955,1.1493774874791396,0.006188976950791819
2012018S16041,Funso (2012),2012.0,2012-0005-MOZ,nat-met-sto-tro,MOZ,Africa,0.0,10.0,0.0,65000.0,65000.0,0.0,0.0,0.0,0.0,71.3150877335761,Category 4,115.0,132.3,937.0,2012-01-17,2012-02-01,15.2,At Sea / Open Water,At Sea / Open Water,0.0,0.0,0.0,2012-01-17,0,0.010310931908989573,22.200000762939453,0.023529155767461507,0.1797986413531064,-0.3150018681474419,-0.002795634528408031,1.1496436887074597,-0.005106152806387564
2012018S16041,Funso (2012),2012.0,2012-0005-MWI,nat-met-sto-tro,MWI,Africa,0.0,0.0,0.0,6000.0,6000.0,0.0,0.0,0.0,0.0,71.3150877335761,Category 4,115.0,132.3,937.0,2012-01-17,2012-02-01,15.2,At Sea / Open Water,At Sea / Open Water,0.0,0.0,0.0,2012-01-17,0,0.010310931908989573,22.200000762939453,0.023529155767461507,0.1797986413531064,-0.3150018681474419,-0.002795634528408031,1.1496436887074597,-0.005106152806387564
2012201N15129,Vicente (2012),2012.0,2012-0259-VNM,nat-met-sto-tro,VNM,Asia,0.0,10.0,3.0,0.0,3.0,0.0,0.0,0.0,0.0,71.3150877335761,Category 4,115.0,132.3,937.0,2012-07-18,2012-07-25,6.8,Landfall,Category 3,22.0342,112.828,100.0,2012-07-18,0,0.02392672975525234,16.15999984741211,0.03174119980822909,0.21752935877970833,0.3367580059425552,-0.008396758434725649,1.1070120598188875,0.007158678875338352
2012225N16133,Kai-Tak (2012),2012.0,2012-0294-PHL,nat-met-sto-tro,PHL,Asia,0.0,4.0,0.0,0.0,0.0,0.0,0.0,3000.0,4207.0,71.3150877335761,Category 1,65.0,74.8,974.0,2012-08-11,2012-08-18,7.0,Landfall,Tropical Storm,18.3933,121.531,55.0,2012-08-13,2,0.008236386077828062,13.699999809265137,0.01216761081955342,0.16086608129343202,-0.11705336505547992,-0.002181223681124167,1.124497065222879,0.0023182048442751957
2000232N12116,Kaemi (2000),2000.0,2000-0539-THA,nat-met-sto-tro,THA,Asia,0.0,2.0,0.0,41219.0,41219.0,0.0,0.0,0.0,0.0,53.4877366816787,Tropical Storm,45.0,51.8,995.0,2000-08-18,2000-08-23,5.2,Landfall,Tropical Storm,16.0121,107.79,40.0,2000-08-18,0,0.01547592666508435,17.049999237060547,-0.0050605566130026425,0.20934547628283448,0.3179916317991631,-0.015029937891079315,0.7170733854031627,0.014895541323591891
2001189N13130,Trami (2001),2001.0,2001-0415-TWN,nat-met-sto-tro,TWN,Asia,0.0,5.0,17.0,0.0,2017.0,0.0,0.0,0.0,0.0,54.9993852662954,Tropical Storm,40.0,46.0,997.0,2001-07-07,2001-07-12,4.5,Landfall,Tropical Storm,22.7846,120.923,35.0,2001-07-09,2,-0.02365448114037383,22.479999542236328,-0.002768140923537721,0.13880056986195702,-0.9814677538917717,-0.049294246288873356,0.8789168355215512,-0.018172889665381383
2000184N13133,Kirogi (2000),2000.0,2000-0396-PHL,nat-met-sto-tro,PHL,Asia,0.0,11.0,0.0,0.0,120000.0,0.0,0.0,7500.0,14022.0,53.4877366816787,Category 4,115.0,132.3,985.0,2000-07-02,2000-07-10,8.2,At Sea / Open Water,At Sea / Open Water,0.0,0.0,0.0,2000-07-03,1,0.00715892451167921,19.829999923706055,0.014380646389591245,0.2184002237650755,-0.7403314917127072,-0.03274103639024584,0.8595280328255084,0.008524672027966636
2000248N17117,Wukong (2000),2000.0,2000-0582-VNM,nat-met-sto-tro,VNM,Asia,0.0,5.0,29.0,0.0,6029.0,0.0,0.0,21000.0,39261.0,53.4877366816787,Category 2,95.0,109.3,980.0,2000-09-04,2000-09-10,6.5,Landfall,Category 1,18.2,109.675,75.0,2000-09-05,1,-0.0031911772395901705,19.81999969482422,0.0004910063635112927,0.1285556527667922,0.3407079646017699,0.0,0.7711211338395317,-0.006431960333453711
2002178N04155,Chataan (2002),2002.0,2002-0408-PHL,nat-met-sto-tro,PHL,Asia,0.0,33.0,41.0,700000.0,700041.0,0.0,0.0,1000.0,1790.0,55.8716960740501,Category 4,130.0,149.6,910.0,2002-06-27,2002-07-13,15.8,Landfall,Tropical Storm,35.0259,139.925,50.0,2002-06-27,0,-0.01414862739724776,26.290000915527344,-0.017736318972729537,0.2584194896826468,-0.6928807947019868,-0.06054348237062945,1.0024608439111027,0.004142521056197269
2002252N20121,Hagupit (2002),2002.0,2002-0599-CHN,nat-met-sto-tro,CHN,Asia,0.0,25.0,0.0,180000.0,180000.0,0.0,0.0,0.0,0.0,55.8716960740501,Tropical Storm,45.0,51.8,991.0,2002-09-08,2002-09-15,7.0,Landfall,Tropical Depression,21.7512,111.597,25.0,2002-09-09,1,-0.012202878334437783,36.45000076293945,-0.02212184072374057,0.257421826547246,0.6506550218340612,-0.0663792370163887,0.9433091597009077,-0.009070951162528946
2002265N10315,Lili (2002),2002.0,2002-0617-BRB,nat-met-sto-tro,BRB,Americas,0.0,0.0,0.0,0.0,2000.0,0.0,0.0,200.0,358.0,55.8716960740501,Category 4,125.0,143.8,938.0,2002-09-21,2002-10-04,12.8,Landfall,Category 2,22.1,-84.0,90.0,2002-09-23,2,-0.06513520762552238,39.68000030517578,-0.049961679807479675,0.22661610679194819,-0.3170466883821933,-0.11829490664173159,0.9342392832455944,-0.010383531632584927
2002265N10315,Lili (2002),2002.0,2002-0626-CYM,nat-met-sto-tro,CYM,Americas,0.0,0.0,0.0,300.0,300.0,0.0,0.0,1000.0,1790.0,55.8716960740501,Category 4,125.0,143.8,938.0,2002-09-21,2002-10-04,12.8,Landfall,Category 2,22.1,-84.0,90.0,2002-09-23,2,-0.06513520762552238,39.68000030517578,-0.049961679807479675,0.22661610679194819,-0.3170466883821933,-0.11829490664173159,0.9342392832455944,-0.010383531632584927
2002258N10300,Isidore (2002),2002.0,2002-0656-CYM,nat-met-sto-tro,CYM,Americas,0.0,0.0,0.0,0.0,0.0,0.0,0.0,500.0,895.0,55.8716960740501,Category 3,110.0,126.6,934.0,2002-09-14,2002-09-27,13.0,Landfall,Tropical Depression,10.0856,-61.4549,25.0,2002-09-16,2,-0.008492887094594281,36.7400016784668,-0.01708236935116536,0.25043672617042406,0.21825396825396814,-0.08232769172359156,0.946902890574079,0.011715036571270258
2002335N05166,Pongsona (2002),2002.0,2002-0826-MNP,nat-met-sto-tro,MNP,Oceania,0.0,0.0,0.0,0.0,300.0,0.0,0.0,0.0,0.0,55.8716960740501,Category 4,130.0,149.6,910.0,2002-12-01,2002-12-11,10.5,At Sea / Open Water,At Sea / Open Water,0.0,0.0,0.0,2002-12-02,1,0.007600253690323244,27.459999084472656,0.014499506312061206,0.24485945855680932,25.03723404255319,0.0,0.9935514416364947,0.003226667971563492
2003021S10163,Beni (2003),2003.0,2003-0057-SLB,nat-met-sto-tro,SLB,Oceania,0.0,0.0,0.0,275.0,275.0,0.0,0.0,0.0,0.0,57.1400352670416,Category 4,125.0,143.8,916.0,2003-01-20,2003-02-05,15.2,Landfall,Tropical Depression,-10.8,162.3,0.0,2003-01-21,1,-0.04063198015088754,27.59000015258789,-0.04907990603674439,0.19231771241886556,-0.34151128557409227,-0.05753008168639795,0.8575277660152871,-0.00039180639177832655
2003021S11081,Fari (2003),2003.0,2003-0065-MDG,nat-met-sto-tro,MDG,Africa,0.0,0.0,0.0,0.0,500.0,0.0,0.0,0.0,0.0,57.1400352670416,Tropical Storm,55.0,63.3,984.0,2003-01-21,2003-02-02,12.5,Landfall,Tropical Storm,-20.3,48.4667,55.0,2003-01-21,0,-0.04063198015088754,27.59000015258789,-0.04907990603674439,0.19231771241886556,-0.34151128557409227,-0.05753008168639795,0.8575277660152871,-0.00039180639177832655
2003359S15177,Heta (2004),2004.0,2004-0004-NIU,nat-met-sto-tro,NIU,Oceania,0.0,1.0,2.0,200.0,702.0,0.0,0.0,40000.0,68178.0,58.6698092933412,Category 5,140.0,161.1,898.0,2003-12-25,2004-01-12,17.8,At Sea / Open Water,At Sea / Open Water,0.0,0.0,0.0,2003-12-26,1,0.004541899958330209,17.450000762939453,0.00340121679807015,0.09494737770943369,-0.7839265212399541,-0.005618319155817231,0.8670761887212043,-0.004708004457281104
2003359S15177,Heta (2004),2004.0,2004-0004-WSM,nat-met-sto-tro,WSM,Oceania,0.0,1.0,0.0,0.0,0.0,0.0,0.0,0.0,0.0,58.6698092933412,Category 5,140.0,161.1,898.0,2003-12-25,2004-01-12,17.8,At Sea / Open Water,At Sea / Open Water,0.0,0.0,0.0,2003-12-26,1,0.004541899958330209,17.450000762939453,0.00340121679807015,0.09494737770943369,-0.7839265212399541,-0.005618319155817231,0.8670761887212043,-0.004708004457281104
2004177N12154,Tingting (2004),2004.0,2004-0312-MNP,nat-met-sto-tro,MNP,Oceania,0.0,3.0,0.0,200.0,200.0,0.0,0.0,0.0,0.0,58.6698092933412,Category 1,80.0,92.1,963.0,2004-06-24,2004-07-13,18.2,At Sea / Open Water,At Sea / Open Water,0.0,0.0,0.0,2004-06-24,0,0.008587859896759253,14.8100004196167,0.02325748712815745,0.10925107872456331,2.8888026894233256,-0.002100054897449133,1.046849558329126,0.003448296309881943
2005275N19274,Stan (2005),2005.0,2005-0567-MEX,nat-met-sto-tro,MEX,Americas,0.0,36.0,0.0,1954571.0,1954571.0,0.0,0.0,2500000.0,4121309.0,60.6603317527392,Category 1,70.0,80.6,977.0,2005-10-01,2005-10-05,3.8,Landfall,Tropical Storm,19.5456,-87.3758,36.0,2005-10-03,2,0.008389168487006993,12.460000038146973,0.00908762320771328,0.10250528145805722,-0.33465462820230496,-0.010575130395818921,0.8508526642811239,0.014084056044872457
2005275N19274,Stan (2005),2005.0,2005-0567-NIC,nat-met-sto-tro,NIC,Americas,0.0,3.0,0.0,7880.0,7880.0,0.0,0.0,0.0,0.0,60.6603317527392,Category 1,70.0,80.6,977.0,2005-10-01,2005-10-05,3.8,Landfall,Tropical Storm,19.5456,-87.3758,36.0,2005-10-03,2,0.008389168487006993,12.460000038146973,0.00908762320771328,0.10250528145805722,-0.33465462820230496,-0.010575130395818921,0.8508526642811239,0.014084056044872457
2005296N16293,Alpha (2005),2005.0,2005-0597-DOM,nat-met-sto-tro,DOM,Americas,0.0,9.0,0.0,1000.0,1000.0,0.0,0.0,0.0,0.0,60.6603317527392,Tropical Storm,45.0,51.8,998.0,2005-10-22,2005-10-24,2.2,Landfall,Tropical Storm,18.3,-71.3,45.0,2005-10-24,2,0.007136057057697931,14.739999771118164,0.001683527731265233,0.13183894480940997,-0.36833527357392315,-0.013925794409148207,0.787868876927878,-0.0014528537299467938
2006025S18147,Jim (2006),2006.0,2006-0073-FJI,nat-met-sto-tro,FJI,Oceania,0.0,0.0,0.0,168.0,168.0,0.0,0.0,0.0,0.0,62.6171947810345,Category 1,80.0,92.1,963.0,2006-01-25,2006-02-03,9.0,At Sea / Open Water,At Sea / Open Water,0.0,0.0,0.0,2006-01-25,0,-0.009074525327004923,12.869999885559082,-0.009523841055869564,0.10834265244183991,-0.047931925894011185,-0.026217433738762064,0.899327453711521,0.006306474553636974
2006021S11053,Boloetse (2006),2006.0,2006-0089-MDG,nat-met-sto-tro,MDG,Africa,0.0,3.0,0.0,6112.0,6212.0,0.0,0.0,0.0,0.0,62.6171947810345,Category 3,100.0,115.1,944.0,2006-01-20,2006-02-06,17.0,Landfall,Tropical Depression,-20.5,48.2,30.0,2006-01-20,0,-0.02197182806996656,14.5600004196167,-0.024267201993582233,0.11094760339583169,1.1400262163620942,-0.0337078651685393,0.9099662584912255,0.0027533352341906556
2006074S13158,Larry (2006),2006.0,2006-0139-AUS,nat-met-sto-tro,AUS,Oceania,0.0,0.0,30.0,0.0,7030.0,335000.0,534997.0,1180000.0,1884466.0,62.6171947810345,Category 4,115.0,132.3,937.0,2006-03-14,2006-03-21,7.0,Landfall,Category 3,-17.533,146.088,107.0,2006-03-14,0,0.017269613247868243,10.739999771118164,0.016875842736958857,0.09695669653970568,-0.7155472090142646,0.0,0.8147408098659129,0.01815708527742945
2006081S14129,Glenda (2006),2006.0,2006-0155-AUS,nat-met-sto-tro,AUS,Oceania,0.0,0.0,0.0,500.0,500.0,0.0,0.0,0.0,0.0,62.6171947810345,Category 4,120.0,138.1,922.0,2006-03-22,2006-03-31,9.2,Landfall,Tropical Depression,-15.0458,128.964,15.0,2006-03-22,0,0.0010591566835591593,11.210000038146973,0.010023094316679915,0.10196669843110123,-0.4890906062624917,0.0,0.8252647486360956,0.0010339493645807516
2006188N10143,Bilis (2006),2006.0,2006-0362-TWN,nat-met-sto-tro,TWN,Asia,0.0,3.0,0.0,0.0,0.0,0.0,0.0,0.0,0.0,62.6171947810345,Tropical Storm,50.0,57.5,987.0,2006-07-07,2006-07-17,10.5,Landfall,Tropical Storm,26.4267,119.487,40.0,2006-07-07,0,-0.005185582454951154,13.970000267028809,-0.016262296417963285,0.15926740505880893,0.01801310043668125,-0.01945157146725307,0.9509935279273188,-0.014962841157676723
2006198N08152,Kaemi (2006),2006.0,2006-0388-PHL,nat-met-sto-tro,PHL,Asia,0.0,4.0,0.0,200355.0,200355.0,0.0,0.0,471.0,752.0,62.6171947810345,Category 1,75.0,86.3,967.0,2006-07-17,2006-07-29,12.0,Landfall,Tropical Storm,23.05,120.725,55.0,2006-07-17,0,-0.02767049519632203,18.63999938964844,-0.044064726984200275,0.15104698715096548,0.42958899623382996,-0.060123481861589334,0.9292843195198718,-0.01127552584071519
2006216N07151,Saomai (2006),2006.0,2006-0437-CHN,nat-met-sto-tro,CHN,Asia,0.0,441.0,1350.0,5920000.0,5923350.0,0.0,0.0,2510000.0,4008484.0,62.6171947810345,Category 5,140.0,161.1,898.0,2006-08-04,2006-08-12,8.2,Landfall,Category 4,27.2,119.975,115.0,2006-08-04,0,0.0017189948369891184,14.34000015258789,0.0012489032622644558,0.17646788950182374,-0.03178765590022381,-0.04155471037065317,0.9932293118121577,-0.016669885678433013
2007043S11071,Favio (2007),2007.0,2007-0080-ZWE,nat-met-sto-tro,ZWE,Africa,0.0,0.0,0.0,0.0,0.0,0.0,0.0,1200.0,1863.0,64.4034636847652,Category 4,120.0,138.1,922.0,2007-02-11,2007-02-23,12.0,Landfall,Category 2,-21.6667,35.1,90.0,2007-02-12,1,-0.00966514221806325,11.609999656677246,-0.009652714556040554,0.09606180870600163,0.8000788902767735,-0.0099255164795935,0.7741871544377891,0.00857827090405164
2006364S12058,Clovis (2007),2007.0,2007-0032-MDG,nat-met-sto-tro,MDG,Africa,0.0,1.0,0.0,7313.0,7313.0,0.0,0.0,0.0,0.0,64.4034636847652,Category 1,65.0,74.8,976.0,2006-12-29,2007-01-04,6.2,Landfall,Tropical Storm,-20.7333,48.4333,60.0,2006-12-29,0,0.0,11.5600004196167,-0.006244532931523494,0.07861960370135944,-0.7136038186157518,-0.009898397877691756,0.931113675904886,0.005329036394783682
2007084S12157,Becky (2007),2007.0,2007-0133-NZL,nat-met-sto-tro,NZL,Oceania,0.0,0.0,0.0,300.0,300.0,0.0,0.0,0.0,0.0,64.4034636847652,Category 1,70.0,80.6,970.0,2007-03-24,2007-03-29,5.0,At Sea / Open Water,At Sea / Open Water,0.0,0.0,0.0,2007-03-26,2,0.021397848178984713,13.15999984741211,0.015775443947078305,0.16205693295110968,-0.33201810374840435,-0.008250174659600651,0.7492447789896994,-0.007038365424170249
2007188N04148,Man-Yi (2007),2007.0,2007-0262-JPN,nat-met-sto-tro,JPN,Asia,0.0,5.0,12.0,40000.0,40012.0,67000.0,104032.0,60000.0,93163.0,64.4034636847652,Category 4,125.0,143.8,929.0,2007-07-06,2007-07-23,16.5,Landfall,Category 1,31.4521,130.839,81.0,2007-07-06,0,0.017289464183524617,14.720000267028809,0.023136140328075205,0.13176052218977619,-0.32153839490666547,0.0,0.8478643503126222,0.012751727776874233
2007223N19136,Sepat (2007),2007.0,2007-0380-TWN,nat-met-sto-tro,TWN,Asia,0.0,0.0,12.0,0.0,1812.0,0.0,0.0,25000.0,38818.0,64.4034636847652,Category 5,140.0,161.1,918.0,2007-08-11,2007-08-24,13.2,Landfall,Category 3,23.55,121.025,100.0,2007-08-13,2,-0.006702753597439215,26.56999969482422,-0.01736253404591681,0.22231626538305732,-0.05704626766114851,-0.05903613578423372,0.920364888951052,-0.009065402213083064
2007244N12303,Felix (2007),2007.0,2007-0439-GTM,nat-met-sto-tro,GTM,Americas,0.0,0.0,0.0,3905.0,3905.0,0.0,0.0,0.0,0.0,64.4034636847652,Category 5,150.0,172.6,929.0,2007-08-31,2007-09-06,6.2,Landfall,Category 5,14.3,-83.2,140.0,2007-08-31,0,-0.004988696038124574,23.3799991607666,0.005611951932518622,0.23777355193061075,0.07181929181929192,-0.015730256269003373,0.9595513000622851,-0.00554717627712158
2007244N12303,Felix (2007),2007.0,2007-0439-NIC,nat-met-sto-tro,NIC,Americas,0.0,177.0,0.0,188726.0,188726.0,0.0,0.0,0.0,0.0,64.4034636847652,Category 5,150.0,172.6,929.0,2007-08-31,2007-09-06,6.2,Landfall,Category 5,14.3,-83.2,140.0,2007-08-31,0,-0.004988696038124574,23.3799991607666,0.005611951932518622,0.23777355193061075,0.07181929181929192,-0.015730256269003373,0.9595513000622851,-0.00554717627712158
2007274N18131,Krosa (2007),2007.0,2007-0552-CHN,nat-met-sto-tro,CHN,Asia,0.0,0.0,0.0,0.0,0.0,0.0,0.0,1077788.0,1673494.0,64.4034636847652,Category 4,130.0,149.6,926.0,2007-10-01,2007-10-14,12.8,Landfall,Category 3,24.9597,121.582,102.0,2007-10-01,0,0.01720609821943353,17.84000015258789,0.03404594256947324,0.17640310075075566,0.988988217151394,0.0,0.9942129044451133,-0.007042137224564812
2007314N10093,Sidr (2007),2007.0,2007-0556-IND,nat-met-sto-tro,IND,Asia,0.0,0.0,0.0,0.0,0.0,0.0,0.0,0.0,0.0,64.4034636847652,Category 5,140.0,161.1,918.0,2007-11-10,2007-11-16,5.9,Landfall,Category 3,22.5429,90.3714,100.0,2007-11-12,2,-0.04231916599310148,31.09000015258789,-0.03870109591773807,0.1861854639989033,-0.32587398552451674,-0.06189073370456322,1.0005707360375649,-0.006911250732782755
2007242N13264,Henriette (2007),2007.0,2007-0671-MEX,nat-met-sto-tro,MEX,Americas,0.0,6.0,0.0,0.0,0.0,0.0,0.0,0.0,0.0,64.4034636847652,Category 1,75.0,86.3,972.0,2007-08-30,2007-09-06,7.0,Landfall,Category 1,23.1,-109.6,70.0,2007-08-30,0,-0.002525530550080868,25.059999465942383,-0.0012859317746474197,0.24215195487319166,-0.25020471294695656,-0.0304617377320221,0.9525075540767907,-0.002568666827290307
2008150N10274,Alma (2008),2008.0,2008-0234-NIC,nat-met-sto-tro,NIC,Americas,0.0,13.0,0.0,25000.0,25000.0,0.0,0.0,0.0,0.0,66.8759741789087,Tropical Storm,55.0,63.3,994.0,2008-05-29,2008-05-30,1.5,Landfall,Tropical Storm,12.4446,-87.0324,52.0,2008-05-29,0,0.003656037107015342,18.13999938964844,0.004423627852381706,0.1525255499265744,-0.10693713114464432,-0.028197431504578985,1.0413850584880646,-0.008133829792116638
2008203N18276,Dolly (2008),2008.0,2008-0304-GTM,nat-met-sto-tro,GTM,Americas,0.0,17.0,0.0,0.0,0.0,0.0,0.0,0.0,0.0,66.8759741789087,Category 2,85.0,97.8,963.0,2008-07-20,2008-07-27,6.5,Landfall,Tropical Storm,20.8,-87.0,45.0,2008-07-21,1,0.02713509003764214,23.049999237060547,0.03279245705121592,0.2823745485099329,0.018455469087764742,-0.045593373956699046,1.021849331010386,0.0006030310704948603
2008245N17323,Ike (2008),2008.0,2008-0384-HTI,nat-met-sto-tro,HTI,Americas,0.0,74.0,50.0,125000.0,125050.0,0.0,0.0,0.0,0.0,66.8759741789087,Category 4,125.0,143.8,935.0,2008-09-01,2008-09-15,14.2,Landfall,Category 3,21.0,-73.2,110.0,2008-09-02,1,0.007636362239721528,21.989999771118164,0.01410491210914544,0.26180636890350434,0.7825307683116263,-0.015921671982746854,1.1860005473845285,-0.010865844607421044
2008241N19303,Hanna (2008),2008.0,2008-0378-HTI,nat-met-sto-tro,HTI,Americas,128898.0,529.0,0.0,48000.0,48000.0,0.0,0.0,0.0,0.0,66.8759741789087,Category 1,75.0,86.3,977.0,2008-08-28,2008-09-08,11.5,Landfall,Tropical Storm,34.5805,-78.498,54.0,2008-08-28,0,0.018701073929630496,19.43000030517578,0.02889352959197722,0.25873346523440155,0.03956545892228869,-0.005307123356180887,1.1610256311256903,-0.0004952458889045386
2008245N17323,Ike (2008),2008.0,2008-0384-CUB,nat-met-sto-tro,CUB,Americas,0.0,7.0,0.0,0.0,0.0,0.0,0.0,1500000.0,2242958.0,66.8759741789087,Category 4,125.0,143.8,935.0,2008-09-01,2008-09-15,14.2,Landfall,Category 3,21.0,-73.2,110.0,2008-09-02,1,0.007636362239721528,21.989999771118164,0.01410491210914544,0.26180636890350434,0.7825307683116263,-0.015921671982746854,1.1860005473845285,-0.010865844607421044
2010240N15142,Kompasu (2010),2010.0,2010-0479-KOR,nat-met-sto-tro,KOR,Asia,0.0,12.0,0.0,41500.0,41500.0,0.0,0.0,0.0,0.0,67.7310945291778,Category 3,105.0,120.8,944.0,2010-08-27,2010-09-06,9.8,Landfall,Category 1,38.1,127.15,65.0,2010-08-27,0,-0.006230633514645478,24.450000762939453,-0.014741143088372377,0.2207211295555704,0.5120617561917016,-0.0735010576992371,1.2363897076746007,0.0017371928623045388
2010256N17137,Fanapi (2010),2010.0,2010-0484-CHN,nat-met-sto-tro,CHN,Asia,0.0,75.0,0.0,1000000.0,1000000.0,0.0,0.0,298285.0,440396.0,67.7310945291778,Category 3,105.0,120.8,944.0,2010-09-13,2010-09-21,8.5,Landfall,Category 2,23.3179,121.103,90.0,2010-09-13,0,0.016502859778690482,21.209999084472656,0.01891813131757547,0.23721063027971992,-0.1741838927548096,0.0,1.1970283779983435,-0.0021601833072778347
2010267N14285,Matthew (2010),2010.0,2010-0503-GTM,nat-met-sto-tro,GTM,Americas,0.0,0.0,0.0,0.0,0.0,0.0,0.0,0.0,0.0,67.7310945291778,Tropical Storm,50.0,57.5,998.0,2010-09-23,2010-09-26,3.2,Landfall,Tropical Storm,14.7,-83.3,50.0,2010-09-23,0,0.0004624960932075872,23.8700008392334,0.006082878165538652,0.20552457861013249,0.0181509628864458,-0.01985841544420186,1.178593855597107,0.005145941397461395
2010247N15266,Hermine (2010),2010.0,2010-0522-USA,nat-met-sto-tro,USA,Americas,0.0,8.0,0.0,0.0,0.0,0.0,0.0,240000.0,354342.0,67.7310945291778,Tropical Storm,60.0,69.0,989.0,2010-09-03,2010-09-10,6.2,Landfall,Tropical Depression,16.2,-95.2,30.0,2010-09-03,0,0.03771262994190283,21.309999465942383,0.04836470037181417,0.26934658759346136,-0.2081117492732043,-0.028378089368166992,1.2122412225824633,-0.0010873155966512373
2011020S13182,Wilma (2011),2011.0,2011-0091-TON,nat-met-sto-tro,TON,Oceania,86.0,3.0,0.0,7600.0,7600.0,0.0,0.0,3000.0,4294.0,69.869263508865,Category 4,115.0,132.3,937.0,2011-01-20,2011-01-30,10.8,At Sea / Open Water,At Sea / Open Water,0.0,0.0,0.0,2011-01-20,0,-0.003888565679986744,17.989999771118164,-0.003358290009638387,0.06959357946570413,1.7154686890090893,-0.015481962703933316,1.090396947656858,0.009855369202428174
2011250N20266,Nate (2011),2011.0,2011-0460-MEX,nat-met-sto-tro,MEX,Americas,0.0,10.0,0.0,0.0,0.0,0.0,0.0,0.0,0.0,69.869263508865,Category 1,65.0,74.8,994.0,2011-09-06,2011-09-12,5.2,Landfall,Tropical Storm,20.5,-97.0,40.0,2011-09-06,0,-0.036009047198214406,37.0,-0.043246596617875444,0.46497381342672645,0.14767067358161023,-0.05771617638799087,1.1344995687038077,0.0015707162047959794
2011253N20145,Roke (2011),2011.0,2011-0352-JPN,nat-met-sto-tro,JPN,Asia,0.0,13.0,308.0,0.0,308.0,1210000.0,1731806.0,1820000.0,2604865.0,69.869263508865,Category 4,115.0,132.3,937.0,2011-09-09,2011-09-24,15.0,Landfall,Category 1,34.85,137.825,75.0,2011-09-09,0,-0.04150809344577722,38.52000045776367,-0.053027664485484016,0.3814464624288671,-0.12436013707991334,-0.06851842170007416,1.1322585873629787,0.004399733745666261
2011245N27269,Lee (2011),2011.0,2011-0456-USA,nat-met-sto-tro,USA,Americas,0.0,15.0,0.0,600.0,600.0,560000.0,801497.0,750000.0,1073433.0,69.869263508865,Tropical Storm,50.0,57.5,986.0,2011-09-02,2011-09-06,4.8,Landfall,Tropical Storm,29.6,-92.1,40.0,2011-09-02,0,-0.0010169258324508323,33.91999816894531,-0.0025864071823396007,0.5307426869055957,0.24430996928007476,-0.0478397024232029,1.133818154519396,-0.008420051789116987
2011360N09088,Thane (2011),2011.0,2011-0566-IND,nat-met-sto-tro,IND,Asia,1350.0,47.0,0.0,0.0,250000.0,0.0,0.0,375625.0,537611.0,69.869263508865,Category 2,90.0,103.6,956.0,2011-12-25,2011-12-30,5.0,Landfall,Tropical Storm,11.5799,79.536,57.0,2011-12-27,2,0.051542158425848195,21.90999984741211,0.05412928949111917,0.278483520458752,-0.6735313271813523,-0.0002933407278729039,1.1406911630883205,0.005813175553894125
2012018S16041,Funso (2012),2012.0,2012-0005-MDG,nat-met-sto-tro,MDG,Africa,0.0,0.0,0.0,300.0,300.0,0.0,0.0,0.0,0.0,71.3150877335761,Category 4,115.0,132.3,937.0,2012-01-17,2012-02-01,15.2,At Sea / Open Water,At Sea / Open Water,0.0,0.0,0.0,2012-01-17,0,0.010310931908989573,22.200000762939453,0.023529155767461507,0.1797986413531064,-0.3150018681474419,-0.002795634528408031,1.1496436887074597,-0.005106152806387564
2012176N26272,Debby (2012),2012.0,2012-0176-USA,nat-met-sto-tro,USA,Americas,0.0,9.0,1.0,17000.0,17001.0,200000.0,280446.0,210000.0,294468.0,71.3150877335761,Tropical Storm,55.0,63.3,990.0,2012-06-23,2012-06-27,4.0,Landfall,Tropical Depression,29.4,-82.7,30.0,2012-06-25,2,-0.022916746577697045,20.3799991607666,-0.026540965652595117,0.22289487855859916,0.5224386999379713,-0.03942542763966761,1.0898846912456717,-0.0064281311385728165
2012201N15129,Vicente (2012),2012.0,2012-0259-CHN,nat-met-sto-tro,CHN,Asia,0.0,8.0,0.0,58500.0,58500.0,0.0,0.0,329000.0,461333.0,71.3150877335761,Category 4,115.0,132.3,937.0,2012-07-18,2012-07-25,6.8,Landfall,Category 3,22.0342,112.828,100.0,2012-07-18,0,0.02392672975525234,16.15999984741211,0.03174119980822909,0.21752935877970833,0.3367580059425552,-0.008396758434725649,1.1070120598188875,0.007158678875338352
2012225N16133,Kai-Tak (2012),2012.0,2012-0294-VNM,nat-met-sto-tro,VNM,Asia,0.0,17.0,14.0,59320.0,60479.0,0.0,0.0,6800.0,9535.0,71.3150877335761,Category 1,65.0,74.8,974.0,2012-08-11,2012-08-18,7.0,Landfall,Tropical Storm,18.3933,121.531,55.0,2012-08-13,2,0.008236386077828062,13.699999809265137,0.01216761081955342,0.16086608129343202,-0.11705336505547992,-0.002181223681124167,1.124497065222879,0.0023182048442751957
2012301N11087,Nilam (2012),2012.0,2012-0425-IND,nat-met-sto-tro,IND,Asia,0.0,40.0,0.0,70000.0,70000.0,0.0,0.0,0.0,0.0,71.3150877335761,Tropical Storm,50.0,57.5,985.0,2012-10-27,2012-11-01,5.5,Landfall,Tropical Storm,12.7,79.8,50.0,2012-10-31,4,-0.014364221630522311,18.600000381469727,-0.00545126554858999,0.11504464433677827,-0.2617634101827183,-0.024852978021962957,1.034813778630248,0.013577515695590445
2012263N15141,Jelawat (2012),2012.0,2012-0451-JPN,nat-met-sto-tro,JPN,Asia,0.0,2.0,180.0,18045.0,18225.0,0.0,0.0,27400.0,38421.0,71.3150877335761,Category 5,140.0,161.1,918.0,2012-09-19,2012-10-03,14.0,Landfall,Tropical Storm,33.45,135.8,60.0,2012-09-19,0,0.015998248509548896,13.880000114440918,0.015359996877782223,0.1265916517448519,0.09868171920855828,-0.0021181202838702617,1.1638273239695707,-0.00833644186978159
2012331N03157,Bopha (2012),2012.0,2012-0500-PLW,nat-met-sto-tro,PLW,Oceania,0.0,0.0,0.0,0.0,1250.0,0.0,0.0,0.0,0.0,71.3150877335761,Category 5,150.0,172.6,911.0,2012-11-25,2012-12-09,13.8,Landfall,Category 4,7.63461,126.575,132.0,2012-11-26,1,0.034318071058592414,15.5,0.035191318967559226,0.17596356702402569,-0.4570274178663043,-0.017632695706982005,1.0573789560626328,-0.004086356157651218
2013187N20156,Soulik (2013),2013.0,2013-0249-TWN,nat-met-sto-tro,TWN,Asia,0.0,3.0,54.0,0.0,54.0,0.0,0.0,43500.0,60116.0,72.3597374789251,Category 4,125.0,143.8,929.0,2013-07-06,2013-07-14,8.5,Landfall,Category 1,24.8148,121.461,78.0,2013-07-08,2,0.022004517597647766,14.779999732971191,0.018292612030664124,0.18041584479481812,-0.16965870229182056,-0.011509571329448964,1.108235093183565,-0.000983947694868259
2013238N19266,Fernand (2013),2013.0,2013-0335-MEX,nat-met-sto-tro,MEX,Americas,0.0,14.0,0.0,5000.0,5000.0,0.0,0.0,2000.0,2764.0,72.3597374789251,Tropical Storm,50.0,57.5,1001.0,2013-08-25,2013-08-26,1.2,Landfall,Tropical Storm,19.7,-96.6,45.0,2013-08-26,1,0.007464318858240393,14.989999771118164,0.006482089933121049,0.10917282055576327,0.267429519711325,-0.021512660695698127,1.1159387125624118,-0.004943802965657034
2013210N13122,Jebi (2013),2013.0,2013-0341-CHN,nat-met-sto-tro,CHN,Asia,0.0,0.0,0.0,5000.0,5000.0,0.0,0.0,20000.0,27640.0,72.3597374789251,Tropical Storm,60.0,69.0,978.0,2013-07-28,2013-08-03,5.8,Landfall,Tropical Depression,12.8151,121.396,0.0,2013-07-29,1,-0.005368794198056026,13.390000343322754,-0.013864837484063197,0.12442001045811527,0.4045362277508431,-0.013864837484063197,1.126038634878465,0.008893361863195297
2013257N15259,Manuel (2013),2013.0,2013-0358-MEX,nat-met-sto-tro,MEX,Americas,0.0,169.0,0.0,105000.0,105000.0,685000.0,946659.0,4200000.0,5804333.0,72.3597374789251,Category 1,65.0,74.8,983.0,2013-09-13,2013-09-19,6.2,Landfall,Tropical Storm,18.2,-103.2,60.0,2013-09-13,0,0.019814614666420205,14.15999984741211,0.030093677732163426,0.12826615524140947,-0.4384665838166253,-0.001296283947872734,1.1608361613737574,0.005677658315751998
2013281N12098,Phailin (2013),2013.0,2013-0401-IND,nat-met-sto-tro,IND,Asia,0.0,47.0,0.0,13230000.0,13230000.0,0.0,0.0,633471.0,875447.0,72.3597374789251,Category 5,140.0,161.1,918.0,2013-10-07,2013-10-14,6.8,Landfall,Category 3,19.5,84.85,100.0,2013-10-07,0,-0.0034521265816565005,19.40999984741211,-0.009911866871889718,0.12370100047301716,0.2009573868969401,-0.033465921929141884,1.1697865095227162,-0.0021078689040057892
2013255N19268,Ingrid (2013),2013.0,2013-0406-MEX,nat-met-sto-tro,MEX,Americas,0.0,23.0,0.0,50000.0,50000.0,230000.0,317856.0,1500000.0,2072976.0,72.3597374789251,Category 1,75.0,86.3,983.0,2013-09-12,2013-09-17,5.0,Landfall,Tropical Storm,23.7,-97.8,55.0,2013-09-12,0,0.018016265121713282,14.289999961853027,0.026737848621301907,0.1357450733670079,0.6946846440719643,-0.004106060806234324,1.1582847960965834,0.010337892846713378
2013243N26122,Toraji (2013),2013.0,2013-0413-JPN,nat-met-sto-tro,JPN,Asia,0.0,1.0,19.0,4317.0,4336.0,0.0,0.0,2000.0,2764.0,72.3597374789251,Tropical Storm,50.0,57.5,985.0,2013-08-31,2013-09-05,5.2,Landfall,Tropical Depression,25.14,121.688,0.0,2013-09-03,3,-0.009698720665267335,16.610000610351562,-0.015766980818357923,0.11485674967858957,0.4824000487195883,-0.031256322444096596,1.1132710261735153,0.009371148134061723
2013269N15118,Wutip (2013),2013.0,2013-0419-VNM,nat-met-sto-tro,VNM,Asia,0.0,31.0,330.0,1835255.0,1835585.0,0.0,0.0,663230.0,916573.0,72.3597374789251,Category 3,100.0,115.1,948.0,2013-09-25,2013-10-01,5.2,Landfall,Category 1,17.8267,105.833,75.0,2013-09-25,0,-0.018411457591685942,14.010000228881836,-0.012910576297587517,0.112053927184845,-0.3317074364391227,-0.01621761299811675,1.2206645033442918,-0.007211158635174551
2013272N10135,Fitow (2013),2013.0,2013-0429-JPN,nat-met-sto-tro,JPN,Asia,0.0,0.0,0.0,4392.0,4392.0,0.0,0.0,0.0,0.0,72.3597374789251,Category 2,90.0,103.6,956.0,2013-09-29,2013-10-07,8.0,Landfall,Tropical Storm,27.1133,120.287,55.0,2013-09-30,1,-0.011298771458907009,16.600000381469727,-0.008545062039316265,0.11718436680976452,0.00022800123388910798,-0.02378985695226432,1.2023710081423846,-0.005761129953668268
2018227N11145,Soulik (2018),2018.0,2018-0309-CHN,nat-met-sto-tro,CHN,Asia,0.0,0.0,0.0,0.0,0.0,0.0,0.0,79900.0,102439.0,77.9972651879547,Category 3,105.0,120.8,942.0,2018-08-15,2018-08-30,15.2,Landfall,Tropical Storm,34.55,126.25,50.0,2018-08-15,0,-0.012891484142609322,14.640000343322754,-0.016938102994726978,0.13582834835175592,3.284202984068111,-0.026651177817719973,1.2106281040822835,0.004379633162210187
2014275N06166,Vongfong (2014),2014.0,2014-0396-JPN,nat-met-sto-tro,JPN,Asia,0.0,9.0,94.0,1104.0,1198.0,0.0,0.0,100000.0,135992.0,73.5335770092672,Category 5,155.0,178.4,907.0,2014-10-01,2014-10-16,14.8,Landfall,Tropical Storm,31.375,130.35,50.0,2014-10-01,0,-0.026107445156661635,16.709999084472656,-0.02813997432953297,0.11292631747085176,1.369763588415132,-0.04282072756189026,1.0192261828973204,-0.009516779042985948
2014334N02156,Hagupit (2014),2014.0,2014-0479-PHL,nat-met-sto-tro,PHL,Asia,8139.0,18.0,916.0,4149484.0,4150400.0,0.0,0.0,113878.0,154865.0,73.5335770092672,Category 5,155.0,178.4,907.0,2014-11-30,2014-12-12,12.2,Landfall,Category 3,11.9,125.325,100.0,2014-12-01,1,-0.004451277123523556,14.15999984741211,-0.017488662593078907,0.08889417897013736,1.2153377010759563,-0.022956880791418666,1.1709702232410992,0.0031727976917586068
2015171N15112,Kujira (2015),2015.0,2015-0252-VNM,nat-met-sto-tro,VNM,Asia,0.0,7.0,0.0,0.0,115.0,0.0,0.0,0.0,0.0,73.6208029365864,Tropical Storm,50.0,57.5,985.0,2015-06-19,2015-06-25,5.2,Landfall,Tropical Storm,18.9,110.35,40.0,2015-06-19,0,0.008692006186345358,13.960000038146973,0.00029768883700120874,0.10790783916707243,0.14110240662623563,-0.01587582074704552,1.0323229417788462,-0.00681783302435576
2015066S08170,Pam (2015),2015.0,2015-0093-PNG,nat-met-sto-tro,PNG,Oceania,0.0,0.0,0.0,9199.0,9199.0,0.0,0.0,0.0,0.0,73.6208029365864,Category 5,150.0,172.6,911.0,2015-03-07,2015-03-20,12.8,At Sea / Open Water,At Sea / Open Water,0.0,0.0,0.0,2015-03-09,2,-0.017123544913469013,15.0600004196167,-0.01775217796748807,0.10213326134469337,-0.28658208920352324,-0.020116983364279584,0.9899979889690976,-0.000694315381212729
2015066S08170,Pam (2015),2015.0,2015-0093-SLB,nat-met-sto-tro,SLB,Oceania,0.0,0.0,0.0,44096.0,44096.0,0.0,0.0,0.0,0.0,73.6208029365864,Category 5,150.0,172.6,911.0,2015-03-07,2015-03-20,12.8,At Sea / Open Water,At Sea / Open Water,0.0,0.0,0.0,2015-03-09,2,-0.017123544913469013,15.0600004196167,-0.01775217796748807,0.10213326134469337,-0.28658208920352324,-0.020116983364279584,0.9899979889690976,-0.000694315381212729
2015085N06162,Maysak (2015),2015.0,2015-0105-CHN,nat-met-sto-tro,CHN,Asia,0.0,6.0,0.0,12000.0,12000.0,0.0,0.0,209000.0,283887.0,73.6208029365864,Category 5,150.0,172.6,911.0,2015-03-25,2015-04-07,12.2,Landfall,Tropical Depression,16.7863,121.977,25.0,2015-03-25,0,-0.01796785820711133,15.4399995803833,-0.029678098791386942,0.15863379450807583,-0.5492506047532357,-0.03921050743881971,1.0542989809784322,-0.0013143699246557367
2015068S14113,Olwyn (2015),2015.0,2015-0135-AUS,nat-met-sto-tro,AUS,Oceania,0.0,0.0,0.0,600.0,600.0,49000.0,66557.0,57000.0,77424.0,73.6208029365864,Category 2,90.0,103.6,956.0,2015-03-08,2015-03-14,6.1,Landfall,Category 1,-26.145,113.895,65.0,2015-03-09,1,-0.017123544913469013,15.0600004196167,-0.01775217796748807,0.10213326134469337,-0.28658208920352324,-0.020116983364279584,0.9899979889690976,-0.000694315381212729
2015211N13162,Soudelor (2015),2015.0,2015-0339-MNP,nat-met-sto-tro,MNP,Oceania,0.0,0.0,10.0,350.0,360.0,0.0,0.0,0.0,0.0,73.6208029365864,Category 5,155.0,178.4,907.0,2015-07-29,2015-08-12,13.5,Landfall,Category 2,23.9,120.9,95.0,2015-07-29,0,-0.002838811346240422,12.5,0.004066503461998883,0.1482671977902127,0.7390981825888836,-0.01128481531317338,1.037473648761973,0.0017887225118008569
2015237N14315,Erika (2015),2015.0,2015-0375-HTI,nat-met-sto-tro,HTI,Americas,0.0,5.0,3.0,0.0,1969.0,0.0,0.0,0.0,0.0,73.6208029365864,Tropical Storm,45.0,51.8,1001.0,2015-08-24,2015-08-28,3.8,At Sea / Open Water,At Sea / Open Water,0.0,0.0,0.0,2015-08-24,0,-0.10014723751926946,40.7400016784668,-0.09185711941600971,0.21891892116140513,10.817269648903938,-0.09335035484901655,0.9786938830866401,-0.008747453128299915
2015263N14148,Dujuan (2015),2015.0,2015-0458-JPN,nat-met-sto-tro,JPN,Asia,0.0,0.0,0.0,0.0,0.0,0.0,0.0,0.0,0.0,73.6208029365864,Category 4,130.0,149.6,926.0,2015-09-19,2015-09-30,10.5,Landfall,Category 3,24.125,121.05,100.0,2015-09-21,2,0.007506676979835092,20.13999938964844,0.0026564203362209327,0.28864850214563037,0.20959120055944713,-0.02158942002356179,0.9700759984305434,-0.0028850399412541014
2015301N11065,Chapala (2015),2015.0,2015-0484-SOM,nat-met-sto-tro,SOM,Africa,0.0,0.0,0.0,4000.0,4000.0,0.0,0.0,0.0,0.0,73.6208029365864,Category 4,130.0,149.6,926.0,2015-10-27,2015-11-04,7.5,Landfall,Tropical Storm,14.1,48.4,60.0,2015-10-27,0,0.01718280489631585,15.43000030517578,0.01831201722161957,0.18100606678039072,0.2800692903921447,-0.01317252155616544,0.9706726328527866,-0.0021334639897057014
2016041S14170,Winston (2016),2016.0,2016-0041-TON,nat-met-sto-tro,TON,Oceania,0.0,0.0,0.0,0.0,0.0,0.0,0.0,0.0,0.0,74.5496029864344,Category 5,155.0,178.4,907.0,2016-02-09,2016-02-28,18.8,Landfall,Category 5,-17.4667,177.804,147.0,2016-02-09,0,-0.024873356523503642,26.540000915527344,0.021485462092746488,0.22797170673087983,0.00557416518371201,-0.011876539893053373,0.9147558472139296,-0.006102623850004138
2016138N10081,Roanu (2016),2016.0,2016-0175-BGD,nat-met-sto-tro,BGD,Asia,0.0,28.0,0.0,1083855.0,1203555.0,0.0,0.0,600000.0,804833.0,74.5496029864344,Tropical Storm,60.0,69.0,978.0,2016-05-17,2016-05-22,5.0,Landfall,Tropical Storm,23.0,92.0,40.0,2016-05-17,0,-0.01727030855879208,15.56999969482422,-0.015619210670891448,0.13082034730954367,-0.21044376664375197,-0.027699743581387826,0.9565322876381034,-0.01338070626760883
2016266N11144,Megi (2016),2016.0,2016-0350-TWN,nat-met-sto-tro,TWN,Asia,0.0,7.0,160.0,0.0,160.0,0.0,0.0,110000.0,147553.0,74.5496029864344,Category 4,120.0,138.1,933.0,2016-09-22,2016-09-29,7.8,Landfall,Category 2,23.8963,121.035,90.0,2016-09-22,0,0.013921332427239363,12.020000457763672,0.017026297538851543,0.1493398070540415,-0.3703830530097022,-0.01189369930039097,1.1402187662544314,0.009680279550126592
2016228N22117,Dianmu (2016),2016.0,2016-0379-CHN,nat-met-sto-tro,CHN,Asia,0.0,0.0,0.0,40000.0,40000.0,0.0,0.0,0.0,0.0,74.5496029864344,Tropical Storm,45.0,51.8,989.0,2016-08-15,2016-08-20,4.8,Landfall,Tropical Depression,20.6784,110.11,27.0,2016-08-15,0,0.004769267560806423,11.8100004196167,0.009590648411668123,0.08466559577197999,0.4280639725076827,0.0,1.1318681639400197,0.0032324822749095292
2023140N05149,Mawar (2023),2023.0,2023-0300-PHL,nat-met-sto-tro,PHL,Asia,0.0,1.0,1.0,30500.0,30501.0,0.0,0.0,0.0,0.0,94.6446220103845,Category 5,159.0,183.0,897.0,2023-05-20,2023-06-03,14.2,At Sea / Open Water,At Sea / Open Water,0.0,0.0,0.0,2023-05-22,2,0.013994856779278475,17.209999084472656,0.00808404895738124,0.17490786726608634,0.07173686207550745,-0.007758127605817733,0.9853985139884198,-0.019008261388644324
2016323N13279,Otto (2016),2016.0,2016-0433-NIC,nat-met-sto-tro,NIC,Americas,0.0,0.0,0.0,10570.0,10570.0,0.0,0.0,0.0,0.0,74.5496029864344,Category 3,100.0,115.1,975.0,2016-11-17,2016-11-26,8.8,Landfall,Category 3,11.0,-83.8,100.0,2016-11-17,0,0.009543159820688984,13.350000381469728,0.006235613875987811,0.15162110242534727,-0.7503510493007868,-0.0035752673743635333,1.0779975426437634,0.010214312282901693
2017253N14130,Doksuri (2017),2017.0,2017-0406-PHL,nat-met-sto-tro,PHL,Asia,0.0,26.0,0.0,7465.0,9110.0,0.0,0.0,5300.0,6961.0,76.1376037057766,Category 2,95.0,109.3,960.0,2017-09-10,2017-09-16,6.2,Landfall,Tropical Depression,14.4994,121.278,30.0,2017-09-11,1,0.005527694612103895,10.729999542236328,0.0049625781184934326,0.11267074224448649,-0.4479619911873617,0.0,0.9960045703753067,0.011002591660549127
2017082S14152,Debbie (2017),2017.0,2017-0105-AUS,nat-met-sto-tro,AUS,Oceania,0.0,12.0,0.0,45000.0,45000.0,1400000.0,1838776.0,2700000.0,3546211.0,76.1376037057766,Category 4,115.0,132.3,937.0,2017-03-23,2017-04-01,8.8,Landfall,Category 1,-20.375,148.45,80.0,2017-03-23,0,-0.014390610740387721,13.119999885559082,-0.009537182733789007,0.11793154198456447,-0.2451810293660439,-0.029503487853788646,1.2067710766596753,-0.0019162532844800122
2017147N14087,Mora (2017),2017.0,2017-0152-MMR,nat-met-sto-tro,MMR,Asia,0.0,0.0,0.0,107520.0,107520.0,0.0,0.0,0.0,0.0,76.1376037057766,Category 1,80.0,92.1,963.0,2017-05-27,2017-05-30,3.5,Landfall,Category 1,21.8988,91.9716,67.0,2017-05-30,3,0.008266338907300108,10.380000114440918,0.010799488353775422,0.10204162779096851,-0.06358550305862098,-0.0002963767430570474,1.2280772658627006,-0.006915592360182235
2017236N15129,Pakhar (2017),2017.0,2017-0485-MAC,nat-met-sto-tro,MAC,Asia,0.0,0.0,0.0,0.0,0.0,0.0,0.0,0.0,0.0,76.1376037057766,Tropical Storm,60.0,69.0,983.0,2017-08-24,2017-08-28,4.0,Landfall,Tropical Storm,16.3866,121.754,40.0,2017-08-24,0,0.003702465763476326,12.229999542236328,-0.003559186390066138,0.10882235692368569,-0.26460589623079633,-0.02468042975639373,0.9852983642350899,0.004919258929383613
2017232N19130,Hato (2017),2017.0,2017-0352-CHN,nat-met-sto-tro,CHN,Asia,0.0,8.0,373.0,0.0,22273.0,250000.0,328353.0,3500000.0,4596940.0,76.1376037057766,Category 3,100.0,115.1,948.0,2017-08-19,2017-08-25,5.5,Landfall,Category 2,22.175,112.85,85.0,2017-08-21,2,-0.014764198245264426,13.1899995803833,-0.01910441834408827,0.09575205680606425,0.11471508329716062,-0.023519053096952902,0.9547267894711183,-0.003590878616076343
2017228N14314,Harvey (2017),2017.0,2017-0362-USA,nat-met-sto-tro,USA,Americas,0.0,88.0,24.0,555000.0,582024.0,30000000.0,39402343.0,95000000.0,124774087.0,76.1376037057766,Category 4,115.0,132.3,937.0,2017-08-16,2017-09-02,17.2,Landfall,Tropical Depression,18.6,-87.8,25.0,2017-08-16,0,-0.0012537696700782863,11.739999771118164,-0.001164266339071629,0.07521285421466586,-0.04480601369896886,-0.004353186654984187,0.9200932984322877,-0.008913816710414371
2017242N16333,Irma (2017),2017.0,2017-0381-AIA,nat-met-sto-tro,AIA,Americas,0.0,4.0,0.0,15000.0,15000.0,6700.0,8800.0,200000.0,262682.0,76.1376037057766,Category 5,155.0,178.4,914.0,2017-08-30,2017-09-13,14.5,Landfall,Category 3,25.9,-81.7,100.0,2017-08-30,0,0.00592896952370392,11.220000267028809,0.012464568454542801,0.11294292425937948,-0.22253845825447194,-0.009436805441739304,0.9875921418724127,-0.006236846354455276
2017242N16333,Irma (2017),2017.0,2017-0381-CUB,nat-met-sto-tro,CUB,Americas,0.0,10.0,0.0,10000000.0,10000000.0,200000.0,262682.0,540000.0,709242.0,76.1376037057766,Category 5,155.0,178.4,914.0,2017-08-30,2017-09-13,14.5,Landfall,Category 3,25.9,-81.7,100.0,2017-08-30,0,0.00592896952370392,11.220000267028809,0.012464568454542801,0.11294292425937948,-0.22253845825447194,-0.009436805441739304,0.9875921418724127,-0.006236846354455276
2017242N16333,Irma (2017),2017.0,2017-0381-SXM,nat-met-sto-tro,SXM,Americas,0.0,4.0,40.0,5000.0,5040.0,500000.0,656706.0,2500000.0,3283529.0,76.1376037057766,Category 5,155.0,178.4,914.0,2017-08-30,2017-09-13,14.5,Landfall,Category 3,25.9,-81.7,100.0,2017-08-30,0,0.00592896952370392,11.220000267028809,0.012464568454542801,0.11294292425937948,-0.22253845825447194,-0.009436805441739304,0.9875921418724127,-0.006236846354455276
2017260N12310,Maria (2017),2017.0,2017-0383-DOM,nat-met-sto-tro,DOM,Americas,0.0,5.0,0.0,26000.0,26000.0,0.0,0.0,63000.0,82745.0,76.1376037057766,Category 5,150.0,172.6,908.0,2017-09-16,2017-10-02,16.0,Landfall,Category 4,18.0,-65.9,135.0,2017-09-18,2,0.007019417295161201,10.149999618530272,0.017993963367901156,0.08404590178304167,-0.23257469771160189,0.0,0.9899371444981337,0.017032613279769737
2017249N22263,Katia (2017),2017.0,2017-0392-MEX,nat-met-sto-tro,MEX,Americas,0.0,3.0,0.0,1110.0,1110.0,0.0,0.0,0.0,0.0,76.1376037057766,Category 2,90.0,103.6,972.0,2017-09-05,2017-09-09,4.0,Landfall,Category 1,20.6,-97.1,65.0,2017-09-05,0,0.006092180599663433,12.229999542236328,0.0054845726536656425,0.11723522360509077,1.6722062941725562,-0.012520159211580673,1.0018568330252229,0.0038049927455375623
2017253N14130,Doksuri (2017),2017.0,2017-0406-THA,nat-met-sto-tro,THA,Asia,0.0,0.0,0.0,28500.0,28500.0,0.0,0.0,0.0,0.0,76.1376037057766,Category 2,95.0,109.3,960.0,2017-09-10,2017-09-16,6.2,Landfall,Tropical Depression,14.4994,121.278,30.0,2017-09-11,1,0.005527694612103895,10.729999542236328,0.0049625781184934326,0.11267074224448649,-0.4479619911873617,0.0,0.9960045703753067,0.011002591660549127
2017236N15129,Pakhar (2017),2017.0,2017-0485-PHL,nat-met-sto-tro,PHL,Asia,0.0,0.0,0.0,3400.0,3400.0,0.0,0.0,0.0,0.0,76.1376037057766,Tropical Storm,60.0,69.0,983.0,2017-08-24,2017-08-28,4.0,Landfall,Tropical Storm,16.3866,121.754,40.0,2017-08-24,0,0.003702465763476326,12.229999542236328,-0.003559186390066138,0.10882235692368569,-0.26460589623079633,-0.02468042975639373,0.9852983642350899,0.004919258929383613
2017333N06082,Ockhi (2017),2017.0,2017-0508-IND,nat-met-sto-tro,IND,Asia,0.0,884.0,0.0,60000.0,60000.0,0.0,0.0,0.0,0.0,76.1376037057766,Category 3,100.0,115.1,948.0,2017-11-28,2017-12-05,7.0,Landfall,Tropical Depression,6.1,80.6667,30.0,2017-11-28,0,0.017692829303877833,10.029999732971191,0.02541651507121312,0.09540177149137434,0.5519219205328647,0.0,1.035392729050837,0.011959085835749764
2018010S10069,Berguitta (2018),2018.0,2018-0029-MUS,nat-met-sto-tro,MUS,Africa,0.0,0.0,0.0,30000.0,30000.0,0.0,0.0,0.0,0.0,77.9972651879547,Category 3,105.0,120.8,950.0,2018-01-10,2018-01-24,14.2,At Sea / Open Water,At Sea / Open Water,0.0,0.0,0.0,2018-01-10,0,0.013495136334922941,9.81999969482422,0.024826913140823192,0.05790039456125453,-0.35722941338474246,-0.0001277043353381524,1.172383668042411,-0.008337449381076781
2018146N19273,Alberto (2018),2018.0,2018-0170-CUB,nat-met-sto-tro,CUB,Americas,0.0,9.0,0.0,40000.0,40000.0,0.0,0.0,0.0,0.0,77.9972651879547,Tropical Storm,55.0,63.3,990.0,2018-05-25,2018-05-31,6.0,Landfall,Tropical Storm,30.3,-86.0,40.0,2018-05-25,0,0.00302207963306822,13.220000267028809,0.004779328688925943,0.12094525954234929,0.08404495583263172,-0.010199883333770088,1.008657167292265,-0.01732650934128137
2018199N18128,Ampil (2018),2018.0,2018-0287-CHN,nat-met-sto-tro,CHN,Asia,0.0,1.0,0.0,18000.0,18000.0,0.0,0.0,240000.0,307703.0,77.9972651879547,Tropical Storm,55.0,63.3,982.0,2018-07-17,2018-07-26,8.8,Landfall,Tropical Storm,31.825,121.825,55.0,2018-07-17,0,0.005629510345311228,12.0600004196167,0.0001352493340389671,0.15123744214396292,-0.25853204323711587,-0.00013568546690456706,1.1918643672271045,0.0026144762029930305
2018221N17112,Bebinca (2018),2018.0,2018-0305-CHN,nat-met-sto-tro,CHN,Asia,0.0,2.0,0.0,0.0,300.0,0.0,0.0,188000.0,241034.0,77.9972651879547,Tropical Storm,60.0,69.0,979.0,2018-08-09,2018-08-17,8.8,Landfall,Tropical Depression,21.6512,112.222,20.0,2018-08-09,0,0.009490562807761949,11.270000457763672,-0.0005280876853310801,0.13363802969322616,0.21026784062742787,-0.015340623789933727,1.2391836333200767,0.00544639399542962
2018239N11161,Jebi (2018),2018.0,2018-0326-JPN,nat-met-sto-tro,JPN,Asia,0.0,17.0,600.0,3300.0,3900.0,9000000.0,11538866.0,12500000.0,16026203.0,77.9972651879547,Category 5,155.0,178.4,907.0,2018-08-26,2018-09-07,11.5,Landfall,Category 2,33.7833,134.593,90.0,2018-08-27,1,0.014387155024826015,12.15999984741211,0.011719961405301182,0.13976159138623778,0.18547692158314422,0.0,1.239203856461785,-0.008494492400696661
2018362S13147,Penny (2019),2019.0,2018-0469-MHL,nat-met-sto-tro,MHL,Oceania,0.0,0.0,0.0,0.0,0.0,0.0,0.0,0.0,0.0,79.4107846043372,Tropical Storm,55.0,63.3,987.0,2018-12-28,2019-01-09,12.5,Landfall,Tropical Depression,-13.2863,143.334,25.0,2018-12-28,0,0.008199975705832419,28.34000015258789,0.005074986085504607,0.30595330476327515,-0.38089218550052706,-0.12559299498390286,0.9850040206845437,0.003591748805176355
2018279N11069,Luban (2018),2018.0,2018-0394-OMN,nat-met-sto-tro,OMN,Asia,0.0,0.0,0.0,0.0,0.0,0.0,0.0,0.0,0.0,77.9972651879547,Category 2,85.0,97.8,959.0,2018-10-05,2018-10-15,9.2,Landfall,Tropical Storm,15.85,52.15,35.0,2018-10-05,0,-0.00997571812010345,14.81999969482422,0.0067601621792736655,0.092316620023289,0.8773689930288653,-0.013375265950900328,1.0293773817339722,-0.021274877539603804
2018271N06154,Kong-Rey (2018),2018.0,2018-0424-JPN,nat-met-sto-tro,JPN,Asia,0.0,3.0,0.0,4200.0,4200.0,0.0,0.0,0.0,0.0,77.9972651879547,Category 5,150.0,172.6,906.0,2018-09-27,2018-10-07,10.0,Landfall,Tropical Storm,34.775,128.25,60.0,2018-09-27,0,-0.005361752767640282,12.40999984741211,-0.013033618495918775,0.09184825838248534,-0.2583697424761705,-0.019375094406402393,1.1262662411635762,0.01618751035131353
2020015S12170,Tino (2020),2020.0,2020-0015-TUV,nat-met-sto-tro,TUV,Oceania,0.0,0.0,0.0,5500.0,5500.0,0.0,0.0,0.0,0.0,80.3903830082114,Category 2,85.0,97.8,955.0,2020-01-15,2020-01-20,5.5,At Sea / Open Water,At Sea / Open Water,0.0,0.0,0.0,2020-01-15,0,0.011527426588770817,12.420000076293944,0.006988687435041552,0.0916530012323238,0.12519550090375264,0.0,1.1683813890405361,-0.008139493081541025
2019112S10053,Kenneth (2019),2019.0,2019-0165-TZA,nat-met-sto-tro,TZA,Africa,0.0,0.0,0.0,2000000.0,2000000.0,0.0,0.0,0.0,0.0,79.4107846043372,Category 4,125.0,143.8,934.0,2019-04-21,2019-04-28,6.5,Landfall,Category 3,-12.1612,40.4524,97.0,2019-04-22,1,0.0003789024494165183,12.420000076293944,0.01022278802886345,0.12252957111875612,-0.42034523181000616,-0.003064231963443298,1.0649405906570772,-0.017947484962383513
2021222N14301,Fred (2021),2021.0,2021-0510-HTI,nat-met-sto-tro,HTI,Americas,0.0,0.0,0.0,0.0,0.0,0.0,0.0,0.0,0.0,84.1669829572524,Tropical Storm,55.0,63.3,991.0,2021-08-09,2021-08-20,10.5,Landfall,Tropical Storm,18.4,-70.1,40.0,2021-08-09,0,0.01037501204145208,16.719999313354492,0.00467624198149541,0.16604332359542315,-0.530959781482528,-0.008269922889957648,1.1769262333314698,0.00873913039559515
2019195N13136,Danas (2019),2019.0,2019-0349-PHL,nat-met-sto-tro,PHL,Asia,0.0,4.0,0.0,2000.0,2000.0,0.0,0.0,377440.0,475301.0,79.4107846043372,Tropical Storm,45.0,51.8,984.0,2019-07-14,2019-07-23,9.2,Landfall,Tropical Depression,36.0031,126.732,22.0,2019-07-15,1,0.013240163708826413,12.68000030517578,0.015610642186351553,0.131124551070528,-0.2628520339740724,-0.0040819828434993655,1.102483122547031,0.0032743196716915716
2019236N08143,Podul (2019),2019.0,2019-0434-PHL,nat-met-sto-tro,PHL,Asia,0.0,2.0,2.0,61500.0,61502.0,0.0,0.0,0.0,0.0,79.4107846043372,Tropical Storm,40.0,46.0,993.0,2019-08-24,2019-08-31,6.8,Landfall,Tropical Depression,16.275,120.425,25.0,2019-08-26,2,-0.014812027032495623,19.31999969482422,-0.017866874815003375,0.23918461229564547,2.295833822321324,-0.06404076422621396,0.9989389714229967,0.00502271264911856
2019260N20129,Tapah (2019),2019.0,2019-0443-KOR,nat-met-sto-tro,KOR,Asia,0.0,2.0,0.0,83370.0,83370.0,0.0,0.0,0.0,0.0,79.4107846043372,Category 1,65.0,74.8,967.0,2019-09-17,2019-09-23,6.5,At Sea / Open Water,At Sea / Open Water,0.0,0.0,0.0,2019-09-17,0,0.009358483686652486,14.4399995803833,0.01407711035139858,0.1652942050973178,-0.34130531020089805,-0.0013865782537934024,1.0095953567667975,-0.007968157259044036
2019272N14261,Narda (2019),2019.0,2019-0450-MEX,nat-met-sto-tro,MEX,Americas,0.0,2.0,0.0,1000.0,1000.0,0.0,0.0,0.0,0.0,79.4107846043372,Tropical Storm,45.0,51.8,997.0,2019-09-28,2019-10-01,2.8,Landfall,Tropical Storm,18.0,-102.0,40.0,2019-09-30,2,-0.004828648363179755,16.239999771118164,-0.00038645693115146873,0.11544802924036035,-0.5699442490898163,-0.01649125679104424,1.022990089225328,-0.018196113228252275
2019278N16165,Hagibis (2019),2019.0,2019-0492-JPN,nat-met-sto-tro,JPN,Asia,0.0,99.0,470.0,390000.0,390470.0,10000000.0,12592748.0,17000000.0,21407672.0,79.4107846043372,Category 5,160.0,184.1,890.0,2019-10-04,2019-10-14,10.2,Landfall,Category 1,35.575,139.425,75.0,2019-10-04,0,-0.0035546551289766803,17.040000915527344,-0.024638935565915898,0.1385924432129347,-0.10277796790816374,-0.04208320394553633,1.0406200974846487,0.008915498313309365
2019329N09160,Kammuri (2019),2019.0,2019-0573-PHL,nat-met-sto-tro,PHL,Asia,0.0,4.0,318.0,2305075.0,2647558.0,0.0,0.0,109151.0,137451.0,79.4107846043372,Category 4,120.0,138.1,938.0,2019-11-24,2019-12-06,12.0,Landfall,Category 4,13.0068,124.094,117.0,2019-11-25,1,0.004326384247790527,11.869999885559082,0.003170818981387047,0.10989283050454973,0.7951322420596163,-0.0006076388172590041,1.1704240608522518,-0.015516200344626079
2023037S12119,Freddy (2023),2023.0,2023-0095-MOZ,nat-met-sto-tro,MOZ,Africa,0.0,183.0,698.0,1230691.0,1231389.0,0.0,0.0,0.0,0.0,94.6446220103845,Category 5,138.0,158.8,924.0,2023-02-06,2023-02-24,18.0,Landfall,Category 2,-21.1,48.3,89.0,2023-02-06,0,0.023066069229040975,19.43000030517578,0.024463245430978775,0.1619242094051541,0.020183139621591017,-0.007640938571884082,0.8079271738346396,-0.0013329358926648252
2020015S12170,Tino (2020),2020.0,2020-0015-FJI,nat-met-sto-tro,FJI,Oceania,0.0,2.0,0.0,3115.0,3115.0,0.0,0.0,0.0,0.0,80.3903830082114,Category 2,85.0,97.8,955.0,2020-01-15,2020-01-20,5.5,At Sea / Open Water,At Sea / Open Water,0.0,0.0,0.0,2020-01-15,0,0.011527426588770817,12.420000076293944,0.006988687435041552,0.0916530012323238,0.12519550090375264,0.0,1.1683813890405361,-0.008139493081541025
2020154N19269,Cristobal (2020),2020.0,2020-0219-MEX,nat-met-sto-tro,MEX,Americas,0.0,0.0,0.0,606.0,606.0,0.0,0.0,0.0,0.0,80.3903830082114,Tropical Storm,50.0,57.5,982.0,2020-06-01,2020-06-12,10.5,Landfall,Tropical Storm,18.5797,-91.9762,48.0,2020-06-01,0,0.034219927469697264,28.229999542236328,0.06234343528251274,0.36925538503194194,0.8162800506115564,-0.013383689547573296,1.120290147096179,0.060175615596676654
2020213N15131,Hagupit (2020),2020.0,2020-0308-KOR,nat-met-sto-tro,KOR,Asia,0.0,26.0,7.0,1000.0,1007.0,0.0,0.0,0.0,0.0,80.3903830082114,Category 1,75.0,86.3,971.0,2020-07-30,2020-08-12,12.5,Landfall,Tropical Storm,28.2375,120.864,62.0,2020-07-30,0,0.0030966143894732845,24.760000228881836,-0.005799485809041771,0.2053404924212645,0.20969753250198986,-0.010037218574264872,1.3661514603822449,-0.017758144470910966
2020213N15131,Hagupit (2020),2020.0,2020-0308-TWN,nat-met-sto-tro,TWN,Asia,0.0,1.0,1.0,0.0,1.0,0.0,0.0,0.0,0.0,80.3903830082114,Category 1,75.0,86.3,971.0,2020-07-30,2020-08-12,12.5,Landfall,Tropical Storm,28.2375,120.864,62.0,2020-07-30,0,0.0030966143894732845,24.760000228881836,-0.005799485809041771,0.2053404924212645,0.20969753250198986,-0.010037218574264872,1.3661514603822449,-0.017758144470910966
2020281N14126,Linfa (2020),2020.0,2020-0411-THA,nat-met-sto-tro,THA,Asia,0.0,6.0,0.0,274923.0,274923.0,0.0,0.0,0.0,0.0,80.3903830082114,Tropical Storm,40.0,46.0,999.0,2020-10-06,2020-10-12,5.5,Landfall,Tropical Depression,13.8,124.257,0.0,2020-10-06,0,0.007702249721075027,29.479999542236328,0.009328595949526175,0.22057948667584287,0.30668535243434025,-0.01841638355539288,0.8038074326661776,-0.006055119186652851
2020285N17120,Nangka (2020),2020.0,2020-0425-CHN,nat-met-sto-tro,CHN,Asia,0.0,6.0,0.0,0.0,0.0,0.0,0.0,14000.0,17415.0,80.3903830082114,Tropical Storm,50.0,57.5,989.0,2020-10-11,2020-10-14,3.6,Landfall,Tropical Storm,19.075,110.475,50.0,2020-10-12,1,0.03729113426762898,25.06999969482422,0.02929235255992091,0.21531142738984954,-0.02463742005224756,0.0,0.766156782310714,0.015506573386844337
2020285N17120,Nangka (2020),2020.0,2020-0425-VNM,nat-met-sto-tro,VNM,Asia,0.0,2.0,0.0,67855.0,70780.0,0.0,0.0,0.0,0.0,80.3903830082114,Tropical Storm,50.0,57.5,989.0,2020-10-11,2020-10-14,3.6,Landfall,Tropical Storm,19.075,110.475,50.0,2020-10-12,1,0.03729113426762898,25.06999969482422,0.02929235255992091,0.21531142738984954,-0.02463742005224756,0.0,0.766156782310714,0.015506573386844337
2020258N11127,Noul (2020),2020.0,2020-0462-KHM,nat-met-sto-tro,KHM,Asia,0.0,0.0,0.0,0.0,0.0,0.0,0.0,0.0,0.0,80.3903830082114,Tropical Storm,50.0,57.5,990.0,2020-09-14,2020-09-19,5.0,Landfall,Tropical Depression,12.5451,124.595,10.0,2020-09-14,0,-0.011997887317812594,25.850000381469727,0.01053443618325578,0.19829654316220208,-0.554288936964923,-0.015519388633689846,0.9055014403612981,-0.004482074934835333
2020299N11144,Goni (2020),2020.0,2020-0463-PHL,nat-met-sto-tro,PHL,Asia,0.0,31.0,399.0,3355995.0,3356394.0,0.0,0.0,503294.0,626062.0,80.3903830082114,Category 5,170.0,195.6,884.0,2020-10-25,2020-11-06,12.0,Landfall,Category 5,13.5767,124.313,150.0,2020-10-26,1,-0.0076606943553768625,32.459999084472656,-0.01799226823399558,0.1805033131188787,0.25335834017114056,-0.030147027135187354,0.8176864223869151,0.00672570291792687
2020306N15288,Eta (2020),2020.0,2020-0474-CRI,nat-met-sto-tro,CRI,Americas,0.0,0.0,0.0,25000.0,25000.0,0.0,0.0,0.0,0.0,80.3903830082114,Category 4,130.0,149.6,922.0,2020-10-31,2020-11-14,13.2,Landfall,Category 4,13.8,-83.5,120.0,2020-11-02,2,-0.027078157723650742,37.130001068115234,-0.01541573899595372,0.24391596381651437,0.32494107964535557,-0.04509802742932101,0.8621857609819787,0.015834384258742853
2020306N15288,Eta (2020),2020.0,2020-0474-GTM,nat-met-sto-tro,GTM,Americas,0.0,160.0,30.0,2415858.0,2415888.0,0.0,0.0,386000.0,480157.0,80.3903830082114,Category 4,130.0,149.6,922.0,2020-10-31,2020-11-14,13.2,Landfall,Category 4,13.8,-83.5,120.0,2020-11-02,2,-0.027078157723650742,37.130001068115234,-0.01541573899595372,0.24391596381651437,0.32494107964535557,-0.04509802742932101,0.8621857609819787,0.015834384258742853
2020306N15288,Eta (2020),2020.0,2020-0474-HND,nat-met-sto-tro,HND,Americas,0.0,110.0,0.0,4566584.0,4566584.0,0.0,0.0,0.0,0.0,80.3903830082114,Category 4,130.0,149.6,922.0,2020-10-31,2020-11-14,13.2,Landfall,Category 4,13.8,-83.5,120.0,2020-11-02,2,-0.027078157723650742,37.130001068115234,-0.01541573899595372,0.24391596381651437,0.32494107964535557,-0.04509802742932101,0.8621857609819787,0.015834384258742853
2020326N11063,Gati (2020),2020.0,2020-0487-SOM,nat-met-sto-tro,SOM,Africa,0.0,9.0,0.0,120000.0,120000.0,0.0,0.0,0.0,0.0,80.3903830082114,Category 3,100.0,115.1,967.0,2020-11-20,2020-11-24,4.0,Landfall,Category 1,10.385,51.0137,77.0,2020-11-20,0,-0.007735127240363737,23.700000762939453,0.010494635772381189,0.310924016959507,-0.2146505463244327,-0.013545414067982153,0.8924984439273027,-0.0010953146979153193
2020318N16289,Iota (2020),2020.0,2020-0495-SLV,nat-met-sto-tro,SLV,Americas,0.0,1.0,0.0,0.0,0.0,0.0,0.0,0.0,0.0,80.3903830082114,Category 4,135.0,155.4,917.0,2020-11-12,2020-11-18,6.0,Landfall,Category 4,13.6,-83.5,125.0,2020-11-12,0,0.008480181888621097,25.350000381469727,0.03248844656641192,0.2975142008425351,-0.11373187601259938,-0.019745312452799646,0.8668306287796348,0.031096770465201824
2021012S12086,Eloise (2021),2021.0,2021-0036-ZAF,nat-met-sto-tro,ZAF,Africa,0.0,4.0,0.0,3200.0,3200.0,0.0,0.0,0.0,0.0,84.1669829572524,Category 2,90.0,103.6,968.0,2021-01-11,2021-01-27,16.0,Landfall,Tropical Storm,-15.1785,50.5321,47.0,2021-01-11,0,0.02684446109580141,24.079999923706055,0.036685653271030905,0.15877332310942324,-0.26477868240261226,-0.0027828807396339528,0.9967089041126806,-0.005029703990903041
2021058S16149,Niran (2021),2021.0,2021-0125-AUS,nat-met-sto-tro,AUS,Oceania,0.0,0.0,0.0,6000.0,6000.0,0.0,0.0,155000.0,184158.0,84.1669829572524,Category 5,140.0,161.1,917.0,2021-02-27,2021-03-07,8.8,At Sea / Open Water,At Sea / Open Water,0.0,0.0,0.0,2021-03-01,2,0.006588426431389349,23.350000381469727,0.0181877705727842,0.17072263729078693,0.08925153048653356,-0.00375241465668652,0.9237517758980841,0.03467062732913193
2021102N06144,Surigae (2021),2021.0,2021-0236-PHL,nat-met-sto-tro,PHL,Asia,0.0,9.0,0.0,15000.0,15000.0,0.0,0.0,20000.0,23762.0,84.1669829572524,Category 5,170.0,195.6,882.0,2021-04-11,2021-04-30,19.2,At Sea / Open Water,At Sea / Open Water,0.0,0.0,0.0,2021-04-12,1,0.012993415099296746,16.90999984741211,0.008800008385991376,0.146091367218679,-0.28587847106365627,0.0,0.8144677275105069,-0.008649527871754875
2021133N10071,Tauktae (2021),2021.0,2021-0252-IND,nat-met-sto-tro,IND,Asia,0.0,198.0,153.0,700000.0,700153.0,0.0,0.0,1400000.0,1663360.0,84.1669829572524,Category 4,120.0,138.1,931.0,2021-05-13,2021-05-19,6.0,Landfall,Category 3,20.9,71.2,110.0,2021-05-13,0,-0.020974973068370373,23.1299991607666,-0.009112653973377904,0.16498851103019227,-0.0994999015123329,-0.020388807375857465,0.8167518582023326,-0.017310590370676116
2021143N15090,Yaas (2021),2021.0,2021-0295-IND,nat-met-sto-tro,IND,Asia,0.0,19.0,0.0,1625000.0,1625000.0,0.0,0.0,3000000.0,3564343.0,84.1669829572524,Category 1,65.0,74.8,974.0,2021-05-23,2021-05-27,4.8,Landfall,Tropical Storm,21.5,86.9,55.0,2021-05-24,1,0.008784070211383277,18.399999618530273,-0.006991767573926833,0.1660824017720279,-0.385340803796427,-0.016785335638223375,0.8112176780460728,0.016875968841657422
2021161N18115,Koguma (2021),2021.0,2021-0327-VNM,nat-met-sto-tro,VNM,Asia,0.0,1.0,0.0,750.0,750.0,0.0,0.0,10000.0,11881.0,84.1669829572524,Tropical Storm,35.0,40.3,996.0,2021-06-10,2021-06-13,3.2,Landfall,Tropical Depression,18.375,110.025,25.0,2021-06-10,0,0.011557627892819555,16.100000381469727,-0.016190511976213573,0.1299305931204729,0.029287489243205123,-0.021131478742831278,0.8354255799217227,-0.019805425523006993
2021176N15259,Enrique (2021),2021.0,2021-0359-MEX,nat-met-sto-tro,MEX,Americas,0.0,2.0,0.0,621.0,621.0,0.0,0.0,50000.0,59406.0,84.1669829572524,Category 1,80.0,92.1,972.0,2021-06-25,2021-06-30,5.2,At Sea / Open Water,At Sea / Open Water,0.0,0.0,0.0,2021-06-25,0,0.02817421126231867,15.619999885559082,0.030756551540069177,0.1307372272835009,-0.3948185518492906,-0.027066673090646587,0.9318882801819496,-0.006347292757862454
2021182N09317,Elsa (2021),2021.0,2021-0373-CUB,nat-met-sto-tro,CUB,Americas,0.0,0.0,0.0,0.0,0.0,0.0,0.0,0.0,0.0,84.1669829572524,Category 1,75.0,86.3,991.0,2021-06-30,2021-07-10,9.5,Landfall,Tropical Storm,22.2,-81.6,55.0,2021-06-30,0,0.012920187131781002,15.829999923706056,0.01026069713515132,0.13412444547521027,0.49701739216094043,-0.02483543857867576,0.953471989253985,-0.011448513243490003
2021182N09317,Elsa (2021),2021.0,2021-0373-USA,nat-met-sto-tro,USA,Americas,0.0,1.0,9.0,0.0,9.0,0.0,0.0,1200000.0,1425737.0,84.1669829572524,Category 1,75.0,86.3,991.0,2021-06-30,2021-07-10,9.5,Landfall,Tropical Storm,22.2,-81.6,55.0,2021-06-30,0,0.012920187131781002,15.829999923706056,0.01026069713515132,0.13412444547521027,0.49701739216094043,-0.02483543857867576,0.953471989253985,-0.011448513243490003
2021197N17135,In-Fa (2021),2021.0,2021-0498-CHN,nat-met-sto-tro,CHN,Asia,0.0,5.0,0.0,72000.0,72000.0,0.0,0.0,2000000.0,2376229.0,84.1669829572524,Category 2,95.0,109.3,951.0,2021-07-15,2021-07-31,15.5,Landfall,Tropical Storm,30.7487,121.072,37.0,2021-07-15,0,0.008888151366809094,17.010000228881836,0.009226515995037099,0.15611505747253093,-0.36440614720453746,-0.007816236000227739,1.0187369690893768,0.0017403836937079714
2021225N15313,Grace (2021),2021.0,2021-0528-MEX,nat-met-sto-tro,MEX,Americas,0.0,13.0,0.0,0.0,0.0,0.0,0.0,500000.0,594057.0,84.1669829572524,Category 3,105.0,120.8,967.0,2021-08-13,2021-08-21,8.2,Landfall,Tropical Storm,17.7,-71.4,35.0,2021-08-13,0,0.007751653114851154,15.449999809265137,0.0141010829785575,0.1685220658054949,0.026760092657685197,-0.005022119766013189,1.1833579021545617,-0.015778029541426302
2021239N17281,Ida (2021),2021.0,2021-0551-USA,nat-met-sto-tro,USA,Americas,0.0,96.0,0.0,14000.0,14000.0,36000000.0,42772116.0,65000000.0,77227433.0,84.1669829572524,Category 4,130.0,149.6,929.0,2021-08-26,2021-09-04,9.2,Landfall,Category 1,22.4,-83.2,70.0,2021-08-26,0,0.01455043785823329,18.84000015258789,0.01797568201173827,0.1263906883956601,-0.4323291328431177,-0.012603132468554379,1.2201852370635273,-0.009063050049418788
2021276N07131,Lionrock (2021),2021.0,2021-0664-HKG,nat-met-sto-tro,HKG,Asia,0.0,1.0,14.0,140.0,154.0,0.0,0.0,0.0,0.0,84.1669829572524,Tropical Storm,45.0,51.8,989.0,2021-10-02,2021-10-10,8.0,Landfall,Tropical Depression,10.0,125.0,15.0,2021-10-04,2,-0.03162845924554003,22.959999084472656,-0.0228826543648335,0.15736134269315696,1.1613728849860783,-0.038490260136089915,1.050626652818602,0.0003778132199077633
2021280N14137,Kompasu (2021),2021.0,2021-0670-HKG,nat-met-sto-tro,HKG,Asia,0.0,1.0,21.0,0.0,21.0,0.0,0.0,0.0,0.0,84.1669829572524,Tropical Storm,60.0,69.0,979.0,2021-10-07,2021-10-14,7.5,Landfall,Tropical Storm,19.0803,110.077,47.0,2021-10-07,0,0.022183718697240895,19.540000915527344,0.03188880537142724,0.15828313010877346,-0.6073106646686404,-0.00923331872543498,1.0478847771345299,0.000236235697418102
2024123S09045,Hidaya (2024),2024.0,2024-0969-TZA,nat-met-sto-tro,TZA,Africa,0.0,5.0,0.0,7775.0,7775.0,0.0,0.0,185000.0,189868.0,97.436175616134,Category 1,80.0,92.1,974.0,2024-05-01,2024-05-04,3.0,Landfall,Tropical Storm,-7.68016,39.2101,49.0,2024-05-01,0,-0.010011685912197255,15.390000343322754,-0.007125960371627271,0.12341394594875388,0.40724705797284844,-0.03541021755401397,0.8066090958455105,-0.0013268632246336495
2021296N13260,Rick (2021),2021.0,2021-0702-MEX,nat-met-sto-tro,MEX,Americas,0.0,0.0,0.0,150.0,150.0,0.0,0.0,10000.0,11881.0,84.1669829572524,Category 2,90.0,103.6,977.0,2021-10-22,2021-10-25,3.2,Landfall,Category 2,18.1,-102.1,85.0,2021-10-22,0,0.0162604409446796,15.43000030517578,0.018563797080456412,0.14213712537435205,-0.16550177917809616,0.0,0.9887275444047976,-0.016334177699992652
2022024S16044,Ana (2022),2022.0,2022-0052-MOZ,nat-met-sto-tro,MOZ,Africa,0.0,38.0,207.0,185429.0,185636.0,0.0,0.0,0.0,0.0,90.9026974595266,Tropical Storm,50.0,57.5,993.0,2022-01-23,2022-01-25,2.0,Landfall,Tropical Storm,-16.2274,39.6422,47.0,2022-01-24,1,-0.0535376093014478,29.899999618530273,-0.03845082088060281,0.14048250923844316,1.531168267992899,-0.049229361092046786,0.828861256714766,-0.02919444860282381
2022181N15115,Chaba (2022),2022.0,2022-0397-CHN,nat-met-sto-tro,CHN,Asia,0.0,24.0,0.0,0.0,0.0,0.0,0.0,463000.0,509336.0,90.9026974595266,Category 1,74.0,85.2,969.0,2022-06-29,2022-07-02,2.8,Landfall,Tropical Storm,21.5826,111.003,60.0,2022-06-29,0,0.015892479932857917,28.15999984741211,0.009390266655826096,0.2777478742241524,-0.38777745851591117,-0.10065529093813874,0.8050115169465929,-0.004067028688260359
2022179N08310,Bonnie (2022),2022.0,2022-0400-SLV,nat-met-sto-tro,SLV,Americas,0.0,1.0,0.0,100.0,100.0,0.0,0.0,0.0,0.0,90.9026974595266,Category 3,100.0,115.1,964.0,2022-06-27,2022-07-11,13.2,Landfall,Tropical Storm,10.7,-61.6,35.0,2022-06-27,0,0.062127671706705856,26.950000762939453,0.04019452281633207,0.2894735129298762,-0.5537025993615603,-0.08474865551336874,0.809250252577142,-0.00684492935078841
2022287N13112,Sonca (2022),2022.0,2022-0676-VNM,nat-met-sto-tro,VNM,Asia,0.0,19.0,110.0,436868.0,436978.0,0.0,0.0,65000.0,71505.0,90.9026974595266,Tropical Storm,35.0,40.3,998.0,2022-10-14,2022-10-15,1.0,Landfall,Tropical Depression,15.5375,108.162,30.0,2022-10-14,0,-0.0142231630329267,32.02000045776367,-0.004931869719576376,0.27656633366903854,0.27210324738375236,-0.05833968262138067,0.9378869308091532,0.0029221653821056084
2023196N17119,Talim (2023),2023.0,2023-0450-PHL,nat-met-sto-tro,PHL,Asia,0.0,2.0,0.0,450.0,450.0,0.0,0.0,0.0,0.0,94.6446220103845,Category 1,70.0,80.6,971.0,2023-07-14,2023-07-18,3.8,Landfall,Category 1,21.2931,110.212,67.0,2023-07-14,0,0.024467099688047833,13.34000015258789,0.02269309621323412,0.1229074162320759,-0.007607406536813688,-0.003394989284117189,1.004862983042363,0.0021686341623975633
2023061S22036,Freddy (2023),2023.0,2023-0095-MWI,nat-met-sto-tro,MWI,Africa,0.0,1209.0,2186.0,2267458.0,2269644.0,0.0,0.0,506710.0,535382.0,94.6446220103845,Category 3,99.0,113.9,957.0,2023-03-02,2023-03-14,11.8,Landfall,Category 2,-17.8,37.1,89.0,2023-03-02,0,-0.007113353305867598,19.59000015258789,0.01655280133239434,0.13473858189013407,0.17504113121970732,-0.008411262992353064,0.8913100257259752,-0.00237740147166016
2023058S13171,Judy (2023),2023.0,2023-0119-VUT,nat-met-sto-tro,VUT,Oceania,0.0,0.0,0.0,251346.0,251346.0,0.0,0.0,0.0,0.0,94.6446220103845,Category 3,109.0,125.4,941.0,2023-02-27,2023-03-04,5.8,At Sea / Open Water,At Sea / Open Water,0.0,0.0,0.0,2023-02-27,0,-0.023400112504609938,20.950000762939453,-0.017761939500590573,0.1477879246700179,-0.011550290465884516,-0.02156042252604684,0.8414303775799236,0.008270673533983959
2023061S14162,Kevin (2023),2023.0,2023-0128-VUT,nat-met-sto-tro,VUT,Oceania,0.0,0.0,0.0,251356.0,251356.0,0.0,0.0,0.0,0.0,94.6446220103845,Category 4,134.0,154.2,918.0,2023-03-01,2023-03-07,5.5,At Sea / Open Water,At Sea / Open Water,0.0,0.0,0.0,2023-03-01,0,-0.009534921899713056,20.579999923706055,0.009460400338384467,0.13044521983484597,0.1689391119982857,-0.01991672905542885,0.8852637557180887,0.0006878814860883271
2023140N05149,Mawar (2023),2023.0,2023-0300-GUM,nat-met-sto-tro,GUM,Oceania,0.0,2.0,0.0,100000.0,100000.0,0.0,0.0,4300000.0,4543312.0,94.6446220103845,Category 5,159.0,183.0,897.0,2023-05-20,2023-06-03,14.2,At Sea / Open Water,At Sea / Open Water,0.0,0.0,0.0,2023-05-22,2,0.013994856779278475,17.209999084472656,0.00808404895738124,0.17490786726608634,0.07173686207550745,-0.007758127605817733,0.9853985139884198,-0.019008261388644324
2023170N11323,Bret (2023),2023.0,2023-0360-BRB,nat-met-sto-tro,BRB,Americas,0.0,0.0,0.0,179.0,179.0,0.0,0.0,0.0,0.0,94.6446220103845,Tropical Storm,60.0,69.0,996.0,2023-06-19,2023-06-24,5.5,At Sea / Open Water,At Sea / Open Water,0.0,0.0,0.0,2023-06-20,1,0.011535279477939975,13.880000114440918,0.014902294479030243,0.17421906497580988,-0.03811206461383143,-0.009024140478808063,1.056276183835481,0.01337540913929985
2023203N14132,Doksuri (2023),2023.0,2023-0464-TWN,nat-met-sto-tro,TWN,Asia,0.0,1.0,68.0,0.0,68.0,0.0,0.0,10000.0,10566.0,94.6446220103845,Category 4,128.0,147.3,926.0,2023-07-21,2023-07-28,6.8,Landfall,Category 2,24.7901,118.563,83.0,2023-07-21,0,0.006454696523574777,13.600000381469728,0.008654719765710084,0.10534873011692163,-0.03172877122339335,-0.004724328867888761,0.9678231628796763,-0.004577037121473273
2023236N20125,Saola (2023),2023.0,2023-0568-CHN,nat-met-sto-tro,CHN,Asia,0.0,1.0,2.0,0.0,2.0,0.0,0.0,690000.0,729043.0,94.6446220103845,Category 4,134.0,154.2,921.0,2023-08-23,2023-09-03,10.8,Landfall,Category 2,21.9572,113.035,91.0,2023-08-23,0,0.007710875527844996,15.979999542236328,9.34886949073288e-05,0.1047484044113356,-0.2565606458515709,-0.03431153972612844,0.8846603937189235,0.0006150968279012015
2023236N20125,Saola (2023),2023.0,2023-0568-PHL,nat-met-sto-tro,PHL,Asia,0.0,4.0,3.0,900000.0,900003.0,0.0,0.0,33000.0,34867.0,94.6446220103845,Category 4,134.0,154.2,921.0,2023-08-23,2023-09-03,10.8,Landfall,Category 2,21.9572,113.035,91.0,2023-08-23,0,0.007710875527844996,15.979999542236328,9.34886949073288e-05,0.1047484044113356,-0.2565606458515709,-0.03431153972612844,0.8846603937189235,0.0006150968279012015
2023273N16134,Koinu (2023),2023.0,2023-0623-PHL,nat-met-sto-tro,PHL,Asia,0.0,0.0,0.0,275.0,275.0,0.0,0.0,0.0,0.0,94.6446220103845,Category 4,119.0,136.9,940.0,2023-09-29,2023-10-10,10.5,Landfall,Category 3,22.0,120.8,109.0,2023-09-29,0,-0.006830596083547413,17.520000457763672,-0.0040279324649236115,0.11752826859772135,0.006444144669680574,-0.06440282779481676,0.7949269891055158,-0.009748845771065787
2023302N10267,Pilar (2023),2023.0,2023-0703-HND,nat-met-sto-tro,HND,Americas,0.0,1.0,0.0,0.0,0.0,0.0,0.0,0.0,0.0,94.6446220103845,Tropical Storm,55.0,63.3,995.0,2023-10-28,2023-11-07,10.0,At Sea / Open Water,At Sea / Open Water,0.0,0.0,0.0,2023-10-30,2,-0.011582508963285831,19.75,-0.006107710266448185,0.1675091065729448,-0.06906630895601484,-0.05752916169996525,0.9225473062979846,-0.006827107461051404
2023352N08127,Jelawat (2023),2023.0,2023-0842-PHL,nat-met-sto-tro,PHL,Asia,0.0,1.0,1.0,425866.0,425867.0,0.0,0.0,42.0,44.0,94.6446220103845,Tropical Storm,35.0,40.3,1002.0,2023-12-17,2023-12-19,2.0,Landfall,Tropical Depression,7.0975,126.265,27.0,2023-12-18,1,0.02574433367072415,12.5600004196167,0.027408944832439053,0.0970841420714398,-0.2561779066544423,-0.0013698120183809337,0.9552260827879155,0.006164160424335287
2000056S17152,Steve (2000),2000.0,2000-0097-AUS,nat-met-sto-tro,AUS,Oceania,0.0,1.0,0.0,200.0,200.0,10000.0,18696.0,90000.0,168263.0,53.4877366816787,Category 1,65.0,74.8,995.0,2000-02-25,2000-03-11,15.9,Landfall,Tropical Storm,-16.6886,145.514,37.0,2000-02-25,0,-0.03581937633423016,25.200000762939453,-0.03969214530456566,0.21118319766481353,0.6280487804878048,-0.06839113006132402,0.6216726150956448,0.003744759803525108
2000232N12116,Kaemi (2000),2000.0,2000-0518-VNM,nat-met-sto-tro,VNM,Asia,0.0,15.0,4.0,0.0,4.0,0.0,0.0,5000.0,9348.0,53.4877366816787,Tropical Storm,45.0,51.8,995.0,2000-08-18,2000-08-23,5.2,Landfall,Tropical Storm,16.0121,107.79,40.0,2000-08-18,0,0.01547592666508435,17.049999237060547,-0.0050605566130026425,0.20934547628283448,0.3179916317991631,-0.015029937891079315,0.7170733854031627,0.014895541323591891
2000240N22115,Maria (2000),2000.0,2000-0557-CHN,nat-met-sto-tro,CHN,Asia,0.0,47.0,0.0,46000.0,46000.0,0.0,0.0,169000.0,315960.0,53.4877366816787,Tropical Storm,55.0,63.3,995.0,2000-08-27,2000-09-02,6.5,Landfall,Tropical Storm,22.8227,114.884,47.0,2000-08-28,1,0.008409162560021777,16.540000915527344,0.02156437439653569,0.150515969418084,21.6,0.0,0.7823773820486303,0.002987711257875025
2000248N17117,Wukong (2000),2000.0,2000-0605-CHN,nat-met-sto-tro,CHN,Asia,0.0,6.0,0.0,2400000.0,2400000.0,0.0,0.0,0.0,0.0,53.4877366816787,Category 2,95.0,109.3,980.0,2000-09-04,2000-09-10,6.5,Landfall,Category 1,18.2,109.675,75.0,2000-09-05,1,-0.0031911772395901705,19.81999969482422,0.0004910063635112927,0.1285556527667922,0.3407079646017699,0.0,0.7711211338395317,-0.006431960333453711
2001180N15118,Durian (2001),2001.0,2001-0318-VNM,nat-met-sto-tro,VNM,Asia,0.0,30.0,3.0,117450.0,117453.0,0.0,0.0,25000.0,45455.0,54.9993852662954,Category 1,75.0,86.3,967.0,2001-06-29,2001-07-03,4.5,Landfall,Category 1,21.108,110.319,75.0,2001-06-29,0,-0.002035024583377898,19.059999465942383,-0.02033880190242099,0.12890546124247426,21.114754098360656,-0.07497273553570571,1.0458810375667869,0.02197163235466045
2001204N19127,Yutu (2001),2001.0,2001-0419-CHN,nat-met-sto-tro,CHN,Asia,0.0,0.0,0.0,23250.0,23250.0,0.0,0.0,85000.0,154547.0,54.9993852662954,Category 2,85.0,97.8,958.0,2001-07-22,2001-07-26,4.2,Landfall,Category 1,21.5266,110.711,67.0,2001-07-23,1,-0.0145804105457501,23.739999771118164,0.014731701912218842,0.19337786636777174,-0.90625,-0.01932214172474933,0.8206774951747348,-0.016219947934445755
2001202N11266,Dalila (2001),2001.0,2001-0488-MEX,nat-met-sto-tro,MEX,Americas,0.0,0.0,0.0,100.0,100.0,0.0,0.0,0.0,0.0,54.9993852662954,Category 1,65.0,74.8,987.0,2001-07-21,2001-07-28,7.5,At Sea / Open Water,At Sea / Open Water,0.0,0.0,0.0,2001-07-23,2,-0.0145804105457501,23.739999771118164,0.014731701912218842,0.19337786636777174,-0.90625,-0.01932214172474933,0.8206774951747348,-0.016219947934445755
2001239N19116,Fitow (2001),2001.0,2001-0796-CHN,nat-met-sto-tro,CHN,Asia,0.0,4.0,0.0,0.0,0.0,0.0,0.0,213000.0,387277.0,54.9993852662954,Tropical Storm,45.0,51.8,991.0,2001-08-27,2001-09-12,15.8,Landfall,Tropical Depression,19.8436,110.691,25.0,2001-08-27,0,0.004073825942888298,20.559999465942383,0.017989491963274373,0.14547881196838464,-0.6739130434782609,-0.010966213705487782,0.7291223161539676,-0.013869060677901134
2002017S07078,Dina (2002),2002.0,2002-0039-MUS,nat-met-sto-tro,MUS,Africa,10.0,3.0,50.0,0.0,1050.0,0.0,0.0,50000.0,89491.0,55.8716960740501,Category 4,130.0,149.6,910.0,2002-01-16,2002-01-28,12.0,At Sea / Open Water,At Sea / Open Water,0.0,0.0,0.0,2002-01-16,0,-0.023795720041826618,23.450000762939453,-0.06891567073275662,0.1870519124401302,0.7256637168141593,-0.094474261039869,0.948397191459661,0.014477046449621991
2002017S07078,Dina (2002),2002.0,2002-0043-REU,nat-met-sto-tro,REU,Africa,0.0,0.0,300.0,0.0,3100.0,0.0,0.0,50000.0,89491.0,55.8716960740501,Category 4,130.0,149.6,910.0,2002-01-16,2002-01-28,12.0,At Sea / Open Water,At Sea / Open Water,0.0,0.0,0.0,2002-01-16,0,-0.023795720041826618,23.450000762939453,-0.06891567073275662,0.1870519124401302,0.7256637168141593,-0.094474261039869,0.948397191459661,0.014477046449621991
2002178N04155,Chataan (2002),2002.0,2002-0431-JPN,nat-met-sto-tro,JPN,Asia,0.0,5.0,18.0,100000.0,100018.0,0.0,0.0,5000.0,8949.0,55.8716960740501,Category 4,130.0,149.6,910.0,2002-06-27,2002-07-13,15.8,Landfall,Tropical Storm,35.0259,139.925,50.0,2002-06-27,0,-0.01414862739724776,26.290000915527344,-0.017736318972729537,0.2584194896826468,-0.6928807947019868,-0.06054348237062945,1.0024608439111027,0.004142521056197269
2002265N10315,Lili (2002),2002.0,2002-0627-JAM,nat-met-sto-tro,JAM,Americas,0.0,4.0,0.0,1500.0,1500.0,0.0,0.0,30.0,54.0,55.8716960740501,Category 4,125.0,143.8,938.0,2002-09-21,2002-10-04,12.8,Landfall,Category 2,22.1,-84.0,90.0,2002-09-23,2,-0.06513520762552238,39.68000030517578,-0.049961679807479675,0.22661610679194819,-0.3170466883821933,-0.11829490664173159,0.9342392832455944,-0.010383531632584927
2002268N15258,Julio (2002),2002.0,2002-0647-MEX,nat-met-sto-tro,MEX,Americas,0.0,0.0,0.0,500.0,500.0,0.0,0.0,0.0,0.0,55.8716960740501,Tropical Storm,40.0,46.0,1000.0,2002-09-25,2002-09-26,1.5,Landfall,Tropical Storm,18.0,-102.4,40.0,2002-09-25,0,-0.025553180242568363,37.33000183105469,-0.03092640355229892,0.24170470580333756,1.305439330543933,-0.09524152804120145,0.9317357351559507,-0.008137494637473307
2002258N10300,Isidore (2002),2002.0,2002-0851-SLV,nat-met-sto-tro,SLV,Americas,0.0,0.0,0.0,500.0,500.0,0.0,0.0,0.0,0.0,55.8716960740501,Category 3,110.0,126.6,934.0,2002-09-14,2002-09-27,13.0,Landfall,Tropical Depression,10.0856,-61.4549,25.0,2002-09-16,2,-0.008492887094594281,36.7400016784668,-0.01708236935116536,0.25043672617042406,0.21825396825396814,-0.08232769172359156,0.946902890574079,0.011715036571270258
2003155S10172,Gina (2003),2003.0,2003-0314-SLB,nat-met-sto-tro,SLB,Oceania,0.0,0.0,0.0,0.0,150.0,0.0,0.0,0.0,0.0,57.1400352670416,Category 2,90.0,103.6,954.0,2003-06-04,2003-06-09,5.2,At Sea / Open Water,At Sea / Open Water,0.0,0.0,0.0,2003-06-04,0,0.03647982619074752,20.6200008392334,0.03683232752232879,0.1906361810640829,5.01002004008016,0.0,0.9962561293523525,0.01163634170937375
2003196N11137,Koni (2003),2003.0,2003-0437-VNM,nat-met-sto-tro,VNM,Asia,0.0,0.0,18.0,0.0,5018.0,0.0,0.0,0.0,0.0,57.1400352670416,Category 1,65.0,74.8,976.0,2003-07-14,2003-07-22,8.2,Landfall,Tropical Storm,11.25,124.5,40.0,2003-07-14,0,0.00029799681967457303,19.59000015258789,-0.010097181157517565,0.17298264646483388,-0.8580708661417322,-0.0346252278635506,1.0160681013993096,0.022495925500905685
2003359S15177,Heta (2004),2004.0,2004-0004-ASM,nat-met-sto-tro,ASM,Oceania,0.0,0.0,60.0,20000.0,23060.0,0.0,0.0,150000.0,255668.0,58.6698092933412,Category 5,140.0,161.1,898.0,2003-12-25,2004-01-12,17.8,At Sea / Open Water,At Sea / Open Water,0.0,0.0,0.0,2003-12-26,1,0.004541899958330209,17.450000762939453,0.00340121679807015,0.09494737770943369,-0.7839265212399541,-0.005618319155817231,0.8670761887212043,-0.004708004457281104
2004230N09172,Chaba (2004),2004.0,2004-0445-JPN,nat-met-sto-tro,JPN,Asia,0.0,14.0,50.0,180000.0,180050.0,1200000.0,2045345.0,2000000.0,3408908.0,58.6698092933412,Category 5,155.0,178.4,879.0,2004-08-17,2004-09-05,19.5,Landfall,Category 2,33.475,131.125,85.0,2004-08-17,0,0.004890429817539399,17.020000457763672,0.0,0.1661608290120997,-0.2644935462699628,-0.027509687970570407,1.0101656249313087,0.0006046107031186208
2005041S13181,Olaf (2005),2005.0,2005-0151-WSM,nat-met-sto-tro,WSM,Oceania,0.0,9.0,0.0,0.0,0.0,0.0,0.0,0.0,0.0,60.6603317527392,Category 5,145.0,166.9,892.0,2005-02-10,2005-02-23,13.0,At Sea / Open Water,At Sea / Open Water,0.0,0.0,0.0,2005-02-10,0,0.006556856632323305,11.510000228881836,0.007284612649807176,0.10721384840217706,-0.6779661016949152,-0.0058824658025283805,0.9934429748556073,-0.0014355659105090516
2005192N11318,Emily (2005),2005.0,2005-0382-HTI,nat-met-sto-tro,HTI,Americas,0.0,6.0,0.0,565.0,750.0,0.0,0.0,0.0,0.0,60.6603317527392,Category 5,140.0,161.1,929.0,2005-07-11,2005-07-21,10.5,Landfall,Category 2,20.6198,-88.0304,92.0,2005-07-11,0,0.020162872049588776,11.279999732971191,0.013229491347901412,0.1367257770184918,0.4297504421300844,-0.016139673566402668,1.152632548774363,-0.0005275122875669394
2005192N11318,Emily (2005),2005.0,2005-0382-JAM,nat-met-sto-tro,JAM,Americas,0.0,4.0,0.0,2296.0,2296.0,0.0,0.0,1000.0,1649.0,60.6603317527392,Category 5,140.0,161.1,929.0,2005-07-11,2005-07-21,10.5,Landfall,Category 2,20.6198,-88.0304,92.0,2005-07-11,0,0.020162872049588776,11.279999732971191,0.013229491347901412,0.1367257770184918,0.4297504421300844,-0.016139673566402668,1.152632548774363,-0.0005275122875669394
2005192N11318,Emily (2005),2005.0,2005-0382-MEX,nat-met-sto-tro,MEX,Americas,0.0,2.0,0.0,0.0,0.0,250000.0,412131.0,400000.0,659410.0,60.6603317527392,Category 5,140.0,161.1,929.0,2005-07-11,2005-07-21,10.5,Landfall,Category 2,20.6198,-88.0304,92.0,2005-07-11,0,0.020162872049588776,11.279999732971191,0.013229491347901412,0.1367257770184918,0.4297504421300844,-0.016139673566402668,1.152632548774363,-0.0005275122875669394
2005192N11318,Emily (2005),2005.0,2005-0382-VCT,nat-met-sto-tro,VCT,Americas,0.0,0.0,0.0,530.0,530.0,0.0,0.0,0.0,0.0,60.6603317527392,Category 5,140.0,161.1,929.0,2005-07-11,2005-07-21,10.5,Landfall,Category 2,20.6198,-88.0304,92.0,2005-07-11,0,0.020162872049588776,11.279999732971191,0.013229491347901412,0.1367257770184918,0.4297504421300844,-0.016139673566402668,1.152632548774363,-0.0005275122875669394
2005237N14148,Talim (2005),2005.0,2005-0492-TWN,nat-met-sto-tro,TWN,Asia,0.0,3.0,59.0,0.0,59.0,0.0,0.0,38000.0,62644.0,60.6603317527392,Category 4,130.0,149.6,910.0,2005-08-24,2005-09-03,9.5,Landfall,Category 2,23.85,121.475,95.0,2005-08-24,0,-0.0085923412548774,14.170000076293944,-0.010978221886039807,0.08455879825832893,-0.458698224852071,-0.032226535621936225,1.0316126755257584,-0.010494822016352644
2005230N20144,Mawar (2005),2005.0,2005-0464-JPN,nat-met-sto-tro,JPN,Asia,0.0,3.0,4.0,90.0,94.0,0.0,0.0,0.0,0.0,60.6603317527392,Category 4,125.0,143.8,916.0,2005-08-18,2005-09-01,14.0,Landfall,Category 2,35.25,139.75,85.0,2005-08-18,0,-0.013164108677480524,13.420000076293944,-0.015460390837152116,0.08604315918739582,0.08120437956204385,-0.025716155275346764,1.0287310048436031,4.021236920295074e-05
2005268N19146,Longwang (2005),2005.0,2005-0565-CHN,nat-met-sto-tro,CHN,Asia,0.0,95.0,0.0,2460000.0,2460000.0,0.0,0.0,150000.0,247279.0,60.6603317527392,Category 4,125.0,143.8,916.0,2005-09-25,2005-10-03,8.8,Landfall,Category 2,23.975,120.8,95.0,2005-09-26,1,-0.012267539789717952,13.039999961853027,0.0,0.1075829936399316,-0.20076268700498678,-0.019485675130002766,0.899725269155583,0.0015396763327493786
2005268N19146,Longwang (2005),2005.0,2005-0565-TWN,nat-met-sto-tro,TWN,Asia,0.0,2.0,46.0,0.0,46.0,50000.0,82426.0,100000.0,164852.0,60.6603317527392,Category 4,125.0,143.8,916.0,2005-09-25,2005-10-03,8.8,Landfall,Category 2,23.975,120.8,95.0,2005-09-26,1,-0.012267539789717952,13.039999961853027,0.0,0.1075829936399316,-0.20076268700498678,-0.019485675130002766,0.899725269155583,0.0015396763327493786
2005275N19274,Stan (2005),2005.0,2005-0567-HTI,nat-met-sto-tro,HTI,Americas,0.0,1.0,0.0,10000.0,10000.0,0.0,0.0,0.0,0.0,60.6603317527392,Category 1,70.0,80.6,977.0,2005-10-01,2005-10-05,3.8,Landfall,Tropical Storm,19.5456,-87.3758,36.0,2005-10-03,2,0.008389168487006993,12.460000038146973,0.00908762320771328,0.10250528145805722,-0.33465462820230496,-0.010575130395818921,0.8508526642811239,0.014084056044872457
2005300N10279,Beta (2005),2005.0,2005-0625-NIC,nat-met-sto-tro,NIC,Americas,37.0,4.0,0.0,0.0,5763.0,0.0,0.0,0.0,0.0,60.6603317527392,Category 3,100.0,115.1,962.0,2005-10-26,2005-10-31,4.2,Landfall,Category 2,12.9,-83.5,90.0,2005-10-26,0,-0.003422694467355769,14.59000015258789,-0.014395538151180776,0.13380862299800575,-0.1517893315327481,-0.023872374040735944,0.8062597731532781,0.0009082837445190568
2006114N08090,Mala (2006),2006.0,2006-0241-MMR,nat-met-sto-tro,MMR,Asia,0.0,34.0,31.0,60075.0,60106.0,0.0,0.0,0.0,0.0,62.6171947810345,Category 4,120.0,138.1,922.0,2006-04-24,2006-04-29,5.5,Landfall,Category 1,17.9977,94.9498,77.0,2006-04-24,0,0.01748820471921353,11.75,0.03918085457706488,0.11009065495300192,-0.48716425005942476,0.0,0.8901621357133813,-0.007672247680867276
2006188N10143,Bilis (2006),2006.0,2006-0362-CHN,nat-met-sto-tro,CHN,Asia,0.0,820.0,0.0,29622000.0,29622000.0,0.0,0.0,3325000.0,5310043.0,62.6171947810345,Tropical Storm,50.0,57.5,987.0,2006-07-07,2006-07-17,10.5,Landfall,Tropical Storm,26.4267,119.487,40.0,2006-07-07,0,-0.005185582454951154,13.970000267028809,-0.016262296417963285,0.15926740505880893,0.01801310043668125,-0.01945157146725307,0.9509935279273188,-0.014962841157676723
2006188N10143,Bilis (2006),2006.0,2006-0362-PHL,nat-met-sto-tro,PHL,Asia,0.0,37.0,0.0,51680.0,51680.0,0.0,0.0,3000.0,4791.0,62.6171947810345,Tropical Storm,50.0,57.5,987.0,2006-07-07,2006-07-17,10.5,Landfall,Tropical Storm,26.4267,119.487,40.0,2006-07-07,0,-0.005185582454951154,13.970000267028809,-0.016262296417963285,0.15926740505880893,0.01801310043668125,-0.01945157146725307,0.9509935279273188,-0.014962841157676723
2006237N13298,Ernesto (2006),2006.0,2006-0466-USA,nat-met-sto-tro,USA,Americas,0.0,6.0,0.0,140.0,140.0,0.0,0.0,32860.0,52478.0,62.6171947810345,Category 1,65.0,74.8,985.0,2006-08-24,2006-09-04,10.5,Landfall,Tropical Storm,19.9,-75.5,35.0,2006-08-24,0,-0.0029223242849570896,12.399999618530272,-0.020852467994420865,0.1517847977376413,0.6900759556717719,-0.020852467994420865,1.1924865620436549,0.0009152889723346089
2006240N12265,John (2006),2006.0,2006-0483-MEX,nat-met-sto-tro,MEX,Americas,0.0,7.0,0.0,10000.0,10000.0,0.0,0.0,0.0,0.0,62.6171947810345,Category 4,115.0,132.3,948.0,2006-08-28,2006-09-04,7.5,Landfall,Category 2,23.4011,-109.518,92.0,2006-08-28,0,0.0023053779027311094,12.18000030517578,-0.005272989017538365,0.14613900136713442,0.367535656444282,-0.016559489659531246,1.1913148177123996,0.003641819543370277
2007091S14175,Cliff (2007),2007.0,2007-0151-FJI,nat-met-sto-tro,FJI,Oceania,0.0,1.0,0.0,0.0,0.0,0.0,0.0,0.0,0.0,64.4034636847652,Tropical Storm,55.0,63.3,982.0,2007-04-01,2007-04-06,5.8,At Sea / Open Water,At Sea / Open Water,0.0,0.0,0.0,2007-04-02,1,-0.007262173437610708,14.529999732971191,-0.01247951095641775,0.1136132112577702,0.8095899930507298,-0.020626727470961503,0.7580413366897302,-0.008290105426632872
2007151N14072,Gonu (2007),2007.0,2007-0164-OMN,nat-met-sto-tro,OMN,Asia,731.0,76.0,0.0,20000.0,20000.0,650000.0,1009262.0,3900000.0,6055575.0,64.4034636847652,Category 5,145.0,166.9,898.0,2007-05-31,2007-06-08,7.8,Landfall,Tropical Depression,25.7051,57.9702,20.0,2007-05-31,0,0.0057734590387847895,13.050000190734863,0.014255316027641296,0.07444370766709345,0.13276510034143096,0.0,0.758724297458191,-0.004927822183518227
2007223N19136,Sepat (2007),2007.0,2007-0380-PHL,nat-met-sto-tro,PHL,Asia,0.0,3.0,0.0,380000.0,380000.0,0.0,0.0,492.0,764.0,64.4034636847652,Category 5,140.0,161.1,918.0,2007-08-11,2007-08-24,13.2,Landfall,Category 3,23.55,121.025,100.0,2007-08-13,2,-0.006702753597439215,26.56999969482422,-0.01736253404591681,0.22231626538305732,-0.05704626766114851,-0.05903613578423372,0.920364888951052,-0.009065402213083064
2007244N12303,Felix (2007),2007.0,2007-0439-HND,nat-met-sto-tro,HND,Americas,0.0,1.0,0.0,19500.0,19500.0,0.0,0.0,6579.0,10215.0,64.4034636847652,Category 5,150.0,172.6,929.0,2007-08-31,2007-09-06,6.2,Landfall,Category 5,14.3,-83.2,140.0,2007-08-31,0,-0.004988696038124574,23.3799991607666,0.005611951932518622,0.23777355193061075,0.07181929181929192,-0.015730256269003373,0.9595513000622851,-0.00554717627712158
2007269N22265,Lorenzo (2007),2007.0,2007-0464-MEX,nat-met-sto-tro,MEX,Americas,0.0,5.0,0.0,33000.0,33000.0,0.0,0.0,0.0,0.0,64.4034636847652,Category 1,70.0,80.6,990.0,2007-09-25,2007-09-28,3.0,Landfall,Category 1,20.5,-97.0,65.0,2007-09-25,0,-0.002307417073850182,18.600000381469727,0.0033163347757554362,0.2182163295969886,1.0642314756954305,-0.0072320499374618485,0.9958565651120599,0.0037736137842739603
2007297N18300,Noel (2007),2007.0,2007-0523-JAM,nat-met-sto-tro,JAM,Americas,0.0,1.0,0.0,0.0,0.0,0.0,0.0,0.0,0.0,64.4034636847652,Category 1,75.0,86.3,965.0,2007-10-24,2007-11-06,13.0,Landfall,Tropical Storm,19.7408,-73.2102,42.0,2007-10-24,0,-0.017957574510303997,20.799999237060547,-0.017835230430746307,0.14883125058073315,-0.031941325751033034,-0.04057319641532864,0.9796577122228772,-0.01179423921008262
2007314N10093,Sidr (2007),2007.0,2007-0556-BGD,nat-met-sto-tro,BGD,Asia,215214.0,4234.0,55282.0,8923259.0,8978541.0,0.0,0.0,2300000.0,3571236.0,64.4034636847652,Category 5,140.0,161.1,918.0,2007-11-10,2007-11-16,5.9,Landfall,Category 3,22.5429,90.3714,100.0,2007-11-12,2,-0.04231916599310148,31.09000015258789,-0.03870109591773807,0.1861854639989033,-0.32587398552451674,-0.06189073370456322,1.0005707360375649,-0.006911250732782755
2007345N18298,Olga (2007),2007.0,2007-0612-DOM,nat-met-sto-tro,DOM,Americas,0.0,33.0,0.0,61605.0,61605.0,0.0,0.0,45000.0,69872.0,64.4034636847652,Tropical Storm,50.0,57.5,1003.0,2007-12-10,2007-12-16,5.8,Landfall,Tropical Storm,18.4,-66.5,40.0,2007-12-10,0,0.02979407229136699,20.739999771118164,0.03820539866408268,0.21196340503126762,-0.25460626511780693,0.0,0.8954819243687486,-0.001696822478606523
2008245N17323,Ike (2008),2008.0,2008-0384-TCA,nat-met-sto-tro,TCA,Americas,0.0,0.0,0.0,750.0,750.0,0.0,0.0,500000.0,747653.0,66.8759741789087,Category 4,125.0,143.8,935.0,2008-09-01,2008-09-15,14.2,Landfall,Category 3,21.0,-73.2,110.0,2008-09-02,1,0.007636362239721528,21.989999771118164,0.01410491210914544,0.26180636890350434,0.7825307683116263,-0.015921671982746854,1.1860005473845285,-0.010865844607421044
2008311N14278,Paloma (2008),2008.0,2008-0514-CUB,nat-met-sto-tro,CUB,Americas,0.0,0.0,0.0,49445.0,49445.0,0.0,0.0,0.0,0.0,66.8759741789087,Category 4,125.0,143.8,944.0,2008-11-05,2008-11-14,8.5,Landfall,Category 2,20.7,-78.0,90.0,2008-11-05,0,0.03341180527494125,54.560001373291016,0.052296153595656314,0.8291416318966607,-0.02213522059930728,-0.05026859997599231,0.8022115813113875,-0.01654661562966253
2010236N12341,Earl (2010),2010.0,2010-0468-ATG,nat-met-sto-tro,ATG,Americas,0.0,0.0,0.0,5000.0,5000.0,0.0,0.0,12600.0,18603.0,67.7310945291778,Category 4,125.0,143.8,927.0,2010-08-24,2010-09-06,13.0,Landfall,Category 1,44.3,-64.5,65.0,2010-08-24,0,-0.03704686186332928,27.459999084472656,-0.05326663160303147,0.20530619942073128,0.5337353191588621,-0.08897481652329164,1.2285936859943558,8.435726690192392e-05
2010256N17137,Fanapi (2010),2010.0,2010-0484-TWN,nat-met-sto-tro,TWN,Asia,0.0,2.0,100.0,0.0,100.0,0.0,0.0,63100.0,93163.0,67.7310945291778,Category 3,105.0,120.8,944.0,2010-09-13,2010-09-21,8.5,Landfall,Category 2,23.3179,121.103,90.0,2010-09-13,0,0.016502859778690482,21.209999084472656,0.01891813131757547,0.23721063027971992,-0.1741838927548096,0.0,1.1970283779983435,-0.0021601833072778347
2010267N14285,Matthew (2010),2010.0,2010-0503-HND,nat-met-sto-tro,HND,Americas,0.0,4.0,0.0,0.0,0.0,0.0,0.0,0.0,0.0,67.7310945291778,Tropical Storm,50.0,57.5,998.0,2010-09-23,2010-09-26,3.2,Landfall,Tropical Storm,14.7,-83.3,50.0,2010-09-23,0,0.0004624960932075872,23.8700008392334,0.006082878165538652,0.20552457861013249,0.0181509628864458,-0.01985841544420186,1.178593855597107,0.005145941397461395
2010267N14285,Matthew (2010),2010.0,2010-0503-MEX,nat-met-sto-tro,MEX,Americas,0.0,3.0,0.0,1075.0,1075.0,0.0,0.0,0.0,0.0,67.7310945291778,Tropical Storm,50.0,57.5,998.0,2010-09-23,2010-09-26,3.2,Landfall,Tropical Storm,14.7,-83.3,50.0,2010-09-23,0,0.0004624960932075872,23.8700008392334,0.006082878165538652,0.20552457861013249,0.0181509628864458,-0.01985841544420186,1.178593855597107,0.005145941397461395
2010267N14285,Matthew (2010),2010.0,2010-0503-SLV,nat-met-sto-tro,SLV,Americas,0.0,1.0,0.0,0.0,0.0,0.0,0.0,0.0,0.0,67.7310945291778,Tropical Storm,50.0,57.5,998.0,2010-09-23,2010-09-26,3.2,Landfall,Tropical Storm,14.7,-83.3,50.0,2010-09-23,0,0.0004624960932075872,23.8700008392334,0.006082878165538652,0.20552457861013249,0.0181509628864458,-0.01985841544420186,1.178593855597107,0.005145941397461395
2010302N09306,Tomas (2010),2010.0,2010-0571-DOM,nat-met-sto-tro,DOM,Americas,0.0,0.0,0.0,12000.0,12000.0,0.0,0.0,0.0,0.0,67.7310945291778,Category 2,85.0,97.8,982.0,2010-10-29,2010-11-10,12.5,At Sea / Open Water,At Sea / Open Water,0.0,0.0,0.0,2010-10-29,0,0.001182889238901419,21.200000762939453,-0.009236537485597718,0.15418856367422845,-0.21933980383620577,-0.013488403988443531,1.2552016414233695,-0.005965048875463924
2011233N15301,Irene (2011),2011.0,2011-0328-BHS,nat-met-sto-tro,BHS,Americas,0.0,0.0,0.0,10000.0,10000.0,0.0,0.0,40000.0,57250.0,69.869263508865,Category 3,105.0,120.8,942.0,2011-08-21,2011-08-30,9.0,Landfall,Tropical Storm,18.1,-65.8,60.0,2011-08-22,1,-0.06541163654433513,42.439998626708984,-0.082522833392487,0.5071645191471866,-0.2877288417005287,-0.1907003090473648,1.125734351600198,0.005133301076573962
2011233N15301,Irene (2011),2011.0,2011-0328-CAN,nat-met-sto-tro,CAN,Americas,0.0,1.0,0.0,0.0,0.0,0.0,0.0,0.0,0.0,69.869263508865,Category 3,105.0,120.8,942.0,2011-08-21,2011-08-30,9.0,Landfall,Tropical Storm,18.1,-65.8,60.0,2011-08-22,1,-0.06541163654433513,42.439998626708984,-0.082522833392487,0.5071645191471866,-0.2877288417005287,-0.1907003090473648,1.125734351600198,0.005133301076573962
2011233N15301,Irene (2011),2011.0,2011-0328-DOM,nat-met-sto-tro,DOM,Americas,0.0,4.0,0.0,37000.0,37000.0,0.0,0.0,30000.0,42937.0,69.869263508865,Category 3,105.0,120.8,942.0,2011-08-21,2011-08-30,9.0,Landfall,Tropical Storm,18.1,-65.8,60.0,2011-08-22,1,-0.06541163654433513,42.439998626708984,-0.082522833392487,0.5071645191471866,-0.2877288417005287,-0.1907003090473648,1.125734351600198,0.005133301076573962
2011233N15301,Irene (2011),2011.0,2011-0328-HTI,nat-met-sto-tro,HTI,Americas,0.0,2.0,4.0,1000.0,1544.0,0.0,0.0,0.0,0.0,69.869263508865,Category 3,105.0,120.8,942.0,2011-08-21,2011-08-30,9.0,Landfall,Tropical Storm,18.1,-65.8,60.0,2011-08-22,1,-0.06541163654433513,42.439998626708984,-0.082522833392487,0.5071645191471866,-0.2877288417005287,-0.1907003090473648,1.125734351600198,0.005133301076573962
2011233N15301,Irene (2011),2011.0,2011-0328-PRI,nat-met-sto-tro,PRI,Americas,0.0,1.0,0.0,1500.0,2271.0,450000.0,644060.0,500000.0,715622.0,69.869263508865,Category 3,105.0,120.8,942.0,2011-08-21,2011-08-30,9.0,Landfall,Tropical Storm,18.1,-65.8,60.0,2011-08-22,1,-0.06541163654433513,42.439998626708984,-0.082522833392487,0.5071645191471866,-0.2877288417005287,-0.1907003090473648,1.125734351600198,0.005133301076573962
2011236N15143,Talas (2011),2011.0,2011-0454-JPN,nat-met-sto-tro,JPN,Asia,0.0,68.0,0.0,1300.0,1300.0,430000.0,615435.0,650000.0,930309.0,69.869263508865,Tropical Storm,55.0,63.3,982.0,2011-08-23,2011-09-07,14.5,Landfall,Tropical Storm,33.45,133.875,45.0,2011-08-23,0,-0.02633997825082257,36.27000045776367,-0.03660084622844517,0.5318273042410027,0.02644935878825505,-0.13883361810309336,1.1237263095918093,0.012529034066733002
2012331N03157,Bopha (2012),2012.0,2012-0500-PHL,nat-met-sto-tro,PHL,Asia,0.0,1901.0,2666.0,6243998.0,6246664.0,0.0,0.0,898352.0,1259694.0,71.3150877335761,Category 5,150.0,172.6,911.0,2012-11-25,2012-12-09,13.8,Landfall,Category 4,7.63461,126.575,132.0,2012-11-26,1,0.034318071058592414,15.5,0.035191318967559226,0.17596356702402569,-0.4570274178663043,-0.017632695706982005,1.0573789560626328,-0.004086356157651218
2012039S14075,Giovanna (2012),2012.0,2012-0043-MDG,nat-met-sto-tro,MDG,Africa,4262.0,35.0,284.0,250000.0,250284.0,0.0,0.0,100000.0,140223.0,71.3150877335761,Category 4,120.0,138.1,933.0,2012-02-07,2012-02-22,14.8,Landfall,Category 2,-19.0,48.7,95.0,2012-02-07,0,0.02642395249630569,17.649999618530273,0.025124204533246708,0.11341419721389413,-0.5040901085757863,-0.003488858361118674,1.1676747441825728,0.0008441823626290585
2012215N12313,Ernesto (2012),2012.0,2012-0276-MEX,nat-met-sto-tro,MEX,Americas,0.0,12.0,0.0,0.0,0.0,15000.0,21033.0,300000.0,420668.0,71.3150877335761,Category 2,85.0,97.8,973.0,2012-08-01,2012-08-10,8.8,Landfall,Category 2,18.8,-87.7,85.0,2012-08-01,0,0.027097900257264218,18.959999084472656,0.024776244700392303,0.17919048522994066,-0.26725872030815323,-0.01221918916131104,1.1316562038298659,0.0017322086232163456
2012166N09269,Carlotta (2012),2012.0,2012-0401-MEX,nat-met-sto-tro,MEX,Americas,0.0,7.0,0.0,87000.0,87000.0,84000.0,117787.0,555000.0,778236.0,71.3150877335761,Category 2,95.0,109.3,973.0,2012-06-13,2012-06-17,3.5,Landfall,Category 2,15.8,-96.9,90.0,2012-06-13,0,0.0007574631120133013,24.270000457763672,0.005822331357613786,0.22265895588864432,0.09733843710956358,-0.023735469129058218,1.1308119040999713,-0.008083962544812716
2012209N25149,Damrey (2012),2012.0,2012-0283-CHN,nat-met-sto-tro,CHN,Asia,0.0,15.0,0.0,3790000.0,3790000.0,106000.0,148636.0,600000.0,841337.0,71.3150877335761,Category 1,80.0,92.1,963.0,2012-07-27,2012-08-04,7.8,Landfall,Tropical Storm,34.86,119.22,55.0,2012-07-27,0,0.016194288699670878,16.700000762939453,0.024174926242817474,0.22015084415664918,0.1246492650270119,0.0,1.1248924352204017,-0.0012688582948638541
2012234N16315,Isaac (2012),2012.0,2012-0313-PRI,nat-met-sto-tro,PRI,Americas,0.0,0.0,0.0,0.0,0.0,0.0,0.0,0.0,0.0,71.3150877335761,Category 1,70.0,80.6,965.0,2012-08-20,2012-09-01,11.8,Landfall,Tropical Storm,18.3,-72.7,55.0,2012-08-20,0,0.010087175277911031,14.020000457763672,0.01366120384067493,0.140998856274147,-0.49237690193609807,-0.002151692071724609,1.1277604503427818,-0.008321661649356094
2012234N16315,Isaac (2012),2012.0,2012-0313-USA,nat-met-sto-tro,USA,Americas,0.0,1.0,0.0,60000.0,60000.0,0.0,0.0,2000000.0,2804456.0,71.3150877335761,Category 1,70.0,80.6,965.0,2012-08-20,2012-09-01,11.8,Landfall,Tropical Storm,18.3,-72.7,55.0,2012-08-20,0,0.010087175277911031,14.020000457763672,0.01366120384067493,0.140998856274147,-0.49237690193609807,-0.002151692071724609,1.1277604503427818,-0.008321661649356094
2012230N21126,Tembin (2012),2012.0,2012-0585-TWN,nat-met-sto-tro,TWN,Asia,0.0,8.0,0.0,0.0,0.0,0.0,0.0,8300.0,11638.0,71.3150877335761,Category 4,120.0,138.1,933.0,2012-08-17,2012-09-01,14.8,Landfall,Category 3,22.2716,120.937,107.0,2012-08-17,0,0.00951439590727099,13.449999809265137,0.013631204244045403,0.1428147035780389,-0.15039716719303287,0.0,1.12705743521395,-0.007329869654357845
2013046S20042,Haruna (2013),2013.0,2013-0032-MDG,nat-met-sto-tro,MDG,Africa,0.0,42.0,127.0,40154.0,40281.0,0.0,0.0,25000.0,34550.0,72.3597374789251,Category 3,105.0,120.8,944.0,2013-02-14,2013-02-28,14.2,Landfall,Tropical Depression,-17.25,37.9,25.0,2013-02-14,0,0.008810406158692885,12.65999984741211,0.014586163205313918,0.08606526379165007,0.15600099912576493,0.0,0.9264751925595063,-0.0024392261241027603
2013282N14149,Wipha (2013),2013.0,2013-0396-JPN,nat-met-sto-tro,JPN,Asia,0.0,39.0,107.0,19182.0,19289.0,0.0,0.0,200000.0,276397.0,72.3597374789251,Category 4,120.0,138.1,933.0,2013-10-09,2013-10-18,9.5,At Sea / Open Water,At Sea / Open Water,0.0,0.0,0.0,2013-10-09,0,-0.02116039267155767,19.600000381469727,-0.023020469591974013,0.11849324326125306,0.5099464133610792,-0.044824539814976805,1.1590298872514677,-0.014233123676821502
2013269N15118,Wutip (2013),2013.0,2013-0419-CHN,nat-met-sto-tro,CHN,Asia,0.0,74.0,0.0,0.0,0.0,0.0,0.0,0.0,0.0,72.3597374789251,Category 3,100.0,115.1,948.0,2013-09-25,2013-10-01,5.2,Landfall,Category 1,17.8267,105.833,75.0,2013-09-25,0,-0.018411457591685942,14.010000228881836,-0.012910576297587517,0.112053927184845,-0.3317074364391227,-0.01621761299811675,1.2206645033442918,-0.007211158635174551
2013272N10135,Fitow (2013),2013.0,2013-0429-CHN,nat-met-sto-tro,CHN,Asia,0.0,8.0,0.0,475000.0,475000.0,0.0,0.0,6700000.0,9259293.0,72.3597374789251,Category 2,90.0,103.6,956.0,2013-09-29,2013-10-07,8.0,Landfall,Tropical Storm,27.1133,120.287,55.0,2013-09-30,1,-0.011298771458907009,16.600000381469727,-0.008545062039316265,0.11718436680976452,0.00022800123388910798,-0.02378985695226432,1.2023710081423846,-0.005761129953668268
2014164N19116,Hagibis (2014),2014.0,2014-0213-CHN,nat-met-sto-tro,CHN,Asia,0.0,0.0,0.0,5000.0,5000.0,0.0,0.0,131000.0,178150.0,73.5335770092672,Tropical Storm,50.0,57.5,985.0,2014-06-13,2014-06-23,10.0,Landfall,Tropical Storm,23.3,116.55,40.0,2014-06-13,0,-0.00639797813717824,12.18000030517578,-0.014644659888247591,0.10585359823387995,-0.17875076034970128,-0.01960817796332326,1.1322627602892625,-0.0018853982773661612
2014212N11242,Iselle (2014),2014.0,2014-0310-USA,nat-met-sto-tro,USA,Americas,0.0,1.0,0.0,834.0,834.0,0.0,0.0,66000.0,89755.0,73.5335770092672,Category 4,120.0,138.1,947.0,2014-07-30,2014-08-10,11.0,Landfall,Tropical Storm,19.2,-155.3,50.0,2014-07-30,0,-0.008357134764294005,13.329999923706056,-0.023805114555411122,0.10351914548756495,0.8720281661703093,-0.03378954468383588,1.254364878476396,0.0027223385738549336
2014209N16134,Nakri (2014),2014.0,2014-0314-JPN,nat-met-sto-tro,JPN,Asia,0.0,0.0,0.0,4401.0,4401.0,0.0,0.0,0.0,0.0,73.5335770092672,Tropical Storm,40.0,46.0,992.0,2014-07-27,2014-08-04,7.5,Landfall,Tropical Depression,35.85,126.75,0.0,2014-07-28,1,0.00233151880553617,12.5600004196167,-0.012728332550087096,0.09861962721050578,0.3884813735225343,-0.022465495054153073,1.2278912081148206,-0.004875538451955371
2014245N19268,Dolly (2014),2014.0,2014-0385-MEX,nat-met-sto-tro,MEX,Americas,0.0,1.0,0.0,1500.0,1500.0,0.0,0.0,500.0,680.0,73.5335770092672,Tropical Storm,45.0,51.8,1000.0,2014-09-01,2014-09-04,2.5,Landfall,Tropical Storm,22.0,-97.7,40.0,2014-09-02,1,0.002048302045785322,12.25,-0.002943496360176323,0.09723447320468658,0.7892841062584421,-0.0034934846806058406,1.0889129165906697,0.005341893823799761
2014279N11096,Hudhud (2014),2014.0,2014-0392-IND,nat-met-sto-tro,IND,Asia,0.0,53.0,0.0,920000.0,920000.0,530000.0,720759.0,7000000.0,9519461.0,73.5335770092672,Category 4,115.0,132.3,937.0,2014-10-06,2014-10-14,8.1,Landfall,Category 3,17.7887,83.0748,110.0,2014-10-06,0,-0.006327685613302325,15.460000038146973,-0.011083685091180184,0.12429953921033875,0.5753628484911768,-0.03382686602925944,1.0329657388086568,-0.012160356487300628
2015013S18038,Chedza (2015),2015.0,2015-0016-MDG,nat-met-sto-tro,MDG,Africa,0.0,89.0,37.0,0.0,174007.0,0.0,0.0,36000.0,48899.0,73.6208029365864,Tropical Storm,50.0,57.5,985.0,2015-01-13,2015-01-22,9.2,Landfall,Tropical Depression,-17.5,37.6,0.0,2015-01-13,0,0.011310281657380683,20.559999465942383,0.007704890172736789,0.17561822960906678,-0.08739809888702643,-0.0445297208472607,1.091291252220121,0.006251129086807836
2015045S12145,Lam (2015),2015.0,2015-0053-AUS,nat-met-sto-tro,AUS,Oceania,0.0,0.0,0.0,390.0,438.0,0.0,0.0,78000.0,105948.0,73.6208029365864,Category 3,100.0,115.1,948.0,2015-02-14,2015-02-20,6.8,Landfall,Tropical Depression,-12.8454,143.189,0.0,2015-02-17,3,0.02677967074820553,15.800000190734863,0.02140974818666752,0.1525695242369435,-0.4130566218135291,0.0,1.003993870499467,0.0074222054010717135
2015047S15152,Marcia (2015),2015.0,2015-0079-AUS,nat-met-sto-tro,AUS,Oceania,0.0,1.0,0.0,0.0,6000.0,396000.0,537891.0,546000.0,741638.0,73.6208029365864,Category 4,125.0,143.8,929.0,2015-02-16,2015-02-22,6.2,Landfall,Category 4,-22.775,150.475,115.0,2015-02-17,1,0.02677967074820553,15.800000190734863,0.02140974818666752,0.1525695242369435,-0.4130566218135291,0.0,1.003993870499467,0.0074222054010717135
2015066S08170,Pam (2015),2015.0,2015-0093-TUV,nat-met-sto-tro,TUV,Oceania,0.0,0.0,0.0,4613.0,4613.0,0.0,0.0,0.0,0.0,73.6208029365864,Category 5,150.0,172.6,911.0,2015-03-07,2015-03-20,12.8,At Sea / Open Water,At Sea / Open Water,0.0,0.0,0.0,2015-03-09,2,-0.017123544913469013,15.0600004196167,-0.01775217796748807,0.10213326134469337,-0.28658208920352324,-0.020116983364279584,0.9899979889690976,-0.000694315381212729
2015171N15112,Kujira (2015),2015.0,2015-0252-CHN,nat-met-sto-tro,CHN,Asia,0.0,0.0,0.0,193000.0,193000.0,0.0,0.0,11000.0,14941.0,73.6208029365864,Tropical Storm,50.0,57.5,985.0,2015-06-19,2015-06-25,5.2,Landfall,Tropical Storm,18.9,110.35,40.0,2015-06-19,0,0.008692006186345358,13.960000038146973,0.00029768883700120874,0.10790783916707243,0.14110240662623563,-0.01587582074704552,1.0323229417788462,-0.00681783302435576
2015249N18142,Etau (2015),2015.0,2015-0456-JPN,nat-met-sto-tro,JPN,Asia,0.0,8.0,46.0,60000.0,60046.0,250000.0,339578.0,0.0,0.0,73.6208029365864,Tropical Storm,60.0,69.0,978.0,2015-09-05,2015-09-11,6.0,Landfall,Tropical Storm,35.8501,136.762,40.0,2015-09-08,3,-0.0012140030324151452,24.899999618530273,0.00896872001757032,0.29550693215207147,-0.3725049825980903,-0.053064816767345646,0.960782866718627,0.0025233107538437964
2015309N14067,Megh (2015),2015.0,2015-0494-SOM,nat-met-sto-tro,SOM,Africa,0.0,0.0,0.0,0.0,0.0,0.0,0.0,0.0,0.0,73.6208029365864,Category 3,110.0,126.6,941.0,2015-11-04,2015-11-10,6.0,Landfall,Tropical Depression,13.4541,46.5591,22.0,2015-11-04,0,0.00674806553944185,15.510000228881836,0.0077245949146402815,0.14825801159388233,-0.3059096259294347,-0.00273017451633073,0.9559301936021254,0.0066130125636941536
2015293N13266,Patricia (2015),2015.0,2015-0470-MEX,nat-met-sto-tro,MEX,Americas,0.0,14.0,0.0,15000.0,15000.0,343000.0,465901.0,823000.0,1117891.0,73.6208029365864,Category 5,185.0,212.9,872.0,2015-10-20,2015-10-24,4.2,Landfall,Category 4,19.4,-105.0,130.0,2015-10-20,0,0.014282512546046178,15.75,0.0028397526646775084,0.17782435848173983,0.09824799805872364,-0.007866471811931564,0.9741643455444405,0.0015731413351822293
2015273N12130,Mujigae (2015),2015.0,2015-0490-CHN,nat-met-sto-tro,CHN,Asia,0.0,20.0,0.0,52500.0,78300.0,0.0,0.0,4200000.0,5704909.0,73.6208029365864,Category 4,115.0,132.3,937.0,2015-09-30,2015-10-05,5.2,Landfall,Tropical Depression,15.7,121.325,30.0,2015-09-30,0,-0.010175445988072851,24.5,-0.0025985257858530675,0.21420783436959018,1.215860191446386,-0.04494385688943936,0.961778029711466,0.01266662756569277
2015256N16113,Vamco (2015),2015.0,2015-0620-THA,nat-met-sto-tro,THA,Asia,0.0,3.0,0.0,1440.0,1440.0,0.0,0.0,561.0,762.0,73.6208029365864,Tropical Storm,35.0,40.3,996.0,2015-09-13,2015-09-15,2.2,Landfall,Tropical Depression,15.6351,108.219,32.0,2015-09-14,1,0.017757849067738363,24.25,0.01767296854493572,0.29464635080700086,-0.17386536107711137,-0.06221424459543845,0.9564664340943239,-0.004523464226579886
2016215N16283,Earl (2016),2016.0,2016-0284-HND,nat-met-sto-tro,HND,Americas,0.0,1.0,0.0,151.0,151.0,0.0,0.0,0.0,0.0,74.5496029864344,Category 1,75.0,86.3,979.0,2016-08-02,2016-08-06,4.2,Landfall,Category 1,17.4,-88.3,75.0,2016-08-02,0,-0.005536141324290478,13.369999885559082,-0.017618717489557345,0.1086548767332376,0.43705204778157003,-0.02296701495866793,1.1327224872469237,0.0025472526879544745
2016215N16283,Earl (2016),2016.0,2016-0284-BLZ,nat-met-sto-tro,BLZ,Americas,0.0,0.0,0.0,10355.0,10355.0,0.0,0.0,0.0,0.0,74.5496029864344,Category 1,75.0,86.3,979.0,2016-08-02,2016-08-06,4.2,Landfall,Category 1,17.4,-88.3,75.0,2016-08-02,0,-0.005536141324290478,13.369999885559082,-0.017618717489557345,0.1086548767332376,0.43705204778157003,-0.02296701495866793,1.1327224872469237,0.0025472526879544745
2016215N16283,Earl (2016),2016.0,2016-0284-MEX,nat-met-sto-tro,MEX,Americas,0.0,54.0,0.0,11000.0,11000.0,0.0,0.0,0.0,0.0,74.5496029864344,Category 1,75.0,86.3,979.0,2016-08-02,2016-08-06,4.2,Landfall,Category 1,17.4,-88.3,75.0,2016-08-02,0,-0.005536141324290478,13.369999885559082,-0.017618717489557345,0.1086548767332376,0.43705204778157003,-0.02296701495866793,1.1327224872469237,0.0025472526879544745
2016242N24279,Hermine (2016),2016.0,2016-0322-USA,nat-met-sto-tro,USA,Americas,0.0,3.0,0.0,13500.0,14070.0,270000.0,362175.0,600000.0,804833.0,74.5496029864344,Category 1,70.0,80.6,981.0,2016-08-28,2016-09-08,11.0,Landfall,Category 1,30.1,-84.1,70.0,2016-08-29,1,-0.0007778309410803042,12.9399995803833,0.0018654420011883222,0.07259713452829421,0.15147855751958583,0.0,1.151521712309003,-0.008949572639983753
2016266N11144,Megi (2016),2016.0,2016-0350-CHN,nat-met-sto-tro,CHN,Asia,0.0,35.0,0.0,36000.0,36000.0,0.0,0.0,830000.0,1113353.0,74.5496029864344,Category 4,120.0,138.1,933.0,2016-09-22,2016-09-29,7.8,Landfall,Category 2,23.8963,121.035,90.0,2016-09-22,0,0.013921332427239363,12.020000457763672,0.017026297538851543,0.1493398070540415,-0.3703830530097022,-0.01189369930039097,1.1402187662544314,0.009680279550126592
2016273N13300,Matthew (2016),2016.0,2016-0355-BHS,nat-met-sto-tro,BHS,Americas,0.0,0.0,0.0,0.0,0.0,0.0,0.0,600000.0,804833.0,74.5496029864344,Category 5,145.0,166.9,934.0,2016-09-28,2016-10-10,11.5,Landfall,Category 4,18.3,-74.3,130.0,2016-09-28,0,0.003799357645445367,12.390000343322754,0.011622052736612876,0.15357430313877574,-0.5082310845271633,-0.0049422907345715306,1.1089361738949697,0.004998160853192804
2016273N13300,Matthew (2016),2016.0,2016-0355-HTI,nat-met-sto-tro,HTI,Americas,0.0,546.0,439.0,2100000.0,2100439.0,0.0,0.0,2000000.0,2682778.0,74.5496029864344,Category 5,145.0,166.9,934.0,2016-09-28,2016-10-10,11.5,Landfall,Category 4,18.3,-74.3,130.0,2016-09-28,0,0.003799357645445367,12.390000343322754,0.011622052736612876,0.15357430313877574,-0.5082310845271633,-0.0049422907345715306,1.1089361738949697,0.004998160853192804
2016273N13300,Matthew (2016),2016.0,2016-0355-LCA,nat-met-sto-tro,LCA,Americas,0.0,0.0,0.0,25000.0,25000.0,0.0,0.0,0.0,0.0,74.5496029864344,Category 5,145.0,166.9,934.0,2016-09-28,2016-10-10,11.5,Landfall,Category 4,18.3,-74.3,130.0,2016-09-28,0,0.003799357645445367,12.390000343322754,0.011622052736612876,0.15357430313877574,-0.5082310845271633,-0.0049422907345715306,1.1089361738949697,0.004998160853192804
2016230N15138,Mindulle (2016),2016.0,2016-0382-JPN,nat-met-sto-tro,JPN,Asia,0.0,2.0,70.0,3633.0,3703.0,0.0,0.0,100000.0,134139.0,74.5496029864344,Category 1,65.0,74.8,974.0,2016-08-16,2016-08-23,6.5,Landfall,Tropical Storm,35.85,140.025,60.0,2016-08-16,0,-0.0010081467849896164,12.640000343322754,0.005482147604641163,0.08627229330332116,0.03174811127123456,-0.004410435599593088,1.1320348599848247,0.00037744003059440867
2016323N13279,Otto (2016),2016.0,2016-0433-CRI,nat-met-sto-tro,CRI,Americas,0.0,9.0,0.0,50000.0,50000.0,0.0,0.0,0.0,0.0,74.5496029864344,Category 3,100.0,115.1,975.0,2016-11-17,2016-11-26,8.8,Landfall,Category 3,11.0,-83.8,100.0,2016-11-17,0,0.009543159820688984,13.350000381469728,0.006235613875987811,0.15162110242534727,-0.7503510493007868,-0.0035752673743635333,1.0779975426437634,0.010214312282901693
2016341N08092,Vardah (2016),2016.0,2016-0485-IND,nat-met-sto-tro,IND,Asia,0.0,24.0,0.0,0.0,0.0,200000.0,268278.0,1000000.0,1341389.0,74.5496029864344,Category 2,85.0,97.8,959.0,2016-12-06,2016-12-19,12.8,Landfall,Category 1,13.1,79.85,65.0,2016-12-06,0,0.0035760308550556452,11.789999961853027,0.008824162857659301,0.1191536488533263,-0.16929816268002895,0.0,1.0119851001700721,-0.015257681367240365
2017232N19130,Hato (2017),2017.0,2017-0352-VNM,nat-met-sto-tro,VNM,Asia,0.0,1.0,1.0,0.0,1.0,0.0,0.0,1430000.0,1878178.0,76.1376037057766,Category 3,100.0,115.1,948.0,2017-08-19,2017-08-25,5.5,Landfall,Category 2,22.175,112.85,85.0,2017-08-21,2,-0.014764198245264426,13.1899995803833,-0.01910441834408827,0.09575205680606425,0.11471508329716062,-0.023519053096952902,0.9547267894711183,-0.003590878616076343
2017043S19040,Dineo (2017),2017.0,2017-0051-MOZ,nat-met-sto-tro,MOZ,Africa,0.0,7.0,102.0,750000.0,750102.0,0.0,0.0,17000.0,22328.0,76.1376037057766,Category 2,85.0,97.8,959.0,2017-02-11,2017-02-17,5.8,Landfall,Category 1,-23.4,35.25,75.0,2017-02-13,2,0.0167736416723272,11.06999969482422,0.026212304034972433,0.10029779177199204,1.4404090416778024,0.0,1.0232845335517884,-0.0035051844968393316
2017147N14087,Mora (2017),2017.0,2017-0152-BGD,nat-met-sto-tro,BGD,Asia,0.0,7.0,12.0,3300000.0,3300012.0,0.0,0.0,0.0,0.0,76.1376037057766,Category 1,80.0,92.1,963.0,2017-05-27,2017-05-30,3.5,Landfall,Category 1,21.8988,91.9716,67.0,2017-05-30,3,0.008266338907300108,10.380000114440918,0.010799488353775422,0.10204162779096851,-0.06358550305862098,-0.0002963767430570474,1.2280772658627006,-0.006915592360182235
2017195N16114,Talas (2017),2017.0,2017-0281-VNM,nat-met-sto-tro,VNM,Asia,0.0,9.0,0.0,21000.0,21000.0,0.0,0.0,71000.0,93252.0,76.1376037057766,Tropical Storm,50.0,57.5,985.0,2017-07-14,2017-07-17,3.8,Landfall,Tropical Storm,18.6,105.675,45.0,2017-07-14,0,0.014249740905891262,9.510000228881836,0.011214527433152544,0.09886304126881856,0.32459740322077413,0.0,1.0629148482738988,-0.015075464493977751
2017242N16333,Irma (2017),2017.0,2017-0381-BLM,nat-met-sto-tro,BLM,Americas,0.0,4.0,0.0,0.0,0.0,1048800.0,1377506.0,0.0,0.0,76.1376037057766,Category 5,155.0,178.4,914.0,2017-08-30,2017-09-13,14.5,Landfall,Category 3,25.9,-81.7,100.0,2017-08-30,0,0.00592896952370392,11.220000267028809,0.012464568454542801,0.11294292425937948,-0.22253845825447194,-0.009436805441739304,0.9875921418724127,-0.006236846354455276
2017242N16333,Irma (2017),2017.0,2017-0381-BRB,nat-met-sto-tro,BRB,Americas,0.0,1.0,0.0,0.0,0.0,0.0,0.0,0.0,0.0,76.1376037057766,Category 5,155.0,178.4,914.0,2017-08-30,2017-09-13,14.5,Landfall,Category 3,25.9,-81.7,100.0,2017-08-30,0,0.00592896952370392,11.220000267028809,0.012464568454542801,0.11294292425937948,-0.22253845825447194,-0.009436805441739304,0.9875921418724127,-0.006236846354455276
2017242N16333,Irma (2017),2017.0,2017-0381-HTI,nat-met-sto-tro,HTI,Americas,0.0,1.0,17.0,40075.0,40092.0,162.0,213.0,0.0,0.0,76.1376037057766,Category 5,155.0,178.4,914.0,2017-08-30,2017-09-13,14.5,Landfall,Category 3,25.9,-81.7,100.0,2017-08-30,0,0.00592896952370392,11.220000267028809,0.012464568454542801,0.11294292425937948,-0.22253845825447194,-0.009436805441739304,0.9875921418724127,-0.006236846354455276
2017242N16333,Irma (2017),2017.0,2017-0381-PRI,nat-met-sto-tro,PRI,Americas,0.0,2.0,0.0,0.0,0.0,0.0,0.0,0.0,0.0,76.1376037057766,Category 5,155.0,178.4,914.0,2017-08-30,2017-09-13,14.5,Landfall,Category 3,25.9,-81.7,100.0,2017-08-30,0,0.00592896952370392,11.220000267028809,0.012464568454542801,0.11294292425937948,-0.22253845825447194,-0.009436805441739304,0.9875921418724127,-0.006236846354455276
2017242N16333,Irma (2017),2017.0,2017-0381-TCA,nat-met-sto-tro,TCA,Americas,0.0,0.0,0.0,0.0,0.0,14900.0,19570.0,500000.0,656706.0,76.1376037057766,Category 5,155.0,178.4,914.0,2017-08-30,2017-09-13,14.5,Landfall,Category 3,25.9,-81.7,100.0,2017-08-30,0,0.00592896952370392,11.220000267028809,0.012464568454542801,0.11294292425937948,-0.22253845825447194,-0.009436805441739304,0.9875921418724127,-0.006236846354455276
2017242N16333,Irma (2017),2017.0,2017-0381-VGB,nat-met-sto-tro,VGB,Americas,0.0,9.0,0.0,0.0,0.0,0.0,0.0,3000000.0,3940234.0,76.1376037057766,Category 5,155.0,178.4,914.0,2017-08-30,2017-09-13,14.5,Landfall,Category 3,25.9,-81.7,100.0,2017-08-30,0,0.00592896952370392,11.220000267028809,0.012464568454542801,0.11294292425937948,-0.22253845825447194,-0.009436805441739304,0.9875921418724127,-0.006236846354455276
2017260N12310,Maria (2017),2017.0,2017-0383-DMA,nat-met-sto-tro,DMA,Americas,0.0,64.0,100.0,71293.0,71393.0,19300.0,25349.0,1456000.0,1912327.0,76.1376037057766,Category 5,150.0,172.6,908.0,2017-09-16,2017-10-02,16.0,Landfall,Category 4,18.0,-65.9,135.0,2017-09-18,2,0.007019417295161201,10.149999618530272,0.017993963367901156,0.08404590178304167,-0.23257469771160189,0.0,0.9899371444981337,0.017032613279769737
2017260N12310,Maria (2017),2017.0,2017-0383-HTI,nat-met-sto-tro,HTI,Americas,0.0,3.0,0.0,0.0,0.0,0.0,0.0,0.0,0.0,76.1376037057766,Category 5,150.0,172.6,908.0,2017-09-16,2017-10-02,16.0,Landfall,Category 4,18.0,-65.9,135.0,2017-09-18,2,0.007019417295161201,10.149999618530272,0.017993963367901156,0.08404590178304167,-0.23257469771160189,0.0,0.9899371444981337,0.017032613279769737
2017253N14130,Doksuri (2017),2017.0,2017-0406-VNM,nat-met-sto-tro,VNM,Asia,0.0,14.0,112.0,691900.0,692012.0,0.0,0.0,484000.0,635691.0,76.1376037057766,Category 2,95.0,109.3,960.0,2017-09-10,2017-09-16,6.2,Landfall,Tropical Depression,14.4994,121.278,30.0,2017-09-11,1,0.005527694612103895,10.729999542236328,0.0049625781184934326,0.11267074224448649,-0.4479619911873617,0.0,0.9960045703753067,0.011002591660549127
2018089S18172,Josie (2018),2018.0,2018-0101-FJI,nat-met-sto-tro,FJI,Oceania,0.0,7.0,0.0,89950.0,89950.0,0.0,0.0,10000.0,12821.0,77.9972651879547,Tropical Storm,50.0,57.5,994.0,2018-03-30,2018-04-04,5.2,At Sea / Open Water,At Sea / Open Water,0.0,0.0,0.0,2018-04-02,3,-0.0022473880487124953,23.6200008392334,0.00027515938219191405,0.22379102676292031,0.779040052791274,-0.06879178074121128,0.9993229856815059,-0.016587491495144446
2017304N11127,Damrey (2017),2017.0,2017-0422-VNM,nat-met-sto-tro,VNM,Asia,0.0,123.0,0.0,4330000.0,4330000.0,0.0,0.0,1000000.0,1313411.0,76.1376037057766,Category 2,90.0,103.6,967.0,2017-10-31,2017-11-05,5.0,Landfall,Tropical Depression,11.25,124.35,0.0,2017-10-31,0,0.0022995460556769487,10.18000030517578,-0.01892793235181578,0.07419095627207499,0.10999886390891067,-0.019599910587509206,0.9937403067487763,0.0004175128622096354
2017288N09138,Lan (2017),2017.0,2017-0432-JPN,nat-met-sto-tro,JPN,Asia,0.0,8.0,210.0,18600.0,18810.0,0.0,0.0,1000000.0,1313411.0,76.1376037057766,Category 4,135.0,155.4,922.0,2017-10-15,2017-10-23,8.8,Landfall,Category 1,34.6857,138.207,70.0,2017-10-16,1,0.005276634642993994,9.90999984741211,0.005575311687853413,0.04301341402467723,-0.07656769900179161,-0.0006927993112392228,0.9460600238495145,0.0019516632451522624
2017252N14147,Talim (2017),2017.0,2017-0468-JPN,nat-met-sto-tro,JPN,Asia,0.0,2.0,56.0,21600.0,21656.0,330000.0,433426.0,500000.0,656706.0,76.1376037057766,Category 4,120.0,138.1,933.0,2017-09-08,2017-09-22,14.2,Landfall,Tropical Storm,31.4564,130.855,55.0,2017-09-08,0,-0.0036767918960330936,12.119999885559082,-0.0027755719334321416,0.10875232307852044,-0.06577880718008111,-0.0049558075949078795,0.9953465778455289,0.00552597861297959
2017333N06082,Ockhi (2017),2017.0,2017-0508-LKA,nat-met-sto-tro,LKA,Asia,0.0,27.0,77.0,160000.0,160077.0,0.0,0.0,346000.0,454440.0,76.1376037057766,Category 3,100.0,115.1,948.0,2017-11-28,2017-12-05,7.0,Landfall,Tropical Depression,6.1,80.6667,30.0,2017-11-28,0,0.017692829303877833,10.029999732971191,0.02541651507121312,0.09540177149137434,0.5519219205328647,0.0,1.035392729050837,0.011959085835749764
2018038S15172,Gita (2018),2018.0,2018-0042-WSM,nat-met-sto-tro,WSM,Oceania,0.0,0.0,0.0,0.0,0.0,0.0,0.0,0.0,0.0,77.9972651879547,Category 4,125.0,143.8,929.0,2018-02-07,2018-02-22,15.5,Landfall,Tropical Depression,-42.0131,172.712,0.0,2018-02-07,0,-0.05047886336747187,27.729999542236328,-0.047409781878920976,0.21257555356613927,0.41772943626822445,-0.05839337098091646,1.0286211081023227,-0.0051401019256768965
2018073S12057,Eliakim (2018),2018.0,2018-0086-MDG,nat-met-sto-tro,MDG,Africa,0.0,21.0,0.0,50872.0,50872.0,0.0,0.0,0.0,0.0,77.9972651879547,Category 1,65.0,74.8,982.0,2018-03-13,2018-03-22,9.2,Landfall,Tropical Storm,-15.8,50.2,60.0,2018-03-13,0,0.014072004996698695,16.350000381469727,0.0095589963698135,0.1767032446376295,-0.37858148605708797,-0.0209524547017077,1.0127981069648653,0.010107722867882502
2023039S15153,Gabrielle (2023),2023.0,2023-0079-NZL,nat-met-sto-tro,NZL,Oceania,0.0,11.0,0.0,10500.0,10500.0,1900000.0,2007510.0,2800000.0,2958435.0,94.6446220103845,Category 2,89.0,102.4,958.0,2023-02-08,2023-02-12,4.2,At Sea / Open Water,At Sea / Open Water,0.0,0.0,0.0,2023-02-08,0,-0.0003652317123680193,19.6299991607666,-0.002437074977709064,0.161810340582745,-0.5544060406508453,-0.010155708329274593,0.8161550439618879,0.004032189407312416
2018186N10325,Beryl (2018),2018.0,2018-0280-DOM,nat-met-sto-tro,DOM,Americas,0.0,0.0,0.0,0.0,8000.0,0.0,0.0,0.0,0.0,77.9972651879547,Category 1,70.0,80.6,991.0,2018-07-04,2018-07-17,12.8,Landfall,Tropical Depression,18.6696,-71.1097,30.0,2018-07-05,1,0.013959614808509047,14.970000267028809,0.0074248484586487695,0.11021014834279012,-0.5735851147422077,-0.057339683054063784,1.1091692873140102,-0.005120681607362246
2018186N10325,Beryl (2018),2018.0,2018-0280-PRI,nat-met-sto-tro,PRI,Americas,0.0,0.0,0.0,0.0,0.0,0.0,0.0,0.0,0.0,77.9972651879547,Category 1,70.0,80.6,991.0,2018-07-04,2018-07-17,12.8,Landfall,Tropical Depression,18.6696,-71.1097,30.0,2018-07-05,1,0.013959614808509047,14.970000267028809,0.0074248484586487695,0.11021014834279012,-0.5735851147422077,-0.057339683054063784,1.1091692873140102,-0.005120681607362246
2018184N10147,Maria (2018),2018.0,2018-0285-CHN,nat-met-sto-tro,CHN,Asia,0.0,0.0,0.0,45000.0,45000.0,0.0,0.0,490000.0,628227.0,77.9972651879547,Category 5,145.0,166.9,910.0,2018-07-03,2018-07-13,10.0,Landfall,Category 2,26.3821,119.097,85.0,2018-07-03,0,-0.0025770723118381245,16.139999389648438,-0.005558971840651794,0.11391887971856958,-0.3754860211072024,-0.06192783125011925,1.1102972845964043,-0.011011236750876518
2018221N17112,Bebinca (2018),2018.0,2018-0305-LAO,nat-met-sto-tro,LAO,Asia,0.0,0.0,0.0,615145.0,615145.0,0.0,0.0,225000.0,288472.0,77.9972651879547,Tropical Storm,60.0,69.0,979.0,2018-08-09,2018-08-17,8.8,Landfall,Tropical Depression,21.6512,112.222,20.0,2018-08-09,0,0.009490562807761949,11.270000457763672,-0.0005280876853310801,0.13363802969322616,0.21026784062742787,-0.015340623789933727,1.2391836333200767,0.00544639399542962
2018218N18134,Yagi (2018),2018.0,2018-0347-CHN,nat-met-sto-tro,CHN,Asia,0.0,3.0,0.0,2400.0,2400.0,0.0,0.0,367000.0,470529.0,77.9972651879547,Tropical Storm,45.0,51.8,983.0,2018-08-06,2018-08-16,10.0,Landfall,Tropical Storm,28.3089,121.503,40.0,2018-08-06,0,0.016752979295495907,11.270000457763672,0.00930093141350663,0.1482933613799129,-0.5932313239369469,-0.012480716847681594,1.2004974150357066,-0.005743072649383712
2018226N23128,Rumbia (2018),2018.0,2018-0348-CHN,nat-met-sto-tro,CHN,Asia,0.0,53.0,0.0,39600.0,39600.0,0.0,0.0,5400000.0,6923320.0,77.9972651879547,Tropical Storm,50.0,57.5,978.0,2018-08-14,2018-08-20,6.8,Landfall,Tropical Storm,30.904,121.228,47.0,2018-08-14,0,-0.005883092382582444,13.3100004196167,-0.016601091812771585,0.13956007613963142,0.014149536501270488,-0.021970639860124375,1.261596232738872,0.017469645468268177
2018263N12146,Trami (2018),2018.0,2018-0353-JPN,nat-met-sto-tro,JPN,Asia,0.0,4.0,200.0,18000.0,18200.0,0.0,0.0,4500000.0,5769433.0,77.9972651879547,Category 5,140.0,161.1,914.0,2018-09-20,2018-10-03,13.5,Landfall,Category 1,33.8252,135.444,70.0,2018-09-20,0,0.009455552550481805,11.800000190734863,0.01512476510366012,0.0733884831681674,0.29584133800429435,0.0,1.0686860669081562,-0.007303588018935361
2018265N35315,Leslie (2018),2018.0,2018-0376-PRT,nat-met-sto-tro,PRT,Europe,0.0,2.0,28.0,60.0,88.0,60000.0,76926.0,115500.0,148082.0,77.9972651879547,Category 1,80.0,92.1,968.0,2018-09-22,2018-10-14,22.0,Landfall,Tropical Storm,41.1,-7.6,40.0,2018-09-24,2,0.010359106890072356,12.199999809265137,-0.0011396763636499774,0.1002464972164235,0.4339009380414651,-0.017125497595611883,1.1310996275093785,0.003090705111087489
2018294N08161,Yutu (2018),2018.0,2018-0399-MNP,nat-met-sto-tro,MNP,Oceania,0.0,2.0,0.0,0.0,0.0,0.0,0.0,0.0,0.0,77.9972651879547,Category 5,150.0,172.6,904.0,2018-10-20,2018-11-03,13.5,Landfall,Category 3,16.7662,122.297,97.0,2018-10-22,2,0.002223035032105969,19.63999938964844,-0.014991366185958421,0.18445445713106942,-0.10036707628345132,-0.0837937380884709,0.9972025526415552,-0.027854084286909886
2018292N13269,Vicente (2018),2018.0,2018-0421-MEX,nat-met-sto-tro,MEX,Americas,0.0,14.0,0.0,0.0,0.0,0.0,0.0,7005.0,8981.0,77.9972651879547,Tropical Storm,45.0,51.8,1002.0,2018-10-19,2018-10-23,4.6,Landfall,Tropical Depression,18.0,-102.4,25.0,2018-10-19,0,0.0010870263983777662,19.88999938964844,-0.009742794589590154,0.1905038345278988,-0.41677944086664986,-0.08065303949963298,0.984827330291187,-0.016823651154257747
2018314N12093,Gaja (2018),2018.0,2018-0431-IND,nat-met-sto-tro,IND,Asia,0.0,45.0,0.0,500000.0,500000.0,0.0,0.0,775000.0,993625.0,77.9972651879547,Category 1,80.0,92.1,963.0,2018-11-10,2018-11-19,9.4,Landfall,Category 1,10.4674,79.69,75.0,2018-11-12,2,-0.0029994919370102124,20.450000762939453,-0.005185078478818328,0.23365171078944727,-0.38244390678140194,-0.0571130056143786,0.9627867250663863,0.010285492295715435
2019268N10155,Mitag (2019),2019.0,2019-0472-CHN,nat-met-sto-tro,CHN,Asia,0.0,3.0,0.0,0.0,0.0,0.0,0.0,263000.0,331189.0,79.4107846043372,Category 2,90.0,103.6,961.0,2019-09-24,2019-10-05,11.0,Landfall,Tropical Storm,35.0475,127.236,40.0,2019-09-24,0,-0.012241614953714453,17.049999237060547,-0.020327234875641143,0.13304109333850858,0.8879874545949147,-0.0216856278275962,1.0099472496311035,-0.009800696496374897
2019063S18038,Idai (2019),2019.0,2019-0110-MOZ,nat-met-sto-tro,MOZ,Africa,0.0,603.0,1500.0,1500000.0,1501500.0,150000.0,188891.0,2000000.0,2518550.0,79.4107846043372,Category 4,115.0,132.3,947.0,2019-03-04,2019-03-16,12.5,Landfall,Tropical Depression,-17.5149,37.2701,0.0,2019-03-04,0,-0.00042910849415134233,14.630000114440918,-0.005751007603892244,0.10213977656689946,0.894484839491517,-0.00691930215850578,1.077313241361863,-0.011678925441056653
2023037S12119,Freddy (2023),2023.0,2023-0095-MUS,nat-met-sto-tro,MUS,Africa,0.0,1.0,0.0,2500.0,2500.0,0.0,0.0,0.0,0.0,94.6446220103845,Category 5,138.0,158.8,924.0,2023-02-06,2023-02-24,18.0,Landfall,Category 2,-21.1,48.3,89.0,2023-02-06,0,0.023066069229040975,19.43000030517578,0.024463245430978775,0.1619242094051541,0.020183139621591017,-0.007640938571884082,0.8079271738346396,-0.0013329358926648252
2019192N29274,Barry (2019),2019.0,2019-0335-USA,nat-met-sto-tro,USA,Americas,0.0,1.0,0.0,0.0,0.0,300000.0,377782.0,600000.0,755565.0,79.4107846043372,Category 1,65.0,74.8,993.0,2019-07-10,2019-07-16,5.8,Landfall,Category 1,29.6,-92.2,65.0,2019-07-10,0,0.007354608765394621,13.029999732971191,-0.011241770467735668,0.11660746518987287,0.0960897241588361,-0.016705155804233596,1.0820966078538652,0.0079883146298598
2019243N06136,Lingling (2019),2019.0,2019-0424-KOR,nat-met-sto-tro,KOR,Asia,0.0,3.0,33.0,38.0,71.0,0.0,0.0,0.0,0.0,79.4107846043372,Category 4,120.0,138.1,928.0,2019-08-30,2019-09-12,12.5,Landfall,Category 1,37.9,125.225,65.0,2019-08-30,0,0.026680117789881663,18.979999542236328,0.036104463878319004,0.24203114158436,-0.7167052566770791,-0.003944222727560898,1.0141872801243546,0.0021028149141618796
2019243N06136,Lingling (2019),2019.0,2019-0424-PRK,nat-met-sto-tro,PRK,Asia,0.0,5.0,0.0,5300000.0,5300000.0,0.0,0.0,24000.0,30223.0,79.4107846043372,Category 4,120.0,138.1,928.0,2019-08-30,2019-09-12,12.5,Landfall,Category 1,37.9,125.225,65.0,2019-08-30,0,0.026680117789881663,18.979999542236328,0.036104463878319004,0.24203114158436,-0.7167052566770791,-0.003944222727560898,1.0141872801243546,0.0021028149141618796
2023037S12119,Freddy (2023),2023.0,2023-0095-REU,nat-met-sto-tro,REU,Africa,0.0,0.0,0.0,25000.0,25000.0,0.0,0.0,0.0,0.0,94.6446220103845,Category 5,138.0,158.8,924.0,2023-02-06,2023-02-24,18.0,Landfall,Category 2,-21.1,48.3,89.0,2023-02-06,0,0.023066069229040975,19.43000030517578,0.024463245430978775,0.1619242094051541,0.020183139621591017,-0.007640938571884082,0.8079271738346396,-0.0013329358926648252
2023037S12119,Freddy (2023),2023.0,2023-0095-ZWE,nat-met-sto-tro,ZWE,Africa,0.0,2.0,0.0,0.0,0.0,0.0,0.0,0.0,0.0,94.6446220103845,Category 5,138.0,158.8,924.0,2023-02-06,2023-02-24,18.0,Landfall,Category 2,-21.1,48.3,89.0,2023-02-06,0,0.023066069229040975,19.43000030517578,0.024463245430978775,0.1619242094051541,0.020183139621591017,-0.007640938571884082,0.8079271738346396,-0.0013329358926648252
2019246N24266,Fernand (2019),2019.0,2019-0519-MEX,nat-met-sto-tro,MEX,Americas,0.0,1.0,0.0,0.0,0.0,25000.0,31482.0,383000.0,482302.0,79.4107846043372,Tropical Storm,45.0,51.8,1000.0,2019-09-03,2019-09-05,1.8,Landfall,Tropical Depression,24.3,-98.0,30.0,2019-09-03,0,0.00951372433131703,19.65999984741211,0.01452634264704633,0.2251611381546293,-0.08936112634330107,-0.0174860279088348,1.0257797058850089,0.019557732298996922
2019354N05151,Phanfone (2019),2019.0,2019-0634-PHL,nat-met-sto-tro,PHL,Asia,0.0,63.0,369.0,3296877.0,3297246.0,0.0,0.0,15722.0,19798.0,79.4107846043372,Category 3,105.0,120.8,958.0,2019-12-19,2019-12-29,9.8,At Sea / Open Water,At Sea / Open Water,0.0,0.0,0.0,2019-12-19,0,0.011887662375620778,12.5,-0.00561514704230448,0.10482989688642647,-0.6308839122192591,-0.012485075559194425,1.172336204797811,-0.0026842179649082167
2020072S14054,Herold (2020),2020.0,2020-0103-MDG,nat-met-sto-tro,MDG,Africa,0.0,4.0,0.0,3200.0,3200.0,0.0,0.0,0.0,0.0,80.3903830082114,Category 3,100.0,115.1,960.0,2020-03-12,2020-03-21,8.8,At Sea / Open Water,At Sea / Open Water,0.0,0.0,0.0,2020-03-12,0,-0.17969344969271928,75.47000122070312,-0.20125852460748261,0.6225492226991289,-0.1773995035150302,-0.31115048319744054,1.0575638310850741,-0.04074694962418829
2020092S09155,Harold (2020),2020.0,2020-0132-FJI,nat-met-sto-tro,FJI,Oceania,0.0,1.0,0.0,180000.0,180000.0,0.0,0.0,13000.0,16171.0,80.3903830082114,Category 5,145.0,166.9,909.0,2020-04-01,2020-04-11,10.0,Landfall,Category 4,-15.6,166.867,120.0,2020-04-01,0,-0.0025931157073530997,57.060001373291016,-0.02559226756892663,1.0450014339792424,-0.4214283140561381,-0.22304679833531327,1.09341926799194,-0.018610166243475723
2020136N10088,Amphan (2020),2020.0,2020-0211-BGD,nat-met-sto-tro,BGD,Asia,0.0,26.0,0.0,2600000.0,2600000.0,0.0,0.0,1500000.0,1865895.0,80.3903830082114,Category 5,145.0,166.9,901.0,2020-05-15,2020-05-21,6.2,Landfall,Category 2,22.05,88.35,95.0,2020-05-15,0,-0.02106416048155757,31.88999938964844,-0.05783548770356228,0.30040823235531744,1.0086590082549214,-0.09235227312716143,1.0843499848731095,0.03896720302449434
2020136N10088,Amphan (2020),2020.0,2020-0211-IND,nat-met-sto-tro,IND,Asia,0.0,90.0,0.0,18000000.0,18000000.0,0.0,0.0,13500000.0,16793053.0,80.3903830082114,Category 5,145.0,166.9,901.0,2020-05-15,2020-05-21,6.2,Landfall,Category 2,22.05,88.35,95.0,2020-05-15,0,-0.02106416048155757,31.88999938964844,-0.05783548770356228,0.30040823235531744,1.0086590082549214,-0.09235227312716143,1.0843499848731095,0.03896720302449434
2020136N10088,Amphan (2020),2020.0,2020-0211-LKA,nat-met-sto-tro,LKA,Asia,0.0,4.0,0.0,1100.0,1100.0,0.0,0.0,0.0,0.0,80.3903830082114,Category 5,145.0,166.9,901.0,2020-05-15,2020-05-21,6.2,Landfall,Category 2,22.05,88.35,95.0,2020-05-15,0,-0.02106416048155757,31.88999938964844,-0.05783548770356228,0.30040823235531744,1.0086590082549214,-0.09235227312716143,1.0843499848731095,0.03896720302449434
2020153N13072,Nisarga (2020),2020.0,2020-0217-IND,nat-met-sto-tro,IND,Asia,0.0,6.0,0.0,7500.0,7500.0,0.0,0.0,820000.0,1020023.0,80.3903830082114,Category 2,85.0,97.8,968.0,2020-05-31,2020-06-04,3.5,Landfall,Category 1,18.5137,73.2462,77.0,2020-06-01,1,0.034219927469697264,28.229999542236328,0.06234343528251274,0.36925538503194194,0.8162800506115564,-0.013383689547573296,1.120290147096179,0.060175615596676654
2020152N12269,Amanda (2020),2020.0,2020-0218-GTM,nat-met-sto-tro,GTM,Americas,0.0,2.0,0.0,306000.0,306886.0,0.0,0.0,0.0,0.0,80.3903830082114,Tropical Storm,35.0,40.3,1003.0,2020-05-30,2020-05-31,0.8,Landfall,Tropical Storm,14.1,-90.3,35.0,2020-06-01,2,0.034219927469697264,28.229999542236328,0.06234343528251274,0.36925538503194194,0.8162800506115564,-0.013383689547573296,1.120290147096179,0.060175615596676654
2020152N12269,Amanda (2020),2020.0,2020-0218-SLV,nat-met-sto-tro,SLV,Americas,0.0,32.0,0.0,149840.0,149840.0,0.0,0.0,220000.0,273665.0,80.3903830082114,Tropical Storm,35.0,40.3,1003.0,2020-05-30,2020-05-31,0.8,Landfall,Tropical Storm,14.1,-90.3,35.0,2020-06-01,2,0.034219927469697264,28.229999542236328,0.06234343528251274,0.36925538503194194,0.8162800506115564,-0.013383689547573296,1.120290147096179,0.060175615596676654
2020211N14124,Sinlaku (2020),2020.0,2020-0307-LAO,nat-met-sto-tro,LAO,Asia,0.0,0.0,0.0,1000.0,1000.0,0.0,0.0,0.0,0.0,80.3903830082114,Tropical Storm,45.0,51.8,989.0,2020-07-29,2020-08-03,5.0,Landfall,Tropical Depression,15.3,121.0,15.0,2020-07-29,0,-0.0053233660762878054,24.100000381469727,0.0012392459281591606,0.2017158494748262,-0.08986640770583454,0.0,1.3583299529359905,-0.017379050724815746
2020211N14124,Sinlaku (2020),2020.0,2020-0307-VNM,nat-met-sto-tro,VNM,Asia,0.0,2.0,0.0,10000.0,10000.0,0.0,0.0,232.0,289.0,80.3903830082114,Tropical Storm,45.0,51.8,989.0,2020-07-29,2020-08-03,5.0,Landfall,Tropical Depression,15.3,121.0,15.0,2020-07-29,0,-0.0053233660762878054,24.100000381469727,0.0012392459281591606,0.2017158494748262,-0.08986640770583454,0.0,1.3583299529359905,-0.017379050724815746
2020211N13306,Isaias (2020),2020.0,2020-0312-DOM,nat-met-sto-tro,DOM,Americas,0.0,2.0,0.0,5595.0,5595.0,0.0,0.0,165000.0,205248.0,80.3903830082114,Category 1,80.0,92.1,986.0,2020-07-28,2020-08-05,7.8,Landfall,Tropical Storm,18.9,-69.8,60.0,2020-07-28,0,-0.011815242560159533,25.440000534057617,-0.005828458429264938,0.19680027590639093,-0.36169643525999806,-0.013766246001691185,1.3587865491102793,-0.029655202962138458
2020205N26272,Hanna (2020),2020.0,2020-0316-MEX,nat-met-sto-tro,MEX,Americas,0.0,5.0,0.0,0.0,0.0,0.0,0.0,135000.0,167931.0,80.3903830082114,Category 1,80.0,92.1,973.0,2020-07-23,2020-07-26,3.8,Landfall,Category 1,26.7,-97.5,80.0,2020-07-23,0,0.006763923701758934,26.079999923706055,0.01187642667024269,0.2329547033845509,-0.4209155649107712,-0.0030284890988638846,1.324530474572678,-0.009901045935899404
2020205N26272,Hanna (2020),2020.0,2020-0316-USA,nat-met-sto-tro,USA,Americas,0.0,0.0,0.0,0.0,0.0,0.0,0.0,1100000.0,1368323.0,80.3903830082114,Category 1,80.0,92.1,973.0,2020-07-23,2020-07-26,3.8,Landfall,Category 1,26.7,-97.5,80.0,2020-07-23,0,0.006763923701758934,26.079999923706055,0.01187642667024269,0.2329547033845509,-0.4209155649107712,-0.0030284890988638846,1.324530474572678,-0.009901045935899404
2020233N14313,Laura (2020),2020.0,2020-0376-USA,nat-met-sto-tro,USA,Americas,0.0,33.0,0.0,6500.0,6500.0,10000000.0,12439299.0,13000000.0,16171089.0,80.3903830082114,Category 4,130.0,149.6,937.0,2020-08-20,2020-08-29,9.2,Landfall,Tropical Storm,18.2,-68.8,45.0,2020-08-20,0,0.0043047488694807345,22.719999313354492,-0.01411377755357801,0.15514336925103617,-0.20825187234938491,-0.01932003329327725,1.2021988166479056,-0.01063056092776151
2020296N09137,Molave (2020),2020.0,2020-0470-VNM,nat-met-sto-tro,VNM,Asia,0.0,41.0,0.0,450000.0,450000.0,0.0,0.0,540000.0,671722.0,80.3903830082114,Category 3,105.0,120.8,952.0,2020-10-21,2020-10-29,7.5,Landfall,Category 1,13.35,123.2,70.0,2020-10-21,0,-0.014945722291199282,28.649999618530273,-0.006565998730716394,0.16712089173454497,-0.2032669140395731,-0.017279312841642636,0.7878719806337278,-0.02940047339665408
2020281N14126,Linfa (2020),2020.0,2020-0411-VNM,nat-met-sto-tro,VNM,Asia,0.0,243.0,0.0,1500000.0,1500000.0,0.0,0.0,850000.0,1057340.0,80.3903830082114,Tropical Storm,40.0,46.0,999.0,2020-10-06,2020-10-12,5.5,Landfall,Tropical Depression,13.8,124.257,0.0,2020-10-06,0,0.007702249721075027,29.479999542236328,0.009328595949526175,0.22057948667584287,0.30668535243434025,-0.01841638355539288,0.8038074326661776,-0.006055119186652851
2020279N16284,Delta (2020),2020.0,2020-0412-USA,nat-met-sto-tro,USA,Americas,0.0,4.0,0.0,9400.0,9400.0,0.0,0.0,2900000.0,3607397.0,80.3903830082114,Category 4,120.0,138.1,953.0,2020-10-04,2020-10-11,7.0,Landfall,Category 2,20.8,-86.9,90.0,2020-10-05,1,0.01666706337217394,27.959999084472656,0.012713252316421286,0.22704455439953652,0.19855322824443955,-0.006319603025808362,0.7849976472594696,1.8899896195176402e-05
2020256N25281,Sally (2020),2020.0,2020-0438-USA,nat-met-sto-tro,USA,Americas,0.0,8.0,0.0,0.0,0.0,3500000.0,4353755.0,6300000.0,7836758.0,80.3903830082114,Category 2,95.0,109.3,965.0,2020-09-11,2020-09-18,6.5,Landfall,Tropical Depression,25.5422,-80.5001,32.0,2020-09-11,0,-0.03280350413190791,26.8700008392334,-0.0006438352160130778,0.1929674098499707,-0.19358242769478518,-0.028660981641859262,0.9046284223301782,0.02072527948496128
2020306N15288,Eta (2020),2020.0,2020-0474-COL,nat-met-sto-tro,COL,Americas,0.0,0.0,0.0,49800.0,49800.0,0.0,0.0,25000.0,31098.0,80.3903830082114,Category 4,130.0,149.6,922.0,2020-10-31,2020-11-14,13.2,Landfall,Category 4,13.8,-83.5,120.0,2020-11-02,2,-0.027078157723650742,37.130001068115234,-0.01541573899595372,0.24391596381651437,0.32494107964535557,-0.04509802742932101,0.8621857609819787,0.015834384258742853
2020306N15288,Eta (2020),2020.0,2020-0474-PAN,nat-met-sto-tro,PAN,Americas,0.0,79.0,0.0,5000.0,5000.0,0.0,0.0,11000.0,13683.0,80.3903830082114,Category 4,130.0,149.6,922.0,2020-10-31,2020-11-14,13.2,Landfall,Category 4,13.8,-83.5,120.0,2020-11-02,2,-0.027078157723650742,37.130001068115234,-0.01541573899595372,0.24391596381651437,0.32494107964535557,-0.04509802742932101,0.8621857609819787,0.015834384258742853
2020299N18277,Zeta (2020),2020.0,2020-0483-MEX,nat-met-sto-tro,MEX,Americas,0.0,0.0,0.0,0.0,0.0,0.0,0.0,100000.0,124393.0,80.3903830082114,Category 3,100.0,115.1,970.0,2020-10-24,2020-10-30,5.5,Landfall,Category 1,20.4,-87.4,75.0,2020-10-26,2,-0.0076606943553768625,32.459999084472656,-0.01799226823399558,0.1805033131188787,0.25335834017114056,-0.030147027135187354,0.8176864223869151,0.00672570291792687
2020318N16289,Iota (2020),2020.0,2020-0495-NIC,nat-met-sto-tro,NIC,Americas,0.0,18.0,0.0,900000.0,900000.0,0.0,0.0,741000.0,921752.0,80.3903830082114,Category 4,135.0,155.4,917.0,2020-11-12,2020-11-18,6.0,Landfall,Category 4,13.6,-83.5,125.0,2020-11-12,0,0.008480181888621097,25.350000381469727,0.03248844656641192,0.2975142008425351,-0.11373187601259938,-0.019745312452799646,0.8668306287796348,0.031096770465201824
2020318N16289,Iota (2020),2020.0,2020-0495-PAN,nat-met-sto-tro,PAN,Americas,0.0,4.0,0.0,0.0,0.0,0.0,0.0,0.0,0.0,80.3903830082114,Category 4,135.0,155.4,917.0,2020-11-12,2020-11-18,6.0,Landfall,Category 4,13.6,-83.5,125.0,2020-11-12,0,0.008480181888621097,25.350000381469727,0.03248844656641192,0.2975142008425351,-0.11373187601259938,-0.019745312452799646,0.8668306287796348,0.031096770465201824
2020327N08086,Nivar (2020),2020.0,2020-0524-IND,nat-met-sto-tro,IND,Asia,0.0,14.0,0.0,0.0,0.0,0.0,0.0,600000.0,746358.0,80.3903830082114,Category 1,70.0,80.6,982.0,2020-11-22,2020-11-27,5.2,Landfall,Tropical Storm,12.45,79.95,50.0,2020-11-23,1,-0.014094169476509433,22.65999984741211,0.0029596732104386625,0.295135817534809,-0.20663320361178217,0.0,0.8964138719678371,-0.024871237522676646
2020051S13186,Vicky (2020),2020.0,2020-0558-VNM,nat-met-sto-tro,VNM,Asia,0.0,1.0,4.0,0.0,4.0,0.0,0.0,0.0,0.0,80.3903830082114,Tropical Storm,45.0,51.8,997.0,2020-02-20,2020-02-24,4.2,Landfall,Tropical Depression,-13.5235,-172.491,30.0,2020-02-20,0,-0.0013929948009017146,15.5600004196167,-0.014314272284889462,0.1626318593634673,0.2189552945997515,-0.014314272284889462,1.1088261144742781,0.015872916863303554
2020211N14124,Sinlaku (2020),2020.0,2020-0307-THA,nat-met-sto-tro,THA,Asia,0.0,4.0,0.0,0.0,0.0,0.0,0.0,0.0,0.0,80.3903830082114,Tropical Storm,45.0,51.8,989.0,2020-07-29,2020-08-03,5.0,Landfall,Tropical Depression,15.3,121.0,15.0,2020-07-29,0,-0.0053233660762878054,24.100000381469727,0.0012392459281591606,0.2017158494748262,-0.08986640770583454,0.0,1.3583299529359905,-0.017379050724815746
2021012S12086,Eloise (2021),2021.0,2021-0036-SWZ,nat-met-sto-tro,SWZ,Africa,0.0,0.0,0.0,0.0,0.0,0.0,0.0,0.0,0.0,84.1669829572524,Category 2,90.0,103.6,968.0,2021-01-11,2021-01-27,16.0,Landfall,Tropical Storm,-15.1785,50.5321,47.0,2021-01-11,0,0.02684446109580141,24.079999923706055,0.036685653271030905,0.15877332310942324,-0.26477868240261226,-0.0027828807396339528,0.9967089041126806,-0.005029703990903041
2021046N06142,Dujuan (2021),2021.0,2021-0091-PHL,nat-met-sto-tro,PHL,Asia,0.0,5.0,2.0,272451.0,272453.0,0.0,0.0,3114.0,3700.0,84.1669829572524,Tropical Storm,45.0,51.8,991.0,2021-02-14,2021-02-23,8.5,Landfall,Tropical Depression,11.1365,125.694,25.0,2021-02-16,2,0.004583633897075945,21.459999084472656,0.005125621687921189,0.17022982622817706,-0.07011754068716092,-0.0009964538236532094,0.9206884061194667,0.026119143658732247
2021102N06144,Surigae (2021),2021.0,2021-0236-PLW,nat-met-sto-tro,PLW,Oceania,0.0,0.0,0.0,7288.0,7288.0,0.0,0.0,0.0,0.0,84.1669829572524,Category 5,170.0,195.6,882.0,2021-04-11,2021-04-30,19.2,At Sea / Open Water,At Sea / Open Water,0.0,0.0,0.0,2021-04-12,1,0.012993415099296746,16.90999984741211,0.008800008385991376,0.146091367218679,-0.28587847106365627,0.0,0.8144677275105069,-0.008649527871754875
2021143N15090,Yaas (2021),2021.0,2021-0295-BGD,nat-met-sto-tro,BGD,Asia,0.0,3.0,0.0,1300000.0,1300000.0,0.0,0.0,0.0,0.0,84.1669829572524,Category 1,65.0,74.8,974.0,2021-05-23,2021-05-27,4.8,Landfall,Tropical Storm,21.5,86.9,55.0,2021-05-24,1,0.008784070211383277,18.399999618530273,-0.006991767573926833,0.1660824017720279,-0.385340803796427,-0.016785335638223375,0.8112176780460728,0.016875968841657422
2021182N09317,Elsa (2021),2021.0,2021-0373-LCA,nat-met-sto-tro,LCA,Americas,0.0,1.0,0.0,0.0,0.0,0.0,0.0,34000.0,40396.0,84.1669829572524,Category 1,75.0,86.3,991.0,2021-06-30,2021-07-10,9.5,Landfall,Tropical Storm,22.2,-81.6,55.0,2021-06-30,0,0.012920187131781002,15.829999923706056,0.01026069713515132,0.13412444547521027,0.49701739216094043,-0.02483543857867576,0.953471989253985,-0.011448513243490003
2021219N08193,Omais (2021),2021.0,2021-0578-KOR,nat-met-sto-tro,KOR,Asia,0.0,0.0,0.0,600.0,600.0,0.0,0.0,13000.0,15445.0,84.1669829572524,Tropical Storm,55.0,63.3,990.0,2021-08-07,2021-08-31,24.5,Landfall,Tropical Depression,34.8167,128.389,25.0,2021-08-09,2,0.01037501204145208,16.719999313354492,0.00467624198149541,0.16604332359542315,-0.530959781482528,-0.008269922889957648,1.1769262333314698,0.00873913039559515
2021248N11131,Conson (2021),2021.0,2021-0595-PHL,nat-met-sto-tro,PHL,Asia,0.0,17.0,24.0,313373.0,313397.0,0.0,0.0,0.0,0.0,84.1669829572524,Category 1,65.0,74.8,980.0,2021-09-05,2021-09-13,8.5,Landfall,Tropical Storm,11.4426,125.495,60.0,2021-09-07,2,-0.001702672955384621,18.13999938964844,-0.019274741197707335,0.12955328494770849,1.7331117306455073,-0.026058917379335078,1.275889305317606,0.0032839697868071935
2021280N14137,Kompasu (2021),2021.0,2021-0670-PHL,nat-met-sto-tro,PHL,Asia,0.0,59.0,5.0,1140534.0,1140539.0,0.0,0.0,75610.0,89833.0,84.1669829572524,Tropical Storm,60.0,69.0,979.0,2021-10-07,2021-10-14,7.5,Landfall,Tropical Storm,19.0803,110.077,47.0,2021-10-07,0,0.022183718697240895,19.540000915527344,0.03188880537142724,0.15828313010877346,-0.6073106646686404,-0.00923331872543498,1.0478847771345299,0.000236235697418102
2021346N05145,Rai (2021),2021.0,2021-0813-VNM,nat-met-sto-tro,VNM,Asia,0.0,3.0,0.0,0.0,0.0,0.0,0.0,9000.0,10693.0,84.1669829572524,Category 5,150.0,172.6,908.0,2021-12-11,2021-12-21,10.0,Landfall,Category 4,10.1,124.175,120.0,2021-12-13,2,0.01695747206104481,20.309999465942383,0.0031751405340587624,0.20065952901074022,-0.12224105135742691,-0.02669909974250373,0.9594737601340467,-0.012650335657161817
2022024S16044,Ana (2022),2022.0,2022-0052-MDG,nat-met-sto-tro,MDG,Africa,0.0,55.0,0.0,131555.0,131555.0,0.0,0.0,0.0,0.0,90.9026974595266,Tropical Storm,50.0,57.5,993.0,2022-01-23,2022-01-25,2.0,Landfall,Tropical Storm,-16.2274,39.6422,47.0,2022-01-24,1,-0.0535376093014478,29.899999618530273,-0.03845082088060281,0.14048250923844316,1.531168267992899,-0.049229361092046786,0.828861256714766,-0.02919444860282381
2022179N08310,Bonnie (2022),2022.0,2022-0400-NIC,nat-met-sto-tro,NIC,Americas,0.0,4.0,12.0,3000.0,3012.0,0.0,0.0,0.0,0.0,90.9026974595266,Category 3,100.0,115.1,964.0,2022-06-27,2022-07-11,13.2,Landfall,Tropical Storm,10.7,-61.6,35.0,2022-06-27,0,0.062127671706705856,26.950000762939453,0.04019452281633207,0.2894735129298762,-0.5537025993615603,-0.08474865551336874,0.809250252577142,-0.00684492935078841
2022048S14068,Emnati (2022),2022.0,2022-0101-MDG,nat-met-sto-tro,MDG,Africa,0.0,15.0,0.0,169000.0,169000.0,0.0,0.0,16000.0,17601.0,90.9026974595266,Category 4,115.0,132.3,941.0,2022-02-16,2022-02-24,8.0,Landfall,Category 1,-22.6952,47.6089,67.0,2022-02-16,0,-0.02391044376187823,24.290000915527344,-0.015305172733083627,0.17584146897887395,-0.3754765991706035,-0.017794488326230318,0.7781073740673381,-0.009597225862053568
2022067S16050,Gombe (2022),2022.0,2022-0137-MOZ,nat-met-sto-tro,MOZ,Africa,0.0,63.0,108.0,736015.0,736123.0,0.0,0.0,0.0,0.0,90.9026974595266,Category 3,99.0,113.9,959.0,2022-03-08,2022-03-15,7.5,Landfall,Tropical Storm,-15.5,50.4,35.0,2022-03-08,0,-0.03193179897264575,35.130001068115234,-0.013211290303295153,0.23263495523741584,0.019739728030413906,-0.05342166625845546,0.7796818933363682,0.009534066942525034
2022148N13263,Agatha (2022),2022.0,2022-0333-MEX,nat-met-sto-tro,MEX,Americas,0.0,31.0,0.0,0.0,0.0,0.0,0.0,51000.0,56104.0,90.9026974595266,Category 2,95.0,109.3,964.0,2022-05-27,2022-06-01,4.5,Landfall,Category 2,15.7,-96.6,90.0,2022-05-27,0,0.06578026783659663,25.719999313354492,0.06385119545909301,0.2755352591627711,-0.4476237806704003,-0.03321495080167569,0.7511183953243322,0.011304144779918101
2022280N11294,Julia (2022),2022.0,2022-0647-CRI,nat-met-sto-tro,CRI,Americas,0.0,0.0,0.0,300000.0,300000.0,0.0,0.0,0.0,0.0,90.9026974595266,Category 1,75.0,86.3,982.0,2022-10-06,2022-10-10,4.0,Landfall,Tropical Depression,12.0,-69.8,30.0,2022-10-06,0,0.028694137302272438,30.520000457763672,0.03431011301799747,0.2905529265352216,-0.05814649368414304,-0.08996892251028443,0.9789738455471982,0.016892423903062784
2022280N11294,Julia (2022),2022.0,2022-0647-SLV,nat-met-sto-tro,SLV,Americas,0.0,10.0,0.0,9273.0,9273.0,0.0,0.0,17000.0,18701.0,90.9026974595266,Category 1,75.0,86.3,982.0,2022-10-06,2022-10-10,4.0,Landfall,Tropical Depression,12.0,-69.8,30.0,2022-10-06,0,0.028694137302272438,30.520000457763672,0.03431011301799747,0.2905529265352216,-0.05814649368414304,-0.08996892251028443,0.9789738455471982,0.016892423903062784
2022285N19266,Karl (2022),2022.0,2022-0675-MEX,nat-met-sto-tro,MEX,Americas,0.0,3.0,0.0,1000.0,1000.0,0.0,0.0,0.0,0.0,90.9026974595266,Tropical Storm,50.0,57.5,997.0,2022-10-11,2022-10-15,4.2,At Sea / Open Water,At Sea / Open Water,0.0,0.0,0.0,2022-10-11,0,-0.05352278557293744,33.630001068115234,-0.032498986656764095,0.2611307580967873,-0.10483562592366757,-0.06756827325700021,0.9609508131990079,0.0019533519455331924
2022288N19128,Nesat (2022),2022.0,2022-0680-PHL,nat-met-sto-tro,PHL,Asia,0.0,0.0,2.0,103600.0,103602.0,0.0,0.0,0.0,0.0,90.9026974595266,Category 2,89.0,102.4,964.0,2022-10-14,2022-10-20,5.8,At Sea / Open Water,At Sea / Open Water,0.0,0.0,0.0,2022-10-14,0,-0.0142231630329267,32.02000045776367,-0.004931869719576376,0.27656633366903854,0.27210324738375236,-0.05833968262138067,0.9378869308091532,0.0029221653821056084
2022293N15259,Roslyn (2022),2022.0,2022-0698-MEX,nat-met-sto-tro,MEX,Americas,0.0,4.0,0.0,15000.0,15000.0,0.0,0.0,0.0,0.0,90.9026974595266,Category 4,115.0,132.3,954.0,2022-10-20,2022-10-24,4.0,Landfall,Category 3,22.1,-105.5,100.0,2022-10-20,0,-0.001530018107200104,29.979999542236328,-0.0036936705691785754,0.2962231033884345,-0.5371832813711681,-0.02661270524210302,0.9771000411746164,0.032286909159684865
2022300N13131,Nalgae (2022),2022.0,2022-0707-PHL,nat-met-sto-tro,PHL,Asia,0.0,158.0,103.0,3323188.0,3323291.0,0.0,0.0,45569.0,50129.0,90.9026974595266,Category 1,70.0,80.6,979.0,2022-10-27,2022-11-03,7.5,Landfall,Tropical Storm,13.6825,124.394,49.0,2022-10-27,0,0.03987284127622015,27.38999938964844,0.07124666401242852,0.2848851430871774,0.05137236128208644,0.0,0.9625933008579359,0.03461922493413776
2023018S14058,Cheneso (2023),2023.0,2023-0020-MDG,nat-met-sto-tro,MDG,Africa,0.0,53.0,0.0,90870.0,90870.0,0.0,0.0,20000.0,21132.0,94.6446220103845,Category 1,80.0,92.1,967.0,2023-01-17,2023-01-30,12.5,Landfall,Tropical Storm,-14.0,49.9,45.0,2023-01-17,0,0.02555058539298849,19.36000061035156,0.01124828764714092,0.1660358903355014,-0.278032490834222,-0.009651153186563732,0.7984828475324556,-0.0133429997833956
2019335N05058,Pawan (2019),2019.0,2019-0600-SOM,nat-met-sto-tro,SOM,Africa,0.0,6.0,0.0,30000.0,30000.0,0.0,0.0,0.0,0.0,79.4107846043372,Tropical Storm,45.0,51.8,997.0,2019-11-30,2019-12-07,7.0,Landfall,Tropical Storm,7.65,49.75,40.0,2019-12-02,2,0.002186958142791795,14.90999984741211,-0.011999455274275594,0.09572946400912238,2.511114099633052,-0.02193936534928187,1.1542227566218917,-0.00693362217986849
2020092S09155,Harold (2020),2020.0,2020-0132-TON,nat-met-sto-tro,TON,Oceania,0.0,0.0,0.0,25000.0,25000.0,0.0,0.0,111000.0,138076.0,80.3903830082114,Category 5,145.0,166.9,909.0,2020-04-01,2020-04-11,10.0,Landfall,Category 4,-15.6,166.867,120.0,2020-04-01,0,-0.0025931157073530997,57.060001373291016,-0.02559226756892663,1.0450014339792424,-0.4214283140561381,-0.22304679833531327,1.09341926799194,-0.018610166243475723
2020092S09155,Harold (2020),2020.0,2020-0132-VUT,nat-met-sto-tro,VUT,Oceania,0.0,3.0,120.0,130000.0,130120.0,0.0,0.0,0.0,0.0,80.3903830082114,Category 5,145.0,166.9,909.0,2020-04-01,2020-04-11,10.0,Landfall,Category 4,-15.6,166.867,120.0,2020-04-01,0,-0.0025931157073530997,57.060001373291016,-0.02559226756892663,1.0450014339792424,-0.4214283140561381,-0.22304679833531327,1.09341926799194,-0.018610166243475723
2020129N07134,Vongfong (2020),2020.0,2020-0203-PHL,nat-met-sto-tro,PHL,Asia,0.0,5.0,169.0,578571.0,578740.0,0.0,0.0,31100.0,38686.0,80.3903830082114,Category 3,100.0,115.1,961.0,2020-05-08,2020-05-18,10.0,Landfall,Category 3,12.2,125.3,100.0,2020-05-08,0,0.03412431963925644,27.979999542236328,0.013489650756794092,0.3555456230266847,-0.039659836792620196,-0.036635624642099685,1.0831243038441305,-0.03502038354591419
2020213N15131,Hagupit (2020),2020.0,2020-0308-CHN,nat-met-sto-tro,CHN,Asia,0.0,0.0,0.0,15100.0,15100.0,0.0,0.0,0.0,0.0,80.3903830082114,Category 1,75.0,86.3,971.0,2020-07-30,2020-08-12,12.5,Landfall,Tropical Storm,28.2375,120.864,62.0,2020-07-30,0,0.0030966143894732845,24.760000228881836,-0.005799485809041771,0.2053404924212645,0.20969753250198986,-0.010037218574264872,1.3661514603822449,-0.017758144470910966
2020211N13306,Isaias (2020),2020.0,2020-0312-CUB,nat-met-sto-tro,CUB,Americas,0.0,0.0,0.0,500.0,500.0,0.0,0.0,0.0,0.0,80.3903830082114,Category 1,80.0,92.1,986.0,2020-07-28,2020-08-05,7.8,Landfall,Tropical Storm,18.9,-69.8,60.0,2020-07-28,0,-0.011815242560159533,25.440000534057617,-0.005828458429264938,0.19680027590639093,-0.36169643525999806,-0.013766246001691185,1.3587865491102793,-0.029655202962138458
2020211N13306,Isaias (2020),2020.0,2020-0312-USA,nat-met-sto-tro,USA,Americas,0.0,16.0,0.0,0.0,0.0,0.0,0.0,4800000.0,5970863.0,80.3903830082114,Category 1,80.0,92.1,986.0,2020-07-28,2020-08-05,7.8,Landfall,Tropical Storm,18.9,-69.8,60.0,2020-07-28,0,-0.011815242560159533,25.440000534057617,-0.005828458429264938,0.19680027590639093,-0.36169643525999806,-0.013766246001691185,1.3587865491102793,-0.029655202962138458
2020222N15117,Mekkhala (2020),2020.0,2020-0355-CHN,nat-met-sto-tro,CHN,Asia,0.0,0.0,0.0,12235.0,12235.0,0.0,0.0,161000.0,200273.0,80.3903830082114,Category 1,70.0,80.6,980.0,2020-08-08,2020-08-12,3.5,Landfall,Category 1,24.1538,117.746,70.0,2020-08-10,2,0.02062108889008929,22.1299991607666,0.06872124183370043,0.18549077705755632,0.2268823113763052,0.0,1.3502889127619084,-0.006947767583403541
2020233N14313,Laura (2020),2020.0,2020-0376-HTI,nat-met-sto-tro,HTI,Americas,0.0,39.0,0.0,44175.0,44175.0,0.0,0.0,0.0,0.0,80.3903830082114,Category 4,130.0,149.6,937.0,2020-08-20,2020-08-29,9.2,Landfall,Tropical Storm,18.2,-68.8,45.0,2020-08-20,0,0.0043047488694807345,22.719999313354492,-0.01411377755357801,0.15514336925103617,-0.20825187234938491,-0.01932003329327725,1.2021988166479056,-0.01063056092776151
2020244N25146,Haishen (2020),2020.0,2020-0400-JPN,nat-met-sto-tro,JPN,Asia,0.0,2.0,52.0,0.0,52.0,0.0,0.0,0.0,0.0,80.3903830082114,Category 4,135.0,155.4,913.0,2020-08-30,2020-09-10,10.8,Landfall,Category 1,35.5,129.15,75.0,2020-08-31,1,0.01863409137689609,26.40999984741211,-0.00025682145118599564,0.15225274128604932,-0.025886308669406333,-0.012437808310303278,1.1564675943085543,0.03492426554746851
2020244N25146,Haishen (2020),2020.0,2020-0400-KOR,nat-met-sto-tro,KOR,Asia,0.0,2.0,0.0,0.0,0.0,800000.0,995144.0,1200000.0,1492716.0,80.3903830082114,Category 4,135.0,155.4,913.0,2020-08-30,2020-09-10,10.8,Landfall,Category 1,35.5,129.15,75.0,2020-08-31,1,0.01863409137689609,26.40999984741211,-0.00025682145118599564,0.15225274128604932,-0.025886308669406333,-0.012437808310303278,1.1564675943085543,0.03492426554746851
2020281N14126,Linfa (2020),2020.0,2020-0411-KHM,nat-met-sto-tro,KHM,Asia,0.0,44.0,0.0,759360.0,759360.0,0.0,0.0,100000.0,124393.0,80.3903830082114,Tropical Storm,40.0,46.0,999.0,2020-10-06,2020-10-12,5.5,Landfall,Tropical Depression,13.8,124.257,0.0,2020-10-06,0,0.007702249721075027,29.479999542236328,0.009328595949526175,0.22057948667584287,0.30668535243434025,-0.01841638355539288,0.8038074326661776,-0.006055119186652851
2020276N17277,Gamma (2020),2020.0,2020-0416-MEX,nat-met-sto-tro,MEX,Americas,0.0,6.0,0.0,3500.0,3500.0,0.0,0.0,100000.0,124393.0,80.3903830082114,Category 1,65.0,74.8,978.0,2020-10-02,2020-10-06,4.5,Landfall,Tropical Storm,20.4,-87.5,60.0,2020-10-02,0,0.015544746368717277,27.6299991607666,0.014642512173381528,0.21999705018109997,1.4357756332602865,-0.022070370545351325,0.7881225360128934,0.009229668552525883
2020258N11127,Noul (2020),2020.0,2020-0462-THA,nat-met-sto-tro,THA,Asia,0.0,1.0,0.0,0.0,0.0,0.0,0.0,0.0,0.0,80.3903830082114,Tropical Storm,50.0,57.5,990.0,2020-09-14,2020-09-19,5.0,Landfall,Tropical Depression,12.5451,124.595,10.0,2020-09-14,0,-0.011997887317812594,25.850000381469727,0.01053443618325578,0.19829654316220208,-0.554288936964923,-0.015519388633689846,0.9055014403612981,-0.004482074934835333
2020296N09137,Molave (2020),2020.0,2020-0470-PHL,nat-met-sto-tro,PHL,Asia,0.0,31.0,40.0,888375.0,888415.0,0.0,0.0,87100.0,108346.0,80.3903830082114,Category 3,105.0,120.8,952.0,2020-10-21,2020-10-29,7.5,Landfall,Category 1,13.35,123.2,70.0,2020-10-21,0,-0.014945722291199282,28.649999618530273,-0.006565998730716394,0.16712089173454497,-0.2032669140395731,-0.017279312841642636,0.7878719806337278,-0.02940047339665408
2023294N09264,Otis (2023),2023.0,2023-0675-MEX,nat-met-sto-tro,MEX,Americas,0.0,84.0,0.0,988000.0,988000.0,4000000.0,4226336.0,12000000.0,12679009.0,94.6446220103845,Category 5,145.0,166.9,922.0,2023-10-21,2023-10-25,4.8,Landfall,Category 4,17.2166,-100.133,116.0,2023-10-23,2,-0.035730853060299106,20.3700008392334,-0.044636863081558786,0.1641217872629852,0.4473460289306217,-0.051737448780594164,0.9251179128701483,0.004607476251466588
2020306N15288,Eta (2020),2020.0,2020-0474-BLZ,nat-met-sto-tro,BLZ,Americas,0.0,0.0,0.0,60000.0,60000.0,0.0,0.0,0.0,0.0,80.3903830082114,Category 4,130.0,149.6,922.0,2020-10-31,2020-11-14,13.2,Landfall,Category 4,13.8,-83.5,120.0,2020-11-02,2,-0.027078157723650742,37.130001068115234,-0.01541573899595372,0.24391596381651437,0.32494107964535557,-0.04509802742932101,0.8621857609819787,0.015834384258742853
2020306N15288,Eta (2020),2020.0,2020-0474-SLV,nat-met-sto-tro,SLV,Americas,0.0,0.0,0.0,0.0,0.0,0.0,0.0,0.0,0.0,80.3903830082114,Category 4,130.0,149.6,922.0,2020-10-31,2020-11-14,13.2,Landfall,Category 4,13.8,-83.5,120.0,2020-11-02,2,-0.027078157723650742,37.130001068115234,-0.01541573899595372,0.24391596381651437,0.32494107964535557,-0.04509802742932101,0.8621857609819787,0.015834384258742853
2020318N16289,Iota (2020),2020.0,2020-0495-HND,nat-met-sto-tro,HND,Americas,0.0,14.0,0.0,578000.0,578000.0,0.0,0.0,0.0,0.0,80.3903830082114,Category 4,135.0,155.4,917.0,2020-11-12,2020-11-18,6.0,Landfall,Category 4,13.6,-83.5,125.0,2020-11-12,0,0.008480181888621097,25.350000381469727,0.03248844656641192,0.2975142008425351,-0.11373187601259938,-0.019745312452799646,0.8668306287796348,0.031096770465201824
2020051S13186,Vicky (2020),2020.0,2020-0558-PHL,nat-met-sto-tro,PHL,Asia,0.0,9.0,2.0,36030.0,36032.0,0.0,0.0,2293.0,2852.0,80.3903830082114,Tropical Storm,45.0,51.8,997.0,2020-02-20,2020-02-24,4.2,Landfall,Tropical Depression,-13.5235,-172.491,30.0,2020-02-20,0,-0.0013929948009017146,15.5600004196167,-0.014314272284889462,0.1626318593634673,0.2189552945997515,-0.014314272284889462,1.1088261144742781,0.015872916863303554
2021012S12086,Eloise (2021),2021.0,2021-0036-MDG,nat-met-sto-tro,MDG,Africa,0.0,2.0,0.0,1000.0,1000.0,0.0,0.0,0.0,0.0,84.1669829572524,Category 2,90.0,103.6,968.0,2021-01-11,2021-01-27,16.0,Landfall,Tropical Storm,-15.1785,50.5321,47.0,2021-01-11,0,0.02684446109580141,24.079999923706055,0.036685653271030905,0.15877332310942324,-0.26477868240261226,-0.0027828807396339528,0.9967089041126806,-0.005029703990903041
2021012S12086,Eloise (2021),2021.0,2021-0036-MOZ,nat-met-sto-tro,MOZ,Africa,0.0,11.0,15.0,481886.0,481901.0,0.0,0.0,0.0,0.0,84.1669829572524,Category 2,90.0,103.6,968.0,2021-01-11,2021-01-27,16.0,Landfall,Tropical Storm,-15.1785,50.5321,47.0,2021-01-11,0,0.02684446109580141,24.079999923706055,0.036685653271030905,0.15877332310942324,-0.26477868240261226,-0.0027828807396339528,0.9967089041126806,-0.005029703990903041
2021012S12086,Eloise (2021),2021.0,2021-0036-ZWE,nat-met-sto-tro,ZWE,Africa,0.0,3.0,0.0,2400.0,2400.0,0.0,0.0,0.0,0.0,84.1669829572524,Category 2,90.0,103.6,968.0,2021-01-11,2021-01-27,16.0,Landfall,Tropical Storm,-15.1785,50.5321,47.0,2021-01-11,0,0.02684446109580141,24.079999923706055,0.036685653271030905,0.15877332310942324,-0.26477868240261226,-0.0027828807396339528,0.9967089041126806,-0.005029703990903041
2021029S16171,Ana (2021),2021.0,2021-0070-FJI,nat-met-sto-tro,FJI,Oceania,0.0,6.0,0.0,82751.0,82751.0,0.0,0.0,10000.0,11881.0,84.1669829572524,Category 1,65.0,74.8,975.0,2021-01-28,2021-02-03,5.8,Landfall,Tropical Storm,-17.4,178.05,60.0,2021-01-28,0,-0.01720263175452008,30.209999084472656,-0.02618854546709981,0.18499301682811317,0.8672394938290893,-0.0423345941004154,0.9386624260858181,-0.0001553337562974176
2021133N10071,Tauktae (2021),2021.0,2021-0252-LKA,nat-met-sto-tro,LKA,Asia,0.0,0.0,0.0,879.0,879.0,0.0,0.0,0.0,0.0,84.1669829572524,Category 4,120.0,138.1,931.0,2021-05-13,2021-05-19,6.0,Landfall,Category 3,20.9,71.2,110.0,2021-05-13,0,-0.020974973068370373,23.1299991607666,-0.009112653973377904,0.16498851103019227,-0.0994999015123329,-0.020388807375857465,0.8167518582023326,-0.017310590370676116
2021161N18115,Koguma (2021),2021.0,2021-0327-LAO,nat-met-sto-tro,LAO,Asia,0.0,0.0,0.0,26000.0,26000.0,0.0,0.0,0.0,0.0,84.1669829572524,Tropical Storm,35.0,40.3,996.0,2021-06-10,2021-06-13,3.2,Landfall,Tropical Depression,18.375,110.025,25.0,2021-06-10,0,0.011557627892819555,16.100000381469727,-0.016190511976213573,0.1299305931204729,0.029287489243205123,-0.021131478742831278,0.8354255799217227,-0.019805425523006993
2021148N05142,Choi-Wan (2021),2021.0,2021-0339-PHL,nat-met-sto-tro,PHL,Asia,0.0,11.0,0.0,21000.0,21000.0,0.0,0.0,11000.0,13069.0,84.1669829572524,Tropical Storm,45.0,51.8,996.0,2021-05-28,2021-06-06,9.0,Landfall,Tropical Depression,11.8172,124.862,30.0,2021-05-28,0,0.012290920999195931,16.760000228881836,0.020186235646745265,0.1668523925350057,-0.4332200712358981,-0.0031294481295986998,0.8034993262334229,-0.008964368097893256
2021148N05142,Choi-Wan (2021),2021.0,2021-0339-TWN,nat-met-sto-tro,TWN,Asia,0.0,0.0,0.0,0.0,0.0,0.0,0.0,0.0,0.0,84.1669829572524,Tropical Storm,45.0,51.8,996.0,2021-05-28,2021-06-06,9.0,Landfall,Tropical Depression,11.8172,124.862,30.0,2021-05-28,0,0.012290920999195931,16.760000228881836,0.020186235646745265,0.1668523925350057,-0.4332200712358981,-0.0031294481295986998,0.8034993262334229,-0.008964368097893256
2022182N20130,Aere (2022),2022.0,2022-0398-JPN,nat-met-sto-tro,JPN,Asia,0.0,0.0,2.0,390.0,392.0,0.0,0.0,0.0,0.0,90.9026974595266,Tropical Storm,45.0,51.8,988.0,2022-06-30,2022-07-09,8.2,Landfall,Tropical Depression,33.0821,129.914,25.0,2022-06-30,0,-0.002142708727182252,28.709999084472656,0.01771165356571336,0.2786649137552036,-0.10630721234760476,-0.0978664500201536,0.8069940292421778,-0.01790322973600869
2021239N17281,Ida (2021),2021.0,2021-0551-CUB,nat-met-sto-tro,CUB,Americas,0.0,0.0,0.0,0.0,0.0,0.0,0.0,100000.0,118811.0,84.1669829572524,Category 4,130.0,149.6,929.0,2021-08-26,2021-09-04,9.2,Landfall,Category 1,22.4,-83.2,70.0,2021-08-26,0,0.01455043785823329,18.84000015258789,0.01797568201173827,0.1263906883956601,-0.4323291328431177,-0.012603132468554379,1.2201852370635273,-0.009063050049418788
2021256N21265,Nicholas (2021),2021.0,2021-0583-USA,nat-met-sto-tro,USA,Americas,0.0,0.0,0.0,0.0,0.0,0.0,0.0,1000000.0,1188114.0,84.1669829572524,Category 1,65.0,74.8,988.0,2021-09-12,2021-09-17,4.8,Landfall,Category 1,28.8,-95.7,65.0,2021-09-13,1,-0.014346119639375043,19.3700008392334,-0.022564095141048512,0.11511624034107754,0.26341958396752907,-0.02970754996643532,1.241222373896735,0.0011471925834372725
2021346N05145,Rai (2021),2021.0,2021-0813-PHL,nat-met-sto-tro,PHL,Asia,0.0,457.0,1371.0,10607625.0,10608996.0,0.0,0.0,915271.0,1087447.0,84.1669829572524,Category 5,150.0,172.6,908.0,2021-12-11,2021-12-21,10.0,Landfall,Category 4,10.1,124.175,120.0,2021-12-13,2,0.01695747206104481,20.309999465942383,0.0031751405340587624,0.20065952901074022,-0.12224105135742691,-0.02669909974250373,0.9594737601340467,-0.012650335657161817
2022024S16044,Ana (2022),2022.0,2022-0052-MWI,nat-met-sto-tro,MWI,Africa,0.0,64.0,206.0,945728.0,945934.0,0.0,0.0,0.0,0.0,90.9026974595266,Tropical Storm,50.0,57.5,993.0,2022-01-23,2022-01-25,2.0,Landfall,Tropical Storm,-16.2274,39.6422,47.0,2022-01-24,1,-0.0535376093014478,29.899999618530273,-0.03845082088060281,0.14048250923844316,1.531168267992899,-0.049229361092046786,0.828861256714766,-0.02919444860282381
2022024S16044,Ana (2022),2022.0,2022-0052-ZWE,nat-met-sto-tro,ZWE,Africa,0.0,0.0,0.0,3000.0,3000.0,0.0,0.0,0.0,0.0,90.9026974595266,Tropical Storm,50.0,57.5,993.0,2022-01-23,2022-01-25,2.0,Landfall,Tropical Storm,-16.2274,39.6422,47.0,2022-01-24,1,-0.0535376093014478,29.899999618530273,-0.03845082088060281,0.14048250923844316,1.531168267992899,-0.049229361092046786,0.828861256714766,-0.02919444860282381
2022027S16084,Batsirai (2022),2022.0,2022-0061-MDG,nat-met-sto-tro,MDG,Africa,0.0,92.0,0.0,112115.0,112115.0,0.0,0.0,0.0,0.0,90.9026974595266,Category 4,124.0,142.7,932.0,2022-01-27,2022-02-08,12.5,Landfall,Category 3,-21.0,48.3,99.0,2022-01-27,0,-0.03471755518808961,30.489999771118164,-0.030644062145501083,0.13668119576088633,0.3862227297457268,-0.07510493169822652,0.8264460970015991,-0.007317704218533293
2022044S15061,Dumako (2022),2022.0,2022-0099-MDG,nat-met-sto-tro,MDG,Africa,0.0,14.0,0.0,9900.0,9900.0,0.0,0.0,0.0,0.0,90.9026974595266,Tropical Storm,51.0,58.7,995.0,2022-02-13,2022-02-16,3.2,Landfall,Tropical Storm,-17.1724,49.015,37.0,2022-02-14,1,-0.01842336190513416,28.329999923706055,-0.01197715397044996,0.16863580213275658,0.4635719137780925,-0.05390407829404986,0.7692447202671507,0.0003950190939596421
2022044S15061,Dumako (2022),2022.0,2022-0099-MOZ,nat-met-sto-tro,MOZ,Africa,0.0,14.0,0.0,23733.0,23733.0,0.0,0.0,0.0,0.0,90.9026974595266,Tropical Storm,51.0,58.7,995.0,2022-02-13,2022-02-16,3.2,Landfall,Tropical Storm,-17.1724,49.015,37.0,2022-02-14,1,-0.01842336190513416,28.329999923706055,-0.01197715397044996,0.16863580213275658,0.4635719137780925,-0.05390407829404986,0.7692447202671507,0.0003950190939596421
2022067S16050,Gombe (2022),2022.0,2022-0137-MWI,nat-met-sto-tro,MWI,Africa,0.0,7.0,0.0,0.0,0.0,0.0,0.0,0.0,0.0,90.9026974595266,Category 3,99.0,113.9,959.0,2022-03-08,2022-03-15,7.5,Landfall,Tropical Storm,-15.5,50.4,35.0,2022-03-08,0,-0.03193179897264575,35.130001068115234,-0.013211290303295153,0.23263495523741584,0.019739728030413906,-0.05342166625845546,0.7796818933363682,0.009534066942525034
2022099N11127,Megi (2022),2022.0,2022-0204-PHL,nat-met-sto-tro,PHL,Asia,0.0,346.0,8.0,2298780.0,2298788.0,0.0,0.0,41556.0,45715.0,90.9026974595266,Tropical Storm,39.0,44.9,999.0,2022-04-09,2022-04-12,3.5,Landfall,Tropical Storm,10.8,125.0,35.0,2022-04-11,2,-0.036952601631333515,24.3700008392334,-0.027143682608117392,0.1420209185158124,0.07759306280841272,-0.051857432424497696,0.7384081380183473,0.012759863821674471
2022240N26149,Hinnamnor (2022),2022.0,2022-0577-KOR,nat-met-sto-tro,KOR,Asia,0.0,12.0,3.0,36000.0,36003.0,0.0,0.0,0.0,0.0,90.9026974595266,Category 5,138.0,158.8,915.0,2022-08-28,2022-09-06,9.0,Landfall,Category 1,35.2872,129.179,81.0,2022-08-29,1,-0.02593455889402796,26.209999084472656,-0.01928638373280822,0.2016616085771349,0.10027907938257985,-0.054113208752379016,0.8964616725897925,-0.002806964272032801
2022257N16312,Fiona (2022),2022.0,2022-0603-CAN,nat-met-sto-tro,CAN,Americas,0.0,1.0,0.0,4000.0,4000.0,0.0,0.0,0.0,0.0,90.9026974595266,Category 4,120.0,138.1,931.0,2022-09-14,2022-09-27,13.5,Landfall,Category 1,18.0,-67.1,75.0,2022-09-14,0,-0.00799434362250484,26.15999984741211,-0.018338707772786345,0.22971324694670286,0.12040433067392642,-0.08049541068820198,0.889709409522501,-0.007705162846617361
2022257N16312,Fiona (2022),2022.0,2022-0603-DOM,nat-met-sto-tro,DOM,Americas,0.0,2.0,0.0,1434802.0,1434802.0,0.0,0.0,0.0,0.0,90.9026974595266,Category 4,120.0,138.1,931.0,2022-09-14,2022-09-27,13.5,Landfall,Category 1,18.0,-67.1,75.0,2022-09-14,0,-0.00799434362250484,26.15999984741211,-0.018338707772786345,0.22971324694670286,0.12040433067392642,-0.08049541068820198,0.889709409522501,-0.007705162846617361
2022257N16312,Fiona (2022),2022.0,2022-0603-GLP,nat-met-sto-tro,GLP,Americas,0.0,1.0,0.0,0.0,0.0,0.0,0.0,0.0,0.0,90.9026974595266,Category 4,120.0,138.1,931.0,2022-09-14,2022-09-27,13.5,Landfall,Category 1,18.0,-67.1,75.0,2022-09-14,0,-0.00799434362250484,26.15999984741211,-0.018338707772786345,0.22971324694670286,0.12040433067392642,-0.08049541068820198,0.889709409522501,-0.007705162846617361
2022266N12294,Ian (2022),2022.0,2022-0614-USA,nat-met-sto-tro,USA,Americas,0.0,152.0,0.0,0.0,0.0,60000000.0,66004642.0,100000000.0,110007737.0,90.9026974595266,Category 5,140.0,161.1,937.0,2022-09-22,2022-10-01,8.5,Landfall,Category 3,22.2,-83.7,110.0,2022-09-22,0,-0.03681636471397742,27.350000381469727,-0.04748710886080276,0.24063712689526612,-0.16495771274605198,-0.1229565426728797,0.9280662949105711,0.00021163593294129188
2022280N11294,Julia (2022),2022.0,2022-0647-GTM,nat-met-sto-tro,GTM,Americas,0.0,4.0,11.0,457300.0,457311.0,0.0,0.0,0.0,0.0,90.9026974595266,Category 1,75.0,86.3,982.0,2022-10-06,2022-10-10,4.0,Landfall,Tropical Depression,12.0,-69.8,30.0,2022-10-06,0,0.028694137302272438,30.520000457763672,0.03431011301799747,0.2905529265352216,-0.05814649368414304,-0.08996892251028443,0.9789738455471982,0.016892423903062784
2022297N16088,Sitrang (2022),2022.0,2022-0695-BGD,nat-met-sto-tro,BGD,Asia,0.0,35.0,0.0,1000000.0,1000000.0,0.0,0.0,0.0,0.0,90.9026974595266,Tropical Storm,45.0,51.8,994.0,2022-10-23,2022-10-24,1.2,Landfall,Tropical Storm,24.1,91.0,35.0,2022-10-24,1,0.0328500201997175,29.850000381469727,0.03787958775560374,0.3007708431303028,-0.01597300101665422,0.0,0.9689846735281992,0.031077289456803645
2022304N16287,Lisa (2022),2022.0,2022-0719-BLZ,nat-met-sto-tro,BLZ,Americas,0.0,0.0,0.0,172000.0,172150.0,0.0,0.0,100000.0,110008.0,90.9026974595266,Category 1,80.0,92.1,985.0,2022-10-30,2022-11-05,5.5,Landfall,Category 1,17.4,-88.3,80.0,2022-10-31,1,0.01937328244552594,25.8799991607666,0.04984970322245119,0.27135265587999785,-0.025967386326115394,-0.002853755498913868,0.9603689256492378,0.03400842408337685
2023037S12119,Freddy (2023),2023.0,2023-0095-MDG,nat-met-sto-tro,MDG,Africa,0.0,17.0,0.0,299000.0,299000.0,0.0,0.0,0.0,0.0,94.6446220103845,Category 5,138.0,158.8,924.0,2023-02-06,2023-02-24,18.0,Landfall,Category 2,-21.1,48.3,89.0,2023-02-06,0,0.023066069229040975,19.43000030517578,0.024463245430978775,0.1619242094051541,0.020183139621591017,-0.007640938571884082,0.8079271738346396,-0.0013329358926648252
2023140N05149,Mawar (2023),2023.0,2023-0300-JPN,nat-met-sto-tro,JPN,Asia,0.0,3.0,35.0,0.0,35.0,0.0,0.0,0.0,0.0,94.6446220103845,Category 5,159.0,183.0,897.0,2023-05-20,2023-06-03,14.2,At Sea / Open Water,At Sea / Open Water,0.0,0.0,0.0,2023-05-22,2,0.013994856779278475,17.209999084472656,0.00808404895738124,0.17490786726608634,0.07173686207550745,-0.007758127605817733,0.9853985139884198,-0.019008261388644324
2023140N05149,Mawar (2023),2023.0,2023-0300-TWN,nat-met-sto-tro,TWN,Asia,0.0,1.0,0.0,0.0,0.0,0.0,0.0,0.0,0.0,94.6446220103845,Category 5,159.0,183.0,897.0,2023-05-20,2023-06-03,14.2,At Sea / Open Water,At Sea / Open Water,0.0,0.0,0.0,2023-05-22,2,0.013994856779278475,17.209999084472656,0.00808404895738124,0.17490786726608634,0.07173686207550745,-0.007758127605817733,0.9853985139884198,-0.019008261388644324
2023273N16134,Koinu (2023),2023.0,2023-0623-HKG,nat-met-sto-tro,HKG,Asia,0.0,0.0,0.0,0.0,0.0,0.0,0.0,0.0,0.0,94.6446220103845,Category 4,119.0,136.9,940.0,2023-09-29,2023-10-10,10.5,Landfall,Category 3,22.0,120.8,109.0,2023-09-29,0,-0.006830596083547413,17.520000457763672,-0.0040279324649236115,0.11752826859772135,0.006444144669680574,-0.06440282779481676,0.7949269891055158,-0.009748845771065787
2023157N12066,Biparjoy (2023),2023.0,2023-0331-IND,nat-met-sto-tro,IND,Asia,0.0,7.0,0.0,10000.0,10000.0,0.0,0.0,0.0,0.0,94.6446220103845,Category 3,105.0,120.8,945.0,2023-06-06,2023-06-16,10.2,Landfall,Tropical Storm,23.4,68.7,54.0,2023-06-06,0,0.018682489391372403,13.960000038146973,0.02729409606608879,0.17320435161294098,0.06929987892107481,-0.0006933989073756308,1.086109944064729,0.012403302266849207
2023170N11323,Bret (2023),2023.0,2023-0360-VCT,nat-met-sto-tro,VCT,Americas,0.0,0.0,0.0,150.0,150.0,0.0,0.0,0.0,0.0,94.6446220103845,Tropical Storm,60.0,69.0,996.0,2023-06-19,2023-06-24,5.5,At Sea / Open Water,At Sea / Open Water,0.0,0.0,0.0,2023-06-20,1,0.011535279477939975,13.880000114440918,0.014902294479030243,0.17421906497580988,-0.03811206461383143,-0.009024140478808063,1.056276183835481,0.01337540913929985
2023203N14132,Doksuri (2023),2023.0,2023-0464-CHN,nat-met-sto-tro,CHN,Asia,0.0,56.0,39.0,880000.0,880039.0,0.0,0.0,25000000.0,26414602.0,94.6446220103845,Category 4,128.0,147.3,926.0,2023-07-21,2023-07-28,6.8,Landfall,Category 2,24.7901,118.563,83.0,2023-07-21,0,0.006454696523574777,13.600000381469728,0.008654719765710084,0.10534873011692163,-0.03172877122339335,-0.004724328867888761,0.9678231628796763,-0.004577037121473273
2024147N19089,Remal (2024),2024.0,2024-0320-IND,nat-met-sto-tro,IND,Asia,0.0,51.0,500.0,2109143.0,2109643.0,0.0,0.0,0.0,0.0,97.436175616134,Tropical Storm,54.0,62.1,978.0,2024-05-25,2024-05-27,2.2,Landfall,Tropical Storm,21.7,88.4,54.0,2024-05-28,3,-0.0004715963702689452,12.920000076293944,-0.02094423528288558,0.1138059814567915,0.9654647731464405,-0.02382072980580341,0.8113124423069714,-0.007911817910614098
2000025S15056,Connie (2000),2000.0,2000-0037-REU,nat-met-sto-tro,REU,Africa,0.0,2.0,0.0,0.0,600.0,0.0,0.0,0.0,0.0,53.4877366816787,Category 4,120.0,138.1,985.0,2000-01-25,2000-02-02,8.5,At Sea / Open Water,At Sea / Open Water,0.0,0.0,0.0,2000-01-25,0,-0.026574714140957245,23.020000457763672,-0.05555559066490223,0.26196107862129714,0.07296650717703357,-0.07598958626379371,0.67966054369291,-0.008346660058344306
2001364S19036,Cyprien (2002),2002.0,2002-0004-MDG,nat-met-sto-tro,MDG,Africa,0.0,2.0,0.0,1900.0,1900.0,0.0,0.0,181.0,324.0,55.8716960740501,Tropical Storm,50.0,57.5,987.0,2001-12-30,2002-01-03,4.8,Landfall,Tropical Storm,-22.0333,43.2667,45.0,2001-12-31,1,-0.005654775919749722,23.799999237060547,-0.0025209307674367576,0.1835703714977879,-0.9437482595377332,-0.012477557601888623,0.9693088920121737,-0.02857444462824938
2002265N10315,Lili (2002),2002.0,2002-0636-CUB,nat-met-sto-tro,CUB,Americas,0.0,3.0,0.0,281470.0,281470.0,1000.0,1790.0,23000.0,41166.0,55.8716960740501,Category 4,125.0,143.8,938.0,2002-09-21,2002-10-04,12.8,Landfall,Category 2,22.1,-84.0,90.0,2002-09-23,2,-0.06513520762552238,39.68000030517578,-0.049961679807479675,0.22661610679194819,-0.3170466883821933,-0.11829490664173159,0.9342392832455944,-0.010383531632584927
2002258N10300,Isidore (2002),2002.0,2002-0656-JAM,nat-met-sto-tro,JAM,Americas,0.0,0.0,0.0,0.0,0.0,0.0,0.0,1000.0,1790.0,55.8716960740501,Category 3,110.0,126.6,934.0,2002-09-14,2002-09-27,13.0,Landfall,Tropical Depression,10.0856,-61.4549,25.0,2002-09-16,2,-0.008492887094594281,36.7400016784668,-0.01708236935116536,0.25043672617042406,0.21825396825396814,-0.08232769172359156,0.946902890574079,0.011715036571270258
2002265N10315,Lili (2002),2002.0,2002-0657-HTI,nat-met-sto-tro,HTI,Americas,0.0,4.0,0.0,250.0,250.0,0.0,0.0,0.0,0.0,55.8716960740501,Category 4,125.0,143.8,938.0,2002-09-21,2002-10-04,12.8,Landfall,Category 2,22.1,-84.0,90.0,2002-09-23,2,-0.06513520762552238,39.68000030517578,-0.049961679807479675,0.22661610679194819,-0.3170466883821933,-0.11829490664173159,0.9342392832455944,-0.010383531632584927
2002265N10315,Lili (2002),2002.0,2002-0724-USA,nat-met-sto-tro,USA,Americas,0.0,0.0,0.0,0.0,0.0,750000.0,1342361.0,2000000.0,3579630.0,55.8716960740501,Category 4,125.0,143.8,938.0,2002-09-21,2002-10-04,12.8,Landfall,Category 2,22.1,-84.0,90.0,2002-09-23,2,-0.06513520762552238,39.68000030517578,-0.049961679807479675,0.22661610679194819,-0.3170466883821933,-0.11829490664173159,0.9342392832455944,-0.010383531632584927
2002335N05166,Pongsona (2002),2002.0,2002-0753-GUM,nat-met-sto-tro,GUM,Oceania,0.0,1.0,0.0,6000.0,11100.0,0.0,0.0,70000.0,125287.0,55.8716960740501,Category 4,130.0,149.6,910.0,2002-12-01,2002-12-11,10.5,At Sea / Open Water,At Sea / Open Water,0.0,0.0,0.0,2002-12-02,1,0.007600253690323244,27.459999084472656,0.014499506312061206,0.24485945855680932,25.03723404255319,0.0,0.9935514416364947,0.003226667971563492
2002258N10300,Isidore (2002),2002.0,2002-0850-NIC,nat-met-sto-tro,NIC,Americas,0.0,2.0,0.0,300.0,300.0,0.0,0.0,1000.0,1790.0,55.8716960740501,Category 3,110.0,126.6,934.0,2002-09-14,2002-09-27,13.0,Landfall,Tropical Depression,10.0856,-61.4549,25.0,2002-09-16,2,-0.008492887094594281,36.7400016784668,-0.01708236935116536,0.25043672617042406,0.21825396825396814,-0.08232769172359156,0.946902890574079,0.011715036571270258
2003359S15177,Heta (2004),2004.0,2004-0004-TON,nat-met-sto-tro,TON,Oceania,0.0,0.0,0.0,0.0,0.0,0.0,0.0,0.0,0.0,58.6698092933412,Category 5,140.0,161.1,898.0,2003-12-25,2004-01-12,17.8,At Sea / Open Water,At Sea / Open Water,0.0,0.0,0.0,2003-12-26,1,0.004541899958330209,17.450000762939453,0.00340121679807015,0.09494737770943369,-0.7839265212399541,-0.005618319155817231,0.8670761887212043,-0.004708004457281104
2004177N12154,Tingting (2004),2004.0,2004-0312-GUM,nat-met-sto-tro,GUM,Oceania,0.0,1.0,0.0,300.0,300.0,0.0,0.0,0.0,0.0,58.6698092933412,Category 1,80.0,92.1,963.0,2004-06-24,2004-07-13,18.2,At Sea / Open Water,At Sea / Open Water,0.0,0.0,0.0,2004-06-24,0,0.008587859896759253,14.8100004196167,0.02325748712815745,0.10925107872456331,2.8888026894233256,-0.002100054897449133,1.046849558329126,0.003448296309881943
2004230N09172,Chaba (2004),2004.0,2004-0445-GUM,nat-met-sto-tro,GUM,Oceania,0.0,0.0,0.0,0.0,0.0,0.0,0.0,1000.0,1704.0,58.6698092933412,Category 5,155.0,178.4,879.0,2004-08-17,2004-09-05,19.5,Landfall,Category 2,33.475,131.125,85.0,2004-08-17,0,0.004890429817539399,17.020000457763672,0.0,0.1661608290120997,-0.2644935462699628,-0.027509687970570407,1.0101656249313087,0.0006046107031186208
2005017S09061,Ernest (2005),2005.0,2005-0048-MDG,nat-met-sto-tro,MDG,Africa,0.0,78.0,8.0,0.0,7985.0,0.0,0.0,0.0,0.0,60.6603317527392,Category 3,100.0,115.1,944.0,2005-01-16,2005-01-25,8.8,Landfall,Category 1,-25.1897,44.3635,82.0,2005-01-18,2,0.003949265079441933,12.470000267028809,-0.0023119478160350537,0.08890778025099423,3.869154676258993,-0.03328009334654736,0.9722391201832973,0.004195559947425671
2005054S09173,Percy (2005),2005.0,2005-0102-COK,nat-met-sto-tro,COK,Oceania,0.0,0.0,8.0,600.0,608.0,0.0,0.0,0.0,0.0,60.6603317527392,Category 5,140.0,161.1,898.0,2005-02-23,2005-03-05,10.5,At Sea / Open Water,At Sea / Open Water,0.0,0.0,0.0,2005-02-23,0,-0.013869250463263594,12.390000343322754,-0.020853744673532404,0.10497203790473583,0.6174841772151898,-0.023716800029625396,0.9741055179866326,0.008935942751814746
2005192N11318,Emily (2005),2005.0,2005-0382-TTO,nat-met-sto-tro,TTO,Americas,0.0,0.0,0.0,0.0,0.0,0.0,0.0,0.0,0.0,60.6603317527392,Category 5,140.0,161.1,929.0,2005-07-11,2005-07-21,10.5,Landfall,Category 2,20.6198,-88.0304,92.0,2005-07-11,0,0.020162872049588776,11.279999732971191,0.013229491347901412,0.1367257770184918,0.4297504421300844,-0.016139673566402668,1.152632548774363,-0.0005275122875669394
2005236N23285,Katrina (2005),2005.0,2005-0467-USA,nat-met-sto-tro,USA,Americas,0.0,1833.0,0.0,500000.0,500000.0,60000000.0,98911427.0,125000000.0,206065474.0,60.6603317527392,Category 5,150.0,172.6,902.0,2005-08-23,2005-08-31,7.5,Landfall,Category 1,26.0,-80.1,70.0,2005-08-23,0,0.0002460786436504492,13.34000015258789,-0.0003334921345901076,0.08269165754236714,-0.5422015566562215,-0.024414042137830716,1.0227090564174446,-0.0037235589569011903
2005237N14148,Talim (2005),2005.0,2005-0492-CHN,nat-met-sto-tro,CHN,Asia,86.0,159.0,0.0,19624000.0,19624000.0,0.0,0.0,1900000.0,3132195.0,60.6603317527392,Category 4,130.0,149.6,910.0,2005-08-24,2005-09-03,9.5,Landfall,Category 2,23.85,121.475,95.0,2005-08-24,0,-0.0085923412548774,14.170000076293944,-0.010978221886039807,0.08455879825832893,-0.458698224852071,-0.032226535621936225,1.0316126755257584,-0.010494822016352644
2005180N20265,Bret (2005),2005.0,2005-0524-MEX,nat-met-sto-tro,MEX,Americas,0.0,2.0,0.0,15000.0,15000.0,0.0,0.0,10000.0,16485.0,60.6603317527392,Tropical Storm,35.0,40.3,1002.0,2005-06-28,2005-06-30,1.2,Landfall,Tropical Storm,20.8,-97.3,35.0,2005-06-28,0,-0.010866363244651733,11.579999923706056,-0.01587318771849644,0.11272289618155774,-0.6476889214966984,-0.01976292108765687,1.155890068568492,-0.011027058600554921
2005257N15120,Vicente (2005),2005.0,2005-0536-VNM,nat-met-sto-tro,VNM,Asia,0.0,8.0,0.0,8500.0,8500.0,0.0,0.0,20000.0,32970.0,60.6603317527392,Tropical Storm,50.0,57.5,987.0,2005-09-14,2005-09-19,4.8,Landfall,Tropical Storm,18.1333,105.964,47.0,2005-09-14,0,-0.005649596811718394,12.90999984741211,-0.005623422079385598,0.09502875803540142,-0.08620427986037338,-0.011834214867154302,1.0015843366799138,-0.003249930928512664
2005262N13127,Damrey (2005),2005.0,2005-0540-PHL,nat-met-sto-tro,PHL,Asia,0.0,16.0,0.0,20000.0,20000.0,0.0,0.0,2000.0,3297.0,60.6603317527392,Category 2,90.0,103.6,954.0,2005-09-19,2005-09-28,9.0,Landfall,Category 1,18.8617,110.331,75.0,2005-09-19,0,-0.00591908025447252,12.140000343322754,-0.019485675130002766,0.10702373205841595,1.3879237881759598,-0.019485675130002766,0.9782130756452216,0.012000267828300134
2005262N13127,Damrey (2005),2005.0,2005-0540-THA,nat-met-sto-tro,THA,Asia,0.0,10.0,0.0,2000.0,2000.0,0.0,0.0,20000.0,32970.0,60.6603317527392,Category 2,90.0,103.6,954.0,2005-09-19,2005-09-28,9.0,Landfall,Category 1,18.8617,110.331,75.0,2005-09-19,0,-0.00591908025447252,12.140000343322754,-0.019485675130002766,0.10702373205841595,1.3879237881759598,-0.019485675130002766,0.9782130756452216,0.012000267828300134
2005262N13127,Damrey (2005),2005.0,2005-0540-VNM,nat-met-sto-tro,VNM,Asia,717.0,75.0,28.0,337632.0,337660.0,0.0,0.0,219250.0,361439.0,60.6603317527392,Category 2,90.0,103.6,954.0,2005-09-19,2005-09-28,9.0,Landfall,Category 1,18.8617,110.331,75.0,2005-09-19,0,-0.00591908025447252,12.140000343322754,-0.019485675130002766,0.10702373205841595,1.3879237881759598,-0.019485675130002766,0.9782130756452216,0.012000267828300134
2005275N19274,Stan (2005),2005.0,2005-0567-CRI,nat-met-sto-tro,CRI,Americas,0.0,1.0,0.0,1074.0,1074.0,0.0,0.0,20000.0,32970.0,60.6603317527392,Category 1,70.0,80.6,977.0,2005-10-01,2005-10-05,3.8,Landfall,Tropical Storm,19.5456,-87.3758,36.0,2005-10-03,2,0.008389168487006993,12.460000038146973,0.00908762320771328,0.10250528145805722,-0.33465462820230496,-0.010575130395818921,0.8508526642811239,0.014084056044872457
2005275N19274,Stan (2005),2005.0,2005-0567-HND,nat-met-sto-tro,HND,Americas,0.0,6.0,0.0,2869.0,2869.0,0.0,0.0,100000.0,164852.0,60.6603317527392,Category 1,70.0,80.6,977.0,2005-10-01,2005-10-05,3.8,Landfall,Tropical Storm,19.5456,-87.3758,36.0,2005-10-03,2,0.008389168487006993,12.460000038146973,0.00908762320771328,0.10250528145805722,-0.33465462820230496,-0.010575130395818921,0.8508526642811239,0.014084056044872457
2005275N19274,Stan (2005),2005.0,2005-0567-SLV,nat-met-sto-tro,SLV,Americas,0.0,69.0,0.0,72141.0,72141.0,0.0,0.0,355700.0,586380.0,60.6603317527392,Category 1,70.0,80.6,977.0,2005-10-01,2005-10-05,3.8,Landfall,Tropical Storm,19.5456,-87.3758,36.0,2005-10-03,2,0.008389168487006993,12.460000038146973,0.00908762320771328,0.10250528145805722,-0.33465462820230496,-0.010575130395818921,0.8508526642811239,0.014084056044872457
2005300N10279,Beta (2005),2005.0,2005-0625-COL,nat-met-sto-tro,COL,Americas,0.0,0.0,0.0,3074.0,3074.0,0.0,0.0,0.0,0.0,60.6603317527392,Category 3,100.0,115.1,962.0,2005-10-26,2005-10-31,4.2,Landfall,Category 2,12.9,-83.5,90.0,2005-10-26,0,-0.003422694467355769,14.59000015258789,-0.014395538151180776,0.13380862299800575,-0.1517893315327481,-0.023872374040735944,0.8062597731532781,0.0009082837445190568
2005300N10279,Beta (2005),2005.0,2005-0625-HND,nat-met-sto-tro,HND,Americas,0.0,0.0,0.0,11000.0,11000.0,0.0,0.0,0.0,0.0,60.6603317527392,Category 3,100.0,115.1,962.0,2005-10-26,2005-10-31,4.2,Landfall,Category 2,12.9,-83.5,90.0,2005-10-26,0,-0.003422694467355769,14.59000015258789,-0.014395538151180776,0.13380862299800575,-0.1517893315327481,-0.023872374040735944,0.8062597731532781,0.0009082837445190568
2005318N13298,Gamma (2005),2005.0,2005-0640-BLZ,nat-met-sto-tro,BLZ,Americas,0.0,3.0,0.0,0.0,0.0,0.0,0.0,0.0,0.0,60.6603317527392,Tropical Storm,45.0,51.8,1002.0,2005-11-14,2005-11-22,8.0,Landfall,Tropical Depression,15.7648,-84.4725,30.0,2005-11-14,0,0.011944737222543411,12.18000030517578,0.012913932935059602,0.13677223210996514,-0.3323262839879154,0.0,0.8383982308956607,0.015063612579817493
2005318N13298,Gamma (2005),2005.0,2005-0640-HND,nat-met-sto-tro,HND,Americas,507.0,47.0,0.0,90000.0,90000.0,0.0,0.0,15500.0,25552.0,60.6603317527392,Tropical Storm,45.0,51.8,1002.0,2005-11-14,2005-11-22,8.0,Landfall,Tropical Depression,15.7648,-84.4725,30.0,2005-11-14,0,0.011944737222543411,12.18000030517578,0.012913932935059602,0.13677223210996514,-0.3323262839879154,0.0,0.8383982308956607,0.015063612579817493
2005138N10265,Adrian (2005),2005.0,2005-0732-SLV,nat-met-sto-tro,SLV,Americas,0.0,0.0,0.0,0.0,0.0,0.0,0.0,0.0,0.0,60.6603317527392,Category 1,70.0,80.6,982.0,2005-05-17,2005-05-21,3.2,Landfall,Tropical Depression,13.3,-87.6,20.0,2005-05-17,0,0.008404338613033913,14.56999969482422,0.011892525940625065,0.17755755180734134,-0.628184404500194,0.0,1.1020158975824024,0.0024879037358570555
2006006S11129,Clare (2006),2006.0,2006-0043-AUS,nat-met-sto-tro,AUS,Oceania,0.0,0.0,0.0,1500.0,1500.0,0.0,0.0,2354.0,3759.0,62.6171947810345,Tropical Storm,60.0,69.0,980.0,2006-01-06,2006-01-10,4.5,Landfall,Tropical Storm,-20.9,116.3,55.0,2006-01-06,0,0.025960818213123016,11.0,0.005696202644556836,0.07956895588837902,0.1686624203821656,-0.0018844810546224666,0.7884210570498047,-0.006507445672041719
2006188N10143,Bilis (2006),2006.0,2006-0362-VNM,nat-met-sto-tro,VNM,Asia,0.0,17.0,0.0,0.0,2000.0,0.0,0.0,0.0,0.0,62.6171947810345,Tropical Storm,50.0,57.5,987.0,2006-07-07,2006-07-17,10.5,Landfall,Tropical Storm,26.4267,119.487,40.0,2006-07-07,0,-0.005185582454951154,13.970000267028809,-0.016262296417963285,0.15926740505880893,0.01801310043668125,-0.01945157146725307,0.9509935279273188,-0.014962841157676723
2007043S11071,Favio (2007),2007.0,2007-0080-MOZ,nat-met-sto-tro,MOZ,Africa,0.0,10.0,70.0,162700.0,162770.0,0.0,0.0,0.0,0.0,64.4034636847652,Category 4,120.0,138.1,922.0,2007-02-11,2007-02-23,12.0,Landfall,Category 2,-21.6667,35.1,90.0,2007-02-12,1,-0.00966514221806325,11.609999656677246,-0.009652714556040554,0.09606180870600163,0.8000788902767735,-0.0099255164795935,0.7741871544377891,0.00857827090405164
2007066S12066,Indlala (2007),2007.0,2007-0095-MDG,nat-met-sto-tro,MDG,Africa,18703.0,80.0,16.0,203182.0,215198.0,0.0,0.0,240000.0,372651.0,64.4034636847652,Category 4,120.0,138.1,927.0,2007-03-07,2007-03-19,12.5,Landfall,Category 3,-14.8941,50.2924,105.0,2007-03-07,0,-0.009720417342819143,15.239999771118164,-0.009337722342333987,0.14478520595447347,-0.20441511005735158,-0.04915783877409541,0.7255234295945788,0.005740831960662935
2007227N24269,Erin (2007),2007.0,2007-0359-USA,nat-met-sto-tro,USA,Americas,0.0,26.0,0.0,0.0,0.0,0.0,0.0,248000.0,385072.0,64.4034636847652,Tropical Storm,50.0,57.5,995.0,2007-08-15,2007-08-19,4.8,Landfall,Tropical Depression,28.4186,-97.4563,27.0,2007-08-15,0,-0.05866709222587807,30.670000076293945,-0.06117327230213743,0.2362488771019277,0.09010321291826195,-0.09397599795094747,0.9631476857752698,0.0013174788660268236
2007223N19136,Sepat (2007),2007.0,2007-0380-CHN,nat-met-sto-tro,CHN,Asia,0.0,39.0,0.0,8000000.0,8000000.0,0.0,0.0,890555.0,1382775.0,64.4034636847652,Category 5,140.0,161.1,918.0,2007-08-11,2007-08-24,13.2,Landfall,Category 3,23.55,121.025,100.0,2007-08-13,2,-0.006702753597439215,26.56999969482422,-0.01736253404591681,0.22231626538305732,-0.05704626766114851,-0.05903613578423372,0.920364888951052,-0.009065402213083064
2007244N12303,Felix (2007),2007.0,2007-0439-SLV,nat-met-sto-tro,SLV,Americas,0.0,0.0,0.0,2800.0,2800.0,0.0,0.0,0.0,0.0,64.4034636847652,Category 5,150.0,172.6,929.0,2007-08-31,2007-09-06,6.2,Landfall,Category 5,14.3,-83.2,140.0,2007-08-31,0,-0.004988696038124574,23.3799991607666,0.005611951932518622,0.23777355193061075,0.07181929181929192,-0.015730256269003373,0.9595513000622851,-0.00554717627712158
2007297N18300,Noel (2007),2007.0,2007-0523-BHS,nat-met-sto-tro,BHS,Americas,0.0,1.0,0.0,7000.0,7000.0,0.0,0.0,0.0,0.0,64.4034636847652,Category 1,75.0,86.3,965.0,2007-10-24,2007-11-06,13.0,Landfall,Tropical Storm,19.7408,-73.2102,42.0,2007-10-24,0,-0.017957574510303997,20.799999237060547,-0.017835230430746307,0.14883125058073315,-0.031941325751033034,-0.04057319641532864,0.9796577122228772,-0.01179423921008262
2007297N18300,Noel (2007),2007.0,2007-0523-CUB,nat-met-sto-tro,CUB,Americas,0.0,1.0,0.0,192488.0,192488.0,0.0,0.0,500000.0,776356.0,64.4034636847652,Category 1,75.0,86.3,965.0,2007-10-24,2007-11-06,13.0,Landfall,Tropical Storm,19.7408,-73.2102,42.0,2007-10-24,0,-0.017957574510303997,20.799999237060547,-0.017835230430746307,0.14883125058073315,-0.031941325751033034,-0.04057319641532864,0.9796577122228772,-0.01179423921008262
2007297N18300,Noel (2007),2007.0,2007-0523-DOM,nat-met-sto-tro,DOM,Americas,0.0,129.0,0.0,79728.0,79728.0,0.0,0.0,77700.0,120646.0,64.4034636847652,Category 1,75.0,86.3,965.0,2007-10-24,2007-11-06,13.0,Landfall,Tropical Storm,19.7408,-73.2102,42.0,2007-10-24,0,-0.017957574510303997,20.799999237060547,-0.017835230430746307,0.14883125058073315,-0.031941325751033034,-0.04057319641532864,0.9796577122228772,-0.01179423921008262
2007274N18131,Krosa (2007),2007.0,2007-0552-TWN,nat-met-sto-tro,TWN,Asia,0.0,18.0,67.0,1000.0,1067.0,0.0,0.0,35000.0,54345.0,64.4034636847652,Category 4,130.0,149.6,926.0,2007-10-01,2007-10-14,12.8,Landfall,Category 3,24.9597,121.582,102.0,2007-10-01,0,0.01720609821943353,17.84000015258789,0.03404594256947324,0.17640310075075566,0.988988217151394,0.0,0.9942129044451133,-0.007042137224564812
2007345N18298,Olga (2007),2007.0,2007-0612-HTI,nat-met-sto-tro,HTI,Americas,0.0,3.0,2.0,2090.0,2352.0,0.0,0.0,0.0,0.0,64.4034636847652,Tropical Storm,50.0,57.5,1003.0,2007-12-10,2007-12-16,5.8,Landfall,Tropical Storm,18.4,-66.5,40.0,2007-12-10,0,0.02979407229136699,20.739999771118164,0.03820539866408268,0.21196340503126762,-0.25460626511780693,0.0,0.8954819243687486,-0.001696822478606523
2008117N11090,Nargis (2008),2008.0,2008-0184-LKA,nat-met-sto-tro,LKA,Asia,0.0,9.0,0.0,50000.0,50000.0,0.0,0.0,0.0,0.0,66.8759741789087,Category 4,115.0,132.3,937.0,2008-04-25,2008-05-04,8.5,Landfall,Category 4,16.0,94.5,115.0,2008-04-25,0,0.008088140441964597,19.59000015258789,0.0013051813354039155,0.25099516306829744,-0.6466758729532451,-0.0013010069519644452,1.0592501808980985,-0.0006796556875358455
2008241N19303,Hanna (2008),2008.0,2008-0378-USA,nat-met-sto-tro,USA,Americas,0.0,7.0,0.0,0.0,0.0,0.0,0.0,160000.0,239249.0,66.8759741789087,Category 1,75.0,86.3,977.0,2008-08-28,2008-09-08,11.5,Landfall,Tropical Storm,34.5805,-78.498,54.0,2008-08-28,0,0.018701073929630496,19.43000030517578,0.02889352959197722,0.25873346523440155,0.03956545892228869,-0.005307123356180887,1.1610256311256903,-0.0004952458889045386
2008245N17323,Ike (2008),2008.0,2008-0384-USA,nat-met-sto-tro,USA,Americas,0.0,82.0,0.0,200000.0,200000.0,15000000.0,22429580.0,30000000.0,44859160.0,66.8759741789087,Category 4,125.0,143.8,935.0,2008-09-01,2008-09-15,14.2,Landfall,Category 3,21.0,-73.2,110.0,2008-09-02,1,0.007636362239721528,21.989999771118164,0.01410491210914544,0.26180636890350434,0.7825307683116263,-0.015921671982746854,1.1860005473845285,-0.010865844607421044
2008311N14278,Paloma (2008),2008.0,2008-0514-CYM,nat-met-sto-tro,CYM,Americas,0.0,0.0,0.0,0.0,0.0,0.0,0.0,0.0,0.0,66.8759741789087,Category 4,125.0,143.8,944.0,2008-11-05,2008-11-14,8.5,Landfall,Category 2,20.7,-78.0,90.0,2008-11-05,0,0.03341180527494125,54.560001373291016,0.052296153595656314,0.8291416318966607,-0.02213522059930728,-0.05026859997599231,0.8022115813113875,-0.01654661562966253
2010038S08194,Pat (2010),2010.0,2010-0078-COK,nat-met-sto-tro,COK,Oceania,0.0,0.0,8.0,2194.0,2202.0,0.0,0.0,0.0,0.0,67.7310945291778,Category 2,90.0,103.6,956.0,2010-02-06,2010-02-12,5.2,At Sea / Open Water,At Sea / Open Water,0.0,0.0,0.0,2010-02-08,2,-0.029066526986510022,26.510000228881836,-0.03202576007724445,0.20248563229400907,0.10807663480776264,-0.09029406243066573,1.0917881552824165,0.009374688269067871
2010149N13266,Agatha (2010),2010.0,2010-0211-SLV,nat-met-sto-tro,SLV,Americas,0.0,11.0,3.0,11250.0,11253.0,0.0,0.0,20000.0,29529.0,67.7310945291778,Tropical Storm,40.0,46.0,1001.0,2010-05-28,2010-05-30,1.8,Landfall,Tropical Storm,14.6,-91.9,35.0,2010-05-28,0,0.0023829369842960357,32.06999969482422,0.0061184602496022755,0.3847845593571215,-0.36441166535872016,-0.10897049787600177,1.1698150258023667,-0.022688440556058058
2010198N15123,Chanthu (2010),2010.0,2010-0332-VNM,nat-met-sto-tro,VNM,Asia,0.0,10.0,0.0,12400.0,12400.0,0.0,0.0,0.0,0.0,67.7310945291778,Category 1,80.0,92.1,963.0,2010-07-17,2010-07-23,6.5,Landfall,Tropical Depression,15.2667,121.233,25.0,2010-07-19,2,-0.006850207415910248,25.969999313354492,-0.009126343544773374,0.27035222157028116,0.22284570230036915,-0.06056598252541834,1.203289324251598,0.03464674920881018
2010234N14267,Frank (2010),2010.0,2010-0426-MEX,nat-met-sto-tro,MEX,Americas,0.0,6.0,0.0,154000.0,154000.0,0.0,0.0,0.0,0.0,67.7310945291778,Category 1,80.0,92.1,978.0,2010-08-21,2010-08-29,7.2,At Sea / Open Water,At Sea / Open Water,0.0,0.0,0.0,2010-08-23,2,-0.010530386756879007,25.65999984741211,-0.016700674815208982,0.19586038886275398,0.3797305965362412,-0.06995451566459732,1.2233451597809306,0.0016061568526631285
2010233N17119,Mindulle (2010),2010.0,2010-0432-VNM,nat-met-sto-tro,VNM,Asia,0.0,14.0,20.0,20560.0,20700.0,0.0,0.0,44000.0,64963.0,67.7310945291778,Category 1,65.0,74.8,974.0,2010-08-20,2010-08-25,4.2,Landfall,Tropical Storm,18.975,105.5,45.0,2010-08-20,0,-0.007201475153100434,25.489999771118164,-0.007823343429988028,0.20450083781620934,0.5945341978972047,-0.05963906256580365,1.2011473928118326,-0.007257233886689936
2010240N15142,Kompasu (2010),2010.0,2010-0479-PRK,nat-met-sto-tro,PRK,Asia,0.0,20.0,0.0,40000.0,40000.0,0.0,0.0,0.0,0.0,67.7310945291778,Category 3,105.0,120.8,944.0,2010-08-27,2010-09-06,9.8,Landfall,Category 1,38.1,127.15,65.0,2010-08-27,0,-0.006230633514645478,24.450000762939453,-0.014741143088372377,0.2207211295555704,0.5120617561917016,-0.0735010576992371,1.2363897076746007,0.0017371928623045388
2010293N17093,Giri (2010),2010.0,2010-0554-MMR,nat-met-sto-tro,MMR,Asia,0.0,45.0,49.0,260000.0,260049.0,0.0,0.0,57000.0,84156.0,67.7310945291778,Category 4,135.0,155.4,922.0,2010-10-19,2010-10-24,4.5,Landfall,Category 3,20.0748,93.4915,107.0,2010-10-19,0,-0.0023930438929143927,20.6299991607666,-0.009660489123882954,0.18351011898111552,0.652857421494051,-0.02575106624187662,1.2056463983162493,0.0002141601371191057
2010302N09306,Tomas (2010),2010.0,2010-0571-LCA,nat-met-sto-tro,LCA,Americas,0.0,14.0,0.0,181000.0,181000.0,0.0,0.0,500.0,738.0,67.7310945291778,Category 2,85.0,97.8,982.0,2010-10-29,2010-11-10,12.5,At Sea / Open Water,At Sea / Open Water,0.0,0.0,0.0,2010-10-29,0,0.001182889238901419,21.200000762939453,-0.009236537485597718,0.15418856367422845,-0.21933980383620577,-0.013488403988443531,1.2552016414233695,-0.005965048875463924
2010302N09306,Tomas (2010),2010.0,2010-0571-VCT,nat-met-sto-tro,VCT,Americas,0.0,0.0,0.0,6000.0,6100.0,0.0,0.0,48000.0,70868.0,67.7310945291778,Category 2,85.0,97.8,982.0,2010-10-29,2010-11-10,12.5,At Sea / Open Water,At Sea / Open Water,0.0,0.0,0.0,2010-10-29,0,0.001182889238901419,21.200000762939453,-0.009236537485597718,0.15418856367422845,-0.21933980383620577,-0.013488403988443531,1.2552016414233695,-0.005965048875463924
2010249N24125,Meranti (2010),2010.0,2010-0691-CHN,nat-met-sto-tro,CHN,Asia,0.0,3.0,0.0,0.0,186000.0,0.0,0.0,0.0,0.0,67.7310945291778,Category 1,65.0,74.8,974.0,2010-09-06,2010-09-14,8.0,Landfall,Tropical Storm,24.8619,118.712,57.0,2010-09-07,1,0.04111684104057822,23.799999237060547,0.054770840059638726,0.26980786636733145,-0.031690298770447156,-0.03084367047153347,1.2086503946141707,-0.007721046608817041
2010305N06105,Jal (2010),2010.0,2010-0693-IND,nat-met-sto-tro,IND,Asia,0.0,22.0,0.0,0.0,0.0,0.0,0.0,0.0,0.0,67.7310945291778,Tropical Storm,55.0,63.3,982.0,2010-10-31,2010-11-08,7.4,Landfall,Tropical Depression,7.63545,99.7997,20.0,2010-11-01,1,-0.0014324332608796064,21.829999923706055,-0.012580392380556082,0.14775404448496948,-0.25362556061151664,-0.013488403988443531,1.2552527122560613,-0.007444217566190431
2011233N15301,Irene (2011),2011.0,2011-0328-USA,nat-met-sto-tro,USA,Americas,0.0,46.0,0.0,370000.0,370000.0,0.0,0.0,7300000.0,10448085.0,69.869263508865,Category 3,105.0,120.8,942.0,2011-08-21,2011-08-30,9.0,Landfall,Tropical Storm,18.1,-65.8,60.0,2011-08-22,1,-0.06541163654433513,42.439998626708984,-0.082522833392487,0.5071645191471866,-0.2877288417005287,-0.1907003090473648,1.125734351600198,0.005133301076573962
2011302N13062,Keila (2011),2011.0,2011-0414-OMN,nat-met-sto-tro,OMN,Asia,0.0,14.0,200.0,0.0,200.0,0.0,0.0,0.0,0.0,69.869263508865,Tropical Storm,55.0,63.3,982.0,2011-10-29,2011-11-05,7.0,Landfall,Tropical Storm,17.0,54.5,45.0,2011-10-31,2,7.961642366316468e-05,29.959999084472656,0.004206334200201667,0.3170161402822567,-0.3236563641350637,-0.02451870917402299,1.150339676975696,0.000814039435657503
2012215N23146,Haikui (2012),2012.0,2012-0282-CHN,nat-met-sto-tro,CHN,Asia,0.0,3.0,7.0,6000000.0,6000007.0,230000.0,322512.0,1500000.0,2103342.0,71.3150877335761,Category 1,65.0,74.8,974.0,2012-08-01,2012-08-11,9.8,Landfall,Tropical Storm,29.375,121.375,60.0,2012-08-01,0,0.027097900257264218,18.959999084472656,0.024776244700392303,0.17919048522994066,-0.26725872030815323,-0.01221918916131104,1.1316562038298659,0.0017322086232163456
2012225N16133,Kai-Tak (2012),2012.0,2012-0294-CHN,nat-met-sto-tro,CHN,Asia,0.0,2.0,0.0,107500.0,107500.0,0.0,0.0,262000.0,367384.0,71.3150877335761,Category 1,65.0,74.8,974.0,2012-08-11,2012-08-18,7.0,Landfall,Tropical Storm,18.3933,121.531,55.0,2012-08-13,2,0.008236386077828062,13.699999809265137,0.01216761081955342,0.16086608129343202,-0.11705336505547992,-0.002181223681124167,1.124497065222879,0.0023182048442751957
2012234N16315,Isaac (2012),2012.0,2012-0313-CUB,nat-met-sto-tro,CUB,Americas,0.0,1.0,0.0,45496.0,45496.0,0.0,0.0,0.0,0.0,71.3150877335761,Category 1,70.0,80.6,965.0,2012-08-20,2012-09-01,11.8,Landfall,Tropical Storm,18.3,-72.7,55.0,2012-08-20,0,0.010087175277911031,14.020000457763672,0.01366120384067493,0.140998856274147,-0.49237690193609807,-0.002151692071724609,1.1277604503427818,-0.008321661649356094
2012232N13141,Bolaven (2012),2012.0,2012-0414-KOR,nat-met-sto-tro,KOR,Asia,0.0,20.0,0.0,0.0,0.0,0.0,0.0,450000.0,631003.0,71.3150877335761,Category 4,125.0,143.8,929.0,2012-08-18,2012-09-01,14.2,Landfall,Tropical Storm,40.1763,125.098,40.0,2012-08-20,2,0.010087175277911031,14.020000457763672,0.01366120384067493,0.140998856274147,-0.49237690193609807,-0.002151692071724609,1.1277604503427818,-0.008321661649356094
2012232N13141,Bolaven (2012),2012.0,2012-0414-PRK,nat-met-sto-tro,PRK,Asia,0.0,59.0,1.0,10960.0,44461.0,0.0,0.0,0.0,0.0,71.3150877335761,Category 4,125.0,143.8,929.0,2012-08-18,2012-09-01,14.2,Landfall,Tropical Storm,40.1763,125.098,40.0,2012-08-20,2,0.010087175277911031,14.020000457763672,0.01366120384067493,0.140998856274147,-0.49237690193609807,-0.002151692071724609,1.1277604503427818,-0.008321661649356094
2012301N11087,Nilam (2012),2012.0,2012-0425-LKA,nat-met-sto-tro,LKA,Asia,0.0,0.0,0.0,0.0,69000.0,0.0,0.0,57000.0,79927.0,71.3150877335761,Tropical Storm,50.0,57.5,985.0,2012-10-27,2012-11-01,5.5,Landfall,Tropical Storm,12.7,79.8,50.0,2012-10-31,4,-0.014364221630522311,18.600000381469727,-0.00545126554858999,0.11504464433677827,-0.2617634101827183,-0.024852978021962957,1.034813778630248,0.013577515695590445
2013187N20156,Soulik (2013),2013.0,2013-0249-CHN,nat-met-sto-tro,CHN,Asia,0.0,9.0,150.0,390000.0,390150.0,0.0,0.0,460000.0,635713.0,72.3597374789251,Category 4,125.0,143.8,929.0,2013-07-06,2013-07-14,8.5,Landfall,Category 1,24.8148,121.461,78.0,2013-07-08,2,0.022004517597647766,14.779999732971191,0.018292612030664124,0.18041584479481812,-0.16965870229182056,-0.011509571329448964,1.108235093183565,-0.000983947694868259
2013178N09133,Rumbia (2013),2013.0,2013-0258-CHN,nat-met-sto-tro,CHN,Asia,0.0,7.0,0.0,21000.0,21000.0,0.0,0.0,177000.0,244611.0,72.3597374789251,Category 1,70.0,80.6,970.0,2013-06-27,2013-07-02,5.8,Landfall,Tropical Depression,11.75,125.225,30.0,2013-06-27,0,0.015886626121707215,16.860000610351562,0.014571414745507383,0.1928248642761887,-0.5292050561221349,-0.023575477689836588,1.0882187643579933,-0.0035469224105656103
2013178N09133,Rumbia (2013),2013.0,2013-0258-PHL,nat-met-sto-tro,PHL,Asia,0.0,7.0,4.0,3592.0,3596.0,0.0,0.0,1000.0,1382.0,72.3597374789251,Category 1,70.0,80.6,970.0,2013-06-27,2013-07-02,5.8,Landfall,Tropical Depression,11.75,125.225,30.0,2013-06-27,0,0.015886626121707215,16.860000610351562,0.014571414745507383,0.1928248642761887,-0.5292050561221349,-0.023575477689836588,1.0882187643579933,-0.0035469224105656103
2013255N20148,Man-Yi (2013),2013.0,2013-0415-JPN,nat-met-sto-tro,JPN,Asia,0.0,6.0,141.0,30147.0,30288.0,0.0,0.0,2000.0,2764.0,72.3597374789251,Tropical Storm,60.0,69.0,978.0,2013-09-11,2013-09-20,8.8,Landfall,Tropical Storm,35.2467,137.733,55.0,2013-09-11,0,0.022021087637543513,13.81999969482422,0.03350416014736979,0.13748979390895785,0.600715917135263,0.0,1.1621711207754266,0.0037031650812898477
2013322N13090,Helen (2013),2013.0,2013-0515-IND,nat-met-sto-tro,IND,Asia,0.0,10.0,0.0,0.0,0.0,0.0,0.0,262000.0,362080.0,72.3597374789251,Category 1,70.0,80.6,970.0,2013-11-18,2013-11-23,5.2,Landfall,Tropical Storm,16.0425,81.2111,42.0,2013-11-18,0,0.011843352460168433,13.100000381469728,0.015200973636063209,0.07994741919802795,0.25707786592472837,0.0,1.03935439471654,-0.0040147171610611385
2014004S17183,Ian (2014),2014.0,2014-0001-TON,nat-met-sto-tro,TON,Oceania,0.0,1.0,14.0,4000.0,4014.0,0.0,0.0,31000.0,42158.0,73.5335770092672,Category 4,130.0,149.6,926.0,2014-01-04,2014-01-15,11.0,At Sea / Open Water,At Sea / Open Water,0.0,0.0,0.0,2014-01-06,2,-0.008104415248302632,13.550000190734863,-0.0121150300352455,0.12679027937458293,0.8009044331657567,-0.0170299025996149,1.0295903224973608,0.0024198158760530344
2014153N12267,Boris (2014),2014.0,2014-0183-GTM,nat-met-sto-tro,GTM,Americas,0.0,5.0,0.0,100000.0,100000.0,0.0,0.0,0.0,0.0,73.5335770092672,Tropical Storm,40.0,46.0,998.0,2014-06-01,2014-06-04,3.2,At Sea / Open Water,At Sea / Open Water,0.0,0.0,0.0,2014-06-02,1,0.01339592012923485,11.579999923706056,0.013632242591431698,0.1064536635101544,0.894411102775694,0.0,1.11886434626314,0.008589819617835824
2014184N08147,Neoguri (2014),2014.0,2014-0236-JPN,nat-met-sto-tro,JPN,Asia,0.0,7.0,66.0,600.0,666.0,0.0,0.0,156000.0,212148.0,73.5335770092672,Category 5,140.0,161.1,918.0,2014-07-02,2014-07-13,10.8,Landfall,Tropical Storm,32.275,131.325,40.0,2014-07-02,0,0.00843665135768945,10.81999969482422,0.0018452688702670361,0.09943886720503159,0.5473994835853928,-0.01874865098577083,1.1336531542797987,-0.004828989215091864
2014209N16134,Nakri (2014),2014.0,2014-0314-KOR,nat-met-sto-tro,KOR,Asia,0.0,14.0,0.0,0.0,0.0,0.0,0.0,0.0,0.0,73.5335770092672,Tropical Storm,40.0,46.0,992.0,2014-07-27,2014-08-04,7.5,Landfall,Tropical Depression,35.85,126.75,0.0,2014-07-28,1,0.00233151880553617,12.5600004196167,-0.012728332550087096,0.09861962721050578,0.3884813735225343,-0.022465495054153073,1.2278912081148206,-0.004875538451955371
2014246N17254,Norbert (2014),2014.0,2014-0386-MEX,nat-met-sto-tro,MEX,Americas,0.0,3.0,0.0,7500.0,7500.0,0.0,0.0,25000.0,33998.0,73.5335770092672,Category 3,110.0,126.6,950.0,2014-09-02,2014-09-11,8.5,At Sea / Open Water,At Sea / Open Water,0.0,0.0,0.0,2014-09-02,0,0.002048302045785322,12.25,-0.002943496360176323,0.09723447320468658,0.7892841062584421,-0.0034934846806058406,1.0889129165906697,0.005341893823799761
2014290N14261,Trudy (2014),2014.0,2014-0417-MEX,nat-met-sto-tro,MEX,Americas,0.0,6.0,0.0,30000.0,30000.0,0.0,0.0,2000.0,2720.0,73.5335770092672,Tropical Storm,55.0,63.3,998.0,2014-10-17,2014-10-19,1.8,Landfall,Tropical Storm,16.7,-98.7,45.0,2014-10-17,0,-0.010863916389118877,21.989999771118164,0.02305297673656659,0.21579706951140112,0.23467334927441463,-0.04347848880658467,1.1089591103122642,-0.0035193142192922397
2014092S11159,Ita (2014),2014.0,2014-0423-PNG,nat-met-sto-tro,PNG,Oceania,0.0,0.0,0.0,12346.0,12346.0,0.0,0.0,0.0,0.0,73.5335770092672,Category 5,140.0,161.1,918.0,2014-04-02,2014-04-18,16.8,Landfall,Category 2,-14.925,145.225,90.0,2014-04-02,0,0.02113836566736893,13.09000015258789,0.03208902465488861,0.12104049024301439,0.2933439657608916,0.0,1.1803979251243035,-0.000496312396337557
2014329N08131,Sinlaku (2014),2014.0,2014-0474-VNM,nat-met-sto-tro,VNM,Asia,0.0,0.0,0.0,750.0,750.0,0.0,0.0,0.0,0.0,73.5335770092672,Tropical Storm,55.0,63.3,982.0,2014-11-25,2014-11-30,5.0,Landfall,Tropical Depression,9.03835,126.158,27.0,2014-11-25,0,0.00758949666291131,12.25,0.015004729134406425,0.06985454360149712,-0.044083339107938935,0.0,1.1562626893884431,-0.005745960477424723
2015085N06162,Maysak (2015),2015.0,2015-0105-FSM,nat-met-sto-tro,FSM,Oceania,0.0,5.0,0.0,35000.0,35000.0,0.0,0.0,11000.0,14941.0,73.6208029365864,Category 5,150.0,172.6,911.0,2015-03-25,2015-04-07,12.2,Landfall,Tropical Depression,16.7863,121.977,25.0,2015-03-25,0,-0.01796785820711133,15.4399995803833,-0.029678098791386942,0.15863379450807583,-0.5492506047532357,-0.03921050743881971,1.0542989809784322,-0.0013143699246557367
2015085N06162,Maysak (2015),2015.0,2015-0105-PHL,nat-met-sto-tro,PHL,Asia,0.0,0.0,0.0,2761.0,2761.0,0.0,0.0,0.0,0.0,73.6208029365864,Category 5,150.0,172.6,911.0,2015-03-25,2015-04-07,12.2,Landfall,Tropical Depression,16.7863,121.977,25.0,2015-03-25,0,-0.01796785820711133,15.4399995803833,-0.029678098791386942,0.15863379450807583,-0.5492506047532357,-0.03921050743881971,1.0542989809784322,-0.0013143699246557367
2015184N08172,Nangka (2015),2015.0,2015-0261-JPN,nat-met-sto-tro,JPN,Asia,0.0,2.0,56.0,789.0,845.0,127000.0,172506.0,207000.0,281171.0,73.6208029365864,Category 4,135.0,155.4,922.0,2015-07-02,2015-07-18,15.5,Landfall,Tropical Storm,33.3707,134.123,61.0,2015-07-02,0,-0.012151194084571215,16.790000915527344,-0.013461652054237883,0.11368185579334775,0.2588516573955042,-0.032643576618386794,0.992456641869995,-0.0019202174630313842
2015211N13162,Soudelor (2015),2015.0,2015-0339-TWN,nat-met-sto-tro,TWN,Asia,0.0,6.0,380.0,0.0,380.0,0.0,0.0,0.0,0.0,73.6208029365864,Category 5,155.0,178.4,907.0,2015-07-29,2015-08-12,13.5,Landfall,Category 2,23.9,120.9,95.0,2015-07-29,0,-0.002838811346240422,12.5,0.004066503461998883,0.1482671977902127,0.7390981825888836,-0.01128481531317338,1.037473648761973,0.0017887225118008569
2016041S14170,Winston (2016),2016.0,2016-0041-FJI,nat-met-sto-tro,FJI,Oceania,41862.0,45.0,144.0,540414.0,540558.0,50000.0,67069.0,600000.0,804833.0,74.5496029864344,Category 5,155.0,178.4,907.0,2016-02-09,2016-02-28,18.8,Landfall,Category 5,-17.4667,177.804,147.0,2016-02-09,0,-0.024873356523503642,26.540000915527344,0.021485462092746488,0.22797170673087983,0.00557416518371201,-0.011876539893053373,0.9147558472139296,-0.006102623850004138
2016095S13162,Zena (2016),2016.0,2016-0141-TON,nat-met-sto-tro,TON,Oceania,0.0,0.0,0.0,0.0,0.0,0.0,0.0,0.0,0.0,74.5496029864344,Category 2,90.0,103.6,956.0,2016-04-04,2016-04-07,3.2,Landfall,Tropical Storm,-15.0251,167.012,50.0,2016-04-04,0,0.014810235332339383,14.119999885559082,-0.0007252684931071673,0.12985121337928027,0.8227316170335421,-0.015368275229632689,0.9561145102351795,0.003622705096878405
2016215N16283,Earl (2016),2016.0,2016-0284-GTM,nat-met-sto-tro,GTM,Americas,0.0,0.0,0.0,55.0,55.0,0.0,0.0,0.0,0.0,74.5496029864344,Category 1,75.0,86.3,979.0,2016-08-02,2016-08-06,4.2,Landfall,Category 1,17.4,-88.3,75.0,2016-08-02,0,-0.005536141324290478,13.369999885559082,-0.017618717489557345,0.1086548767332376,0.43705204778157003,-0.02296701495866793,1.1327224872469237,0.0025472526879544745
2016248N15255,Newton (2016),2016.0,2016-0319-MEX,nat-met-sto-tro,MEX,Americas,0.0,11.0,0.0,10500.0,10500.0,0.0,0.0,50000.0,67069.0,74.5496029864344,Category 1,80.0,92.1,977.0,2016-09-04,2016-09-08,4.0,Landfall,Category 1,23.9,-110.8,75.0,2016-09-06,2,0.003068380008892646,12.020000457763672,-0.0054162664381289805,0.060107158881266845,0.445740803859364,-0.0054162664381289805,1.1413772870913583,0.0002713359886466517
2016273N13300,Matthew (2016),2016.0,2016-0355-DOM,nat-met-sto-tro,DOM,Americas,0.0,6.0,0.0,39.0,48.0,0.0,0.0,0.0,0.0,74.5496029864344,Category 5,145.0,166.9,934.0,2016-09-28,2016-10-10,11.5,Landfall,Category 4,18.3,-74.3,130.0,2016-09-28,0,0.003799357645445367,12.390000343322754,0.011622052736612876,0.15357430313877574,-0.5082310845271633,-0.0049422907345715306,1.1089361738949697,0.004998160853192804
2017195N16114,Talas (2017),2017.0,2017-0281-LAO,nat-met-sto-tro,LAO,Asia,0.0,0.0,0.0,0.0,0.0,0.0,0.0,0.0,0.0,76.1376037057766,Tropical Storm,50.0,57.5,985.0,2017-07-14,2017-07-17,3.8,Landfall,Tropical Storm,18.6,105.675,45.0,2017-07-14,0,0.014249740905891262,9.510000228881836,0.011214527433152544,0.09886304126881856,0.32459740322077413,0.0,1.0629148482738988,-0.015075464493977751
2017232N19130,Hato (2017),2017.0,2017-0352-HKG,nat-met-sto-tro,HKG,Asia,0.0,0.0,129.0,27.0,156.0,0.0,0.0,755500.0,992282.0,76.1376037057766,Category 3,100.0,115.1,948.0,2017-08-19,2017-08-25,5.5,Landfall,Category 2,22.175,112.85,85.0,2017-08-21,2,-0.014764198245264426,13.1899995803833,-0.01910441834408827,0.09575205680606425,0.11471508329716062,-0.023519053096952902,0.9547267894711183,-0.003590878616076343
2017242N16333,Irma (2017),2017.0,2017-0381-KNA,nat-met-sto-tro,KNA,Americas,0.0,0.0,0.0,500.0,500.0,2300.0,3021.0,20000.0,26268.0,76.1376037057766,Category 5,155.0,178.4,914.0,2017-08-30,2017-09-13,14.5,Landfall,Category 3,25.9,-81.7,100.0,2017-08-30,0,0.00592896952370392,11.220000267028809,0.012464568454542801,0.11294292425937948,-0.22253845825447194,-0.009436805441739304,0.9875921418724127,-0.006236846354455276
2017242N16333,Irma (2017),2017.0,2017-0381-MAF,nat-met-sto-tro,MAF,Americas,0.0,12.0,110.0,0.0,110.0,1231200.0,1617072.0,4100000.0,5384987.0,76.1376037057766,Category 5,155.0,178.4,914.0,2017-08-30,2017-09-13,14.5,Landfall,Category 3,25.9,-81.7,100.0,2017-08-30,0,0.00592896952370392,11.220000267028809,0.012464568454542801,0.11294292425937948,-0.22253845825447194,-0.009436805441739304,0.9875921418724127,-0.006236846354455276
2017242N16333,Irma (2017),2017.0,2017-0381-USA,nat-met-sto-tro,USA,Americas,0.0,97.0,0.0,0.0,70000.0,29000000.0,38088932.0,57000000.0,74864452.0,76.1376037057766,Category 5,155.0,178.4,914.0,2017-08-30,2017-09-13,14.5,Landfall,Category 3,25.9,-81.7,100.0,2017-08-30,0,0.00592896952370392,11.220000267028809,0.012464568454542801,0.11294292425937948,-0.22253845825447194,-0.009436805441739304,0.9875921418724127,-0.006236846354455276
2017260N12310,Maria (2017),2017.0,2017-0383-MTQ,nat-met-sto-tro,MTQ,Americas,0.0,0.0,2.0,0.0,2.0,0.0,0.0,44000.0,57790.0,76.1376037057766,Category 5,150.0,172.6,908.0,2017-09-16,2017-10-02,16.0,Landfall,Category 4,18.0,-65.9,135.0,2017-09-18,2,0.007019417295161201,10.149999618530272,0.017993963367901156,0.08404590178304167,-0.23257469771160189,0.0,0.9899371444981337,0.017032613279769737
2017260N12310,Maria (2017),2017.0,2017-0383-USA,nat-met-sto-tro,USA,Americas,0.0,4.0,0.0,0.0,0.0,0.0,0.0,0.0,0.0,76.1376037057766,Category 5,150.0,172.6,908.0,2017-09-16,2017-10-02,16.0,Landfall,Category 4,18.0,-65.9,135.0,2017-09-18,2,0.007019417295161201,10.149999618530272,0.017993963367901156,0.08404590178304167,-0.23257469771160189,0.0,0.9899371444981337,0.017032613279769737
2017304N11127,Damrey (2017),2017.0,2017-0422-PHL,nat-met-sto-tro,PHL,Asia,0.0,6.0,0.0,305.0,305.0,0.0,0.0,0.0,0.0,76.1376037057766,Category 2,90.0,103.6,967.0,2017-10-31,2017-11-05,5.0,Landfall,Tropical Depression,11.25,124.35,0.0,2017-10-31,0,0.0022995460556769487,10.18000030517578,-0.01892793235181578,0.07419095627207499,0.10999886390891067,-0.019599910587509206,0.9937403067487763,0.0004175128622096354
2017236N15129,Pakhar (2017),2017.0,2017-0485-CHN,nat-met-sto-tro,CHN,Asia,0.0,12.0,0.0,300.0,300.0,0.0,0.0,56000.0,73551.0,76.1376037057766,Tropical Storm,60.0,69.0,983.0,2017-08-24,2017-08-28,4.0,Landfall,Tropical Storm,16.3866,121.754,40.0,2017-08-24,0,0.003702465763476326,12.229999542236328,-0.003559186390066138,0.10882235692368569,-0.26460589623079633,-0.02468042975639373,0.9852983642350899,0.004919258929383613
2017236N15129,Pakhar (2017),2017.0,2017-0485-HKG,nat-met-sto-tro,HKG,Asia,0.0,1.0,0.0,0.0,0.0,0.0,0.0,0.0,0.0,76.1376037057766,Tropical Storm,60.0,69.0,983.0,2017-08-24,2017-08-28,4.0,Landfall,Tropical Storm,16.3866,121.754,40.0,2017-08-24,0,0.003702465763476326,12.229999542236328,-0.003559186390066138,0.10882235692368569,-0.26460589623079633,-0.02468042975639373,0.9852983642350899,0.004919258929383613
2018153N12113,Ewiniar (2018),2018.0,2018-0201-CHN,nat-met-sto-tro,CHN,Asia,0.0,14.0,0.0,16200.0,16200.0,0.0,0.0,570000.0,730795.0,77.9972651879547,Tropical Storm,40.0,46.0,996.0,2018-06-02,2018-06-11,9.0,Landfall,Tropical Storm,20.475,110.4,35.0,2018-06-04,2,0.01010471621486575,12.739999771118164,-0.007134314907702666,0.13883839985803695,0.08344633743435481,-0.01726142906174788,1.0262208934686903,0.005498600298656078
2018153N12113,Ewiniar (2018),2018.0,2018-0201-VNM,nat-met-sto-tro,VNM,Asia,0.0,1.0,0.0,0.0,0.0,0.0,0.0,0.0,0.0,77.9972651879547,Tropical Storm,40.0,46.0,996.0,2018-06-02,2018-06-11,9.0,Landfall,Tropical Storm,20.475,110.4,35.0,2018-06-04,2,0.01010471621486575,12.739999771118164,-0.007134314907702666,0.13883839985803695,0.08344633743435481,-0.01726142906174788,1.0262208934686903,0.005498600298656078
2018221N17112,Bebinca (2018),2018.0,2018-0305-VNM,nat-met-sto-tro,VNM,Asia,0.0,13.0,0.0,50000.0,50000.0,0.0,0.0,2000.0,2564.0,77.9972651879547,Tropical Storm,60.0,69.0,979.0,2018-08-09,2018-08-17,8.8,Landfall,Tropical Depression,21.6512,112.222,20.0,2018-08-09,0,0.009490562807761949,11.270000457763672,-0.0005280876853310801,0.13363802969322616,0.21026784062742787,-0.015340623789933727,1.2391836333200767,0.00544639399542962
2018242N13343,Florence (2018),2018.0,2018-0342-USA,nat-met-sto-tro,USA,Americas,0.0,53.0,0.0,1500000.0,1500000.0,5000000.0,6410481.0,14000000.0,17949347.0,77.9972651879547,Category 4,130.0,149.6,937.0,2018-08-30,2018-09-18,19.2,Landfall,Category 1,34.2,-77.8,80.0,2018-08-30,0,0.015780640140908186,13.529999732971191,0.008639818522275577,0.108849912708173,0.21700953637617704,-0.008237752064543025,1.2526939497061662,0.018659582438031105
2018280N18273,Michael (2018),2018.0,2018-0373-CUB,nat-met-sto-tro,CUB,Americas,0.0,0.0,0.0,540.0,540.0,0.0,0.0,0.0,0.0,77.9972651879547,Category 5,140.0,161.1,919.0,2018-10-06,2018-10-15,9.0,Landfall,Category 5,30.0,-85.5,140.0,2018-10-08,2,-0.013402840083349687,15.6899995803833,0.0005058574497656121,0.09125755144853195,-0.44393747660719696,-0.01087518381123076,1.0275836129920557,-0.01641256413426987
2018280N18273,Michael (2018),2018.0,2018-0373-USA,nat-met-sto-tro,USA,Americas,0.0,49.0,0.0,5000.0,5000.0,10000000.0,12820962.0,16000000.0,20513540.0,77.9972651879547,Category 5,140.0,161.1,919.0,2018-10-06,2018-10-15,9.0,Landfall,Category 5,30.0,-85.5,140.0,2018-10-08,2,-0.013402840083349687,15.6899995803833,0.0005058574497656121,0.09125755144853195,-0.44393747660719696,-0.01087518381123076,1.0275836129920557,-0.01641256413426987
2018292N14261,Willa (2018),2018.0,2018-0406-MEX,nat-met-sto-tro,MEX,Americas,0.0,6.0,0.0,10000.0,10000.0,0.0,0.0,536800.0,688229.0,77.9972651879547,Category 5,140.0,161.1,925.0,2018-10-19,2018-10-24,5.2,Landfall,Category 3,22.7,-105.8,100.0,2018-10-19,0,0.0010870263983777662,19.88999938964844,-0.009742794589590154,0.1905038345278988,-0.41677944086664986,-0.08065303949963298,0.984827330291187,-0.016823651154257747
2018347N07089,Phethai (2018),2018.0,2018-0473-IND,nat-met-sto-tro,IND,Asia,0.0,8.0,0.0,10000.0,10000.0,0.0,0.0,100000.0,128210.0,77.9972651879547,Tropical Storm,55.0,63.3,989.0,2018-12-13,2018-12-17,4.8,Landfall,Tropical Depression,17.3601,82.6085,27.0,2018-12-13,0,-0.016565309917422333,20.649999618530273,-0.026907021332268077,0.23853379827589943,-0.43804588043409187,-0.07345317696593445,0.9971141095920051,0.007346964852832177
2019063S18038,Idai (2019),2019.0,2019-0110-MDG,nat-met-sto-tro,MDG,Africa,0.0,3.0,0.0,1100.0,1100.0,0.0,0.0,0.0,0.0,79.4107846043372,Category 4,115.0,132.3,947.0,2019-03-04,2019-03-16,12.5,Landfall,Tropical Depression,-17.5149,37.2701,0.0,2019-03-04,0,-0.00042910849415134233,14.630000114440918,-0.005751007603892244,0.10213977656689946,0.894484839491517,-0.00691930215850578,1.077313241361863,-0.011678925441056653
2019116N02090,Fani (2019),2019.0,2019-0164-BGD,nat-met-sto-tro,BGD,Asia,0.0,39.0,45.0,0.0,10045.0,0.0,0.0,0.0,0.0,79.4107846043372,Category 5,150.0,172.6,900.0,2019-04-25,2019-05-04,8.8,Landfall,Category 4,20.2,85.9,115.0,2019-04-25,0,0.00898266654666613,13.25,-0.006200131250523877,0.1504830769719176,0.21150339158038967,-0.022984224211950788,1.0886905057566327,0.010001935189019096
2019112S10053,Kenneth (2019),2019.0,2019-0165-MOZ,nat-met-sto-tro,MOZ,Africa,0.0,45.0,94.0,400000.0,400094.0,0.0,0.0,230000.0,289633.0,79.4107846043372,Category 4,125.0,143.8,934.0,2019-04-21,2019-04-28,6.5,Landfall,Category 3,-12.1612,40.4524,97.0,2019-04-22,1,0.0003789024494165183,12.420000076293944,0.01022278802886345,0.12252957111875612,-0.42034523181000616,-0.003064231963443298,1.0649405906570772,-0.017947484962383513
2019236N10314,Dorian (2019),2019.0,2019-0412-USA,nat-met-sto-tro,USA,Americas,0.0,10.0,0.0,0.0,0.0,0.0,0.0,1600000.0,2014840.0,79.4107846043372,Category 5,160.0,184.1,910.0,2019-08-24,2019-09-09,15.8,Landfall,Category 1,45.2,-62.9,80.0,2019-08-26,2,-0.014812027032495623,19.31999969482422,-0.017866874815003375,0.23918461229564547,2.295833822321324,-0.06404076422621396,0.9989389714229967,0.00502271264911856
2019261N28264,Imelda (2019),2019.0,2019-0417-USA,nat-met-sto-tro,USA,Americas,0.0,5.0,0.0,1000.0,1000.0,1200000.0,1511130.0,3500000.0,4407462.0,79.4107846043372,Tropical Storm,40.0,46.0,1003.0,2019-09-17,2019-09-19,1.5,Landfall,Tropical Storm,28.9,-95.4,40.0,2019-09-17,0,0.009358483686652486,14.4399995803833,0.01407711035139858,0.1652942050973178,-0.34130531020089805,-0.0013865782537934024,1.0095953567667975,-0.007968157259044036
2019260N12262,Lorena (2019),2019.0,2019-0418-MEX,nat-met-sto-tro,MEX,Americas,0.0,1.0,0.0,200.0,200.0,0.0,0.0,0.0,0.0,79.4107846043372,Category 1,75.0,86.3,985.0,2019-09-17,2019-09-22,5.2,Landfall,Category 1,19.3,-104.8,65.0,2019-09-17,0,0.009358483686652486,14.4399995803833,0.01407711035139858,0.1652942050973178,-0.34130531020089805,-0.0013865782537934024,1.0095953567667975,-0.007968157259044036
2019243N06136,Lingling (2019),2019.0,2019-0424-JPN,nat-met-sto-tro,JPN,Asia,0.0,0.0,0.0,0.0,0.0,0.0,0.0,10000.0,12593.0,79.4107846043372,Category 4,120.0,138.1,928.0,2019-08-30,2019-09-12,12.5,Landfall,Category 1,37.9,125.225,65.0,2019-08-30,0,0.026680117789881663,18.979999542236328,0.036104463878319004,0.24203114158436,-0.7167052566770791,-0.003944222727560898,1.0141872801243546,0.0021028149141618796
2019268N10155,Mitag (2019),2019.0,2019-0472-KOR,nat-met-sto-tro,KOR,Asia,0.0,15.0,11.0,1400.0,1411.0,0.0,0.0,553000.0,696379.0,79.4107846043372,Category 2,90.0,103.6,961.0,2019-09-24,2019-10-05,11.0,Landfall,Tropical Storm,35.0475,127.236,40.0,2019-09-24,0,-0.012241614953714453,17.049999237060547,-0.020327234875641143,0.13304109333850858,0.8879874545949147,-0.0216856278275962,1.0099472496311035,-0.009800696496374897
2019242N14180,Faxai (2019),2019.0,2019-0521-JPN,nat-met-sto-tro,JPN,Asia,0.0,3.0,150.0,120000.0,120150.0,7000000.0,8814924.0,9100000.0,11459401.0,79.4107846043372,Category 4,115.0,132.3,940.0,2019-08-30,2019-09-11,12.2,Landfall,Category 2,35.1308,139.55,91.0,2019-08-30,0,0.026680117789881663,18.979999542236328,0.036104463878319004,0.24203114158436,-0.7167052566770791,-0.003944222727560898,1.0141872801243546,0.0021028149141618796
