storm_id,hurricane_name,season,DisNo.,Classification Key,ISO,Region,AID Contribution ('000 US$),Total Deaths,No. Injured,No. Affected,Total Affected,Insured Damage ('000 US$),"Insured Damage, Adjusted ('000 US$)",Total Damage ('000 US$),"Total Damage, Adjusted ('000 US$)",CPI,peak_category,peak_wind_kts,peak_wind_mph,min_pressure_mb,start_date,end_date,duration_days,landfall_status,landfall_category,landfall_lat,landfall_lon,landfall_wind_kts,event_trading_date,event_date_shift_days,spy_prev_5d_return,vix,utilities_prev_5d_return,utilities_20d_volatility,utilities_volume_change,utilities_drawdown,utilities_beta,utilities_5d_abnormal_return
2000299N08139,Xangsane (2000),2000.0,2000-0706-PHL,nat-met-sto-tro,PHL,Asia,0.0,154.0,314.0,2435942.0,2436256.0,1500.0,2804.0,17000.0,31783.0,53.4877366816787,Category 2,90.0,103.6,980.0,2000-10-24,2000-11-02,8.5,Landfall,Category 1,13.7106,122.979,70.0,2000-10-24,0,0.03594598688876238,24.280000686645508,-0.00193730786928481,0.19795026883863226,-0.6774193548387097,-0.008180954634064652,0.16288577114977187,0.05673014510206588
2001303N13276,Michelle (2001),2001.0,2001-0671-BHS,nat-met-sto-tro,BHS,Americas,0.0,0.0,0.0,0.0,0.0,15000.0,27273.0,300000.0,545461.0,54.9993852662954,Category 4,120.0,138.1,933.0,2001-10-29,2001-11-06,8.0,Landfall,Tropical Depression,13.3,-83.6,30.0,2001-10-29,0,-0.018453326831047168,31.63999938964844,-0.02623391313348522,0.18183175221850975,7.371428571428572,-0.06558436532334588,0.2483489878751786,-0.003212619186661031
2004247N10332,Ivan (2004),2004.0,2004-0462-BHS,nat-met-sto-tro,BHS,Americas,0.0,1.0,0.0,0.0,0.0,0.0,0.0,0.0,0.0,58.6698092933412,Category 5,145.0,166.9,910.0,2004-09-02,2004-09-24,21.5,Landfall,Category 2,30.7208,-87.8481,90.0,2004-09-02,0,0.013321528955909878,14.279999732971191,0.017735032893270164,0.0701888292559716,0.20511379601011526,0.0,0.4289512429120247,-0.001432446537656471
2004247N10332,Ivan (2004),2004.0,2004-0462-CUB,nat-met-sto-tro,CUB,Americas,1703.0,0.0,0.0,3245.0,3245.0,0.0,0.0,200000.0,340891.0,58.6698092933412,Category 5,145.0,166.9,910.0,2004-09-02,2004-09-24,21.5,Landfall,Category 2,30.7208,-87.8481,90.0,2004-09-02,0,0.013321528955909878,14.279999732971191,0.017735032893270164,0.0701888292559716,0.20511379601011526,0.0,0.4289512429120247,-0.001432446537656471
2004247N10332,Ivan (2004),2004.0,2004-0462-JAM,nat-met-sto-tro,JAM,Americas,3345.0,15.0,0.0,350000.0,350000.0,200000.0,340891.0,595000.0,1014150.0,58.6698092933412,Category 5,145.0,166.9,910.0,2004-09-02,2004-09-24,21.5,Landfall,Category 2,30.7208,-87.8481,90.0,2004-09-02,0,0.013321528955909878,14.279999732971191,0.017735032893270164,0.0701888292559716,0.20511379601011526,0.0,0.4289512429120247,-0.001432446537656471
2004247N10332,Ivan (2004),2004.0,2004-0462-LCA,nat-met-sto-tro,LCA,Americas,0.0,0.0,0.0,0.0,0.0,0.0,0.0,500.0,852.0,58.6698092933412,Category 5,145.0,166.9,910.0,2004-09-02,2004-09-24,21.5,Landfall,Category 2,30.7208,-87.8481,90.0,2004-09-02,0,0.013321528955909878,14.279999732971191,0.017735032893270164,0.0701888292559716,0.20511379601011526,0.0,0.4289512429120247,-0.001432446537656471
2004247N10332,Ivan (2004),2004.0,2004-0462-TTO,nat-met-sto-tro,TTO,Americas,0.0,1.0,0.0,560.0,560.0,0.0,0.0,1000.0,1704.0,58.6698092933412,Category 5,145.0,166.9,910.0,2004-09-02,2004-09-24,21.5,Landfall,Category 2,30.7208,-87.8481,90.0,2004-09-02,0,0.013321528955909878,14.279999732971191,0.017735032893270164,0.0701888292559716,0.20511379601011526,0.0,0.4289512429120247,-0.001432446537656471
2004247N10332,Ivan (2004),2004.0,2004-0462-USA,nat-met-sto-tro,USA,Americas,0.0,52.0,0.0,0.0,0.0,12000000.0,20453450.0,18000000.0,30680175.0,58.6698092933412,Category 5,145.0,166.9,910.0,2004-09-02,2004-09-24,21.5,Landfall,Category 2,30.7208,-87.8481,90.0,2004-09-02,0,0.013321528955909878,14.279999732971191,0.017735032893270164,0.0701888292559716,0.20511379601011526,0.0,0.4289512429120247,-0.001432446537656471
2007225N12331,Dean (2007),2007.0,2007-0360-HTI,nat-met-sto-tro,HTI,Americas,0.0,9.0,6.0,3960.0,3966.0,0.0,0.0,0.0,0.0,64.4034636847652,Category 5,150.0,172.6,905.0,2007-08-13,2007-08-23,9.8,Landfall,Category 5,18.7,-87.7,150.0,2007-08-13,0,-0.006702753597439215,26.56999969482422,0.001788475349285168,0.30171428703958375,-0.29991694579572314,-0.047144611721445906,1.1824121505634466,-0.004632989105004604
2000237N08138,Prapiroon (2000),2000.0,2000-0556-CHN,nat-met-sto-tro,CHN,Asia,0.0,4.0,80.0,0.0,37770.0,0.0,0.0,10.0,19.0,53.4877366816787,Category 1,75.0,86.3,995.0,2000-08-24,2000-09-04,11.2,Landfall,Tropical Storm,38.2851,125.887,55.0,2000-08-24,0,0.007490595007367151,17.040000915527344,0.0056057470033488155,0.20054118101330248,-0.10399999999999998,-0.040128318657192574,0.34078950457223284,0.023318748579910488
2001303N13276,Michelle (2001),2001.0,2001-0611-CYM,nat-met-sto-tro,CYM,Americas,0.0,0.0,0.0,0.0,0.0,40000.0,72728.0,60000.0,109092.0,54.9993852662954,Category 4,120.0,138.1,933.0,2001-10-29,2001-11-06,8.0,Landfall,Tropical Depression,13.3,-83.6,30.0,2001-10-29,0,-0.018453326831047168,31.63999938964844,-0.02623391313348522,0.18183175221850975,7.371428571428572,-0.06558436532334588,0.2483489878751786,-0.003212619186661031
2004247N10332,Ivan (2004),2004.0,2004-0462-VEN,nat-met-sto-tro,VEN,Americas,0.0,5.0,5.0,1645.0,1730.0,0.0,0.0,0.0,0.0,58.6698092933412,Category 5,145.0,166.9,910.0,2004-09-02,2004-09-24,21.5,Landfall,Category 2,30.7208,-87.8481,90.0,2004-09-02,0,0.013321528955909878,14.279999732971191,0.017735032893270164,0.0701888292559716,0.20511379601011526,0.0,0.4289512429120247,-0.001432446537656471
2007225N12331,Dean (2007),2007.0,2007-0360-LCA,nat-met-sto-tro,LCA,Americas,0.0,1.0,0.0,0.0,0.0,20000.0,31054.0,40000.0,62108.0,64.4034636847652,Category 5,150.0,172.6,905.0,2007-08-13,2007-08-23,9.8,Landfall,Category 5,18.7,-87.7,150.0,2007-08-13,0,-0.006702753597439215,26.56999969482422,0.001788475349285168,0.30171428703958375,-0.29991694579572314,-0.047144611721445906,1.1824121505634466,-0.004632989105004604
2010271N19276,Nicole (2010),2010.0,2010-0501-JAM,nat-met-sto-tro,JAM,Americas,68.0,15.0,26.0,2480.0,2506.0,0.0,0.0,240000.0,354342.0,67.7310945291778,Tropical Storm,40.0,46.0,994.0,2010-09-28,2010-09-30,2.5,Landfall,Tropical Storm,22.2,-80.5,40.0,2010-09-28,0,0.006053663792989106,22.600000381469727,0.014148435756982325,0.13273058458456652,-0.3011562576337432,0.0,0.7102305714241918,0.001025798609960344
2012296N14283,Sandy (2012),2012.0,2012-0410-CUB,nat-met-sto-tro,CUB,Americas,0.0,11.0,0.0,0.0,162605.0,0.0,0.0,2000000.0,2804456.0,71.3150877335761,Category 3,100.0,115.1,940.0,2012-10-21,2012-10-31,9.8,Landfall,Category 1,17.9,-76.6,75.0,2012-10-22,1,-0.0046503073120445215,16.6200008392334,0.009822357318247432,0.07801136675881762,-0.020401420665730585,-0.010692434286022623,0.456845265183174,0.0035900940835315847
2012296N14283,Sandy (2012),2012.0,2012-0410-USA,nat-met-sto-tro,USA,Americas,0.0,158.0,0.0,0.0,0.0,11000000.0,15424506.0,50000000.0,70111391.0,71.3150877335761,Category 3,100.0,115.1,940.0,2012-10-21,2012-10-31,9.8,Landfall,Category 1,17.9,-76.6,75.0,2012-10-22,1,-0.0046503073120445215,16.6200008392334,0.009822357318247432,0.07801136675881762,-0.020401420665730585,-0.010692434286022623,0.456845265183174,0.0035900940835315847
2000245N14157,Saomai (2000),2000.0,2000-0576-JPN,nat-met-sto-tro,JPN,Asia,0.0,9.0,41.0,180000.0,180041.0,1050000.0,1963067.0,1400000.0,2617422.0,53.4877366816787,Category 5,140.0,161.1,995.0,2000-08-31,2000-09-19,18.2,Landfall,Tropical Storm,35.2826,128.439,60.0,2000-08-31,0,0.006815047635428506,16.84000015258789,0.025641245287224335,0.19217953063780274,-0.4642857142857143,-0.015516013431621234,0.3576615353074191,0.06681208958418515
2000273N16277,Keith (2000),2000.0,2000-0642-BLZ,nat-met-sto-tro,BLZ,Americas,2628.0,14.0,570.0,62000.0,62570.0,0.0,0.0,277460.0,518736.0,53.4877366816787,Category 4,120.0,138.1,939.0,2000-09-28,2000-10-06,7.8,Landfall,Tropical Storm,17.9,-88.2,60.0,2000-09-28,0,0.01620659317315143,19.469999313354492,0.0772484901805206,0.23489112468595533,-0.23417290673927837,0.0,0.0819132762660875,0.01715852826270677
2000273N16277,Keith (2000),2000.0,2000-0643-MEX,nat-met-sto-tro,MEX,Americas,0.0,23.0,0.0,30000.0,30000.0,0.0,0.0,1000.0,1870.0,53.4877366816787,Category 4,120.0,138.1,939.0,2000-09-28,2000-10-06,7.8,Landfall,Tropical Storm,17.9,-88.2,60.0,2000-09-28,0,0.01620659317315143,19.469999313354492,0.0772484901805206,0.23489112468595533,-0.23417290673927837,0.0,0.0819132762660875,0.01715852826270677
2001303N13276,Michelle (2001),2001.0,2001-0603-HND,nat-met-sto-tro,HND,Americas,0.0,21.0,0.0,61051.0,86321.0,0.0,0.0,5000.0,9091.0,54.9993852662954,Category 4,120.0,138.1,933.0,2001-10-29,2001-11-06,8.0,Landfall,Tropical Depression,13.3,-83.6,30.0,2001-10-29,0,-0.018453326831047168,31.63999938964844,-0.02623391313348522,0.18183175221850975,7.371428571428572,-0.06558436532334588,0.2483489878751786,-0.003212619186661031
2001303N13276,Michelle (2001),2001.0,2001-0671-USA,nat-met-sto-tro,USA,Americas,0.0,0.0,0.0,0.0,0.0,0.0,0.0,66.0,120.0,54.9993852662954,Category 4,120.0,138.1,933.0,2001-10-29,2001-11-06,8.0,Landfall,Tropical Depression,13.3,-83.6,30.0,2001-10-29,0,-0.018453326831047168,31.63999938964844,-0.02623391313348522,0.18183175221850975,7.371428571428572,-0.06558436532334588,0.2483489878751786,-0.003212619186661031
2001227N13323,Chantal (2001),2001.0,2001-0736-TTO,nat-met-sto-tro,TTO,Americas,0.0,2.0,0.0,0.0,0.0,0.0,0.0,0.0,0.0,54.9993852662954,Tropical Storm,60.0,69.0,997.0,2001-08-14,2001-08-22,7.8,Landfall,Tropical Storm,18.2,-88.1,55.0,2001-08-14,0,-0.012420247716384725,20.479999542236328,-0.010087564691678041,0.275300796131399,3.764227642276423,-0.04249312235534597,0.4418483062039536,0.0071924608529054974
2004247N10332,Ivan (2004),2004.0,2004-0462-BLZ,nat-met-sto-tro,BLZ,Americas,0.0,0.0,0.0,0.0,0.0,0.0,0.0,97000.0,165332.0,58.6698092933412,Category 5,145.0,166.9,910.0,2004-09-02,2004-09-24,21.5,Landfall,Category 2,30.7208,-87.8481,90.0,2004-09-02,0,0.013321528955909878,14.279999732971191,0.017735032893270164,0.0701888292559716,0.20511379601011526,0.0,0.4289512429120247,-0.001432446537656471
2004247N10332,Ivan (2004),2004.0,2004-0462-CYM,nat-met-sto-tro,CYM,Americas,0.0,2.0,0.0,0.0,0.0,1500000.0,2556681.0,3430080.0,5846414.0,58.6698092933412,Category 5,145.0,166.9,910.0,2004-09-02,2004-09-24,21.5,Landfall,Category 2,30.7208,-87.8481,90.0,2004-09-02,0,0.013321528955909878,14.279999732971191,0.017735032893270164,0.0701888292559716,0.20511379601011526,0.0,0.4289512429120247,-0.001432446537656471
2007225N12331,Dean (2007),2007.0,2007-0360-MTQ,nat-met-sto-tro,MTQ,Americas,0.0,1.0,6.0,0.0,6.0,125000.0,194089.0,300000.0,465813.0,64.4034636847652,Category 5,150.0,172.6,905.0,2007-08-13,2007-08-23,9.8,Landfall,Category 5,18.7,-87.7,150.0,2007-08-13,0,-0.006702753597439215,26.56999969482422,0.001788475349285168,0.30171428703958375,-0.29991694579572314,-0.047144611721445906,1.1824121505634466,-0.004632989105004604
2012296N14283,Sandy (2012),2012.0,2012-0410-BHS,nat-met-sto-tro,BHS,Americas,0.0,2.0,0.0,0.0,0.0,0.0,0.0,700000.0,981559.0,71.3150877335761,Category 3,100.0,115.1,940.0,2012-10-21,2012-10-31,9.8,Landfall,Category 1,17.9,-76.6,75.0,2012-10-22,1,-0.0046503073120445215,16.6200008392334,0.009822357318247432,0.07801136675881762,-0.020401420665730585,-0.010692434286022623,0.456845265183174,0.0035900940835315847
2000237N08138,Prapiroon (2000),2000.0,2000-0550-KOR,nat-met-sto-tro,KOR,Asia,0.0,25.0,0.0,0.0,300.0,0.0,0.0,11300.0,21126.0,53.4877366816787,Category 1,75.0,86.3,995.0,2000-08-24,2000-09-04,11.2,Landfall,Tropical Storm,38.2851,125.887,55.0,2000-08-24,0,0.007490595007367151,17.040000915527344,0.0056057470033488155,0.20054118101330248,-0.10399999999999998,-0.040128318657192574,0.34078950457223284,0.023318748579910488
2000273N16277,Keith (2000),2000.0,2000-0643-GTM,nat-met-sto-tro,GTM,Americas,0.0,1.0,0.0,0.0,0.0,0.0,0.0,0.0,0.0,53.4877366816787,Category 4,120.0,138.1,939.0,2000-09-28,2000-10-06,7.8,Landfall,Tropical Storm,17.9,-88.2,60.0,2000-09-28,0,0.01620659317315143,19.469999313354492,0.0772484901805206,0.23489112468595533,-0.23417290673927837,0.0,0.0819132762660875,0.01715852826270677
2000273N16277,Keith (2000),2000.0,2000-0643-HND,nat-met-sto-tro,HND,Americas,0.0,6.0,0.0,0.0,0.0,0.0,0.0,0.0,0.0,53.4877366816787,Category 4,120.0,138.1,939.0,2000-09-28,2000-10-06,7.8,Landfall,Tropical Storm,17.9,-88.2,60.0,2000-09-28,0,0.01620659317315143,19.469999313354492,0.0772484901805206,0.23489112468595533,-0.23417290673927837,0.0,0.0819132762660875,0.01715852826270677
2000273N16277,Keith (2000),2000.0,2000-0644-NIC,nat-met-sto-tro,NIC,Americas,0.0,12.0,0.0,2300.0,2300.0,0.0,0.0,1000.0,1870.0,53.4877366816787,Category 4,120.0,138.1,939.0,2000-09-28,2000-10-06,7.8,Landfall,Tropical Storm,17.9,-88.2,60.0,2000-09-28,0,0.01620659317315143,19.469999313354492,0.0772484901805206,0.23489112468595533,-0.23417290673927837,0.0,0.0819132762660875,0.01715852826270677
2001220N17118,Usagi (2001),2001.0,2001-0436-VNM,nat-met-sto-tro,VNM,Asia,0.0,3.0,3.0,0.0,10003.0,0.0,0.0,3200.0,5818.0,54.9993852662954,Tropical Storm,40.0,46.0,994.0,2001-08-08,2001-08-11,3.0,Landfall,Tropical Storm,18.3538,105.9,40.0,2001-08-08,0,-0.029318294264713107,22.31999969482422,-0.035542781131677414,0.2650146694745654,0.01041666666666674,-0.055799302148703545,0.4699211890121771,-0.0015057933604036666
2001303N13276,Michelle (2001),2001.0,2001-0611-HTI,nat-met-sto-tro,HTI,Americas,0.0,0.0,0.0,0.0,0.0,0.0,0.0,20.0,36.0,54.9993852662954,Category 4,120.0,138.1,933.0,2001-10-29,2001-11-06,8.0,Landfall,Tropical Depression,13.3,-83.6,30.0,2001-10-29,0,-0.018453326831047168,31.63999938964844,-0.02623391313348522,0.18183175221850975,7.371428571428572,-0.06558436532334588,0.2483489878751786,-0.003212619186661031
2001303N13276,Michelle (2001),2001.0,2001-0612-CUB,nat-met-sto-tro,CUB,Americas,0.0,5.0,12.0,5900000.0,5900012.0,20000.0,36364.0,100000.0,181820.0,54.9993852662954,Category 4,120.0,138.1,933.0,2001-10-29,2001-11-06,8.0,Landfall,Tropical Depression,13.3,-83.6,30.0,2001-10-29,0,-0.018453326831047168,31.63999938964844,-0.02623391313348522,0.18183175221850975,7.371428571428572,-0.06558436532334588,0.2483489878751786,-0.003212619186661031
2004247N10332,Ivan (2004),2004.0,2004-0462-BRB,nat-met-sto-tro,BRB,Americas,0.0,1.0,0.0,0.0,880.0,0.0,0.0,5000.0,8522.0,58.6698092933412,Category 5,145.0,166.9,910.0,2004-09-02,2004-09-24,21.5,Landfall,Category 2,30.7208,-87.8481,90.0,2004-09-02,0,0.013321528955909878,14.279999732971191,0.017735032893270164,0.0701888292559716,0.20511379601011526,0.0,0.4289512429120247,-0.001432446537656471
2004247N10332,Ivan (2004),2004.0,2004-0462-HTI,nat-met-sto-tro,HTI,Americas,0.0,3.0,0.0,4000.0,6500.0,0.0,0.0,1000.0,1704.0,58.6698092933412,Category 5,145.0,166.9,910.0,2004-09-02,2004-09-24,21.5,Landfall,Category 2,30.7208,-87.8481,90.0,2004-09-02,0,0.013321528955909878,14.279999732971191,0.017735032893270164,0.0701888292559716,0.20511379601011526,0.0,0.4289512429120247,-0.001432446537656471
2007225N12331,Dean (2007),2007.0,2007-0360-CUB,nat-met-sto-tro,CUB,Americas,0.0,0.0,0.0,0.0,0.0,0.0,0.0,0.0,0.0,64.4034636847652,Category 5,150.0,172.6,905.0,2007-08-13,2007-08-23,9.8,Landfall,Category 5,18.7,-87.7,150.0,2007-08-13,0,-0.006702753597439215,26.56999969482422,0.001788475349285168,0.30171428703958375,-0.29991694579572314,-0.047144611721445906,1.1824121505634466,-0.004632989105004604
2000083S17102,Hudah (2000),2000.0,2000-0178-MDG,nat-met-sto-tro,MDG,Africa,0.0,23.0,1.0,369271.0,369272.0,0.0,0.0,0.0,0.0,53.4877366816787,Category 4,125.0,143.8,950.0,2000-03-22,2000-04-09,17.8,Landfall,Category 3,-14.9236,49.7874,107.0,2000-03-22,0,0.07626452292338715,21.489999771118164,0.012368437715738478,0.320692593885562,-0.7728337236533958,-0.033431112303001886,0.5104566596062327,0.030761598408369284
2000185N15117,Kai-Tak (2000),2000.0,2000-0397-PHL,nat-met-sto-tro,PHL,Asia,29.0,75.0,11.0,1483310.0,1483321.0,0.0,0.0,25763.0,48166.0,53.4877366816787,Category 1,75.0,86.3,995.0,2000-07-02,2000-07-12,9.5,Landfall,Tropical Storm,24.525,121.55,55.0,2000-07-03,1,0.00715892451167921,19.829999923706055,-0.029189143142462792,0.2401100053452259,16.83916083916084,-0.047073412091725886,0.3608947178115403,0.008991462777059369
2000245N14157,Saomai (2000),2000.0,2000-0576-RUS,nat-met-sto-tro,RUS,Europe,0.0,9.0,0.0,0.0,0.0,0.0,0.0,50.0,93.0,53.4877366816787,Category 5,140.0,161.1,995.0,2000-08-31,2000-09-19,18.2,Landfall,Tropical Storm,35.2826,128.439,60.0,2000-08-31,0,0.006815047635428506,16.84000015258789,0.025641245287224335,0.19217953063780274,-0.4642857142857143,-0.015516013431621234,0.3576615353074191,0.06681208958418515
2000273N16277,Keith (2000),2000.0,2000-0645-SLV,nat-met-sto-tro,SLV,Americas,0.0,1.0,0.0,100.0,100.0,0.0,0.0,0.0,0.0,53.4877366816787,Category 4,120.0,138.1,939.0,2000-09-28,2000-10-06,7.8,Landfall,Tropical Storm,17.9,-88.2,60.0,2000-09-28,0,0.01620659317315143,19.469999313354492,0.0772484901805206,0.23489112468595533,-0.23417290673927837,0.0,0.0819132762660875,0.01715852826270677
2000279N29279,Leslie (2000),2000.0,2000-0652-USA,nat-met-sto-tro,USA,Americas,0.0,2.0,0.0,14418.0,17433.0,0.0,0.0,219000.0,409440.0,53.4877366816787,Tropical Storm,60.0,69.0,973.0,2000-10-04,2000-10-10,6.2,Landfall,Tropical Depression,29.0,-81.4,30.0,2000-10-04,0,0.00371079223058679,21.540000915527344,0.04056814958879085,0.24409637101077386,0.12934362934362942,-0.012512035574245184,0.06363194531240839,-0.010476209877501932
2004247N10332,Ivan (2004),2004.0,2004-0462-GRD,nat-met-sto-tro,GRD,Americas,18254.0,39.0,700.0,60000.0,113700.0,0.0,0.0,889000.0,1515260.0,58.6698092933412,Category 5,145.0,166.9,910.0,2004-09-02,2004-09-24,21.5,Landfall,Category 2,30.7208,-87.8481,90.0,2004-09-02,0,0.013321528955909878,14.279999732971191,0.017735032893270164,0.0701888292559716,0.20511379601011526,0.0,0.4289512429120247,-0.001432446537656471
2007225N12331,Dean (2007),2007.0,2007-0360-DOM,nat-met-sto-tro,DOM,Americas,0.0,1.0,0.0,1600.0,1600.0,30000.0,46581.0,40000.0,62108.0,64.4034636847652,Category 5,150.0,172.6,905.0,2007-08-13,2007-08-23,9.8,Landfall,Category 5,18.7,-87.7,150.0,2007-08-13,0,-0.006702753597439215,26.56999969482422,0.001788475349285168,0.30171428703958375,-0.29991694579572314,-0.047144611721445906,1.1824121505634466,-0.004632989105004604
2007225N12331,Dean (2007),2007.0,2007-0360-GLP,nat-met-sto-tro,GLP,Americas,0.0,0.0,0.0,0.0,0.0,125000.0,194089.0,300000.0,465813.0,64.4034636847652,Category 5,150.0,172.6,905.0,2007-08-13,2007-08-23,9.8,Landfall,Category 5,18.7,-87.7,150.0,2007-08-13,0,-0.006702753597439215,26.56999969482422,0.001788475349285168,0.30171428703958375,-0.29991694579572314,-0.047144611721445906,1.1824121505634466,-0.004632989105004604
2007225N12331,Dean (2007),2007.0,2007-0360-JAM,nat-met-sto-tro,JAM,Americas,0.0,4.0,0.0,32000.0,33188.0,150000.0,232907.0,300000.0,465813.0,64.4034636847652,Category 5,150.0,172.6,905.0,2007-08-13,2007-08-23,9.8,Landfall,Category 5,18.7,-87.7,150.0,2007-08-13,0,-0.006702753597439215,26.56999969482422,0.001788475349285168,0.30171428703958375,-0.29991694579572314,-0.047144611721445906,1.1824121505634466,-0.004632989105004604
2012296N14283,Sandy (2012),2012.0,2012-0410-CAN,nat-met-sto-tro,CAN,Americas,0.0,2.0,0.0,0.0,0.0,0.0,0.0,100000.0,140223.0,71.3150877335761,Category 3,100.0,115.1,940.0,2012-10-21,2012-10-31,9.8,Landfall,Category 1,17.9,-76.6,75.0,2012-10-22,1,-0.0046503073120445215,16.6200008392334,0.009822357318247432,0.07801136675881762,-0.020401420665730585,-0.010692434286022623,0.456845265183174,0.0035900940835315847
2012296N14283,Sandy (2012),2012.0,2012-0410-DOM,nat-met-sto-tro,DOM,Americas,0.0,3.0,0.0,22000.0,22000.0,0.0,0.0,30000.0,42067.0,71.3150877335761,Category 3,100.0,115.1,940.0,2012-10-21,2012-10-31,9.8,Landfall,Category 1,17.9,-76.6,75.0,2012-10-22,1,-0.0046503073120445215,16.6200008392334,0.009822357318247432,0.07801136675881762,-0.020401420665730585,-0.010692434286022623,0.456845265183174,0.0035900940835315847
2012296N14283,Sandy (2012),2012.0,2012-0410-HTI,nat-met-sto-tro,HTI,Americas,0.0,75.0,20.0,168500.0,201850.0,0.0,0.0,254000.0,356166.0,71.3150877335761,Category 3,100.0,115.1,940.0,2012-10-21,2012-10-31,9.8,Landfall,Category 1,17.9,-76.6,75.0,2012-10-22,1,-0.0046503073120445215,16.6200008392334,0.009822357318247432,0.07801136675881762,-0.020401420665730585,-0.010692434286022623,0.456845265183174,0.0035900940835315847
2000083S17102,Hudah (2000),2000.0,2000-0178-MOZ,nat-met-sto-tro,MOZ,Africa,0.0,3.0,4.0,0.0,304.0,0.0,0.0,0.0,0.0,53.4877366816787,Category 4,125.0,143.8,950.0,2000-03-22,2000-04-09,17.8,Landfall,Category 3,-14.9236,49.7874,107.0,2000-03-22,0,0.07626452292338715,21.489999771118164,0.012368437715738478,0.320692593885562,-0.7728337236533958,-0.033431112303001886,0.5104566596062327,0.030761598408369284
2001303N13276,Michelle (2001),2001.0,2001-0611-NIC,nat-met-sto-tro,NIC,Americas,0.0,16.0,0.0,24866.0,24866.0,0.0,0.0,1000.0,1818.0,54.9993852662954,Category 4,120.0,138.1,933.0,2001-10-29,2001-11-06,8.0,Landfall,Tropical Depression,13.3,-83.6,30.0,2001-10-29,0,-0.018453326831047168,31.63999938964844,-0.02623391313348522,0.18183175221850975,7.371428571428572,-0.06558436532334588,0.2483489878751786,-0.003212619186661031
2001303N13276,Michelle (2001),2001.0,2001-0615-JAM,nat-met-sto-tro,JAM,Americas,0.0,1.0,0.0,0.0,200.0,15000.0,27273.0,55487.0,100887.0,54.9993852662954,Category 4,120.0,138.1,933.0,2001-10-29,2001-11-06,8.0,Landfall,Tropical Depression,13.3,-83.6,30.0,2001-10-29,0,-0.018453326831047168,31.63999938964844,-0.02623391313348522,0.18183175221850975,7.371428571428572,-0.06558436532334588,0.2483489878751786,-0.003212619186661031
2000091S14156,Tessi (2000),2000.0,2000-0214-AUS,nat-met-sto-tro,AUS,Oceania,0.0,0.0,0.0,400.0,400.0,0.0,0.0,60000.0,112175.0,53.4877366816787,Tropical Storm,50.0,57.5,995.0,2000-03-31,2000-04-03,3.5,Landfall,Tropical Storm,-18.8211,146.32,40.0,2000-03-31,0,-0.020756432868162533,24.11000061035156,0.030723134678254382,0.23630276898671013,1.4444444444444446,0.0,0.46477470565862306,0.034121543162610006
2000184N13133,Kirogi (2000),2000.0,2000-0447-JPN,nat-met-sto-tro,JPN,Asia,0.0,4.0,0.0,900.0,900.0,200000.0,373917.0,300000.0,560876.0,53.4877366816787,Category 4,115.0,132.3,985.0,2000-07-02,2000-07-10,8.2,At Sea / Open Water,At Sea / Open Water,0.0,0.0,0.0,2000-07-03,1,0.00715892451167921,19.829999923706055,-0.029189143142462792,0.2401100053452259,16.83916083916084,-0.047073412091725886,0.3608947178115403,0.008991462777059369
2000230N08139,Bilis (2000),2000.0,2000-0517-TWN,nat-met-sto-tro,TWN,Asia,0.0,14.0,100.0,0.0,2100.0,3000.0,5609.0,135000.0,252394.0,53.4877366816787,Category 5,140.0,161.1,935.0,2000-08-17,2000-08-27,10.0,Landfall,Category 4,23.0779,121.218,135.0,2000-08-17,0,0.02364233367656965,17.479999542236328,-0.003908944894451261,0.20059555950408106,1.7173913043478262,-0.04547912121308617,0.37427162509756134,0.002802229836993832
2001056S11163,Paula (2001),2001.0,2001-0093-VUT,nat-met-sto-tro,VUT,Oceania,0.0,1.0,0.0,500.0,500.0,0.0,0.0,1390.0,2527.0,54.9993852662954,Category 3,105.0,120.8,985.0,2001-02-25,2001-03-08,11.5,At Sea / Open Water,At Sea / Open Water,0.0,0.0,0.0,2001-02-26,1,-0.021318755604046946,25.43000030517578,0.009059490324867525,0.14168987927491172,-0.4241379310344827,-0.0006188145245138443,0.1588691390973444,-0.0168478132461672
2001264N13269,Juliette (2001),2001.0,2001-0562-MEX,nat-met-sto-tro,MEX,Americas,0.0,3.0,0.0,3000.0,3800.0,150000.0,272730.0,400000.0,727281.0,54.9993852662954,Category 4,125.0,143.8,923.0,2001-09-21,2001-10-03,11.8,Landfall,Tropical Storm,25.0,-112.0,35.0,2001-09-21,0,-0.11272164351284764,42.65999984741211,-0.02541707149904726,0.15998420867149624,1.0940170940170941,-0.035028124801677385,0.3503059085599786,-0.02131969106657464
2001303N13276,Michelle (2001),2001.0,2001-0612-CRI,nat-met-sto-tro,CRI,Americas,0.0,0.0,0.0,0.0,0.0,0.0,0.0,1000.0,1818.0,54.9993852662954,Category 4,120.0,138.1,933.0,2001-10-29,2001-11-06,8.0,Landfall,Tropical Depression,13.3,-83.6,30.0,2001-10-29,0,-0.018453326831047168,31.63999938964844,-0.02623391313348522,0.18183175221850975,7.371428571428572,-0.06558436532334588,0.2483489878751786,-0.003212619186661031
2001227N13323,Chantal (2001),2001.0,2001-0735-MEX,nat-met-sto-tro,MEX,Americas,0.0,0.0,0.0,2500.0,2500.0,0.0,0.0,0.0,0.0,54.9993852662954,Tropical Storm,60.0,69.0,997.0,2001-08-14,2001-08-22,7.8,Landfall,Tropical Storm,18.2,-88.1,55.0,2001-08-14,0,-0.012420247716384725,20.479999542236328,-0.010087564691678041,0.275300796131399,3.764227642276423,-0.04249312235534597,0.4418483062039536,0.0071924608529054974
2004247N10332,Ivan (2004),2004.0,2004-0462-DOM,nat-met-sto-tro,DOM,Americas,0.0,4.0,0.0,0.0,0.0,0.0,0.0,1000.0,1704.0,58.6698092933412,Category 5,145.0,166.9,910.0,2004-09-02,2004-09-24,21.5,Landfall,Category 2,30.7208,-87.8481,90.0,2004-09-02,0,0.013321528955909878,14.279999732971191,0.017735032893270164,0.0701888292559716,0.20511379601011526,0.0,0.4289512429120247,-0.001432446537656471
2004247N10332,Ivan (2004),2004.0,2004-0462-VCT,nat-met-sto-tro,VCT,Americas,0.0,0.0,4.0,1000.0,1004.0,0.0,0.0,40000.0,68178.0,58.6698092933412,Category 5,145.0,166.9,910.0,2004-09-02,2004-09-24,21.5,Landfall,Category 2,30.7208,-87.8481,90.0,2004-09-02,0,0.013321528955909878,14.279999732971191,0.017735032893270164,0.0701888292559716,0.20511379601011526,0.0,0.4289512429120247,-0.001432446537656471
2007225N12331,Dean (2007),2007.0,2007-0360-BLZ,nat-met-sto-tro,BLZ,Americas,0.0,0.0,0.0,20000.0,20000.0,0.0,0.0,14847.0,23053.0,64.4034636847652,Category 5,150.0,172.6,905.0,2007-08-13,2007-08-23,9.8,Landfall,Category 5,18.7,-87.7,150.0,2007-08-13,0,-0.006702753597439215,26.56999969482422,0.001788475349285168,0.30171428703958375,-0.29991694579572314,-0.047144611721445906,1.1824121505634466,-0.004632989105004604
2007225N12331,Dean (2007),2007.0,2007-0360-DMA,nat-met-sto-tro,DMA,Americas,0.0,2.0,30.0,7500.0,7530.0,10000.0,15527.0,20000.0,31054.0,64.4034636847652,Category 5,150.0,172.6,905.0,2007-08-13,2007-08-23,9.8,Landfall,Category 5,18.7,-87.7,150.0,2007-08-13,0,-0.006702753597439215,26.56999969482422,0.001788475349285168,0.30171428703958375,-0.29991694579572314,-0.047144611721445906,1.1824121505634466,-0.004632989105004604
2007225N12331,Dean (2007),2007.0,2007-0360-MEX,nat-met-sto-tro,MEX,Americas,0.0,9.0,0.0,140000.0,140000.0,475000.0,737538.0,600000.0,931627.0,64.4034636847652,Category 5,150.0,172.6,905.0,2007-08-13,2007-08-23,9.8,Landfall,Category 5,18.7,-87.7,150.0,2007-08-13,0,-0.006702753597439215,26.56999969482422,0.001788475349285168,0.30171428703958375,-0.29991694579572314,-0.047144611721445906,1.1824121505634466,-0.004632989105004604
2012296N14283,Sandy (2012),2012.0,2012-0410-JAM,nat-met-sto-tro,JAM,Americas,0.0,2.0,0.0,218850.0,218850.0,0.0,0.0,100000.0,140223.0,71.3150877335761,Category 3,100.0,115.1,940.0,2012-10-21,2012-10-31,9.8,Landfall,Category 1,17.9,-76.6,75.0,2012-10-22,1,-0.0046503073120445215,16.6200008392334,0.009822357318247432,0.07801136675881762,-0.020401420665730585,-0.010692434286022623,0.456845265183174,0.0035900940835315847
2000230N08139,Bilis (2000),2000.0,2000-0533-CHN,nat-met-sto-tro,CHN,Asia,0.0,11.0,47.0,0.0,4522.0,0.0,0.0,69443.0,129830.0,53.4877366816787,Category 5,140.0,161.1,935.0,2000-08-17,2000-08-27,10.0,Landfall,Category 4,23.0779,121.218,135.0,2000-08-17,0,0.02364233367656965,17.479999542236328,-0.003908944894451261,0.20059555950408106,1.7173913043478262,-0.04547912121308617,0.37427162509756134,0.002802229836993832
2000245N14157,Saomai (2000),2000.0,2000-0601-KOR,nat-met-sto-tro,KOR,Asia,0.0,8.0,0.0,0.0,411.0,0.0,0.0,71000.0,132741.0,53.4877366816787,Category 5,140.0,161.1,995.0,2000-08-31,2000-09-19,18.2,Landfall,Tropical Storm,35.2826,128.439,60.0,2000-08-31,0,0.006815047635428506,16.84000015258789,0.025641245287224335,0.19217953063780274,-0.4642857142857143,-0.015516013431621234,0.3576615353074191,0.06681208958418515
2000299N08139,Xangsane (2000),2000.0,2000-0706-TWN,nat-met-sto-tro,TWN,Asia,0.0,89.0,2.0,0.0,2.0,60000.0,112175.0,150000.0,280438.0,53.4877366816787,Category 2,90.0,103.6,980.0,2000-10-24,2000-11-02,8.5,Landfall,Category 1,13.7106,122.979,70.0,2000-10-24,0,0.03594598688876238,24.280000686645508,-0.00193730786928481,0.19795026883863226,-0.6774193548387097,-0.008180954634064652,0.16288577114977187,0.05673014510206588
2001227N13323,Chantal (2001),2001.0,2001-0736-BLZ,nat-met-sto-tro,BLZ,Americas,0.0,0.0,0.0,0.0,0.0,0.0,0.0,4000.0,7273.0,54.9993852662954,Tropical Storm,60.0,69.0,997.0,2001-08-14,2001-08-22,7.8,Landfall,Tropical Storm,18.2,-88.1,55.0,2001-08-14,0,-0.012420247716384725,20.479999542236328,-0.010087564691678041,0.275300796131399,3.764227642276423,-0.04249312235534597,0.4418483062039536,0.0071924608529054974
2001170N11138,Chebi (2001),2001.0,2001-0293-PHL,nat-met-sto-tro,PHL,Asia,0.0,33.0,0.0,0.0,0.0,0.0,0.0,14000.0,25455.0,54.9993852662954,Category 3,100.0,115.1,944.0,2001-06-19,2001-06-25,6.5,Landfall,Category 2,25.5842,119.463,87.0,2001-06-19,0,-0.029739873831706065,22.34000015258789,-0.0387712689822598,0.1731100154994539,0.19277108433734935,-0.06301814677104967,0.3497308804460894,-0.008994565633076145
2001170N11138,Chebi (2001),2001.0,2001-0293-TWN,nat-met-sto-tro,TWN,Asia,0.0,9.0,116.0,0.0,116.0,0.0,0.0,5000.0,9091.0,54.9993852662954,Category 3,100.0,115.1,944.0,2001-06-19,2001-06-25,6.5,Landfall,Category 2,25.5842,119.463,87.0,2001-06-19,0,-0.029739873831706065,22.34000015258789,-0.0387712689822598,0.1731100154994539,0.19277108433734935,-0.06301814677104967,0.3497308804460894,-0.008994565633076145
2002234N14164,Rusa (2002),2002.0,2002-0557-RUS,nat-met-sto-tro,RUS,Europe,0.0,0.0,0.0,1050.0,1050.0,0.0,0.0,0.0,0.0,55.8716960740501,Category 4,115.0,132.3,927.0,2002-08-22,2002-09-03,12.8,Landfall,Tropical Storm,34.8418,127.37,62.0,2002-08-22,0,0.034010880265245014,27.75,0.04846221904405512,0.40508266590535297,-0.32603550295857986,0.0,0.9670523786504942,0.01563442868093791
2001094S12172,Sose (2001),2001.0,2001-0143-VUT,nat-met-sto-tro,VUT,Oceania,0.0,1.0,0.0,505.0,800.0,0.0,0.0,0.0,0.0,54.9993852662954,Category 1,70.0,80.6,985.0,2001-04-03,2001-04-12,8.6,At Sea / Open Water,At Sea / Open Water,0.0,0.0,0.0,2001-04-03,0,-0.0669429331886997,34.720001220703125,0.007416459560995126,0.31494001588688914,-0.4300699300699301,-0.018061005869570157,0.3425545096021013,0.0013814816324903
2001180N15118,Durian (2001),2001.0,2001-0322-CHN,nat-met-sto-tro,CHN,Asia,0.0,33.0,8298.0,14990000.0,14998298.0,20000.0,36364.0,2743000.0,4987328.0,54.9993852662954,Category 1,75.0,86.3,967.0,2001-06-29,2001-07-03,4.5,Landfall,Category 1,21.108,110.319,75.0,2001-06-29,0,-0.002035024583377898,19.059999465942383,0.018306498016987582,0.202682163660824,-0.35746606334841624,-0.042638999892000706,0.21398072071911953,0.027212069311698624
2001278N12302,Iris (2001),2001.0,2001-0570-GTM,nat-met-sto-tro,GTM,Americas,0.0,8.0,11.0,6435.0,6446.0,0.0,0.0,100.0,182.0,54.9993852662954,Category 4,125.0,143.8,948.0,2001-10-04,2001-10-09,5.0,Landfall,Category 3,16.2424,-88.7091,108.0,2001-10-04,0,0.05055310090893261,31.969999313354492,0.04370645292336528,0.2162687898248702,-0.7882960413080895,-0.00995054631123804,0.37657838762386786,-0.015337594308133279
2002234N14164,Rusa (2002),2002.0,2002-0561-PRK,nat-met-sto-tro,PRK,Asia,133.0,3.0,0.0,7401.0,7401.0,0.0,0.0,500.0,895.0,55.8716960740501,Category 4,115.0,132.3,927.0,2002-08-22,2002-09-03,12.8,Landfall,Tropical Storm,34.8418,127.37,62.0,2002-08-22,0,0.034010880265245014,27.75,0.04846221904405512,0.40508266590535297,-0.32603550295857986,0.0,0.9670523786504942,0.01563442868093791
2001157N28265,Allison (2001),2001.0,2001-0242-USA,nat-met-sto-tro,USA,Americas,0.0,41.0,0.0,102000.0,172000.0,3500000.0,6363707.0,6000000.0,10909213.0,54.9993852662954,Tropical Storm,50.0,57.5,1000.0,2001-06-05,2001-06-19,13.5,Landfall,Tropical Storm,29.3,-95.3,45.0,2001-06-05,0,0.013535295348028775,19.579999923706055,-0.01132858327124675,0.15382750015859453,10.788732394366198,-0.03381124285371284,0.27365023012219947,0.011468414394517975
2001225N18146,Pabuk (2001),2001.0,2001-0454-JPN,nat-met-sto-tro,JPN,Asia,0.0,9.0,40.0,7000.0,7040.0,500000.0,909101.0,800000.0,1454562.0,54.9993852662954,Category 2,90.0,103.6,954.0,2001-08-13,2001-08-23,9.8,Landfall,Tropical Storm,33.7,135.75,55.0,2001-08-13,0,-0.008145707969895,20.420000076293945,-0.0022959484894454762,0.27552586721184774,-0.3835616438356164,-0.04639512833942616,0.44641142030260206,-0.00034215569015358036
2001248N23125,Nari (2001),2001.0,2001-0522-TWN,nat-met-sto-tro,TWN,Asia,0.0,80.0,200.0,650000.0,650200.0,500000.0,909101.0,800000.0,1454562.0,54.9993852662954,Category 3,100.0,115.1,944.0,2001-09-05,2001-09-21,16.0,Landfall,Category 1,24.625,121.625,65.0,2001-09-05,0,-0.024703698385610928,26.350000381469727,-0.012550311339752485,0.1525918530873857,29.03125,-0.02795833356994981,0.5039777489514192,0.048124937924711744
2002187N11160,Halong (2002),2002.0,2002-0423-PHL,nat-met-sto-tro,PHL,Asia,0.0,62.0,0.0,11000.0,11000.0,0.0,0.0,5664.0,10138.0,55.8716960740501,Category 4,135.0,155.4,904.0,2002-07-05,2002-07-19,14.2,Landfall,Tropical Storm,35.5945,140.399,45.0,2002-07-05,0,-0.0012072287727058484,27.11000061035156,-0.015993030708739808,0.23734494488163002,-0.25442477876106195,-0.0836164313893929,0.6628615188591279,-0.04687115312098391
2002234N14164,Rusa (2002),2002.0,2002-0557-KOR,nat-met-sto-tro,KOR,Asia,190.0,184.0,0.0,88625.0,88625.0,170000.0,304269.0,4200000.0,7517223.0,55.8716960740501,Category 4,115.0,132.3,927.0,2002-08-22,2002-09-03,12.8,Landfall,Tropical Storm,34.8418,127.37,62.0,2002-08-22,0,0.034010880265245014,27.75,0.04846221904405512,0.40508266590535297,-0.32603550295857986,0.0,0.9670523786504942,0.01563442868093791
2002187N11160,Halong (2002),2002.0,2002-0430-JPN,nat-met-sto-tro,JPN,Asia,0.0,1.0,9.0,570.0,579.0,0.0,0.0,89800.0,160725.0,55.8716960740501,Category 4,135.0,155.4,904.0,2002-07-05,2002-07-19,14.2,Landfall,Tropical Storm,35.5945,140.399,45.0,2002-07-05,0,-0.0012072287727058484,27.11000061035156,-0.015993030708739808,0.23734494488163002,-0.25442477876106195,-0.0836164313893929,0.6628615188591279,-0.04687115312098391
2001278N12302,Iris (2001),2001.0,2001-0570-DOM,nat-met-sto-tro,DOM,Americas,0.0,3.0,0.0,175.0,175.0,0.0,0.0,10.0,18.0,54.9993852662954,Category 4,125.0,143.8,948.0,2001-10-04,2001-10-09,5.0,Landfall,Category 3,16.2424,-88.7091,108.0,2001-10-04,0,0.05055310090893261,31.969999313354492,0.04370645292336528,0.2162687898248702,-0.7882960413080895,-0.00995054631123804,0.37657838762386786,-0.015337594308133279
2002234N14164,Rusa (2002),2002.0,2002-0557-JPN,nat-met-sto-tro,JPN,Asia,0.0,0.0,12.0,1236.0,1248.0,0.0,0.0,0.0,0.0,55.8716960740501,Category 4,115.0,132.3,927.0,2002-08-22,2002-09-03,12.8,Landfall,Tropical Storm,34.8418,127.37,62.0,2002-08-22,0,0.034010880265245014,27.75,0.04846221904405512,0.40508266590535297,-0.32603550295857986,0.0,0.9670523786504942,0.01563442868093791
2001278N12302,Iris (2001),2001.0,2001-0570-MEX,nat-met-sto-tro,MEX,Americas,0.0,2.0,0.0,0.0,0.0,0.0,0.0,1000.0,1818.0,54.9993852662954,Category 4,125.0,143.8,948.0,2001-10-04,2001-10-09,5.0,Landfall,Category 3,16.2424,-88.7091,108.0,2001-10-04,0,0.05055310090893261,31.969999313354492,0.04370645292336528,0.2162687898248702,-0.7882960413080895,-0.00995054631123804,0.37657838762386786,-0.015337594308133279
2001278N12302,Iris (2001),2001.0,2001-0553-BLZ,nat-met-sto-tro,BLZ,Americas,0.0,30.0,0.0,20000.0,20000.0,0.0,0.0,250000.0,454551.0,54.9993852662954,Category 4,125.0,143.8,948.0,2001-10-04,2001-10-09,5.0,Landfall,Category 3,16.2424,-88.7091,108.0,2001-10-04,0,0.05055310090893261,31.969999313354492,0.04370645292336528,0.2162687898248702,-0.7882960413080895,-0.00995054631123804,0.37657838762386786,-0.015337594308133279
2001246N19156,Danas (2001),2001.0,2001-0511-JPN,nat-met-sto-tro,JPN,Asia,0.0,7.0,15.0,1200.0,1215.0,300000.0,545461.0,500000.0,909101.0,54.9993852662954,Category 3,105.0,120.8,938.0,2001-09-03,2001-09-12,9.8,Landfall,Category 1,34.6969,138.972,72.0,2001-09-04,1,-0.04133217090316288,25.850000381469727,-0.01117698642714604,0.15488840822564157,102.69047619047619,-0.022106740265825153,0.4978137565990036,0.032382966936557324
2001206N14134,Toraji (2001),2001.0,2001-0405-CHN,nat-met-sto-tro,CHN,Asia,0.0,100.0,0.0,0.0,0.0,0.0,0.0,40000.0,72728.0,54.9993852662954,Category 3,100.0,115.1,944.0,2001-07-25,2001-08-02,8.5,Landfall,Category 3,23.75,121.3,100.0,2001-07-25,0,-0.015784103112271186,24.0,-0.028191815437940915,0.24715992358182354,3.3650793650793647,-0.04244720960156401,0.4238106563811729,0.0072159933141187
2001181N08141,Utor (2001),2001.0,2001-0319-PHL,nat-met-sto-tro,PHL,Asia,0.0,232.0,241.0,1902413.0,1902654.0,0.0,0.0,68565.0,124665.0,54.9993852662954,Category 1,80.0,92.1,963.0,2001-06-30,2001-07-07,7.8,Landfall,Category 1,22.75,114.8,65.0,2001-07-02,2,0.019799768638951942,18.760000228881836,0.03341015545354131,0.20324192208063477,1.5734265734265733,-0.03070426827873418,0.2841284406025358,0.034243015999096446
2001170N11138,Chebi (2001),2001.0,2001-0292-CHN,nat-met-sto-tro,CHN,Asia,0.0,125.0,0.0,2895000.0,3108000.0,120000.0,218184.0,470000.0,854555.0,54.9993852662954,Category 3,100.0,115.1,944.0,2001-06-19,2001-06-25,6.5,Landfall,Category 2,25.5842,119.463,87.0,2001-06-19,0,-0.029739873831706065,22.34000015258789,-0.0387712689822598,0.1731100154994539,0.19277108433734935,-0.06301814677104967,0.3497308804460894,-0.008994565633076145
2001206N14134,Toraji (2001),2001.0,2001-0405-TWN,nat-met-sto-tro,TWN,Asia,0.0,100.0,0.0,0.0,0.0,20000.0,36364.0,240000.0,436369.0,54.9993852662954,Category 3,100.0,115.1,944.0,2001-07-25,2001-08-02,8.5,Landfall,Category 3,23.75,121.3,100.0,2001-07-25,0,-0.015784103112271186,24.0,-0.028191815437940915,0.24715992358182354,3.3650793650793647,-0.04244720960156401,0.4238106563811729,0.0072159933141187
2002122S07063,Kesiny (2002),2002.0,2002-0281-MDG,nat-met-sto-tro,MDG,Africa,205.0,20.0,1200.0,520000.0,526200.0,0.0,0.0,0.0,0.0,55.8716960740501,Category 1,65.0,74.8,976.0,2002-05-02,2002-05-11,9.5,Landfall,Tropical Storm,-12.7115,49.4724,60.0,2002-05-02,0,-0.006486231211954796,20.06999969482422,-0.007105475635770686,0.2324566223255181,-0.6837837837837838,-0.04974918324343569,0.8020898600392276,-0.007617568408014417
2003212N09150,Etau (2003),2003.0,2003-0388-JPN,nat-met-sto-tro,JPN,Asia,0.0,20.0,93.0,6759.0,8976.0,47000.0,82254.0,55000.0,96255.0,57.1400352670416,Category 3,110.0,126.6,933.0,2003-07-31,2003-08-11,11.5,Landfall,Category 2,33.7313,134.388,85.0,2003-07-31,0,0.00913826581696675,19.489999771118164,-0.009122086820039343,0.15914457267904955,1.9538913362701908,-0.06352093848198692,0.6754789359985146,0.004601929910811445
2002268N15163,Higos (2002),2002.0,2002-0635-RUS,nat-met-sto-tro,RUS,Europe,0.0,6.0,0.0,0.0,0.0,0.0,0.0,0.0,0.0,55.8716960740501,Category 4,135.0,155.4,904.0,2002-09-25,2002-10-04,9.0,Landfall,Category 1,35.249,139.594,82.0,2002-09-25,0,-0.025553180242568363,37.33000183105469,-0.07267651581059609,0.3033676819769578,1.1104166666666666,-0.17571250956862716,0.9580898482971453,0.03415173719062105
2003235N20253,Ignacio (2003),2003.0,2003-0688-MEX,nat-met-sto-tro,MEX,Americas,0.0,2.0,0.0,3000.0,3000.0,0.0,0.0,21200.0,37102.0,57.1400352670416,Category 2,90.0,103.6,970.0,2003-08-22,2003-08-27,5.2,Landfall,Category 1,24.15,-109.95,72.0,2003-08-22,0,0.0015057876049657803,18.549999237060547,-0.001926527457800975,0.12200088310651618,4.927007299270073,-0.013803194810434238,0.6840070689940979,0.00447689348086959
2002295N11261,Kenna (2002),2002.0,2002-0669-MEX,nat-met-sto-tro,MEX,Americas,450.0,3.0,200.0,8800.0,9000.0,0.0,0.0,200000.0,357963.0,55.8716960740501,Category 5,145.0,166.9,913.0,2002-10-22,2002-10-26,4.0,Landfall,Category 4,21.7,-105.4,120.0,2002-10-22,0,0.009244908374524297,34.09000015258789,0.035151648955288106,0.5747397437647892,0.8437796128333559,-0.0996306394804034,0.829749394720955,0.05564383595321207
2003240N20139,Dujuan (2003),2003.0,2003-0443-HKG,nat-met-sto-tro,HKG,Asia,0.0,4.0,22.0,0.0,22.0,0.0,0.0,0.0,0.0,57.1400352670416,Category 4,125.0,143.8,916.0,2003-08-27,2003-09-03,6.8,Landfall,Category 2,22.575,114.725,85.0,2003-08-27,0,-0.003085268819058018,19.1299991607666,0.0009554895349639381,0.11728898055232166,-0.24552429667519182,-0.002855854110700884,0.6776187968673776,0.005080886283955522
2003249N14329,Isabel (2003),2003.0,2003-0468-CAN,nat-met-sto-tro,CAN,Americas,0.0,1.0,0.0,0.0,0.0,0.0,0.0,0.0,0.0,57.1400352670416,Category 5,145.0,166.9,915.0,2003-09-06,2003-09-20,14.0,Landfall,Category 1,35.8281,-77.0428,75.0,2003-09-08,2,0.022081885200777585,18.260000228881836,0.028028817873952727,0.11235527333526761,0.25664718084103333,0.0,0.7053155064774278,0.006195572337891432
2003339N13284,Odette (2003),2003.0,2003-0599-DOM,nat-met-sto-tro,DOM,Americas,0.0,8.0,14.0,10000.0,10014.0,0.0,0.0,8000.0,14001.0,57.1400352670416,Tropical Storm,55.0,63.3,993.0,2003-12-04,2003-12-09,5.2,Landfall,Tropical Storm,17.8,-71.5,50.0,2003-12-04,0,0.01156340591659255,16.299999237060547,0.007255994952712896,0.11381411652840263,0.019745222929936412,0.0,0.4934095042497129,0.0070419734080884805
2002258N10300,Isidore (2002),2002.0,2002-0609-MEX,nat-met-sto-tro,MEX,Americas,0.0,13.0,30.0,500000.0,500030.0,280000.0,501148.0,640000.0,1145482.0,55.8716960740501,Category 3,110.0,126.6,934.0,2002-09-14,2002-09-27,13.0,Landfall,Tropical Depression,10.0856,-61.4549,25.0,2002-09-16,2,-0.008492887094594281,36.7400016784668,-0.04400483908575281,0.25233170954188827,-0.33787465940054495,-0.12133330758145155,0.9069544694285361,-0.014239839030394497
2002178N10139,Rammasun (2002),2002.0,2002-0528-PHL,nat-met-sto-tro,PHL,Asia,0.0,7.0,0.0,0.0,3000.0,0.0,0.0,0.0,0.0,55.8716960740501,Category 3,110.0,126.6,933.0,2002-06-26,2002-07-07,11.2,Landfall,Tropical Storm,36.5643,126.893,35.0,2002-06-26,0,-0.04348384271906691,28.420000076293945,-0.04151980442035752,0.22799064181706066,-0.46596858638743455,-0.09225266303083846,0.750927113745744,-0.011192409784249069
2003196N11137,Koni (2003),2003.0,2003-0822-VNM,nat-met-sto-tro,VNM,Asia,0.0,3.0,18.0,0.0,5018.0,0.0,0.0,0.0,0.0,57.1400352670416,Category 1,65.0,74.8,976.0,2003-07-14,2003-07-22,8.2,Landfall,Tropical Storm,11.25,124.5,40.0,2003-07-14,0,0.00029799681967457303,19.59000015258789,-0.02813099564915278,0.13853092702549433,0.2148148148148148,-0.053343939650279504,0.5581326181503118,-0.0237731991306687
2002258N10300,Isidore (2002),2002.0,2002-0652-USA,nat-met-sto-tro,USA,Americas,0.0,1.0,0.0,13200.0,13200.0,200000.0,357963.0,300000.0,536945.0,55.8716960740501,Category 3,110.0,126.6,934.0,2002-09-14,2002-09-27,13.0,Landfall,Tropical Depression,10.0856,-61.4549,25.0,2002-09-16,2,-0.008492887094594281,36.7400016784668,-0.04400483908575281,0.25233170954188827,-0.33787465940054495,-0.12133330758145155,0.9069544694285361,-0.014239839030394497
2003011S09182,Ami (2003),2003.0,2003-0024-FJI,nat-met-sto-tro,FJI,Oceania,2254.0,17.0,0.0,30000.0,30000.0,0.0,0.0,30000.0,52503.0,57.1400352670416,Category 3,110.0,126.6,944.0,2003-01-10,2003-01-17,6.5,At Sea / Open Water,At Sea / Open Water,0.0,0.0,0.0,2003-01-10,0,0.01871914892225912,24.31999969482422,0.02424240915684628,0.21160870487843153,-0.09727814462876472,-0.019816466291531998,0.6600426471630058,-0.011084608002097412
2003316N11141,Nepartak (2003),2003.0,2003-0594-CHN,nat-met-sto-tro,CHN,Asia,0.0,0.0,0.0,1720000.0,1720000.0,0.0,0.0,196938.0,344659.0,57.1400352670416,Category 1,75.0,86.3,967.0,2003-11-11,2003-11-19,8.0,Landfall,Tropical Storm,12.15,124.925,50.0,2003-11-11,0,-0.005767593755418798,17.540000915527344,-0.012244792670132676,0.07764800609664207,0.6665622062049514,-0.01714758022896601,0.46433617721730536,-0.018090490675076475
2003144N16119,Linfa (2003),2003.0,2003-0258-JPN,nat-met-sto-tro,JPN,Asia,0.0,0.0,2.0,0.0,2.0,0.0,0.0,28200.0,49352.0,57.1400352670416,Tropical Storm,55.0,63.3,984.0,2003-05-24,2003-06-04,11.0,Landfall,Tropical Storm,16.1,119.875,55.0,2003-05-27,3,0.029681685460774432,19.989999771118164,0.07394830280517484,0.19037238425825428,0.545564858633661,0.0,0.5230276032934718,-0.009733603658555854
2003240N20139,Dujuan (2003),2003.0,2003-0443-CHN,nat-met-sto-tro,CHN,Asia,0.0,38.0,1000.0,0.0,69925.0,0.0,0.0,241000.0,421771.0,57.1400352670416,Category 4,125.0,143.8,916.0,2003-08-27,2003-09-03,6.8,Landfall,Category 2,22.575,114.725,85.0,2003-08-27,0,-0.003085268819058018,19.1299991607666,0.0009554895349639381,0.11728898055232166,-0.24552429667519182,-0.002855854110700884,0.6776187968673776,0.005080886283955522
2003240N20139,Dujuan (2003),2003.0,2003-0443-TWN,nat-met-sto-tro,TWN,Asia,0.0,3.0,0.0,0.0,0.0,0.0,0.0,115000.0,201260.0,57.1400352670416,Category 4,125.0,143.8,916.0,2003-08-27,2003-09-03,6.8,Landfall,Category 2,22.575,114.725,85.0,2003-08-27,0,-0.003085268819058018,19.1299991607666,0.0009554895349639381,0.11728898055232166,-0.24552429667519182,-0.002855854110700884,0.6776187968673776,0.005080886283955522
2003249N14329,Isabel (2003),2003.0,2003-0468-USA,nat-met-sto-tro,USA,Americas,0.0,16.0,0.0,225000.0,225000.0,1685000.0,2948896.0,3370000.0,5897791.0,57.1400352670416,Category 5,145.0,166.9,915.0,2003-09-06,2003-09-20,14.0,Landfall,Category 1,35.8281,-77.0428,75.0,2003-09-08,2,0.022081885200777585,18.260000228881836,0.028028817873952727,0.11235527333526761,0.25664718084103333,0.0,0.7053155064774278,0.006195572337891432
2003196N11137,Koni (2003),2003.0,2003-0822-PHL,nat-met-sto-tro,PHL,Asia,0.0,8.0,1.0,116601.0,116602.0,0.0,0.0,1499.0,2623.0,57.1400352670416,Category 1,65.0,74.8,976.0,2003-07-14,2003-07-22,8.2,Landfall,Tropical Storm,11.25,124.5,40.0,2003-07-14,0,0.00029799681967457303,19.59000015258789,-0.02813099564915278,0.13853092702549433,0.2148148148148148,-0.053343939650279504,0.5581326181503118,-0.0237731991306687
2002268N15163,Higos (2002),2002.0,2002-0635-JPN,nat-met-sto-tro,JPN,Asia,0.0,5.0,108.0,8082.0,8226.0,2140000.0,3830204.0,0.0,0.0,55.8716960740501,Category 4,135.0,155.4,904.0,2002-09-25,2002-10-04,9.0,Landfall,Category 1,35.249,139.594,82.0,2002-09-25,0,-0.025553180242568363,37.33000183105469,-0.07267651581059609,0.3033676819769578,1.1104166666666666,-0.17571250956862716,0.9580898482971453,0.03415173719062105
2003212N09150,Etau (2003),2003.0,2003-0388-RUS,nat-met-sto-tro,RUS,Europe,0.0,0.0,0.0,0.0,0.0,0.0,0.0,0.0,0.0,57.1400352670416,Category 3,110.0,126.6,933.0,2003-07-31,2003-08-11,11.5,Landfall,Category 2,33.7313,134.388,85.0,2003-07-31,0,0.00913826581696675,19.489999771118164,-0.009122086820039343,0.15914457267904955,1.9538913362701908,-0.06352093848198692,0.6754789359985146,0.004601929910811445
2003316N11141,Nepartak (2003),2003.0,2003-0594-PHL,nat-met-sto-tro,PHL,Asia,0.0,13.0,0.0,0.0,0.0,0.0,0.0,0.0,0.0,57.1400352670416,Category 1,75.0,86.3,967.0,2003-11-11,2003-11-19,8.0,Landfall,Tropical Storm,12.15,124.925,50.0,2003-11-11,0,-0.005767593755418798,17.540000915527344,-0.012244792670132676,0.07764800609664207,0.6665622062049514,-0.01714758022896601,0.46433617721730536,-0.018090490675076475
2003339N13284,Odette (2003),2003.0,2003-0599-PRI,nat-met-sto-tro,PRI,Americas,0.0,0.0,0.0,0.0,100.0,0.0,0.0,20.0,35.0,57.1400352670416,Tropical Storm,55.0,63.3,993.0,2003-12-04,2003-12-09,5.2,Landfall,Tropical Storm,17.8,-71.5,50.0,2003-12-04,0,0.01156340591659255,16.299999237060547,0.007255994952712896,0.11381411652840263,0.019745222929936412,0.0,0.4934095042497129,0.0070419734080884805
2002057N06156,Mitag (2002),2002.0,2002-0126-FSM,nat-met-sto-tro,FSM,Oceania,0.0,0.0,0.0,0.0,175.0,0.0,0.0,15000.0,26847.0,55.8716960740501,Category 5,140.0,161.1,898.0,2002-02-26,2002-03-09,10.8,At Sea / Open Water,At Sea / Open Water,0.0,0.0,0.0,2002-02-26,0,0.022618767122958072,21.68000030517578,0.01634359217020287,0.17780000478059674,7.945891783567134,-0.012555305527723215,0.4750473576368204,0.025612334896670502
2002258N10300,Isidore (2002),2002.0,2002-0604-CUB,nat-met-sto-tro,CUB,Americas,0.0,0.0,0.0,42500.0,42500.0,1000.0,1790.0,23000.0,41166.0,55.8716960740501,Category 3,110.0,126.6,934.0,2002-09-14,2002-09-27,13.0,Landfall,Tropical Depression,10.0856,-61.4549,25.0,2002-09-16,2,-0.008492887094594281,36.7400016784668,-0.04400483908575281,0.25233170954188827,-0.33787465940054495,-0.12133330758145155,0.9069544694285361,-0.014239839030394497
2002258N10300,Isidore (2002),2002.0,2002-0849-GTM,nat-met-sto-tro,GTM,Americas,0.0,2.0,0.0,1500.0,1500.0,0.0,0.0,100.0,179.0,55.8716960740501,Category 3,110.0,126.6,934.0,2002-09-14,2002-09-27,13.0,Landfall,Tropical Depression,10.0856,-61.4549,25.0,2002-09-16,2,-0.008492887094594281,36.7400016784668,-0.04400483908575281,0.25233170954188827,-0.33787465940054495,-0.12133330758145155,0.9069544694285361,-0.014239839030394497
2003144N16119,Linfa (2003),2003.0,2003-0258-PHL,nat-met-sto-tro,PHL,Asia,0.0,51.0,16.0,11345.0,13909.0,0.0,0.0,4000.0,7000.0,57.1400352670416,Tropical Storm,55.0,63.3,984.0,2003-05-24,2003-06-04,11.0,Landfall,Tropical Storm,16.1,119.875,55.0,2003-05-27,3,0.029681685460774432,19.989999771118164,0.07394830280517484,0.19037238425825428,0.545564858633661,0.0,0.5230276032934718,-0.009733603658555854
2003179N20271,Bill (2003),2003.0,2003-0782-USA,nat-met-sto-tro,USA,Americas,0.0,4.0,4.0,0.0,4.0,22000.0,38502.0,50000.0,87504.0,57.1400352670416,Tropical Storm,50.0,57.5,997.0,2003-06-28,2003-07-03,4.8,Landfall,Tropical Depression,19.5,-89.0,20.0,2003-06-30,2,-0.008027421641151222,19.520000457763672,-0.00718179252597273,0.15209182553387507,-0.640737148399612,-0.02240770269832093,0.5606187674030734,-0.03151421792745712
2003196N11137,Koni (2003),2003.0,2003-0822-CHN,nat-met-sto-tro,CHN,Asia,0.0,0.0,0.0,7000.0,7000.0,0.0,0.0,16900.0,29576.0,57.1400352670416,Category 1,65.0,74.8,976.0,2003-07-14,2003-07-22,8.2,Landfall,Tropical Storm,11.25,124.5,40.0,2003-07-14,0,0.00029799681967457303,19.59000015258789,-0.02813099564915278,0.13853092702549433,0.2148148148148148,-0.053343939650279504,0.5581326181503118,-0.0237731991306687
2003212N09150,Etau (2003),2003.0,2003-0824-PHL,nat-met-sto-tro,PHL,Asia,0.0,0.0,0.0,155147.0,155147.0,0.0,0.0,661.0,1157.0,57.1400352670416,Category 3,110.0,126.6,933.0,2003-07-31,2003-08-11,11.5,Landfall,Category 2,33.7313,134.388,85.0,2003-07-31,0,0.00913826581696675,19.489999771118164,-0.009122086820039343,0.15914457267904955,1.9538913362701908,-0.06352093848198692,0.6754789359985146,0.004601929910811445
2017242N17253,Lidia (2017),2017.0,2017-0376-MEX,nat-met-sto-tro,MEX,Americas,0.0,20.0,0.0,0.0,1000.0,0.0,0.0,0.0,0.0,76.1376037057766,Tropical Storm,55.0,63.3,986.0,2017-08-29,2017-09-03,4.8,Landfall,Tropical Storm,24.0,-110.9,50.0,2017-08-29,0,-0.0024039286891475165,11.699999809265137,0.005472623267188226,0.06641596980088593,-0.02699287142804563,-0.0021725147476593376,0.1844105784139527,-0.009344753712654127
2003319N13172,Lupit (2003),2003.0,2003-0577-FSM,nat-met-sto-tro,FSM,Oceania,10.0,0.0,0.0,0.0,1000.0,0.0,0.0,1700.0,2975.0,57.1400352670416,Category 5,145.0,166.9,892.0,2003-11-14,2003-12-03,18.8,At Sea / Open Water,At Sea / Open Water,0.0,0.0,0.0,2003-11-14,0,-0.0014204319661104137,16.940000534057617,0.0009170874601474033,0.05860646260824934,0.9759601289944297,-0.014891166269568323,0.4639404950497159,-0.012366988127299335
2015242N12343,Fred (2015),2015.0,2015-0473-CPV,nat-met-sto-tro,CPV,Africa,0.0,9.0,0.0,0.0,0.0,0.0,0.0,1100.0,1494.0,73.6208029365864,Category 1,75.0,86.3,986.0,2015-08-30,2015-09-06,7.5,At Sea / Open Water,At Sea / Open Water,0.0,0.0,0.0,2015-08-31,1,0.04311341089135978,28.43000030517578,-0.020756923409015027,0.2325624187376643,-0.6558909417244769,-0.07434088152950347,0.5727720581724317,-0.014141886900081894
2004025S16044,Elita (2004),2004.0,2004-0029-MDG,nat-met-sto-tro,MDG,Africa,428.0,32.0,100.0,0.0,44290.0,0.0,0.0,0.0,0.0,58.6698092933412,Category 1,65.0,74.8,976.0,2004-01-24,2004-02-13,19.5,Landfall,Tropical Storm,-15.8449,46.0309,55.0,2004-01-26,2,0.014356852935871522,14.550000190734863,0.013716759897243858,0.10015332217374644,-0.05823754789272029,-0.014582943604206311,0.6188141361527949,0.010992637165139683
2004258N16300,Jeanne (2004),2004.0,2004-0473-USA,nat-met-sto-tro,USA,Americas,0.0,6.0,0.0,40000.0,40000.0,4900000.0,8351825.0,8000000.0,13635633.0,58.6698092933412,Category 3,105.0,120.8,950.0,2004-09-13,2004-09-29,15.8,Landfall,Tropical Storm,18.0,-66.0,60.0,2004-09-13,0,0.011684166572105692,13.170000076293944,-0.003974746203540547,0.08397293327350976,-0.47787459422518364,-0.011049913163920344,0.40340830693548485,0.010508110209636694
2004275N14139,Ma-On (2004),2004.0,2004-0511-JPN,nat-met-sto-tro,JPN,Asia,0.0,9.0,169.0,14388.0,14962.0,241000.0,410773.0,603000.0,1027786.0,58.6698092933412,Category 5,140.0,161.1,898.0,2004-10-01,2004-10-10,8.8,Landfall,Category 2,35.6229,139.825,95.0,2004-10-01,0,0.019648579985216408,12.75,0.015687547797402557,0.08849221449518892,-0.6468378756114606,0.0,0.40191919916780444,0.015120303505054066
2004258N16300,Jeanne (2004),2004.0,2004-0473-PRI,nat-met-sto-tro,PRI,Americas,0.0,2.0,0.0,3500.0,3500.0,30000.0,51134.0,100000.0,170445.0,58.6698092933412,Category 3,105.0,120.8,950.0,2004-09-13,2004-09-29,15.8,Landfall,Tropical Storm,18.0,-66.0,60.0,2004-09-13,0,0.011684166572105692,13.170000076293944,-0.003974746203540547,0.08397293327350976,-0.47787459422518364,-0.011049913163920344,0.40340830693548485,0.010508110209636694
2004158N07142,Chanthu (2004),2004.0,2004-0258-VNM,nat-met-sto-tro,VNM,Asia,0.0,14.0,5.0,900.0,905.0,0.0,0.0,7000.0,11931.0,58.6698092933412,Category 1,75.0,86.3,967.0,2004-06-05,2004-06-15,10.0,Landfall,Tropical Storm,10.9,123.933,35.0,2004-06-07,2,0.016303746755473858,15.390000343322754,0.0016983101718193172,0.1336821182914911,-0.008789452656811858,0.0,0.7314785137404617,-0.007104876599290635
2004164N06139,Dianmu (2004),2004.0,2004-0276-KOR,nat-met-sto-tro,KOR,Asia,0.0,6.0,0.0,0.0,522.0,0.0,0.0,0.0,0.0,58.6698092933412,Category 5,155.0,178.4,879.0,2004-06-11,2004-06-28,16.8,At Sea / Open Water,At Sea / Open Water,0.0,0.0,0.0,2004-06-14,3,0.002123807962470803,16.06999969482422,-0.007265289465330227,0.1340662794786286,0.4498183469573116,-0.01567878743816087,0.7164476913409472,0.026677057679911406
2004333N06154,Nanmadol (2004),2004.0,2004-0618-PHL,nat-met-sto-tro,PHL,Asia,0.0,70.0,77.0,287175.0,339537.0,0.0,0.0,34000.0,57951.0,58.6698092933412,Category 4,130.0,149.6,910.0,2004-11-28,2004-12-04,6.2,Landfall,Category 3,16.5891,121.009,107.0,2004-11-29,1,0.00332124826845992,13.300000190734863,0.016117255225315263,0.1671691951106356,-0.37915360501567397,-0.013162372132844102,0.504122302784742,-0.02149227091138762
2006209N13130,Prapiroon (2006),2006.0,2006-0410-CHN,nat-met-sto-tro,CHN,Asia,0.0,89.0,0.0,10000000.0,10000000.0,0.0,0.0,900000.0,1437305.0,62.6171947810345,Category 1,70.0,80.6,972.0,2006-07-28,2006-08-05,8.2,Landfall,Tropical Depression,16.4564,121.88,30.0,2006-07-28,0,0.03251336786212522,14.329999923706056,0.015840450804274875,0.09786929382123065,0.03253145730541318,-0.0011751097895470464,0.6656055160233985,0.0012091476504154442
2003196N05150,Imbudo (2003),2003.0,2003-0346-CHN,nat-met-sto-tro,CHN,Asia,0.0,20.0,20.0,7400000.0,7400020.0,0.0,0.0,100000.0,175009.0,57.1400352670416,Category 4,130.0,149.6,910.0,2003-07-15,2003-07-25,10.5,Landfall,Category 3,16.6566,122.202,102.0,2003-07-15,0,-0.006326953372887134,19.549999237060547,-0.03978074647282559,0.12930482982111005,1.5067029744449099,-0.07190564465846605,0.5876122889426681,0.0064057428941061405
2004174N14146,Mindulle (2004),2004.0,2004-0309-PHL,nat-met-sto-tro,PHL,Asia,0.0,28.0,12.0,385000.0,385012.0,0.0,0.0,19667.0,33521.0,58.6698092933412,Category 4,125.0,143.8,916.0,2004-06-21,2004-07-05,14.0,Landfall,Tropical Storm,23.6651,121.447,60.0,2004-06-21,0,0.0034730832498379716,15.260000228881836,0.029165340156092734,0.11799070438811335,2.762255285826155,0.0,0.7149835329696993,0.0043282684097565504
2004223N11301,Charley (2004),2004.0,2004-0415-JAM,nat-met-sto-tro,JAM,Americas,0.0,1.0,6.0,120.0,126.0,0.0,0.0,300000.0,511336.0,58.6698092933412,Category 4,130.0,149.6,941.0,2004-08-09,2004-08-15,6.0,Landfall,Category 3,22.7,-82.6,105.0,2004-08-09,0,-0.03664324931241569,18.88999938964844,-0.00041095708480409776,0.12018686109579493,-0.41875730599766203,-0.006949780613604739,0.5859941852440589,0.004819614040568481
2004231N09147,Aere (2004),2004.0,2004-0435-PHL,nat-met-sto-tro,PHL,Asia,0.0,35.0,0.0,1058849.0,1058849.0,0.0,0.0,0.0,0.0,58.6698092933412,Category 2,90.0,103.6,954.0,2004-08-17,2004-08-31,13.2,Landfall,Category 1,24.7429,118.495,70.0,2004-08-17,0,0.004890429817539399,17.020000457763672,0.004086576326291613,0.11758099954782043,-0.4868965517241379,-0.00040693614735842765,0.5027972627660164,-0.0009500459606797528
2004258N16300,Jeanne (2004),2004.0,2004-0473-VIR,nat-met-sto-tro,VIR,Americas,0.0,0.0,0.0,0.0,0.0,0.0,0.0,0.0,0.0,58.6698092933412,Category 3,105.0,120.8,950.0,2004-09-13,2004-09-29,15.8,Landfall,Tropical Storm,18.0,-66.0,60.0,2004-09-13,0,0.011684166572105692,13.170000076293944,-0.003974746203540547,0.08397293327350976,-0.47787459422518364,-0.011049913163920344,0.40340830693548485,0.010508110209636694
2003196N05150,Imbudo (2003),2003.0,2003-0346-PHL,nat-met-sto-tro,PHL,Asia,0.0,21.0,0.0,14280.0,14280.0,0.0,0.0,26468.0,46321.0,57.1400352670416,Category 4,130.0,149.6,910.0,2003-07-15,2003-07-25,10.5,Landfall,Category 3,16.6566,122.202,102.0,2003-07-15,0,-0.006326953372887134,19.549999237060547,-0.03978074647282559,0.12930482982111005,1.5067029744449099,-0.07190564465846605,0.5876122889426681,0.0064057428941061405
2003268N28298,Juan (2003),2003.0,2003-0487-CAN,nat-met-sto-tro,CAN,Americas,0.0,2.0,0.0,200.0,200.0,0.0,0.0,110000.0,192510.0,57.1400352670416,Category 2,90.0,103.6,969.0,2003-09-24,2003-09-29,5.0,At Sea / Open Water,At Sea / Open Water,0.0,0.0,0.0,2003-09-24,0,-0.01820291659026707,21.219999313354492,-0.0003327459994569848,0.10760043942934548,-0.4288263283108644,-0.012873497682419854,0.6863267471913481,0.014841175305785105
2004025S16044,Elita (2004),2004.0,2004-0029-MOZ,nat-met-sto-tro,MOZ,Africa,0.0,0.0,0.0,0.0,10000.0,0.0,0.0,0.0,0.0,58.6698092933412,Category 1,65.0,74.8,976.0,2004-01-24,2004-02-13,19.5,Landfall,Tropical Storm,-15.8449,46.0309,55.0,2004-01-26,2,0.014356852935871522,14.550000190734863,0.013716759897243858,0.10015332217374644,-0.05823754789272029,-0.014582943604206311,0.6188141361527949,0.010992637165139683
2004241N32282,Gaston (2004),2004.0,2004-0448-USA,nat-met-sto-tro,USA,Americas,0.0,7.0,0.0,0.0,0.0,62500.0,106528.0,62500.0,106528.0,58.6698092933412,Category 1,65.0,74.8,985.0,2004-08-27,2004-09-03,6.5,Landfall,Category 1,33.0,-79.6,65.0,2004-08-27,0,0.008779625891150777,14.710000038146973,0.003642830147499776,0.08227354170552406,0.6096224116930573,-0.00040267289061624023,0.43989680426478645,0.011871442099083194
2004258N16300,Jeanne (2004),2004.0,2004-0473-HTI,nat-met-sto-tro,HTI,Americas,40208.0,2754.0,2620.0,298926.0,315594.0,0.0,0.0,50000.0,85223.0,58.6698092933412,Category 3,105.0,120.8,950.0,2004-09-13,2004-09-29,15.8,Landfall,Tropical Storm,18.0,-66.0,60.0,2004-09-13,0,0.011684166572105692,13.170000076293944,-0.003974746203540547,0.08397293327350976,-0.47787459422518364,-0.011049913163920344,0.40340830693548485,0.010508110209636694
2004288N09164,Nock-Ten (2004),2004.0,2004-0535-TWN,nat-met-sto-tro,TWN,Asia,0.0,7.0,100.0,1600.0,1700.0,0.0,0.0,0.0,0.0,58.6698092933412,Category 3,110.0,126.6,933.0,2004-10-13,2004-10-27,13.2,At Sea / Open Water,At Sea / Open Water,0.0,0.0,0.0,2004-10-13,0,-0.027380319953534737,15.420000076293944,-0.008998069547175636,0.09495272515825272,0.660667963683528,-0.013245183710349884,0.45768030474663723,0.006553898441827062
2004319N10134,Muifa (2004),2004.0,2004-0580-VNM,nat-met-sto-tro,VNM,Asia,0.0,56.0,0.0,500000.0,500000.0,0.0,0.0,23000.0,39202.0,58.6698092933412,Category 4,115.0,132.3,927.0,2004-11-13,2004-11-26,12.2,Landfall,Category 1,13.9745,123.227,82.0,2004-11-15,2,0.01683789429565219,13.380000114440918,0.017646815916694036,0.15299713819927796,-0.7768947470440007,-0.005032481075467499,0.4860824133083507,0.004876767155404575
2004333N06154,Nanmadol (2004),2004.0,2004-0618-TWN,nat-met-sto-tro,TWN,Asia,0.0,3.0,0.0,0.0,0.0,0.0,0.0,20800.0,35453.0,58.6698092933412,Category 4,130.0,149.6,910.0,2004-11-28,2004-12-04,6.2,Landfall,Category 3,16.5891,121.009,107.0,2004-11-29,1,0.00332124826845992,13.300000190734863,0.016117255225315263,0.1671691951106356,-0.37915360501567397,-0.013162372132844102,0.504122302784742,-0.02149227091138762
2003056S21042,Japhet (2003),2003.0,2003-0114-MOZ,nat-met-sto-tro,MOZ,Africa,0.0,11.0,10.0,23000.0,23010.0,0.0,0.0,0.0,0.0,57.1400352670416,Category 4,115.0,132.3,927.0,2003-02-24,2003-03-05,8.8,Landfall,Category 2,-21.6667,35.1333,85.0,2003-02-24,0,-0.004159778931895675,31.979999542236328,0.01706494396916214,0.27142678826080663,1.0847047434656343,-0.04893642096682327,0.6370297626541429,-0.005560730984570262
2003247N10153,Maemi (2003),2003.0,2003-0459-KOR,nat-met-sto-tro,KOR,Asia,230.0,130.0,0.0,65000.0,80000.0,504000.0,882044.0,4500000.0,7875389.0,57.1400352670416,Category 5,150.0,172.6,885.0,2003-09-04,2003-09-16,12.0,Landfall,Category 2,34.9,128.3,95.0,2003-09-04,0,0.032653651938798545,18.709999084472656,0.027207614624050303,0.11276797295551742,1.2431638418079096,0.0,0.7130194047940632,0.006999932595592015
2004238N11325,Frances (2004),2004.0,2004-0455-BHS,nat-met-sto-tro,BHS,Americas,0.0,2.0,0.0,8000.0,8000.0,230000.0,392024.0,1000000.0,1704454.0,58.6698092933412,Category 4,125.0,143.8,935.0,2004-08-25,2004-09-10,16.8,Landfall,Category 2,27.2,-80.2,90.0,2004-08-25,0,0.009724129289732097,14.979999542236328,0.003235334624326347,0.08616864962301173,-0.053604820278412624,0.0,0.44236344401377053,0.007588687673957021
2004239N11171,Songda (2004),2004.0,2004-0459-RUS,nat-met-sto-tro,RUS,Europe,0.0,3.0,0.0,0.0,0.0,0.0,0.0,0.0,0.0,58.6698092933412,Category 4,125.0,143.8,916.0,2004-08-26,2004-09-10,15.8,Landfall,Category 2,33.8277,130.636,87.0,2004-08-26,0,0.012669577839600654,14.90999984741211,0.008126575079085985,0.084370773457529,-0.8209488353373245,0.0,0.44164358697059797,0.01185166506124944
2005248N08142,Khanun (2005),2005.0,2005-0510-CHN,nat-met-sto-tro,CHN,Asia,0.0,25.0,8.0,1350000.0,1350008.0,78000.0,128585.0,1750000.0,2884917.0,60.6603317527392,Category 4,115.0,132.3,927.0,2005-09-05,2005-09-13,8.5,Landfall,Category 2,28.8138,121.372,92.0,2005-09-06,1,0.016517247161115467,12.93000030517578,0.031908214008569136,0.10687983059664037,0.2535811311434921,0.0,0.8634959458615015,-0.005724451957872894
2006209N13130,Prapiroon (2006),2006.0,2006-0410-PHL,nat-met-sto-tro,PHL,Asia,0.0,6.0,0.0,15000.0,15000.0,0.0,0.0,135000.0,215596.0,62.6171947810345,Category 1,70.0,80.6,972.0,2006-07-28,2006-08-05,8.2,Landfall,Tropical Depression,16.4564,121.88,30.0,2006-07-28,0,0.03251336786212522,14.329999923706056,0.015840450804274875,0.09786929382123065,0.03253145730541318,-0.0011751097895470464,0.6656055160233985,0.0012091476504154442
2003122S11065,Manou (2003),2003.0,2003-0218-MDG,nat-met-sto-tro,MDG,Africa,1294.0,89.0,86.0,114500.0,162086.0,0.0,0.0,0.0,0.0,57.1400352670416,Category 1,75.0,86.3,967.0,2003-05-01,2003-05-13,11.5,At Sea / Open Water,At Sea / Open Water,0.0,0.0,0.0,2003-05-01,0,0.005910627728824114,21.59000015258789,-0.0025289523325408014,0.12547997683603754,0.3829073482428116,-0.014985597919585314,0.617536671549008,0.003910877264566897
2003240N15329,Fabian (2003),2003.0,2003-0448-BMU,nat-met-sto-tro,BMU,Americas,0.0,4.0,10.0,0.0,10.0,125000.0,218761.0,300000.0,525026.0,57.1400352670416,Category 4,125.0,143.8,939.0,2003-08-27,2003-09-09,13.0,At Sea / Open Water,At Sea / Open Water,0.0,0.0,0.0,2003-08-27,0,-0.003085268819058018,19.1299991607666,0.0009554895349639381,0.11728898055232166,-0.24552429667519182,-0.002855854110700884,0.6776187968673776,0.005080886283955522
2004164N06139,Dianmu (2004),2004.0,2004-0276-JPN,nat-met-sto-tro,JPN,Asia,0.0,6.0,56.0,700.0,756.0,0.0,0.0,68300.0,116414.0,58.6698092933412,Category 5,155.0,178.4,879.0,2004-06-11,2004-06-28,16.8,At Sea / Open Water,At Sea / Open Water,0.0,0.0,0.0,2004-06-14,3,0.002123807962470803,16.06999969482422,-0.007265289465330227,0.1340662794786286,0.4498183469573116,-0.01567878743816087,0.7164476913409472,0.026677057679911406
2004174N14146,Mindulle (2004),2004.0,2004-0309-TWN,nat-met-sto-tro,TWN,Asia,0.0,28.0,6.0,1165.0,1171.0,0.0,0.0,400000.0,681782.0,58.6698092933412,Category 4,125.0,143.8,916.0,2004-06-21,2004-07-05,14.0,Landfall,Tropical Storm,23.6651,121.447,60.0,2004-06-21,0,0.0034730832498379716,15.260000228881836,0.029165340156092734,0.11799070438811335,2.762255285826155,0.0,0.7149835329696993,0.0043282684097565504
2004231N09147,Aere (2004),2004.0,2004-0435-JPN,nat-met-sto-tro,JPN,Asia,0.0,2.0,2.0,0.0,2.0,0.0,0.0,500.0,852.0,58.6698092933412,Category 2,90.0,103.6,954.0,2004-08-17,2004-08-31,13.2,Landfall,Category 1,24.7429,118.495,70.0,2004-08-17,0,0.004890429817539399,17.020000457763672,0.004086576326291613,0.11758099954782043,-0.4868965517241379,-0.00040693614735842765,0.5027972627660164,-0.0009500459606797528
2004239N11171,Songda (2004),2004.0,2004-0459-KOR,nat-met-sto-tro,KOR,Asia,0.0,0.0,0.0,0.0,0.0,0.0,0.0,250000.0,426114.0,58.6698092933412,Category 4,125.0,143.8,916.0,2004-08-26,2004-09-10,15.8,Landfall,Category 2,33.8277,130.636,87.0,2004-08-26,0,0.012669577839600654,14.90999984741211,0.008126575079085985,0.084370773457529,-0.8209488353373245,0.0,0.44164358697059797,0.01185166506124944
2004258N16300,Jeanne (2004),2004.0,2004-0473-DOM,nat-met-sto-tro,DOM,Americas,79.0,11.0,9.0,14000.0,14009.0,0.0,0.0,296000.0,504518.0,58.6698092933412,Category 3,105.0,120.8,950.0,2004-09-13,2004-09-29,15.8,Landfall,Tropical Storm,18.0,-66.0,60.0,2004-09-13,0,0.011684166572105692,13.170000076293944,-0.003974746203540547,0.08397293327350976,-0.47787459422518364,-0.011049913163920344,0.40340830693548485,0.010508110209636694
2005241N15155,Nabi (2005),2005.0,2005-0497-JPN,nat-met-sto-tro,JPN,Asia,0.0,32.0,140.0,270000.0,270140.0,550000.0,906688.0,1000000.0,1648524.0,60.6603317527392,Category 5,140.0,161.1,898.0,2005-08-28,2005-09-09,12.0,Landfall,Category 1,32.7495,130.137,82.0,2005-08-29,1,-0.006368615264673139,13.520000457763672,0.013501055701121922,0.1612205433277708,0.3692932025701725,-0.012239870910408124,0.9028396055539014,0.01699578909679135
2005241N15155,Nabi (2005),2005.0,2005-0497-KOR,nat-met-sto-tro,KOR,Asia,0.0,5.0,0.0,1100.0,1100.0,0.0,0.0,5000.0,8243.0,60.6603317527392,Category 5,140.0,161.1,898.0,2005-08-28,2005-09-09,12.0,Landfall,Category 1,32.7495,130.137,82.0,2005-08-29,1,-0.006368615264673139,13.520000457763672,0.013501055701121922,0.1612205433277708,0.3692932025701725,-0.012239870910408124,0.9028396055539014,0.01699578909679135
2004072S11146,Fay (2004),2004.0,2004-0165-AUS,nat-met-sto-tro,AUS,Oceania,0.0,0.0,0.0,250.0,250.0,0.0,0.0,0.0,0.0,58.6698092933412,Category 4,120.0,138.1,922.0,2004-03-12,2004-03-28,16.5,Landfall,Tropical Depression,-11.1015,142.698,0.0,2004-03-12,0,-0.03265106276380969,18.299999237060547,-0.024776761141485193,0.1231743364856061,0.37108917517149065,-0.024776761141485193,0.5858261767520805,0.017830395981151166
2004219N15137,Rananim (2004),2004.0,2004-0412-CHN,nat-met-sto-tro,CHN,Asia,0.0,188.0,4000.0,8590000.0,9062000.0,0.0,0.0,2190000.0,3732755.0,58.6698092933412,Category 2,90.0,103.6,954.0,2004-08-06,2004-08-15,9.2,Landfall,Category 2,28.15,121.35,85.0,2004-08-06,0,-0.03599754701764557,19.34000015258789,0.009535337432729607,0.11933868489626206,1.2278354382893584,-0.004497263437271526,0.5742981851816104,0.0031010203190874664
2004223N11301,Charley (2004),2004.0,2004-0415-CUB,nat-met-sto-tro,CUB,Americas,120.0,4.0,5.0,202500.0,244005.0,0.0,0.0,1000000.0,1704454.0,58.6698092933412,Category 4,130.0,149.6,941.0,2004-08-09,2004-08-15,6.0,Landfall,Category 3,22.7,-82.6,105.0,2004-08-09,0,-0.03664324931241569,18.88999938964844,-0.00041095708480409776,0.12018686109579493,-0.41875730599766203,-0.006949780613604739,0.5859941852440589,0.004819614040568481
2004223N11301,Charley (2004),2004.0,2004-0415-CYM,nat-met-sto-tro,CYM,Americas,0.0,0.0,0.0,0.0,0.0,0.0,0.0,5000.0,8522.0,58.6698092933412,Category 4,130.0,149.6,941.0,2004-08-09,2004-08-15,6.0,Landfall,Category 3,22.7,-82.6,105.0,2004-08-09,0,-0.03664324931241569,18.88999938964844,-0.00041095708480409776,0.12018686109579493,-0.41875730599766203,-0.006949780613604739,0.5859941852440589,0.004819614040568481
2004223N11301,Charley (2004),2004.0,2004-0415-USA,nat-met-sto-tro,USA,Americas,0.0,10.0,0.0,30000.0,30000.0,7600000.0,12953852.0,16000000.0,27271266.0,58.6698092933412,Category 4,130.0,149.6,941.0,2004-08-09,2004-08-15,6.0,Landfall,Category 3,22.7,-82.6,105.0,2004-08-09,0,-0.03664324931241569,18.88999938964844,-0.00041095708480409776,0.12018686109579493,-0.41875730599766203,-0.006949780613604739,0.5859941852440589,0.004819614040568481
2004227N15141,Megi (2004),2004.0,2004-0428-JPN,nat-met-sto-tro,JPN,Asia,0.0,11.0,0.0,8502.0,8502.0,0.0,0.0,500000.0,852227.0,58.6698092933412,Category 1,65.0,74.8,976.0,2004-08-14,2004-08-22,8.2,Landfall,Tropical Depression,40.9459,140.51,0.0,2004-08-16,2,0.012149157666171861,17.56999969482422,0.011938949788558473,0.11759928165978105,-0.5754950495049505,0.0,0.5186734227238131,-0.005845336935171624
2004238N11325,Frances (2004),2004.0,2004-0455-DOM,nat-met-sto-tro,DOM,Americas,0.0,0.0,0.0,250.0,250.0,0.0,0.0,0.0,0.0,58.6698092933412,Category 4,125.0,143.8,935.0,2004-08-25,2004-09-10,16.8,Landfall,Category 2,27.2,-80.2,90.0,2004-08-25,0,0.009724129289732097,14.979999542236328,0.003235334624326347,0.08616864962301173,-0.053604820278412624,0.0,0.44236344401377053,0.007588687673957021
2004238N11325,Frances (2004),2004.0,2004-0455-TCA,nat-met-sto-tro,TCA,Americas,0.0,0.0,0.0,200.0,200.0,0.0,0.0,0.0,0.0,58.6698092933412,Category 4,125.0,143.8,935.0,2004-08-25,2004-09-10,16.8,Landfall,Category 2,27.2,-80.2,90.0,2004-08-25,0,0.009724129289732097,14.979999542236328,0.003235334624326347,0.08616864962301173,-0.053604820278412624,0.0,0.44236344401377053,0.007588687673957021
2004284N07157,Tokage (2004),2004.0,2004-0524-JPN,nat-met-sto-tro,JPN,Asia,0.0,89.0,342.0,84450.0,84792.0,1100000.0,1874900.0,2300000.0,3920245.0,58.6698092933412,Category 4,125.0,143.8,916.0,2004-10-10,2004-10-23,12.8,Landfall,Tropical Storm,34.1498,134.578,53.0,2004-10-11,1,-0.007642351788188062,14.710000038146973,0.004338823681868442,0.0756186255081207,-0.47194311330963057,-0.003912330839277223,0.41533884438056545,0.0023861974429621935
2004319N10134,Muifa (2004),2004.0,2004-0580-PHL,nat-met-sto-tro,PHL,Asia,0.0,104.0,240.0,838434.0,838674.0,0.0,0.0,6000.0,10227.0,58.6698092933412,Category 4,115.0,132.3,927.0,2004-11-13,2004-11-26,12.2,Landfall,Category 1,13.9745,123.227,82.0,2004-11-15,2,0.01683789429565219,13.380000114440918,0.017646815916694036,0.15299713819927796,-0.7768947470440007,-0.005032481075467499,0.4860824133083507,0.004876767155404575
2003056S21042,Japhet (2003),2003.0,2003-0114-ZWE,nat-met-sto-tro,ZWE,Africa,0.0,8.0,0.0,0.0,0.0,0.0,0.0,0.0,0.0,57.1400352670416,Category 4,115.0,132.3,927.0,2003-02-24,2003-03-05,8.8,Landfall,Category 2,-21.6667,35.1333,85.0,2003-02-24,0,-0.004159778931895675,31.979999542236328,0.01706494396916214,0.27142678826080663,1.0847047434656343,-0.04893642096682327,0.6370297626541429,-0.005560730984570262
2003061S21148,Erica (2003),2003.0,2003-0135-NCL,nat-met-sto-tro,NCL,Oceania,300.0,2.0,100.0,0.0,1100.0,0.0,0.0,40000.0,70003.0,57.1400352670416,Category 4,130.0,149.6,910.0,2003-03-01,2003-03-17,15.5,Landfall,Tropical Depression,-21.0,147.5,0.0,2003-03-03,2,0.003461350765304072,30.43000030517578,-0.003355747528085873,0.2069134712917409,-0.75191548641746,-0.05010658642786925,0.665569195820869,0.005650396833428956
2004093N07154,Sudal (2004),2004.0,2004-0150-FSM,nat-met-sto-tro,FSM,Oceania,7494.0,1.0,8.0,6000.0,6008.0,0.0,0.0,14000.0,23862.0,58.6698092933412,Category 4,130.0,149.6,910.0,2004-04-02,2004-04-18,16.0,At Sea / Open Water,At Sea / Open Water,0.0,0.0,0.0,2004-04-02,0,0.032514061016376994,15.640000343322754,0.01209372586313795,0.1225891716189809,1.5578137332280977,-0.004920621555554394,0.55263014010221,-0.024353627094959897
2004231N09147,Aere (2004),2004.0,2004-0435-CHN,nat-met-sto-tro,CHN,Asia,0.0,2.0,7.0,0.0,41357.0,0.0,0.0,5000.0,8522.0,58.6698092933412,Category 2,90.0,103.6,954.0,2004-08-17,2004-08-31,13.2,Landfall,Category 1,24.7429,118.495,70.0,2004-08-17,0,0.004890429817539399,17.020000457763672,0.004086576326291613,0.11758099954782043,-0.4868965517241379,-0.00040693614735842765,0.5027972627660164,-0.0009500459606797528
2004231N09147,Aere (2004),2004.0,2004-0435-TWN,nat-met-sto-tro,TWN,Asia,0.0,32.0,2.0,0.0,2.0,0.0,0.0,5000.0,8522.0,58.6698092933412,Category 2,90.0,103.6,954.0,2004-08-17,2004-08-31,13.2,Landfall,Category 1,24.7429,118.495,70.0,2004-08-17,0,0.004890429817539399,17.020000457763672,0.004086576326291613,0.11758099954782043,-0.4868965517241379,-0.00040693614735842765,0.5027972627660164,-0.0009500459606797528
2004238N11325,Frances (2004),2004.0,2004-0455-USA,nat-met-sto-tro,USA,Americas,0.0,47.0,0.0,0.0,0.0,5000000.0,8522271.0,11000000.0,18748996.0,58.6698092933412,Category 4,125.0,143.8,935.0,2004-08-25,2004-09-10,16.8,Landfall,Category 2,27.2,-80.2,90.0,2004-08-25,0,0.009724129289732097,14.979999542236328,0.003235334624326347,0.08616864962301173,-0.053604820278412624,0.0,0.44236344401377053,0.007588687673957021
2003196N05150,Imbudo (2003),2003.0,2003-0346-HKG,nat-met-sto-tro,HKG,Asia,0.0,1.0,11.0,3500.0,3511.0,0.0,0.0,0.0,0.0,57.1400352670416,Category 4,130.0,149.6,910.0,2003-07-15,2003-07-25,10.5,Landfall,Category 3,16.6566,122.202,102.0,2003-07-15,0,-0.006326953372887134,19.549999237060547,-0.03978074647282559,0.12930482982111005,1.5067029744449099,-0.07190564465846605,0.5876122889426681,0.0064057428941061405
2003247N10153,Maemi (2003),2003.0,2003-0459-JPN,nat-met-sto-tro,JPN,Asia,0.0,3.0,107.0,0.0,4601.0,0.0,0.0,50000.0,87504.0,57.1400352670416,Category 5,150.0,172.6,885.0,2003-09-04,2003-09-16,12.0,Landfall,Category 2,34.9,128.3,95.0,2003-09-04,0,0.032653651938798545,18.709999084472656,0.027207614624050303,0.11276797295551742,1.2431638418079096,0.0,0.7130194047940632,0.006999932595592015
2004052S15172,Ivy (2004),2004.0,2004-0080-VUT,nat-met-sto-tro,VUT,Oceania,123.0,2.0,8.0,54000.0,54008.0,0.0,0.0,3800.0,6477.0,58.6698092933412,Category 3,105.0,120.8,938.0,2004-02-21,2004-03-02,10.0,Landfall,Category 3,-16.35,167.8,105.0,2004-02-23,2,-0.0046908575070084835,16.290000915527344,-0.0016829860445025657,0.11250527291899017,0.24553917765709854,-0.01248462036097131,0.4533942322472435,0.021179777643602116
2004158N07142,Chanthu (2004),2004.0,2004-0258-THA,nat-met-sto-tro,THA,Asia,0.0,1.0,0.0,4000.0,4000.0,0.0,0.0,0.0,0.0,58.6698092933412,Category 1,75.0,86.3,967.0,2004-06-05,2004-06-15,10.0,Landfall,Tropical Storm,10.9,123.933,35.0,2004-06-07,2,0.016303746755473858,15.390000343322754,0.0016983101718193172,0.1336821182914911,-0.008789452656811858,0.0,0.7314785137404617,-0.007104876599290635
2004227N15141,Megi (2004),2004.0,2004-0428-KOR,nat-met-sto-tro,KOR,Asia,0.0,8.0,0.0,0.0,2400.0,0.0,0.0,1000.0,1704.0,58.6698092933412,Category 1,65.0,74.8,976.0,2004-08-14,2004-08-22,8.2,Landfall,Tropical Depression,40.9459,140.51,0.0,2004-08-16,2,0.012149157666171861,17.56999969482422,0.011938949788558473,0.11759928165978105,-0.5754950495049505,0.0,0.5186734227238131,-0.005845336935171624
2004238N11325,Frances (2004),2004.0,2004-0455-PRI,nat-met-sto-tro,PRI,Americas,0.0,0.0,0.0,0.0,0.0,0.0,0.0,0.0,0.0,58.6698092933412,Category 4,125.0,143.8,935.0,2004-08-25,2004-09-10,16.8,Landfall,Category 2,27.2,-80.2,90.0,2004-08-25,0,0.009724129289732097,14.979999542236328,0.003235334624326347,0.08616864962301173,-0.053604820278412624,0.0,0.44236344401377053,0.007588687673957021
2004239N11171,Songda (2004),2004.0,2004-0459-JPN,nat-met-sto-tro,JPN,Asia,0.0,41.0,900.0,40000.0,40900.0,4700000.0,8010935.0,9000000.0,15340087.0,58.6698092933412,Category 4,125.0,143.8,916.0,2004-08-26,2004-09-10,15.8,Landfall,Category 2,33.8277,130.636,87.0,2004-08-26,0,0.012669577839600654,14.90999984741211,0.008126575079085985,0.084370773457529,-0.8209488353373245,0.0,0.44164358697059797,0.01185166506124944
2004258N16300,Jeanne (2004),2004.0,2004-0473-BHS,nat-met-sto-tro,BHS,Americas,142.0,9.0,0.0,1000.0,1000.0,0.0,0.0,550000.0,937450.0,58.6698092933412,Category 3,105.0,120.8,950.0,2004-09-13,2004-09-29,15.8,Landfall,Tropical Storm,18.0,-66.0,60.0,2004-09-13,0,0.011684166572105692,13.170000076293944,-0.003974746203540547,0.08397293327350976,-0.47787459422518364,-0.011049913163920344,0.40340830693548485,0.010508110209636694
2005261N21290,Rita (2005),2005.0,2005-0547-USA,nat-met-sto-tro,USA,Americas,0.0,10.0,0.0,300000.0,300000.0,11300000.0,18628319.0,16000000.0,26376381.0,60.6603317527392,Category 5,155.0,178.4,895.0,2005-09-18,2005-09-26,8.2,Landfall,Category 2,29.944,-93.8198,89.0,2005-09-19,1,-0.00591908025447252,12.140000343322754,0.010255319298979604,0.10785132351220751,-0.10760293003283661,-0.0029764238464675685,0.9983881810860353,-0.0038769759167084413
2022280N11294,Julia (2022),2022.0,2022-0647-COL,nat-met-sto-tro,COL,Americas,0.0,0.0,2.0,5000.0,5002.0,0.0,0.0,0.0,0.0,90.9026974595266,Category 1,75.0,86.3,982.0,2022-10-06,2022-10-10,4.0,Landfall,Tropical Depression,12.0,-69.8,30.0,2022-10-06,0,0.028694137302272438,30.520000457763672,-0.025299470947136804,0.30137238130108507,0.26265309133835024,-0.16089384840951249,0.6994300181849247,-0.017935073385338385
2022280N11294,Julia (2022),2022.0,2022-0647-HND,nat-met-sto-tro,HND,Americas,0.0,5.0,0.0,144000.0,144000.0,0.0,0.0,0.0,0.0,90.9026974595266,Category 1,75.0,86.3,982.0,2022-10-06,2022-10-10,4.0,Landfall,Tropical Depression,12.0,-69.8,30.0,2022-10-06,0,0.028694137302272438,30.520000457763672,-0.025299470947136804,0.30137238130108507,0.26265309133835024,-0.16089384840951249,0.6994300181849247,-0.017935073385338385
2020211N13306,Isaias (2020),2020.0,2020-0312-PRI,nat-met-sto-tro,PRI,Americas,0.0,1.0,0.0,0.0,0.0,0.0,0.0,59800.0,74387.0,80.3903830082114,Category 1,80.0,92.1,986.0,2020-07-28,2020-08-05,7.8,Landfall,Tropical Storm,18.9,-69.8,60.0,2020-07-28,0,-0.011815242560159533,25.440000534057617,0.012732425742859155,0.18932536328757937,0.2507280910775749,-0.003790422749478939,0.6652053809588849,-0.012126675577044853
2020258N11127,Noul (2020),2020.0,2020-0462-VNM,nat-met-sto-tro,VNM,Asia,0.0,6.0,0.0,125000.0,125000.0,0.0,0.0,33000.0,41050.0,80.3903830082114,Tropical Storm,50.0,57.5,990.0,2020-09-14,2020-09-19,5.0,Landfall,Tropical Depression,12.5451,124.595,10.0,2020-09-14,0,-0.011997887317812594,25.850000381469727,0.006232121618460429,0.17764179070029565,-0.41531395108431446,-0.01076332876748165,0.43589339310219505,-0.013404425934873452
2019308N13114,Nakri (2019),2019.0,2019-0549-VNM,nat-met-sto-tro,VNM,Asia,0.0,3.0,0.0,2150.0,2150.0,0.0,0.0,4000.0,5037.0,79.4107846043372,Category 1,65.0,74.8,982.0,2019-11-04,2019-11-11,7.2,Landfall,Tropical Storm,12.8067,109.28,45.0,2019-11-04,0,0.013418974276546258,12.829999923706056,-0.0001580487045502732,0.1037676261497059,-0.02895255419129905,-0.023912274121473454,0.23700695342442127,-0.030785497260526803
2019308N13114,Nakri (2019),2019.0,2019-0549-PHL,nat-met-sto-tro,PHL,Asia,0.0,19.0,3.0,670.0,673.0,0.0,0.0,36000.0,45334.0,79.4107846043372,Category 1,65.0,74.8,982.0,2019-11-04,2019-11-11,7.2,Landfall,Tropical Storm,12.8067,109.28,45.0,2019-11-04,0,0.013418974276546258,12.829999923706056,-0.0001580487045502732,0.1037676261497059,-0.02895255419129905,-0.023912274121473454,0.23700695342442127,-0.030785497260526803
2019314N14136,Kalmaegi (2019),2019.0,2019-0541-PHL,nat-met-sto-tro,PHL,Asia,0.0,0.0,0.0,3000.0,3000.0,0.0,0.0,0.0,0.0,79.4107846043372,Category 2,90.0,103.6,963.0,2019-11-09,2019-11-22,12.8,Landfall,Tropical Storm,17.9949,121.928,55.0,2019-11-11,2,0.0031883300639670153,12.6899995803833,-0.03002984086555449,0.11315540223566067,-0.6190577912154723,-0.05322403320042657,0.22810091987961478,0.023519174785861685
2020233N14313,Laura (2020),2020.0,2020-0376-DOM,nat-met-sto-tro,DOM,Americas,0.0,4.0,0.0,10000.0,10000.0,0.0,0.0,0.0,0.0,80.3903830082114,Category 4,130.0,149.6,937.0,2020-08-20,2020-08-29,9.2,Landfall,Tropical Storm,18.2,-68.8,45.0,2020-08-20,0,0.0043047488694807345,22.719999313354492,-0.026104098699380796,0.16475400143768104,-0.18007284868720597,-0.03529048977649918,0.5652129401034074,-0.023871941034861385
2020281N14126,Linfa (2020),2020.0,2020-0411-LAO,nat-met-sto-tro,LAO,Asia,0.0,2.0,0.0,69764.0,69764.0,0.0,0.0,0.0,0.0,80.3903830082114,Tropical Storm,40.0,46.0,999.0,2020-10-06,2020-10-12,5.5,Landfall,Tropical Depression,13.8,124.257,0.0,2020-10-06,0,0.007702249721075027,29.479999542236328,0.0530160260556769,0.17033392911125383,0.7778886731251153,0.0,0.44414082733132754,0.0035648680122017835
2020306N15288,Eta (2020),2020.0,2020-0474-MEX,nat-met-sto-tro,MEX,Americas,0.0,31.0,0.0,0.0,0.0,0.0,0.0,0.0,0.0,80.3903830082114,Category 4,130.0,149.6,922.0,2020-10-31,2020-11-14,13.2,Landfall,Category 4,13.8,-83.5,120.0,2020-11-02,2,-0.027078157723650742,37.130001068115234,-0.015139918154680965,0.1754420791189753,0.44061609000539415,-0.015444098824058616,0.5866129545667224,-0.01864885867478326
2020306N15288,Eta (2020),2020.0,2020-0474-NIC,nat-met-sto-tro,NIC,Americas,0.0,2.0,0.0,30000.0,30000.0,0.0,0.0,178000.0,221420.0,80.3903830082114,Category 4,130.0,149.6,922.0,2020-10-31,2020-11-14,13.2,Landfall,Category 4,13.8,-83.5,120.0,2020-11-02,2,-0.027078157723650742,37.130001068115234,-0.015139918154680965,0.1754420791189753,0.44061609000539415,-0.015444098824058616,0.5866129545667224,-0.01864885867478326
2020306N15288,Eta (2020),2020.0,2020-0474-USA,nat-met-sto-tro,USA,Americas,0.0,12.0,0.0,0.0,0.0,0.0,0.0,1500000.0,1865895.0,80.3903830082114,Category 4,130.0,149.6,922.0,2020-10-31,2020-11-14,13.2,Landfall,Category 4,13.8,-83.5,120.0,2020-11-02,2,-0.027078157723650742,37.130001068115234,-0.015139918154680965,0.1754420791189753,0.44061609000539415,-0.015444098824058616,0.5866129545667224,-0.01864885867478326
2020299N18277,Zeta (2020),2020.0,2020-0483-USA,nat-met-sto-tro,USA,Americas,0.0,6.0,0.0,0.0,0.0,0.0,0.0,3500000.0,4353755.0,80.3903830082114,Category 3,100.0,115.1,970.0,2020-10-24,2020-10-30,5.5,Landfall,Category 1,20.4,-87.4,75.0,2020-10-26,2,-0.0076606943553768625,32.459999084472656,0.02001254387835627,0.11476045898620857,-0.21951659587264594,-0.000308856735068086,0.4993207839359149,-0.001619231212567327
2019260N20129,Tapah (2019),2019.0,2019-0443-JPN,nat-met-sto-tro,JPN,Asia,0.0,0.0,21.0,2000.0,2021.0,0.0,0.0,0.0,0.0,79.4107846043372,Category 1,65.0,74.8,967.0,2019-09-17,2019-09-23,6.5,At Sea / Open Water,At Sea / Open Water,0.0,0.0,0.0,2019-09-17,0,0.009358483686652486,14.4399995803833,0.015340483118316817,0.11547083048209876,-0.09593593489148577,-0.0032940292988669073,0.3328731829234848,0.029095826603081534
2020318N16289,Iota (2020),2020.0,2020-0495-COL,nat-met-sto-tro,COL,Americas,0.0,23.0,0.0,228000.0,228000.0,0.0,0.0,100000.0,124393.0,80.3903830082114,Category 4,135.0,155.4,917.0,2020-11-12,2020-11-18,6.0,Landfall,Category 4,13.6,-83.5,125.0,2020-11-12,0,0.008480181888621097,25.350000381469727,0.018204511185143657,0.20416977735207875,0.6818354839937575,-0.01608824493679195,0.5218253318326935,-0.035938640370760805
2020318N16289,Iota (2020),2020.0,2020-0495-GTM,nat-met-sto-tro,GTM,Americas,0.0,2.0,0.0,131298.0,131298.0,0.0,0.0,0.0,0.0,80.3903830082114,Category 4,135.0,155.4,917.0,2020-11-12,2020-11-18,6.0,Landfall,Category 4,13.6,-83.5,125.0,2020-11-12,0,0.008480181888621097,25.350000381469727,0.018204511185143657,0.20416977735207875,0.6818354839937575,-0.01608824493679195,0.5218253318326935,-0.035938640370760805
2019243N06136,Lingling (2019),2019.0,2019-0424-CHN,nat-met-sto-tro,CHN,Asia,0.0,0.0,0.0,0.0,0.0,0.0,0.0,131000.0,164965.0,79.4107846043372,Category 4,120.0,138.1,928.0,2019-08-30,2019-09-12,12.5,Landfall,Category 1,37.9,125.225,65.0,2019-08-30,0,0.026680117789881663,18.979999542236328,0.01789192767856207,0.11807838722759706,-0.4326670704623461,0.0,0.34189589940424264,-0.00800069151612546
2020312N10131,Etau (2020),2020.0,2020-0542-VNM,nat-met-sto-tro,VNM,Asia,0.0,2.0,0.0,5000.0,5000.0,0.0,0.0,5260.0,6543.0,80.3903830082114,Tropical Storm,45.0,51.8,995.0,2020-11-06,2020-11-11,4.8,Landfall,Tropical Depression,12.4055,125.039,17.0,2020-11-06,0,0.07233421457079214,24.86000061035156,0.02805379380062001,0.18065601532676254,-0.4556893690092636,-0.009575259937474212,0.49992751949616016,0.019226876016296465
2019236N10314,Dorian (2019),2019.0,2019-0412-BHS,nat-met-sto-tro,BHS,Americas,0.0,356.0,0.0,14940.0,14940.0,0.0,0.0,3400000.0,4281534.0,79.4107846043372,Category 5,160.0,184.1,910.0,2019-08-24,2019-09-09,15.8,Landfall,Category 1,45.2,-62.9,80.0,2019-08-26,2,-0.014812027032495623,19.31999969482422,0.00679931087557728,0.12659282528773314,-0.0971828017423072,0.0,0.3416372307599679,0.02086950593573758
2021058S16149,Niran (2021),2021.0,2021-0125-NCL,nat-met-sto-tro,NCL,Oceania,0.0,0.0,0.0,0.0,0.0,0.0,0.0,0.0,0.0,84.1669829572524,Category 5,140.0,161.1,917.0,2021-02-27,2021-03-07,8.8,At Sea / Open Water,At Sea / Open Water,0.0,0.0,0.0,2021-03-01,2,0.006588426431389349,23.350000381469727,-0.00930071854744563,0.1690958040327249,-0.11727729279719568,-0.06195933263934594,0.6578023475917749,0.027856542106877262
2021133N10071,Tauktae (2021),2021.0,2021-0252-MDV,nat-met-sto-tro,MDV,Asia,0.0,0.0,0.0,1320.0,1320.0,0.0,0.0,0.0,0.0,84.1669829572524,Category 4,120.0,138.1,931.0,2021-05-13,2021-05-19,6.0,Landfall,Category 3,20.9,71.2,110.0,2021-05-13,0,-0.020974973068370373,23.1299991607666,-0.003797170243509451,0.16853332238852814,0.21099830940468722,-0.03145303733828275,0.5080317949434531,-0.002684652298205522
2019112S10053,Kenneth (2019),2019.0,2019-0165-COM,nat-met-sto-tro,COM,Africa,0.0,8.0,180.0,345131.0,345311.0,0.0,0.0,0.0,0.0,79.4107846043372,Category 4,125.0,143.8,934.0,2019-04-21,2019-04-28,6.5,Landfall,Category 3,-12.1612,40.4524,97.0,2019-04-22,1,0.0003789024494165183,12.420000076293944,-0.016663736038784016,0.09485202889917511,-0.32907839714691145,-0.02917216558194413,0.09033749395923647,0.007963997793051592
2019116N02090,Fani (2019),2019.0,2019-0164-IND,nat-met-sto-tro,IND,Asia,0.0,50.0,0.0,20000000.0,20000000.0,0.0,0.0,1810000.0,2279287.0,79.4107846043372,Category 5,150.0,172.6,900.0,2019-04-25,2019-05-04,8.8,Landfall,Category 4,20.2,85.9,115.0,2019-04-25,0,0.00898266654666613,13.25,0.013098136054366272,0.09377382975360107,0.003850001316239693,-0.0034356417714201948,0.10850231657902996,-0.0001939063507859536
2019050N05163,Wutip (2019),2019.0,2019-0124-FSM,nat-met-sto-tro,FSM,Oceania,0.0,0.0,0.0,10000.0,10000.0,0.0,0.0,0.0,0.0,79.4107846043372,Category 5,145.0,166.9,895.0,2019-02-18,2019-03-02,11.8,At Sea / Open Water,At Sea / Open Water,0.0,0.0,0.0,2019-02-19,1,0.026716205013220584,14.880000114440918,0.006827388322205863,0.11427272482736646,-0.016280696037096587,0.0,0.34443559056832396,0.008349077628271072
2021169N14260,Dolores (2021),2021.0,2021-0325-MEX,nat-met-sto-tro,MEX,Americas,0.0,3.0,0.0,600.0,600.0,0.0,0.0,50000.0,59406.0,84.1669829572524,Tropical Storm,60.0,69.0,989.0,2021-06-17,2021-06-20,2.2,Landfall,Tropical Storm,19.4,-103.9,50.0,2021-06-17,0,-0.0038713449252252286,17.75,-0.002273967951454625,0.1093677595243561,0.5436641368046882,-0.009631260633789718,0.48663446275234995,-0.03588337592960725
2021182N09317,Elsa (2021),2021.0,2021-0373-BRB,nat-met-sto-tro,BRB,Americas,0.0,0.0,0.0,3114.0,3300.0,0.0,0.0,0.0,0.0,84.1669829572524,Category 1,75.0,86.3,991.0,2021-06-30,2021-07-10,9.5,Landfall,Tropical Storm,22.2,-81.6,55.0,2021-06-30,0,0.012920187131781002,15.829999923706056,-0.002051750611875569,0.1590074832923381,-0.2567169529034068,-0.041067233223804234,0.6329265987796306,0.016173029120999917
2021182N09317,Elsa (2021),2021.0,2021-0373-DOM,nat-met-sto-tro,DOM,Americas,0.0,2.0,0.0,153.0,153.0,0.0,0.0,0.0,0.0,84.1669829572524,Category 1,75.0,86.3,991.0,2021-06-30,2021-07-10,9.5,Landfall,Tropical Storm,22.2,-81.6,55.0,2021-06-30,0,0.012920187131781002,15.829999923706056,-0.002051750611875569,0.1590074832923381,-0.2567169529034068,-0.041067233223804234,0.6329265987796306,0.016173029120999917
2021182N09317,Elsa (2021),2021.0,2021-0373-HTI,nat-met-sto-tro,HTI,Americas,0.0,0.0,3.0,0.0,3.0,0.0,0.0,0.0,0.0,84.1669829572524,Category 1,75.0,86.3,991.0,2021-06-30,2021-07-10,9.5,Landfall,Tropical Storm,22.2,-81.6,55.0,2021-06-30,0,0.012920187131781002,15.829999923706056,-0.002051750611875569,0.1590074832923381,-0.2567169529034068,-0.041067233223804234,0.6329265987796306,0.016173029120999917
2019063S18038,Idai (2019),2019.0,2019-0110-ZWE,nat-met-sto-tro,ZWE,Africa,0.0,628.0,186.0,270000.0,270186.0,0.0,0.0,0.0,0.0,79.4107846043372,Category 4,115.0,132.3,947.0,2019-03-04,2019-03-16,12.5,Landfall,Tropical Depression,-17.5149,37.2701,0.0,2019-03-04,0,-0.00042910849415134233,14.630000114440918,0.009703800774804039,0.06728046214785696,-0.05676562105794303,0.0,0.35540017236332444,0.013976602943552853
2021182N09317,Elsa (2021),2021.0,2021-0373-VCT,nat-met-sto-tro,VCT,Americas,0.0,0.0,0.0,129.0,129.0,0.0,0.0,0.0,0.0,84.1669829572524,Category 1,75.0,86.3,991.0,2021-06-30,2021-07-10,9.5,Landfall,Tropical Storm,22.2,-81.6,55.0,2021-06-30,0,0.012920187131781002,15.829999923706056,-0.002051750611875569,0.1590074832923381,-0.2567169529034068,-0.041067233223804234,0.6329265987796306,0.016173029120999917
2018294N08161,Yutu (2018),2018.0,2018-0399-PHL,nat-met-sto-tro,PHL,Asia,0.0,12.0,2.0,253298.0,253300.0,0.0,0.0,305000.0,391039.0,77.9972651879547,Category 5,150.0,172.6,904.0,2018-10-20,2018-11-03,13.5,Landfall,Category 3,16.7662,122.297,97.0,2018-10-22,2,0.002223035032105969,19.63999938964844,0.01917328786225414,0.16423878222511626,-0.332534190595543,-0.006413798577340368,0.2776340862234619,0.009411836687598034
2018279N11069,Luban (2018),2018.0,2018-0394-YEM,nat-met-sto-tro,YEM,Asia,0.0,25.0,124.0,15000.0,15124.0,0.0,0.0,0.0,0.0,77.9972651879547,Category 2,85.0,97.8,959.0,2018-10-05,2018-10-15,9.2,Landfall,Tropical Storm,15.85,52.15,35.0,2018-10-05,0,-0.00997571812010345,14.81999969482422,0.0186134684127921,0.15925353242783855,0.9698717865615722,-0.008753412788381043,0.1057040298409249,-0.008320144306820154
2018281N14088,Titli (2018),2018.0,2018-0385-IND,nat-met-sto-tro,IND,Asia,0.0,85.0,200.0,300000.0,300200.0,0.0,0.0,920000.0,1179529.0,77.9972651879547,Category 3,105.0,120.8,944.0,2018-10-08,2018-10-12,4.9,Landfall,Category 3,18.75,84.35,100.0,2018-10-08,0,-0.013402840083349687,15.6899995803833,0.030684425700256313,0.16109682268442455,0.7083879892198717,-0.00043586871404854843,0.10137007631801835,-0.011545971333337835
2021222N14301,Fred (2021),2021.0,2021-0510-DOM,nat-met-sto-tro,DOM,Americas,0.0,0.0,0.0,4025.0,4025.0,0.0,0.0,0.0,0.0,84.1669829572524,Tropical Storm,55.0,63.3,991.0,2021-08-09,2021-08-20,10.5,Landfall,Tropical Storm,18.4,-70.1,40.0,2021-08-09,0,0.01037501204145208,16.719999313354492,0.014289761915338373,0.14020786528711346,-0.2842871814022967,-0.0008891849188613632,0.556104654153284,0.018678689605895193
2021227N36297,Henri (2021),2021.0,2021-0531-USA,nat-met-sto-tro,USA,Americas,0.0,0.0,0.0,86.0,86.0,0.0,0.0,550000.0,653463.0,84.1669829572524,Category 1,65.0,74.8,986.0,2021-08-15,2021-08-24,9.8,Landfall,Tropical Storm,41.5,-72.0,40.0,2021-08-16,1,0.01094702512764334,16.1200008392334,0.024766381228510603,0.11271971523693636,0.5295756943291512,0.0,0.5886816842363937,-0.001394812165844347
2021222N14301,Fred (2021),2021.0,2021-0532-USA,nat-met-sto-tro,USA,Americas,0.0,7.0,0.0,105.0,105.0,0.0,0.0,1300000.0,1544549.0,84.1669829572524,Tropical Storm,55.0,63.3,991.0,2021-08-09,2021-08-20,10.5,Landfall,Tropical Storm,18.4,-70.1,40.0,2021-08-09,0,0.01037501204145208,16.719999313354492,0.014289761915338373,0.14020786528711346,-0.2842871814022967,-0.0008891849188613632,0.556104654153284,0.018678689605895193
2021236N12265,Nora (2021),2021.0,2021-0552-MEX,nat-met-sto-tro,MEX,Americas,0.0,2.0,3.0,1500.0,1503.0,0.0,0.0,100000.0,118811.0,84.1669829572524,Category 1,75.0,86.3,976.0,2021-08-24,2021-08-30,6.2,Landfall,Category 1,19.8,-105.3,75.0,2021-08-24,0,0.008850324747951221,17.219999313354492,-0.008099189920677485,0.10922512283093073,0.09956939211362492,-0.01930478550449688,0.542104466131735,-0.004927895807505452
2018218N18134,Yagi (2018),2018.0,2018-0347-PHL,nat-met-sto-tro,PHL,Asia,0.0,5.0,0.0,1709511.0,1709511.0,0.0,0.0,19000.0,24360.0,77.9972651879547,Tropical Storm,45.0,51.8,983.0,2018-08-06,2018-08-16,10.0,Landfall,Tropical Storm,28.3089,121.503,40.0,2018-08-06,0,0.016752979295495907,11.270000457763672,0.019495471519544783,0.1016315323250352,0.28731374783673136,0.0,-0.3471281664029733,-0.008347205028360729
2021248N11131,Conson (2021),2021.0,2021-0595-VNM,nat-met-sto-tro,VNM,Asia,0.0,2.0,0.0,310.0,310.0,0.0,0.0,0.0,0.0,84.1669829572524,Category 1,65.0,74.8,980.0,2021-09-05,2021-09-13,8.5,Landfall,Tropical Storm,11.4426,125.495,60.0,2021-09-07,2,-0.001702672955384621,18.13999938964844,-0.0007288928808554251,0.11961177057674455,0.10969381294478175,-0.021407077132137853,0.593965299974032,0.0027368394779787673
2018227N11145,Soulik (2018),2018.0,2018-0309-PRK,nat-met-sto-tro,PRK,Asia,0.0,86.0,0.0,58143.0,58143.0,0.0,0.0,4640.0,5949.0,77.9972651879547,Category 3,105.0,120.8,942.0,2018-08-15,2018-08-30,15.2,Landfall,Tropical Storm,34.55,126.25,50.0,2018-08-15,0,-0.012891484142609322,14.640000343322754,0.012835503189893238,0.10033194379754702,0.13328825120545695,0.0,-0.3992441975667335,0.003983614422825351
2021276N07131,Lionrock (2021),2021.0,2021-0664-PHL,nat-met-sto-tro,PHL,Asia,0.0,3.0,0.0,8048.0,8048.0,0.0,0.0,240.0,285.0,84.1669829572524,Tropical Storm,45.0,51.8,989.0,2021-10-02,2021-10-10,8.0,Landfall,Tropical Depression,10.0,125.0,15.0,2021-10-04,2,-0.03162845924554003,22.959999084472656,0.006058741923477662,0.1463847548950204,0.8547426021649513,-0.06518106560929282,0.3320763142074045,-0.018121148108008155
2018096S15172,Keni (2018),2018.0,2018-0194-FJI,nat-met-sto-tro,FJI,Oceania,0.0,0.0,0.0,89250.0,89250.0,0.0,0.0,50000.0,64105.0,77.9972651879547,Category 2,90.0,103.6,968.0,2018-04-06,2018-04-12,6.2,At Sea / Open Water,At Sea / Open Water,0.0,0.0,0.0,2018-04-06,0,-0.013034383199406085,21.489999771118164,-0.002177143240195023,0.11490126162395606,-0.0745255262051796,-0.007871010680288282,0.33652486845267027,-0.019530990418370447
2018146N19273,Alberto (2018),2018.0,2018-0170-USA,nat-met-sto-tro,USA,Americas,0.0,5.0,0.0,0.0,0.0,0.0,0.0,125000.0,160262.0,77.9972651879547,Tropical Storm,55.0,63.3,990.0,2018-05-25,2018-05-31,6.0,Landfall,Tropical Storm,30.3,-86.0,40.0,2018-05-25,0,0.00302207963306822,13.220000267028809,0.030822528065743482,0.13313991598264144,0.17452414820835882,-0.020558518747787802,0.22326287922993995,-0.015919345252906714
2021335N08096,Jawad (2021),2021.0,2021-0777-IND,nat-met-sto-tro,IND,Asia,0.0,5.0,400.0,1650.0,2050.0,0.0,0.0,0.0,0.0,84.1669829572524,Tropical Storm,35.0,40.3,1000.0,2021-11-30,2021-12-06,5.5,Landfall,Tropical Depression,22.3,88.5,10.0,2021-11-30,0,-0.02568596541225443,27.190000534057617,-0.028651841599093064,0.16610204587796418,1.0999827243672802,-0.030227273302425695,0.5083242547900851,0.03400516996012519
2018038S15172,Gita (2018),2018.0,2018-0042-TON,nat-met-sto-tro,TON,Oceania,0.0,0.0,0.0,87000.0,87000.0,0.0,0.0,0.0,0.0,77.9972651879547,Category 4,125.0,143.8,929.0,2018-02-07,2018-02-22,15.5,Landfall,Tropical Depression,-42.0131,172.712,0.0,2018-02-07,0,-0.05047886336747187,27.729999542236328,-0.057602022073877546,0.14241481650735935,0.01710237346505461,-0.057602022073877546,0.22439412310095463,0.00878554319998012
2018010S10069,Berguitta (2018),2018.0,2018-0029-REU,nat-met-sto-tro,REU,Africa,0.0,0.0,0.0,200.0,200.0,0.0,0.0,0.0,0.0,77.9972651879547,Category 3,105.0,120.8,950.0,2018-01-10,2018-01-24,14.2,At Sea / Open Water,At Sea / Open Water,0.0,0.0,0.0,2018-01-10,0,0.013495136334922941,9.81999969482422,-0.02008484798629706,0.12361429347000746,-0.2521109770808203,-0.07778964052265414,0.25270755558963665,-0.01645305604149175
2022009S18174,Cody (2022),2022.0,2022-0013-FJI,nat-met-sto-tro,FJI,Oceania,0.0,1.0,0.0,69564.0,69564.0,0.0,0.0,25000.0,27502.0,90.9026974595266,Tropical Storm,51.0,58.7,980.0,2022-01-08,2022-01-15,7.0,At Sea / Open Water,At Sea / Open Water,0.0,0.0,0.0,2022-01-10,2,-0.02553845297333046,19.399999618530273,-0.012981685534163345,0.125339464925643,-0.28013653705807906,-0.022771874198026842,0.4074774949039814,-0.011832741309525899
2017364S12065,Ava (2018),2018.0,2018-0008-MDG,nat-met-sto-tro,MDG,Africa,0.0,73.0,0.0,161318.0,161318.0,0.0,0.0,0.0,0.0,77.9972651879547,Category 2,95.0,109.3,958.0,2017-12-30,2018-01-09,10.5,Landfall,Category 1,-18.1,49.3,80.0,2018-01-02,3,0.004710088170319038,9.770000457763672,-0.004957330978238028,0.12465830024799256,0.0695886398702894,-0.06286271936502341,0.3128191838423377,-0.02376848918039602
2022027S16084,Batsirai (2022),2022.0,2022-0061-MUS,nat-met-sto-tro,MUS,Africa,0.0,1.0,0.0,139.0,139.0,0.0,0.0,0.0,0.0,90.9026974595266,Category 4,124.0,142.7,932.0,2022-01-27,2022-02-08,12.5,Landfall,Category 3,-21.0,48.3,99.0,2022-01-27,0,-0.03471755518808961,30.489999771118164,-0.026388402109370435,0.11507388812771208,0.52328511053316,-0.06188879618762966,0.33997488663950176,0.01588765753400382
2022027S16084,Batsirai (2022),2022.0,2022-0061-REU,nat-met-sto-tro,REU,Africa,0.0,0.0,13.0,0.0,13.0,0.0,0.0,0.0,0.0,90.9026974595266,Category 4,124.0,142.7,932.0,2022-01-27,2022-02-08,12.5,Landfall,Category 3,-21.0,48.3,99.0,2022-01-27,0,-0.03471755518808961,30.489999771118164,-0.026388402109370435,0.11507388812771208,0.52328511053316,-0.06188879618762966,0.33997488663950176,0.01588765753400382
2017288N09138,Lan (2017),2017.0,2017-0432-PHL,nat-met-sto-tro,PHL,Asia,0.0,9.0,0.0,163349.0,163349.0,0.0,0.0,3400.0,4466.0,76.1376037057766,Category 4,135.0,155.4,922.0,2017-10-15,2017-10-23,8.8,Landfall,Category 1,34.6857,138.207,70.0,2017-10-16,1,0.005276634642993994,9.90999984741211,0.009906436808843955,0.0973447828805936,0.5320609751113654,-0.00916936706545346,-0.006165762916703909,0.015937011345303596
2022067S16050,Gombe (2022),2022.0,2022-0137-MDG,nat-met-sto-tro,MDG,Africa,0.0,2.0,0.0,900.0,900.0,0.0,0.0,0.0,0.0,90.9026974595266,Category 3,99.0,113.9,959.0,2022-03-08,2022-03-15,7.5,Landfall,Tropical Storm,-15.5,50.4,35.0,2022-03-08,0,-0.03193179897264575,35.130001068115234,0.04989599678228385,0.21445147205180112,0.5876418663303908,-0.015457772079341403,0.2978591142072239,0.0006813171105326185
2022114S18040,Jasmine (2022),2022.0,2022-0239-MDG,nat-met-sto-tro,MDG,Africa,0.0,12.0,0.0,4800.0,4800.0,0.0,0.0,0.0,0.0,90.9026974595266,Tropical Storm,54.0,62.1,984.0,2022-04-24,2022-04-29,5.0,Landfall,Tropical Storm,-23.5,44.0,51.0,2022-04-25,1,-0.021599638786669262,27.020000457763672,-0.025634080439506213,0.1562097753272545,0.9971818729499966,-0.04183993169156375,0.27191709080579224,-0.03462838149510371
2017260N12310,Maria (2017),2017.0,2017-0383-VIR,nat-met-sto-tro,VIR,Americas,0.0,3.0,0.0,0.0,0.0,0.0,0.0,0.0,0.0,76.1376037057766,Category 5,150.0,172.6,908.0,2017-09-16,2017-10-02,16.0,Landfall,Category 4,18.0,-65.9,135.0,2017-09-18,2,0.007019417295161201,10.149999618530272,-0.021971812295164872,0.0979275609753643,0.5660053906219034,-0.021971812295164872,0.14969805725314766,-0.008199642699812201
2017260N12310,Maria (2017),2017.0,2017-0383-VGB,nat-met-sto-tro,VGB,Americas,0.0,0.0,0.0,0.0,0.0,0.0,0.0,0.0,0.0,76.1376037057766,Category 5,150.0,172.6,908.0,2017-09-16,2017-10-02,16.0,Landfall,Category 4,18.0,-65.9,135.0,2017-09-18,2,0.007019417295161201,10.149999618530272,-0.021971812295164872,0.0979275609753643,0.5660053906219034,-0.021971812295164872,0.14969805725314766,-0.008199642699812201
2017260N12310,Maria (2017),2017.0,2017-0383-PRI,nat-met-sto-tro,PRI,Americas,0.0,64.0,0.0,540000.0,750000.0,30000000.0,39402343.0,68000000.0,89311978.0,76.1376037057766,Category 5,150.0,172.6,908.0,2017-09-16,2017-10-02,16.0,Landfall,Category 4,18.0,-65.9,135.0,2017-09-18,2,0.007019417295161201,10.149999618530272,-0.021971812295164872,0.0979275609753643,0.5660053906219034,-0.021971812295164872,0.14969805725314766,-0.008199642699812201
2017260N12310,Maria (2017),2017.0,2017-0383-GLP,nat-met-sto-tro,GLP,Americas,0.0,4.0,2.0,80000.0,80002.0,0.0,0.0,120000.0,157609.0,76.1376037057766,Category 5,150.0,172.6,908.0,2017-09-16,2017-10-02,16.0,Landfall,Category 4,18.0,-65.9,135.0,2017-09-18,2,0.007019417295161201,10.149999618530272,-0.021971812295164872,0.0979275609753643,0.5660053906219034,-0.021971812295164872,0.14969805725314766,-0.008199642699812201
2017242N16333,Irma (2017),2017.0,2017-0381-VIR,nat-met-sto-tro,VIR,Americas,0.0,4.0,0.0,0.0,0.0,0.0,0.0,0.0,0.0,76.1376037057766,Category 5,155.0,178.4,914.0,2017-08-30,2017-09-13,14.5,Landfall,Category 3,25.9,-81.7,100.0,2017-08-30,0,0.00592896952370392,11.220000267028809,-0.0007272703182065188,0.06728005620175652,-0.18381278117593636,-0.005068865162909719,0.1653299131704243,0.0019692332074669316
2017242N16333,Irma (2017),2017.0,2017-0381-DOM,nat-met-sto-tro,DOM,Americas,0.0,0.0,0.0,6300.0,6300.0,0.0,0.0,0.0,0.0,76.1376037057766,Category 5,155.0,178.4,914.0,2017-08-30,2017-09-13,14.5,Landfall,Category 3,25.9,-81.7,100.0,2017-08-30,0,0.00592896952370392,11.220000267028809,-0.0007272703182065188,0.06728005620175652,-0.18381278117593636,-0.005068865162909719,0.1653299131704243,0.0019692332074669316
2017242N16333,Irma (2017),2017.0,2017-0381-BHS,nat-met-sto-tro,BHS,Americas,0.0,0.0,0.0,0.0,0.0,397.6,522.0,2000.0,2627.0,76.1376037057766,Category 5,155.0,178.4,914.0,2017-08-30,2017-09-13,14.5,Landfall,Category 3,25.9,-81.7,100.0,2017-08-30,0,0.00592896952370392,11.220000267028809,-0.0007272703182065188,0.06728005620175652,-0.18381278117593636,-0.005068865162909719,0.1653299131704243,0.0019692332074669316
2017242N16333,Irma (2017),2017.0,2017-0381-ATG,nat-met-sto-tro,ATG,Americas,0.0,1.0,0.0,1800.0,1800.0,6800.0,8931.0,250000.0,328353.0,76.1376037057766,Category 5,155.0,178.4,914.0,2017-08-30,2017-09-13,14.5,Landfall,Category 3,25.9,-81.7,100.0,2017-08-30,0,0.00592896952370392,11.220000267028809,-0.0007272703182065188,0.06728005620175652,-0.18381278117593636,-0.005068865162909719,0.1653299131704243,0.0019692332074669316
2017232N19130,Hato (2017),2017.0,2017-0352-MAC,nat-met-sto-tro,MAC,Asia,0.0,10.0,200.0,0.0,200.0,0.0,0.0,1420000.0,1865044.0,76.1376037057766,Category 3,100.0,115.1,948.0,2017-08-19,2017-08-25,5.5,Landfall,Category 2,22.175,112.85,85.0,2017-08-21,2,-0.014764198245264426,13.1899995803833,0.012026240431927349,0.07744333712837569,-0.5218045621332792,0.0,0.22275830167592223,0.008340546338630543
2017219N16279,Franklin (2017),2017.0,2017-0334-MEX,nat-met-sto-tro,MEX,Americas,0.0,0.0,0.0,300.0,300.0,0.0,0.0,2000.0,2627.0,76.1376037057766,Category 1,75.0,86.3,981.0,2017-08-06,2017-08-10,3.8,Landfall,Tropical Storm,19.1,-87.6,50.0,2017-08-07,1,0.004457380831298874,9.93000030517578,0.013716603529794646,0.0798321171332342,-0.5648537681367135,-0.0012959057976819066,0.22807679234872916,0.0030771450250797333
2017200N26162,Noru (2017),2017.0,2017-0327-JPN,nat-met-sto-tro,JPN,Asia,0.0,2.0,51.0,1338.0,1389.0,0.0,0.0,2000.0,2627.0,76.1376037057766,Category 4,135.0,155.4,922.0,2017-07-19,2017-08-09,21.0,Landfall,Tropical Storm,34.559,135.69,60.0,2017-07-19,0,0.012212683839784244,9.789999961853027,0.012919554465952832,0.08648367790810833,-0.12135386642510093,-0.020693632663820516,0.27546346545284833,0.008266111229238048
2017195N16114,Talas (2017),2017.0,2017-0281-CHN,nat-met-sto-tro,CHN,Asia,0.0,0.0,0.0,30000.0,30000.0,0.0,0.0,3600.0,4728.0,76.1376037057766,Tropical Storm,50.0,57.5,985.0,2017-07-14,2017-07-17,3.8,Landfall,Tropical Storm,18.6,105.675,45.0,2017-07-14,0,0.014249740905891262,9.510000228881836,0.008350910844497905,0.0828758930240943,-0.04942320741913597,-0.04047325463900153,0.2361765089959716,0.025117396192687533
2017195N16114,Talas (2017),2017.0,2017-0281-THA,nat-met-sto-tro,THA,Asia,0.0,0.0,0.0,60.0,60.0,0.0,0.0,0.0,0.0,76.1376037057766,Tropical Storm,50.0,57.5,985.0,2017-07-14,2017-07-17,3.8,Landfall,Tropical Storm,18.6,105.675,45.0,2017-07-14,0,0.014249740905891262,9.510000228881836,0.008350910844497905,0.0828758930240943,-0.04942320741913597,-0.04047325463900153,0.2361765089959716,0.025117396192687533
2017122S13170,Donna (2017),2017.0,2017-0231-VUT,nat-met-sto-tro,VUT,Oceania,0.0,0.0,0.0,2564.0,2564.0,0.0,0.0,0.0,0.0,76.1376037057766,Category 4,125.0,143.8,929.0,2017-05-01,2017-05-10,8.9,At Sea / Open Water,At Sea / Open Water,0.0,0.0,0.0,2017-05-01,0,0.006366457952493576,10.109999656677246,-0.011730737552243076,0.0688665431089836,-0.4094727366113097,-0.012300243488792773,-0.13096968472124204,0.006764630741966744
2017152N14262,Beatriz (2017),2017.0,2017-0168-MEX,nat-met-sto-tro,MEX,Americas,0.0,6.0,0.0,0.0,600.0,0.0,0.0,0.0,0.0,76.1376037057766,Tropical Storm,40.0,46.0,1001.0,2017-05-31,2017-06-02,1.8,Landfall,Tropical Storm,15.7,-96.6,40.0,2017-05-31,0,0.005790912027304307,10.40999984741211,0.022213668150961707,0.06838957420314022,-0.17458895240088423,0.0,0.12818812440425661,0.004950292503936994
2017147N14087,Mora (2017),2017.0,2017-0152-IND,nat-met-sto-tro,IND,Asia,0.0,0.0,0.0,1970.0,1970.0,0.0,0.0,0.0,0.0,76.1376037057766,Category 1,80.0,92.1,963.0,2017-05-27,2017-05-30,3.5,Landfall,Category 1,21.8988,91.9716,67.0,2017-05-30,3,0.008266338907300108,10.380000114440918,0.019798230939379158,0.06769585321533068,-0.19114830383196435,0.0,0.13616406900884748,0.0068760902352342805
2022234N16124,Ma-On (2022),2022.0,2022-0547-PHL,nat-met-sto-tro,PHL,Asia,0.0,0.0,0.0,7616.0,7616.0,0.0,0.0,0.0,0.0,90.9026974595266,Tropical Storm,60.0,69.0,985.0,2022-08-22,2022-08-25,3.2,Landfall,Tropical Storm,17.3124,122.24,57.0,2022-08-22,0,-0.03616538340445652,23.799999237060547,-0.009307045046293871,0.15323439340177333,0.6988632714661871,-0.014149765868019748,0.5433668459757137,0.004958354414455957
2022257N16312,Fiona (2022),2022.0,2022-0603-PRI,nat-met-sto-tro,PRI,Americas,0.0,25.0,0.0,0.0,0.0,0.0,0.0,2500000.0,2750193.0,90.9026974595266,Category 4,120.0,138.1,931.0,2022-09-14,2022-09-27,13.5,Landfall,Category 1,18.0,-67.1,75.0,2022-09-14,0,-0.00799434362250484,26.15999984741211,-0.006093544137022344,0.1986216095747045,-0.2923661844886353,-0.018689565665426677,0.48410311175174614,-0.023920513283372236
2022256N22139,Nanmadol (2022),2022.0,2022-0604-JPN,nat-met-sto-tro,JPN,Asia,0.0,5.0,140.0,1200.0,1340.0,0.0,0.0,2000000.0,2200155.0,90.9026974595266,Category 4,134.0,154.2,917.0,2022-09-12,2022-09-19,7.0,Landfall,Category 2,31.285,130.635,86.0,2022-09-12,0,0.047751677879891874,23.8700008392334,0.04718528845638037,0.17327298353359094,-0.11184643338241285,0.0,0.4672044799429488,-0.010278414207942656
2017061S11063,Enawo (2017),2017.0,2017-0075-MDG,nat-met-sto-tro,MDG,Africa,0.0,81.0,253.0,434000.0,434253.0,0.0,0.0,20000.0,26268.0,76.1376037057766,Category 4,130.0,149.6,926.0,2017-03-02,2017-03-11,9.8,Landfall,Category 3,-14.6749,49.9962,102.0,2017-03-02,0,0.007739812213630515,11.8100004196167,0.01692262329539962,0.11494966358103392,0.1579087685622118,-0.001738371296925112,0.30804303203910915,-0.02023584443732063
2022266N12294,Ian (2022),2022.0,2022-0614-CUB,nat-met-sto-tro,CUB,Americas,0.0,3.0,0.0,3200000.0,3200000.0,0.0,0.0,25000.0,27502.0,90.9026974595266,Category 5,140.0,161.1,937.0,2022-09-22,2022-10-01,8.5,Landfall,Category 3,22.2,-83.7,110.0,2022-09-22,0,-0.03681636471397742,27.350000381469727,-0.022184108586482454,0.22643022704899754,-0.0390252007754085,-0.06436641864534554,0.5285581633964863,-0.06374571164185615
2022280N11294,Julia (2022),2022.0,2022-0647-NIC,nat-met-sto-tro,NIC,Americas,0.0,1.0,0.0,45000.0,47100.0,0.0,0.0,180000.0,198014.0,90.9026974595266,Category 1,75.0,86.3,982.0,2022-10-06,2022-10-10,4.0,Landfall,Tropical Depression,12.0,-69.8,30.0,2022-10-06,0,0.028694137302272438,30.520000457763672,-0.025299470947136804,0.30137238130108507,0.26265309133835024,-0.16089384840951249,0.6994300181849247,-0.017935073385338385
2022288N19128,Nesat (2022),2022.0,2022-0680-TWN,nat-met-sto-tro,TWN,Asia,0.0,0.0,0.0,100.0,100.0,0.0,0.0,400.0,440.0,90.9026974595266,Category 2,89.0,102.4,964.0,2022-10-14,2022-10-20,5.8,At Sea / Open Water,At Sea / Open Water,0.0,0.0,0.0,2022-10-14,0,-0.0142231630329267,32.02000045776367,-0.02525084804752664,0.31597879111314914,-0.06784958782739026,-0.17089120687138504,0.7634810829415456,-0.01690188766983977
2022311N21293,Nicole (2022),2022.0,2022-0734-USA,nat-met-sto-tro,USA,Americas,0.0,5.0,0.0,1500.0,1500.0,0.0,0.0,1000000.0,1100077.0,90.9026974595266,Category 1,65.0,74.8,980.0,2022-11-06,2022-11-11,5.2,Landfall,Tropical Storm,27.7454,-80.6875,62.0,2022-11-07,1,-0.016208696535779388,24.350000381469727,-0.014525120356775778,0.2756871162263276,0.3122223446047656,-0.023735425237880525,0.8131743948802691,-0.010281959343782322
2016323N13279,Otto (2016),2016.0,2016-0433-PAN,nat-met-sto-tro,PAN,Americas,0.0,7.0,0.0,12000.0,12000.0,0.0,0.0,0.0,0.0,74.5496029864344,Category 3,100.0,115.1,975.0,2016-11-17,2016-11-26,8.8,Landfall,Category 3,11.0,-83.8,100.0,2016-11-17,0,0.009543159820688984,13.350000381469728,0.004543597072181216,0.21874338914301583,-0.6385811149135785,-0.06069204229275704,0.8753731443727567,0.00561022186266176
2016256N12146,Malakas (2016),2016.0,2016-0390-JPN,nat-met-sto-tro,JPN,Asia,0.0,1.0,0.0,6000.0,6000.0,0.0,0.0,0.0,0.0,74.5496029864344,Category 4,115.0,132.3,937.0,2016-09-11,2016-09-20,9.0,Landfall,Tropical Storm,34.2846,136.077,55.0,2016-09-12,1,-0.009296101458371342,15.15999984741211,-0.0062465675520004815,0.21721669252441989,0.569190584475447,-0.030851326014337044,0.3609071892445907,0.0204097381601162
2016228N22117,Dianmu (2016),2016.0,2016-0379-VNM,nat-met-sto-tro,VNM,Asia,0.0,11.0,15.0,11075.0,11090.0,0.0,0.0,157.0,211.0,74.5496029864344,Tropical Storm,45.0,51.8,989.0,2016-08-15,2016-08-20,4.8,Landfall,Tropical Depression,20.6784,110.11,27.0,2016-08-15,0,0.004769267560806423,11.8100004196167,-0.011634758272598855,0.11290938071660221,-0.06596583054255656,-0.05003803394987649,0.033630859261582526,0.00567281376511635
2016279N19130,Aere (2016),2016.0,2016-0362-VNM,nat-met-sto-tro,VNM,Asia,0.0,34.0,0.0,610000.0,610000.0,0.0,0.0,350000.0,469486.0,74.5496029864344,Tropical Storm,55.0,63.3,985.0,2016-10-04,2016-10-14,10.0,Landfall,Tropical Storm,16.4909,107.382,35.0,2016-10-04,0,-0.004128612287712441,13.630000114440918,-0.05702898829712855,0.21891113722919975,0.4321278066400589,-0.07238116278963225,0.9333949902990839,-0.001331713225224491
2016273N13300,Matthew (2016),2016.0,2016-0355-VCT,nat-met-sto-tro,VCT,Americas,0.0,1.0,0.0,0.0,0.0,0.0,0.0,0.0,0.0,74.5496029864344,Category 5,145.0,166.9,934.0,2016-09-28,2016-10-10,11.5,Landfall,Category 4,18.3,-74.3,130.0,2016-09-28,0,0.003799357645445367,12.390000343322754,-0.01164382824964083,0.20318134877632146,-0.1435653513766999,-0.017654170596982044,0.8866026943614904,-0.053574331427413496
2016273N13300,Matthew (2016),2016.0,2016-0355-USA,nat-met-sto-tro,USA,Americas,0.0,49.0,0.0,0.0,0.0,5000000.0,6706944.0,10000000.0,13413888.0,74.5496029864344,Category 5,145.0,166.9,934.0,2016-09-28,2016-10-10,11.5,Landfall,Category 4,18.3,-74.3,130.0,2016-09-28,0,0.003799357645445367,12.390000343322754,-0.01164382824964083,0.20318134877632146,-0.1435653513766999,-0.017654170596982044,0.8866026943614904,-0.053574331427413496
2016273N13300,Matthew (2016),2016.0,2016-0355-JAM,nat-met-sto-tro,JAM,Americas,0.0,0.0,0.0,125000.0,125000.0,0.0,0.0,0.0,0.0,74.5496029864344,Category 5,145.0,166.9,934.0,2016-09-28,2016-10-10,11.5,Landfall,Category 4,18.3,-74.3,130.0,2016-09-28,0,0.003799357645445367,12.390000343322754,-0.01164382824964083,0.20318134877632146,-0.1435653513766999,-0.017654170596982044,0.8866026943614904,-0.053574331427413496
2016273N13300,Matthew (2016),2016.0,2016-0355-CUB,nat-met-sto-tro,CUB,Americas,0.0,0.0,0.0,190000.0,190000.0,0.0,0.0,2600000.0,3487611.0,74.5496029864344,Category 5,145.0,166.9,934.0,2016-09-28,2016-10-10,11.5,Landfall,Category 4,18.3,-74.3,130.0,2016-09-28,0,0.003799357645445367,12.390000343322754,-0.01164382824964083,0.20318134877632146,-0.1435653513766999,-0.017654170596982044,0.8866026943614904,-0.053574331427413496
2016230N25160,Lionrock (2016),2016.0,2016-0324-JPN,nat-met-sto-tro,JPN,Asia,0.0,22.0,0.0,0.0,0.0,0.0,0.0,0.0,0.0,74.5496029864344,Category 4,120.0,138.1,933.0,2016-08-16,2016-08-30,14.0,Landfall,Tropical Storm,39.2776,141.476,60.0,2016-08-16,0,-0.0010081467849896164,12.640000343322754,-0.02307679759346226,0.11814340459282002,0.9993263458223534,-0.06122042199379252,0.052702436185590784,0.012878996236053777
2016095S13162,Zena (2016),2016.0,2016-0141-FJI,nat-met-sto-tro,FJI,Oceania,0.0,2.0,0.0,5000.0,5000.0,0.0,0.0,0.0,0.0,74.5496029864344,Category 2,90.0,103.6,956.0,2016-04-04,2016-04-07,3.2,Landfall,Tropical Storm,-15.0251,167.012,50.0,2016-04-04,0,0.014810235332339383,14.119999885559082,0.017853110673128114,0.09391952887128811,0.3594169645874463,-0.004216608976742808,0.31982015995530505,-0.01589686423454318
2023131N11088,Mocha (2023),2023.0,2023-0294-BGD,nat-met-sto-tro,BGD,Asia,0.0,3.0,12.0,750000.0,750012.0,0.0,0.0,1000.0,1057.0,94.6446220103845,Category 5,138.0,158.8,918.0,2023-05-11,2023-05-14,3.8,Landfall,Category 3,20.8,93.1,105.0,2023-05-11,0,0.017278507194237624,16.93000030517578,0.0008748087237904212,0.13730573052178116,0.016608457327200288,-0.01886524861938932,0.595208925619456,-0.045796672506804255
2023157N12066,Biparjoy (2023),2023.0,2023-0331-PAK,nat-met-sto-tro,PAK,Asia,0.0,1.0,0.0,0.0,0.0,0.0,0.0,0.0,0.0,94.6446220103845,Category 3,105.0,120.8,945.0,2023-06-06,2023-06-16,10.2,Landfall,Tropical Storm,23.4,68.7,54.0,2023-06-06,0,0.018682489391372403,13.960000038146973,0.016164273729111,0.130687932250987,-0.17463373313054698,-0.05738163557583864,0.35811854115743863,0.006239248721695137
2015256N16113,Vamco (2015),2015.0,2015-0620-VNM,nat-met-sto-tro,VNM,Asia,0.0,11.0,0.0,0.0,0.0,0.0,0.0,218.0,296.0,73.6208029365864,Tropical Storm,35.0,40.3,996.0,2015-09-13,2015-09-15,2.2,Landfall,Tropical Depression,15.6351,108.219,32.0,2015-09-14,1,0.017757849067738363,24.25,0.016845827694558002,0.24501949974694034,-0.37655626377554063,-0.09199906416963732,0.5973932985762281,0.023134900678733597
2015256N16113,Vamco (2015),2015.0,2015-0620-KHM,nat-met-sto-tro,KHM,Asia,0.0,0.0,0.0,6300.0,6300.0,0.0,0.0,0.0,0.0,73.6208029365864,Tropical Storm,35.0,40.3,996.0,2015-09-13,2015-09-15,2.2,Landfall,Tropical Depression,15.6351,108.219,32.0,2015-09-14,1,0.017757849067738363,24.25,0.016845827694558002,0.24501949974694034,-0.37655626377554063,-0.09199906416963732,0.5973932985762281,0.023134900678733597
2015237N14315,Erika (2015),2015.0,2015-0375-DOM,nat-met-sto-tro,DOM,Americas,1015.0,0.0,0.0,33.0,2133.0,0.0,0.0,0.0,0.0,73.6208029365864,Tropical Storm,45.0,51.8,1001.0,2015-08-24,2015-08-28,3.8,At Sea / Open Water,At Sea / Open Water,0.0,0.0,0.0,2015-08-24,0,-0.10014723751926946,40.7400016784668,-0.053068227372071064,0.18934296582039775,2.832057818487505,-0.054719772241871745,0.5461197870017266,-0.044302010181922355
2015309N14067,Megh (2015),2015.0,2015-0494-YEM,nat-met-sto-tro,YEM,Asia,0.0,18.0,0.0,15000.0,15000.0,0.0,0.0,0.0,0.0,73.6208029365864,Category 3,110.0,126.6,941.0,2015-11-04,2015-11-10,6.0,Landfall,Tropical Depression,13.4541,46.5591,22.0,2015-11-04,0,0.00674806553944185,15.510000228881836,0.008219335509988657,0.12391130164516509,-0.38471738294367175,-0.027098472136317775,0.5988289073141037,-0.01631897042761224
2015273N12130,Mujigae (2015),2015.0,2015-0490-PHL,nat-met-sto-tro,PHL,Asia,0.0,2.0,0.0,3500.0,3500.0,0.0,0.0,1300.0,1766.0,73.6208029365864,Category 4,115.0,132.3,937.0,2015-09-30,2015-10-05,5.2,Landfall,Tropical Depression,15.7,121.325,30.0,2015-09-30,0,-0.010175445988072851,24.5,0.031205139748361477,0.15226768640547308,0.830057913225102,0.0,0.5850318353632189,-0.019824730238037203
2015301N11065,Chapala (2015),2015.0,2015-0484-YEM,nat-met-sto-tro,YEM,Asia,0.0,8.0,65.0,110000.0,110065.0,0.0,0.0,200000.0,271662.0,73.6208029365864,Category 4,130.0,149.6,926.0,2015-10-27,2015-11-04,7.5,Landfall,Tropical Storm,14.1,48.4,60.0,2015-10-27,0,0.01718280489631585,15.43000030517578,-0.01534673872392689,0.15210458878898905,-0.12976411180874925,-0.024674784248756798,0.5984897236972806,-0.020426531919960907
2015270N27291,Joaquin (2015),2015.0,2015-0479-BHS,nat-met-sto-tro,BHS,Americas,0.0,33.0,0.0,6710.0,6710.0,61000.0,82857.0,90000.0,122248.0,73.6208029365864,Category 4,135.0,155.4,931.0,2015-09-26,2015-10-15,18.2,Landfall,Tropical Storm,39.5,-9.1,35.0,2015-09-28,2,-0.04301166748591889,27.6299991607666,0.0028301362665474894,0.1850047091253667,0.08392525282468166,-0.0049147241767029115,0.587811995480276,-1.3000187540468389e-05
2015270N27291,Joaquin (2015),2015.0,2015-0459-USA,nat-met-sto-tro,USA,Americas,0.0,25.0,0.0,800.0,800.0,400000.0,543325.0,2000000.0,2716623.0,73.6208029365864,Category 4,135.0,155.4,931.0,2015-09-26,2015-10-15,18.2,Landfall,Tropical Storm,39.5,-9.1,35.0,2015-09-28,2,-0.04301166748591889,27.6299991607666,0.0028301362665474894,0.1850047091253667,0.08392525282468166,-0.0049147241767029115,0.587811995480276,-1.3000187540468389e-05
2015263N14148,Dujuan (2015),2015.0,2015-0458-TWN,nat-met-sto-tro,TWN,Asia,0.0,3.0,376.0,0.0,376.0,0.0,0.0,26000.0,35316.0,73.6208029365864,Category 4,130.0,149.6,926.0,2015-09-19,2015-09-30,10.5,Landfall,Category 3,24.125,121.05,100.0,2015-09-21,2,0.007506676979835092,20.13999938964844,0.02761933920106352,0.2556684414576367,0.047571841482932475,-0.01290718426970594,0.5905160088281802,0.028229214483377122
2015263N14148,Dujuan (2015),2015.0,2015-0458-CHN,nat-met-sto-tro,CHN,Asia,0.0,0.0,0.0,0.0,0.0,79000.0,107307.0,661000.0,897844.0,73.6208029365864,Category 4,130.0,149.6,926.0,2015-09-19,2015-09-30,10.5,Landfall,Category 3,24.125,121.05,100.0,2015-09-21,2,0.007506676979835092,20.13999938964844,0.02761933920106352,0.2556684414576367,0.047571841482932475,-0.01290718426970594,0.5905160088281802,0.028229214483377122
2023220N24150,Lan (2023),2023.0,2023-0526-JPN,nat-met-sto-tro,JPN,Asia,0.0,0.0,66.0,600.0,666.0,0.0,0.0,0.0,0.0,94.6446220103845,Category 4,115.0,132.3,936.0,2023-08-07,2023-08-17,9.8,Landfall,Category 1,33.8201,135.75,70.0,2023-08-07,0,-0.015465742288925388,15.770000457763672,-0.04607141209861254,0.1771550816820205,0.00338563500618827,-0.06543953687115567,0.2979881423678592,0.002969295783525455
2023236N20125,Saola (2023),2023.0,2023-0568-HKG,nat-met-sto-tro,HKG,Asia,0.0,0.0,86.0,0.0,86.0,0.0,0.0,0.0,0.0,94.6446220103845,Category 4,134.0,154.2,921.0,2023-08-23,2023-09-03,10.8,Landfall,Category 2,21.9572,113.035,91.0,2023-08-23,0,0.007710875527844996,15.979999542236328,0.00347557367114093,0.13434696675270894,0.0696648607182242,-0.054621266295729054,0.30125707616994735,-0.004639231161263227
2015237N14315,Erika (2015),2015.0,2015-0375-DMA,nat-met-sto-tro,DMA,Americas,0.0,30.0,20.0,28000.0,28594.0,0.0,0.0,482810.0,655806.0,73.6208029365864,Tropical Storm,45.0,51.8,1001.0,2015-08-24,2015-08-28,3.8,At Sea / Open Water,At Sea / Open Water,0.0,0.0,0.0,2015-08-24,0,-0.10014723751926946,40.7400016784668,-0.053068227372071064,0.18934296582039775,2.832057818487505,-0.054719772241871745,0.5461197870017266,-0.044302010181922355
2023302N10267,Pilar (2023),2023.0,2023-0703-SLV,nat-met-sto-tro,SLV,Americas,0.0,3.0,0.0,500.0,500.0,0.0,0.0,0.0,0.0,94.6446220103845,Tropical Storm,55.0,63.3,995.0,2023-10-28,2023-11-07,10.0,At Sea / Open Water,At Sea / Open Water,0.0,0.0,0.0,2023-10-30,2,-0.011582508963285831,19.75,0.028501975980199212,0.1923805346218074,-0.3046207225909574,-0.01218484348254223,0.49487309451141354,0.01864727724476221
2015211N13162,Soudelor (2015),2015.0,2015-0339-PHL,nat-met-sto-tro,PHL,Asia,0.0,0.0,0.0,3843.0,3843.0,0.0,0.0,0.0,0.0,73.6208029365864,Category 5,155.0,178.4,907.0,2015-07-29,2015-08-12,13.5,Landfall,Category 2,23.9,120.9,95.0,2015-07-29,0,-0.002838811346240422,12.5,0.006987813894254957,0.15457860400339643,0.6360243329051647,-0.012562763342207295,0.6123448354564353,0.011055146263610132
2015211N13162,Soudelor (2015),2015.0,2015-0339-CHN,nat-met-sto-tro,CHN,Asia,0.0,18.0,0.0,1580000.0,1580000.0,0.0,0.0,1282690.0,1742293.0,73.6208029365864,Category 5,155.0,178.4,907.0,2015-07-29,2015-08-12,13.5,Landfall,Category 2,23.9,120.9,95.0,2015-07-29,0,-0.002838811346240422,12.5,0.006987813894254957,0.15457860400339643,0.6360243329051647,-0.012562763342207295,0.6123448354564353,0.011055146263610132
2015207N22091,Komen (2015),2015.0,2015-0309-BGD,nat-met-sto-tro,BGD,Asia,0.0,45.0,0.0,2600000.0,2600000.0,0.0,0.0,40000.0,54332.0,73.6208029365864,Tropical Storm,45.0,51.8,989.0,2015-07-26,2015-08-02,7.4,Landfall,Tropical Depression,22.9392,91.0634,32.0,2015-07-27,1,-0.02728270031514668,15.600000381469728,-0.006028651465011858,0.1569422226975815,0.21811974522292998,-0.02078583414164792,0.6268700971315355,0.022396096575336692
2024001S21041,Alvaro (2024),2024.0,2024-0002-MDG,nat-met-sto-tro,MDG,Africa,0.0,10.0,0.0,25837.0,25837.0,0.0,0.0,0.0,0.0,97.436175616134,Tropical Storm,60.0,69.0,989.0,2024-01-01,2024-01-04,3.5,Landfall,Tropical Storm,-21.4,43.8,54.0,2024-01-02,1,-0.002111300565529106,13.199999809265137,0.02602987348708541,0.19775741243863268,0.16301035262445462,-0.016748628306396673,0.9266355211955,0.0010125630297855648
2024013S13057,Belal (2024),2024.0,2024-0009-MUS,nat-met-sto-tro,MUS,Africa,0.0,2.0,0.0,100000.0,100000.0,0.0,0.0,0.0,0.0,97.436175616134,Category 2,89.0,102.4,968.0,2024-01-12,2024-01-19,7.0,At Sea / Open Water,At Sea / Open Water,0.0,0.0,0.0,2024-01-12,0,0.018721149856273378,12.699999809265137,-0.01875102755676783,0.15960021064253296,-0.2814596328115806,-0.025846301170673103,0.8586258743056222,-0.054045444642679616
2024013S13057,Belal (2024),2024.0,2024-0009-REU,nat-met-sto-tro,REU,Africa,0.0,4.0,0.0,700.0,700.0,0.0,0.0,0.0,0.0,97.436175616134,Category 2,89.0,102.4,968.0,2024-01-12,2024-01-19,7.0,At Sea / Open Water,At Sea / Open Water,0.0,0.0,0.0,2024-01-12,0,0.018721149856273378,12.699999809265137,-0.01875102755676783,0.15960021064253296,-0.2814596328115806,-0.025846301170673103,0.8586258743056222,-0.054045444642679616
2015066S08170,Pam (2015),2015.0,2015-0093-VUT,nat-met-sto-tro,VUT,Oceania,44127.0,11.0,0.0,188000.0,188000.0,0.0,0.0,449400.0,610425.0,73.6208029365864,Category 5,150.0,172.6,911.0,2015-03-07,2015-03-20,12.8,At Sea / Open Water,At Sea / Open Water,0.0,0.0,0.0,2015-03-09,2,-0.017123544913469013,15.0600004196167,-0.020062915933782066,0.2156437171902827,-0.5266945150744642,-0.07707039118678971,0.6948055402015236,0.01675000069703318
2015066S08170,Pam (2015),2015.0,2015-0093-KIR,nat-met-sto-tro,KIR,Oceania,0.0,0.0,0.0,1500.0,1500.0,0.0,0.0,0.0,0.0,73.6208029365864,Category 5,150.0,172.6,911.0,2015-03-07,2015-03-20,12.8,At Sea / Open Water,At Sea / Open Water,0.0,0.0,0.0,2015-03-09,2,-0.017123544913469013,15.0600004196167,-0.020062915933782066,0.2156437171902827,-0.5266945150744642,-0.07707039118678971,0.6948055402015236,0.01675000069703318
2024071S20039,Filipo (2024),2024.0,2024-0164-MOZ,nat-met-sto-tro,MOZ,Africa,0.0,2.0,85.0,93240.0,93325.0,0.0,0.0,0.0,0.0,97.436175616134,Tropical Storm,60.0,69.0,990.0,2024-03-10,2024-03-14,3.8,Landfall,Tropical Storm,-21.5,34.9,51.0,2024-03-11,1,-0.0019909221363687557,15.220000267028809,0.02087324285609604,0.1655062248295176,-0.36500024227153793,0.0,0.533670861809209,-0.008269562459304809
2024086S13051,Gamane (2024),2024.0,2024-0172-MDG,nat-met-sto-tro,MDG,Africa,0.0,22.0,4.0,89465.0,89469.0,0.0,0.0,50000.0,51316.0,97.436175616134,Category 2,89.0,102.4,970.0,2024-03-26,2024-03-29,3.5,Landfall,Category 2,-12.9425,49.8499,84.0,2024-03-26,0,0.006011158135944772,13.239999771118164,-0.00564356548060474,0.10997085612985132,0.4926096050116584,-0.01137786101768401,0.2637893953973002,0.026023173797339462
2015036S20038,Fundi (2015),2015.0,2015-0074-MDG,nat-met-sto-tro,MDG,Africa,0.0,6.0,0.0,28450.0,36880.0,0.0,0.0,10000.0,13583.0,73.6208029365864,Tropical Storm,55.0,63.3,982.0,2015-02-05,2015-02-11,6.5,At Sea / Open Water,At Sea / Open Water,0.0,0.0,0.0,2015-02-05,0,0.020446120452741745,16.850000381469727,-0.017203166627450694,0.13690458936996996,0.09302769659936239,-0.017203166627450694,0.602490875846973,-0.06358022294283046
2024146N11126,Ewiniar (2024),2024.0,2024-0337-PHL,nat-met-sto-tro,PHL,Asia,0.0,6.0,8.0,52000.0,52008.0,0.0,0.0,20000.0,20526.0,97.436175616134,Category 2,93.0,107.0,957.0,2024-05-24,2024-05-28,3.2,Landfall,Tropical Depression,11.2,125.5,25.0,2024-05-24,0,-1.8942411989408825e-05,11.93000030517578,-0.011611727170591113,0.14032802509996317,-0.24631140746744273,-0.01880084200576415,0.4092344533797916,0.006722345111198325
2014362N07130,Jangmi (2014),2014.0,2014-0497-PHL,nat-met-sto-tro,PHL,Asia,0.0,72.0,0.0,578549.0,578549.0,0.0,0.0,17688.0,24054.0,73.5335770092672,Tropical Storm,45.0,51.8,989.0,2014-12-27,2015-01-01,5.0,Landfall,Tropical Storm,8.9,126.0,40.0,2014-12-29,2,0.01065273041625825,15.0600004196167,0.04801549896199275,0.14944979181255305,0.3636358580803025,0.0,0.5839315654911869,-0.02030526466134009
2014329N08131,Sinlaku (2014),2014.0,2014-0474-PHL,nat-met-sto-tro,PHL,Asia,0.0,12.0,0.0,4695.0,4695.0,0.0,0.0,0.0,0.0,73.5335770092672,Tropical Storm,55.0,63.3,982.0,2014-11-25,2014-11-30,5.0,Landfall,Tropical Depression,9.03835,126.158,27.0,2014-11-25,0,0.00758949666291131,12.25,-0.007446216690663698,0.17038719828422644,0.9606981022028804,-0.02663210394296378,0.5099432953507531,0.01904138101680454
2014271N10160,Phanfone (2014),2014.0,2014-0397-JPN,nat-met-sto-tro,JPN,Asia,0.0,7.0,60.0,8706.0,8766.0,0.0,0.0,100000.0,135992.0,73.5335770092672,Category 4,135.0,155.4,922.0,2014-09-27,2014-10-08,10.2,Landfall,Category 1,34.88,138.367,70.0,2014-09-29,2,-0.008084202931168294,15.979999542236328,-0.004500751355299593,0.13071334901776038,-0.5471419171939857,-0.02776695512626204,0.6079301868143396,0.015981674234182317
2014253N13260,Odile (2014),2014.0,2014-0333-MEX,nat-met-sto-tro,MEX,Americas,0.0,6.0,135.0,75000.0,75135.0,1200000.0,1631908.0,2500000.0,3399807.0,73.5335770092672,Category 4,120.0,138.1,918.0,2014-09-09,2014-09-18,8.5,Landfall,Category 3,22.9,-109.9,110.0,2014-09-09,0,-0.006430674042622209,13.5,-0.0006992900347307929,0.11859665406025721,0.04950828137102259,-0.017423224710809815,0.6062246823021672,-0.001894614741706904
2014234N12261,Marie (2014),2014.0,2014-0325-MEX,nat-met-sto-tro,MEX,Americas,0.0,3.0,0.0,30000.0,30000.0,0.0,0.0,14000.0,19039.0,73.5335770092672,Category 5,140.0,161.1,918.0,2014-08-22,2014-09-02,11.2,At Sea / Open Water,At Sea / Open Water,0.0,0.0,0.0,2014-08-22,0,0.017729571708964054,11.470000267028809,0.011436438080150824,0.163146303855197,-0.2907174255448378,-0.01347879747566283,0.5332925194518194,0.015483003052426262
2014209N12152,Halong (2014),2014.0,2014-0316-JPN,nat-met-sto-tro,JPN,Asia,0.0,10.0,96.0,21654.0,21750.0,0.0,0.0,200000.0,271985.0,73.5335770092672,Category 5,140.0,161.1,918.0,2014-07-27,2014-08-15,18.2,Landfall,Tropical Storm,34.125,134.3,55.0,2014-07-28,1,0.00233151880553617,12.5600004196167,0.007727861667686797,0.1385253197884378,0.5428161692211169,-0.027790221631823542,0.2492821276969216,-0.03783251609135452
2014153N12267,Boris (2014),2014.0,2014-0183-MEX,nat-met-sto-tro,MEX,Americas,0.0,0.0,0.0,0.0,0.0,0.0,0.0,0.0,0.0,73.5335770092672,Tropical Storm,40.0,46.0,998.0,2014-06-01,2014-06-04,3.2,At Sea / Open Water,At Sea / Open Water,0.0,0.0,0.0,2014-06-02,1,0.01339592012923485,11.579999923706056,0.023227866986013312,0.13126292248607987,-0.1867844475373771,-0.014529716018228389,0.1530179062010759,-0.0007214923256957185
2013210N13122,Jebi (2013),2013.0,2013-0341-VNM,nat-met-sto-tro,VNM,Asia,0.0,7.0,11.0,5000.0,5011.0,0.0,0.0,1000.0,1382.0,72.3597374789251,Tropical Storm,60.0,69.0,978.0,2013-07-28,2013-08-03,5.8,Landfall,Tropical Depression,12.8151,121.396,0.0,2013-07-29,1,-0.005368794198056026,13.390000343322754,0.0017785430057251084,0.13316097357288617,0.2379032258064515,-0.0007605644806197853,0.88679693798403,-0.014649852041121575
2013149N14264,Barbara (2013),2013.0,2013-0188-MEX,nat-met-sto-tro,MEX,Americas,0.0,4.0,0.0,12000.0,12000.0,0.0,0.0,0.0,0.0,72.3597374789251,Category 1,70.0,80.6,983.0,2013-05-28,2013-05-30,2.2,Landfall,Category 1,16.0,-94.0,70.0,2013-05-28,0,-0.0037745794865888804,14.479999542236328,-0.04337012937236451,0.13512372525095706,1.120077264348148,-0.0736179710662559,0.638124064355138,-0.009027811268645448
2012254N09135,Sanba (2012),2012.0,2012-0588-KOR,nat-met-sto-tro,KOR,Asia,0.0,0.0,0.0,3120.0,3120.0,0.0,0.0,349000.0,489378.0,71.3150877335761,Category 5,155.0,178.4,907.0,2012-09-10,2012-09-18,8.8,Landfall,Category 1,35.0967,128.16,65.0,2012-09-10,0,0.0166472419443906,16.280000686645508,0.006327305765918334,0.07305957838641981,-0.39629792286797116,-0.02453355502659993,0.46095918271166725,-0.017755764563457777
2012254N09135,Sanba (2012),2012.0,2012-0588-JPN,nat-met-sto-tro,JPN,Asia,0.0,0.0,0.0,25250.0,25250.0,0.0,0.0,31000.0,43469.0,71.3150877335761,Category 5,155.0,178.4,907.0,2012-09-10,2012-09-18,8.8,Landfall,Category 1,35.0967,128.16,65.0,2012-09-10,0,0.0166472419443906,16.280000686645508,0.006327305765918334,0.07305957838641981,-0.39629792286797116,-0.02453355502659993,0.46095918271166725,-0.017755764563457777
2012230N21126,Tembin (2012),2012.0,2012-0585-KOR,nat-met-sto-tro,KOR,Asia,0.0,2.0,0.0,0.0,0.0,0.0,0.0,0.0,0.0,71.3150877335761,Category 4,120.0,138.1,933.0,2012-08-17,2012-09-01,14.8,Landfall,Category 3,22.2716,120.937,107.0,2012-08-17,0,0.00951439590727099,13.449999809265137,-0.011987016119940574,0.11286553871324936,0.04403325725464624,-0.02981944160742278,0.3832594987294876,-0.010866056506225186
2012234N16315,Isaac (2012),2012.0,2012-0313-DOM,nat-met-sto-tro,DOM,Americas,0.0,5.0,0.0,20515.0,20515.0,0.0,0.0,0.0,0.0,71.3150877335761,Category 1,70.0,80.6,965.0,2012-08-20,2012-09-01,11.8,Landfall,Tropical Storm,18.3,-72.7,55.0,2012-08-20,0,0.010087175277911031,14.020000457763672,-0.00906685763871784,0.11101097912915038,0.40271159668290113,-0.02798866968827385,0.382630648770101,-0.010629455493768397
2012232N13141,Bolaven (2012),2012.0,2012-0414-JPN,nat-met-sto-tro,JPN,Asia,0.0,0.0,0.0,0.0,0.0,0.0,0.0,86000.0,120592.0,71.3150877335761,Category 4,125.0,143.8,929.0,2012-08-18,2012-09-01,14.2,Landfall,Tropical Storm,40.1763,125.098,40.0,2012-08-20,2,0.010087175277911031,14.020000457763672,-0.00906685763871784,0.11101097912915038,0.40271159668290113,-0.02798866968827385,0.382630648770101,-0.010629455493768397
2012234N16315,Isaac (2012),2012.0,2012-0313-HTI,nat-met-sto-tro,HTI,Americas,0.0,13.0,7.0,8000.0,8007.0,0.0,0.0,0.0,0.0,71.3150877335761,Category 1,70.0,80.6,965.0,2012-08-20,2012-09-01,11.8,Landfall,Tropical Storm,18.3,-72.7,55.0,2012-08-20,0,0.010087175277911031,14.020000457763672,-0.00906685763871784,0.11101097912915038,0.40271159668290113,-0.02798866968827385,0.382630648770101,-0.010629455493768397
2020092S09155,Harold (2020),2020.0,2020-0132-SLB,nat-met-sto-tro,SLB,Oceania,0.0,48.0,0.0,150000.0,150000.0,0.0,0.0,0.0,0.0,80.3903830082114,Category 5,145.0,166.9,909.0,2020-04-01,2020-04-11,10.0,Landfall,Category 4,-15.6,166.867,120.0,2020-04-01,0,-0.0025931157073530997,57.060001373291016,0.02057627243476534,1.068672822869559,-0.12789813076483547,-0.22256273340070054,1.0207195637292945,-0.00021179706985918756
2020152N12269,Amanda (2020),2020.0,2020-0218-HND,nat-met-sto-tro,HND,Americas,0.0,5.0,0.0,1200.0,1200.0,0.0,0.0,0.0,0.0,80.3903830082114,Tropical Storm,35.0,40.3,1003.0,2020-05-30,2020-05-31,0.8,Landfall,Tropical Storm,14.1,-90.3,35.0,2020-06-01,2,0.034219927469697264,28.229999542236328,0.06940491052374331,0.2653908405593433,0.22127695276449377,0.0,1.064692227619181,-0.021269906186466278
2020154N19269,Cristobal (2020),2020.0,2020-0219-USA,nat-met-sto-tro,USA,Americas,0.0,1.0,0.0,0.0,0.0,0.0,0.0,325000.0,404277.0,80.3903830082114,Tropical Storm,50.0,57.5,982.0,2020-06-01,2020-06-12,10.5,Landfall,Tropical Storm,18.5797,-91.9762,48.0,2020-06-01,0,0.034219927469697264,28.229999542236328,0.06940491052374331,0.2653908405593433,0.22127695276449377,0.0,1.064692227619181,-0.021269906186466278
2023196N17119,Talim (2023),2023.0,2023-0450-VNM,nat-met-sto-tro,VNM,Asia,0.0,1.0,3.0,0.0,3.0,0.0,0.0,0.0,0.0,94.6446220103845,Category 1,70.0,80.6,971.0,2023-07-14,2023-07-18,3.8,Landfall,Category 1,21.2931,110.212,67.0,2023-07-14,0,0.024467099688047833,13.34000015258789,0.022327700742066803,0.1563873817767919,-0.21335835828072403,-0.003874336866623196,0.3739906970762419,0.021669655996980935
2023203N14132,Doksuri (2023),2023.0,2023-0464-PHL,nat-met-sto-tro,PHL,Asia,0.0,39.0,171.0,5385066.0,5385237.0,0.0,0.0,284256.0,300340.0,94.6446220103845,Category 4,128.0,147.3,926.0,2023-07-21,2023-07-28,6.8,Landfall,Category 2,24.7901,118.563,83.0,2023-07-21,0,0.006454696523574777,13.600000381469728,0.02408365244924826,0.17221898021479334,0.8114327404661434,0.0,0.33023907102710925,-0.02420368241546603
2023131N11088,Mocha (2023),2023.0,2023-0294-MMR,nat-met-sto-tro,MMR,Asia,0.0,148.0,132.0,1200000.0,1200132.0,0.0,0.0,2240000.0,2366748.0,94.6446220103845,Category 5,138.0,158.8,918.0,2023-05-11,2023-05-14,3.8,Landfall,Category 3,20.8,93.1,105.0,2023-05-11,0,0.017278507194237624,16.93000030517578,0.0008748087237904212,0.13730573052178116,0.016608457327200288,-0.01886524861938932,0.595208925619456,-0.045796672506804255
2023131N11088,Mocha (2023),2023.0,2023-0294-IND,nat-met-sto-tro,IND,Asia,0.0,0.0,0.0,1000.0,1000.0,0.0,0.0,0.0,0.0,94.6446220103845,Category 5,138.0,158.8,918.0,2023-05-11,2023-05-14,3.8,Landfall,Category 3,20.8,93.1,105.0,2023-05-11,0,0.017278507194237624,16.93000030517578,0.0008748087237904212,0.13730573052178116,0.016608457327200288,-0.01886524861938932,0.595208925619456,-0.045796672506804255
2024147N19089,Remal (2024),2024.0,2024-0320-BGD,nat-met-sto-tro,BGD,Asia,0.0,16.0,13.0,4590000.0,4590013.0,0.0,0.0,90700.0,93087.0,97.436175616134,Tropical Storm,54.0,62.1,978.0,2024-05-25,2024-05-27,2.2,Landfall,Tropical Storm,21.7,88.4,54.0,2024-05-28,3,-0.0004715963702689452,12.920000076293944,-0.01093880641751721,0.13645765670309917,0.28450370198981956,-0.019761270884163018,0.4464050313377609,0.007216237902188646
2023337N12083,Michaung (2023),2023.0,2023-0792-IND,nat-met-sto-tro,IND,Asia,0.0,20.0,0.0,4390000.0,4390000.0,0.0,0.0,125000.0,132073.0,94.6446220103845,Tropical Storm,60.0,69.0,987.0,2023-12-03,2023-12-05,2.0,Landfall,Tropical Storm,14.3,80.1,60.0,2023-12-04,1,0.004862644462636956,13.079999923706056,0.007803731737776376,0.1774187278322413,0.2288307588228662,-0.003934998923132649,0.8072527743070395,-0.0008347800023806359
2023296N18087,Hamoon (2023),2023.0,2023-0686-BGD,nat-met-sto-tro,BGD,Asia,0.0,3.0,0.0,1500000.0,1500000.0,0.0,0.0,250000.0,264146.0,94.6446220103845,Category 1,80.0,92.1,978.0,2023-10-23,2023-10-25,1.8,Landfall,Category 1,21.6,92.1,74.0,2023-10-23,0,-0.035730853060299106,20.3700008392334,-0.039559301209864395,0.2634771870648628,0.03757824587660674,-0.061490778213764696,0.5057023598814312,0.034359278096280685
2023294N09061,Tej (2023),2023.0,2023-0685-YEM,nat-met-sto-tro,YEM,Asia,0.0,7.0,150.0,0.0,150.0,0.0,0.0,0.0,0.0,94.6446220103845,Category 3,109.0,125.4,956.0,2023-10-20,2023-10-24,3.8,Landfall,Tropical Storm,15.5575,52.1575,62.0,2023-10-20,0,-0.023893336610602,21.709999084472656,-0.021416596633285767,0.2632788930857632,0.012029679949859595,-0.08180395015853692,0.4870492127852023,0.024216144064655897
2023273N16134,Koinu (2023),2023.0,2023-0623-TWN,nat-met-sto-tro,TWN,Asia,0.0,1.0,190.0,0.0,190.0,0.0,0.0,0.0,0.0,94.6446220103845,Category 4,119.0,136.9,940.0,2023-09-29,2023-10-10,10.5,Landfall,Category 3,22.0,120.8,109.0,2023-09-29,0,-0.006830596083547413,17.520000457763672,-0.06888928570283492,0.1867325857791108,0.8596078941590704,-0.08912110405303497,0.4323558858135648,-0.03059193379862989
2023273N16134,Koinu (2023),2023.0,2023-0623-CHN,nat-met-sto-tro,CHN,Asia,0.0,0.0,0.0,0.0,0.0,0.0,0.0,0.0,0.0,94.6446220103845,Category 4,119.0,136.9,940.0,2023-09-29,2023-10-10,10.5,Landfall,Category 3,22.0,120.8,109.0,2023-09-29,0,-0.006830596083547413,17.520000457763672,-0.06888928570283492,0.1867325857791108,0.8596078941590704,-0.08912110405303497,0.4323558858135648,-0.03059193379862989
2023249N24133,Yun-Yeung (2023),2023.0,2023-0609-JPN,nat-met-sto-tro,JPN,Asia,0.0,3.0,0.0,3600.0,3600.0,0.0,0.0,0.0,0.0,94.6446220103845,Tropical Storm,39.0,44.9,992.0,2023-09-05,2023-09-08,3.0,At Sea / Open Water,At Sea / Open Water,0.0,0.0,0.0,2023-09-05,0,0.014635264877031373,14.010000228881836,-0.03049358552155601,0.11055630667004285,1.1730192076830734,-0.04475761828911795,0.40293610915009925,0.032746381926955725
2023239N21274,Idalia (2023),2023.0,2023-0565-USA,nat-met-sto-tro,USA,Americas,0.0,5.0,0.0,0.0,0.0,0.0,0.0,3500000.0,3698044.0,94.6446220103845,Category 4,115.0,132.3,942.0,2023-08-26,2023-09-08,12.8,Landfall,Category 3,29.9155,-83.6226,100.0,2023-08-28,2,0.007784637900201119,15.079999923706056,0.008400825114360355,0.12961188862295156,-0.28290704411886436,-0.0396981261151057,0.37951715337735775,-0.036047919586610584
2023239N21274,Idalia (2023),2023.0,2023-0565-CUB,nat-met-sto-tro,CUB,Americas,0.0,0.0,0.0,0.0,0.0,0.0,0.0,0.0,0.0,94.6446220103845,Category 4,115.0,132.3,942.0,2023-08-26,2023-09-08,12.8,Landfall,Category 3,29.9155,-83.6226,100.0,2023-08-28,2,0.007784637900201119,15.079999923706056,0.008400825114360355,0.12961188862295156,-0.28290704411886436,-0.0396981261151057,0.37951715337735775,-0.036047919586610584
2023232N13300,Franklin (2023),2023.0,2023-0559-DOM,nat-met-sto-tro,DOM,Americas,0.0,3.0,0.0,289083.0,289083.0,0.0,0.0,0.0,0.0,94.6446220103845,Category 4,130.0,149.6,926.0,2023-08-19,2023-09-09,21.0,Landfall,Tropical Storm,18.3,-71.1,40.0,2023-08-21,2,-0.01957115767634121,17.1299991607666,-0.015142038809775493,0.1314083838780739,0.1212273081634927,-0.07763152128521467,0.23991382898478764,0.006533182828463008
2002265N10315,Lili (2002),2002.0,2002-0636-GRD,nat-met-sto-tro,GRD,Americas,0.0,0.0,0.0,70.0,75.0,0.0,0.0,0.0,0.0,55.8716960740501,Category 4,125.0,143.8,938.0,2002-09-21,2002-10-04,12.8,Landfall,Category 2,22.1,-84.0,90.0,2002-09-23,2,-0.06513520762552238,39.68000030517578,-0.07331450670351769,0.27032948693490516,0.34403292181069967,-0.18575232269292885,0.9408248930811939,0.052521416319451564
2002265N10315,Lili (2002),2002.0,2002-0653-VCT,nat-met-sto-tro,VCT,Americas,0.0,4.0,0.0,1000.0,1000.0,0.0,0.0,11000.0,19688.0,55.8716960740501,Category 4,125.0,143.8,938.0,2002-09-21,2002-10-04,12.8,Landfall,Category 2,22.1,-84.0,90.0,2002-09-23,2,-0.06513520762552238,39.68000030517578,-0.07331450670351769,0.27032948693490516,0.34403292181069967,-0.18575232269292885,0.9408248930811939,0.052521416319451564
2003262N17254,Marty (2003),2003.0,2003-0474-MEX,nat-met-sto-tro,MEX,Americas,0.0,2.0,0.0,6000.0,6000.0,0.0,0.0,100000.0,175009.0,57.1400352670416,Category 2,85.0,97.8,970.0,2003-09-18,2003-09-26,7.2,Landfall,Category 2,23.0,-109.7,85.0,2003-09-18,0,0.02288325566319216,17.56999969482422,0.019069362915609567,0.10770454021370673,-0.823432697119165,0.0,0.7039213596840931,0.017041136187644506
2004255N23120,Haima (2004),2004.0,2004-0468-TWN,nat-met-sto-tro,TWN,Asia,0.0,9.0,0.0,6000.0,6000.0,0.0,0.0,2710.0,4619.0,58.6698092933412,Tropical Storm,35.0,40.3,997.0,2004-09-10,2004-09-19,8.5,Landfall,Tropical Depression,22.8,120.233,25.0,2004-09-10,0,0.00426366944884804,13.760000228881836,0.000396459771792923,0.0790569647952169,0.21170435999067383,-0.003156568791781056,0.41239244516855905,0.002317356766382968
2005054S09173,Percy (2005),2005.0,2005-0102-TKL,nat-met-sto-tro,TKL,Oceania,0.0,0.0,1.0,0.0,26.0,0.0,0.0,0.0,0.0,60.6603317527392,Category 5,140.0,161.1,898.0,2005-02-23,2005-03-05,10.5,At Sea / Open Water,At Sea / Open Water,0.0,0.0,0.0,2005-02-23,0,-0.013869250463263594,12.390000343322754,-0.028327849271817418,0.13359695770893254,1.0556147201514614,-0.030973727892378067,0.7254509706834046,0.011683215467135837
2005041S13181,Olaf (2005),2005.0,2005-0151-ASM,nat-met-sto-tro,ASM,Oceania,0.0,0.0,0.0,0.0,0.0,0.0,0.0,0.0,0.0,60.6603317527392,Category 5,145.0,166.9,892.0,2005-02-10,2005-02-23,13.0,At Sea / Open Water,At Sea / Open Water,0.0,0.0,0.0,2005-02-10,0,0.006556856632323305,11.510000228881836,0.008674386918530175,0.0963121806833628,1.1101472434653576,-0.004792873659331565,0.6310313967079113,0.006017065715371729
2005192N11318,Emily (2005),2005.0,2005-0382-GRD,nat-met-sto-tro,GRD,Americas,0.0,1.0,0.0,0.0,0.0,0.0,0.0,44900.0,74019.0,60.6603317527392,Category 5,140.0,161.1,929.0,2005-07-11,2005-07-21,10.5,Landfall,Category 2,20.6198,-88.0304,92.0,2005-07-11,0,0.020162872049588776,11.279999732971191,0.010047232772591341,0.11277909678773766,1.2384302689180737,0.0,0.7284305012616131,-0.007733549760670259
2005262N13127,Damrey (2005),2005.0,2005-0540-CHN,nat-met-sto-tro,CHN,Asia,0.0,25.0,0.0,5719000.0,5719000.0,0.0,0.0,1040000.0,1714465.0,60.6603317527392,Category 2,90.0,103.6,954.0,2005-09-19,2005-09-28,9.0,Landfall,Category 1,18.8617,110.331,75.0,2005-09-19,0,-0.00591908025447252,12.140000343322754,0.010255319298979604,0.10785132351220751,-0.10760293003283661,-0.0029764238464675685,0.9983881810860353,-0.0038769759167084413
2005275N19274,Stan (2005),2005.0,2005-0567-GTM,nat-met-sto-tro,GTM,Americas,25257.0,1513.0,386.0,474928.0,475314.0,0.0,0.0,988300.0,1629236.0,60.6603317527392,Category 1,70.0,80.6,977.0,2005-10-01,2005-10-05,3.8,Landfall,Tropical Storm,19.5456,-87.3758,36.0,2005-10-03,2,0.008389168487006993,12.460000038146973,0.0312593674339956,0.12905276977496224,2.5667870036101084,0.0,0.9630522889569197,-0.035677774650233696
2005296N16293,Alpha (2005),2005.0,2005-0597-HTI,nat-met-sto-tro,HTI,Americas,0.0,12.0,17.0,2175.0,2192.0,0.0,0.0,0.0,0.0,60.6603317527392,Tropical Storm,45.0,51.8,998.0,2005-10-22,2005-10-24,2.2,Landfall,Tropical Storm,18.3,-71.3,45.0,2005-10-24,2,0.007136057057697931,14.739999771118164,-0.0022437207476171395,0.2516684171587861,-0.29468893140836083,-0.08387236589544078,1.2457742865488668,0.008513163209031125
2006161N20275,Alberto (2006),2006.0,2006-0272-CUB,nat-met-sto-tro,CUB,Americas,0.0,0.0,8.0,260.0,268.0,0.0,0.0,0.0,0.0,62.6171947810345,Tropical Storm,60.0,69.0,969.0,2006-06-10,2006-06-19,9.0,Landfall,Tropical Storm,29.9,-83.7,40.0,2006-06-12,2,-0.024622338755235118,20.959999084472656,0.012131179985597651,0.1471271235418788,2.4682322302545914,0.0,0.9813040379380064,-0.020381967534614916
2006198N08152,Kaemi (2006),2006.0,2006-0388-CHN,nat-met-sto-tro,CHN,Asia,0.0,109.0,0.0,6531000.0,6531000.0,0.0,0.0,367000.0,586101.0,62.6171947810345,Category 1,75.0,86.3,967.0,2006-07-17,2006-07-29,12.0,Landfall,Tropical Storm,23.05,120.725,55.0,2006-07-17,0,-0.02767049519632203,18.63999938964844,0.001835266702636229,0.10300647965546181,-0.4712727538029402,-0.005768089875296645,0.741911718759837,0.013881556821216397
2006198N08152,Kaemi (2006),2006.0,2006-0388-TWN,nat-met-sto-tro,TWN,Asia,0.0,0.0,0.0,800.0,800.0,0.0,0.0,0.0,0.0,62.6171947810345,Category 1,75.0,86.3,967.0,2006-07-17,2006-07-29,12.0,Landfall,Tropical Storm,23.05,120.725,55.0,2006-07-17,0,-0.02767049519632203,18.63999938964844,0.001835266702636229,0.10300647965546181,-0.4712727538029402,-0.005768089875296645,0.741911718759837,0.013881556821216397
2006237N13298,Ernesto (2006),2006.0,2006-0466-HTI,nat-met-sto-tro,HTI,Americas,0.0,5.0,0.0,15000.0,15000.0,0.0,0.0,0.0,0.0,62.6171947810345,Category 1,65.0,74.8,985.0,2006-08-24,2006-09-04,10.5,Landfall,Tropical Storm,19.9,-75.5,35.0,2006-08-24,0,-0.0029223242849570896,12.399999618530272,0.010305975760087183,0.10990145252466758,-0.46464832933357947,-0.006371277861956126,0.47997689711704405,0.009742174487337565
2006257N16259,Lane (2006),2006.0,2006-0505-MEX,nat-met-sto-tro,MEX,Americas,0.0,4.0,0.0,240700.0,240700.0,0.0,0.0,2700.0,4312.0,62.6171947810345,Category 3,110.0,126.6,952.0,2006-09-13,2006-09-17,3.8,Landfall,Category 3,24.1,-107.2,110.0,2006-09-13,0,0.013102344490546924,11.18000030517578,-0.005247366758121652,0.09749804204414335,0.14474032182598617,-0.01954030421224684,0.3443618487203259,-0.008385741168968447
2006294N16254,Paul (2006),2006.0,2006-0604-MEX,nat-met-sto-tro,MEX,Americas,0.0,4.0,0.0,20000.0,20000.0,0.0,0.0,0.0,0.0,62.6171947810345,Category 2,90.0,103.6,970.0,2006-10-21,2006-10-26,5.0,At Sea / Open Water,At Sea / Open Water,0.0,0.0,0.0,2006-10-23,2,0.004604118591025941,11.079999923706056,0.02678641149861427,0.08899111917551758,0.4533036848792884,0.0,0.08255776238015755,0.002600270400755911
2007151N14072,Gonu (2007),2007.0,2007-0164-IRN,nat-met-sto-tro,IRN,Asia,0.0,12.0,9.0,185000.0,185009.0,0.0,0.0,0.0,0.0,64.4034636847652,Category 5,145.0,166.9,898.0,2007-05-31,2007-06-08,7.8,Landfall,Tropical Depression,25.7051,57.9702,20.0,2007-05-31,0,0.0057734590387847895,13.050000190734863,-0.004284029767165021,0.13106763714640723,-0.2179445227547322,-0.023114867253657523,0.7062628437319066,-0.04843844909656392
2007244N12303,Felix (2007),2007.0,2007-0439-MEX,nat-met-sto-tro,MEX,Americas,0.0,0.0,0.0,0.0,30000.0,0.0,0.0,0.0,0.0,64.4034636847652,Category 5,150.0,172.6,929.0,2007-08-31,2007-09-06,6.2,Landfall,Category 5,14.3,-83.2,140.0,2007-08-31,0,-0.004988696038124574,23.3799991607666,-0.025498356595099914,0.2374395279501237,-0.08024916943521598,-0.045263803528628466,1.0599045001371412,0.02432606602210522
2007297N18300,Noel (2007),2007.0,2007-0523-HTI,nat-met-sto-tro,HTI,Americas,0.0,90.0,133.0,108630.0,108763.0,0.0,0.0,0.0,0.0,64.4034636847652,Category 1,75.0,86.3,965.0,2007-10-24,2007-11-06,13.0,Landfall,Tropical Storm,19.7408,-73.2102,42.0,2007-10-24,0,-0.017957574510303997,20.799999237060547,-0.02439042052162499,0.1436367165124204,-0.0025209256523880397,-0.033816701849421094,0.9100253327505508,0.042206334910685345
2007345N18298,Olga (2007),2007.0,2007-0612-PRI,nat-met-sto-tro,PRI,Americas,0.0,1.0,0.0,0.0,0.0,0.0,0.0,0.0,0.0,64.4034636847652,Tropical Storm,50.0,57.5,1003.0,2007-12-10,2007-12-16,5.8,Landfall,Tropical Storm,18.4,-66.5,40.0,2007-12-10,0,0.02979407229136699,20.739999771118164,0.02850573177767668,0.1405641272616591,-0.14907882134204742,0.0,0.5048586922681181,-0.012781502053592048
2008117N11090,Nargis (2008),2008.0,2008-0184-MMR,nat-met-sto-tro,MMR,Asia,607329.0,138366.0,20000.0,2400000.0,2420000.0,0.0,0.0,4000000.0,5981221.0,66.8759741789087,Category 4,115.0,132.3,937.0,2008-04-25,2008-05-04,8.5,Landfall,Category 4,16.0,94.5,115.0,2008-04-25,0,0.008088140441964597,19.59000015258789,-0.008357853936780901,0.14024660464178645,0.13989149057681316,-0.008357853936780901,0.5820582161949371,0.008893102239463975
2008117N11090,Nargis (2008),2008.0,2008-0184-THA,nat-met-sto-tro,THA,Asia,0.0,0.0,0.0,0.0,1000.0,0.0,0.0,0.0,0.0,66.8759741789087,Category 4,115.0,132.3,937.0,2008-04-25,2008-05-04,8.5,Landfall,Category 4,16.0,94.5,115.0,2008-04-25,0,0.008088140441964597,19.59000015258789,-0.008357853936780901,0.14024660464178645,0.13989149057681316,-0.008357853936780901,0.5820582161949371,0.008893102239463975
2008152N18273,Arthur (2008),2008.0,2008-0233-BLZ,nat-met-sto-tro,BLZ,Americas,362.0,7.0,0.0,10000.0,10000.0,0.0,0.0,0.0,0.0,66.8759741789087,Tropical Storm,40.0,46.0,1004.0,2008-05-31,2008-06-02,2.0,Landfall,Tropical Storm,17.9,-88.2,40.0,2008-06-02,2,0.009154963770200641,19.829999923706055,0.00244488157764855,0.13269604450732927,2.0798519598497167,-0.013945489531916766,0.4738051682392123,0.011678047205523602
2008150N10274,Alma (2008),2008.0,2008-0234-CRI,nat-met-sto-tro,CRI,Americas,0.0,4.0,0.0,55000.0,55000.0,0.0,0.0,0.0,0.0,66.8759741789087,Tropical Storm,55.0,63.3,994.0,2008-05-29,2008-05-30,1.5,Landfall,Tropical Storm,12.4446,-87.0324,52.0,2008-05-29,0,0.003656037107015342,18.13999938964844,0.006777787705613214,0.14349752979108707,-0.2984798284934711,0.0,0.4923275684258453,-0.0017816212975145474
2008150N10274,Alma (2008),2008.0,2008-0234-HND,nat-met-sto-tro,HND,Americas,0.0,0.0,0.0,0.0,0.0,0.0,0.0,0.0,0.0,66.8759741789087,Tropical Storm,55.0,63.3,994.0,2008-05-29,2008-05-30,1.5,Landfall,Tropical Storm,12.4446,-87.0324,52.0,2008-05-29,0,0.003656037107015342,18.13999938964844,0.006777787705613214,0.14349752979108707,-0.2984798284934711,0.0,0.4923275684258453,-0.0017816212975145474
2008203N18276,Dolly (2008),2008.0,2008-0304-MEX,nat-met-sto-tro,MEX,Americas,0.0,2.0,0.0,500000.0,500000.0,0.0,0.0,75000.0,112148.0,66.8759741789087,Category 2,85.0,97.8,963.0,2008-07-20,2008-07-27,6.5,Landfall,Tropical Storm,20.8,-87.0,45.0,2008-07-21,1,0.02713509003764214,23.049999237060547,-0.024141738458923534,0.21142975607131842,0.37500563952176846,-0.05060574587275557,0.45436214414537623,-0.029823328044489443
2008203N18276,Dolly (2008),2008.0,2008-0304-USA,nat-met-sto-tro,USA,Americas,0.0,0.0,0.0,0.0,0.0,600000.0,897183.0,1200000.0,1794366.0,66.8759741789087,Category 2,85.0,97.8,963.0,2008-07-20,2008-07-27,6.5,Landfall,Tropical Storm,20.8,-87.0,45.0,2008-07-21,1,0.02713509003764214,23.049999237060547,-0.024141738458923534,0.21142975607131842,0.37500563952176846,-0.05060574587275557,0.45436214414537623,-0.029823328044489443
2008241N19303,Hanna (2008),2008.0,2008-0378-DOM,nat-met-sto-tro,DOM,Americas,0.0,1.0,0.0,10745.0,10745.0,0.0,0.0,0.0,0.0,66.8759741789087,Category 1,75.0,86.3,977.0,2008-08-28,2008-09-08,11.5,Landfall,Tropical Storm,34.5805,-78.498,54.0,2008-08-28,0,0.018701073929630496,19.43000030517578,0.01299772402181154,0.1556203593581156,-0.5623586626139818,0.0,0.34862493141916523,-0.057866465900069
2008241N19303,Hanna (2008),2008.0,2008-0378-TCA,nat-met-sto-tro,TCA,Americas,0.0,0.0,0.0,750.0,750.0,0.0,0.0,0.0,0.0,66.8759741789087,Category 1,75.0,86.3,977.0,2008-08-28,2008-09-08,11.5,Landfall,Tropical Storm,34.5805,-78.498,54.0,2008-08-28,0,0.018701073929630496,19.43000030517578,0.01299772402181154,0.1556203593581156,-0.5623586626139818,0.0,0.34862493141916523,-0.057866465900069
2008245N17323,Ike (2008),2008.0,2008-0384-BHS,nat-met-sto-tro,BHS,Americas,0.0,0.0,0.0,3000.0,3000.0,0.0,0.0,0.0,0.0,66.8759741789087,Category 4,125.0,143.8,935.0,2008-09-01,2008-09-15,14.2,Landfall,Category 3,21.0,-73.2,110.0,2008-09-02,1,0.007636362239721528,21.989999771118164,-0.006675545823562223,0.1270741869526134,0.7967437429635402,-0.025923058603246285,0.30027879132587554,-0.04418535153156666
2009227N12328,Bill (2009),2009.0,2009-0342-CAN,nat-met-sto-tro,CAN,Americas,0.0,0.0,3.0,0.0,3.0,0.0,0.0,0.0,0.0,66.6382010716644,Category 4,115.0,132.3,943.0,2009-08-15,2009-08-26,10.8,Landfall,Tropical Storm,48.0,-53.0,60.0,2009-08-17,2,-0.026536672319083854,27.88999938964844,-0.011732383011296199,0.17902934113214497,0.48452488125911897,-0.031123506516333665,0.796410134034142,0.0017861411985726078
2009227N12328,Bill (2009),2009.0,2009-0342-USA,nat-met-sto-tro,USA,Americas,0.0,3.0,9.0,0.0,9.0,0.0,0.0,0.0,0.0,66.6382010716644,Category 4,115.0,132.3,943.0,2009-08-15,2009-08-26,10.8,Landfall,Tropical Storm,48.0,-53.0,60.0,2009-08-17,2,-0.026536672319083854,27.88999938964844,-0.011732383011296199,0.17902934113214497,0.48452488125911897,-0.031123506516333665,0.796410134034142,0.0017861411985726078
2009239N12270,Jimena (2009),2009.0,2009-0384-MEX,nat-met-sto-tro,MEX,Americas,0.0,4.0,0.0,72000.0,72000.0,0.0,0.0,40000.0,60026.0,66.6382010716644,Category 4,135.0,155.4,931.0,2009-08-26,2009-09-05,9.8,Landfall,Category 2,24.8387,-112.121,90.0,2009-08-26,0,0.03211251006114835,24.950000762939453,0.022137228786659247,0.14580789588962764,-0.12849789668957223,-0.007390276430160658,0.730235704916087,-0.001669545054186778
2009313N11072,Phyan (2009),2009.0,2009-0609-IND,nat-met-sto-tro,IND,Asia,0.0,20.0,0.0,0.0,0.0,0.0,0.0,300000.0,450192.0,66.6382010716644,Tropical Storm,50.0,57.5,985.0,2009-11-09,2009-11-11,2.4,Landfall,Tropical Storm,18.75,73.3,45.0,2009-11-09,0,0.05032635885976866,23.149999618530273,0.03881446419554391,0.16552205081274027,-0.42635219138894587,-0.02225153540749747,0.6172570027855667,0.001970548136774641
2010198N15123,Chanthu (2010),2010.0,2010-0332-HKG,nat-met-sto-tro,HKG,Asia,0.0,1.0,0.0,15000.0,15000.0,0.0,0.0,0.0,0.0,67.7310945291778,Category 1,80.0,92.1,963.0,2010-07-17,2010-07-23,6.5,Landfall,Tropical Depression,15.2667,121.233,25.0,2010-07-19,2,-0.006850207415910248,25.969999313354492,0.008361353722008857,0.2031999407756675,0.6778940246937444,-0.0019860846558367173,0.7303823844019031,-0.010826461053041317
2010149N13266,Agatha (2010),2010.0,2010-0211-GTM,nat-met-sto-tro,GTM,Americas,0.0,174.0,154.0,397808.0,397962.0,0.0,0.0,650000.0,959677.0,67.7310945291778,Tropical Storm,40.0,46.0,1001.0,2010-05-28,2010-05-30,1.8,Landfall,Tropical Storm,14.6,-91.9,35.0,2010-05-28,0,0.0023829369842960357,32.06999969482422,0.00489124527200735,0.22643877561662218,-0.2579136034996051,-0.06714290709555937,0.6636699235122764,0.007202346418760684
2010149N13266,Agatha (2010),2010.0,2010-0211-HND,nat-met-sto-tro,HND,Americas,0.0,18.0,4.0,16673.0,24675.0,0.0,0.0,90000.0,132878.0,67.7310945291778,Tropical Storm,40.0,46.0,1001.0,2010-05-28,2010-05-30,1.8,Landfall,Tropical Storm,14.6,-91.9,35.0,2010-05-28,0,0.0023829369842960357,32.06999969482422,0.00489124527200735,0.22643877561662218,-0.2579136034996051,-0.06714290709555937,0.6636699235122764,0.007202346418760684
2010236N12341,Earl (2010),2010.0,2010-0468-USA,nat-met-sto-tro,USA,Americas,0.0,1.0,0.0,0.0,0.0,0.0,0.0,100000.0,147643.0,67.7310945291778,Category 4,125.0,143.8,927.0,2010-08-24,2010-09-06,13.0,Landfall,Category 1,44.3,-64.5,65.0,2010-08-24,0,-0.03704686186332928,27.459999084472656,-0.009032341799396826,0.14598460760736467,0.9711870973296408,-0.017902874409046143,0.7798149849555895,0.0045554476013492246
2010257N16282,Karl (2010),2010.0,2010-0494-MEX,nat-met-sto-tro,MEX,Americas,50.0,12.0,0.0,230000.0,230000.0,150000.0,221464.0,3900000.0,5758064.0,67.7310945291778,Category 3,110.0,126.6,956.0,2010-09-13,2010-09-18,4.5,Landfall,Tropical Storm,18.5,-87.8,55.0,2010-09-13,0,0.016502859778690482,21.209999084472656,-0.0022134454026517814,0.14820394537729625,-0.07658414547627046,-0.0022134454026517814,0.7228338616010154,-0.012504134134371825
2010267N14285,Matthew (2010),2010.0,2010-0503-BLZ,nat-met-sto-tro,BLZ,Americas,0.0,0.0,0.0,0.0,0.0,0.0,0.0,0.0,0.0,67.7310945291778,Tropical Storm,50.0,57.5,998.0,2010-09-23,2010-09-26,3.2,Landfall,Tropical Storm,14.7,-83.3,50.0,2010-09-23,0,0.0004624960932075872,23.8700008392334,0.0018448460529596478,0.15142340952655178,0.28331172369731483,-0.011493914386638493,0.7105638428258904,0.003270902231250818
2010267N14285,Matthew (2010),2010.0,2010-0503-NIC,nat-met-sto-tro,NIC,Americas,0.0,0.0,0.0,0.0,0.0,0.0,0.0,0.0,0.0,67.7310945291778,Tropical Storm,50.0,57.5,998.0,2010-09-23,2010-09-26,3.2,Landfall,Tropical Storm,14.7,-83.3,50.0,2010-09-23,0,0.0004624960932075872,23.8700008392334,0.0018448460529596478,0.15142340952655178,0.28331172369731483,-0.011493914386638493,0.7105638428258904,0.003270902231250818
2010267N14285,Matthew (2010),2010.0,2010-0503-VEN,nat-met-sto-tro,VEN,Americas,0.0,8.0,0.0,0.0,0.0,0.0,0.0,0.0,0.0,67.7310945291778,Tropical Storm,50.0,57.5,998.0,2010-09-23,2010-09-26,3.2,Landfall,Tropical Storm,14.7,-83.3,50.0,2010-09-23,0,0.0004624960932075872,23.8700008392334,0.0018448460529596478,0.15142340952655178,0.28331172369731483,-0.011493914386638493,0.7105638428258904,0.003270902231250818
2010302N09306,Tomas (2010),2010.0,2010-0571-BRB,nat-met-sto-tro,BRB,Americas,0.0,0.0,0.0,2500.0,2500.0,0.0,0.0,0.0,0.0,67.7310945291778,Category 2,85.0,97.8,982.0,2010-10-29,2010-11-10,12.5,At Sea / Open Water,At Sea / Open Water,0.0,0.0,0.0,2010-10-29,0,0.001182889238901419,21.200000762939453,-0.004706302469361767,0.0703379134021046,-0.027610149351103286,-0.015518601687200317,0.5820657433901885,-0.010375820000358717
2010302N09306,Tomas (2010),2010.0,2010-0571-HTI,nat-met-sto-tro,HTI,Americas,0.0,21.0,0.0,5020.0,5020.0,0.0,0.0,0.0,0.0,67.7310945291778,Category 2,85.0,97.8,982.0,2010-10-29,2010-11-10,12.5,At Sea / Open Water,At Sea / Open Water,0.0,0.0,0.0,2010-10-29,0,0.001182889238901419,21.200000762939453,-0.004706302469361767,0.0703379134021046,-0.027610149351103286,-0.015518601687200317,0.5820657433901885,-0.010375820000358717
2011038S11062,Bingiza (2011),2011.0,2011-0057-MDG,nat-met-sto-tro,MDG,Africa,2091.0,35.0,73.0,89297.0,115215.0,0.0,0.0,0.0,0.0,69.869263508865,Category 3,100.0,115.1,948.0,2011-02-06,2011-02-21,15.0,Landfall,Category 2,-15.9,49.7,85.0,2011-02-07,1,0.025567651686287052,16.280000686645508,0.009142680190470376,0.0905380007964334,-0.07244137656059213,-0.0037343364801953882,0.5535765573221166,-0.013621951349076844
2011279N10257,Jova (2011),2011.0,2011-0385-MEX,nat-met-sto-tro,MEX,Americas,71.0,5.0,0.0,50000.0,50000.0,0.0,0.0,27700.0,39645.0,69.869263508865,Category 3,110.0,126.6,955.0,2011-10-05,2011-10-12,7.2,Landfall,Category 2,19.6,-105.1,85.0,2011-10-05,0,-0.006253420288481859,37.810001373291016,-0.02331134499341092,0.19852737656995081,0.04369853832897164,-0.046674744753543274,0.6291930932722148,-0.004820340063410117
2012018S16041,Funso (2012),2012.0,2012-0005-MOZ,nat-met-sto-tro,MOZ,Africa,0.0,10.0,0.0,65000.0,65000.0,0.0,0.0,0.0,0.0,71.3150877335761,Category 4,115.0,132.3,937.0,2012-01-17,2012-02-01,15.2,At Sea / Open Water,At Sea / Open Water,0.0,0.0,0.0,2012-01-17,0,0.010310931908989573,22.200000762939453,-0.005988146371114889,0.1352999703335787,0.4662602434121883,-0.03807974310889839,0.5949545737549418,-0.020939293869370986
2012018S16041,Funso (2012),2012.0,2012-0005-MWI,nat-met-sto-tro,MWI,Africa,0.0,0.0,0.0,6000.0,6000.0,0.0,0.0,0.0,0.0,71.3150877335761,Category 4,115.0,132.3,937.0,2012-01-17,2012-02-01,15.2,At Sea / Open Water,At Sea / Open Water,0.0,0.0,0.0,2012-01-17,0,0.010310931908989573,22.200000762939453,-0.005988146371114889,0.1352999703335787,0.4662602434121883,-0.03807974310889839,0.5949545737549418,-0.020939293869370986
2012201N15129,Vicente (2012),2012.0,2012-0259-VNM,nat-met-sto-tro,VNM,Asia,0.0,10.0,3.0,0.0,3.0,0.0,0.0,0.0,0.0,71.3150877335761,Category 4,115.0,132.3,937.0,2012-07-18,2012-07-25,6.8,Landfall,Category 3,22.0342,112.828,100.0,2012-07-18,0,0.02392672975525234,16.15999984741211,0.015151323622021762,0.0885731412821981,0.322506138921981,0.0,0.3029075615287332,-0.004474519819750504
2012225N16133,Kai-Tak (2012),2012.0,2012-0294-PHL,nat-met-sto-tro,PHL,Asia,0.0,4.0,0.0,0.0,0.0,0.0,0.0,3000.0,4207.0,71.3150877335761,Category 1,65.0,74.8,974.0,2012-08-11,2012-08-18,7.0,Landfall,Tropical Storm,18.3933,121.531,55.0,2012-08-13,2,0.008236386077828062,13.699999809265137,-0.007148412678076421,0.11260174770710421,-0.3994846175735922,-0.01909494318099758,0.3729250581649345,-0.012828618065952702
2000232N12116,Kaemi (2000),2000.0,2000-0539-THA,nat-met-sto-tro,THA,Asia,0.0,2.0,0.0,41219.0,41219.0,0.0,0.0,0.0,0.0,53.4877366816787,Tropical Storm,45.0,51.8,995.0,2000-08-18,2000-08-23,5.2,Landfall,Tropical Storm,16.0121,107.79,40.0,2000-08-18,0,0.01547592666508435,17.049999237060547,-0.00938736106810445,0.19829106220570492,-0.12605042016806722,-0.040128318657192574,0.34383993708131677,-0.0047040377333582295
2001189N13130,Trami (2001),2001.0,2001-0415-TWN,nat-met-sto-tro,TWN,Asia,0.0,5.0,17.0,0.0,2017.0,0.0,0.0,0.0,0.0,54.9993852662954,Tropical Storm,40.0,46.0,997.0,2001-07-07,2001-07-12,4.5,Landfall,Tropical Storm,22.7846,120.923,35.0,2001-07-09,2,-0.02365448114037383,22.479999542236328,0.02215046638904461,0.1989475394431571,0.46478873239436624,-0.0120877608702461,0.1498495749391833,-0.0009506203520296015
2000184N13133,Kirogi (2000),2000.0,2000-0396-PHL,nat-met-sto-tro,PHL,Asia,0.0,11.0,0.0,0.0,120000.0,0.0,0.0,7500.0,14022.0,53.4877366816787,Category 4,115.0,132.3,985.0,2000-07-02,2000-07-10,8.2,At Sea / Open Water,At Sea / Open Water,0.0,0.0,0.0,2000-07-03,1,0.00715892451167921,19.829999923706055,-0.029189143142462792,0.2401100053452259,16.83916083916084,-0.047073412091725886,0.3608947178115403,0.008991462777059369
2000248N17117,Wukong (2000),2000.0,2000-0582-VNM,nat-met-sto-tro,VNM,Asia,0.0,5.0,29.0,0.0,6029.0,0.0,0.0,21000.0,39261.0,53.4877366816787,Category 2,95.0,109.3,980.0,2000-09-04,2000-09-10,6.5,Landfall,Category 1,18.2,109.675,75.0,2000-09-05,1,-0.0031911772395901705,19.81999969482422,0.02467087601743878,0.1830545500672915,12.142857142857142,0.0,0.36125542029069196,0.07245191137142229
2002178N04155,Chataan (2002),2002.0,2002-0408-PHL,nat-met-sto-tro,PHL,Asia,0.0,33.0,41.0,700000.0,700041.0,0.0,0.0,1000.0,1790.0,55.8716960740501,Category 4,130.0,149.6,910.0,2002-06-27,2002-07-13,15.8,Landfall,Tropical Storm,35.0259,139.925,50.0,2002-06-27,0,-0.01414862739724776,26.290000915527344,-0.030718335172224775,0.22793221338161,0.16195372750642667,-0.08610577938938024,0.729058088070333,-0.015112890807847388
2002252N20121,Hagupit (2002),2002.0,2002-0599-CHN,nat-met-sto-tro,CHN,Asia,0.0,25.0,0.0,180000.0,180000.0,0.0,0.0,0.0,0.0,55.8716960740501,Tropical Storm,45.0,51.8,991.0,2002-09-08,2002-09-15,7.0,Landfall,Tropical Depression,21.7512,111.597,25.0,2002-09-09,1,-0.012202878334437783,36.45000076293945,-0.038139230537190705,0.27481106879348227,1.5068306010928962,-0.08088792878590212,0.9212488534170631,-0.036180776587657254
2002265N10315,Lili (2002),2002.0,2002-0617-BRB,nat-met-sto-tro,BRB,Americas,0.0,0.0,0.0,0.0,2000.0,0.0,0.0,200.0,358.0,55.8716960740501,Category 4,125.0,143.8,938.0,2002-09-21,2002-10-04,12.8,Landfall,Category 2,22.1,-84.0,90.0,2002-09-23,2,-0.06513520762552238,39.68000030517578,-0.07331450670351769,0.27032948693490516,0.34403292181069967,-0.18575232269292885,0.9408248930811939,0.052521416319451564
2002265N10315,Lili (2002),2002.0,2002-0626-CYM,nat-met-sto-tro,CYM,Americas,0.0,0.0,0.0,300.0,300.0,0.0,0.0,1000.0,1790.0,55.8716960740501,Category 4,125.0,143.8,938.0,2002-09-21,2002-10-04,12.8,Landfall,Category 2,22.1,-84.0,90.0,2002-09-23,2,-0.06513520762552238,39.68000030517578,-0.07331450670351769,0.27032948693490516,0.34403292181069967,-0.18575232269292885,0.9408248930811939,0.052521416319451564
2002258N10300,Isidore (2002),2002.0,2002-0656-CYM,nat-met-sto-tro,CYM,Americas,0.0,0.0,0.0,0.0,0.0,0.0,0.0,500.0,895.0,55.8716960740501,Category 3,110.0,126.6,934.0,2002-09-14,2002-09-27,13.0,Landfall,Tropical Depression,10.0856,-61.4549,25.0,2002-09-16,2,-0.008492887094594281,36.7400016784668,-0.04400483908575281,0.25233170954188827,-0.33787465940054495,-0.12133330758145155,0.9069544694285361,-0.014239839030394497
2002335N05166,Pongsona (2002),2002.0,2002-0826-MNP,nat-met-sto-tro,MNP,Oceania,0.0,0.0,0.0,0.0,300.0,0.0,0.0,0.0,0.0,55.8716960740501,Category 4,130.0,149.6,910.0,2002-12-01,2002-12-11,10.5,At Sea / Open Water,At Sea / Open Water,0.0,0.0,0.0,2002-12-02,1,0.007600253690323244,27.459999084472656,-0.02786530677761745,0.32755433577276705,-0.7089933237334729,-0.046415515950926856,0.8190762599397757,0.03758369334124125
2003021S10163,Beni (2003),2003.0,2003-0057-SLB,nat-met-sto-tro,SLB,Oceania,0.0,0.0,0.0,275.0,275.0,0.0,0.0,0.0,0.0,57.1400352670416,Category 4,125.0,143.8,916.0,2003-01-20,2003-02-05,15.2,Landfall,Tropical Depression,-10.8,162.3,0.0,2003-01-21,1,-0.04063198015088754,27.59000015258789,-0.02770764324024977,0.23976779999662115,-0.4903460381143431,-0.06718225237365927,0.5460562779959338,-0.004982223464150188
2003021S11081,Fari (2003),2003.0,2003-0065-MDG,nat-met-sto-tro,MDG,Africa,0.0,0.0,0.0,0.0,500.0,0.0,0.0,0.0,0.0,57.1400352670416,Tropical Storm,55.0,63.3,984.0,2003-01-21,2003-02-02,12.5,Landfall,Tropical Storm,-20.3,48.4667,55.0,2003-01-21,0,-0.04063198015088754,27.59000015258789,-0.02770764324024977,0.23976779999662115,-0.4903460381143431,-0.06718225237365927,0.5460562779959338,-0.004982223464150188
2003359S15177,Heta (2004),2004.0,2004-0004-NIU,nat-met-sto-tro,NIU,Oceania,0.0,1.0,2.0,200.0,702.0,0.0,0.0,40000.0,68178.0,58.6698092933412,Category 5,140.0,161.1,898.0,2003-12-25,2004-01-12,17.8,At Sea / Open Water,At Sea / Open Water,0.0,0.0,0.0,2003-12-26,1,0.004541899958330209,17.450000762939453,0.019922153244071206,0.07000084795773936,-0.9414991506228766,0.0,0.5796081232603142,-0.0071305506400261495
2003359S15177,Heta (2004),2004.0,2004-0004-WSM,nat-met-sto-tro,WSM,Oceania,0.0,1.0,0.0,0.0,0.0,0.0,0.0,0.0,0.0,58.6698092933412,Category 5,140.0,161.1,898.0,2003-12-25,2004-01-12,17.8,At Sea / Open Water,At Sea / Open Water,0.0,0.0,0.0,2003-12-26,1,0.004541899958330209,17.450000762939453,0.019922153244071206,0.07000084795773936,-0.9414991506228766,0.0,0.5796081232603142,-0.0071305506400261495
2004177N12154,Tingting (2004),2004.0,2004-0312-MNP,nat-met-sto-tro,MNP,Oceania,0.0,3.0,0.0,200.0,200.0,0.0,0.0,0.0,0.0,58.6698092933412,Category 1,80.0,92.1,963.0,2004-06-24,2004-07-13,18.2,At Sea / Open Water,At Sea / Open Water,0.0,0.0,0.0,2004-06-24,0,0.008587859896759253,14.8100004196167,0.019432148195073662,0.09830546835970662,-0.7515085484411665,0.0,0.7475829996704383,-0.006862216029357415
2005275N19274,Stan (2005),2005.0,2005-0567-MEX,nat-met-sto-tro,MEX,Americas,0.0,36.0,0.0,1954571.0,1954571.0,0.0,0.0,2500000.0,4121309.0,60.6603317527392,Category 1,70.0,80.6,977.0,2005-10-01,2005-10-05,3.8,Landfall,Tropical Storm,19.5456,-87.3758,36.0,2005-10-03,2,0.008389168487006993,12.460000038146973,0.0312593674339956,0.12905276977496224,2.5667870036101084,0.0,0.9630522889569197,-0.035677774650233696
2005275N19274,Stan (2005),2005.0,2005-0567-NIC,nat-met-sto-tro,NIC,Americas,0.0,3.0,0.0,7880.0,7880.0,0.0,0.0,0.0,0.0,60.6603317527392,Category 1,70.0,80.6,977.0,2005-10-01,2005-10-05,3.8,Landfall,Tropical Storm,19.5456,-87.3758,36.0,2005-10-03,2,0.008389168487006993,12.460000038146973,0.0312593674339956,0.12905276977496224,2.5667870036101084,0.0,0.9630522889569197,-0.035677774650233696
2005296N16293,Alpha (2005),2005.0,2005-0597-DOM,nat-met-sto-tro,DOM,Americas,0.0,9.0,0.0,1000.0,1000.0,0.0,0.0,0.0,0.0,60.6603317527392,Tropical Storm,45.0,51.8,998.0,2005-10-22,2005-10-24,2.2,Landfall,Tropical Storm,18.3,-71.3,45.0,2005-10-24,2,0.007136057057697931,14.739999771118164,-0.0022437207476171395,0.2516684171587861,-0.29468893140836083,-0.08387236589544078,1.2457742865488668,0.008513163209031125
2006025S18147,Jim (2006),2006.0,2006-0073-FJI,nat-met-sto-tro,FJI,Oceania,0.0,0.0,0.0,168.0,168.0,0.0,0.0,0.0,0.0,62.6171947810345,Category 1,80.0,92.1,963.0,2006-01-25,2006-02-03,9.0,At Sea / Open Water,At Sea / Open Water,0.0,0.0,0.0,2006-01-25,0,-0.009074525327004923,12.869999885559082,-0.0033735729639515766,0.12421788037800822,-0.518226487080178,-0.013657432475829179,0.6910524916774555,-0.017438394645348528
2006021S11053,Boloetse (2006),2006.0,2006-0089-MDG,nat-met-sto-tro,MDG,Africa,0.0,3.0,0.0,6112.0,6212.0,0.0,0.0,0.0,0.0,62.6171947810345,Category 3,100.0,115.1,944.0,2006-01-20,2006-02-06,17.0,Landfall,Tropical Depression,-20.5,48.2,30.0,2006-01-20,0,-0.02197182806996656,14.5600004196167,0.02282676083857238,0.11477430281802961,1.0054841897233202,-0.005775386280751915,0.7376502843823596,-0.024832117146953055
2006074S13158,Larry (2006),2006.0,2006-0139-AUS,nat-met-sto-tro,AUS,Oceania,0.0,0.0,30.0,0.0,7030.0,335000.0,534997.0,1180000.0,1884466.0,62.6171947810345,Category 4,115.0,132.3,937.0,2006-03-14,2006-03-21,7.0,Landfall,Category 3,-17.533,146.088,107.0,2006-03-14,0,0.017269613247868243,10.739999771118164,0.014543129871673388,0.10015800371081132,-0.5248191270183509,-0.021347943549531623,0.5593352721059079,-0.012577872503049259
2006081S14129,Glenda (2006),2006.0,2006-0155-AUS,nat-met-sto-tro,AUS,Oceania,0.0,0.0,0.0,500.0,500.0,0.0,0.0,0.0,0.0,62.6171947810345,Category 4,120.0,138.1,922.0,2006-03-22,2006-03-31,9.2,Landfall,Tropical Depression,-15.0458,128.964,15.0,2006-03-22,0,0.0010591566835591593,11.210000038146973,-0.014637275940709626,0.11227582218340534,1.1952107873527589,-0.029362468967776945,0.5815959169674275,-0.006352451224280027
2006188N10143,Bilis (2006),2006.0,2006-0362-TWN,nat-met-sto-tro,TWN,Asia,0.0,3.0,0.0,0.0,0.0,0.0,0.0,0.0,0.0,62.6171947810345,Tropical Storm,50.0,57.5,987.0,2006-07-07,2006-07-17,10.5,Landfall,Tropical Storm,26.4267,119.487,40.0,2006-07-07,0,-0.005185582454951154,13.970000267028809,0.010568301429131122,0.12510052690342302,-0.3862858133587621,-0.004288117936282698,0.7945200763087817,0.024005132651494114
2006198N08152,Kaemi (2006),2006.0,2006-0388-PHL,nat-met-sto-tro,PHL,Asia,0.0,4.0,0.0,200355.0,200355.0,0.0,0.0,471.0,752.0,62.6171947810345,Category 1,75.0,86.3,967.0,2006-07-17,2006-07-29,12.0,Landfall,Tropical Storm,23.05,120.725,55.0,2006-07-17,0,-0.02767049519632203,18.63999938964844,0.001835266702636229,0.10300647965546181,-0.4712727538029402,-0.005768089875296645,0.741911718759837,0.013881556821216397
2006216N07151,Saomai (2006),2006.0,2006-0437-CHN,nat-met-sto-tro,CHN,Asia,0.0,441.0,1350.0,5920000.0,5923350.0,0.0,0.0,2510000.0,4008484.0,62.6171947810345,Category 5,140.0,161.1,898.0,2006-08-04,2006-08-12,8.2,Landfall,Category 4,27.2,119.975,115.0,2006-08-04,0,0.0017189948369891184,14.34000015258789,0.002353320095931144,0.09581477614210755,0.01113473717904756,-0.0055459624760744175,0.6150288439394785,-0.00016127060255938068
2007043S11071,Favio (2007),2007.0,2007-0080-ZWE,nat-met-sto-tro,ZWE,Africa,0.0,0.0,0.0,0.0,0.0,0.0,0.0,1200.0,1863.0,64.4034636847652,Category 4,120.0,138.1,922.0,2007-02-11,2007-02-23,12.0,Landfall,Category 2,-21.6667,35.1,90.0,2007-02-12,1,-0.00966514221806325,11.609999656677246,0.010667259779384208,0.055412376535235036,-0.29164866571400083,-0.0036804599268389637,0.5483434929373481,0.0017093920534109741
2006364S12058,Clovis (2007),2007.0,2007-0032-MDG,nat-met-sto-tro,MDG,Africa,0.0,1.0,0.0,7313.0,7313.0,0.0,0.0,0.0,0.0,64.4034636847652,Category 1,65.0,74.8,976.0,2006-12-29,2007-01-04,6.2,Landfall,Tropical Storm,-20.7333,48.4333,60.0,2006-12-29,0,0.0,11.5600004196167,0.0005451520616859273,0.06729163065379382,-0.682453341069529,-0.006869315933653586,0.4456503707212484,-0.014609690340831495
2007084S12157,Becky (2007),2007.0,2007-0133-NZL,nat-met-sto-tro,NZL,Oceania,0.0,0.0,0.0,300.0,300.0,0.0,0.0,0.0,0.0,64.4034636847652,Category 1,70.0,80.6,970.0,2007-03-24,2007-03-29,5.0,At Sea / Open Water,At Sea / Open Water,0.0,0.0,0.0,2007-03-26,2,0.021397848178984713,13.15999984741211,0.03464383630618495,0.19934058922159004,0.16542644533485973,0.0,0.7892160296739541,0.021473233414896147
2007188N04148,Man-Yi (2007),2007.0,2007-0262-JPN,nat-met-sto-tro,JPN,Asia,0.0,5.0,12.0,40000.0,40012.0,67000.0,104032.0,60000.0,93163.0,64.4034636847652,Category 4,125.0,143.8,929.0,2007-07-06,2007-07-23,16.5,Landfall,Category 1,31.4521,130.839,81.0,2007-07-06,0,0.017289464183524617,14.720000267028809,0.015024539740053688,0.19557473669618455,-0.33842019091161846,-0.014342123638713566,1.149663884434843,0.008274766959265451
2007223N19136,Sepat (2007),2007.0,2007-0380-TWN,nat-met-sto-tro,TWN,Asia,0.0,0.0,12.0,0.0,1812.0,0.0,0.0,25000.0,38818.0,64.4034636847652,Category 5,140.0,161.1,918.0,2007-08-11,2007-08-24,13.2,Landfall,Category 3,23.55,121.025,100.0,2007-08-13,2,-0.006702753597439215,26.56999969482422,0.001788475349285168,0.30171428703958375,-0.29991694579572314,-0.047144611721445906,1.1824121505634466,-0.004632989105004604
2007244N12303,Felix (2007),2007.0,2007-0439-GTM,nat-met-sto-tro,GTM,Americas,0.0,0.0,0.0,3905.0,3905.0,0.0,0.0,0.0,0.0,64.4034636847652,Category 5,150.0,172.6,929.0,2007-08-31,2007-09-06,6.2,Landfall,Category 5,14.3,-83.2,140.0,2007-08-31,0,-0.004988696038124574,23.3799991607666,-0.025498356595099914,0.2374395279501237,-0.08024916943521598,-0.045263803528628466,1.0599045001371412,0.02432606602210522
2007244N12303,Felix (2007),2007.0,2007-0439-NIC,nat-met-sto-tro,NIC,Americas,0.0,177.0,0.0,188726.0,188726.0,0.0,0.0,0.0,0.0,64.4034636847652,Category 5,150.0,172.6,929.0,2007-08-31,2007-09-06,6.2,Landfall,Category 5,14.3,-83.2,140.0,2007-08-31,0,-0.004988696038124574,23.3799991607666,-0.025498356595099914,0.2374395279501237,-0.08024916943521598,-0.045263803528628466,1.0599045001371412,0.02432606602210522
2007274N18131,Krosa (2007),2007.0,2007-0552-CHN,nat-met-sto-tro,CHN,Asia,0.0,0.0,0.0,0.0,0.0,0.0,0.0,1077788.0,1673494.0,64.4034636847652,Category 4,130.0,149.6,926.0,2007-10-01,2007-10-14,12.8,Landfall,Category 3,24.9597,121.582,102.0,2007-10-01,0,0.01720609821943353,17.84000015258789,-0.0032121784911924856,0.1540324577158058,0.4107690784915372,-0.011566914516504267,0.9851128013293025,0.007798058975118615
2007314N10093,Sidr (2007),2007.0,2007-0556-IND,nat-met-sto-tro,IND,Asia,0.0,0.0,0.0,0.0,0.0,0.0,0.0,0.0,0.0,64.4034636847652,Category 5,140.0,161.1,918.0,2007-11-10,2007-11-16,5.9,Landfall,Category 3,22.5429,90.3714,100.0,2007-11-12,2,-0.04231916599310148,31.09000015258789,-0.02784324497582369,0.2157760114905333,-0.17721657374002409,-0.02944662060676273,0.7800403916789537,0.014237866319739997
2007242N13264,Henriette (2007),2007.0,2007-0671-MEX,nat-met-sto-tro,MEX,Americas,0.0,6.0,0.0,0.0,0.0,0.0,0.0,0.0,0.0,64.4034636847652,Category 1,75.0,86.3,972.0,2007-08-30,2007-09-06,7.0,Landfall,Category 1,23.1,-109.6,70.0,2007-08-30,0,-0.002525530550080868,25.059999465942383,-0.017526280842404707,0.2676989065481821,-0.6182261334386223,-0.04328533640879828,1.101149447008737,0.009134472139101485
2008150N10274,Alma (2008),2008.0,2008-0234-NIC,nat-met-sto-tro,NIC,Americas,0.0,13.0,0.0,25000.0,25000.0,0.0,0.0,0.0,0.0,66.8759741789087,Tropical Storm,55.0,63.3,994.0,2008-05-29,2008-05-30,1.5,Landfall,Tropical Storm,12.4446,-87.0324,52.0,2008-05-29,0,0.003656037107015342,18.13999938964844,0.006777787705613214,0.14349752979108707,-0.2984798284934711,0.0,0.4923275684258453,-0.0017816212975145474
2008203N18276,Dolly (2008),2008.0,2008-0304-GTM,nat-met-sto-tro,GTM,Americas,0.0,17.0,0.0,0.0,0.0,0.0,0.0,0.0,0.0,66.8759741789087,Category 2,85.0,97.8,963.0,2008-07-20,2008-07-27,6.5,Landfall,Tropical Storm,20.8,-87.0,45.0,2008-07-21,1,0.02713509003764214,23.049999237060547,-0.024141738458923534,0.21142975607131842,0.37500563952176846,-0.05060574587275557,0.45436214414537623,-0.029823328044489443
2008245N17323,Ike (2008),2008.0,2008-0384-HTI,nat-met-sto-tro,HTI,Americas,0.0,74.0,50.0,125000.0,125050.0,0.0,0.0,0.0,0.0,66.8759741789087,Category 4,125.0,143.8,935.0,2008-09-01,2008-09-15,14.2,Landfall,Category 3,21.0,-73.2,110.0,2008-09-02,1,0.007636362239721528,21.989999771118164,-0.006675545823562223,0.1270741869526134,0.7967437429635402,-0.025923058603246285,0.30027879132587554,-0.04418535153156666
2008241N19303,Hanna (2008),2008.0,2008-0378-HTI,nat-met-sto-tro,HTI,Americas,128898.0,529.0,0.0,48000.0,48000.0,0.0,0.0,0.0,0.0,66.8759741789087,Category 1,75.0,86.3,977.0,2008-08-28,2008-09-08,11.5,Landfall,Tropical Storm,34.5805,-78.498,54.0,2008-08-28,0,0.018701073929630496,19.43000030517578,0.01299772402181154,0.1556203593581156,-0.5623586626139818,0.0,0.34862493141916523,-0.057866465900069
2008245N17323,Ike (2008),2008.0,2008-0384-CUB,nat-met-sto-tro,CUB,Americas,0.0,7.0,0.0,0.0,0.0,0.0,0.0,1500000.0,2242958.0,66.8759741789087,Category 4,125.0,143.8,935.0,2008-09-01,2008-09-15,14.2,Landfall,Category 3,21.0,-73.2,110.0,2008-09-02,1,0.007636362239721528,21.989999771118164,-0.006675545823562223,0.1270741869526134,0.7967437429635402,-0.025923058603246285,0.30027879132587554,-0.04418535153156666
2010240N15142,Kompasu (2010),2010.0,2010-0479-KOR,nat-met-sto-tro,KOR,Asia,0.0,12.0,0.0,41500.0,41500.0,0.0,0.0,0.0,0.0,67.7310945291778,Category 3,105.0,120.8,944.0,2010-08-27,2010-09-06,9.8,Landfall,Category 1,38.1,127.15,65.0,2010-08-27,0,-0.006230633514645478,24.450000762939453,0.021988901381573278,0.1491029796543656,0.2217312639235911,-0.004475744917170177,0.767623040751271,-0.013535029002397423
2010256N17137,Fanapi (2010),2010.0,2010-0484-CHN,nat-met-sto-tro,CHN,Asia,0.0,75.0,0.0,1000000.0,1000000.0,0.0,0.0,298285.0,440396.0,67.7310945291778,Category 3,105.0,120.8,944.0,2010-09-13,2010-09-21,8.5,Landfall,Category 2,23.3179,121.103,90.0,2010-09-13,0,0.016502859778690482,21.209999084472656,-0.0022134454026517814,0.14820394537729625,-0.07658414547627046,-0.0022134454026517814,0.7228338616010154,-0.012504134134371825
2010267N14285,Matthew (2010),2010.0,2010-0503-GTM,nat-met-sto-tro,GTM,Americas,0.0,0.0,0.0,0.0,0.0,0.0,0.0,0.0,0.0,67.7310945291778,Tropical Storm,50.0,57.5,998.0,2010-09-23,2010-09-26,3.2,Landfall,Tropical Storm,14.7,-83.3,50.0,2010-09-23,0,0.0004624960932075872,23.8700008392334,0.0018448460529596478,0.15142340952655178,0.28331172369731483,-0.011493914386638493,0.7105638428258904,0.003270902231250818
2010247N15266,Hermine (2010),2010.0,2010-0522-USA,nat-met-sto-tro,USA,Americas,0.0,8.0,0.0,0.0,0.0,0.0,0.0,240000.0,354342.0,67.7310945291778,Tropical Storm,60.0,69.0,989.0,2010-09-03,2010-09-10,6.2,Landfall,Tropical Depression,16.2,-95.2,30.0,2010-09-03,0,0.03771262994190283,21.309999465942383,0.015414054668333455,0.16085673252513344,-0.4603977352864137,0.0,0.7443678566179951,-0.014497643764182937
2011020S13182,Wilma (2011),2011.0,2011-0091-TON,nat-met-sto-tro,TON,Oceania,86.0,3.0,0.0,7600.0,7600.0,0.0,0.0,3000.0,4294.0,69.869263508865,Category 4,115.0,132.3,937.0,2011-01-20,2011-01-30,10.8,At Sea / Open Water,At Sea / Open Water,0.0,0.0,0.0,2011-01-20,0,-0.003888565679986744,17.989999771118164,0.011384817927347912,0.05946321866866884,1.054921710903189,0.0,0.5362902816724068,-0.00487055738343758
2011250N20266,Nate (2011),2011.0,2011-0460-MEX,nat-met-sto-tro,MEX,Americas,0.0,10.0,0.0,0.0,0.0,0.0,0.0,0.0,0.0,69.869263508865,Category 1,65.0,74.8,994.0,2011-09-06,2011-09-12,5.2,Landfall,Tropical Storm,20.5,-97.0,40.0,2011-09-06,0,-0.036009047198214406,37.0,-0.01545298410167173,0.2789943669054151,-0.22147660041327044,-0.022425029752611736,0.6547912691193496,0.0006313365135479409
2011253N20145,Roke (2011),2011.0,2011-0352-JPN,nat-met-sto-tro,JPN,Asia,0.0,13.0,308.0,0.0,308.0,1210000.0,1731806.0,1820000.0,2604865.0,69.869263508865,Category 4,115.0,132.3,937.0,2011-09-09,2011-09-24,15.0,Landfall,Category 1,34.85,137.825,75.0,2011-09-09,0,-0.04150809344577722,38.52000045776367,-0.025838811585685684,0.2188114822634659,0.3190175425444186,-0.03216244292603243,0.6485383641322656,0.011703937967992295
2011245N27269,Lee (2011),2011.0,2011-0456-USA,nat-met-sto-tro,USA,Americas,0.0,15.0,0.0,600.0,600.0,560000.0,801497.0,750000.0,1073433.0,69.869263508865,Tropical Storm,50.0,57.5,986.0,2011-09-02,2011-09-06,4.8,Landfall,Tropical Storm,29.6,-92.1,40.0,2011-09-02,0,-0.0010169258324508323,33.91999816894531,0.008787773934537002,0.34548051733896823,-0.2882469912712927,-0.01770420128489547,0.6537242354112686,-6.229501399535129e-05
2011360N09088,Thane (2011),2011.0,2011-0566-IND,nat-met-sto-tro,IND,Asia,1350.0,47.0,0.0,0.0,250000.0,0.0,0.0,375625.0,537611.0,69.869263508865,Category 2,90.0,103.6,956.0,2011-12-25,2011-12-30,5.0,Landfall,Tropical Storm,11.5799,79.536,57.0,2011-12-27,2,0.051542158425848195,21.90999984741211,0.052800294830982475,0.17631059421141626,-0.5166780934211703,0.0,0.5794525106665764,-0.031866401090486655
2012018S16041,Funso (2012),2012.0,2012-0005-MDG,nat-met-sto-tro,MDG,Africa,0.0,0.0,0.0,300.0,300.0,0.0,0.0,0.0,0.0,71.3150877335761,Category 4,115.0,132.3,937.0,2012-01-17,2012-02-01,15.2,At Sea / Open Water,At Sea / Open Water,0.0,0.0,0.0,2012-01-17,0,0.010310931908989573,22.200000762939453,-0.005988146371114889,0.1352999703335787,0.4662602434121883,-0.03807974310889839,0.5949545737549418,-0.020939293869370986
2012176N26272,Debby (2012),2012.0,2012-0176-USA,nat-met-sto-tro,USA,Americas,0.0,9.0,1.0,17000.0,17001.0,200000.0,280446.0,210000.0,294468.0,71.3150877335761,Tropical Storm,55.0,63.3,990.0,2012-06-23,2012-06-27,4.0,Landfall,Tropical Depression,29.4,-82.7,30.0,2012-06-25,2,-0.022916746577697045,20.3799991607666,-0.023738909073945824,0.09285228747443777,0.029443037485259227,-0.023738909073945824,0.3437847792917309,0.01487395368583871
2012201N15129,Vicente (2012),2012.0,2012-0259-CHN,nat-met-sto-tro,CHN,Asia,0.0,8.0,0.0,58500.0,58500.0,0.0,0.0,329000.0,461333.0,71.3150877335761,Category 4,115.0,132.3,937.0,2012-07-18,2012-07-25,6.8,Landfall,Category 3,22.0342,112.828,100.0,2012-07-18,0,0.02392672975525234,16.15999984741211,0.015151323622021762,0.0885731412821981,0.322506138921981,0.0,0.3029075615287332,-0.004474519819750504
2012225N16133,Kai-Tak (2012),2012.0,2012-0294-VNM,nat-met-sto-tro,VNM,Asia,0.0,17.0,14.0,59320.0,60479.0,0.0,0.0,6800.0,9535.0,71.3150877335761,Category 1,65.0,74.8,974.0,2012-08-11,2012-08-18,7.0,Landfall,Tropical Storm,18.3933,121.531,55.0,2012-08-13,2,0.008236386077828062,13.699999809265137,-0.007148412678076421,0.11260174770710421,-0.3994846175735922,-0.01909494318099758,0.3729250581649345,-0.012828618065952702
2012301N11087,Nilam (2012),2012.0,2012-0425-IND,nat-met-sto-tro,IND,Asia,0.0,40.0,0.0,70000.0,70000.0,0.0,0.0,0.0,0.0,71.3150877335761,Tropical Storm,50.0,57.5,985.0,2012-10-27,2012-11-01,5.5,Landfall,Tropical Storm,12.7,79.8,50.0,2012-10-31,4,-0.014364221630522311,18.600000381469727,-0.002972132556414264,0.09109066550935398,1.333389544688027,-0.0136327875103881,0.4297627952394292,-0.04816089634978805
2012263N15141,Jelawat (2012),2012.0,2012-0451-JPN,nat-met-sto-tro,JPN,Asia,0.0,2.0,180.0,18045.0,18225.0,0.0,0.0,27400.0,38421.0,71.3150877335761,Category 5,140.0,161.1,918.0,2012-09-19,2012-10-03,14.0,Landfall,Tropical Storm,33.45,135.8,60.0,2012-09-19,0,0.015998248509548896,13.880000114440918,-0.0011025638602728538,0.09345077479207231,2.272634870992963,-0.016019646482914318,0.5293742508777102,0.023750700815109677
2012331N03157,Bopha (2012),2012.0,2012-0500-PLW,nat-met-sto-tro,PLW,Oceania,0.0,0.0,0.0,0.0,1250.0,0.0,0.0,0.0,0.0,71.3150877335761,Category 5,150.0,172.6,911.0,2012-11-25,2012-12-09,13.8,Landfall,Category 4,7.63461,126.575,132.0,2012-11-26,1,0.034318071058592414,15.5,0.004656694791654203,0.1311424969286597,0.3117730496453901,-0.06449873181107268,0.36612509845320645,0.015763716443300116
2013187N20156,Soulik (2013),2013.0,2013-0249-TWN,nat-met-sto-tro,TWN,Asia,0.0,3.0,54.0,0.0,54.0,0.0,0.0,43500.0,60116.0,72.3597374789251,Category 4,125.0,143.8,929.0,2013-07-06,2013-07-14,8.5,Landfall,Category 1,24.8148,121.461,78.0,2013-07-08,2,0.022004517597647766,14.779999732971191,-0.005314761124885381,0.18889717244682996,0.06532452230930796,-0.014720900462675046,0.7531594771855566,0.029864204364155305
2013238N19266,Fernand (2013),2013.0,2013-0335-MEX,nat-met-sto-tro,MEX,Americas,0.0,14.0,0.0,5000.0,5000.0,0.0,0.0,2000.0,2764.0,72.3597374789251,Tropical Storm,50.0,57.5,1001.0,2013-08-25,2013-08-26,1.2,Landfall,Tropical Storm,19.7,-96.6,45.0,2013-08-26,1,0.007464318858240393,14.989999771118164,0.00429848729593596,0.11487058904969408,-0.46158947445984555,-0.05582205448576638,0.9373869493431904,-0.004552275646404674
2013210N13122,Jebi (2013),2013.0,2013-0341-CHN,nat-met-sto-tro,CHN,Asia,0.0,0.0,0.0,5000.0,5000.0,0.0,0.0,20000.0,27640.0,72.3597374789251,Tropical Storm,60.0,69.0,978.0,2013-07-28,2013-08-03,5.8,Landfall,Tropical Depression,12.8151,121.396,0.0,2013-07-29,1,-0.005368794198056026,13.390000343322754,0.0017785430057251084,0.13316097357288617,0.2379032258064515,-0.0007605644806197853,0.88679693798403,-0.014649852041121575
2013257N15259,Manuel (2013),2013.0,2013-0358-MEX,nat-met-sto-tro,MEX,Americas,0.0,169.0,0.0,105000.0,105000.0,685000.0,946659.0,4200000.0,5804333.0,72.3597374789251,Category 1,65.0,74.8,983.0,2013-09-13,2013-09-19,6.2,Landfall,Tropical Storm,18.2,-103.2,60.0,2013-09-13,0,0.019814614666420205,14.15999984741211,0.006219701827382629,0.11776628978226239,-0.05038688788482992,-0.011948862063414945,0.7916568451117412,0.007872021474208827
2013281N12098,Phailin (2013),2013.0,2013-0401-IND,nat-met-sto-tro,IND,Asia,0.0,47.0,0.0,13230000.0,13230000.0,0.0,0.0,633471.0,875447.0,72.3597374789251,Category 5,140.0,161.1,918.0,2013-10-07,2013-10-14,6.8,Landfall,Category 3,19.5,84.85,100.0,2013-10-07,0,-0.0034521265816565005,19.40999984741211,-0.010703610660881768,0.15503986906218808,-0.46475541382688257,-0.03430469665622793,0.8250211724099646,0.008130166703701668
2013255N19268,Ingrid (2013),2013.0,2013-0406-MEX,nat-met-sto-tro,MEX,Americas,0.0,23.0,0.0,50000.0,50000.0,230000.0,317856.0,1500000.0,2072976.0,72.3597374789251,Category 1,75.0,86.3,983.0,2013-09-12,2013-09-17,5.0,Landfall,Tropical Storm,23.7,-97.8,55.0,2013-09-12,0,0.018016265121713282,14.289999961853027,0.005719133067262128,0.1201948937670636,1.1451645996717126,-0.027646294087644185,0.8437600176715637,0.022672886891193397
2013243N26122,Toraji (2013),2013.0,2013-0413-JPN,nat-met-sto-tro,JPN,Asia,0.0,1.0,19.0,4317.0,4336.0,0.0,0.0,2000.0,2764.0,72.3597374789251,Tropical Storm,50.0,57.5,985.0,2013-08-31,2013-09-05,5.2,Landfall,Tropical Depression,25.14,121.688,0.0,2013-09-03,3,-0.009698720665267335,16.610000610351562,-0.01364372982335138,0.11144505846920404,0.8200784647668866,-0.0644510208445701,0.8745318049809948,-0.009458776393694666
2013269N15118,Wutip (2013),2013.0,2013-0419-VNM,nat-met-sto-tro,VNM,Asia,0.0,31.0,330.0,1835255.0,1835585.0,0.0,0.0,663230.0,916573.0,72.3597374789251,Category 3,100.0,115.1,948.0,2013-09-25,2013-10-01,5.2,Landfall,Category 1,17.8267,105.833,75.0,2013-09-25,0,-0.018411457591685942,14.010000228881836,-0.015236114094490882,0.15608053007021097,-0.5301656057863733,-0.015236114094490882,0.8680822496660696,-0.005493288041132531
2013272N10135,Fitow (2013),2013.0,2013-0429-JPN,nat-met-sto-tro,JPN,Asia,0.0,0.0,0.0,4392.0,4392.0,0.0,0.0,0.0,0.0,72.3597374789251,Category 2,90.0,103.6,956.0,2013-09-29,2013-10-07,8.0,Landfall,Tropical Storm,27.1133,120.287,55.0,2013-09-30,1,-0.011298771458907009,16.600000381469727,-0.016061429913518777,0.15641117994445006,-0.37641424217414754,-0.023856435998025338,0.9191336822966242,-0.007530644844129771
2018227N11145,Soulik (2018),2018.0,2018-0309-CHN,nat-met-sto-tro,CHN,Asia,0.0,0.0,0.0,0.0,0.0,0.0,0.0,79900.0,102439.0,77.9972651879547,Category 3,105.0,120.8,942.0,2018-08-15,2018-08-30,15.2,Landfall,Tropical Storm,34.55,126.25,50.0,2018-08-15,0,-0.012891484142609322,14.640000343322754,0.012835503189893238,0.10033194379754702,0.13328825120545695,0.0,-0.3992441975667335,0.003983614422825351
2014275N06166,Vongfong (2014),2014.0,2014-0396-JPN,nat-met-sto-tro,JPN,Asia,0.0,9.0,94.0,1104.0,1198.0,0.0,0.0,100000.0,135992.0,73.5335770092672,Category 5,155.0,178.4,907.0,2014-10-01,2014-10-16,14.8,Landfall,Tropical Storm,31.375,130.35,50.0,2014-10-01,0,-0.026107445156661635,16.709999084472656,0.009058245429360401,0.1279018603846316,1.112869602722001,-0.02082711486731126,0.5603732303517961,0.019619700746796146
2014334N02156,Hagupit (2014),2014.0,2014-0479-PHL,nat-met-sto-tro,PHL,Asia,8139.0,18.0,916.0,4149484.0,4150400.0,0.0,0.0,113878.0,154865.0,73.5335770092672,Category 5,155.0,178.4,907.0,2014-11-30,2014-12-12,12.2,Landfall,Category 3,11.9,125.325,100.0,2014-12-01,1,-0.004451277123523556,14.15999984741211,0.008534056963602099,0.15465984956720083,0.2889484899204797,-0.010094245785733369,0.485158555746826,0.0012504864841283297
2015171N15112,Kujira (2015),2015.0,2015-0252-VNM,nat-met-sto-tro,VNM,Asia,0.0,7.0,0.0,0.0,115.0,0.0,0.0,0.0,0.0,73.6208029365864,Tropical Storm,50.0,57.5,985.0,2015-06-19,2015-06-25,5.2,Landfall,Tropical Storm,18.9,110.35,40.0,2015-06-19,0,0.008692006186345358,13.960000038146973,0.015025906202554173,0.1228107397361199,0.5500098501616586,-0.031204918562128148,0.9255319417223926,-0.019023405041601316
2015066S08170,Pam (2015),2015.0,2015-0093-PNG,nat-met-sto-tro,PNG,Oceania,0.0,0.0,0.0,9199.0,9199.0,0.0,0.0,0.0,0.0,73.6208029365864,Category 5,150.0,172.6,911.0,2015-03-07,2015-03-20,12.8,At Sea / Open Water,At Sea / Open Water,0.0,0.0,0.0,2015-03-09,2,-0.017123544913469013,15.0600004196167,-0.020062915933782066,0.2156437171902827,-0.5266945150744642,-0.07707039118678971,0.6948055402015236,0.01675000069703318
2015066S08170,Pam (2015),2015.0,2015-0093-SLB,nat-met-sto-tro,SLB,Oceania,0.0,0.0,0.0,44096.0,44096.0,0.0,0.0,0.0,0.0,73.6208029365864,Category 5,150.0,172.6,911.0,2015-03-07,2015-03-20,12.8,At Sea / Open Water,At Sea / Open Water,0.0,0.0,0.0,2015-03-09,2,-0.017123544913469013,15.0600004196167,-0.020062915933782066,0.2156437171902827,-0.5266945150744642,-0.07707039118678971,0.6948055402015236,0.01675000069703318
2015085N06162,Maysak (2015),2015.0,2015-0105-CHN,nat-met-sto-tro,CHN,Asia,0.0,6.0,0.0,12000.0,12000.0,0.0,0.0,209000.0,283887.0,73.6208029365864,Category 5,150.0,172.6,911.0,2015-03-25,2015-04-07,12.2,Landfall,Tropical Depression,16.7863,121.977,25.0,2015-03-25,0,-0.01796785820711133,15.4399995803833,-0.022351562081003862,0.21164516763487912,-0.4032874633848229,-0.02266172043746728,0.7504868904614128,0.011130648306793807
2015068S14113,Olwyn (2015),2015.0,2015-0135-AUS,nat-met-sto-tro,AUS,Oceania,0.0,0.0,0.0,600.0,600.0,49000.0,66557.0,57000.0,77424.0,73.6208029365864,Category 2,90.0,103.6,956.0,2015-03-08,2015-03-14,6.1,Landfall,Category 1,-26.145,113.895,65.0,2015-03-09,1,-0.017123544913469013,15.0600004196167,-0.020062915933782066,0.2156437171902827,-0.5266945150744642,-0.07707039118678971,0.6948055402015236,0.01675000069703318
2015211N13162,Soudelor (2015),2015.0,2015-0339-MNP,nat-met-sto-tro,MNP,Oceania,0.0,0.0,10.0,350.0,360.0,0.0,0.0,0.0,0.0,73.6208029365864,Category 5,155.0,178.4,907.0,2015-07-29,2015-08-12,13.5,Landfall,Category 2,23.9,120.9,95.0,2015-07-29,0,-0.002838811346240422,12.5,0.006987813894254957,0.15457860400339643,0.6360243329051647,-0.012562763342207295,0.6123448354564353,0.011055146263610132
2015237N14315,Erika (2015),2015.0,2015-0375-HTI,nat-met-sto-tro,HTI,Americas,0.0,5.0,3.0,0.0,1969.0,0.0,0.0,0.0,0.0,73.6208029365864,Tropical Storm,45.0,51.8,1001.0,2015-08-24,2015-08-28,3.8,At Sea / Open Water,At Sea / Open Water,0.0,0.0,0.0,2015-08-24,0,-0.10014723751926946,40.7400016784668,-0.053068227372071064,0.18934296582039775,2.832057818487505,-0.054719772241871745,0.5461197870017266,-0.044302010181922355
2015263N14148,Dujuan (2015),2015.0,2015-0458-JPN,nat-met-sto-tro,JPN,Asia,0.0,0.0,0.0,0.0,0.0,0.0,0.0,0.0,0.0,73.6208029365864,Category 4,130.0,149.6,926.0,2015-09-19,2015-09-30,10.5,Landfall,Category 3,24.125,121.05,100.0,2015-09-21,2,0.007506676979835092,20.13999938964844,0.02761933920106352,0.2556684414576367,0.047571841482932475,-0.01290718426970594,0.5905160088281802,0.028229214483377122
2015301N11065,Chapala (2015),2015.0,2015-0484-SOM,nat-met-sto-tro,SOM,Africa,0.0,0.0,0.0,4000.0,4000.0,0.0,0.0,0.0,0.0,73.6208029365864,Category 4,130.0,149.6,926.0,2015-10-27,2015-11-04,7.5,Landfall,Tropical Storm,14.1,48.4,60.0,2015-10-27,0,0.01718280489631585,15.43000030517578,-0.01534673872392689,0.15210458878898905,-0.12976411180874925,-0.024674784248756798,0.5984897236972806,-0.020426531919960907
2016041S14170,Winston (2016),2016.0,2016-0041-TON,nat-met-sto-tro,TON,Oceania,0.0,0.0,0.0,0.0,0.0,0.0,0.0,0.0,0.0,74.5496029864344,Category 5,155.0,178.4,907.0,2016-02-09,2016-02-28,18.8,Landfall,Category 5,-17.4667,177.804,147.0,2016-02-09,0,-0.024873356523503642,26.540000915527344,0.011291689884322276,0.17073896857832843,0.41645324700534125,-0.0010725373526188076,0.5299530419717317,-0.03868466607499822
2016138N10081,Roanu (2016),2016.0,2016-0175-BGD,nat-met-sto-tro,BGD,Asia,0.0,28.0,0.0,1083855.0,1203555.0,0.0,0.0,600000.0,804833.0,74.5496029864344,Tropical Storm,60.0,69.0,978.0,2016-05-17,2016-05-22,5.0,Landfall,Tropical Storm,23.0,92.0,40.0,2016-05-17,0,-0.01727030855879208,15.56999969482422,-0.011188140356519716,0.1647295081934654,0.3224567993422789,-0.020552446215458042,0.2365386312206826,-0.009041406324550099
2016266N11144,Megi (2016),2016.0,2016-0350-TWN,nat-met-sto-tro,TWN,Asia,0.0,7.0,160.0,0.0,160.0,0.0,0.0,110000.0,147553.0,74.5496029864344,Category 4,120.0,138.1,933.0,2016-09-22,2016-09-29,7.8,Landfall,Category 2,23.8963,121.035,90.0,2016-09-22,0,0.013921332427239363,12.020000457763672,0.045014830209580525,0.2171305326098203,-0.5235771006024907,0.0,0.8981383391535359,-0.022026811481005493
2016228N22117,Dianmu (2016),2016.0,2016-0379-CHN,nat-met-sto-tro,CHN,Asia,0.0,0.0,0.0,40000.0,40000.0,0.0,0.0,0.0,0.0,74.5496029864344,Tropical Storm,45.0,51.8,989.0,2016-08-15,2016-08-20,4.8,Landfall,Tropical Depression,20.6784,110.11,27.0,2016-08-15,0,0.004769267560806423,11.8100004196167,-0.011634758272598855,0.11290938071660221,-0.06596583054255656,-0.05003803394987649,0.033630859261582526,0.00567281376511635
2023140N05149,Mawar (2023),2023.0,2023-0300-PHL,nat-met-sto-tro,PHL,Asia,0.0,1.0,1.0,30500.0,30501.0,0.0,0.0,0.0,0.0,94.6446220103845,Category 5,159.0,183.0,897.0,2023-05-20,2023-06-03,14.2,At Sea / Open Water,At Sea / Open Water,0.0,0.0,0.0,2023-05-22,2,0.013994856779278475,17.209999084472656,-0.029782952777017258,0.1504368353310725,-0.27989169592949614,-0.05393413717271178,0.5711027353461144,-0.02896338023389594
2016323N13279,Otto (2016),2016.0,2016-0433-NIC,nat-met-sto-tro,NIC,Americas,0.0,0.0,0.0,10570.0,10570.0,0.0,0.0,0.0,0.0,74.5496029864344,Category 3,100.0,115.1,975.0,2016-11-17,2016-11-26,8.8,Landfall,Category 3,11.0,-83.8,100.0,2016-11-17,0,0.009543159820688984,13.350000381469728,0.004543597072181216,0.21874338914301583,-0.6385811149135785,-0.06069204229275704,0.8753731443727567,0.00561022186266176
2017253N14130,Doksuri (2017),2017.0,2017-0406-PHL,nat-met-sto-tro,PHL,Asia,0.0,26.0,0.0,7465.0,9110.0,0.0,0.0,5300.0,6961.0,76.1376037057766,Category 2,95.0,109.3,960.0,2017-09-10,2017-09-16,6.2,Landfall,Tropical Depression,14.4994,121.278,30.0,2017-09-11,1,0.005527694612103895,10.729999542236328,0.01879593428903248,0.06685352081277131,-0.104457479567297,0.0,0.1725531296262967,-0.023183034717597892
2017082S14152,Debbie (2017),2017.0,2017-0105-AUS,nat-met-sto-tro,AUS,Oceania,0.0,12.0,0.0,45000.0,45000.0,1400000.0,1838776.0,2700000.0,3546211.0,76.1376037057766,Category 4,115.0,132.3,937.0,2017-03-23,2017-04-01,8.8,Landfall,Category 1,-20.375,148.45,80.0,2017-03-23,0,-0.014390610740387721,13.119999885559082,0.01525863069962008,0.1382108527498063,0.20487067768736256,-0.0030853609984516916,0.03895459002122158,-0.011788062610391496
2017147N14087,Mora (2017),2017.0,2017-0152-MMR,nat-met-sto-tro,MMR,Asia,0.0,0.0,0.0,107520.0,107520.0,0.0,0.0,0.0,0.0,76.1376037057766,Category 1,80.0,92.1,963.0,2017-05-27,2017-05-30,3.5,Landfall,Category 1,21.8988,91.9716,67.0,2017-05-30,3,0.008266338907300108,10.380000114440918,0.019798230939379158,0.06769585321533068,-0.19114830383196435,0.0,0.13616406900884748,0.0068760902352342805
2017236N15129,Pakhar (2017),2017.0,2017-0485-MAC,nat-met-sto-tro,MAC,Asia,0.0,0.0,0.0,0.0,0.0,0.0,0.0,0.0,0.0,76.1376037057766,Tropical Storm,60.0,69.0,983.0,2017-08-24,2017-08-28,4.0,Landfall,Tropical Storm,16.3866,121.754,40.0,2017-08-24,0,0.003702465763476326,12.229999542236328,0.014396407847409698,0.06761343841631363,-0.2164844857809587,-0.0007272703182065188,0.2135004326740439,-0.0028808700028739166
2017232N19130,Hato (2017),2017.0,2017-0352-CHN,nat-met-sto-tro,CHN,Asia,0.0,8.0,373.0,0.0,22273.0,250000.0,328353.0,3500000.0,4596940.0,76.1376037057766,Category 3,100.0,115.1,948.0,2017-08-19,2017-08-25,5.5,Landfall,Category 2,22.175,112.85,85.0,2017-08-21,2,-0.014764198245264426,13.1899995803833,0.012026240431927349,0.07744333712837569,-0.5218045621332792,0.0,0.22275830167592223,0.008340546338630543
2017228N14314,Harvey (2017),2017.0,2017-0362-USA,nat-met-sto-tro,USA,Americas,0.0,88.0,24.0,555000.0,582024.0,30000000.0,39402343.0,95000000.0,124774087.0,76.1376037057766,Category 4,115.0,132.3,937.0,2017-08-16,2017-09-02,17.2,Landfall,Tropical Depression,18.6,-87.8,25.0,2017-08-16,0,-0.0012537696700782863,11.739999771118164,0.012618064870071777,0.08424135094919125,-0.19434716793565443,0.0,0.2059459351284398,0.009864775875064777
2017242N16333,Irma (2017),2017.0,2017-0381-AIA,nat-met-sto-tro,AIA,Americas,0.0,4.0,0.0,15000.0,15000.0,6700.0,8800.0,200000.0,262682.0,76.1376037057766,Category 5,155.0,178.4,914.0,2017-08-30,2017-09-13,14.5,Landfall,Category 3,25.9,-81.7,100.0,2017-08-30,0,0.00592896952370392,11.220000267028809,-0.0007272703182065188,0.06728005620175652,-0.18381278117593636,-0.005068865162909719,0.1653299131704243,0.0019692332074669316
2017242N16333,Irma (2017),2017.0,2017-0381-CUB,nat-met-sto-tro,CUB,Americas,0.0,10.0,0.0,10000000.0,10000000.0,200000.0,262682.0,540000.0,709242.0,76.1376037057766,Category 5,155.0,178.4,914.0,2017-08-30,2017-09-13,14.5,Landfall,Category 3,25.9,-81.7,100.0,2017-08-30,0,0.00592896952370392,11.220000267028809,-0.0007272703182065188,0.06728005620175652,-0.18381278117593636,-0.005068865162909719,0.1653299131704243,0.0019692332074669316
2017242N16333,Irma (2017),2017.0,2017-0381-SXM,nat-met-sto-tro,SXM,Americas,0.0,4.0,40.0,5000.0,5040.0,500000.0,656706.0,2500000.0,3283529.0,76.1376037057766,Category 5,155.0,178.4,914.0,2017-08-30,2017-09-13,14.5,Landfall,Category 3,25.9,-81.7,100.0,2017-08-30,0,0.00592896952370392,11.220000267028809,-0.0007272703182065188,0.06728005620175652,-0.18381278117593636,-0.005068865162909719,0.1653299131704243,0.0019692332074669316
2017260N12310,Maria (2017),2017.0,2017-0383-DOM,nat-met-sto-tro,DOM,Americas,0.0,5.0,0.0,26000.0,26000.0,0.0,0.0,63000.0,82745.0,76.1376037057766,Category 5,150.0,172.6,908.0,2017-09-16,2017-10-02,16.0,Landfall,Category 4,18.0,-65.9,135.0,2017-09-18,2,0.007019417295161201,10.149999618530272,-0.021971812295164872,0.0979275609753643,0.5660053906219034,-0.021971812295164872,0.14969805725314766,-0.008199642699812201
2017249N22263,Katia (2017),2017.0,2017-0392-MEX,nat-met-sto-tro,MEX,Americas,0.0,3.0,0.0,1110.0,1110.0,0.0,0.0,0.0,0.0,76.1376037057766,Category 2,90.0,103.6,972.0,2017-09-05,2017-09-09,4.0,Landfall,Category 1,20.6,-97.1,65.0,2017-09-05,0,0.006092180599663433,12.229999542236328,-0.005431012029633919,0.06420528401972282,0.14832268472061672,-0.005431012029633919,0.13735963629660175,-0.002955503509208595
2017253N14130,Doksuri (2017),2017.0,2017-0406-THA,nat-met-sto-tro,THA,Asia,0.0,0.0,0.0,28500.0,28500.0,0.0,0.0,0.0,0.0,76.1376037057766,Category 2,95.0,109.3,960.0,2017-09-10,2017-09-16,6.2,Landfall,Tropical Depression,14.4994,121.278,30.0,2017-09-11,1,0.005527694612103895,10.729999542236328,0.01879593428903248,0.06685352081277131,-0.104457479567297,0.0,0.1725531296262967,-0.023183034717597892
2017236N15129,Pakhar (2017),2017.0,2017-0485-PHL,nat-met-sto-tro,PHL,Asia,0.0,0.0,0.0,3400.0,3400.0,0.0,0.0,0.0,0.0,76.1376037057766,Tropical Storm,60.0,69.0,983.0,2017-08-24,2017-08-28,4.0,Landfall,Tropical Storm,16.3866,121.754,40.0,2017-08-24,0,0.003702465763476326,12.229999542236328,0.014396407847409698,0.06761343841631363,-0.2164844857809587,-0.0007272703182065188,0.2135004326740439,-0.0028808700028739166
2017333N06082,Ockhi (2017),2017.0,2017-0508-IND,nat-met-sto-tro,IND,Asia,0.0,884.0,0.0,60000.0,60000.0,0.0,0.0,0.0,0.0,76.1376037057766,Category 3,100.0,115.1,948.0,2017-11-28,2017-12-05,7.0,Landfall,Tropical Depression,6.1,80.6667,30.0,2017-11-28,0,0.017692829303877833,10.029999732971191,0.013299898766558682,0.0964254036004568,-0.011450833521669423,-0.00861607145222687,0.034415562419317286,-0.01777870561381974
2018010S10069,Berguitta (2018),2018.0,2018-0029-MUS,nat-met-sto-tro,MUS,Africa,0.0,0.0,0.0,30000.0,30000.0,0.0,0.0,0.0,0.0,77.9972651879547,Category 3,105.0,120.8,950.0,2018-01-10,2018-01-24,14.2,At Sea / Open Water,At Sea / Open Water,0.0,0.0,0.0,2018-01-10,0,0.013495136334922941,9.81999969482422,-0.02008484798629706,0.12361429347000746,-0.2521109770808203,-0.07778964052265414,0.25270755558963665,-0.01645305604149175
2018146N19273,Alberto (2018),2018.0,2018-0170-CUB,nat-met-sto-tro,CUB,Americas,0.0,9.0,0.0,40000.0,40000.0,0.0,0.0,0.0,0.0,77.9972651879547,Tropical Storm,55.0,63.3,990.0,2018-05-25,2018-05-31,6.0,Landfall,Tropical Storm,30.3,-86.0,40.0,2018-05-25,0,0.00302207963306822,13.220000267028809,0.030822528065743482,0.13313991598264144,0.17452414820835882,-0.020558518747787802,0.22326287922993995,-0.015919345252906714
2018199N18128,Ampil (2018),2018.0,2018-0287-CHN,nat-met-sto-tro,CHN,Asia,0.0,1.0,0.0,18000.0,18000.0,0.0,0.0,240000.0,307703.0,77.9972651879547,Tropical Storm,55.0,63.3,982.0,2018-07-17,2018-07-26,8.8,Landfall,Tropical Storm,31.825,121.825,55.0,2018-07-17,0,0.005629510345311228,12.0600004196167,0.00826579155006213,0.14486888149935906,-0.5922586880420229,-0.013541619974414054,-0.26986716518240594,-0.00557627131506995
2018221N17112,Bebinca (2018),2018.0,2018-0305-CHN,nat-met-sto-tro,CHN,Asia,0.0,2.0,0.0,0.0,300.0,0.0,0.0,188000.0,241034.0,77.9972651879547,Tropical Storm,60.0,69.0,979.0,2018-08-09,2018-08-17,8.8,Landfall,Tropical Depression,21.6512,112.222,20.0,2018-08-09,0,0.009490562807761949,11.270000457763672,0.009675613659910542,0.09694440871720186,-0.4979672563454566,-0.002249865748468416,-0.4069765628624235,0.0177240234923592
2018239N11161,Jebi (2018),2018.0,2018-0326-JPN,nat-met-sto-tro,JPN,Asia,0.0,17.0,600.0,3300.0,3900.0,9000000.0,11538866.0,12500000.0,16026203.0,77.9972651879547,Category 5,155.0,178.4,907.0,2018-08-26,2018-09-07,11.5,Landfall,Category 2,33.7833,134.593,90.0,2018-08-27,1,0.014387155024826015,12.15999984741211,-0.017117341660536134,0.09839153041592734,0.29343262381718294,-0.02054274017381008,-0.41286066011031075,0.005847800555723859
2018362S13147,Penny (2019),2019.0,2018-0469-MHL,nat-met-sto-tro,MHL,Oceania,0.0,0.0,0.0,0.0,0.0,0.0,0.0,0.0,0.0,79.4107846043372,Tropical Storm,55.0,63.3,987.0,2018-12-28,2019-01-09,12.5,Landfall,Tropical Depression,-13.2863,143.334,25.0,2018-12-28,0,0.008199975705832419,28.34000015258789,-0.022409004967309687,0.2171208383139964,-0.4596220767839113,-0.06413641581581597,0.21810692499102224,-0.013786668274936274
2018279N11069,Luban (2018),2018.0,2018-0394-OMN,nat-met-sto-tro,OMN,Asia,0.0,0.0,0.0,0.0,0.0,0.0,0.0,0.0,0.0,77.9972651879547,Category 2,85.0,97.8,959.0,2018-10-05,2018-10-15,9.2,Landfall,Tropical Storm,15.85,52.15,35.0,2018-10-05,0,-0.00997571812010345,14.81999969482422,0.0186134684127921,0.15925353242783855,0.9698717865615722,-0.008753412788381043,0.1057040298409249,-0.008320144306820154
2018271N06154,Kong-Rey (2018),2018.0,2018-0424-JPN,nat-met-sto-tro,JPN,Asia,0.0,3.0,0.0,4200.0,4200.0,0.0,0.0,0.0,0.0,77.9972651879547,Category 5,150.0,172.6,906.0,2018-09-27,2018-10-07,10.0,Landfall,Tropical Storm,34.775,128.25,60.0,2018-09-27,0,-0.005361752767640282,12.40999984741211,-0.017885679705768265,0.14014992999202394,-0.07621319711470997,-0.0440660507359234,0.0707569048893132,0.01822673226860501
2020015S12170,Tino (2020),2020.0,2020-0015-TUV,nat-met-sto-tro,TUV,Oceania,0.0,0.0,0.0,5500.0,5500.0,0.0,0.0,0.0,0.0,80.3903830082114,Category 2,85.0,97.8,955.0,2020-01-15,2020-01-20,5.5,At Sea / Open Water,At Sea / Open Water,0.0,0.0,0.0,2020-01-15,0,0.011527426588770817,12.420000076293944,0.031465202163144745,0.08710224461790658,0.24679391589621225,0.0,-0.09233587066512214,0.035747899871411644
2019112S10053,Kenneth (2019),2019.0,2019-0165-TZA,nat-met-sto-tro,TZA,Africa,0.0,0.0,0.0,2000000.0,2000000.0,0.0,0.0,0.0,0.0,79.4107846043372,Category 4,125.0,143.8,934.0,2019-04-21,2019-04-28,6.5,Landfall,Category 3,-12.1612,40.4524,97.0,2019-04-22,1,0.0003789024494165183,12.420000076293944,-0.016663736038784016,0.09485202889917511,-0.32907839714691145,-0.02917216558194413,0.09033749395923647,0.007963997793051592
2021222N14301,Fred (2021),2021.0,2021-0510-HTI,nat-met-sto-tro,HTI,Americas,0.0,0.0,0.0,0.0,0.0,0.0,0.0,0.0,0.0,84.1669829572524,Tropical Storm,55.0,63.3,991.0,2021-08-09,2021-08-20,10.5,Landfall,Tropical Storm,18.4,-70.1,40.0,2021-08-09,0,0.01037501204145208,16.719999313354492,0.014289761915338373,0.14020786528711346,-0.2842871814022967,-0.0008891849188613632,0.556104654153284,0.018678689605895193
2019195N13136,Danas (2019),2019.0,2019-0349-PHL,nat-met-sto-tro,PHL,Asia,0.0,4.0,0.0,2000.0,2000.0,0.0,0.0,377440.0,475301.0,79.4107846043372,Tropical Storm,45.0,51.8,984.0,2019-07-14,2019-07-23,9.2,Landfall,Tropical Depression,36.0031,126.732,22.0,2019-07-15,1,0.013240163708826413,12.68000030517578,0.0013166638011912202,0.11347319708170844,-0.007740332547620521,-0.0026225023463718466,0.08712015545388528,-0.009199019908615614
2019236N08143,Podul (2019),2019.0,2019-0434-PHL,nat-met-sto-tro,PHL,Asia,0.0,2.0,2.0,61500.0,61502.0,0.0,0.0,0.0,0.0,79.4107846043372,Tropical Storm,40.0,46.0,993.0,2019-08-24,2019-08-31,6.8,Landfall,Tropical Depression,16.275,120.425,25.0,2019-08-26,2,-0.014812027032495623,19.31999969482422,0.00679931087557728,0.12659282528773314,-0.0971828017423072,0.0,0.3416372307599679,0.02086950593573758
2019260N20129,Tapah (2019),2019.0,2019-0443-KOR,nat-met-sto-tro,KOR,Asia,0.0,2.0,0.0,83370.0,83370.0,0.0,0.0,0.0,0.0,79.4107846043372,Category 1,65.0,74.8,967.0,2019-09-17,2019-09-23,6.5,At Sea / Open Water,At Sea / Open Water,0.0,0.0,0.0,2019-09-17,0,0.009358483686652486,14.4399995803833,0.015340483118316817,0.11547083048209876,-0.09593593489148577,-0.0032940292988669073,0.3328731829234848,0.029095826603081534
2019272N14261,Narda (2019),2019.0,2019-0450-MEX,nat-met-sto-tro,MEX,Americas,0.0,2.0,0.0,1000.0,1000.0,0.0,0.0,0.0,0.0,79.4107846043372,Tropical Storm,45.0,51.8,997.0,2019-09-28,2019-10-01,2.8,Landfall,Tropical Storm,18.0,-102.0,40.0,2019-09-30,2,-0.004828648363179755,16.239999771118164,0.013462460534309217,0.10557072949016545,0.23011250752131507,-0.0029263256900313728,0.2919990051945536,0.0002325952545498694
2019278N16165,Hagibis (2019),2019.0,2019-0492-JPN,nat-met-sto-tro,JPN,Asia,0.0,99.0,470.0,390000.0,390470.0,10000000.0,12592748.0,17000000.0,21407672.0,79.4107846043372,Category 5,160.0,184.1,890.0,2019-10-04,2019-10-14,10.2,Landfall,Category 1,35.575,139.425,75.0,2019-10-04,0,-0.0035546551289766803,17.040000915527344,0.0010816961338242503,0.10218862632136316,0.11849074319281594,-0.00246415616567075,0.3394421145262117,-0.015349000466461659
2019329N09160,Kammuri (2019),2019.0,2019-0573-PHL,nat-met-sto-tro,PHL,Asia,0.0,4.0,318.0,2305075.0,2647558.0,0.0,0.0,109151.0,137451.0,79.4107846043372,Category 4,120.0,138.1,938.0,2019-11-24,2019-12-06,12.0,Landfall,Category 4,13.0068,124.094,117.0,2019-11-25,1,0.004326384247790527,11.869999885559082,-0.0030167075225007167,0.1124194221292645,0.23697455550973867,-0.022723811415948814,0.07073366505602183,0.0011806618147053693
2023037S12119,Freddy (2023),2023.0,2023-0095-MOZ,nat-met-sto-tro,MOZ,Africa,0.0,183.0,698.0,1230691.0,1231389.0,0.0,0.0,0.0,0.0,94.6446220103845,Category 5,138.0,158.8,924.0,2023-02-06,2023-02-24,18.0,Landfall,Category 2,-21.1,48.3,89.0,2023-02-06,0,0.023066069229040975,19.43000030517578,-0.0013124340375326726,0.14734637805400552,1.0187777135145555,-0.04980590389522621,0.698732825176664,-0.010516624238057874
2020015S12170,Tino (2020),2020.0,2020-0015-FJI,nat-met-sto-tro,FJI,Oceania,0.0,2.0,0.0,3115.0,3115.0,0.0,0.0,0.0,0.0,80.3903830082114,Category 2,85.0,97.8,955.0,2020-01-15,2020-01-20,5.5,At Sea / Open Water,At Sea / Open Water,0.0,0.0,0.0,2020-01-15,0,0.011527426588770817,12.420000076293944,0.031465202163144745,0.08710224461790658,0.24679391589621225,0.0,-0.09233587066512214,0.035747899871411644
2020154N19269,Cristobal (2020),2020.0,2020-0219-MEX,nat-met-sto-tro,MEX,Americas,0.0,0.0,0.0,606.0,606.0,0.0,0.0,0.0,0.0,80.3903830082114,Tropical Storm,50.0,57.5,982.0,2020-06-01,2020-06-12,10.5,Landfall,Tropical Storm,18.5797,-91.9762,48.0,2020-06-01,0,0.034219927469697264,28.229999542236328,0.06940491052374331,0.2653908405593433,0.22127695276449377,0.0,1.064692227619181,-0.021269906186466278
2020213N15131,Hagupit (2020),2020.0,2020-0308-KOR,nat-met-sto-tro,KOR,Asia,0.0,26.0,7.0,1000.0,1007.0,0.0,0.0,0.0,0.0,80.3903830082114,Category 1,75.0,86.3,971.0,2020-07-30,2020-08-12,12.5,Landfall,Tropical Storm,28.2375,120.864,62.0,2020-07-30,0,0.0030966143894732845,24.760000228881836,0.0008240377548140998,0.17481191372065177,-0.33444277824512636,0.0,0.6592799829251874,-0.026537262324201873
2020213N15131,Hagupit (2020),2020.0,2020-0308-TWN,nat-met-sto-tro,TWN,Asia,0.0,1.0,1.0,0.0,1.0,0.0,0.0,0.0,0.0,80.3903830082114,Category 1,75.0,86.3,971.0,2020-07-30,2020-08-12,12.5,Landfall,Tropical Storm,28.2375,120.864,62.0,2020-07-30,0,0.0030966143894732845,24.760000228881836,0.0008240377548140998,0.17481191372065177,-0.33444277824512636,0.0,0.6592799829251874,-0.026537262324201873
2020281N14126,Linfa (2020),2020.0,2020-0411-THA,nat-met-sto-tro,THA,Asia,0.0,6.0,0.0,274923.0,274923.0,0.0,0.0,0.0,0.0,80.3903830082114,Tropical Storm,40.0,46.0,999.0,2020-10-06,2020-10-12,5.5,Landfall,Tropical Depression,13.8,124.257,0.0,2020-10-06,0,0.007702249721075027,29.479999542236328,0.0530160260556769,0.17033392911125383,0.7778886731251153,0.0,0.44414082733132754,0.0035648680122017835
2020285N17120,Nangka (2020),2020.0,2020-0425-CHN,nat-met-sto-tro,CHN,Asia,0.0,6.0,0.0,0.0,0.0,0.0,0.0,14000.0,17415.0,80.3903830082114,Tropical Storm,50.0,57.5,989.0,2020-10-11,2020-10-14,3.6,Landfall,Tropical Storm,19.075,110.475,50.0,2020-10-12,1,0.03729113426762898,25.06999969482422,0.03954431772812561,0.15490869988291664,-0.3219035367444557,0.0,0.45427533993000835,0.006856380152918609
2020285N17120,Nangka (2020),2020.0,2020-0425-VNM,nat-met-sto-tro,VNM,Asia,0.0,2.0,0.0,67855.0,70780.0,0.0,0.0,0.0,0.0,80.3903830082114,Tropical Storm,50.0,57.5,989.0,2020-10-11,2020-10-14,3.6,Landfall,Tropical Storm,19.075,110.475,50.0,2020-10-12,1,0.03729113426762898,25.06999969482422,0.03954431772812561,0.15490869988291664,-0.3219035367444557,0.0,0.45427533993000835,0.006856380152918609
2020258N11127,Noul (2020),2020.0,2020-0462-KHM,nat-met-sto-tro,KHM,Asia,0.0,0.0,0.0,0.0,0.0,0.0,0.0,0.0,0.0,80.3903830082114,Tropical Storm,50.0,57.5,990.0,2020-09-14,2020-09-19,5.0,Landfall,Tropical Depression,12.5451,124.595,10.0,2020-09-14,0,-0.011997887317812594,25.850000381469727,0.006232121618460429,0.17764179070029565,-0.41531395108431446,-0.01076332876748165,0.43589339310219505,-0.013404425934873452
2020299N11144,Goni (2020),2020.0,2020-0463-PHL,nat-met-sto-tro,PHL,Asia,0.0,31.0,399.0,3355995.0,3356394.0,0.0,0.0,503294.0,626062.0,80.3903830082114,Category 5,170.0,195.6,884.0,2020-10-25,2020-11-06,12.0,Landfall,Category 5,13.5767,124.313,150.0,2020-10-26,1,-0.0076606943553768625,32.459999084472656,0.02001254387835627,0.11476045898620857,-0.21951659587264594,-0.000308856735068086,0.4993207839359149,-0.001619231212567327
2020306N15288,Eta (2020),2020.0,2020-0474-CRI,nat-met-sto-tro,CRI,Americas,0.0,0.0,0.0,25000.0,25000.0,0.0,0.0,0.0,0.0,80.3903830082114,Category 4,130.0,149.6,922.0,2020-10-31,2020-11-14,13.2,Landfall,Category 4,13.8,-83.5,120.0,2020-11-02,2,-0.027078157723650742,37.130001068115234,-0.015139918154680965,0.1754420791189753,0.44061609000539415,-0.015444098824058616,0.5866129545667224,-0.01864885867478326
2020306N15288,Eta (2020),2020.0,2020-0474-GTM,nat-met-sto-tro,GTM,Americas,0.0,160.0,30.0,2415858.0,2415888.0,0.0,0.0,386000.0,480157.0,80.3903830082114,Category 4,130.0,149.6,922.0,2020-10-31,2020-11-14,13.2,Landfall,Category 4,13.8,-83.5,120.0,2020-11-02,2,-0.027078157723650742,37.130001068115234,-0.015139918154680965,0.1754420791189753,0.44061609000539415,-0.015444098824058616,0.5866129545667224,-0.01864885867478326
2020306N15288,Eta (2020),2020.0,2020-0474-HND,nat-met-sto-tro,HND,Americas,0.0,110.0,0.0,4566584.0,4566584.0,0.0,0.0,0.0,0.0,80.3903830082114,Category 4,130.0,149.6,922.0,2020-10-31,2020-11-14,13.2,Landfall,Category 4,13.8,-83.5,120.0,2020-11-02,2,-0.027078157723650742,37.130001068115234,-0.015139918154680965,0.1754420791189753,0.44061609000539415,-0.015444098824058616,0.5866129545667224,-0.01864885867478326
2020326N11063,Gati (2020),2020.0,2020-0487-SOM,nat-met-sto-tro,SOM,Africa,0.0,9.0,0.0,120000.0,120000.0,0.0,0.0,0.0,0.0,80.3903830082114,Category 3,100.0,115.1,967.0,2020-11-20,2020-11-24,4.0,Landfall,Category 1,10.385,51.0137,77.0,2020-11-20,0,-0.007735127240363737,23.700000762939453,-0.038583659535555426,0.2250787825371205,-0.29221874430195105,-0.04823253131432115,0.5678244447715498,-0.021771325590749836
2020318N16289,Iota (2020),2020.0,2020-0495-SLV,nat-met-sto-tro,SLV,Americas,0.0,1.0,0.0,0.0,0.0,0.0,0.0,0.0,0.0,80.3903830082114,Category 4,135.0,155.4,917.0,2020-11-12,2020-11-18,6.0,Landfall,Category 4,13.6,-83.5,125.0,2020-11-12,0,0.008480181888621097,25.350000381469727,0.018204511185143657,0.20416977735207875,0.6818354839937575,-0.01608824493679195,0.5218253318326935,-0.035938640370760805
2021012S12086,Eloise (2021),2021.0,2021-0036-ZAF,nat-met-sto-tro,ZAF,Africa,0.0,4.0,0.0,3200.0,3200.0,0.0,0.0,0.0,0.0,84.1669829572524,Category 2,90.0,103.6,968.0,2021-01-11,2021-01-27,16.0,Landfall,Tropical Storm,-15.1785,50.5321,47.0,2021-01-11,0,0.02684446109580141,24.079999923706055,0.010307457433188949,0.19004342380509814,-0.34058573430559846,-0.015151667455995499,0.6760551986453377,0.01626593827108842
2021058S16149,Niran (2021),2021.0,2021-0125-AUS,nat-met-sto-tro,AUS,Oceania,0.0,0.0,0.0,6000.0,6000.0,0.0,0.0,155000.0,184158.0,84.1669829572524,Category 5,140.0,161.1,917.0,2021-02-27,2021-03-07,8.8,At Sea / Open Water,At Sea / Open Water,0.0,0.0,0.0,2021-03-01,2,0.006588426431389349,23.350000381469727,-0.00930071854744563,0.1690958040327249,-0.11727729279719568,-0.06195933263934594,0.6578023475917749,0.027856542106877262
2021102N06144,Surigae (2021),2021.0,2021-0236-PHL,nat-met-sto-tro,PHL,Asia,0.0,9.0,0.0,15000.0,15000.0,0.0,0.0,20000.0,23762.0,84.1669829572524,Category 5,170.0,195.6,882.0,2021-04-11,2021-04-30,19.2,At Sea / Open Water,At Sea / Open Water,0.0,0.0,0.0,2021-04-12,1,0.012993415099296746,16.90999984741211,0.0030920505436546897,0.12057658307048175,-0.5151153024084785,-0.0021531038329495322,0.5058829126665636,0.026284651974308758
2021133N10071,Tauktae (2021),2021.0,2021-0252-IND,nat-met-sto-tro,IND,Asia,0.0,198.0,153.0,700000.0,700153.0,0.0,0.0,1400000.0,1663360.0,84.1669829572524,Category 4,120.0,138.1,931.0,2021-05-13,2021-05-19,6.0,Landfall,Category 3,20.9,71.2,110.0,2021-05-13,0,-0.020974973068370373,23.1299991607666,-0.003797170243509451,0.16853332238852814,0.21099830940468722,-0.03145303733828275,0.5080317949434531,-0.002684652298205522
2021143N15090,Yaas (2021),2021.0,2021-0295-IND,nat-met-sto-tro,IND,Asia,0.0,19.0,0.0,1625000.0,1625000.0,0.0,0.0,3000000.0,3564343.0,84.1669829572524,Category 1,65.0,74.8,974.0,2021-05-23,2021-05-27,4.8,Landfall,Tropical Storm,21.5,86.9,55.0,2021-05-24,1,0.008784070211383277,18.399999618530273,0.010249196951989337,0.16057301655331319,-0.2300987103964337,-0.01019190731375974,0.4781866373178624,-0.019952467969204062
2021161N18115,Koguma (2021),2021.0,2021-0327-VNM,nat-met-sto-tro,VNM,Asia,0.0,1.0,0.0,750.0,750.0,0.0,0.0,10000.0,11881.0,84.1669829572524,Tropical Storm,35.0,40.3,996.0,2021-06-10,2021-06-13,3.2,Landfall,Tropical Depression,18.375,110.025,25.0,2021-06-10,0,0.011557627892819555,16.100000381469727,0.007176679925124496,0.11877178878529396,-0.29749611932239994,-0.003023218760449864,0.3708376938886764,-0.0008383273271364712
2021176N15259,Enrique (2021),2021.0,2021-0359-MEX,nat-met-sto-tro,MEX,Americas,0.0,2.0,0.0,621.0,621.0,0.0,0.0,50000.0,59406.0,84.1669829572524,Category 1,80.0,92.1,972.0,2021-06-25,2021-06-30,5.2,At Sea / Open Water,At Sea / Open Water,0.0,0.0,0.0,2021-06-25,0,0.02817421126231867,15.619999885559082,0.0058799950365080456,0.15082452520217013,-0.49352269136746874,-0.029692873319028035,0.6135222890942046,-0.009600066084556009
2021182N09317,Elsa (2021),2021.0,2021-0373-CUB,nat-met-sto-tro,CUB,Americas,0.0,0.0,0.0,0.0,0.0,0.0,0.0,0.0,0.0,84.1669829572524,Category 1,75.0,86.3,991.0,2021-06-30,2021-07-10,9.5,Landfall,Tropical Storm,22.2,-81.6,55.0,2021-06-30,0,0.012920187131781002,15.829999923706056,-0.002051750611875569,0.1590074832923381,-0.2567169529034068,-0.041067233223804234,0.6329265987796306,0.016173029120999917
2021182N09317,Elsa (2021),2021.0,2021-0373-USA,nat-met-sto-tro,USA,Americas,0.0,1.0,9.0,0.0,9.0,0.0,0.0,1200000.0,1425737.0,84.1669829572524,Category 1,75.0,86.3,991.0,2021-06-30,2021-07-10,9.5,Landfall,Tropical Storm,22.2,-81.6,55.0,2021-06-30,0,0.012920187131781002,15.829999923706056,-0.002051750611875569,0.1590074832923381,-0.2567169529034068,-0.041067233223804234,0.6329265987796306,0.016173029120999917
2021197N17135,In-Fa (2021),2021.0,2021-0498-CHN,nat-met-sto-tro,CHN,Asia,0.0,5.0,0.0,72000.0,72000.0,0.0,0.0,2000000.0,2376229.0,84.1669829572524,Category 2,95.0,109.3,951.0,2021-07-15,2021-07-31,15.5,Landfall,Tropical Storm,30.7487,121.072,37.0,2021-07-15,0,0.008888151366809094,17.010000228881836,0.01689404138721584,0.15876819125729355,0.39299956125383906,0.0,0.6482495523347491,-0.01218507316386713
2021225N15313,Grace (2021),2021.0,2021-0528-MEX,nat-met-sto-tro,MEX,Americas,0.0,13.0,0.0,0.0,0.0,0.0,0.0,500000.0,594057.0,84.1669829572524,Category 3,105.0,120.8,967.0,2021-08-13,2021-08-21,8.2,Landfall,Tropical Storm,17.7,-71.4,35.0,2021-08-13,0,0.007751653114851154,15.449999809265137,0.018235883178275625,0.13007297737683585,0.1789928402863885,0.0,0.5969995951307422,0.02162763121952642
2021239N17281,Ida (2021),2021.0,2021-0551-USA,nat-met-sto-tro,USA,Americas,0.0,96.0,0.0,14000.0,14000.0,36000000.0,42772116.0,65000000.0,77227433.0,84.1669829572524,Category 4,130.0,149.6,929.0,2021-08-26,2021-09-04,9.2,Landfall,Category 1,22.4,-83.2,70.0,2021-08-26,0,0.01455043785823329,18.84000015258789,-0.007673296930533757,0.1050162861752389,-0.4000721422645457,-0.019877039825096365,0.534705146122056,0.014019201612966244
2021276N07131,Lionrock (2021),2021.0,2021-0664-HKG,nat-met-sto-tro,HKG,Asia,0.0,1.0,14.0,140.0,154.0,0.0,0.0,0.0,0.0,84.1669829572524,Tropical Storm,45.0,51.8,989.0,2021-10-02,2021-10-10,8.0,Landfall,Tropical Depression,10.0,125.0,15.0,2021-10-04,2,-0.03162845924554003,22.959999084472656,0.006058741923477662,0.1463847548950204,0.8547426021649513,-0.06518106560929282,0.3320763142074045,-0.018121148108008155
2021280N14137,Kompasu (2021),2021.0,2021-0670-HKG,nat-met-sto-tro,HKG,Asia,0.0,1.0,21.0,0.0,21.0,0.0,0.0,0.0,0.0,84.1669829572524,Tropical Storm,60.0,69.0,979.0,2021-10-07,2021-10-14,7.5,Landfall,Tropical Storm,19.0803,110.077,47.0,2021-10-07,0,0.022183718697240895,19.540000915527344,0.021446620950396955,0.13684132561864706,0.014648559828461583,-0.03953143011501126,0.29505692289835866,0.0069189143973279925
2024123S09045,Hidaya (2024),2024.0,2024-0969-TZA,nat-met-sto-tro,TZA,Africa,0.0,5.0,0.0,7775.0,7775.0,0.0,0.0,185000.0,189868.0,97.436175616134,Category 1,80.0,92.1,974.0,2024-05-01,2024-05-04,3.0,Landfall,Tropical Storm,-7.68016,39.2101,49.0,2024-05-01,0,-0.010011685912197255,15.390000343322754,0.01153727290391271,0.1607111617887999,0.6217629272400198,0.0,0.28379072500295777,0.03133146353482481
2021296N13260,Rick (2021),2021.0,2021-0702-MEX,nat-met-sto-tro,MEX,Americas,0.0,0.0,0.0,150.0,150.0,0.0,0.0,10000.0,11881.0,84.1669829572524,Category 2,90.0,103.6,977.0,2021-10-22,2021-10-25,3.2,Landfall,Category 2,18.1,-102.1,85.0,2021-10-22,0,0.0162604409446796,15.43000030517578,0.023903491139484645,0.16475374228974063,-0.2770923979136827,0.0,0.4087632757797795,-0.010585397603581586
2022024S16044,Ana (2022),2022.0,2022-0052-MOZ,nat-met-sto-tro,MOZ,Africa,0.0,38.0,207.0,185429.0,185636.0,0.0,0.0,0.0,0.0,90.9026974595266,Tropical Storm,50.0,57.5,993.0,2022-01-23,2022-01-25,2.0,Landfall,Tropical Storm,-16.2274,39.6422,47.0,2022-01-24,1,-0.0535376093014478,29.899999618530273,-0.017579445401170513,0.10764310941144017,0.7697989381575066,-0.047499319990818134,0.3224388164027165,0.008311731587674953
2022181N15115,Chaba (2022),2022.0,2022-0397-CHN,nat-met-sto-tro,CHN,Asia,0.0,24.0,0.0,0.0,0.0,0.0,0.0,463000.0,509336.0,90.9026974595266,Category 1,74.0,85.2,969.0,2022-06-29,2022-07-02,2.8,Landfall,Tropical Storm,21.5826,111.003,60.0,2022-06-29,0,0.015892479932857917,28.15999984741211,0.04662754042855588,0.2735242295725716,0.061128954384197076,-0.06941199373574791,0.49401324500780297,-0.0012871530358670741
2022179N08310,Bonnie (2022),2022.0,2022-0400-SLV,nat-met-sto-tro,SLV,Americas,0.0,1.0,0.0,100.0,100.0,0.0,0.0,0.0,0.0,90.9026974595266,Category 3,100.0,115.1,964.0,2022-06-27,2022-07-11,13.2,Landfall,Tropical Storm,10.7,-61.6,35.0,2022-06-27,0,0.062127671706705856,26.950000762939453,0.08103464669089,0.28416271064206794,-0.46030318066098763,-0.06956699040323144,0.4988305422710259,0.006067646425592613
2022287N13112,Sonca (2022),2022.0,2022-0676-VNM,nat-met-sto-tro,VNM,Asia,0.0,19.0,110.0,436868.0,436978.0,0.0,0.0,65000.0,71505.0,90.9026974595266,Tropical Storm,35.0,40.3,998.0,2022-10-14,2022-10-15,1.0,Landfall,Tropical Depression,15.5375,108.162,30.0,2022-10-14,0,-0.0142231630329267,32.02000045776367,-0.02525084804752664,0.31597879111314914,-0.06784958782739026,-0.17089120687138504,0.7634810829415456,-0.01690188766983977
2023196N17119,Talim (2023),2023.0,2023-0450-PHL,nat-met-sto-tro,PHL,Asia,0.0,2.0,0.0,450.0,450.0,0.0,0.0,0.0,0.0,94.6446220103845,Category 1,70.0,80.6,971.0,2023-07-14,2023-07-18,3.8,Landfall,Category 1,21.2931,110.212,67.0,2023-07-14,0,0.024467099688047833,13.34000015258789,0.022327700742066803,0.1563873817767919,-0.21335835828072403,-0.003874336866623196,0.3739906970762419,0.021669655996980935
2023061S22036,Freddy (2023),2023.0,2023-0095-MWI,nat-met-sto-tro,MWI,Africa,0.0,1209.0,2186.0,2267458.0,2269644.0,0.0,0.0,506710.0,535382.0,94.6446220103845,Category 3,99.0,113.9,957.0,2023-03-02,2023-03-14,11.8,Landfall,Category 2,-17.8,37.1,89.0,2023-03-02,0,-0.007113353305867598,19.59000015258789,-0.021775079970243305,0.1944087150078599,0.43360458923883294,-0.06084207373722561,0.6621020474300184,0.015161219998072965
2023058S13171,Judy (2023),2023.0,2023-0119-VUT,nat-met-sto-tro,VUT,Oceania,0.0,0.0,0.0,251346.0,251346.0,0.0,0.0,0.0,0.0,94.6446220103845,Category 3,109.0,125.4,941.0,2023-02-27,2023-03-04,5.8,At Sea / Open Water,At Sea / Open Water,0.0,0.0,0.0,2023-02-27,0,-0.023400112504609938,20.950000762939453,-0.03387862385861795,0.16644182268745822,-0.006976574072380837,-0.046136191384284375,0.6551650803945539,-0.004905601328571544
2023061S14162,Kevin (2023),2023.0,2023-0128-VUT,nat-met-sto-tro,VUT,Oceania,0.0,0.0,0.0,251356.0,251356.0,0.0,0.0,0.0,0.0,94.6446220103845,Category 4,134.0,154.2,918.0,2023-03-01,2023-03-07,5.5,At Sea / Open Water,At Sea / Open Water,0.0,0.0,0.0,2023-03-01,0,-0.009534921899713056,20.579999923706055,-0.044965650333338436,0.1775961973039416,0.7673138892419495,-0.07828724756735628,0.6444871243501108,0.025241687928664314
2023140N05149,Mawar (2023),2023.0,2023-0300-GUM,nat-met-sto-tro,GUM,Oceania,0.0,2.0,0.0,100000.0,100000.0,0.0,0.0,4300000.0,4543312.0,94.6446220103845,Category 5,159.0,183.0,897.0,2023-05-20,2023-06-03,14.2,At Sea / Open Water,At Sea / Open Water,0.0,0.0,0.0,2023-05-22,2,0.013994856779278475,17.209999084472656,-0.029782952777017258,0.1504368353310725,-0.27989169592949614,-0.05393413717271178,0.5711027353461144,-0.02896338023389594
2023170N11323,Bret (2023),2023.0,2023-0360-BRB,nat-met-sto-tro,BRB,Americas,0.0,0.0,0.0,179.0,179.0,0.0,0.0,0.0,0.0,94.6446220103845,Tropical Storm,60.0,69.0,996.0,2023-06-19,2023-06-24,5.5,At Sea / Open Water,At Sea / Open Water,0.0,0.0,0.0,2023-06-20,1,0.011535279477939975,13.880000114440918,0.0036321513854482568,0.12339418284990718,0.12554316117627584,-0.011728130730247588,0.3469167659457673,-0.003593966075140217
2023203N14132,Doksuri (2023),2023.0,2023-0464-TWN,nat-met-sto-tro,TWN,Asia,0.0,1.0,68.0,0.0,68.0,0.0,0.0,10000.0,10566.0,94.6446220103845,Category 4,128.0,147.3,926.0,2023-07-21,2023-07-28,6.8,Landfall,Category 2,24.7901,118.563,83.0,2023-07-21,0,0.006454696523574777,13.600000381469728,0.02408365244924826,0.17221898021479334,0.8114327404661434,0.0,0.33023907102710925,-0.02420368241546603
2023236N20125,Saola (2023),2023.0,2023-0568-CHN,nat-met-sto-tro,CHN,Asia,0.0,1.0,2.0,0.0,2.0,0.0,0.0,690000.0,729043.0,94.6446220103845,Category 4,134.0,154.2,921.0,2023-08-23,2023-09-03,10.8,Landfall,Category 2,21.9572,113.035,91.0,2023-08-23,0,0.007710875527844996,15.979999542236328,0.00347557367114093,0.13434696675270894,0.0696648607182242,-0.054621266295729054,0.30125707616994735,-0.004639231161263227
2023236N20125,Saola (2023),2023.0,2023-0568-PHL,nat-met-sto-tro,PHL,Asia,0.0,4.0,3.0,900000.0,900003.0,0.0,0.0,33000.0,34867.0,94.6446220103845,Category 4,134.0,154.2,921.0,2023-08-23,2023-09-03,10.8,Landfall,Category 2,21.9572,113.035,91.0,2023-08-23,0,0.007710875527844996,15.979999542236328,0.00347557367114093,0.13434696675270894,0.0696648607182242,-0.054621266295729054,0.30125707616994735,-0.004639231161263227
2023273N16134,Koinu (2023),2023.0,2023-0623-PHL,nat-met-sto-tro,PHL,Asia,0.0,0.0,0.0,275.0,275.0,0.0,0.0,0.0,0.0,94.6446220103845,Category 4,119.0,136.9,940.0,2023-09-29,2023-10-10,10.5,Landfall,Category 3,22.0,120.8,109.0,2023-09-29,0,-0.006830596083547413,17.520000457763672,-0.06888928570283492,0.1867325857791108,0.8596078941590704,-0.08912110405303497,0.4323558858135648,-0.03059193379862989
2023302N10267,Pilar (2023),2023.0,2023-0703-HND,nat-met-sto-tro,HND,Americas,0.0,1.0,0.0,0.0,0.0,0.0,0.0,0.0,0.0,94.6446220103845,Tropical Storm,55.0,63.3,995.0,2023-10-28,2023-11-07,10.0,At Sea / Open Water,At Sea / Open Water,0.0,0.0,0.0,2023-10-30,2,-0.011582508963285831,19.75,0.028501975980199212,0.1923805346218074,-0.3046207225909574,-0.01218484348254223,0.49487309451141354,0.01864727724476221
2023352N08127,Jelawat (2023),2023.0,2023-0842-PHL,nat-met-sto-tro,PHL,Asia,0.0,1.0,1.0,425866.0,425867.0,0.0,0.0,42.0,44.0,94.6446220103845,Tropical Storm,35.0,40.3,1002.0,2023-12-17,2023-12-19,2.0,Landfall,Tropical Depression,7.0975,126.265,27.0,2023-12-18,1,0.02574433367072415,12.5600004196167,8.850923072101224e-05,0.18097475873388244,0.4480506753144935,-0.0323581627910291,0.9124654094930104,-0.010752039048307526
2000056S17152,Steve (2000),2000.0,2000-0097-AUS,nat-met-sto-tro,AUS,Oceania,0.0,1.0,0.0,200.0,200.0,10000.0,18696.0,90000.0,168263.0,53.4877366816787,Category 1,65.0,74.8,995.0,2000-02-25,2000-03-11,15.9,Landfall,Tropical Storm,-16.6886,145.514,37.0,2000-02-25,0,-0.03581937633423016,25.200000762939453,-0.09638588516239466,0.25856957546803255,-0.30841121495327106,-0.15206358809626053,0.4609434164055202,0.09237857551913062
2000232N12116,Kaemi (2000),2000.0,2000-0518-VNM,nat-met-sto-tro,VNM,Asia,0.0,15.0,4.0,0.0,4.0,0.0,0.0,5000.0,9348.0,53.4877366816787,Tropical Storm,45.0,51.8,995.0,2000-08-18,2000-08-23,5.2,Landfall,Tropical Storm,16.0121,107.79,40.0,2000-08-18,0,0.01547592666508435,17.049999237060547,-0.00938736106810445,0.19829106220570492,-0.12605042016806722,-0.040128318657192574,0.34383993708131677,-0.0047040377333582295
2000240N22115,Maria (2000),2000.0,2000-0557-CHN,nat-met-sto-tro,CHN,Asia,0.0,47.0,0.0,46000.0,46000.0,0.0,0.0,169000.0,315960.0,53.4877366816787,Tropical Storm,55.0,63.3,995.0,2000-08-27,2000-09-02,6.5,Landfall,Tropical Storm,22.8227,114.884,47.0,2000-08-28,1,0.008409162560021777,16.540000915527344,0.009967126626931666,0.20805216663981152,1.125,-0.024076878337097263,0.3774922965621111,0.025875520842348412
2000248N17117,Wukong (2000),2000.0,2000-0605-CHN,nat-met-sto-tro,CHN,Asia,0.0,6.0,0.0,2400000.0,2400000.0,0.0,0.0,0.0,0.0,53.4877366816787,Category 2,95.0,109.3,980.0,2000-09-04,2000-09-10,6.5,Landfall,Category 1,18.2,109.675,75.0,2000-09-05,1,-0.0031911772395901705,19.81999969482422,0.02467087601743878,0.1830545500672915,12.142857142857142,0.0,0.36125542029069196,0.07245191137142229
2001180N15118,Durian (2001),2001.0,2001-0318-VNM,nat-met-sto-tro,VNM,Asia,0.0,30.0,3.0,117450.0,117453.0,0.0,0.0,25000.0,45455.0,54.9993852662954,Category 1,75.0,86.3,967.0,2001-06-29,2001-07-03,4.5,Landfall,Category 1,21.108,110.319,75.0,2001-06-29,0,-0.002035024583377898,19.059999465942383,0.018306498016987582,0.202682163660824,-0.35746606334841624,-0.042638999892000706,0.21398072071911953,0.027212069311698624
2001204N19127,Yutu (2001),2001.0,2001-0419-CHN,nat-met-sto-tro,CHN,Asia,0.0,0.0,0.0,23250.0,23250.0,0.0,0.0,85000.0,154547.0,54.9993852662954,Category 2,85.0,97.8,958.0,2001-07-22,2001-07-26,4.2,Landfall,Category 1,21.5266,110.711,67.0,2001-07-23,1,-0.0145804105457501,23.739999771118164,-0.05023509069432308,0.16988499331675916,-0.7495527728085868,-0.05586779829771038,0.3002338870126774,0.02396464933619442
2001202N11266,Dalila (2001),2001.0,2001-0488-MEX,nat-met-sto-tro,MEX,Americas,0.0,0.0,0.0,100.0,100.0,0.0,0.0,0.0,0.0,54.9993852662954,Category 1,65.0,74.8,987.0,2001-07-21,2001-07-28,7.5,At Sea / Open Water,At Sea / Open Water,0.0,0.0,0.0,2001-07-23,2,-0.0145804105457501,23.739999771118164,-0.05023509069432308,0.16988499331675916,-0.7495527728085868,-0.05586779829771038,0.3002338870126774,0.02396464933619442
2001239N19116,Fitow (2001),2001.0,2001-0796-CHN,nat-met-sto-tro,CHN,Asia,0.0,4.0,0.0,0.0,0.0,0.0,0.0,213000.0,387277.0,54.9993852662954,Tropical Storm,45.0,51.8,991.0,2001-08-27,2001-09-12,15.8,Landfall,Tropical Depression,19.8436,110.691,25.0,2001-08-27,0,0.004073825942888298,20.559999465942383,0.005952214839374248,0.16595458931090165,-0.7272727272727273,-0.02593685377058741,0.4536211174486531,0.007572159124525409
2002017S07078,Dina (2002),2002.0,2002-0039-MUS,nat-met-sto-tro,MUS,Africa,10.0,3.0,50.0,0.0,1050.0,0.0,0.0,50000.0,89491.0,55.8716960740501,Category 4,130.0,149.6,910.0,2002-01-16,2002-01-28,12.0,At Sea / Open Water,At Sea / Open Water,0.0,0.0,0.0,2002-01-16,0,-0.023795720041826618,23.450000762939453,0.0035870062347740372,0.14375956768156134,0.5384615384615385,-0.020993498740588645,0.2831900969122251,-0.02299444926499337
2002017S07078,Dina (2002),2002.0,2002-0043-REU,nat-met-sto-tro,REU,Africa,0.0,0.0,300.0,0.0,3100.0,0.0,0.0,50000.0,89491.0,55.8716960740501,Category 4,130.0,149.6,910.0,2002-01-16,2002-01-28,12.0,At Sea / Open Water,At Sea / Open Water,0.0,0.0,0.0,2002-01-16,0,-0.023795720041826618,23.450000762939453,0.0035870062347740372,0.14375956768156134,0.5384615384615385,-0.020993498740588645,0.2831900969122251,-0.02299444926499337
2002178N04155,Chataan (2002),2002.0,2002-0431-JPN,nat-met-sto-tro,JPN,Asia,0.0,5.0,18.0,100000.0,100018.0,0.0,0.0,5000.0,8949.0,55.8716960740501,Category 4,130.0,149.6,910.0,2002-06-27,2002-07-13,15.8,Landfall,Tropical Storm,35.0259,139.925,50.0,2002-06-27,0,-0.01414862739724776,26.290000915527344,-0.030718335172224775,0.22793221338161,0.16195372750642667,-0.08610577938938024,0.729058088070333,-0.015112890807847388
2002265N10315,Lili (2002),2002.0,2002-0627-JAM,nat-met-sto-tro,JAM,Americas,0.0,4.0,0.0,1500.0,1500.0,0.0,0.0,30.0,54.0,55.8716960740501,Category 4,125.0,143.8,938.0,2002-09-21,2002-10-04,12.8,Landfall,Category 2,22.1,-84.0,90.0,2002-09-23,2,-0.06513520762552238,39.68000030517578,-0.07331450670351769,0.27032948693490516,0.34403292181069967,-0.18575232269292885,0.9408248930811939,0.052521416319451564
2002268N15258,Julio (2002),2002.0,2002-0647-MEX,nat-met-sto-tro,MEX,Americas,0.0,0.0,0.0,500.0,500.0,0.0,0.0,0.0,0.0,55.8716960740501,Tropical Storm,40.0,46.0,1000.0,2002-09-25,2002-09-26,1.5,Landfall,Tropical Storm,18.0,-102.4,40.0,2002-09-25,0,-0.025553180242568363,37.33000183105469,-0.07267651581059609,0.3033676819769578,1.1104166666666666,-0.17571250956862716,0.9580898482971453,0.03415173719062105
2002258N10300,Isidore (2002),2002.0,2002-0851-SLV,nat-met-sto-tro,SLV,Americas,0.0,0.0,0.0,500.0,500.0,0.0,0.0,0.0,0.0,55.8716960740501,Category 3,110.0,126.6,934.0,2002-09-14,2002-09-27,13.0,Landfall,Tropical Depression,10.0856,-61.4549,25.0,2002-09-16,2,-0.008492887094594281,36.7400016784668,-0.04400483908575281,0.25233170954188827,-0.33787465940054495,-0.12133330758145155,0.9069544694285361,-0.014239839030394497
2003155S10172,Gina (2003),2003.0,2003-0314-SLB,nat-met-sto-tro,SLB,Oceania,0.0,0.0,0.0,0.0,150.0,0.0,0.0,0.0,0.0,57.1400352670416,Category 2,90.0,103.6,954.0,2003-06-04,2003-06-09,5.2,At Sea / Open Water,At Sea / Open Water,0.0,0.0,0.0,2003-06-04,0,0.03647982619074752,20.6200008392334,0.021699605807635303,0.19455167239281967,-0.21416246807923256,0.0,0.5086333023320943,-0.016909872352660275
2003196N11137,Koni (2003),2003.0,2003-0437-VNM,nat-met-sto-tro,VNM,Asia,0.0,0.0,18.0,0.0,5018.0,0.0,0.0,0.0,0.0,57.1400352670416,Category 1,65.0,74.8,976.0,2003-07-14,2003-07-22,8.2,Landfall,Tropical Storm,11.25,124.5,40.0,2003-07-14,0,0.00029799681967457303,19.59000015258789,-0.02813099564915278,0.13853092702549433,0.2148148148148148,-0.053343939650279504,0.5581326181503118,-0.0237731991306687
2003359S15177,Heta (2004),2004.0,2004-0004-ASM,nat-met-sto-tro,ASM,Oceania,0.0,0.0,60.0,20000.0,23060.0,0.0,0.0,150000.0,255668.0,58.6698092933412,Category 5,140.0,161.1,898.0,2003-12-25,2004-01-12,17.8,At Sea / Open Water,At Sea / Open Water,0.0,0.0,0.0,2003-12-26,1,0.004541899958330209,17.450000762939453,0.019922153244071206,0.07000084795773936,-0.9414991506228766,0.0,0.5796081232603142,-0.0071305506400261495
2004230N09172,Chaba (2004),2004.0,2004-0445-JPN,nat-met-sto-tro,JPN,Asia,0.0,14.0,50.0,180000.0,180050.0,1200000.0,2045345.0,2000000.0,3408908.0,58.6698092933412,Category 5,155.0,178.4,879.0,2004-08-17,2004-09-05,19.5,Landfall,Category 2,33.475,131.125,85.0,2004-08-17,0,0.004890429817539399,17.020000457763672,0.004086576326291613,0.11758099954782043,-0.4868965517241379,-0.00040693614735842765,0.5027972627660164,-0.0009500459606797528
2005041S13181,Olaf (2005),2005.0,2005-0151-WSM,nat-met-sto-tro,WSM,Oceania,0.0,9.0,0.0,0.0,0.0,0.0,0.0,0.0,0.0,60.6603317527392,Category 5,145.0,166.9,892.0,2005-02-10,2005-02-23,13.0,At Sea / Open Water,At Sea / Open Water,0.0,0.0,0.0,2005-02-10,0,0.006556856632323305,11.510000228881836,0.008674386918530175,0.0963121806833628,1.1101472434653576,-0.004792873659331565,0.6310313967079113,0.006017065715371729
2005192N11318,Emily (2005),2005.0,2005-0382-HTI,nat-met-sto-tro,HTI,Americas,0.0,6.0,0.0,565.0,750.0,0.0,0.0,0.0,0.0,60.6603317527392,Category 5,140.0,161.1,929.0,2005-07-11,2005-07-21,10.5,Landfall,Category 2,20.6198,-88.0304,92.0,2005-07-11,0,0.020162872049588776,11.279999732971191,0.010047232772591341,0.11277909678773766,1.2384302689180737,0.0,0.7284305012616131,-0.007733549760670259
2005192N11318,Emily (2005),2005.0,2005-0382-JAM,nat-met-sto-tro,JAM,Americas,0.0,4.0,0.0,2296.0,2296.0,0.0,0.0,1000.0,1649.0,60.6603317527392,Category 5,140.0,161.1,929.0,2005-07-11,2005-07-21,10.5,Landfall,Category 2,20.6198,-88.0304,92.0,2005-07-11,0,0.020162872049588776,11.279999732971191,0.010047232772591341,0.11277909678773766,1.2384302689180737,0.0,0.7284305012616131,-0.007733549760670259
2005192N11318,Emily (2005),2005.0,2005-0382-MEX,nat-met-sto-tro,MEX,Americas,0.0,2.0,0.0,0.0,0.0,250000.0,412131.0,400000.0,659410.0,60.6603317527392,Category 5,140.0,161.1,929.0,2005-07-11,2005-07-21,10.5,Landfall,Category 2,20.6198,-88.0304,92.0,2005-07-11,0,0.020162872049588776,11.279999732971191,0.010047232772591341,0.11277909678773766,1.2384302689180737,0.0,0.7284305012616131,-0.007733549760670259
2005192N11318,Emily (2005),2005.0,2005-0382-VCT,nat-met-sto-tro,VCT,Americas,0.0,0.0,0.0,530.0,530.0,0.0,0.0,0.0,0.0,60.6603317527392,Category 5,140.0,161.1,929.0,2005-07-11,2005-07-21,10.5,Landfall,Category 2,20.6198,-88.0304,92.0,2005-07-11,0,0.020162872049588776,11.279999732971191,0.010047232772591341,0.11277909678773766,1.2384302689180737,0.0,0.7284305012616131,-0.007733549760670259
2005237N14148,Talim (2005),2005.0,2005-0492-TWN,nat-met-sto-tro,TWN,Asia,0.0,3.0,59.0,0.0,59.0,0.0,0.0,38000.0,62644.0,60.6603317527392,Category 4,130.0,149.6,910.0,2005-08-24,2005-09-03,9.5,Landfall,Category 2,23.85,121.475,95.0,2005-08-24,0,-0.0085923412548774,14.170000076293944,0.02010853712079297,0.1670152071025974,-0.28104797550187144,-0.022032284170080074,0.9237615340978863,0.005367195219479462
2005230N20144,Mawar (2005),2005.0,2005-0464-JPN,nat-met-sto-tro,JPN,Asia,0.0,3.0,4.0,90.0,94.0,0.0,0.0,0.0,0.0,60.6603317527392,Category 4,125.0,143.8,916.0,2005-08-18,2005-09-01,14.0,Landfall,Category 2,35.25,139.75,85.0,2005-08-18,0,-0.013164108677480524,13.420000076293944,-0.010072223354895327,0.1627495908128151,0.6627600351596836,-0.037637717166895235,0.9201362421223671,0.028366273747346148
2005268N19146,Longwang (2005),2005.0,2005-0565-CHN,nat-met-sto-tro,CHN,Asia,0.0,95.0,0.0,2460000.0,2460000.0,0.0,0.0,150000.0,247279.0,60.6603317527392,Category 4,125.0,143.8,916.0,2005-09-25,2005-10-03,8.8,Landfall,Category 2,23.975,120.8,95.0,2005-09-26,1,-0.012267539789717952,13.039999961853027,-0.01612474265376551,0.12949412589925452,-0.3205019341447306,-0.019053172431680254,1.0205148592795126,0.022698096336005537
2005268N19146,Longwang (2005),2005.0,2005-0565-TWN,nat-met-sto-tro,TWN,Asia,0.0,2.0,46.0,0.0,46.0,50000.0,82426.0,100000.0,164852.0,60.6603317527392,Category 4,125.0,143.8,916.0,2005-09-25,2005-10-03,8.8,Landfall,Category 2,23.975,120.8,95.0,2005-09-26,1,-0.012267539789717952,13.039999961853027,-0.01612474265376551,0.12949412589925452,-0.3205019341447306,-0.019053172431680254,1.0205148592795126,0.022698096336005537
2005275N19274,Stan (2005),2005.0,2005-0567-HTI,nat-met-sto-tro,HTI,Americas,0.0,1.0,0.0,10000.0,10000.0,0.0,0.0,0.0,0.0,60.6603317527392,Category 1,70.0,80.6,977.0,2005-10-01,2005-10-05,3.8,Landfall,Tropical Storm,19.5456,-87.3758,36.0,2005-10-03,2,0.008389168487006993,12.460000038146973,0.0312593674339956,0.12905276977496224,2.5667870036101084,0.0,0.9630522889569197,-0.035677774650233696
2005300N10279,Beta (2005),2005.0,2005-0625-NIC,nat-met-sto-tro,NIC,Americas,37.0,4.0,0.0,0.0,5763.0,0.0,0.0,0.0,0.0,60.6603317527392,Category 3,100.0,115.1,962.0,2005-10-26,2005-10-31,4.2,Landfall,Category 2,12.9,-83.5,90.0,2005-10-26,0,-0.003422694467355769,14.59000015258789,0.0009755854114135154,0.2491162224336205,-0.34706435221899135,-0.0938784659874008,1.2154665220448568,-0.01903734677185911
2006114N08090,Mala (2006),2006.0,2006-0241-MMR,nat-met-sto-tro,MMR,Asia,0.0,34.0,31.0,60075.0,60106.0,0.0,0.0,0.0,0.0,62.6171947810345,Category 4,120.0,138.1,922.0,2006-04-24,2006-04-29,5.5,Landfall,Category 1,17.9977,94.9498,77.0,2006-04-24,0,0.01748820471921353,11.75,0.04402515962667475,0.1405440249864388,0.22142857142857153,0.0,0.8504359675483351,-0.012857013492585584
2006188N10143,Bilis (2006),2006.0,2006-0362-CHN,nat-met-sto-tro,CHN,Asia,0.0,820.0,0.0,29622000.0,29622000.0,0.0,0.0,3325000.0,5310043.0,62.6171947810345,Tropical Storm,50.0,57.5,987.0,2006-07-07,2006-07-17,10.5,Landfall,Tropical Storm,26.4267,119.487,40.0,2006-07-07,0,-0.005185582454951154,13.970000267028809,0.010568301429131122,0.12510052690342302,-0.3862858133587621,-0.004288117936282698,0.7945200763087817,0.024005132651494114
2006188N10143,Bilis (2006),2006.0,2006-0362-PHL,nat-met-sto-tro,PHL,Asia,0.0,37.0,0.0,51680.0,51680.0,0.0,0.0,3000.0,4791.0,62.6171947810345,Tropical Storm,50.0,57.5,987.0,2006-07-07,2006-07-17,10.5,Landfall,Tropical Storm,26.4267,119.487,40.0,2006-07-07,0,-0.005185582454951154,13.970000267028809,0.010568301429131122,0.12510052690342302,-0.3862858133587621,-0.004288117936282698,0.7945200763087817,0.024005132651494114
2006237N13298,Ernesto (2006),2006.0,2006-0466-USA,nat-met-sto-tro,USA,Americas,0.0,6.0,0.0,140.0,140.0,0.0,0.0,32860.0,52478.0,62.6171947810345,Category 1,65.0,74.8,985.0,2006-08-24,2006-09-04,10.5,Landfall,Tropical Storm,19.9,-75.5,35.0,2006-08-24,0,-0.0029223242849570896,12.399999618530272,0.010305975760087183,0.10990145252466758,-0.46464832933357947,-0.006371277861956126,0.47997689711704405,0.009742174487337565
2006240N12265,John (2006),2006.0,2006-0483-MEX,nat-met-sto-tro,MEX,Americas,0.0,7.0,0.0,10000.0,10000.0,0.0,0.0,0.0,0.0,62.6171947810345,Category 4,115.0,132.3,948.0,2006-08-28,2006-09-04,7.5,Landfall,Category 2,23.4011,-109.518,92.0,2006-08-28,0,0.0023053779027311094,12.18000030517578,0.004650078653869905,0.10878437193406174,0.9288708977880584,0.0,0.46835010896773516,-0.008502207135013783
2007091S14175,Cliff (2007),2007.0,2007-0151-FJI,nat-met-sto-tro,FJI,Oceania,0.0,1.0,0.0,0.0,0.0,0.0,0.0,0.0,0.0,64.4034636847652,Tropical Storm,55.0,63.3,982.0,2007-04-01,2007-04-06,5.8,At Sea / Open Water,At Sea / Open Water,0.0,0.0,0.0,2007-04-02,1,-0.007262173437610708,14.529999732971191,0.01574180972766137,0.14263943579315116,0.40487884741322855,0.0,0.7951225089590375,-0.004846550345451102
2007151N14072,Gonu (2007),2007.0,2007-0164-OMN,nat-met-sto-tro,OMN,Asia,731.0,76.0,0.0,20000.0,20000.0,650000.0,1009262.0,3900000.0,6055575.0,64.4034636847652,Category 5,145.0,166.9,898.0,2007-05-31,2007-06-08,7.8,Landfall,Tropical Depression,25.7051,57.9702,20.0,2007-05-31,0,0.0057734590387847895,13.050000190734863,-0.004284029767165021,0.13106763714640723,-0.2179445227547322,-0.023114867253657523,0.7062628437319066,-0.04843844909656392
2007223N19136,Sepat (2007),2007.0,2007-0380-PHL,nat-met-sto-tro,PHL,Asia,0.0,3.0,0.0,380000.0,380000.0,0.0,0.0,492.0,764.0,64.4034636847652,Category 5,140.0,161.1,918.0,2007-08-11,2007-08-24,13.2,Landfall,Category 3,23.55,121.025,100.0,2007-08-13,2,-0.006702753597439215,26.56999969482422,0.001788475349285168,0.30171428703958375,-0.29991694579572314,-0.047144611721445906,1.1824121505634466,-0.004632989105004604
2007244N12303,Felix (2007),2007.0,2007-0439-HND,nat-met-sto-tro,HND,Americas,0.0,1.0,0.0,19500.0,19500.0,0.0,0.0,6579.0,10215.0,64.4034636847652,Category 5,150.0,172.6,929.0,2007-08-31,2007-09-06,6.2,Landfall,Category 5,14.3,-83.2,140.0,2007-08-31,0,-0.004988696038124574,23.3799991607666,-0.025498356595099914,0.2374395279501237,-0.08024916943521598,-0.045263803528628466,1.0599045001371412,0.02432606602210522
2007269N22265,Lorenzo (2007),2007.0,2007-0464-MEX,nat-met-sto-tro,MEX,Americas,0.0,5.0,0.0,33000.0,33000.0,0.0,0.0,0.0,0.0,64.4034636847652,Category 1,70.0,80.6,990.0,2007-09-25,2007-09-28,3.0,Landfall,Category 1,20.5,-97.0,65.0,2007-09-25,0,-0.002307417073850182,18.600000381469727,0.003834363070396307,0.1587878223609478,-0.22841015992474134,-0.0071565405683091665,0.983805461868548,-0.01828642766962466
2007297N18300,Noel (2007),2007.0,2007-0523-JAM,nat-met-sto-tro,JAM,Americas,0.0,1.0,0.0,0.0,0.0,0.0,0.0,0.0,0.0,64.4034636847652,Category 1,75.0,86.3,965.0,2007-10-24,2007-11-06,13.0,Landfall,Tropical Storm,19.7408,-73.2102,42.0,2007-10-24,0,-0.017957574510303997,20.799999237060547,-0.02439042052162499,0.1436367165124204,-0.0025209256523880397,-0.033816701849421094,0.9100253327505508,0.042206334910685345
2007314N10093,Sidr (2007),2007.0,2007-0556-BGD,nat-met-sto-tro,BGD,Asia,215214.0,4234.0,55282.0,8923259.0,8978541.0,0.0,0.0,2300000.0,3571236.0,64.4034636847652,Category 5,140.0,161.1,918.0,2007-11-10,2007-11-16,5.9,Landfall,Category 3,22.5429,90.3714,100.0,2007-11-12,2,-0.04231916599310148,31.09000015258789,-0.02784324497582369,0.2157760114905333,-0.17721657374002409,-0.02944662060676273,0.7800403916789537,0.014237866319739997
2007345N18298,Olga (2007),2007.0,2007-0612-DOM,nat-met-sto-tro,DOM,Americas,0.0,33.0,0.0,61605.0,61605.0,0.0,0.0,45000.0,69872.0,64.4034636847652,Tropical Storm,50.0,57.5,1003.0,2007-12-10,2007-12-16,5.8,Landfall,Tropical Storm,18.4,-66.5,40.0,2007-12-10,0,0.02979407229136699,20.739999771118164,0.02850573177767668,0.1405641272616591,-0.14907882134204742,0.0,0.5048586922681181,-0.012781502053592048
2008245N17323,Ike (2008),2008.0,2008-0384-TCA,nat-met-sto-tro,TCA,Americas,0.0,0.0,0.0,750.0,750.0,0.0,0.0,500000.0,747653.0,66.8759741789087,Category 4,125.0,143.8,935.0,2008-09-01,2008-09-15,14.2,Landfall,Category 3,21.0,-73.2,110.0,2008-09-02,1,0.007636362239721528,21.989999771118164,-0.006675545823562223,0.1270741869526134,0.7967437429635402,-0.025923058603246285,0.30027879132587554,-0.04418535153156666
2008311N14278,Paloma (2008),2008.0,2008-0514-CUB,nat-met-sto-tro,CUB,Americas,0.0,0.0,0.0,49445.0,49445.0,0.0,0.0,0.0,0.0,66.8759741789087,Category 4,125.0,143.8,944.0,2008-11-05,2008-11-14,8.5,Landfall,Category 2,20.7,-78.0,90.0,2008-11-05,0,0.03341180527494125,54.560001373291016,0.038392658232981214,0.8591390560098899,0.002419124778912485,-0.01848129839260404,0.8315812558456045,0.028370240745105343
2010236N12341,Earl (2010),2010.0,2010-0468-ATG,nat-met-sto-tro,ATG,Americas,0.0,0.0,0.0,5000.0,5000.0,0.0,0.0,12600.0,18603.0,67.7310945291778,Category 4,125.0,143.8,927.0,2010-08-24,2010-09-06,13.0,Landfall,Category 1,44.3,-64.5,65.0,2010-08-24,0,-0.03704686186332928,27.459999084472656,-0.009032341799396826,0.14598460760736467,0.9711870973296408,-0.017902874409046143,0.7798149849555895,0.0045554476013492246
2010256N17137,Fanapi (2010),2010.0,2010-0484-TWN,nat-met-sto-tro,TWN,Asia,0.0,2.0,100.0,0.0,100.0,0.0,0.0,63100.0,93163.0,67.7310945291778,Category 3,105.0,120.8,944.0,2010-09-13,2010-09-21,8.5,Landfall,Category 2,23.3179,121.103,90.0,2010-09-13,0,0.016502859778690482,21.209999084472656,-0.0022134454026517814,0.14820394537729625,-0.07658414547627046,-0.0022134454026517814,0.7228338616010154,-0.012504134134371825
2010267N14285,Matthew (2010),2010.0,2010-0503-HND,nat-met-sto-tro,HND,Americas,0.0,4.0,0.0,0.0,0.0,0.0,0.0,0.0,0.0,67.7310945291778,Tropical Storm,50.0,57.5,998.0,2010-09-23,2010-09-26,3.2,Landfall,Tropical Storm,14.7,-83.3,50.0,2010-09-23,0,0.0004624960932075872,23.8700008392334,0.0018448460529596478,0.15142340952655178,0.28331172369731483,-0.011493914386638493,0.7105638428258904,0.003270902231250818
2010267N14285,Matthew (2010),2010.0,2010-0503-MEX,nat-met-sto-tro,MEX,Americas,0.0,3.0,0.0,1075.0,1075.0,0.0,0.0,0.0,0.0,67.7310945291778,Tropical Storm,50.0,57.5,998.0,2010-09-23,2010-09-26,3.2,Landfall,Tropical Storm,14.7,-83.3,50.0,2010-09-23,0,0.0004624960932075872,23.8700008392334,0.0018448460529596478,0.15142340952655178,0.28331172369731483,-0.011493914386638493,0.7105638428258904,0.003270902231250818
2010267N14285,Matthew (2010),2010.0,2010-0503-SLV,nat-met-sto-tro,SLV,Americas,0.0,1.0,0.0,0.0,0.0,0.0,0.0,0.0,0.0,67.7310945291778,Tropical Storm,50.0,57.5,998.0,2010-09-23,2010-09-26,3.2,Landfall,Tropical Storm,14.7,-83.3,50.0,2010-09-23,0,0.0004624960932075872,23.8700008392334,0.0018448460529596478,0.15142340952655178,0.28331172369731483,-0.011493914386638493,0.7105638428258904,0.003270902231250818
2010302N09306,Tomas (2010),2010.0,2010-0571-DOM,nat-met-sto-tro,DOM,Americas,0.0,0.0,0.0,12000.0,12000.0,0.0,0.0,0.0,0.0,67.7310945291778,Category 2,85.0,97.8,982.0,2010-10-29,2010-11-10,12.5,At Sea / Open Water,At Sea / Open Water,0.0,0.0,0.0,2010-10-29,0,0.001182889238901419,21.200000762939453,-0.004706302469361767,0.0703379134021046,-0.027610149351103286,-0.015518601687200317,0.5820657433901885,-0.010375820000358717
2011233N15301,Irene (2011),2011.0,2011-0328-BHS,nat-met-sto-tro,BHS,Americas,0.0,0.0,0.0,10000.0,10000.0,0.0,0.0,40000.0,57250.0,69.869263508865,Category 3,105.0,120.8,942.0,2011-08-21,2011-08-30,9.0,Landfall,Tropical Storm,18.1,-65.8,60.0,2011-08-22,1,-0.06541163654433513,42.439998626708984,-0.014338016623162253,0.3446738227874298,-0.28802069299994615,-0.044648279449066575,0.6552388160321483,-0.00868819838606922
2011233N15301,Irene (2011),2011.0,2011-0328-CAN,nat-met-sto-tro,CAN,Americas,0.0,1.0,0.0,0.0,0.0,0.0,0.0,0.0,0.0,69.869263508865,Category 3,105.0,120.8,942.0,2011-08-21,2011-08-30,9.0,Landfall,Tropical Storm,18.1,-65.8,60.0,2011-08-22,1,-0.06541163654433513,42.439998626708984,-0.014338016623162253,0.3446738227874298,-0.28802069299994615,-0.044648279449066575,0.6552388160321483,-0.00868819838606922
2011233N15301,Irene (2011),2011.0,2011-0328-DOM,nat-met-sto-tro,DOM,Americas,0.0,4.0,0.0,37000.0,37000.0,0.0,0.0,30000.0,42937.0,69.869263508865,Category 3,105.0,120.8,942.0,2011-08-21,2011-08-30,9.0,Landfall,Tropical Storm,18.1,-65.8,60.0,2011-08-22,1,-0.06541163654433513,42.439998626708984,-0.014338016623162253,0.3446738227874298,-0.28802069299994615,-0.044648279449066575,0.6552388160321483,-0.00868819838606922
2011233N15301,Irene (2011),2011.0,2011-0328-HTI,nat-met-sto-tro,HTI,Americas,0.0,2.0,4.0,1000.0,1544.0,0.0,0.0,0.0,0.0,69.869263508865,Category 3,105.0,120.8,942.0,2011-08-21,2011-08-30,9.0,Landfall,Tropical Storm,18.1,-65.8,60.0,2011-08-22,1,-0.06541163654433513,42.439998626708984,-0.014338016623162253,0.3446738227874298,-0.28802069299994615,-0.044648279449066575,0.6552388160321483,-0.00868819838606922
2011233N15301,Irene (2011),2011.0,2011-0328-PRI,nat-met-sto-tro,PRI,Americas,0.0,1.0,0.0,1500.0,2271.0,450000.0,644060.0,500000.0,715622.0,69.869263508865,Category 3,105.0,120.8,942.0,2011-08-21,2011-08-30,9.0,Landfall,Tropical Storm,18.1,-65.8,60.0,2011-08-22,1,-0.06541163654433513,42.439998626708984,-0.014338016623162253,0.3446738227874298,-0.28802069299994615,-0.044648279449066575,0.6552388160321483,-0.00868819838606922
2011236N15143,Talas (2011),2011.0,2011-0454-JPN,nat-met-sto-tro,JPN,Asia,0.0,68.0,0.0,1300.0,1300.0,430000.0,615435.0,650000.0,930309.0,69.869263508865,Tropical Storm,55.0,63.3,982.0,2011-08-23,2011-09-07,14.5,Landfall,Tropical Storm,33.45,133.875,45.0,2011-08-23,0,-0.02633997825082257,36.27000045776367,0.004581563841100644,0.35195884071438843,0.39158017678443446,-0.0246145054405138,0.648235017620813,-0.005456175333205943
2012331N03157,Bopha (2012),2012.0,2012-0500-PHL,nat-met-sto-tro,PHL,Asia,0.0,1901.0,2666.0,6243998.0,6246664.0,0.0,0.0,898352.0,1259694.0,71.3150877335761,Category 5,150.0,172.6,911.0,2012-11-25,2012-12-09,13.8,Landfall,Category 4,7.63461,126.575,132.0,2012-11-26,1,0.034318071058592414,15.5,0.004656694791654203,0.1311424969286597,0.3117730496453901,-0.06449873181107268,0.36612509845320645,0.015763716443300116
2012039S14075,Giovanna (2012),2012.0,2012-0043-MDG,nat-met-sto-tro,MDG,Africa,4262.0,35.0,284.0,250000.0,250284.0,0.0,0.0,100000.0,140223.0,71.3150877335761,Category 4,120.0,138.1,933.0,2012-02-07,2012-02-22,14.8,Landfall,Category 2,-19.0,48.7,95.0,2012-02-07,0,0.02642395249630569,17.649999618530273,0.00720930767227812,0.10100931073392387,-0.058560578268726515,-0.00654158678108141,0.571662856083406,-0.006277231690825866
2012215N12313,Ernesto (2012),2012.0,2012-0276-MEX,nat-met-sto-tro,MEX,Americas,0.0,12.0,0.0,0.0,0.0,15000.0,21033.0,300000.0,420668.0,71.3150877335761,Category 2,85.0,97.8,973.0,2012-08-01,2012-08-10,8.8,Landfall,Category 2,18.8,-87.7,85.0,2012-08-01,0,0.027097900257264218,18.959999084472656,0.015106615701841797,0.10403512041783386,3.391533059123087,-0.01569456407550951,0.3661373942301019,-0.013031592381470093
2012166N09269,Carlotta (2012),2012.0,2012-0401-MEX,nat-met-sto-tro,MEX,Americas,0.0,7.0,0.0,87000.0,87000.0,84000.0,117787.0,555000.0,778236.0,71.3150877335761,Category 2,95.0,109.3,973.0,2012-06-13,2012-06-17,3.5,Landfall,Category 2,15.8,-96.9,90.0,2012-06-13,0,0.0007574631120133013,24.270000457763672,0.010422601546920873,0.07845003932028576,-0.25120235526788925,0.0,0.3476876806911575,-0.007272439822732809
2012209N25149,Damrey (2012),2012.0,2012-0283-CHN,nat-met-sto-tro,CHN,Asia,0.0,15.0,0.0,3790000.0,3790000.0,106000.0,148636.0,600000.0,841337.0,71.3150877335761,Category 1,80.0,92.1,963.0,2012-07-27,2012-08-04,7.8,Landfall,Tropical Storm,34.86,119.22,55.0,2012-07-27,0,0.016194288699670878,16.700000762939453,0.011149539779470308,0.09651442644341639,-0.41832196528586485,0.0,0.34376843136449153,-0.007699135607090839
2012234N16315,Isaac (2012),2012.0,2012-0313-PRI,nat-met-sto-tro,PRI,Americas,0.0,0.0,0.0,0.0,0.0,0.0,0.0,0.0,0.0,71.3150877335761,Category 1,70.0,80.6,965.0,2012-08-20,2012-09-01,11.8,Landfall,Tropical Storm,18.3,-72.7,55.0,2012-08-20,0,0.010087175277911031,14.020000457763672,-0.00906685763871784,0.11101097912915038,0.40271159668290113,-0.02798866968827385,0.382630648770101,-0.010629455493768397
2012234N16315,Isaac (2012),2012.0,2012-0313-USA,nat-met-sto-tro,USA,Americas,0.0,1.0,0.0,60000.0,60000.0,0.0,0.0,2000000.0,2804456.0,71.3150877335761,Category 1,70.0,80.6,965.0,2012-08-20,2012-09-01,11.8,Landfall,Tropical Storm,18.3,-72.7,55.0,2012-08-20,0,0.010087175277911031,14.020000457763672,-0.00906685763871784,0.11101097912915038,0.40271159668290113,-0.02798866968827385,0.382630648770101,-0.010629455493768397
2012230N21126,Tembin (2012),2012.0,2012-0585-TWN,nat-met-sto-tro,TWN,Asia,0.0,8.0,0.0,0.0,0.0,0.0,0.0,8300.0,11638.0,71.3150877335761,Category 4,120.0,138.1,933.0,2012-08-17,2012-09-01,14.8,Landfall,Category 3,22.2716,120.937,107.0,2012-08-17,0,0.00951439590727099,13.449999809265137,-0.011987016119940574,0.11286553871324936,0.04403325725464624,-0.02981944160742278,0.3832594987294876,-0.010866056506225186
2013046S20042,Haruna (2013),2013.0,2013-0032-MDG,nat-met-sto-tro,MDG,Africa,0.0,42.0,127.0,40154.0,40281.0,0.0,0.0,25000.0,34550.0,72.3597374789251,Category 3,105.0,120.8,944.0,2013-02-14,2013-02-28,14.2,Landfall,Tropical Depression,-17.25,37.9,25.0,2013-02-14,0,0.008810406158692885,12.65999984741211,-0.0013628346637369892,0.06750717651142057,0.2747616146798115,-0.00812110758287754,0.5542971972448719,0.01619421162559067
2013282N14149,Wipha (2013),2013.0,2013-0396-JPN,nat-met-sto-tro,JPN,Asia,0.0,39.0,107.0,19182.0,19289.0,0.0,0.0,200000.0,276397.0,72.3597374789251,Category 4,120.0,138.1,933.0,2013-10-09,2013-10-18,9.5,At Sea / Open Water,At Sea / Open Water,0.0,0.0,0.0,2013-10-09,0,-0.02116039267155767,19.600000381469727,-0.0037315590708039137,0.1502336007993487,0.48935417771814316,-0.023595280356045967,0.6991744684054066,-0.018220860680629614
2013269N15118,Wutip (2013),2013.0,2013-0419-CHN,nat-met-sto-tro,CHN,Asia,0.0,74.0,0.0,0.0,0.0,0.0,0.0,0.0,0.0,72.3597374789251,Category 3,100.0,115.1,948.0,2013-09-25,2013-10-01,5.2,Landfall,Category 1,17.8267,105.833,75.0,2013-09-25,0,-0.018411457591685942,14.010000228881836,-0.015236114094490882,0.15608053007021097,-0.5301656057863733,-0.015236114094490882,0.8680822496660696,-0.005493288041132531
2013272N10135,Fitow (2013),2013.0,2013-0429-CHN,nat-met-sto-tro,CHN,Asia,0.0,8.0,0.0,475000.0,475000.0,0.0,0.0,6700000.0,9259293.0,72.3597374789251,Category 2,90.0,103.6,956.0,2013-09-29,2013-10-07,8.0,Landfall,Tropical Storm,27.1133,120.287,55.0,2013-09-30,1,-0.011298771458907009,16.600000381469727,-0.016061429913518777,0.15641117994445006,-0.37641424217414754,-0.023856435998025338,0.9191336822966242,-0.007530644844129771
2014164N19116,Hagibis (2014),2014.0,2014-0213-CHN,nat-met-sto-tro,CHN,Asia,0.0,0.0,0.0,5000.0,5000.0,0.0,0.0,131000.0,178150.0,73.5335770092672,Tropical Storm,50.0,57.5,985.0,2014-06-13,2014-06-23,10.0,Landfall,Tropical Storm,23.3,116.55,40.0,2014-06-13,0,-0.00639797813717824,12.18000030517578,-0.01230238046119736,0.10423886762309739,0.0407315354082427,-0.01572975029440571,0.18505729476583851,0.027737616321226684
2014212N11242,Iselle (2014),2014.0,2014-0310-USA,nat-met-sto-tro,USA,Americas,0.0,1.0,0.0,834.0,834.0,0.0,0.0,66000.0,89755.0,73.5335770092672,Category 4,120.0,138.1,947.0,2014-07-30,2014-08-10,11.0,Landfall,Tropical Storm,19.2,-155.3,50.0,2014-07-30,0,-0.008357134764294005,13.329999923706056,-0.017350710349890996,0.14474120254440717,0.9673073588454202,-0.028961728978919576,0.24770404041743393,-0.0353430792391029
2014209N16134,Nakri (2014),2014.0,2014-0314-JPN,nat-met-sto-tro,JPN,Asia,0.0,0.0,0.0,4401.0,4401.0,0.0,0.0,0.0,0.0,73.5335770092672,Tropical Storm,40.0,46.0,992.0,2014-07-27,2014-08-04,7.5,Landfall,Tropical Depression,35.85,126.75,0.0,2014-07-28,1,0.00233151880553617,12.5600004196167,0.007727861667686797,0.1385253197884378,0.5428161692211169,-0.027790221631823542,0.2492821276969216,-0.03783251609135452
2014245N19268,Dolly (2014),2014.0,2014-0385-MEX,nat-met-sto-tro,MEX,Americas,0.0,1.0,0.0,1500.0,1500.0,0.0,0.0,500.0,680.0,73.5335770092672,Tropical Storm,45.0,51.8,1000.0,2014-09-01,2014-09-04,2.5,Landfall,Tropical Storm,22.0,-97.7,40.0,2014-09-02,1,0.002048302045785322,12.25,0.0035092455299452485,0.143363890911941,0.8581833512633386,-0.009011186862326603,0.5423611985336074,0.0027884580464047465
2014279N11096,Hudhud (2014),2014.0,2014-0392-IND,nat-met-sto-tro,IND,Asia,0.0,53.0,0.0,920000.0,920000.0,530000.0,720759.0,7000000.0,9519461.0,73.5335770092672,Category 4,115.0,132.3,937.0,2014-10-06,2014-10-14,8.1,Landfall,Category 3,17.7887,83.0748,110.0,2014-10-06,0,-0.006327685613302325,15.460000038146973,0.012134883137185026,0.11981297303673043,-0.00948878923766816,-0.0024762819849556417,0.5920516699287504,0.03501112798436755
2015013S18038,Chedza (2015),2015.0,2015-0016-MDG,nat-met-sto-tro,MDG,Africa,0.0,89.0,37.0,0.0,174007.0,0.0,0.0,36000.0,48899.0,73.6208029365864,Tropical Storm,50.0,57.5,985.0,2015-01-13,2015-01-22,9.2,Landfall,Tropical Depression,-17.5,37.6,0.0,2015-01-13,0,0.011310281657380683,20.559999465942383,0.01087660575282845,0.18033070488430983,-0.17604686057843522,-0.03481978173820621,0.6324897415721423,0.035056032579158014
2015045S12145,Lam (2015),2015.0,2015-0053-AUS,nat-met-sto-tro,AUS,Oceania,0.0,0.0,0.0,390.0,438.0,0.0,0.0,78000.0,105948.0,73.6208029365864,Category 3,100.0,115.1,948.0,2015-02-14,2015-02-20,6.8,Landfall,Tropical Depression,-12.8454,143.189,0.0,2015-02-17,3,0.02677967074820553,15.800000190734863,-0.022101776875592782,0.22410824256859854,0.3359048130400868,-0.08662215540870277,0.6242753059050009,0.021759826580250836
2015047S15152,Marcia (2015),2015.0,2015-0079-AUS,nat-met-sto-tro,AUS,Oceania,0.0,1.0,0.0,0.0,6000.0,396000.0,537891.0,546000.0,741638.0,73.6208029365864,Category 4,125.0,143.8,929.0,2015-02-16,2015-02-22,6.2,Landfall,Category 4,-22.775,150.475,115.0,2015-02-17,1,0.02677967074820553,15.800000190734863,-0.022101776875592782,0.22410824256859854,0.3359048130400868,-0.08662215540870277,0.6242753059050009,0.021759826580250836
2015066S08170,Pam (2015),2015.0,2015-0093-TUV,nat-met-sto-tro,TUV,Oceania,0.0,0.0,0.0,4613.0,4613.0,0.0,0.0,0.0,0.0,73.6208029365864,Category 5,150.0,172.6,911.0,2015-03-07,2015-03-20,12.8,At Sea / Open Water,At Sea / Open Water,0.0,0.0,0.0,2015-03-09,2,-0.017123544913469013,15.0600004196167,-0.020062915933782066,0.2156437171902827,-0.5266945150744642,-0.07707039118678971,0.6948055402015236,0.01675000069703318
2015171N15112,Kujira (2015),2015.0,2015-0252-CHN,nat-met-sto-tro,CHN,Asia,0.0,0.0,0.0,193000.0,193000.0,0.0,0.0,11000.0,14941.0,73.6208029365864,Tropical Storm,50.0,57.5,985.0,2015-06-19,2015-06-25,5.2,Landfall,Tropical Storm,18.9,110.35,40.0,2015-06-19,0,0.008692006186345358,13.960000038146973,0.015025906202554173,0.1228107397361199,0.5500098501616586,-0.031204918562128148,0.9255319417223926,-0.019023405041601316
2015249N18142,Etau (2015),2015.0,2015-0456-JPN,nat-met-sto-tro,JPN,Asia,0.0,8.0,46.0,60000.0,60046.0,250000.0,339578.0,0.0,0.0,73.6208029365864,Tropical Storm,60.0,69.0,978.0,2015-09-05,2015-09-11,6.0,Landfall,Tropical Storm,35.8501,136.762,40.0,2015-09-08,3,-0.0012140030324151452,24.899999618530273,-0.01483723391558589,0.25616151988226515,-0.07215359650284803,-0.0880751023963453,0.6038314345122623,-0.002194184027689631
2015309N14067,Megh (2015),2015.0,2015-0494-SOM,nat-met-sto-tro,SOM,Africa,0.0,0.0,0.0,0.0,0.0,0.0,0.0,0.0,0.0,73.6208029365864,Category 3,110.0,126.6,941.0,2015-11-04,2015-11-10,6.0,Landfall,Tropical Depression,13.4541,46.5591,22.0,2015-11-04,0,0.00674806553944185,15.510000228881836,0.008219335509988657,0.12391130164516509,-0.38471738294367175,-0.027098472136317775,0.5988289073141037,-0.01631897042761224
2015293N13266,Patricia (2015),2015.0,2015-0470-MEX,nat-met-sto-tro,MEX,Americas,0.0,14.0,0.0,15000.0,15000.0,343000.0,465901.0,823000.0,1117891.0,73.6208029365864,Category 5,185.0,212.9,872.0,2015-10-20,2015-10-24,4.2,Landfall,Category 4,19.4,-105.0,130.0,2015-10-20,0,0.014282512546046178,15.75,0.019963847232162157,0.13056180551276922,0.019815321620322957,0.0,0.6139504187502615,-0.02589612898532405
2015273N12130,Mujigae (2015),2015.0,2015-0490-CHN,nat-met-sto-tro,CHN,Asia,0.0,20.0,0.0,52500.0,78300.0,0.0,0.0,4200000.0,5704909.0,73.6208029365864,Category 4,115.0,132.3,937.0,2015-09-30,2015-10-05,5.2,Landfall,Tropical Depression,15.7,121.325,30.0,2015-09-30,0,-0.010175445988072851,24.5,0.031205139748361477,0.15226768640547308,0.830057913225102,0.0,0.5850318353632189,-0.019824730238037203
2015256N16113,Vamco (2015),2015.0,2015-0620-THA,nat-met-sto-tro,THA,Asia,0.0,3.0,0.0,1440.0,1440.0,0.0,0.0,561.0,762.0,73.6208029365864,Tropical Storm,35.0,40.3,996.0,2015-09-13,2015-09-15,2.2,Landfall,Tropical Depression,15.6351,108.219,32.0,2015-09-14,1,0.017757849067738363,24.25,0.016845827694558002,0.24501949974694034,-0.37655626377554063,-0.09199906416963732,0.5973932985762281,0.023134900678733597
2016215N16283,Earl (2016),2016.0,2016-0284-HND,nat-met-sto-tro,HND,Americas,0.0,1.0,0.0,151.0,151.0,0.0,0.0,0.0,0.0,74.5496029864344,Category 1,75.0,86.3,979.0,2016-08-02,2016-08-06,4.2,Landfall,Category 1,17.4,-88.3,75.0,2016-08-02,0,-0.005536141324290478,13.369999885559082,-0.0076613567043064545,0.13121644758035103,0.09564237235292716,-0.022083689846440824,0.10931723240714587,-0.022758147538735098
2016215N16283,Earl (2016),2016.0,2016-0284-BLZ,nat-met-sto-tro,BLZ,Americas,0.0,0.0,0.0,10355.0,10355.0,0.0,0.0,0.0,0.0,74.5496029864344,Category 1,75.0,86.3,979.0,2016-08-02,2016-08-06,4.2,Landfall,Category 1,17.4,-88.3,75.0,2016-08-02,0,-0.005536141324290478,13.369999885559082,-0.0076613567043064545,0.13121644758035103,0.09564237235292716,-0.022083689846440824,0.10931723240714587,-0.022758147538735098
2016215N16283,Earl (2016),2016.0,2016-0284-MEX,nat-met-sto-tro,MEX,Americas,0.0,54.0,0.0,11000.0,11000.0,0.0,0.0,0.0,0.0,74.5496029864344,Category 1,75.0,86.3,979.0,2016-08-02,2016-08-06,4.2,Landfall,Category 1,17.4,-88.3,75.0,2016-08-02,0,-0.005536141324290478,13.369999885559082,-0.0076613567043064545,0.13121644758035103,0.09564237235292716,-0.022083689846440824,0.10931723240714587,-0.022758147538735098
2016242N24279,Hermine (2016),2016.0,2016-0322-USA,nat-met-sto-tro,USA,Americas,0.0,3.0,0.0,13500.0,14070.0,270000.0,362175.0,600000.0,804833.0,74.5496029864344,Category 1,70.0,80.6,981.0,2016-08-28,2016-09-08,11.0,Landfall,Category 1,30.1,-84.1,70.0,2016-08-29,1,-0.0007778309410803042,12.9399995803833,-0.016865273794297364,0.14502306955685723,0.430013843415588,-0.04362098664260983,0.08444509470352299,0.0122534604517915
2016266N11144,Megi (2016),2016.0,2016-0350-CHN,nat-met-sto-tro,CHN,Asia,0.0,35.0,0.0,36000.0,36000.0,0.0,0.0,830000.0,1113353.0,74.5496029864344,Category 4,120.0,138.1,933.0,2016-09-22,2016-09-29,7.8,Landfall,Category 2,23.8963,121.035,90.0,2016-09-22,0,0.013921332427239363,12.020000457763672,0.045014830209580525,0.2171305326098203,-0.5235771006024907,0.0,0.8981383391535359,-0.022026811481005493
2016273N13300,Matthew (2016),2016.0,2016-0355-BHS,nat-met-sto-tro,BHS,Americas,0.0,0.0,0.0,0.0,0.0,0.0,0.0,600000.0,804833.0,74.5496029864344,Category 5,145.0,166.9,934.0,2016-09-28,2016-10-10,11.5,Landfall,Category 4,18.3,-74.3,130.0,2016-09-28,0,0.003799357645445367,12.390000343322754,-0.01164382824964083,0.20318134877632146,-0.1435653513766999,-0.017654170596982044,0.8866026943614904,-0.053574331427413496
2016273N13300,Matthew (2016),2016.0,2016-0355-HTI,nat-met-sto-tro,HTI,Americas,0.0,546.0,439.0,2100000.0,2100439.0,0.0,0.0,2000000.0,2682778.0,74.5496029864344,Category 5,145.0,166.9,934.0,2016-09-28,2016-10-10,11.5,Landfall,Category 4,18.3,-74.3,130.0,2016-09-28,0,0.003799357645445367,12.390000343322754,-0.01164382824964083,0.20318134877632146,-0.1435653513766999,-0.017654170596982044,0.8866026943614904,-0.053574331427413496
2016273N13300,Matthew (2016),2016.0,2016-0355-LCA,nat-met-sto-tro,LCA,Americas,0.0,0.0,0.0,25000.0,25000.0,0.0,0.0,0.0,0.0,74.5496029864344,Category 5,145.0,166.9,934.0,2016-09-28,2016-10-10,11.5,Landfall,Category 4,18.3,-74.3,130.0,2016-09-28,0,0.003799357645445367,12.390000343322754,-0.01164382824964083,0.20318134877632146,-0.1435653513766999,-0.017654170596982044,0.8866026943614904,-0.053574331427413496
2016230N15138,Mindulle (2016),2016.0,2016-0382-JPN,nat-met-sto-tro,JPN,Asia,0.0,2.0,70.0,3633.0,3703.0,0.0,0.0,100000.0,134139.0,74.5496029864344,Category 1,65.0,74.8,974.0,2016-08-16,2016-08-23,6.5,Landfall,Tropical Storm,35.85,140.025,60.0,2016-08-16,0,-0.0010081467849896164,12.640000343322754,-0.02307679759346226,0.11814340459282002,0.9993263458223534,-0.06122042199379252,0.052702436185590784,0.012878996236053777
2016323N13279,Otto (2016),2016.0,2016-0433-CRI,nat-met-sto-tro,CRI,Americas,0.0,9.0,0.0,50000.0,50000.0,0.0,0.0,0.0,0.0,74.5496029864344,Category 3,100.0,115.1,975.0,2016-11-17,2016-11-26,8.8,Landfall,Category 3,11.0,-83.8,100.0,2016-11-17,0,0.009543159820688984,13.350000381469728,0.004543597072181216,0.21874338914301583,-0.6385811149135785,-0.06069204229275704,0.8753731443727567,0.00561022186266176
2016341N08092,Vardah (2016),2016.0,2016-0485-IND,nat-met-sto-tro,IND,Asia,0.0,24.0,0.0,0.0,0.0,200000.0,268278.0,1000000.0,1341389.0,74.5496029864344,Category 2,85.0,97.8,959.0,2016-12-06,2016-12-19,12.8,Landfall,Category 1,13.1,79.85,65.0,2016-12-06,0,0.0035760308550556452,11.789999961853027,-0.03107517525753689,0.23637666742303615,-0.4170698450272362,-0.048810108527779894,0.6260840090792392,0.029710836888212976
2017232N19130,Hato (2017),2017.0,2017-0352-VNM,nat-met-sto-tro,VNM,Asia,0.0,1.0,1.0,0.0,1.0,0.0,0.0,1430000.0,1878178.0,76.1376037057766,Category 3,100.0,115.1,948.0,2017-08-19,2017-08-25,5.5,Landfall,Category 2,22.175,112.85,85.0,2017-08-21,2,-0.014764198245264426,13.1899995803833,0.012026240431927349,0.07744333712837569,-0.5218045621332792,0.0,0.22275830167592223,0.008340546338630543
2017043S19040,Dineo (2017),2017.0,2017-0051-MOZ,nat-met-sto-tro,MOZ,Africa,0.0,7.0,102.0,750000.0,750102.0,0.0,0.0,17000.0,22328.0,76.1376037057766,Category 2,85.0,97.8,959.0,2017-02-11,2017-02-17,5.8,Landfall,Category 1,-23.4,35.25,75.0,2017-02-13,2,0.0167736416723272,11.06999969482422,0.014958767163143483,0.12077771965805577,0.8521442771939789,0.0,0.7483473820345472,-0.000653051976653593
2017147N14087,Mora (2017),2017.0,2017-0152-BGD,nat-met-sto-tro,BGD,Asia,0.0,7.0,12.0,3300000.0,3300012.0,0.0,0.0,0.0,0.0,76.1376037057766,Category 1,80.0,92.1,963.0,2017-05-27,2017-05-30,3.5,Landfall,Category 1,21.8988,91.9716,67.0,2017-05-30,3,0.008266338907300108,10.380000114440918,0.019798230939379158,0.06769585321533068,-0.19114830383196435,0.0,0.13616406900884748,0.0068760902352342805
2017195N16114,Talas (2017),2017.0,2017-0281-VNM,nat-met-sto-tro,VNM,Asia,0.0,9.0,0.0,21000.0,21000.0,0.0,0.0,71000.0,93252.0,76.1376037057766,Tropical Storm,50.0,57.5,985.0,2017-07-14,2017-07-17,3.8,Landfall,Tropical Storm,18.6,105.675,45.0,2017-07-14,0,0.014249740905891262,9.510000228881836,0.008350910844497905,0.0828758930240943,-0.04942320741913597,-0.04047325463900153,0.2361765089959716,0.025117396192687533
2017242N16333,Irma (2017),2017.0,2017-0381-BLM,nat-met-sto-tro,BLM,Americas,0.0,4.0,0.0,0.0,0.0,1048800.0,1377506.0,0.0,0.0,76.1376037057766,Category 5,155.0,178.4,914.0,2017-08-30,2017-09-13,14.5,Landfall,Category 3,25.9,-81.7,100.0,2017-08-30,0,0.00592896952370392,11.220000267028809,-0.0007272703182065188,0.06728005620175652,-0.18381278117593636,-0.005068865162909719,0.1653299131704243,0.0019692332074669316
2017242N16333,Irma (2017),2017.0,2017-0381-BRB,nat-met-sto-tro,BRB,Americas,0.0,1.0,0.0,0.0,0.0,0.0,0.0,0.0,0.0,76.1376037057766,Category 5,155.0,178.4,914.0,2017-08-30,2017-09-13,14.5,Landfall,Category 3,25.9,-81.7,100.0,2017-08-30,0,0.00592896952370392,11.220000267028809,-0.0007272703182065188,0.06728005620175652,-0.18381278117593636,-0.005068865162909719,0.1653299131704243,0.0019692332074669316
2017242N16333,Irma (2017),2017.0,2017-0381-HTI,nat-met-sto-tro,HTI,Americas,0.0,1.0,17.0,40075.0,40092.0,162.0,213.0,0.0,0.0,76.1376037057766,Category 5,155.0,178.4,914.0,2017-08-30,2017-09-13,14.5,Landfall,Category 3,25.9,-81.7,100.0,2017-08-30,0,0.00592896952370392,11.220000267028809,-0.0007272703182065188,0.06728005620175652,-0.18381278117593636,-0.005068865162909719,0.1653299131704243,0.0019692332074669316
2017242N16333,Irma (2017),2017.0,2017-0381-PRI,nat-met-sto-tro,PRI,Americas,0.0,2.0,0.0,0.0,0.0,0.0,0.0,0.0,0.0,76.1376037057766,Category 5,155.0,178.4,914.0,2017-08-30,2017-09-13,14.5,Landfall,Category 3,25.9,-81.7,100.0,2017-08-30,0,0.00592896952370392,11.220000267028809,-0.0007272703182065188,0.06728005620175652,-0.18381278117593636,-0.005068865162909719,0.1653299131704243,0.0019692332074669316
2017242N16333,Irma (2017),2017.0,2017-0381-TCA,nat-met-sto-tro,TCA,Americas,0.0,0.0,0.0,0.0,0.0,14900.0,19570.0,500000.0,656706.0,76.1376037057766,Category 5,155.0,178.4,914.0,2017-08-30,2017-09-13,14.5,Landfall,Category 3,25.9,-81.7,100.0,2017-08-30,0,0.00592896952370392,11.220000267028809,-0.0007272703182065188,0.06728005620175652,-0.18381278117593636,-0.005068865162909719,0.1653299131704243,0.0019692332074669316
2017242N16333,Irma (2017),2017.0,2017-0381-VGB,nat-met-sto-tro,VGB,Americas,0.0,9.0,0.0,0.0,0.0,0.0,0.0,3000000.0,3940234.0,76.1376037057766,Category 5,155.0,178.4,914.0,2017-08-30,2017-09-13,14.5,Landfall,Category 3,25.9,-81.7,100.0,2017-08-30,0,0.00592896952370392,11.220000267028809,-0.0007272703182065188,0.06728005620175652,-0.18381278117593636,-0.005068865162909719,0.1653299131704243,0.0019692332074669316
2017260N12310,Maria (2017),2017.0,2017-0383-DMA,nat-met-sto-tro,DMA,Americas,0.0,64.0,100.0,71293.0,71393.0,19300.0,25349.0,1456000.0,1912327.0,76.1376037057766,Category 5,150.0,172.6,908.0,2017-09-16,2017-10-02,16.0,Landfall,Category 4,18.0,-65.9,135.0,2017-09-18,2,0.007019417295161201,10.149999618530272,-0.021971812295164872,0.0979275609753643,0.5660053906219034,-0.021971812295164872,0.14969805725314766,-0.008199642699812201
2017260N12310,Maria (2017),2017.0,2017-0383-HTI,nat-met-sto-tro,HTI,Americas,0.0,3.0,0.0,0.0,0.0,0.0,0.0,0.0,0.0,76.1376037057766,Category 5,150.0,172.6,908.0,2017-09-16,2017-10-02,16.0,Landfall,Category 4,18.0,-65.9,135.0,2017-09-18,2,0.007019417295161201,10.149999618530272,-0.021971812295164872,0.0979275609753643,0.5660053906219034,-0.021971812295164872,0.14969805725314766,-0.008199642699812201
2017253N14130,Doksuri (2017),2017.0,2017-0406-VNM,nat-met-sto-tro,VNM,Asia,0.0,14.0,112.0,691900.0,692012.0,0.0,0.0,484000.0,635691.0,76.1376037057766,Category 2,95.0,109.3,960.0,2017-09-10,2017-09-16,6.2,Landfall,Tropical Depression,14.4994,121.278,30.0,2017-09-11,1,0.005527694612103895,10.729999542236328,0.01879593428903248,0.06685352081277131,-0.104457479567297,0.0,0.1725531296262967,-0.023183034717597892
2018089S18172,Josie (2018),2018.0,2018-0101-FJI,nat-met-sto-tro,FJI,Oceania,0.0,7.0,0.0,89950.0,89950.0,0.0,0.0,10000.0,12821.0,77.9972651879547,Tropical Storm,50.0,57.5,994.0,2018-03-30,2018-04-04,5.2,At Sea / Open Water,At Sea / Open Water,0.0,0.0,0.0,2018-04-02,3,-0.0022473880487124953,23.6200008392334,0.022013448027407012,0.14376646322042178,0.02643891013770383,-0.007718695895107763,0.32625308602809033,0.0031062075294123184
2017304N11127,Damrey (2017),2017.0,2017-0422-VNM,nat-met-sto-tro,VNM,Asia,0.0,123.0,0.0,4330000.0,4330000.0,0.0,0.0,1000000.0,1313411.0,76.1376037057766,Category 2,90.0,103.6,967.0,2017-10-31,2017-11-05,5.0,Landfall,Tropical Depression,11.25,124.35,0.0,2017-10-31,0,0.0022995460556769487,10.18000030517578,0.0032763563626263537,0.07523138159174066,-0.15911677267394164,0.0,0.06698822309687881,0.009400735549066733
2017288N09138,Lan (2017),2017.0,2017-0432-JPN,nat-met-sto-tro,JPN,Asia,0.0,8.0,210.0,18600.0,18810.0,0.0,0.0,1000000.0,1313411.0,76.1376037057766,Category 4,135.0,155.4,922.0,2017-10-15,2017-10-23,8.8,Landfall,Category 1,34.6857,138.207,70.0,2017-10-16,1,0.005276634642993994,9.90999984741211,0.009906436808843955,0.0973447828805936,0.5320609751113654,-0.00916936706545346,-0.006165762916703909,0.015937011345303596
2017252N14147,Talim (2017),2017.0,2017-0468-JPN,nat-met-sto-tro,JPN,Asia,0.0,2.0,56.0,21600.0,21656.0,330000.0,433426.0,500000.0,656706.0,76.1376037057766,Category 4,120.0,138.1,933.0,2017-09-08,2017-09-22,14.2,Landfall,Tropical Storm,31.4564,130.855,55.0,2017-09-08,0,-0.0036767918960330936,12.119999885559082,0.007094940888995094,0.06762824868599894,-0.13845933425665025,0.0,0.11951564707654996,-0.0053401140929955244
2017333N06082,Ockhi (2017),2017.0,2017-0508-LKA,nat-met-sto-tro,LKA,Asia,0.0,27.0,77.0,160000.0,160077.0,0.0,0.0,346000.0,454440.0,76.1376037057766,Category 3,100.0,115.1,948.0,2017-11-28,2017-12-05,7.0,Landfall,Tropical Depression,6.1,80.6667,30.0,2017-11-28,0,0.017692829303877833,10.029999732971191,0.013299898766558682,0.0964254036004568,-0.011450833521669423,-0.00861607145222687,0.034415562419317286,-0.01777870561381974
2018038S15172,Gita (2018),2018.0,2018-0042-WSM,nat-met-sto-tro,WSM,Oceania,0.0,0.0,0.0,0.0,0.0,0.0,0.0,0.0,0.0,77.9972651879547,Category 4,125.0,143.8,929.0,2018-02-07,2018-02-22,15.5,Landfall,Tropical Depression,-42.0131,172.712,0.0,2018-02-07,0,-0.05047886336747187,27.729999542236328,-0.057602022073877546,0.14241481650735935,0.01710237346505461,-0.057602022073877546,0.22439412310095463,0.00878554319998012
2018073S12057,Eliakim (2018),2018.0,2018-0086-MDG,nat-met-sto-tro,MDG,Africa,0.0,21.0,0.0,50872.0,50872.0,0.0,0.0,0.0,0.0,77.9972651879547,Category 1,65.0,74.8,982.0,2018-03-13,2018-03-22,9.2,Landfall,Tropical Storm,-15.8,50.2,60.0,2018-03-13,0,0.014072004996698695,16.350000381469727,0.009133479385514232,0.1929301091598884,-0.08863724164574083,-0.012512200396026296,0.3801013000292572,0.014001243861477435
2023039S15153,Gabrielle (2023),2023.0,2023-0079-NZL,nat-met-sto-tro,NZL,Oceania,0.0,11.0,0.0,10500.0,10500.0,1900000.0,2007510.0,2800000.0,2958435.0,94.6446220103845,Category 2,89.0,102.4,958.0,2023-02-08,2023-02-12,4.2,At Sea / Open Water,At Sea / Open Water,0.0,0.0,0.0,2023-02-08,0,-0.0003652317123680193,19.6299991607666,-0.027453014991344782,0.15273084560914493,-0.2738183721877161,-0.06617676725912025,0.6523810729140869,0.008971960587342028
2018186N10325,Beryl (2018),2018.0,2018-0280-DOM,nat-met-sto-tro,DOM,Americas,0.0,0.0,0.0,0.0,8000.0,0.0,0.0,0.0,0.0,77.9972651879547,Category 1,70.0,80.6,991.0,2018-07-04,2018-07-17,12.8,Landfall,Tropical Depression,18.6696,-71.1097,30.0,2018-07-05,1,0.013959614808509047,14.970000267028809,0.016570184530571685,0.08081921046396541,-0.4931701332892252,0.0,-0.07314404562952904,-0.0026828608361063972
2018186N10325,Beryl (2018),2018.0,2018-0280-PRI,nat-met-sto-tro,PRI,Americas,0.0,0.0,0.0,0.0,0.0,0.0,0.0,0.0,0.0,77.9972651879547,Category 1,70.0,80.6,991.0,2018-07-04,2018-07-17,12.8,Landfall,Tropical Depression,18.6696,-71.1097,30.0,2018-07-05,1,0.013959614808509047,14.970000267028809,0.016570184530571685,0.08081921046396541,-0.4931701332892252,0.0,-0.07314404562952904,-0.0026828608361063972
2018184N10147,Maria (2018),2018.0,2018-0285-CHN,nat-met-sto-tro,CHN,Asia,0.0,0.0,0.0,45000.0,45000.0,0.0,0.0,490000.0,628227.0,77.9972651879547,Category 5,145.0,166.9,910.0,2018-07-03,2018-07-13,10.0,Landfall,Category 2,26.3821,119.097,85.0,2018-07-03,0,-0.0025770723118381245,16.139999389648438,0.01606995045662374,0.12974458340832445,-0.46728817049832483,0.0,-0.13442909180198137,0.0031483503548305194
2018221N17112,Bebinca (2018),2018.0,2018-0305-LAO,nat-met-sto-tro,LAO,Asia,0.0,0.0,0.0,615145.0,615145.0,0.0,0.0,225000.0,288472.0,77.9972651879547,Tropical Storm,60.0,69.0,979.0,2018-08-09,2018-08-17,8.8,Landfall,Tropical Depression,21.6512,112.222,20.0,2018-08-09,0,0.009490562807761949,11.270000457763672,0.009675613659910542,0.09694440871720186,-0.4979672563454566,-0.002249865748468416,-0.4069765628624235,0.0177240234923592
2018218N18134,Yagi (2018),2018.0,2018-0347-CHN,nat-met-sto-tro,CHN,Asia,0.0,3.0,0.0,2400.0,2400.0,0.0,0.0,367000.0,470529.0,77.9972651879547,Tropical Storm,45.0,51.8,983.0,2018-08-06,2018-08-16,10.0,Landfall,Tropical Storm,28.3089,121.503,40.0,2018-08-06,0,0.016752979295495907,11.270000457763672,0.019495471519544783,0.1016315323250352,0.28731374783673136,0.0,-0.3471281664029733,-0.008347205028360729
2018226N23128,Rumbia (2018),2018.0,2018-0348-CHN,nat-met-sto-tro,CHN,Asia,0.0,53.0,0.0,39600.0,39600.0,0.0,0.0,5400000.0,6923320.0,77.9972651879547,Tropical Storm,50.0,57.5,978.0,2018-08-14,2018-08-20,6.8,Landfall,Tropical Storm,30.904,121.228,47.0,2018-08-14,0,-0.005883092382582444,13.3100004196167,-0.0016896127682827222,0.09846343241505556,-0.2414061427198242,-0.003187172187027909,-0.3550568625709243,0.017533483081717243
2018263N12146,Trami (2018),2018.0,2018-0353-JPN,nat-met-sto-tro,JPN,Asia,0.0,4.0,200.0,18000.0,18200.0,0.0,0.0,4500000.0,5769433.0,77.9972651879547,Category 5,140.0,161.1,914.0,2018-09-20,2018-10-03,13.5,Landfall,Category 1,33.8252,135.444,70.0,2018-09-20,0,0.009455552550481805,11.800000190734863,-0.02344753147430234,0.12279669084531397,1.0303275512297416,-0.02665715231838972,-0.06991522670313641,-0.018260547866044006
2018265N35315,Leslie (2018),2018.0,2018-0376-PRT,nat-met-sto-tro,PRT,Europe,0.0,2.0,28.0,60.0,88.0,60000.0,76926.0,115500.0,148082.0,77.9972651879547,Category 1,80.0,92.1,968.0,2018-09-22,2018-10-14,22.0,Landfall,Tropical Storm,41.1,-7.6,40.0,2018-09-24,2,0.010359106890072356,12.199999809265137,-0.026013226424822955,0.12658298600945753,-0.05135667749016415,-0.031170391719872126,-0.008194293889816828,-0.0022620089282461577
2018294N08161,Yutu (2018),2018.0,2018-0399-MNP,nat-met-sto-tro,MNP,Oceania,0.0,2.0,0.0,0.0,0.0,0.0,0.0,0.0,0.0,77.9972651879547,Category 5,150.0,172.6,904.0,2018-10-20,2018-11-03,13.5,Landfall,Category 3,16.7662,122.297,97.0,2018-10-22,2,0.002223035032105969,19.63999938964844,0.01917328786225414,0.16423878222511626,-0.332534190595543,-0.006413798577340368,0.2776340862234619,0.009411836687598034
2018292N13269,Vicente (2018),2018.0,2018-0421-MEX,nat-met-sto-tro,MEX,Americas,0.0,14.0,0.0,0.0,0.0,0.0,0.0,7005.0,8981.0,77.9972651879547,Tropical Storm,45.0,51.8,1002.0,2018-10-19,2018-10-23,4.6,Landfall,Tropical Depression,18.0,-102.4,25.0,2018-10-19,0,0.0010870263983777662,19.88999938964844,0.03059514633052718,0.16603531512426198,0.3621776844954754,0.0,0.27423577511491987,-0.011150129062833398
2018314N12093,Gaja (2018),2018.0,2018-0431-IND,nat-met-sto-tro,IND,Asia,0.0,45.0,0.0,500000.0,500000.0,0.0,0.0,775000.0,993625.0,77.9972651879547,Category 1,80.0,92.1,963.0,2018-11-10,2018-11-19,9.4,Landfall,Category 1,10.4674,79.69,75.0,2018-11-12,2,-0.0029994919370102124,20.450000762939453,0.01743977350719117,0.17587581999015786,0.3016284529931823,-0.007061403774541786,0.03629256263603462,0.0055678307919309784
2019268N10155,Mitag (2019),2019.0,2019-0472-CHN,nat-met-sto-tro,CHN,Asia,0.0,3.0,0.0,0.0,0.0,0.0,0.0,263000.0,331189.0,79.4107846043372,Category 2,90.0,103.6,961.0,2019-09-24,2019-10-05,11.0,Landfall,Tropical Storm,35.0475,127.236,40.0,2019-09-24,0,-0.012241614953714453,17.049999237060547,0.025020921269314877,0.1054020539777657,0.5527580774535319,0.0,0.2957179832610347,0.0020094044835420205
2019063S18038,Idai (2019),2019.0,2019-0110-MOZ,nat-met-sto-tro,MOZ,Africa,0.0,603.0,1500.0,1500000.0,1501500.0,150000.0,188891.0,2000000.0,2518550.0,79.4107846043372,Category 4,115.0,132.3,947.0,2019-03-04,2019-03-16,12.5,Landfall,Tropical Depression,-17.5149,37.2701,0.0,2019-03-04,0,-0.00042910849415134233,14.630000114440918,0.009703800774804039,0.06728046214785696,-0.05676562105794303,0.0,0.35540017236332444,0.013976602943552853
2023037S12119,Freddy (2023),2023.0,2023-0095-MUS,nat-met-sto-tro,MUS,Africa,0.0,1.0,0.0,2500.0,2500.0,0.0,0.0,0.0,0.0,94.6446220103845,Category 5,138.0,158.8,924.0,2023-02-06,2023-02-24,18.0,Landfall,Category 2,-21.1,48.3,89.0,2023-02-06,0,0.023066069229040975,19.43000030517578,-0.0013124340375326726,0.14734637805400552,1.0187777135145555,-0.04980590389522621,0.698732825176664,-0.010516624238057874
2019192N29274,Barry (2019),2019.0,2019-0335-USA,nat-met-sto-tro,USA,Americas,0.0,1.0,0.0,0.0,0.0,300000.0,377782.0,600000.0,755565.0,79.4107846043372,Category 1,65.0,74.8,993.0,2019-07-10,2019-07-16,5.8,Landfall,Category 1,29.6,-92.2,65.0,2019-07-10,0,0.007354608765394621,13.029999732971191,0.011610524816586754,0.12245814508188313,-0.46225332990004453,-0.0003277545706701357,0.10159904348521197,-0.0039671926760222066
2019243N06136,Lingling (2019),2019.0,2019-0424-KOR,nat-met-sto-tro,KOR,Asia,0.0,3.0,33.0,38.0,71.0,0.0,0.0,0.0,0.0,79.4107846043372,Category 4,120.0,138.1,928.0,2019-08-30,2019-09-12,12.5,Landfall,Category 1,37.9,125.225,65.0,2019-08-30,0,0.026680117789881663,18.979999542236328,0.01789192767856207,0.11807838722759706,-0.4326670704623461,0.0,0.34189589940424264,-0.00800069151612546
2019243N06136,Lingling (2019),2019.0,2019-0424-PRK,nat-met-sto-tro,PRK,Asia,0.0,5.0,0.0,5300000.0,5300000.0,0.0,0.0,24000.0,30223.0,79.4107846043372,Category 4,120.0,138.1,928.0,2019-08-30,2019-09-12,12.5,Landfall,Category 1,37.9,125.225,65.0,2019-08-30,0,0.026680117789881663,18.979999542236328,0.01789192767856207,0.11807838722759706,-0.4326670704623461,0.0,0.34189589940424264,-0.00800069151612546
2023037S12119,Freddy (2023),2023.0,2023-0095-REU,nat-met-sto-tro,REU,Africa,0.0,0.0,0.0,25000.0,25000.0,0.0,0.0,0.0,0.0,94.6446220103845,Category 5,138.0,158.8,924.0,2023-02-06,2023-02-24,18.0,Landfall,Category 2,-21.1,48.3,89.0,2023-02-06,0,0.023066069229040975,19.43000030517578,-0.0013124340375326726,0.14734637805400552,1.0187777135145555,-0.04980590389522621,0.698732825176664,-0.010516624238057874
2023037S12119,Freddy (2023),2023.0,2023-0095-ZWE,nat-met-sto-tro,ZWE,Africa,0.0,2.0,0.0,0.0,0.0,0.0,0.0,0.0,0.0,94.6446220103845,Category 5,138.0,158.8,924.0,2023-02-06,2023-02-24,18.0,Landfall,Category 2,-21.1,48.3,89.0,2023-02-06,0,0.023066069229040975,19.43000030517578,-0.0013124340375326726,0.14734637805400552,1.0187777135145555,-0.04980590389522621,0.698732825176664,-0.010516624238057874
2019246N24266,Fernand (2019),2019.0,2019-0519-MEX,nat-met-sto-tro,MEX,Americas,0.0,1.0,0.0,0.0,0.0,25000.0,31482.0,383000.0,482302.0,79.4107846043372,Tropical Storm,45.0,51.8,1000.0,2019-09-03,2019-09-05,1.8,Landfall,Tropical Depression,24.3,-98.0,30.0,2019-09-03,0,0.00951372433131703,19.65999984741211,0.02411974837050246,0.11409106473512236,0.6624853120841667,0.0,0.34047872906518406,-0.026082513281496272
2019354N05151,Phanfone (2019),2019.0,2019-0634-PHL,nat-met-sto-tro,PHL,Asia,0.0,63.0,369.0,3296877.0,3297246.0,0.0,0.0,15722.0,19798.0,79.4107846043372,Category 3,105.0,120.8,958.0,2019-12-19,2019-12-29,9.8,At Sea / Open Water,At Sea / Open Water,0.0,0.0,0.0,2019-12-19,0,0.011887662375620778,12.5,0.028149065998041456,0.07403542686939982,-0.29918605470807025,0.0,0.26826317707876673,0.0006353452759407445
2020072S14054,Herold (2020),2020.0,2020-0103-MDG,nat-met-sto-tro,MDG,Africa,0.0,4.0,0.0,3200.0,3200.0,0.0,0.0,0.0,0.0,80.3903830082114,Category 3,100.0,115.1,960.0,2020-03-12,2020-03-21,8.8,At Sea / Open Water,At Sea / Open Water,0.0,0.0,0.0,2020-03-12,0,-0.17969344969271928,75.47000122070312,-0.19169389366112288,0.5718892900716311,0.15947768159331566,-0.22950130997693452,0.8198913947476962,-0.025168971089582822
2020092S09155,Harold (2020),2020.0,2020-0132-FJI,nat-met-sto-tro,FJI,Oceania,0.0,1.0,0.0,180000.0,180000.0,0.0,0.0,13000.0,16171.0,80.3903830082114,Category 5,145.0,166.9,909.0,2020-04-01,2020-04-11,10.0,Landfall,Category 4,-15.6,166.867,120.0,2020-04-01,0,-0.0025931157073530997,57.060001373291016,0.02057627243476534,1.068672822869559,-0.12789813076483547,-0.22256273340070054,1.0207195637292945,-0.00021179706985918756
2020136N10088,Amphan (2020),2020.0,2020-0211-BGD,nat-met-sto-tro,BGD,Asia,0.0,26.0,0.0,2600000.0,2600000.0,0.0,0.0,1500000.0,1865895.0,80.3903830082114,Category 5,145.0,166.9,901.0,2020-05-15,2020-05-21,6.2,Landfall,Category 2,22.05,88.35,95.0,2020-05-15,0,-0.02106416048155757,31.88999938964844,-0.02403833544832734,0.2795500248919157,1.6116475603693718,-0.07337292305031073,1.0471443918979766,-0.0030363026164106077
2020136N10088,Amphan (2020),2020.0,2020-0211-IND,nat-met-sto-tro,IND,Asia,0.0,90.0,0.0,18000000.0,18000000.0,0.0,0.0,13500000.0,16793053.0,80.3903830082114,Category 5,145.0,166.9,901.0,2020-05-15,2020-05-21,6.2,Landfall,Category 2,22.05,88.35,95.0,2020-05-15,0,-0.02106416048155757,31.88999938964844,-0.02403833544832734,0.2795500248919157,1.6116475603693718,-0.07337292305031073,1.0471443918979766,-0.0030363026164106077
2020136N10088,Amphan (2020),2020.0,2020-0211-LKA,nat-met-sto-tro,LKA,Asia,0.0,4.0,0.0,1100.0,1100.0,0.0,0.0,0.0,0.0,80.3903830082114,Category 5,145.0,166.9,901.0,2020-05-15,2020-05-21,6.2,Landfall,Category 2,22.05,88.35,95.0,2020-05-15,0,-0.02106416048155757,31.88999938964844,-0.02403833544832734,0.2795500248919157,1.6116475603693718,-0.07337292305031073,1.0471443918979766,-0.0030363026164106077
2020153N13072,Nisarga (2020),2020.0,2020-0217-IND,nat-met-sto-tro,IND,Asia,0.0,6.0,0.0,7500.0,7500.0,0.0,0.0,820000.0,1020023.0,80.3903830082114,Category 2,85.0,97.8,968.0,2020-05-31,2020-06-04,3.5,Landfall,Category 1,18.5137,73.2462,77.0,2020-06-01,1,0.034219927469697264,28.229999542236328,0.06940491052374331,0.2653908405593433,0.22127695276449377,0.0,1.064692227619181,-0.021269906186466278
2020152N12269,Amanda (2020),2020.0,2020-0218-GTM,nat-met-sto-tro,GTM,Americas,0.0,2.0,0.0,306000.0,306886.0,0.0,0.0,0.0,0.0,80.3903830082114,Tropical Storm,35.0,40.3,1003.0,2020-05-30,2020-05-31,0.8,Landfall,Tropical Storm,14.1,-90.3,35.0,2020-06-01,2,0.034219927469697264,28.229999542236328,0.06940491052374331,0.2653908405593433,0.22127695276449377,0.0,1.064692227619181,-0.021269906186466278
2020152N12269,Amanda (2020),2020.0,2020-0218-SLV,nat-met-sto-tro,SLV,Americas,0.0,32.0,0.0,149840.0,149840.0,0.0,0.0,220000.0,273665.0,80.3903830082114,Tropical Storm,35.0,40.3,1003.0,2020-05-30,2020-05-31,0.8,Landfall,Tropical Storm,14.1,-90.3,35.0,2020-06-01,2,0.034219927469697264,28.229999542236328,0.06940491052374331,0.2653908405593433,0.22127695276449377,0.0,1.064692227619181,-0.021269906186466278
2020211N14124,Sinlaku (2020),2020.0,2020-0307-LAO,nat-met-sto-tro,LAO,Asia,0.0,0.0,0.0,1000.0,1000.0,0.0,0.0,0.0,0.0,80.3903830082114,Tropical Storm,45.0,51.8,989.0,2020-07-29,2020-08-03,5.0,Landfall,Tropical Depression,15.3,121.0,15.0,2020-07-29,0,-0.0053233660762878054,24.100000381469727,0.0019797477209859693,0.18935426893410384,-0.386897104485051,0.0,0.6619048506393662,-0.025427892469474148
2020211N14124,Sinlaku (2020),2020.0,2020-0307-VNM,nat-met-sto-tro,VNM,Asia,0.0,2.0,0.0,10000.0,10000.0,0.0,0.0,232.0,289.0,80.3903830082114,Tropical Storm,45.0,51.8,989.0,2020-07-29,2020-08-03,5.0,Landfall,Tropical Depression,15.3,121.0,15.0,2020-07-29,0,-0.0053233660762878054,24.100000381469727,0.0019797477209859693,0.18935426893410384,-0.386897104485051,0.0,0.6619048506393662,-0.025427892469474148
2020211N13306,Isaias (2020),2020.0,2020-0312-DOM,nat-met-sto-tro,DOM,Americas,0.0,2.0,0.0,5595.0,5595.0,0.0,0.0,165000.0,205248.0,80.3903830082114,Category 1,80.0,92.1,986.0,2020-07-28,2020-08-05,7.8,Landfall,Tropical Storm,18.9,-69.8,60.0,2020-07-28,0,-0.011815242560159533,25.440000534057617,0.012732425742859155,0.18932536328757937,0.2507280910775749,-0.003790422749478939,0.6652053809588849,-0.012126675577044853
2020205N26272,Hanna (2020),2020.0,2020-0316-MEX,nat-met-sto-tro,MEX,Americas,0.0,5.0,0.0,0.0,0.0,0.0,0.0,135000.0,167931.0,80.3903830082114,Category 1,80.0,92.1,973.0,2020-07-23,2020-07-26,3.8,Landfall,Category 1,26.7,-97.5,80.0,2020-07-23,0,0.006763923701758934,26.079999923706055,0.030570614293598863,0.19641743160701172,0.2705600403632695,0.0,0.6633104130929961,-0.0012299788150571403
2020205N26272,Hanna (2020),2020.0,2020-0316-USA,nat-met-sto-tro,USA,Americas,0.0,0.0,0.0,0.0,0.0,0.0,0.0,1100000.0,1368323.0,80.3903830082114,Category 1,80.0,92.1,973.0,2020-07-23,2020-07-26,3.8,Landfall,Category 1,26.7,-97.5,80.0,2020-07-23,0,0.006763923701758934,26.079999923706055,0.030570614293598863,0.19641743160701172,0.2705600403632695,0.0,0.6633104130929961,-0.0012299788150571403
2020233N14313,Laura (2020),2020.0,2020-0376-USA,nat-met-sto-tro,USA,Americas,0.0,33.0,0.0,6500.0,6500.0,10000000.0,12439299.0,13000000.0,16171089.0,80.3903830082114,Category 4,130.0,149.6,937.0,2020-08-20,2020-08-29,9.2,Landfall,Tropical Storm,18.2,-68.8,45.0,2020-08-20,0,0.0043047488694807345,22.719999313354492,-0.026104098699380796,0.16475400143768104,-0.18007284868720597,-0.03529048977649918,0.5652129401034074,-0.023871941034861385
2020296N09137,Molave (2020),2020.0,2020-0470-VNM,nat-met-sto-tro,VNM,Asia,0.0,41.0,0.0,450000.0,450000.0,0.0,0.0,540000.0,671722.0,80.3903830082114,Category 3,105.0,120.8,952.0,2020-10-21,2020-10-29,7.5,Landfall,Category 1,13.35,123.2,70.0,2020-10-21,0,-0.014945722291199282,28.649999618530273,0.004892841504537504,0.1179306087604442,-0.3643347001629452,-0.005156176015237213,0.5076619981699161,0.010139015518254208
2020281N14126,Linfa (2020),2020.0,2020-0411-VNM,nat-met-sto-tro,VNM,Asia,0.0,243.0,0.0,1500000.0,1500000.0,0.0,0.0,850000.0,1057340.0,80.3903830082114,Tropical Storm,40.0,46.0,999.0,2020-10-06,2020-10-12,5.5,Landfall,Tropical Depression,13.8,124.257,0.0,2020-10-06,0,0.007702249721075027,29.479999542236328,0.0530160260556769,0.17033392911125383,0.7778886731251153,0.0,0.44414082733132754,0.0035648680122017835
2020279N16284,Delta (2020),2020.0,2020-0412-USA,nat-met-sto-tro,USA,Americas,0.0,4.0,0.0,9400.0,9400.0,0.0,0.0,2900000.0,3607397.0,80.3903830082114,Category 4,120.0,138.1,953.0,2020-10-04,2020-10-11,7.0,Landfall,Category 2,20.8,-86.9,90.0,2020-10-05,1,0.01666706337217394,27.959999084472656,0.0438253464072329,0.17153738435955795,0.08434350380164646,0.0,0.4696989232732427,0.022028712114982356
2020256N25281,Sally (2020),2020.0,2020-0438-USA,nat-met-sto-tro,USA,Americas,0.0,8.0,0.0,0.0,0.0,3500000.0,4353755.0,6300000.0,7836758.0,80.3903830082114,Category 2,95.0,109.3,965.0,2020-09-11,2020-09-18,6.5,Landfall,Tropical Depression,25.5422,-80.5001,32.0,2020-09-11,0,-0.03280350413190791,26.8700008392334,-0.013063053839870609,0.17157788211125283,-0.34829720565763,-0.024175938328018676,0.42187189444037937,-0.004322550574264748
2020306N15288,Eta (2020),2020.0,2020-0474-COL,nat-met-sto-tro,COL,Americas,0.0,0.0,0.0,49800.0,49800.0,0.0,0.0,25000.0,31098.0,80.3903830082114,Category 4,130.0,149.6,922.0,2020-10-31,2020-11-14,13.2,Landfall,Category 4,13.8,-83.5,120.0,2020-11-02,2,-0.027078157723650742,37.130001068115234,-0.015139918154680965,0.1754420791189753,0.44061609000539415,-0.015444098824058616,0.5866129545667224,-0.01864885867478326
2020306N15288,Eta (2020),2020.0,2020-0474-PAN,nat-met-sto-tro,PAN,Americas,0.0,79.0,0.0,5000.0,5000.0,0.0,0.0,11000.0,13683.0,80.3903830082114,Category 4,130.0,149.6,922.0,2020-10-31,2020-11-14,13.2,Landfall,Category 4,13.8,-83.5,120.0,2020-11-02,2,-0.027078157723650742,37.130001068115234,-0.015139918154680965,0.1754420791189753,0.44061609000539415,-0.015444098824058616,0.5866129545667224,-0.01864885867478326
2020299N18277,Zeta (2020),2020.0,2020-0483-MEX,nat-met-sto-tro,MEX,Americas,0.0,0.0,0.0,0.0,0.0,0.0,0.0,100000.0,124393.0,80.3903830082114,Category 3,100.0,115.1,970.0,2020-10-24,2020-10-30,5.5,Landfall,Category 1,20.4,-87.4,75.0,2020-10-26,2,-0.0076606943553768625,32.459999084472656,0.02001254387835627,0.11476045898620857,-0.21951659587264594,-0.000308856735068086,0.4993207839359149,-0.001619231212567327
2020318N16289,Iota (2020),2020.0,2020-0495-NIC,nat-met-sto-tro,NIC,Americas,0.0,18.0,0.0,900000.0,900000.0,0.0,0.0,741000.0,921752.0,80.3903830082114,Category 4,135.0,155.4,917.0,2020-11-12,2020-11-18,6.0,Landfall,Category 4,13.6,-83.5,125.0,2020-11-12,0,0.008480181888621097,25.350000381469727,0.018204511185143657,0.20416977735207875,0.6818354839937575,-0.01608824493679195,0.5218253318326935,-0.035938640370760805
2020318N16289,Iota (2020),2020.0,2020-0495-PAN,nat-met-sto-tro,PAN,Americas,0.0,4.0,0.0,0.0,0.0,0.0,0.0,0.0,0.0,80.3903830082114,Category 4,135.0,155.4,917.0,2020-11-12,2020-11-18,6.0,Landfall,Category 4,13.6,-83.5,125.0,2020-11-12,0,0.008480181888621097,25.350000381469727,0.018204511185143657,0.20416977735207875,0.6818354839937575,-0.01608824493679195,0.5218253318326935,-0.035938640370760805
2020327N08086,Nivar (2020),2020.0,2020-0524-IND,nat-met-sto-tro,IND,Asia,0.0,14.0,0.0,0.0,0.0,0.0,0.0,600000.0,746358.0,80.3903830082114,Category 1,70.0,80.6,982.0,2020-11-22,2020-11-27,5.2,Landfall,Tropical Storm,12.45,79.95,50.0,2020-11-23,1,-0.014094169476509433,22.65999984741211,-0.04808278646200448,0.22509964671161276,-0.3815305936073059,-0.04808278646200448,0.5666217817465502,-0.017817471491799755
2020051S13186,Vicky (2020),2020.0,2020-0558-VNM,nat-met-sto-tro,VNM,Asia,0.0,1.0,4.0,0.0,4.0,0.0,0.0,0.0,0.0,80.3903830082114,Tropical Storm,45.0,51.8,997.0,2020-02-20,2020-02-24,4.2,Landfall,Tropical Depression,-13.5235,-172.491,30.0,2020-02-20,0,-0.0013929948009017146,15.5600004196167,0.01894438957858635,0.09416029699536625,0.7900315629892884,-0.0073259105796612545,0.03417346972419513,-0.08299970172972514
2020211N14124,Sinlaku (2020),2020.0,2020-0307-THA,nat-met-sto-tro,THA,Asia,0.0,4.0,0.0,0.0,0.0,0.0,0.0,0.0,0.0,80.3903830082114,Tropical Storm,45.0,51.8,989.0,2020-07-29,2020-08-03,5.0,Landfall,Tropical Depression,15.3,121.0,15.0,2020-07-29,0,-0.0053233660762878054,24.100000381469727,0.0019797477209859693,0.18935426893410384,-0.386897104485051,0.0,0.6619048506393662,-0.025427892469474148
2021012S12086,Eloise (2021),2021.0,2021-0036-SWZ,nat-met-sto-tro,SWZ,Africa,0.0,0.0,0.0,0.0,0.0,0.0,0.0,0.0,0.0,84.1669829572524,Category 2,90.0,103.6,968.0,2021-01-11,2021-01-27,16.0,Landfall,Tropical Storm,-15.1785,50.5321,47.0,2021-01-11,0,0.02684446109580141,24.079999923706055,0.010307457433188949,0.19004342380509814,-0.34058573430559846,-0.015151667455995499,0.6760551986453377,0.01626593827108842
2021046N06142,Dujuan (2021),2021.0,2021-0091-PHL,nat-met-sto-tro,PHL,Asia,0.0,5.0,2.0,272451.0,272453.0,0.0,0.0,3114.0,3700.0,84.1669829572524,Tropical Storm,45.0,51.8,991.0,2021-02-14,2021-02-23,8.5,Landfall,Tropical Depression,11.1365,125.694,25.0,2021-02-16,2,0.004583633897075945,21.459999084472656,-0.01870051831097186,0.160863259162343,0.47334590412142274,-0.03400931409328134,0.6928125493003117,-0.011064497977619053
2021102N06144,Surigae (2021),2021.0,2021-0236-PLW,nat-met-sto-tro,PLW,Oceania,0.0,0.0,0.0,7288.0,7288.0,0.0,0.0,0.0,0.0,84.1669829572524,Category 5,170.0,195.6,882.0,2021-04-11,2021-04-30,19.2,At Sea / Open Water,At Sea / Open Water,0.0,0.0,0.0,2021-04-12,1,0.012993415099296746,16.90999984741211,0.0030920505436546897,0.12057658307048175,-0.5151153024084785,-0.0021531038329495322,0.5058829126665636,0.026284651974308758
2021143N15090,Yaas (2021),2021.0,2021-0295-BGD,nat-met-sto-tro,BGD,Asia,0.0,3.0,0.0,1300000.0,1300000.0,0.0,0.0,0.0,0.0,84.1669829572524,Category 1,65.0,74.8,974.0,2021-05-23,2021-05-27,4.8,Landfall,Tropical Storm,21.5,86.9,55.0,2021-05-24,1,0.008784070211383277,18.399999618530273,0.010249196951989337,0.16057301655331319,-0.2300987103964337,-0.01019190731375974,0.4781866373178624,-0.019952467969204062
2021182N09317,Elsa (2021),2021.0,2021-0373-LCA,nat-met-sto-tro,LCA,Americas,0.0,1.0,0.0,0.0,0.0,0.0,0.0,34000.0,40396.0,84.1669829572524,Category 1,75.0,86.3,991.0,2021-06-30,2021-07-10,9.5,Landfall,Tropical Storm,22.2,-81.6,55.0,2021-06-30,0,0.012920187131781002,15.829999923706056,-0.002051750611875569,0.1590074832923381,-0.2567169529034068,-0.041067233223804234,0.6329265987796306,0.016173029120999917
2021219N08193,Omais (2021),2021.0,2021-0578-KOR,nat-met-sto-tro,KOR,Asia,0.0,0.0,0.0,600.0,600.0,0.0,0.0,13000.0,15445.0,84.1669829572524,Tropical Storm,55.0,63.3,990.0,2021-08-07,2021-08-31,24.5,Landfall,Tropical Depression,34.8167,128.389,25.0,2021-08-09,2,0.01037501204145208,16.719999313354492,0.014289761915338373,0.14020786528711346,-0.2842871814022967,-0.0008891849188613632,0.556104654153284,0.018678689605895193
2021248N11131,Conson (2021),2021.0,2021-0595-PHL,nat-met-sto-tro,PHL,Asia,0.0,17.0,24.0,313373.0,313397.0,0.0,0.0,0.0,0.0,84.1669829572524,Category 1,65.0,74.8,980.0,2021-09-05,2021-09-13,8.5,Landfall,Tropical Storm,11.4426,125.495,60.0,2021-09-07,2,-0.001702672955384621,18.13999938964844,-0.0007288928808554251,0.11961177057674455,0.10969381294478175,-0.021407077132137853,0.593965299974032,0.0027368394779787673
2021280N14137,Kompasu (2021),2021.0,2021-0670-PHL,nat-met-sto-tro,PHL,Asia,0.0,59.0,5.0,1140534.0,1140539.0,0.0,0.0,75610.0,89833.0,84.1669829572524,Tropical Storm,60.0,69.0,979.0,2021-10-07,2021-10-14,7.5,Landfall,Tropical Storm,19.0803,110.077,47.0,2021-10-07,0,0.022183718697240895,19.540000915527344,0.021446620950396955,0.13684132561864706,0.014648559828461583,-0.03953143011501126,0.29505692289835866,0.0069189143973279925
2021346N05145,Rai (2021),2021.0,2021-0813-VNM,nat-met-sto-tro,VNM,Asia,0.0,3.0,0.0,0.0,0.0,0.0,0.0,9000.0,10693.0,84.1669829572524,Category 5,150.0,172.6,908.0,2021-12-11,2021-12-21,10.0,Landfall,Category 4,10.1,124.175,120.0,2021-12-13,2,0.01695747206104481,20.309999465942383,0.022943270235808555,0.17183089614827243,-0.41764431832620386,0.0,0.4098032060993273,0.009869101038809218
2022024S16044,Ana (2022),2022.0,2022-0052-MDG,nat-met-sto-tro,MDG,Africa,0.0,55.0,0.0,131555.0,131555.0,0.0,0.0,0.0,0.0,90.9026974595266,Tropical Storm,50.0,57.5,993.0,2022-01-23,2022-01-25,2.0,Landfall,Tropical Storm,-16.2274,39.6422,47.0,2022-01-24,1,-0.0535376093014478,29.899999618530273,-0.017579445401170513,0.10764310941144017,0.7697989381575066,-0.047499319990818134,0.3224388164027165,0.008311731587674953
2022179N08310,Bonnie (2022),2022.0,2022-0400-NIC,nat-met-sto-tro,NIC,Americas,0.0,4.0,12.0,3000.0,3012.0,0.0,0.0,0.0,0.0,90.9026974595266,Category 3,100.0,115.1,964.0,2022-06-27,2022-07-11,13.2,Landfall,Tropical Storm,10.7,-61.6,35.0,2022-06-27,0,0.062127671706705856,26.950000762939453,0.08103464669089,0.28416271064206794,-0.46030318066098763,-0.06956699040323144,0.4988305422710259,0.006067646425592613
2022048S14068,Emnati (2022),2022.0,2022-0101-MDG,nat-met-sto-tro,MDG,Africa,0.0,15.0,0.0,169000.0,169000.0,0.0,0.0,16000.0,17601.0,90.9026974595266,Category 4,115.0,132.3,941.0,2022-02-16,2022-02-24,8.0,Landfall,Category 1,-22.6952,47.6089,67.0,2022-02-16,0,-0.02391044376187823,24.290000915527344,-0.03535570790606657,0.16954110112975415,-0.08649004592442056,-0.04384182095932676,0.3959251338616247,0.004911348146854226
2022067S16050,Gombe (2022),2022.0,2022-0137-MOZ,nat-met-sto-tro,MOZ,Africa,0.0,63.0,108.0,736015.0,736123.0,0.0,0.0,0.0,0.0,90.9026974595266,Category 3,99.0,113.9,959.0,2022-03-08,2022-03-15,7.5,Landfall,Tropical Storm,-15.5,50.4,35.0,2022-03-08,0,-0.03193179897264575,35.130001068115234,0.04989599678228385,0.21445147205180112,0.5876418663303908,-0.015457772079341403,0.2978591142072239,0.0006813171105326185
2022148N13263,Agatha (2022),2022.0,2022-0333-MEX,nat-met-sto-tro,MEX,Americas,0.0,31.0,0.0,0.0,0.0,0.0,0.0,51000.0,56104.0,90.9026974595266,Category 2,95.0,109.3,964.0,2022-05-27,2022-06-01,4.5,Landfall,Category 2,15.7,-96.6,90.0,2022-05-27,0,0.06578026783659663,25.719999313354492,0.05059934404630062,0.16838499729379555,-0.2588430384590854,0.0,0.2784179950060962,-0.006828031946284655
2022280N11294,Julia (2022),2022.0,2022-0647-CRI,nat-met-sto-tro,CRI,Americas,0.0,0.0,0.0,300000.0,300000.0,0.0,0.0,0.0,0.0,90.9026974595266,Category 1,75.0,86.3,982.0,2022-10-06,2022-10-10,4.0,Landfall,Tropical Depression,12.0,-69.8,30.0,2022-10-06,0,0.028694137302272438,30.520000457763672,-0.025299470947136804,0.30137238130108507,0.26265309133835024,-0.16089384840951249,0.6994300181849247,-0.017935073385338385
2022280N11294,Julia (2022),2022.0,2022-0647-SLV,nat-met-sto-tro,SLV,Americas,0.0,10.0,0.0,9273.0,9273.0,0.0,0.0,17000.0,18701.0,90.9026974595266,Category 1,75.0,86.3,982.0,2022-10-06,2022-10-10,4.0,Landfall,Tropical Depression,12.0,-69.8,30.0,2022-10-06,0,0.028694137302272438,30.520000457763672,-0.025299470947136804,0.30137238130108507,0.26265309133835024,-0.16089384840951249,0.6994300181849247,-0.017935073385338385
2022285N19266,Karl (2022),2022.0,2022-0675-MEX,nat-met-sto-tro,MEX,Americas,0.0,3.0,0.0,1000.0,1000.0,0.0,0.0,0.0,0.0,90.9026974595266,Tropical Storm,50.0,57.5,997.0,2022-10-11,2022-10-15,4.2,At Sea / Open Water,At Sea / Open Water,0.0,0.0,0.0,2022-10-11,0,-0.05352278557293744,33.630001068115234,-0.07580587787263549,0.28955949305000356,0.00961962757038215,-0.16421809992747816,0.7079922671353707,-0.011257884910443806
2022288N19128,Nesat (2022),2022.0,2022-0680-PHL,nat-met-sto-tro,PHL,Asia,0.0,0.0,2.0,103600.0,103602.0,0.0,0.0,0.0,0.0,90.9026974595266,Category 2,89.0,102.4,964.0,2022-10-14,2022-10-20,5.8,At Sea / Open Water,At Sea / Open Water,0.0,0.0,0.0,2022-10-14,0,-0.0142231630329267,32.02000045776367,-0.02525084804752664,0.31597879111314914,-0.06784958782739026,-0.17089120687138504,0.7634810829415456,-0.01690188766983977
2022293N15259,Roslyn (2022),2022.0,2022-0698-MEX,nat-met-sto-tro,MEX,Americas,0.0,4.0,0.0,15000.0,15000.0,0.0,0.0,0.0,0.0,90.9026974595266,Category 4,115.0,132.3,954.0,2022-10-20,2022-10-24,4.0,Landfall,Category 3,22.1,-105.5,100.0,2022-10-20,0,-0.001530018107200104,29.979999542236328,-0.014272243866791046,0.3421136418692756,-0.4947566164955771,-0.1337792895124834,0.8493665137424048,0.021635240233068426
2022300N13131,Nalgae (2022),2022.0,2022-0707-PHL,nat-met-sto-tro,PHL,Asia,0.0,158.0,103.0,3323188.0,3323291.0,0.0,0.0,45569.0,50129.0,90.9026974595266,Category 1,70.0,80.6,979.0,2022-10-27,2022-11-03,7.5,Landfall,Tropical Storm,13.6825,124.394,49.0,2022-10-27,0,0.03987284127622015,27.38999938964844,0.05550189642085579,0.32776474082398804,-0.2101491767889938,-0.047197159859333704,0.8350493653773725,0.036021267918815165
2023018S14058,Cheneso (2023),2023.0,2023-0020-MDG,nat-met-sto-tro,MDG,Africa,0.0,53.0,0.0,90870.0,90870.0,0.0,0.0,20000.0,21132.0,94.6446220103845,Category 1,80.0,92.1,967.0,2023-01-17,2023-01-30,12.5,Landfall,Tropical Storm,-14.0,49.9,45.0,2023-01-17,0,0.02555058539298849,19.36000061035156,-0.0034973284296717644,0.16459562815167414,-0.16674915098042564,-0.01179245144303731,0.7029391939338452,-0.0271779992035932
2019335N05058,Pawan (2019),2019.0,2019-0600-SOM,nat-met-sto-tro,SOM,Africa,0.0,6.0,0.0,30000.0,30000.0,0.0,0.0,0.0,0.0,79.4107846043372,Tropical Storm,45.0,51.8,997.0,2019-11-30,2019-12-07,7.0,Landfall,Tropical Storm,7.65,49.75,40.0,2019-12-02,2,0.002186958142791795,14.90999984741211,-0.005714295519002488,0.10757540232075642,0.6282345975690453,-0.009957379530467714,0.23179825611790728,0.003921444779647796
2020092S09155,Harold (2020),2020.0,2020-0132-TON,nat-met-sto-tro,TON,Oceania,0.0,0.0,0.0,25000.0,25000.0,0.0,0.0,111000.0,138076.0,80.3903830082114,Category 5,145.0,166.9,909.0,2020-04-01,2020-04-11,10.0,Landfall,Category 4,-15.6,166.867,120.0,2020-04-01,0,-0.0025931157073530997,57.060001373291016,0.02057627243476534,1.068672822869559,-0.12789813076483547,-0.22256273340070054,1.0207195637292945,-0.00021179706985918756
2020092S09155,Harold (2020),2020.0,2020-0132-VUT,nat-met-sto-tro,VUT,Oceania,0.0,3.0,120.0,130000.0,130120.0,0.0,0.0,0.0,0.0,80.3903830082114,Category 5,145.0,166.9,909.0,2020-04-01,2020-04-11,10.0,Landfall,Category 4,-15.6,166.867,120.0,2020-04-01,0,-0.0025931157073530997,57.060001373291016,0.02057627243476534,1.068672822869559,-0.12789813076483547,-0.22256273340070054,1.0207195637292945,-0.00021179706985918756
2020129N07134,Vongfong (2020),2020.0,2020-0203-PHL,nat-met-sto-tro,PHL,Asia,0.0,5.0,169.0,578571.0,578740.0,0.0,0.0,31100.0,38686.0,80.3903830082114,Category 3,100.0,115.1,961.0,2020-05-08,2020-05-18,10.0,Landfall,Category 3,12.2,125.3,100.0,2020-05-08,0,0.03412431963925644,27.979999542236328,0.005010528803310654,0.35700771018511135,-0.013574257205055229,-0.07372592293053148,1.0522128041177572,-0.0018743560816412048
2020213N15131,Hagupit (2020),2020.0,2020-0308-CHN,nat-met-sto-tro,CHN,Asia,0.0,0.0,0.0,15100.0,15100.0,0.0,0.0,0.0,0.0,80.3903830082114,Category 1,75.0,86.3,971.0,2020-07-30,2020-08-12,12.5,Landfall,Tropical Storm,28.2375,120.864,62.0,2020-07-30,0,0.0030966143894732845,24.760000228881836,0.0008240377548140998,0.17481191372065177,-0.33444277824512636,0.0,0.6592799829251874,-0.026537262324201873
2020211N13306,Isaias (2020),2020.0,2020-0312-CUB,nat-met-sto-tro,CUB,Americas,0.0,0.0,0.0,500.0,500.0,0.0,0.0,0.0,0.0,80.3903830082114,Category 1,80.0,92.1,986.0,2020-07-28,2020-08-05,7.8,Landfall,Tropical Storm,18.9,-69.8,60.0,2020-07-28,0,-0.011815242560159533,25.440000534057617,0.012732425742859155,0.18932536328757937,0.2507280910775749,-0.003790422749478939,0.6652053809588849,-0.012126675577044853
2020211N13306,Isaias (2020),2020.0,2020-0312-USA,nat-met-sto-tro,USA,Americas,0.0,16.0,0.0,0.0,0.0,0.0,0.0,4800000.0,5970863.0,80.3903830082114,Category 1,80.0,92.1,986.0,2020-07-28,2020-08-05,7.8,Landfall,Tropical Storm,18.9,-69.8,60.0,2020-07-28,0,-0.011815242560159533,25.440000534057617,0.012732425742859155,0.18932536328757937,0.2507280910775749,-0.003790422749478939,0.6652053809588849,-0.012126675577044853
2020222N15117,Mekkhala (2020),2020.0,2020-0355-CHN,nat-met-sto-tro,CHN,Asia,0.0,0.0,0.0,12235.0,12235.0,0.0,0.0,161000.0,200273.0,80.3903830082114,Category 1,70.0,80.6,980.0,2020-08-08,2020-08-12,3.5,Landfall,Category 1,24.1538,117.746,70.0,2020-08-10,2,0.02062108889008929,22.1299991607666,0.021605593115603394,0.17151130271789283,0.09867487230493488,-0.00032542200420204725,0.6183869014543802,-0.02334575145190878
2020233N14313,Laura (2020),2020.0,2020-0376-HTI,nat-met-sto-tro,HTI,Americas,0.0,39.0,0.0,44175.0,44175.0,0.0,0.0,0.0,0.0,80.3903830082114,Category 4,130.0,149.6,937.0,2020-08-20,2020-08-29,9.2,Landfall,Tropical Storm,18.2,-68.8,45.0,2020-08-20,0,0.0043047488694807345,22.719999313354492,-0.026104098699380796,0.16475400143768104,-0.18007284868720597,-0.03529048977649918,0.5652129401034074,-0.023871941034861385
2020244N25146,Haishen (2020),2020.0,2020-0400-JPN,nat-met-sto-tro,JPN,Asia,0.0,2.0,52.0,0.0,52.0,0.0,0.0,0.0,0.0,80.3903830082114,Category 4,135.0,155.4,913.0,2020-08-30,2020-09-10,10.8,Landfall,Category 1,35.5,129.15,75.0,2020-08-31,1,0.01863409137689609,26.40999984741211,-0.011511273576873537,0.15539140442935656,0.33296854355456507,-0.03642872211842729,0.541013166147812,0.02139146347418634
2020244N25146,Haishen (2020),2020.0,2020-0400-KOR,nat-met-sto-tro,KOR,Asia,0.0,2.0,0.0,0.0,0.0,800000.0,995144.0,1200000.0,1492716.0,80.3903830082114,Category 4,135.0,155.4,913.0,2020-08-30,2020-09-10,10.8,Landfall,Category 1,35.5,129.15,75.0,2020-08-31,1,0.01863409137689609,26.40999984741211,-0.011511273576873537,0.15539140442935656,0.33296854355456507,-0.03642872211842729,0.541013166147812,0.02139146347418634
2020281N14126,Linfa (2020),2020.0,2020-0411-KHM,nat-met-sto-tro,KHM,Asia,0.0,44.0,0.0,759360.0,759360.0,0.0,0.0,100000.0,124393.0,80.3903830082114,Tropical Storm,40.0,46.0,999.0,2020-10-06,2020-10-12,5.5,Landfall,Tropical Depression,13.8,124.257,0.0,2020-10-06,0,0.007702249721075027,29.479999542236328,0.0530160260556769,0.17033392911125383,0.7778886731251153,0.0,0.44414082733132754,0.0035648680122017835
2020276N17277,Gamma (2020),2020.0,2020-0416-MEX,nat-met-sto-tro,MEX,Americas,0.0,6.0,0.0,3500.0,3500.0,0.0,0.0,100000.0,124393.0,80.3903830082114,Category 1,65.0,74.8,978.0,2020-10-02,2020-10-06,4.5,Landfall,Tropical Storm,20.4,-87.5,60.0,2020-10-02,0,0.015544746368717277,27.6299991607666,0.03354923606770188,0.16918052071161407,0.5011516654854713,0.0,0.47915499403216066,0.027298461388471394
2020258N11127,Noul (2020),2020.0,2020-0462-THA,nat-met-sto-tro,THA,Asia,0.0,1.0,0.0,0.0,0.0,0.0,0.0,0.0,0.0,80.3903830082114,Tropical Storm,50.0,57.5,990.0,2020-09-14,2020-09-19,5.0,Landfall,Tropical Depression,12.5451,124.595,10.0,2020-09-14,0,-0.011997887317812594,25.850000381469727,0.006232121618460429,0.17764179070029565,-0.41531395108431446,-0.01076332876748165,0.43589339310219505,-0.013404425934873452
2020296N09137,Molave (2020),2020.0,2020-0470-PHL,nat-met-sto-tro,PHL,Asia,0.0,31.0,40.0,888375.0,888415.0,0.0,0.0,87100.0,108346.0,80.3903830082114,Category 3,105.0,120.8,952.0,2020-10-21,2020-10-29,7.5,Landfall,Category 1,13.35,123.2,70.0,2020-10-21,0,-0.014945722291199282,28.649999618530273,0.004892841504537504,0.1179306087604442,-0.3643347001629452,-0.005156176015237213,0.5076619981699161,0.010139015518254208
2023294N09264,Otis (2023),2023.0,2023-0675-MEX,nat-met-sto-tro,MEX,Americas,0.0,84.0,0.0,988000.0,988000.0,4000000.0,4226336.0,12000000.0,12679009.0,94.6446220103845,Category 5,145.0,166.9,922.0,2023-10-21,2023-10-25,4.8,Landfall,Category 4,17.2166,-100.133,116.0,2023-10-23,2,-0.035730853060299106,20.3700008392334,-0.039559301209864395,0.2634771870648628,0.03757824587660674,-0.061490778213764696,0.5057023598814312,0.034359278096280685
2020306N15288,Eta (2020),2020.0,2020-0474-BLZ,nat-met-sto-tro,BLZ,Americas,0.0,0.0,0.0,60000.0,60000.0,0.0,0.0,0.0,0.0,80.3903830082114,Category 4,130.0,149.6,922.0,2020-10-31,2020-11-14,13.2,Landfall,Category 4,13.8,-83.5,120.0,2020-11-02,2,-0.027078157723650742,37.130001068115234,-0.015139918154680965,0.1754420791189753,0.44061609000539415,-0.015444098824058616,0.5866129545667224,-0.01864885867478326
2020306N15288,Eta (2020),2020.0,2020-0474-SLV,nat-met-sto-tro,SLV,Americas,0.0,0.0,0.0,0.0,0.0,0.0,0.0,0.0,0.0,80.3903830082114,Category 4,130.0,149.6,922.0,2020-10-31,2020-11-14,13.2,Landfall,Category 4,13.8,-83.5,120.0,2020-11-02,2,-0.027078157723650742,37.130001068115234,-0.015139918154680965,0.1754420791189753,0.44061609000539415,-0.015444098824058616,0.5866129545667224,-0.01864885867478326
2020318N16289,Iota (2020),2020.0,2020-0495-HND,nat-met-sto-tro,HND,Americas,0.0,14.0,0.0,578000.0,578000.0,0.0,0.0,0.0,0.0,80.3903830082114,Category 4,135.0,155.4,917.0,2020-11-12,2020-11-18,6.0,Landfall,Category 4,13.6,-83.5,125.0,2020-11-12,0,0.008480181888621097,25.350000381469727,0.018204511185143657,0.20416977735207875,0.6818354839937575,-0.01608824493679195,0.5218253318326935,-0.035938640370760805
2020051S13186,Vicky (2020),2020.0,2020-0558-PHL,nat-met-sto-tro,PHL,Asia,0.0,9.0,2.0,36030.0,36032.0,0.0,0.0,2293.0,2852.0,80.3903830082114,Tropical Storm,45.0,51.8,997.0,2020-02-20,2020-02-24,4.2,Landfall,Tropical Depression,-13.5235,-172.491,30.0,2020-02-20,0,-0.0013929948009017146,15.5600004196167,0.01894438957858635,0.09416029699536625,0.7900315629892884,-0.0073259105796612545,0.03417346972419513,-0.08299970172972514
2021012S12086,Eloise (2021),2021.0,2021-0036-MDG,nat-met-sto-tro,MDG,Africa,0.0,2.0,0.0,1000.0,1000.0,0.0,0.0,0.0,0.0,84.1669829572524,Category 2,90.0,103.6,968.0,2021-01-11,2021-01-27,16.0,Landfall,Tropical Storm,-15.1785,50.5321,47.0,2021-01-11,0,0.02684446109580141,24.079999923706055,0.010307457433188949,0.19004342380509814,-0.34058573430559846,-0.015151667455995499,0.6760551986453377,0.01626593827108842
2021012S12086,Eloise (2021),2021.0,2021-0036-MOZ,nat-met-sto-tro,MOZ,Africa,0.0,11.0,15.0,481886.0,481901.0,0.0,0.0,0.0,0.0,84.1669829572524,Category 2,90.0,103.6,968.0,2021-01-11,2021-01-27,16.0,Landfall,Tropical Storm,-15.1785,50.5321,47.0,2021-01-11,0,0.02684446109580141,24.079999923706055,0.010307457433188949,0.19004342380509814,-0.34058573430559846,-0.015151667455995499,0.6760551986453377,0.01626593827108842
2021012S12086,Eloise (2021),2021.0,2021-0036-ZWE,nat-met-sto-tro,ZWE,Africa,0.0,3.0,0.0,2400.0,2400.0,0.0,0.0,0.0,0.0,84.1669829572524,Category 2,90.0,103.6,968.0,2021-01-11,2021-01-27,16.0,Landfall,Tropical Storm,-15.1785,50.5321,47.0,2021-01-11,0,0.02684446109580141,24.079999923706055,0.010307457433188949,0.19004342380509814,-0.34058573430559846,-0.015151667455995499,0.6760551986453377,0.01626593827108842
2021029S16171,Ana (2021),2021.0,2021-0070-FJI,nat-met-sto-tro,FJI,Oceania,0.0,6.0,0.0,82751.0,82751.0,0.0,0.0,10000.0,11881.0,84.1669829572524,Category 1,65.0,74.8,975.0,2021-01-28,2021-02-03,5.8,Landfall,Tropical Storm,-17.4,178.05,60.0,2021-01-28,0,-0.01720263175452008,30.209999084472656,-0.004143472302106543,0.22422089629802158,0.8221614814390796,-0.025116966956242326,0.7458879807559867,-0.004745480586900663
2021133N10071,Tauktae (2021),2021.0,2021-0252-LKA,nat-met-sto-tro,LKA,Asia,0.0,0.0,0.0,879.0,879.0,0.0,0.0,0.0,0.0,84.1669829572524,Category 4,120.0,138.1,931.0,2021-05-13,2021-05-19,6.0,Landfall,Category 3,20.9,71.2,110.0,2021-05-13,0,-0.020974973068370373,23.1299991607666,-0.003797170243509451,0.16853332238852814,0.21099830940468722,-0.03145303733828275,0.5080317949434531,-0.002684652298205522
2021161N18115,Koguma (2021),2021.0,2021-0327-LAO,nat-met-sto-tro,LAO,Asia,0.0,0.0,0.0,26000.0,26000.0,0.0,0.0,0.0,0.0,84.1669829572524,Tropical Storm,35.0,40.3,996.0,2021-06-10,2021-06-13,3.2,Landfall,Tropical Depression,18.375,110.025,25.0,2021-06-10,0,0.011557627892819555,16.100000381469727,0.007176679925124496,0.11877178878529396,-0.29749611932239994,-0.003023218760449864,0.3708376938886764,-0.0008383273271364712
2021148N05142,Choi-Wan (2021),2021.0,2021-0339-PHL,nat-met-sto-tro,PHL,Asia,0.0,11.0,0.0,21000.0,21000.0,0.0,0.0,11000.0,13069.0,84.1669829572524,Tropical Storm,45.0,51.8,996.0,2021-05-28,2021-06-06,9.0,Landfall,Tropical Depression,11.8172,124.862,30.0,2021-05-28,0,0.012290920999195931,16.760000228881836,-0.015114945599150165,0.16012714845247483,-0.0450414392955808,-0.02323491634472241,0.4245830578036694,0.0031981839554232534
2021148N05142,Choi-Wan (2021),2021.0,2021-0339-TWN,nat-met-sto-tro,TWN,Asia,0.0,0.0,0.0,0.0,0.0,0.0,0.0,0.0,0.0,84.1669829572524,Tropical Storm,45.0,51.8,996.0,2021-05-28,2021-06-06,9.0,Landfall,Tropical Depression,11.8172,124.862,30.0,2021-05-28,0,0.012290920999195931,16.760000228881836,-0.015114945599150165,0.16012714845247483,-0.0450414392955808,-0.02323491634472241,0.4245830578036694,0.0031981839554232534
2022182N20130,Aere (2022),2022.0,2022-0398-JPN,nat-met-sto-tro,JPN,Asia,0.0,0.0,2.0,390.0,392.0,0.0,0.0,0.0,0.0,90.9026974595266,Tropical Storm,45.0,51.8,988.0,2022-06-30,2022-07-09,8.2,Landfall,Tropical Depression,33.0821,129.914,25.0,2022-06-30,0,-0.002142708727182252,28.709999084472656,0.03390829397076067,0.2780131128726797,-0.08270256342944371,-0.05908120838683728,0.497137131440399,-0.019469782465478317
2021239N17281,Ida (2021),2021.0,2021-0551-CUB,nat-met-sto-tro,CUB,Americas,0.0,0.0,0.0,0.0,0.0,0.0,0.0,100000.0,118811.0,84.1669829572524,Category 4,130.0,149.6,929.0,2021-08-26,2021-09-04,9.2,Landfall,Category 1,22.4,-83.2,70.0,2021-08-26,0,0.01455043785823329,18.84000015258789,-0.007673296930533757,0.1050162861752389,-0.4000721422645457,-0.019877039825096365,0.534705146122056,0.014019201612966244
2021256N21265,Nicholas (2021),2021.0,2021-0583-USA,nat-met-sto-tro,USA,Americas,0.0,0.0,0.0,0.0,0.0,0.0,0.0,1000000.0,1188114.0,84.1669829572524,Category 1,65.0,74.8,988.0,2021-09-12,2021-09-17,4.8,Landfall,Category 1,28.8,-95.7,65.0,2021-09-13,1,-0.014346119639375043,19.3700008392334,-0.016692925203083853,0.14122135944329198,0.38509133143279484,-0.024832034817713677,0.590725163660978,-0.015281211324617228
2021346N05145,Rai (2021),2021.0,2021-0813-PHL,nat-met-sto-tro,PHL,Asia,0.0,457.0,1371.0,10607625.0,10608996.0,0.0,0.0,915271.0,1087447.0,84.1669829572524,Category 5,150.0,172.6,908.0,2021-12-11,2021-12-21,10.0,Landfall,Category 4,10.1,124.175,120.0,2021-12-13,2,0.01695747206104481,20.309999465942383,0.022943270235808555,0.17183089614827243,-0.41764431832620386,0.0,0.4098032060993273,0.009869101038809218
2022024S16044,Ana (2022),2022.0,2022-0052-MWI,nat-met-sto-tro,MWI,Africa,0.0,64.0,206.0,945728.0,945934.0,0.0,0.0,0.0,0.0,90.9026974595266,Tropical Storm,50.0,57.5,993.0,2022-01-23,2022-01-25,2.0,Landfall,Tropical Storm,-16.2274,39.6422,47.0,2022-01-24,1,-0.0535376093014478,29.899999618530273,-0.017579445401170513,0.10764310941144017,0.7697989381575066,-0.047499319990818134,0.3224388164027165,0.008311731587674953
2022024S16044,Ana (2022),2022.0,2022-0052-ZWE,nat-met-sto-tro,ZWE,Africa,0.0,0.0,0.0,3000.0,3000.0,0.0,0.0,0.0,0.0,90.9026974595266,Tropical Storm,50.0,57.5,993.0,2022-01-23,2022-01-25,2.0,Landfall,Tropical Storm,-16.2274,39.6422,47.0,2022-01-24,1,-0.0535376093014478,29.899999618530273,-0.017579445401170513,0.10764310941144017,0.7697989381575066,-0.047499319990818134,0.3224388164027165,0.008311731587674953
2022027S16084,Batsirai (2022),2022.0,2022-0061-MDG,nat-met-sto-tro,MDG,Africa,0.0,92.0,0.0,112115.0,112115.0,0.0,0.0,0.0,0.0,90.9026974595266,Category 4,124.0,142.7,932.0,2022-01-27,2022-02-08,12.5,Landfall,Category 3,-21.0,48.3,99.0,2022-01-27,0,-0.03471755518808961,30.489999771118164,-0.026388402109370435,0.11507388812771208,0.52328511053316,-0.06188879618762966,0.33997488663950176,0.01588765753400382
2022044S15061,Dumako (2022),2022.0,2022-0099-MDG,nat-met-sto-tro,MDG,Africa,0.0,14.0,0.0,9900.0,9900.0,0.0,0.0,0.0,0.0,90.9026974595266,Tropical Storm,51.0,58.7,995.0,2022-02-13,2022-02-16,3.2,Landfall,Tropical Storm,-17.1724,49.015,37.0,2022-02-14,1,-0.01842336190513416,28.329999923706055,-0.028078259798454686,0.1740431277762615,0.3473983066846744,-0.04153422412637353,0.41522116318497926,0.004273064200357658
2022044S15061,Dumako (2022),2022.0,2022-0099-MOZ,nat-met-sto-tro,MOZ,Africa,0.0,14.0,0.0,23733.0,23733.0,0.0,0.0,0.0,0.0,90.9026974595266,Tropical Storm,51.0,58.7,995.0,2022-02-13,2022-02-16,3.2,Landfall,Tropical Storm,-17.1724,49.015,37.0,2022-02-14,1,-0.01842336190513416,28.329999923706055,-0.028078259798454686,0.1740431277762615,0.3473983066846744,-0.04153422412637353,0.41522116318497926,0.004273064200357658
2022067S16050,Gombe (2022),2022.0,2022-0137-MWI,nat-met-sto-tro,MWI,Africa,0.0,7.0,0.0,0.0,0.0,0.0,0.0,0.0,0.0,90.9026974595266,Category 3,99.0,113.9,959.0,2022-03-08,2022-03-15,7.5,Landfall,Tropical Storm,-15.5,50.4,35.0,2022-03-08,0,-0.03193179897264575,35.130001068115234,0.04989599678228385,0.21445147205180112,0.5876418663303908,-0.015457772079341403,0.2978591142072239,0.0006813171105326185
2022099N11127,Megi (2022),2022.0,2022-0204-PHL,nat-met-sto-tro,PHL,Asia,0.0,346.0,8.0,2298780.0,2298788.0,0.0,0.0,41556.0,45715.0,90.9026974595266,Tropical Storm,39.0,44.9,999.0,2022-04-09,2022-04-12,3.5,Landfall,Tropical Storm,10.8,125.0,35.0,2022-04-11,2,-0.036952601631333515,24.3700008392334,0.013214358868426368,0.1344607952806943,0.6320594554612378,-0.013643426581112061,0.25362939659473777,0.0004732330468273935
2022240N26149,Hinnamnor (2022),2022.0,2022-0577-KOR,nat-met-sto-tro,KOR,Asia,0.0,12.0,3.0,36000.0,36003.0,0.0,0.0,0.0,0.0,90.9026974595266,Category 5,138.0,158.8,915.0,2022-08-28,2022-09-06,9.0,Landfall,Category 1,35.2872,129.179,81.0,2022-08-29,1,-0.02593455889402796,26.209999084472656,-0.00913362505356341,0.11788872971981103,-0.1502891921521189,-0.023154152265548955,0.5447614547058007,0.0009166792848456437
2022257N16312,Fiona (2022),2022.0,2022-0603-CAN,nat-met-sto-tro,CAN,Americas,0.0,1.0,0.0,4000.0,4000.0,0.0,0.0,0.0,0.0,90.9026974595266,Category 4,120.0,138.1,931.0,2022-09-14,2022-09-27,13.5,Landfall,Category 1,18.0,-67.1,75.0,2022-09-14,0,-0.00799434362250484,26.15999984741211,-0.006093544137022344,0.1986216095747045,-0.2923661844886353,-0.018689565665426677,0.48410311175174614,-0.023920513283372236
2022257N16312,Fiona (2022),2022.0,2022-0603-DOM,nat-met-sto-tro,DOM,Americas,0.0,2.0,0.0,1434802.0,1434802.0,0.0,0.0,0.0,0.0,90.9026974595266,Category 4,120.0,138.1,931.0,2022-09-14,2022-09-27,13.5,Landfall,Category 1,18.0,-67.1,75.0,2022-09-14,0,-0.00799434362250484,26.15999984741211,-0.006093544137022344,0.1986216095747045,-0.2923661844886353,-0.018689565665426677,0.48410311175174614,-0.023920513283372236
2022257N16312,Fiona (2022),2022.0,2022-0603-GLP,nat-met-sto-tro,GLP,Americas,0.0,1.0,0.0,0.0,0.0,0.0,0.0,0.0,0.0,90.9026974595266,Category 4,120.0,138.1,931.0,2022-09-14,2022-09-27,13.5,Landfall,Category 1,18.0,-67.1,75.0,2022-09-14,0,-0.00799434362250484,26.15999984741211,-0.006093544137022344,0.1986216095747045,-0.2923661844886353,-0.018689565665426677,0.48410311175174614,-0.023920513283372236
2022266N12294,Ian (2022),2022.0,2022-0614-USA,nat-met-sto-tro,USA,Americas,0.0,152.0,0.0,0.0,0.0,60000000.0,66004642.0,100000000.0,110007737.0,90.9026974595266,Category 5,140.0,161.1,937.0,2022-09-22,2022-10-01,8.5,Landfall,Category 3,22.2,-83.7,110.0,2022-09-22,0,-0.03681636471397742,27.350000381469727,-0.022184108586482454,0.22643022704899754,-0.0390252007754085,-0.06436641864534554,0.5285581633964863,-0.06374571164185615
2022280N11294,Julia (2022),2022.0,2022-0647-GTM,nat-met-sto-tro,GTM,Americas,0.0,4.0,11.0,457300.0,457311.0,0.0,0.0,0.0,0.0,90.9026974595266,Category 1,75.0,86.3,982.0,2022-10-06,2022-10-10,4.0,Landfall,Tropical Depression,12.0,-69.8,30.0,2022-10-06,0,0.028694137302272438,30.520000457763672,-0.025299470947136804,0.30137238130108507,0.26265309133835024,-0.16089384840951249,0.6994300181849247,-0.017935073385338385
2022297N16088,Sitrang (2022),2022.0,2022-0695-BGD,nat-met-sto-tro,BGD,Asia,0.0,35.0,0.0,1000000.0,1000000.0,0.0,0.0,0.0,0.0,90.9026974595266,Tropical Storm,45.0,51.8,994.0,2022-10-23,2022-10-24,1.2,Landfall,Tropical Storm,24.1,91.0,35.0,2022-10-24,1,0.0328500201997175,29.850000381469727,0.00614653732445003,0.3505643189959953,-0.28981074364366277,-0.08262681988120257,0.8230068860835277,0.030108161629417114
2022304N16287,Lisa (2022),2022.0,2022-0719-BLZ,nat-met-sto-tro,BLZ,Americas,0.0,0.0,0.0,172000.0,172150.0,0.0,0.0,100000.0,110008.0,90.9026974595266,Category 1,80.0,92.1,985.0,2022-10-30,2022-11-05,5.5,Landfall,Category 1,17.4,-88.3,80.0,2022-10-31,1,0.01937328244552594,25.8799991607666,0.04605250648812609,0.31990312936334336,0.08616719007028562,-0.030206194723826796,0.8503384133205529,-0.0007422430625467907
2023037S12119,Freddy (2023),2023.0,2023-0095-MDG,nat-met-sto-tro,MDG,Africa,0.0,17.0,0.0,299000.0,299000.0,0.0,0.0,0.0,0.0,94.6446220103845,Category 5,138.0,158.8,924.0,2023-02-06,2023-02-24,18.0,Landfall,Category 2,-21.1,48.3,89.0,2023-02-06,0,0.023066069229040975,19.43000030517578,-0.0013124340375326726,0.14734637805400552,1.0187777135145555,-0.04980590389522621,0.698732825176664,-0.010516624238057874
2023140N05149,Mawar (2023),2023.0,2023-0300-JPN,nat-met-sto-tro,JPN,Asia,0.0,3.0,35.0,0.0,35.0,0.0,0.0,0.0,0.0,94.6446220103845,Category 5,159.0,183.0,897.0,2023-05-20,2023-06-03,14.2,At Sea / Open Water,At Sea / Open Water,0.0,0.0,0.0,2023-05-22,2,0.013994856779278475,17.209999084472656,-0.029782952777017258,0.1504368353310725,-0.27989169592949614,-0.05393413717271178,0.5711027353461144,-0.02896338023389594
2023140N05149,Mawar (2023),2023.0,2023-0300-TWN,nat-met-sto-tro,TWN,Asia,0.0,1.0,0.0,0.0,0.0,0.0,0.0,0.0,0.0,94.6446220103845,Category 5,159.0,183.0,897.0,2023-05-20,2023-06-03,14.2,At Sea / Open Water,At Sea / Open Water,0.0,0.0,0.0,2023-05-22,2,0.013994856779278475,17.209999084472656,-0.029782952777017258,0.1504368353310725,-0.27989169592949614,-0.05393413717271178,0.5711027353461144,-0.02896338023389594
2023273N16134,Koinu (2023),2023.0,2023-0623-HKG,nat-met-sto-tro,HKG,Asia,0.0,0.0,0.0,0.0,0.0,0.0,0.0,0.0,0.0,94.6446220103845,Category 4,119.0,136.9,940.0,2023-09-29,2023-10-10,10.5,Landfall,Category 3,22.0,120.8,109.0,2023-09-29,0,-0.006830596083547413,17.520000457763672,-0.06888928570283492,0.1867325857791108,0.8596078941590704,-0.08912110405303497,0.4323558858135648,-0.03059193379862989
2023157N12066,Biparjoy (2023),2023.0,2023-0331-IND,nat-met-sto-tro,IND,Asia,0.0,7.0,0.0,10000.0,10000.0,0.0,0.0,0.0,0.0,94.6446220103845,Category 3,105.0,120.8,945.0,2023-06-06,2023-06-16,10.2,Landfall,Tropical Storm,23.4,68.7,54.0,2023-06-06,0,0.018682489391372403,13.960000038146973,0.016164273729111,0.130687932250987,-0.17463373313054698,-0.05738163557583864,0.35811854115743863,0.006239248721695137
2023170N11323,Bret (2023),2023.0,2023-0360-VCT,nat-met-sto-tro,VCT,Americas,0.0,0.0,0.0,150.0,150.0,0.0,0.0,0.0,0.0,94.6446220103845,Tropical Storm,60.0,69.0,996.0,2023-06-19,2023-06-24,5.5,At Sea / Open Water,At Sea / Open Water,0.0,0.0,0.0,2023-06-20,1,0.011535279477939975,13.880000114440918,0.0036321513854482568,0.12339418284990718,0.12554316117627584,-0.011728130730247588,0.3469167659457673,-0.003593966075140217
2023203N14132,Doksuri (2023),2023.0,2023-0464-CHN,nat-met-sto-tro,CHN,Asia,0.0,56.0,39.0,880000.0,880039.0,0.0,0.0,25000000.0,26414602.0,94.6446220103845,Category 4,128.0,147.3,926.0,2023-07-21,2023-07-28,6.8,Landfall,Category 2,24.7901,118.563,83.0,2023-07-21,0,0.006454696523574777,13.600000381469728,0.02408365244924826,0.17221898021479334,0.8114327404661434,0.0,0.33023907102710925,-0.02420368241546603
2024147N19089,Remal (2024),2024.0,2024-0320-IND,nat-met-sto-tro,IND,Asia,0.0,51.0,500.0,2109143.0,2109643.0,0.0,0.0,0.0,0.0,97.436175616134,Tropical Storm,54.0,62.1,978.0,2024-05-25,2024-05-27,2.2,Landfall,Tropical Storm,21.7,88.4,54.0,2024-05-28,3,-0.0004715963702689452,12.920000076293944,-0.01093880641751721,0.13645765670309917,0.28450370198981956,-0.019761270884163018,0.4464050313377609,0.007216237902188646
2000025S15056,Connie (2000),2000.0,2000-0037-REU,nat-met-sto-tro,REU,Africa,0.0,2.0,0.0,0.0,600.0,0.0,0.0,0.0,0.0,53.4877366816787,Category 4,120.0,138.1,985.0,2000-01-25,2000-02-02,8.5,At Sea / Open Water,At Sea / Open Water,0.0,0.0,0.0,2000-01-25,0,-0.026574714140957245,23.020000457763672,0.0,0.2500761467358562,0.2369565217391305,-0.05132421363144335,0.33874567135648137,0.02391081432726948
2001364S19036,Cyprien (2002),2002.0,2002-0004-MDG,nat-met-sto-tro,MDG,Africa,0.0,2.0,0.0,1900.0,1900.0,0.0,0.0,181.0,324.0,55.8716960740501,Tropical Storm,50.0,57.5,987.0,2001-12-30,2002-01-03,4.8,Landfall,Tropical Storm,-22.0333,43.2667,45.0,2001-12-31,1,-0.005654775919749722,23.799999237060547,0.01705355466724856,0.14506476534945562,-0.309265944645006,-0.0032009666533203696,0.20801461090614307,-0.00047231542009896956
2002265N10315,Lili (2002),2002.0,2002-0636-CUB,nat-met-sto-tro,CUB,Americas,0.0,3.0,0.0,281470.0,281470.0,1000.0,1790.0,23000.0,41166.0,55.8716960740501,Category 4,125.0,143.8,938.0,2002-09-21,2002-10-04,12.8,Landfall,Category 2,22.1,-84.0,90.0,2002-09-23,2,-0.06513520762552238,39.68000030517578,-0.07331450670351769,0.27032948693490516,0.34403292181069967,-0.18575232269292885,0.9408248930811939,0.052521416319451564
2002258N10300,Isidore (2002),2002.0,2002-0656-JAM,nat-met-sto-tro,JAM,Americas,0.0,0.0,0.0,0.0,0.0,0.0,0.0,1000.0,1790.0,55.8716960740501,Category 3,110.0,126.6,934.0,2002-09-14,2002-09-27,13.0,Landfall,Tropical Depression,10.0856,-61.4549,25.0,2002-09-16,2,-0.008492887094594281,36.7400016784668,-0.04400483908575281,0.25233170954188827,-0.33787465940054495,-0.12133330758145155,0.9069544694285361,-0.014239839030394497
2002265N10315,Lili (2002),2002.0,2002-0657-HTI,nat-met-sto-tro,HTI,Americas,0.0,4.0,0.0,250.0,250.0,0.0,0.0,0.0,0.0,55.8716960740501,Category 4,125.0,143.8,938.0,2002-09-21,2002-10-04,12.8,Landfall,Category 2,22.1,-84.0,90.0,2002-09-23,2,-0.06513520762552238,39.68000030517578,-0.07331450670351769,0.27032948693490516,0.34403292181069967,-0.18575232269292885,0.9408248930811939,0.052521416319451564
2002265N10315,Lili (2002),2002.0,2002-0724-USA,nat-met-sto-tro,USA,Americas,0.0,0.0,0.0,0.0,0.0,750000.0,1342361.0,2000000.0,3579630.0,55.8716960740501,Category 4,125.0,143.8,938.0,2002-09-21,2002-10-04,12.8,Landfall,Category 2,22.1,-84.0,90.0,2002-09-23,2,-0.06513520762552238,39.68000030517578,-0.07331450670351769,0.27032948693490516,0.34403292181069967,-0.18575232269292885,0.9408248930811939,0.052521416319451564
2002335N05166,Pongsona (2002),2002.0,2002-0753-GUM,nat-met-sto-tro,GUM,Oceania,0.0,1.0,0.0,6000.0,11100.0,0.0,0.0,70000.0,125287.0,55.8716960740501,Category 4,130.0,149.6,910.0,2002-12-01,2002-12-11,10.5,At Sea / Open Water,At Sea / Open Water,0.0,0.0,0.0,2002-12-02,1,0.007600253690323244,27.459999084472656,-0.02786530677761745,0.32755433577276705,-0.7089933237334729,-0.046415515950926856,0.8190762599397757,0.03758369334124125
2002258N10300,Isidore (2002),2002.0,2002-0850-NIC,nat-met-sto-tro,NIC,Americas,0.0,2.0,0.0,300.0,300.0,0.0,0.0,1000.0,1790.0,55.8716960740501,Category 3,110.0,126.6,934.0,2002-09-14,2002-09-27,13.0,Landfall,Tropical Depression,10.0856,-61.4549,25.0,2002-09-16,2,-0.008492887094594281,36.7400016784668,-0.04400483908575281,0.25233170954188827,-0.33787465940054495,-0.12133330758145155,0.9069544694285361,-0.014239839030394497
2003359S15177,Heta (2004),2004.0,2004-0004-TON,nat-met-sto-tro,TON,Oceania,0.0,0.0,0.0,0.0,0.0,0.0,0.0,0.0,0.0,58.6698092933412,Category 5,140.0,161.1,898.0,2003-12-25,2004-01-12,17.8,At Sea / Open Water,At Sea / Open Water,0.0,0.0,0.0,2003-12-26,1,0.004541899958330209,17.450000762939453,0.019922153244071206,0.07000084795773936,-0.9414991506228766,0.0,0.5796081232603142,-0.0071305506400261495
2004177N12154,Tingting (2004),2004.0,2004-0312-GUM,nat-met-sto-tro,GUM,Oceania,0.0,1.0,0.0,300.0,300.0,0.0,0.0,0.0,0.0,58.6698092933412,Category 1,80.0,92.1,963.0,2004-06-24,2004-07-13,18.2,At Sea / Open Water,At Sea / Open Water,0.0,0.0,0.0,2004-06-24,0,0.008587859896759253,14.8100004196167,0.019432148195073662,0.09830546835970662,-0.7515085484411665,0.0,0.7475829996704383,-0.006862216029357415
2004230N09172,Chaba (2004),2004.0,2004-0445-GUM,nat-met-sto-tro,GUM,Oceania,0.0,0.0,0.0,0.0,0.0,0.0,0.0,1000.0,1704.0,58.6698092933412,Category 5,155.0,178.4,879.0,2004-08-17,2004-09-05,19.5,Landfall,Category 2,33.475,131.125,85.0,2004-08-17,0,0.004890429817539399,17.020000457763672,0.004086576326291613,0.11758099954782043,-0.4868965517241379,-0.00040693614735842765,0.5027972627660164,-0.0009500459606797528
2005017S09061,Ernest (2005),2005.0,2005-0048-MDG,nat-met-sto-tro,MDG,Africa,0.0,78.0,8.0,0.0,7985.0,0.0,0.0,0.0,0.0,60.6603317527392,Category 3,100.0,115.1,944.0,2005-01-16,2005-01-25,8.8,Landfall,Category 1,-25.1897,44.3635,82.0,2005-01-18,2,0.003949265079441933,12.470000267028809,0.022066958974443107,0.10852098305339392,-0.7122796823552198,-0.008208611855394232,0.5987704579077224,0.004344737427511652
2005054S09173,Percy (2005),2005.0,2005-0102-COK,nat-met-sto-tro,COK,Oceania,0.0,0.0,8.0,600.0,608.0,0.0,0.0,0.0,0.0,60.6603317527392,Category 5,140.0,161.1,898.0,2005-02-23,2005-03-05,10.5,At Sea / Open Water,At Sea / Open Water,0.0,0.0,0.0,2005-02-23,0,-0.013869250463263594,12.390000343322754,-0.028327849271817418,0.13359695770893254,1.0556147201514614,-0.030973727892378067,0.7254509706834046,0.011683215467135837
2005192N11318,Emily (2005),2005.0,2005-0382-TTO,nat-met-sto-tro,TTO,Americas,0.0,0.0,0.0,0.0,0.0,0.0,0.0,0.0,0.0,60.6603317527392,Category 5,140.0,161.1,929.0,2005-07-11,2005-07-21,10.5,Landfall,Category 2,20.6198,-88.0304,92.0,2005-07-11,0,0.020162872049588776,11.279999732971191,0.010047232772591341,0.11277909678773766,1.2384302689180737,0.0,0.7284305012616131,-0.007733549760670259
2005236N23285,Katrina (2005),2005.0,2005-0467-USA,nat-met-sto-tro,USA,Americas,0.0,1833.0,0.0,500000.0,500000.0,60000000.0,98911427.0,125000000.0,206065474.0,60.6603317527392,Category 5,150.0,172.6,902.0,2005-08-23,2005-08-31,7.5,Landfall,Category 1,26.0,-80.1,70.0,2005-08-23,0,0.0002460786436504492,13.34000015258789,0.02391534243173199,0.16682412534868074,0.4909325781288816,-0.017442062300647376,0.9194518287449809,0.012689028551173705
2005237N14148,Talim (2005),2005.0,2005-0492-CHN,nat-met-sto-tro,CHN,Asia,86.0,159.0,0.0,19624000.0,19624000.0,0.0,0.0,1900000.0,3132195.0,60.6603317527392,Category 4,130.0,149.6,910.0,2005-08-24,2005-09-03,9.5,Landfall,Category 2,23.85,121.475,95.0,2005-08-24,0,-0.0085923412548774,14.170000076293944,0.02010853712079297,0.1670152071025974,-0.28104797550187144,-0.022032284170080074,0.9237615340978863,0.005367195219479462
2005180N20265,Bret (2005),2005.0,2005-0524-MEX,nat-met-sto-tro,MEX,Americas,0.0,2.0,0.0,15000.0,15000.0,0.0,0.0,10000.0,16485.0,60.6603317527392,Tropical Storm,35.0,40.3,1002.0,2005-06-28,2005-06-30,1.2,Landfall,Tropical Storm,20.8,-97.3,35.0,2005-06-28,0,-0.010866363244651733,11.579999923706056,0.02098752161826023,0.0829249876019122,0.48647200642914545,0.0,0.7079767109399439,-0.003958327461646762
2005257N15120,Vicente (2005),2005.0,2005-0536-VNM,nat-met-sto-tro,VNM,Asia,0.0,8.0,0.0,8500.0,8500.0,0.0,0.0,20000.0,32970.0,60.6603317527392,Tropical Storm,50.0,57.5,987.0,2005-09-14,2005-09-19,4.8,Landfall,Tropical Storm,18.1333,105.964,47.0,2005-09-14,0,-0.005649596811718394,12.90999984741211,-0.0030005872557723468,0.10245161598208717,-0.544576908124919,-0.005983104607862999,0.8870844861035321,0.006749620686215036
2005262N13127,Damrey (2005),2005.0,2005-0540-PHL,nat-met-sto-tro,PHL,Asia,0.0,16.0,0.0,20000.0,20000.0,0.0,0.0,2000.0,3297.0,60.6603317527392,Category 2,90.0,103.6,954.0,2005-09-19,2005-09-28,9.0,Landfall,Category 1,18.8617,110.331,75.0,2005-09-19,0,-0.00591908025447252,12.140000343322754,0.010255319298979604,0.10785132351220751,-0.10760293003283661,-0.0029764238464675685,0.9983881810860353,-0.0038769759167084413
2005262N13127,Damrey (2005),2005.0,2005-0540-THA,nat-met-sto-tro,THA,Asia,0.0,10.0,0.0,2000.0,2000.0,0.0,0.0,20000.0,32970.0,60.6603317527392,Category 2,90.0,103.6,954.0,2005-09-19,2005-09-28,9.0,Landfall,Category 1,18.8617,110.331,75.0,2005-09-19,0,-0.00591908025447252,12.140000343322754,0.010255319298979604,0.10785132351220751,-0.10760293003283661,-0.0029764238464675685,0.9983881810860353,-0.0038769759167084413
2005262N13127,Damrey (2005),2005.0,2005-0540-VNM,nat-met-sto-tro,VNM,Asia,717.0,75.0,28.0,337632.0,337660.0,0.0,0.0,219250.0,361439.0,60.6603317527392,Category 2,90.0,103.6,954.0,2005-09-19,2005-09-28,9.0,Landfall,Category 1,18.8617,110.331,75.0,2005-09-19,0,-0.00591908025447252,12.140000343322754,0.010255319298979604,0.10785132351220751,-0.10760293003283661,-0.0029764238464675685,0.9983881810860353,-0.0038769759167084413
2005275N19274,Stan (2005),2005.0,2005-0567-CRI,nat-met-sto-tro,CRI,Americas,0.0,1.0,0.0,1074.0,1074.0,0.0,0.0,20000.0,32970.0,60.6603317527392,Category 1,70.0,80.6,977.0,2005-10-01,2005-10-05,3.8,Landfall,Tropical Storm,19.5456,-87.3758,36.0,2005-10-03,2,0.008389168487006993,12.460000038146973,0.0312593674339956,0.12905276977496224,2.5667870036101084,0.0,0.9630522889569197,-0.035677774650233696
2005275N19274,Stan (2005),2005.0,2005-0567-HND,nat-met-sto-tro,HND,Americas,0.0,6.0,0.0,2869.0,2869.0,0.0,0.0,100000.0,164852.0,60.6603317527392,Category 1,70.0,80.6,977.0,2005-10-01,2005-10-05,3.8,Landfall,Tropical Storm,19.5456,-87.3758,36.0,2005-10-03,2,0.008389168487006993,12.460000038146973,0.0312593674339956,0.12905276977496224,2.5667870036101084,0.0,0.9630522889569197,-0.035677774650233696
2005275N19274,Stan (2005),2005.0,2005-0567-SLV,nat-met-sto-tro,SLV,Americas,0.0,69.0,0.0,72141.0,72141.0,0.0,0.0,355700.0,586380.0,60.6603317527392,Category 1,70.0,80.6,977.0,2005-10-01,2005-10-05,3.8,Landfall,Tropical Storm,19.5456,-87.3758,36.0,2005-10-03,2,0.008389168487006993,12.460000038146973,0.0312593674339956,0.12905276977496224,2.5667870036101084,0.0,0.9630522889569197,-0.035677774650233696
2005300N10279,Beta (2005),2005.0,2005-0625-COL,nat-met-sto-tro,COL,Americas,0.0,0.0,0.0,3074.0,3074.0,0.0,0.0,0.0,0.0,60.6603317527392,Category 3,100.0,115.1,962.0,2005-10-26,2005-10-31,4.2,Landfall,Category 2,12.9,-83.5,90.0,2005-10-26,0,-0.003422694467355769,14.59000015258789,0.0009755854114135154,0.2491162224336205,-0.34706435221899135,-0.0938784659874008,1.2154665220448568,-0.01903734677185911
2005300N10279,Beta (2005),2005.0,2005-0625-HND,nat-met-sto-tro,HND,Americas,0.0,0.0,0.0,11000.0,11000.0,0.0,0.0,0.0,0.0,60.6603317527392,Category 3,100.0,115.1,962.0,2005-10-26,2005-10-31,4.2,Landfall,Category 2,12.9,-83.5,90.0,2005-10-26,0,-0.003422694467355769,14.59000015258789,0.0009755854114135154,0.2491162224336205,-0.34706435221899135,-0.0938784659874008,1.2154665220448568,-0.01903734677185911
2005318N13298,Gamma (2005),2005.0,2005-0640-BLZ,nat-met-sto-tro,BLZ,Americas,0.0,3.0,0.0,0.0,0.0,0.0,0.0,0.0,0.0,60.6603317527392,Tropical Storm,45.0,51.8,1002.0,2005-11-14,2005-11-22,8.0,Landfall,Tropical Depression,15.7648,-84.4725,30.0,2005-11-14,0,0.011944737222543411,12.18000030517578,-0.012008604402358292,0.20840973646933605,-0.3379933816123927,-0.03211399135760873,1.1156396717903592,0.007610072568405943
2005318N13298,Gamma (2005),2005.0,2005-0640-HND,nat-met-sto-tro,HND,Americas,507.0,47.0,0.0,90000.0,90000.0,0.0,0.0,15500.0,25552.0,60.6603317527392,Tropical Storm,45.0,51.8,1002.0,2005-11-14,2005-11-22,8.0,Landfall,Tropical Depression,15.7648,-84.4725,30.0,2005-11-14,0,0.011944737222543411,12.18000030517578,-0.012008604402358292,0.20840973646933605,-0.3379933816123927,-0.03211399135760873,1.1156396717903592,0.007610072568405943
2005138N10265,Adrian (2005),2005.0,2005-0732-SLV,nat-met-sto-tro,SLV,Americas,0.0,0.0,0.0,0.0,0.0,0.0,0.0,0.0,0.0,60.6603317527392,Category 1,70.0,80.6,982.0,2005-05-17,2005-05-21,3.2,Landfall,Tropical Depression,13.3,-87.6,20.0,2005-05-17,0,0.008404338613033913,14.56999969482422,-0.005024963392857629,0.13844041094440457,-0.08459611024937363,-0.01427145670566099,1.0180284501883952,-0.01460400242948592
2006006S11129,Clare (2006),2006.0,2006-0043-AUS,nat-met-sto-tro,AUS,Oceania,0.0,0.0,0.0,1500.0,1500.0,0.0,0.0,2354.0,3759.0,62.6171947810345,Tropical Storm,60.0,69.0,980.0,2006-01-06,2006-01-10,4.5,Landfall,Tropical Storm,-20.9,116.3,55.0,2006-01-06,0,0.025960818213123016,11.0,0.019645405613889055,0.14072928413338714,-0.3097390665196619,-0.00408515841111412,1.0755644463279543,-0.0013877885816649589
2006188N10143,Bilis (2006),2006.0,2006-0362-VNM,nat-met-sto-tro,VNM,Asia,0.0,17.0,0.0,0.0,2000.0,0.0,0.0,0.0,0.0,62.6171947810345,Tropical Storm,50.0,57.5,987.0,2006-07-07,2006-07-17,10.5,Landfall,Tropical Storm,26.4267,119.487,40.0,2006-07-07,0,-0.005185582454951154,13.970000267028809,0.010568301429131122,0.12510052690342302,-0.3862858133587621,-0.004288117936282698,0.7945200763087817,0.024005132651494114
2007043S11071,Favio (2007),2007.0,2007-0080-MOZ,nat-met-sto-tro,MOZ,Africa,0.0,10.0,70.0,162700.0,162770.0,0.0,0.0,0.0,0.0,64.4034636847652,Category 4,120.0,138.1,922.0,2007-02-11,2007-02-23,12.0,Landfall,Category 2,-21.6667,35.1,90.0,2007-02-12,1,-0.00966514221806325,11.609999656677246,0.010667259779384208,0.055412376535235036,-0.29164866571400083,-0.0036804599268389637,0.5483434929373481,0.0017093920534109741
2007066S12066,Indlala (2007),2007.0,2007-0095-MDG,nat-met-sto-tro,MDG,Africa,18703.0,80.0,16.0,203182.0,215198.0,0.0,0.0,240000.0,372651.0,64.4034636847652,Category 4,120.0,138.1,927.0,2007-03-07,2007-03-19,12.5,Landfall,Category 3,-14.8941,50.2924,105.0,2007-03-07,0,-0.009720417342819143,15.239999771118164,-0.012458164130158655,0.2002121256355819,-0.6406429035954291,-0.0388989937222084,0.7874478200518218,0.006837029221210169
2007227N24269,Erin (2007),2007.0,2007-0359-USA,nat-met-sto-tro,USA,Americas,0.0,26.0,0.0,0.0,0.0,0.0,0.0,248000.0,385072.0,64.4034636847652,Tropical Storm,50.0,57.5,995.0,2007-08-15,2007-08-19,4.8,Landfall,Tropical Depression,28.4186,-97.4563,27.0,2007-08-15,0,-0.05866709222587807,30.670000076293945,-0.05936195667933042,0.30724620501843175,-0.3400057765440221,-0.07581995153200871,1.1791677257889905,-0.014823051619941748
2007223N19136,Sepat (2007),2007.0,2007-0380-CHN,nat-met-sto-tro,CHN,Asia,0.0,39.0,0.0,8000000.0,8000000.0,0.0,0.0,890555.0,1382775.0,64.4034636847652,Category 5,140.0,161.1,918.0,2007-08-11,2007-08-24,13.2,Landfall,Category 3,23.55,121.025,100.0,2007-08-13,2,-0.006702753597439215,26.56999969482422,0.001788475349285168,0.30171428703958375,-0.29991694579572314,-0.047144611721445906,1.1824121505634466,-0.004632989105004604
2007244N12303,Felix (2007),2007.0,2007-0439-SLV,nat-met-sto-tro,SLV,Americas,0.0,0.0,0.0,2800.0,2800.0,0.0,0.0,0.0,0.0,64.4034636847652,Category 5,150.0,172.6,929.0,2007-08-31,2007-09-06,6.2,Landfall,Category 5,14.3,-83.2,140.0,2007-08-31,0,-0.004988696038124574,23.3799991607666,-0.025498356595099914,0.2374395279501237,-0.08024916943521598,-0.045263803528628466,1.0599045001371412,0.02432606602210522
2007297N18300,Noel (2007),2007.0,2007-0523-BHS,nat-met-sto-tro,BHS,Americas,0.0,1.0,0.0,7000.0,7000.0,0.0,0.0,0.0,0.0,64.4034636847652,Category 1,75.0,86.3,965.0,2007-10-24,2007-11-06,13.0,Landfall,Tropical Storm,19.7408,-73.2102,42.0,2007-10-24,0,-0.017957574510303997,20.799999237060547,-0.02439042052162499,0.1436367165124204,-0.0025209256523880397,-0.033816701849421094,0.9100253327505508,0.042206334910685345
2007297N18300,Noel (2007),2007.0,2007-0523-CUB,nat-met-sto-tro,CUB,Americas,0.0,1.0,0.0,192488.0,192488.0,0.0,0.0,500000.0,776356.0,64.4034636847652,Category 1,75.0,86.3,965.0,2007-10-24,2007-11-06,13.0,Landfall,Tropical Storm,19.7408,-73.2102,42.0,2007-10-24,0,-0.017957574510303997,20.799999237060547,-0.02439042052162499,0.1436367165124204,-0.0025209256523880397,-0.033816701849421094,0.9100253327505508,0.042206334910685345
2007297N18300,Noel (2007),2007.0,2007-0523-DOM,nat-met-sto-tro,DOM,Americas,0.0,129.0,0.0,79728.0,79728.0,0.0,0.0,77700.0,120646.0,64.4034636847652,Category 1,75.0,86.3,965.0,2007-10-24,2007-11-06,13.0,Landfall,Tropical Storm,19.7408,-73.2102,42.0,2007-10-24,0,-0.017957574510303997,20.799999237060547,-0.02439042052162499,0.1436367165124204,-0.0025209256523880397,-0.033816701849421094,0.9100253327505508,0.042206334910685345
2007274N18131,Krosa (2007),2007.0,2007-0552-TWN,nat-met-sto-tro,TWN,Asia,0.0,18.0,67.0,1000.0,1067.0,0.0,0.0,35000.0,54345.0,64.4034636847652,Category 4,130.0,149.6,926.0,2007-10-01,2007-10-14,12.8,Landfall,Category 3,24.9597,121.582,102.0,2007-10-01,0,0.01720609821943353,17.84000015258789,-0.0032121784911924856,0.1540324577158058,0.4107690784915372,-0.011566914516504267,0.9851128013293025,0.007798058975118615
2007345N18298,Olga (2007),2007.0,2007-0612-HTI,nat-met-sto-tro,HTI,Americas,0.0,3.0,2.0,2090.0,2352.0,0.0,0.0,0.0,0.0,64.4034636847652,Tropical Storm,50.0,57.5,1003.0,2007-12-10,2007-12-16,5.8,Landfall,Tropical Storm,18.4,-66.5,40.0,2007-12-10,0,0.02979407229136699,20.739999771118164,0.02850573177767668,0.1405641272616591,-0.14907882134204742,0.0,0.5048586922681181,-0.012781502053592048
2008117N11090,Nargis (2008),2008.0,2008-0184-LKA,nat-met-sto-tro,LKA,Asia,0.0,9.0,0.0,50000.0,50000.0,0.0,0.0,0.0,0.0,66.8759741789087,Category 4,115.0,132.3,937.0,2008-04-25,2008-05-04,8.5,Landfall,Category 4,16.0,94.5,115.0,2008-04-25,0,0.008088140441964597,19.59000015258789,-0.008357853936780901,0.14024660464178645,0.13989149057681316,-0.008357853936780901,0.5820582161949371,0.008893102239463975
2008241N19303,Hanna (2008),2008.0,2008-0378-USA,nat-met-sto-tro,USA,Americas,0.0,7.0,0.0,0.0,0.0,0.0,0.0,160000.0,239249.0,66.8759741789087,Category 1,75.0,86.3,977.0,2008-08-28,2008-09-08,11.5,Landfall,Tropical Storm,34.5805,-78.498,54.0,2008-08-28,0,0.018701073929630496,19.43000030517578,0.01299772402181154,0.1556203593581156,-0.5623586626139818,0.0,0.34862493141916523,-0.057866465900069
2008245N17323,Ike (2008),2008.0,2008-0384-USA,nat-met-sto-tro,USA,Americas,0.0,82.0,0.0,200000.0,200000.0,15000000.0,22429580.0,30000000.0,44859160.0,66.8759741789087,Category 4,125.0,143.8,935.0,2008-09-01,2008-09-15,14.2,Landfall,Category 3,21.0,-73.2,110.0,2008-09-02,1,0.007636362239721528,21.989999771118164,-0.006675545823562223,0.1270741869526134,0.7967437429635402,-0.025923058603246285,0.30027879132587554,-0.04418535153156666
2008311N14278,Paloma (2008),2008.0,2008-0514-CYM,nat-met-sto-tro,CYM,Americas,0.0,0.0,0.0,0.0,0.0,0.0,0.0,0.0,0.0,66.8759741789087,Category 4,125.0,143.8,944.0,2008-11-05,2008-11-14,8.5,Landfall,Category 2,20.7,-78.0,90.0,2008-11-05,0,0.03341180527494125,54.560001373291016,0.038392658232981214,0.8591390560098899,0.002419124778912485,-0.01848129839260404,0.8315812558456045,0.028370240745105343
2010038S08194,Pat (2010),2010.0,2010-0078-COK,nat-met-sto-tro,COK,Oceania,0.0,0.0,8.0,2194.0,2202.0,0.0,0.0,0.0,0.0,67.7310945291778,Category 2,90.0,103.6,956.0,2010-02-06,2010-02-12,5.2,At Sea / Open Water,At Sea / Open Water,0.0,0.0,0.0,2010-02-08,2,-0.029066526986510022,26.510000228881836,-0.03802152056263486,0.1699427155700228,-0.23334181268610932,-0.08570497070172445,0.7777825091181166,-0.0030958469884644763
2010149N13266,Agatha (2010),2010.0,2010-0211-SLV,nat-met-sto-tro,SLV,Americas,0.0,11.0,3.0,11250.0,11253.0,0.0,0.0,20000.0,29529.0,67.7310945291778,Tropical Storm,40.0,46.0,1001.0,2010-05-28,2010-05-30,1.8,Landfall,Tropical Storm,14.6,-91.9,35.0,2010-05-28,0,0.0023829369842960357,32.06999969482422,0.00489124527200735,0.22643877561662218,-0.2579136034996051,-0.06714290709555937,0.6636699235122764,0.007202346418760684
2010198N15123,Chanthu (2010),2010.0,2010-0332-VNM,nat-met-sto-tro,VNM,Asia,0.0,10.0,0.0,12400.0,12400.0,0.0,0.0,0.0,0.0,67.7310945291778,Category 1,80.0,92.1,963.0,2010-07-17,2010-07-23,6.5,Landfall,Tropical Depression,15.2667,121.233,25.0,2010-07-19,2,-0.006850207415910248,25.969999313354492,0.008361353722008857,0.2031999407756675,0.6778940246937444,-0.0019860846558367173,0.7303823844019031,-0.010826461053041317
2010234N14267,Frank (2010),2010.0,2010-0426-MEX,nat-met-sto-tro,MEX,Americas,0.0,6.0,0.0,154000.0,154000.0,0.0,0.0,0.0,0.0,67.7310945291778,Category 1,80.0,92.1,978.0,2010-08-21,2010-08-29,7.2,At Sea / Open Water,At Sea / Open Water,0.0,0.0,0.0,2010-08-23,2,-0.010530386756879007,25.65999984741211,-0.0009771389594344093,0.15569072186602342,-0.3481985446370467,-0.019501347218061515,0.7848792276518886,0.013262055075475785
2010233N17119,Mindulle (2010),2010.0,2010-0432-VNM,nat-met-sto-tro,VNM,Asia,0.0,14.0,20.0,20560.0,20700.0,0.0,0.0,44000.0,64963.0,67.7310945291778,Category 1,65.0,74.8,974.0,2010-08-20,2010-08-25,4.2,Landfall,Tropical Storm,18.975,105.5,45.0,2010-08-20,0,-0.007201475153100434,25.489999771118164,-0.007491827682064689,0.15607328347373067,0.3809297187048526,-0.025895238454123337,0.7632836240695531,0.026744641910881096
2010240N15142,Kompasu (2010),2010.0,2010-0479-PRK,nat-met-sto-tro,PRK,Asia,0.0,20.0,0.0,40000.0,40000.0,0.0,0.0,0.0,0.0,67.7310945291778,Category 3,105.0,120.8,944.0,2010-08-27,2010-09-06,9.8,Landfall,Category 1,38.1,127.15,65.0,2010-08-27,0,-0.006230633514645478,24.450000762939453,0.021988901381573278,0.1491029796543656,0.2217312639235911,-0.004475744917170177,0.767623040751271,-0.013535029002397423
2010293N17093,Giri (2010),2010.0,2010-0554-MMR,nat-met-sto-tro,MMR,Asia,0.0,45.0,49.0,260000.0,260049.0,0.0,0.0,57000.0,84156.0,67.7310945291778,Category 4,135.0,155.4,922.0,2010-10-19,2010-10-24,4.5,Landfall,Category 3,20.0748,93.4915,107.0,2010-10-19,0,-0.0023930438929143927,20.6299991607666,0.007248573981141204,0.09368076134204895,1.0951682656459711,0.0,0.6241916349315557,-0.018150183506061374
2010302N09306,Tomas (2010),2010.0,2010-0571-LCA,nat-met-sto-tro,LCA,Americas,0.0,14.0,0.0,181000.0,181000.0,0.0,0.0,500.0,738.0,67.7310945291778,Category 2,85.0,97.8,982.0,2010-10-29,2010-11-10,12.5,At Sea / Open Water,At Sea / Open Water,0.0,0.0,0.0,2010-10-29,0,0.001182889238901419,21.200000762939453,-0.004706302469361767,0.0703379134021046,-0.027610149351103286,-0.015518601687200317,0.5820657433901885,-0.010375820000358717
2010302N09306,Tomas (2010),2010.0,2010-0571-VCT,nat-met-sto-tro,VCT,Americas,0.0,0.0,0.0,6000.0,6100.0,0.0,0.0,48000.0,70868.0,67.7310945291778,Category 2,85.0,97.8,982.0,2010-10-29,2010-11-10,12.5,At Sea / Open Water,At Sea / Open Water,0.0,0.0,0.0,2010-10-29,0,0.001182889238901419,21.200000762939453,-0.004706302469361767,0.0703379134021046,-0.027610149351103286,-0.015518601687200317,0.5820657433901885,-0.010375820000358717
2010249N24125,Meranti (2010),2010.0,2010-0691-CHN,nat-met-sto-tro,CHN,Asia,0.0,3.0,0.0,0.0,186000.0,0.0,0.0,0.0,0.0,67.7310945291778,Category 1,65.0,74.8,974.0,2010-09-06,2010-09-14,8.0,Landfall,Tropical Storm,24.8619,118.712,57.0,2010-09-07,1,0.04111684104057822,23.799999237060547,0.025757674489957028,0.16198551792583826,-0.41320491578558405,-0.005060300429631459,0.7439296202463564,-0.018833230778944055
2010305N06105,Jal (2010),2010.0,2010-0693-IND,nat-met-sto-tro,IND,Asia,0.0,22.0,0.0,0.0,0.0,0.0,0.0,0.0,0.0,67.7310945291778,Tropical Storm,55.0,63.3,982.0,2010-10-31,2010-11-08,7.4,Landfall,Tropical Depression,7.63545,99.7997,20.0,2010-11-01,1,-0.0014324332608796064,21.829999923706055,-0.012264018290260692,0.07863361436628027,0.39220070489256065,-0.02514009427282471,0.5875036286009819,-0.004983335877546291
2011233N15301,Irene (2011),2011.0,2011-0328-USA,nat-met-sto-tro,USA,Americas,0.0,46.0,0.0,370000.0,370000.0,0.0,0.0,7300000.0,10448085.0,69.869263508865,Category 3,105.0,120.8,942.0,2011-08-21,2011-08-30,9.0,Landfall,Tropical Storm,18.1,-65.8,60.0,2011-08-22,1,-0.06541163654433513,42.439998626708984,-0.014338016623162253,0.3446738227874298,-0.28802069299994615,-0.044648279449066575,0.6552388160321483,-0.00868819838606922
2011302N13062,Keila (2011),2011.0,2011-0414-OMN,nat-met-sto-tro,OMN,Asia,0.0,14.0,200.0,0.0,200.0,0.0,0.0,0.0,0.0,69.869263508865,Tropical Storm,55.0,63.3,982.0,2011-10-29,2011-11-05,7.0,Landfall,Tropical Storm,17.0,54.5,45.0,2011-10-31,2,7.961642366316468e-05,29.959999084472656,0.003455138536667457,0.1599198599474858,-0.33342673017652,-0.012748147706169055,0.598116279181269,0.005560016707957544
2012215N23146,Haikui (2012),2012.0,2012-0282-CHN,nat-met-sto-tro,CHN,Asia,0.0,3.0,7.0,6000000.0,6000007.0,230000.0,322512.0,1500000.0,2103342.0,71.3150877335761,Category 1,65.0,74.8,974.0,2012-08-01,2012-08-11,9.8,Landfall,Tropical Storm,29.375,121.375,60.0,2012-08-01,0,0.027097900257264218,18.959999084472656,0.015106615701841797,0.10403512041783386,3.391533059123087,-0.01569456407550951,0.3661373942301019,-0.013031592381470093
2012225N16133,Kai-Tak (2012),2012.0,2012-0294-CHN,nat-met-sto-tro,CHN,Asia,0.0,2.0,0.0,107500.0,107500.0,0.0,0.0,262000.0,367384.0,71.3150877335761,Category 1,65.0,74.8,974.0,2012-08-11,2012-08-18,7.0,Landfall,Tropical Storm,18.3933,121.531,55.0,2012-08-13,2,0.008236386077828062,13.699999809265137,-0.007148412678076421,0.11260174770710421,-0.3994846175735922,-0.01909494318099758,0.3729250581649345,-0.012828618065952702
2012234N16315,Isaac (2012),2012.0,2012-0313-CUB,nat-met-sto-tro,CUB,Americas,0.0,1.0,0.0,45496.0,45496.0,0.0,0.0,0.0,0.0,71.3150877335761,Category 1,70.0,80.6,965.0,2012-08-20,2012-09-01,11.8,Landfall,Tropical Storm,18.3,-72.7,55.0,2012-08-20,0,0.010087175277911031,14.020000457763672,-0.00906685763871784,0.11101097912915038,0.40271159668290113,-0.02798866968827385,0.382630648770101,-0.010629455493768397
2012232N13141,Bolaven (2012),2012.0,2012-0414-KOR,nat-met-sto-tro,KOR,Asia,0.0,20.0,0.0,0.0,0.0,0.0,0.0,450000.0,631003.0,71.3150877335761,Category 4,125.0,143.8,929.0,2012-08-18,2012-09-01,14.2,Landfall,Tropical Storm,40.1763,125.098,40.0,2012-08-20,2,0.010087175277911031,14.020000457763672,-0.00906685763871784,0.11101097912915038,0.40271159668290113,-0.02798866968827385,0.382630648770101,-0.010629455493768397
2012232N13141,Bolaven (2012),2012.0,2012-0414-PRK,nat-met-sto-tro,PRK,Asia,0.0,59.0,1.0,10960.0,44461.0,0.0,0.0,0.0,0.0,71.3150877335761,Category 4,125.0,143.8,929.0,2012-08-18,2012-09-01,14.2,Landfall,Tropical Storm,40.1763,125.098,40.0,2012-08-20,2,0.010087175277911031,14.020000457763672,-0.00906685763871784,0.11101097912915038,0.40271159668290113,-0.02798866968827385,0.382630648770101,-0.010629455493768397
2012301N11087,Nilam (2012),2012.0,2012-0425-LKA,nat-met-sto-tro,LKA,Asia,0.0,0.0,0.0,0.0,69000.0,0.0,0.0,57000.0,79927.0,71.3150877335761,Tropical Storm,50.0,57.5,985.0,2012-10-27,2012-11-01,5.5,Landfall,Tropical Storm,12.7,79.8,50.0,2012-10-31,4,-0.014364221630522311,18.600000381469727,-0.002972132556414264,0.09109066550935398,1.333389544688027,-0.0136327875103881,0.4297627952394292,-0.04816089634978805
2013187N20156,Soulik (2013),2013.0,2013-0249-CHN,nat-met-sto-tro,CHN,Asia,0.0,9.0,150.0,390000.0,390150.0,0.0,0.0,460000.0,635713.0,72.3597374789251,Category 4,125.0,143.8,929.0,2013-07-06,2013-07-14,8.5,Landfall,Category 1,24.8148,121.461,78.0,2013-07-08,2,0.022004517597647766,14.779999732971191,-0.005314761124885381,0.18889717244682996,0.06532452230930796,-0.014720900462675046,0.7531594771855566,0.029864204364155305
2013178N09133,Rumbia (2013),2013.0,2013-0258-CHN,nat-met-sto-tro,CHN,Asia,0.0,7.0,0.0,21000.0,21000.0,0.0,0.0,177000.0,244611.0,72.3597374789251,Category 1,70.0,80.6,970.0,2013-06-27,2013-07-02,5.8,Landfall,Tropical Depression,11.75,125.225,30.0,2013-06-27,0,0.015886626121707215,16.860000610351562,0.04078264678059562,0.18590456735997657,-0.6811374969297408,-0.011825443186696094,0.7852251431116631,-0.026505473217558556
2013178N09133,Rumbia (2013),2013.0,2013-0258-PHL,nat-met-sto-tro,PHL,Asia,0.0,7.0,4.0,3592.0,3596.0,0.0,0.0,1000.0,1382.0,72.3597374789251,Category 1,70.0,80.6,970.0,2013-06-27,2013-07-02,5.8,Landfall,Tropical Depression,11.75,125.225,30.0,2013-06-27,0,0.015886626121707215,16.860000610351562,0.04078264678059562,0.18590456735997657,-0.6811374969297408,-0.011825443186696094,0.7852251431116631,-0.026505473217558556
2013255N20148,Man-Yi (2013),2013.0,2013-0415-JPN,nat-met-sto-tro,JPN,Asia,0.0,6.0,141.0,30147.0,30288.0,0.0,0.0,2000.0,2764.0,72.3597374789251,Tropical Storm,60.0,69.0,978.0,2013-09-11,2013-09-20,8.8,Landfall,Tropical Storm,35.2467,137.733,55.0,2013-09-11,0,0.022021087637543513,13.81999969482422,0.004339530559578586,0.12121462469886209,2.382296676869261,-0.03743200993294249,0.8464484072029964,0.025510340555335968
2013322N13090,Helen (2013),2013.0,2013-0515-IND,nat-met-sto-tro,IND,Asia,0.0,10.0,0.0,0.0,0.0,0.0,0.0,262000.0,362080.0,72.3597374789251,Category 1,70.0,80.6,970.0,2013-11-18,2013-11-23,5.2,Landfall,Tropical Storm,16.0425,81.2111,42.0,2013-11-18,0,0.011843352460168433,13.100000381469728,0.009758257985005958,0.10931123132427503,0.6362990468785608,-0.0017776063355364746,0.6510746689513709,-0.02499085542286162
2014004S17183,Ian (2014),2014.0,2014-0001-TON,nat-met-sto-tro,TON,Oceania,0.0,1.0,14.0,4000.0,4014.0,0.0,0.0,31000.0,42158.0,73.5335770092672,Category 4,130.0,149.6,926.0,2014-01-04,2014-01-15,11.0,At Sea / Open Water,At Sea / Open Water,0.0,0.0,0.0,2014-01-06,2,-0.008104415248302632,13.550000190734863,-0.012695144900064625,0.11948882700072344,-0.12201506532474837,-0.018480274253788287,0.8337453175564981,0.01645736258561244
2014153N12267,Boris (2014),2014.0,2014-0183-GTM,nat-met-sto-tro,GTM,Americas,0.0,5.0,0.0,100000.0,100000.0,0.0,0.0,0.0,0.0,73.5335770092672,Tropical Storm,40.0,46.0,998.0,2014-06-01,2014-06-04,3.2,At Sea / Open Water,At Sea / Open Water,0.0,0.0,0.0,2014-06-02,1,0.01339592012923485,11.579999923706056,0.023227866986013312,0.13126292248607987,-0.1867844475373771,-0.014529716018228389,0.1530179062010759,-0.0007214923256957185
2014184N08147,Neoguri (2014),2014.0,2014-0236-JPN,nat-met-sto-tro,JPN,Asia,0.0,7.0,66.0,600.0,666.0,0.0,0.0,156000.0,212148.0,73.5335770092672,Category 5,140.0,161.1,918.0,2014-07-02,2014-07-13,10.8,Landfall,Tropical Storm,32.275,131.325,40.0,2014-07-02,0,0.00843665135768945,10.81999969482422,-0.014675149710331459,0.14572676014755467,0.4305787778702095,-0.029145320867392632,0.2656029697164005,0.005619751085820795
2014209N16134,Nakri (2014),2014.0,2014-0314-KOR,nat-met-sto-tro,KOR,Asia,0.0,14.0,0.0,0.0,0.0,0.0,0.0,0.0,0.0,73.5335770092672,Tropical Storm,40.0,46.0,992.0,2014-07-27,2014-08-04,7.5,Landfall,Tropical Depression,35.85,126.75,0.0,2014-07-28,1,0.00233151880553617,12.5600004196167,0.007727861667686797,0.1385253197884378,0.5428161692211169,-0.027790221631823542,0.2492821276969216,-0.03783251609135452
2014246N17254,Norbert (2014),2014.0,2014-0386-MEX,nat-met-sto-tro,MEX,Americas,0.0,3.0,0.0,7500.0,7500.0,0.0,0.0,25000.0,33998.0,73.5335770092672,Category 3,110.0,126.6,950.0,2014-09-02,2014-09-11,8.5,At Sea / Open Water,At Sea / Open Water,0.0,0.0,0.0,2014-09-02,0,0.002048302045785322,12.25,0.0035092455299452485,0.143363890911941,0.8581833512633386,-0.009011186862326603,0.5423611985336074,0.0027884580464047465
2014290N14261,Trudy (2014),2014.0,2014-0417-MEX,nat-met-sto-tro,MEX,Americas,0.0,6.0,0.0,30000.0,30000.0,0.0,0.0,2000.0,2720.0,73.5335770092672,Tropical Storm,55.0,63.3,998.0,2014-10-17,2014-10-19,1.8,Landfall,Tropical Storm,16.7,-98.7,45.0,2014-10-17,0,-0.010863916389118877,21.989999771118164,0.0016302190177055476,0.13238479912442924,-0.14548767674998908,-0.010128958146371936,0.6028208282224083,0.010121197355386004
2014092S11159,Ita (2014),2014.0,2014-0423-PNG,nat-met-sto-tro,PNG,Oceania,0.0,0.0,0.0,12346.0,12346.0,0.0,0.0,0.0,0.0,73.5335770092672,Category 5,140.0,161.1,918.0,2014-04-02,2014-04-18,16.8,Landfall,Category 2,-14.925,145.225,90.0,2014-04-02,0,0.02113836566736893,13.09000015258789,0.012063183477123651,0.11030393517419207,0.49137081814111183,-0.008441768805930061,0.42910292330801364,0.023040304463046044
2014329N08131,Sinlaku (2014),2014.0,2014-0474-VNM,nat-met-sto-tro,VNM,Asia,0.0,0.0,0.0,750.0,750.0,0.0,0.0,0.0,0.0,73.5335770092672,Tropical Storm,55.0,63.3,982.0,2014-11-25,2014-11-30,5.0,Landfall,Tropical Depression,9.03835,126.158,27.0,2014-11-25,0,0.00758949666291131,12.25,-0.007446216690663698,0.17038719828422644,0.9606981022028804,-0.02663210394296378,0.5099432953507531,0.01904138101680454
2015085N06162,Maysak (2015),2015.0,2015-0105-FSM,nat-met-sto-tro,FSM,Oceania,0.0,5.0,0.0,35000.0,35000.0,0.0,0.0,11000.0,14941.0,73.6208029365864,Category 5,150.0,172.6,911.0,2015-03-25,2015-04-07,12.2,Landfall,Tropical Depression,16.7863,121.977,25.0,2015-03-25,0,-0.01796785820711133,15.4399995803833,-0.022351562081003862,0.21164516763487912,-0.4032874633848229,-0.02266172043746728,0.7504868904614128,0.011130648306793807
2015085N06162,Maysak (2015),2015.0,2015-0105-PHL,nat-met-sto-tro,PHL,Asia,0.0,0.0,0.0,2761.0,2761.0,0.0,0.0,0.0,0.0,73.6208029365864,Category 5,150.0,172.6,911.0,2015-03-25,2015-04-07,12.2,Landfall,Tropical Depression,16.7863,121.977,25.0,2015-03-25,0,-0.01796785820711133,15.4399995803833,-0.022351562081003862,0.21164516763487912,-0.4032874633848229,-0.02266172043746728,0.7504868904614128,0.011130648306793807
2015184N08172,Nangka (2015),2015.0,2015-0261-JPN,nat-met-sto-tro,JPN,Asia,0.0,2.0,56.0,789.0,845.0,127000.0,172506.0,207000.0,281171.0,73.6208029365864,Category 4,135.0,155.4,922.0,2015-07-02,2015-07-18,15.5,Landfall,Tropical Storm,33.3707,134.123,61.0,2015-07-02,0,-0.012151194084571215,16.790000915527344,0.016610360194976526,0.12987179006849436,-0.18070041840288176,-0.02261206206320221,0.7758740489648962,0.01688696207523484
2015211N13162,Soudelor (2015),2015.0,2015-0339-TWN,nat-met-sto-tro,TWN,Asia,0.0,6.0,380.0,0.0,380.0,0.0,0.0,0.0,0.0,73.6208029365864,Category 5,155.0,178.4,907.0,2015-07-29,2015-08-12,13.5,Landfall,Category 2,23.9,120.9,95.0,2015-07-29,0,-0.002838811346240422,12.5,0.006987813894254957,0.15457860400339643,0.6360243329051647,-0.012562763342207295,0.6123448354564353,0.011055146263610132
2016041S14170,Winston (2016),2016.0,2016-0041-FJI,nat-met-sto-tro,FJI,Oceania,41862.0,45.0,144.0,540414.0,540558.0,50000.0,67069.0,600000.0,804833.0,74.5496029864344,Category 5,155.0,178.4,907.0,2016-02-09,2016-02-28,18.8,Landfall,Category 5,-17.4667,177.804,147.0,2016-02-09,0,-0.024873356523503642,26.540000915527344,0.011291689884322276,0.17073896857832843,0.41645324700534125,-0.0010725373526188076,0.5299530419717317,-0.03868466607499822
2016095S13162,Zena (2016),2016.0,2016-0141-TON,nat-met-sto-tro,TON,Oceania,0.0,0.0,0.0,0.0,0.0,0.0,0.0,0.0,0.0,74.5496029864344,Category 2,90.0,103.6,956.0,2016-04-04,2016-04-07,3.2,Landfall,Tropical Storm,-15.0251,167.012,50.0,2016-04-04,0,0.014810235332339383,14.119999885559082,0.017853110673128114,0.09391952887128811,0.3594169645874463,-0.004216608976742808,0.31982015995530505,-0.01589686423454318
2016215N16283,Earl (2016),2016.0,2016-0284-GTM,nat-met-sto-tro,GTM,Americas,0.0,0.0,0.0,55.0,55.0,0.0,0.0,0.0,0.0,74.5496029864344,Category 1,75.0,86.3,979.0,2016-08-02,2016-08-06,4.2,Landfall,Category 1,17.4,-88.3,75.0,2016-08-02,0,-0.005536141324290478,13.369999885559082,-0.0076613567043064545,0.13121644758035103,0.09564237235292716,-0.022083689846440824,0.10931723240714587,-0.022758147538735098
2016248N15255,Newton (2016),2016.0,2016-0319-MEX,nat-met-sto-tro,MEX,Americas,0.0,11.0,0.0,10500.0,10500.0,0.0,0.0,50000.0,67069.0,74.5496029864344,Category 1,80.0,92.1,977.0,2016-09-04,2016-09-08,4.0,Landfall,Category 1,23.9,-110.8,75.0,2016-09-06,2,0.003068380008892646,12.020000457763672,0.012512570092228836,0.1574412811746624,0.17236107162887904,-0.014341891490814995,0.10763728715920036,-0.027646101024454358
2016273N13300,Matthew (2016),2016.0,2016-0355-DOM,nat-met-sto-tro,DOM,Americas,0.0,6.0,0.0,39.0,48.0,0.0,0.0,0.0,0.0,74.5496029864344,Category 5,145.0,166.9,934.0,2016-09-28,2016-10-10,11.5,Landfall,Category 4,18.3,-74.3,130.0,2016-09-28,0,0.003799357645445367,12.390000343322754,-0.01164382824964083,0.20318134877632146,-0.1435653513766999,-0.017654170596982044,0.8866026943614904,-0.053574331427413496
2017195N16114,Talas (2017),2017.0,2017-0281-LAO,nat-met-sto-tro,LAO,Asia,0.0,0.0,0.0,0.0,0.0,0.0,0.0,0.0,0.0,76.1376037057766,Tropical Storm,50.0,57.5,985.0,2017-07-14,2017-07-17,3.8,Landfall,Tropical Storm,18.6,105.675,45.0,2017-07-14,0,0.014249740905891262,9.510000228881836,0.008350910844497905,0.0828758930240943,-0.04942320741913597,-0.04047325463900153,0.2361765089959716,0.025117396192687533
2017232N19130,Hato (2017),2017.0,2017-0352-HKG,nat-met-sto-tro,HKG,Asia,0.0,0.0,129.0,27.0,156.0,0.0,0.0,755500.0,992282.0,76.1376037057766,Category 3,100.0,115.1,948.0,2017-08-19,2017-08-25,5.5,Landfall,Category 2,22.175,112.85,85.0,2017-08-21,2,-0.014764198245264426,13.1899995803833,0.012026240431927349,0.07744333712837569,-0.5218045621332792,0.0,0.22275830167592223,0.008340546338630543
2017242N16333,Irma (2017),2017.0,2017-0381-KNA,nat-met-sto-tro,KNA,Americas,0.0,0.0,0.0,500.0,500.0,2300.0,3021.0,20000.0,26268.0,76.1376037057766,Category 5,155.0,178.4,914.0,2017-08-30,2017-09-13,14.5,Landfall,Category 3,25.9,-81.7,100.0,2017-08-30,0,0.00592896952370392,11.220000267028809,-0.0007272703182065188,0.06728005620175652,-0.18381278117593636,-0.005068865162909719,0.1653299131704243,0.0019692332074669316
2017242N16333,Irma (2017),2017.0,2017-0381-MAF,nat-met-sto-tro,MAF,Americas,0.0,12.0,110.0,0.0,110.0,1231200.0,1617072.0,4100000.0,5384987.0,76.1376037057766,Category 5,155.0,178.4,914.0,2017-08-30,2017-09-13,14.5,Landfall,Category 3,25.9,-81.7,100.0,2017-08-30,0,0.00592896952370392,11.220000267028809,-0.0007272703182065188,0.06728005620175652,-0.18381278117593636,-0.005068865162909719,0.1653299131704243,0.0019692332074669316
2017242N16333,Irma (2017),2017.0,2017-0381-USA,nat-met-sto-tro,USA,Americas,0.0,97.0,0.0,0.0,70000.0,29000000.0,38088932.0,57000000.0,74864452.0,76.1376037057766,Category 5,155.0,178.4,914.0,2017-08-30,2017-09-13,14.5,Landfall,Category 3,25.9,-81.7,100.0,2017-08-30,0,0.00592896952370392,11.220000267028809,-0.0007272703182065188,0.06728005620175652,-0.18381278117593636,-0.005068865162909719,0.1653299131704243,0.0019692332074669316
2017260N12310,Maria (2017),2017.0,2017-0383-MTQ,nat-met-sto-tro,MTQ,Americas,0.0,0.0,2.0,0.0,2.0,0.0,0.0,44000.0,57790.0,76.1376037057766,Category 5,150.0,172.6,908.0,2017-09-16,2017-10-02,16.0,Landfall,Category 4,18.0,-65.9,135.0,2017-09-18,2,0.007019417295161201,10.149999618530272,-0.021971812295164872,0.0979275609753643,0.5660053906219034,-0.021971812295164872,0.14969805725314766,-0.008199642699812201
2017260N12310,Maria (2017),2017.0,2017-0383-USA,nat-met-sto-tro,USA,Americas,0.0,4.0,0.0,0.0,0.0,0.0,0.0,0.0,0.0,76.1376037057766,Category 5,150.0,172.6,908.0,2017-09-16,2017-10-02,16.0,Landfall,Category 4,18.0,-65.9,135.0,2017-09-18,2,0.007019417295161201,10.149999618530272,-0.021971812295164872,0.0979275609753643,0.5660053906219034,-0.021971812295164872,0.14969805725314766,-0.008199642699812201
2017304N11127,Damrey (2017),2017.0,2017-0422-PHL,nat-met-sto-tro,PHL,Asia,0.0,6.0,0.0,305.0,305.0,0.0,0.0,0.0,0.0,76.1376037057766,Category 2,90.0,103.6,967.0,2017-10-31,2017-11-05,5.0,Landfall,Tropical Depression,11.25,124.35,0.0,2017-10-31,0,0.0022995460556769487,10.18000030517578,0.0032763563626263537,0.07523138159174066,-0.15911677267394164,0.0,0.06698822309687881,0.009400735549066733
2017236N15129,Pakhar (2017),2017.0,2017-0485-CHN,nat-met-sto-tro,CHN,Asia,0.0,12.0,0.0,300.0,300.0,0.0,0.0,56000.0,73551.0,76.1376037057766,Tropical Storm,60.0,69.0,983.0,2017-08-24,2017-08-28,4.0,Landfall,Tropical Storm,16.3866,121.754,40.0,2017-08-24,0,0.003702465763476326,12.229999542236328,0.014396407847409698,0.06761343841631363,-0.2164844857809587,-0.0007272703182065188,0.2135004326740439,-0.0028808700028739166
2017236N15129,Pakhar (2017),2017.0,2017-0485-HKG,nat-met-sto-tro,HKG,Asia,0.0,1.0,0.0,0.0,0.0,0.0,0.0,0.0,0.0,76.1376037057766,Tropical Storm,60.0,69.0,983.0,2017-08-24,2017-08-28,4.0,Landfall,Tropical Storm,16.3866,121.754,40.0,2017-08-24,0,0.003702465763476326,12.229999542236328,0.014396407847409698,0.06761343841631363,-0.2164844857809587,-0.0007272703182065188,0.2135004326740439,-0.0028808700028739166
2018153N12113,Ewiniar (2018),2018.0,2018-0201-CHN,nat-met-sto-tro,CHN,Asia,0.0,14.0,0.0,16200.0,16200.0,0.0,0.0,570000.0,730795.0,77.9972651879547,Tropical Storm,40.0,46.0,996.0,2018-06-02,2018-06-11,9.0,Landfall,Tropical Storm,20.475,110.4,35.0,2018-06-04,2,0.01010471621486575,12.739999771118164,-0.013663337216974325,0.14722846570142378,0.03553303151763321,-0.027907804124816082,0.16404911388872623,-0.02667726312232071
2018153N12113,Ewiniar (2018),2018.0,2018-0201-VNM,nat-met-sto-tro,VNM,Asia,0.0,1.0,0.0,0.0,0.0,0.0,0.0,0.0,0.0,77.9972651879547,Tropical Storm,40.0,46.0,996.0,2018-06-02,2018-06-11,9.0,Landfall,Tropical Storm,20.475,110.4,35.0,2018-06-04,2,0.01010471621486575,12.739999771118164,-0.013663337216974325,0.14722846570142378,0.03553303151763321,-0.027907804124816082,0.16404911388872623,-0.02667726312232071
2018221N17112,Bebinca (2018),2018.0,2018-0305-VNM,nat-met-sto-tro,VNM,Asia,0.0,13.0,0.0,50000.0,50000.0,0.0,0.0,2000.0,2564.0,77.9972651879547,Tropical Storm,60.0,69.0,979.0,2018-08-09,2018-08-17,8.8,Landfall,Tropical Depression,21.6512,112.222,20.0,2018-08-09,0,0.009490562807761949,11.270000457763672,0.009675613659910542,0.09694440871720186,-0.4979672563454566,-0.002249865748468416,-0.4069765628624235,0.0177240234923592
2018242N13343,Florence (2018),2018.0,2018-0342-USA,nat-met-sto-tro,USA,Americas,0.0,53.0,0.0,1500000.0,1500000.0,5000000.0,6410481.0,14000000.0,17949347.0,77.9972651879547,Category 4,130.0,149.6,937.0,2018-08-30,2018-09-18,19.2,Landfall,Category 1,34.2,-77.8,80.0,2018-08-30,0,0.015780640140908186,13.529999732971191,0.003738287151532571,0.09247867211657866,0.20662422435329186,-0.015040081030968988,-0.24200946338982468,0.00519762884798397
2018280N18273,Michael (2018),2018.0,2018-0373-CUB,nat-met-sto-tro,CUB,Americas,0.0,0.0,0.0,540.0,540.0,0.0,0.0,0.0,0.0,77.9972651879547,Category 5,140.0,161.1,919.0,2018-10-06,2018-10-15,9.0,Landfall,Category 5,30.0,-85.5,140.0,2018-10-08,2,-0.013402840083349687,15.6899995803833,0.030684425700256313,0.16109682268442455,0.7083879892198717,-0.00043586871404854843,0.10137007631801835,-0.011545971333337835
2018280N18273,Michael (2018),2018.0,2018-0373-USA,nat-met-sto-tro,USA,Americas,0.0,49.0,0.0,5000.0,5000.0,10000000.0,12820962.0,16000000.0,20513540.0,77.9972651879547,Category 5,140.0,161.1,919.0,2018-10-06,2018-10-15,9.0,Landfall,Category 5,30.0,-85.5,140.0,2018-10-08,2,-0.013402840083349687,15.6899995803833,0.030684425700256313,0.16109682268442455,0.7083879892198717,-0.00043586871404854843,0.10137007631801835,-0.011545971333337835
2018292N14261,Willa (2018),2018.0,2018-0406-MEX,nat-met-sto-tro,MEX,Americas,0.0,6.0,0.0,10000.0,10000.0,0.0,0.0,536800.0,688229.0,77.9972651879547,Category 5,140.0,161.1,925.0,2018-10-19,2018-10-24,5.2,Landfall,Category 3,22.7,-105.8,100.0,2018-10-19,0,0.0010870263983777662,19.88999938964844,0.03059514633052718,0.16603531512426198,0.3621776844954754,0.0,0.27423577511491987,-0.011150129062833398
2018347N07089,Phethai (2018),2018.0,2018-0473-IND,nat-met-sto-tro,IND,Asia,0.0,8.0,0.0,10000.0,10000.0,0.0,0.0,100000.0,128210.0,77.9972651879547,Tropical Storm,55.0,63.3,989.0,2018-12-13,2018-12-17,4.8,Landfall,Tropical Depression,17.3601,82.6085,27.0,2018-12-13,0,-0.016565309917422333,20.649999618530273,0.012088794353222188,0.12470180334386809,-0.2682778697784022,0.0,0.05123661780538326,-0.03916993479166155
2019063S18038,Idai (2019),2019.0,2019-0110-MDG,nat-met-sto-tro,MDG,Africa,0.0,3.0,0.0,1100.0,1100.0,0.0,0.0,0.0,0.0,79.4107846043372,Category 4,115.0,132.3,947.0,2019-03-04,2019-03-16,12.5,Landfall,Tropical Depression,-17.5149,37.2701,0.0,2019-03-04,0,-0.00042910849415134233,14.630000114440918,0.009703800774804039,0.06728046214785696,-0.05676562105794303,0.0,0.35540017236332444,0.013976602943552853
2019116N02090,Fani (2019),2019.0,2019-0164-BGD,nat-met-sto-tro,BGD,Asia,0.0,39.0,45.0,0.0,10045.0,0.0,0.0,0.0,0.0,79.4107846043372,Category 5,150.0,172.6,900.0,2019-04-25,2019-05-04,8.8,Landfall,Category 4,20.2,85.9,115.0,2019-04-25,0,0.00898266654666613,13.25,0.013098136054366272,0.09377382975360107,0.003850001316239693,-0.0034356417714201948,0.10850231657902996,-0.0001939063507859536
2019112S10053,Kenneth (2019),2019.0,2019-0165-MOZ,nat-met-sto-tro,MOZ,Africa,0.0,45.0,94.0,400000.0,400094.0,0.0,0.0,230000.0,289633.0,79.4107846043372,Category 4,125.0,143.8,934.0,2019-04-21,2019-04-28,6.5,Landfall,Category 3,-12.1612,40.4524,97.0,2019-04-22,1,0.0003789024494165183,12.420000076293944,-0.016663736038784016,0.09485202889917511,-0.32907839714691145,-0.02917216558194413,0.09033749395923647,0.007963997793051592
2019236N10314,Dorian (2019),2019.0,2019-0412-USA,nat-met-sto-tro,USA,Americas,0.0,10.0,0.0,0.0,0.0,0.0,0.0,1600000.0,2014840.0,79.4107846043372,Category 5,160.0,184.1,910.0,2019-08-24,2019-09-09,15.8,Landfall,Category 1,45.2,-62.9,80.0,2019-08-26,2,-0.014812027032495623,19.31999969482422,0.00679931087557728,0.12659282528773314,-0.0971828017423072,0.0,0.3416372307599679,0.02086950593573758
2019261N28264,Imelda (2019),2019.0,2019-0417-USA,nat-met-sto-tro,USA,Americas,0.0,5.0,0.0,1000.0,1000.0,1200000.0,1511130.0,3500000.0,4407462.0,79.4107846043372,Tropical Storm,40.0,46.0,1003.0,2019-09-17,2019-09-19,1.5,Landfall,Tropical Storm,28.9,-95.4,40.0,2019-09-17,0,0.009358483686652486,14.4399995803833,0.015340483118316817,0.11547083048209876,-0.09593593489148577,-0.0032940292988669073,0.3328731829234848,0.029095826603081534
2019260N12262,Lorena (2019),2019.0,2019-0418-MEX,nat-met-sto-tro,MEX,Americas,0.0,1.0,0.0,200.0,200.0,0.0,0.0,0.0,0.0,79.4107846043372,Category 1,75.0,86.3,985.0,2019-09-17,2019-09-22,5.2,Landfall,Category 1,19.3,-104.8,65.0,2019-09-17,0,0.009358483686652486,14.4399995803833,0.015340483118316817,0.11547083048209876,-0.09593593489148577,-0.0032940292988669073,0.3328731829234848,0.029095826603081534
2019243N06136,Lingling (2019),2019.0,2019-0424-JPN,nat-met-sto-tro,JPN,Asia,0.0,0.0,0.0,0.0,0.0,0.0,0.0,10000.0,12593.0,79.4107846043372,Category 4,120.0,138.1,928.0,2019-08-30,2019-09-12,12.5,Landfall,Category 1,37.9,125.225,65.0,2019-08-30,0,0.026680117789881663,18.979999542236328,0.01789192767856207,0.11807838722759706,-0.4326670704623461,0.0,0.34189589940424264,-0.00800069151612546
2019268N10155,Mitag (2019),2019.0,2019-0472-KOR,nat-met-sto-tro,KOR,Asia,0.0,15.0,11.0,1400.0,1411.0,0.0,0.0,553000.0,696379.0,79.4107846043372,Category 2,90.0,103.6,961.0,2019-09-24,2019-10-05,11.0,Landfall,Tropical Storm,35.0475,127.236,40.0,2019-09-24,0,-0.012241614953714453,17.049999237060547,0.025020921269314877,0.1054020539777657,0.5527580774535319,0.0,0.2957179832610347,0.0020094044835420205
2019242N14180,Faxai (2019),2019.0,2019-0521-JPN,nat-met-sto-tro,JPN,Asia,0.0,3.0,150.0,120000.0,120150.0,7000000.0,8814924.0,9100000.0,11459401.0,79.4107846043372,Category 4,115.0,132.3,940.0,2019-08-30,2019-09-11,12.2,Landfall,Category 2,35.1308,139.55,91.0,2019-08-30,0,0.026680117789881663,18.979999542236328,0.01789192767856207,0.11807838722759706,-0.4326670704623461,0.0,0.34189589940424264,-0.00800069151612546
